schemeId,rate,decisionMode,quantMode,quantBits,clipMax,tracebackMode,dtb,window,slide,organization,snrDb,frames,BER,FER,berCiLow,berCiHigh,ferCiLow,ferCiHigh,normalizedGoodput,firstOutputDelaySymbols,avgDecisionDelaySymbols,p95DecisionDelaySymbols,fullFrameLastDecisionSymbol,avgDecodeTimeUs,p95DecodeTimeUs,inputMemoryBytes,survivorMemoryBytes,pathMetricMemoryBytes,totalMemoryBytes,ACSCount,tracebackOperations,sourceStage,sourceCsv,sourceRowId,sourceHash
R12_H_BLOCK_FULL,R12,Hard,Hard,1,N/A,Full traceback,306,306,300,Block300,-5.0,1000,0.4638566666666666,1.0,0.4620726274088689,0.4656416315334563,0.996173241514445,1.0,0.0,N/A,N/A,N/A,N/A,276.6021000000002,429.6,N/A,N/A,N/A,N/A,N/A,N/A,Stage09,stage09_awgn_formal/results/stage09_two_level_merged_point_results.csv,coarse-000,0efd6914aca0415c0e7f7a888f8eb749d699f9f7e4f08625678746dc161fae25
R12_H_BLOCK_FULL,R12,Hard,Hard,1,N/A,Full traceback,306,306,300,Block300,-4.5,1000,0.4467533333333333,1.0,0.4449750066585786,0.4485330236231427,0.996173241514445,1.0,0.0,N/A,N/A,N/A,N/A,291.2747999999998,514.6,N/A,N/A,N/A,N/A,N/A,N/A,Stage09,stage09_awgn_formal/results/stage09_two_level_merged_point_results.csv,coarse-002,0efd6914aca0415c0e7f7a888f8eb749d699f9f7e4f08625678746dc161fae25
R12_H_BLOCK_FULL,R12,Hard,Hard,1,N/A,Full traceback,306,306,300,Block300,-4.0,1000,0.4240233333333333,1.0,0.4222558998167953,0.4257927125665321,0.996173241514445,1.0,0.0,N/A,N/A,N/A,N/A,285.5706999999998,447.9,N/A,N/A,N/A,N/A,N/A,N/A,Stage09,stage09_awgn_formal/results/stage09_two_level_merged_point_results.csv,coarse-004,0efd6914aca0415c0e7f7a888f8eb749d699f9f7e4f08625678746dc161fae25
R12_H_BLOCK_FULL,R12,Hard,Hard,1,N/A,Full traceback,306,306,300,Block300,-3.5,1000,0.39466,1.0,0.3929123236976336,0.3964103739963039,0.996173241514445,1.0,0.0,N/A,N/A,N/A,N/A,288.2141,486.5,N/A,N/A,N/A,N/A,N/A,N/A,Stage09,stage09_awgn_formal/results/stage09_two_level_merged_point_results.csv,coarse-006,0efd6914aca0415c0e7f7a888f8eb749d699f9f7e4f08625678746dc161fae25
R12_H_BLOCK_FULL,R12,Hard,Hard,1,N/A,Full traceback,306,306,300,Block300,-3.0,1000,0.35474,1.0,0.3530298456936188,0.3564538743274688,0.996173241514445,1.0,0.0,N/A,N/A,N/A,N/A,285.8265999999998,459.2,N/A,N/A,N/A,N/A,N/A,N/A,Stage09,stage09_awgn_formal/results/stage09_two_level_merged_point_results.csv,coarse-008,0efd6914aca0415c0e7f7a888f8eb749d699f9f7e4f08625678746dc161fae25
R12_H_BLOCK_FULL,R12,Hard,Hard,1,N/A,Full traceback,306,306,300,Block300,-2.5,1000,0.3025133333333333,1.0,0.3008721512759601,0.3041595729052634,0.996173241514445,1.0,0.0,N/A,N/A,N/A,N/A,282.0327000000004,455.5,N/A,N/A,N/A,N/A,N/A,N/A,Stage09,stage09_awgn_formal/results/stage09_two_level_merged_point_results.csv,coarse-010,0efd6914aca0415c0e7f7a888f8eb749d699f9f7e4f08625678746dc161fae25
R12_H_BLOCK_FULL,R12,Hard,Hard,1,N/A,Full traceback,306,306,300,Block300,-2.0,1000,0.2389966666666666,0.998,0.2374739370803714,0.2405260803910861,0.992737192136508,0.9994513564118792,0.0009803921568627,N/A,N/A,N/A,N/A,294.9086000000001,498.8,N/A,N/A,N/A,N/A,N/A,N/A,Stage09,stage09_awgn_formal/results/stage09_two_level_merged_point_results.csv,coarse-012,0efd6914aca0415c0e7f7a888f8eb749d699f9f7e4f08625678746dc161fae25
R12_H_BLOCK_FULL,R12,Hard,Hard,1,N/A,Full traceback,306,306,300,Block300,-1.5,1000,0.1702166666666666,0.988,0.1688760506795049,0.1715657282063159,0.9791427315245016,0.9931223521935963,0.0058823529411764,N/A,N/A,N/A,N/A,289.5902999999999,455.9,N/A,N/A,N/A,N/A,N/A,N/A,Stage09,stage09_awgn_formal/results/stage09_two_level_merged_point_results.csv,coarse-014,0efd6914aca0415c0e7f7a888f8eb749d699f9f7e4f08625678746dc161fae25
R12_H_BLOCK_FULL,R12,Hard,Hard,1,N/A,Full traceback,306,306,300,Block300,-1.0,1000,0.1100033333333333,0.954,0.1088886672462852,0.1111279870000599,0.9391877960583808,0.9653375072367352,0.0225490196078431,N/A,N/A,N/A,N/A,309.7049000000003,549.7,N/A,N/A,N/A,N/A,N/A,N/A,Stage09,stage09_awgn_formal/results/stage09_two_level_merged_point_results.csv,coarse-016,0efd6914aca0415c0e7f7a888f8eb749d699f9f7e4f08625678746dc161fae25
R12_H_BLOCK_FULL,R12,Hard,Hard,1,N/A,Full traceback,306,306,300,Block300,-0.5,1000,0.0637533333333333,0.8449999999999999,0.0628846602860042,0.0646331783949773,0.821253161260159,0.866106375384808,0.0759803921568627,N/A,N/A,N/A,N/A,297.1154000000001,505.0,N/A,N/A,N/A,N/A,N/A,N/A,Stage09,stage09_awgn_formal/results/stage09_two_level_merged_point_results.csv,coarse-018,0efd6914aca0415c0e7f7a888f8eb749d699f9f7e4f08625678746dc161fae25
R12_H_BLOCK_FULL,R12,Hard,Hard,1,N/A,Full traceback,306,306,300,Block300,0.5,1000,0.0133733333333333,0.379,0.012968480189623,0.013790648692807,0.3494484337583002,0.4094776417952041,0.3044117647058823,N/A,N/A,N/A,N/A,303.6378999999999,509.5,N/A,N/A,N/A,N/A,N/A,N/A,Stage09,stage09_awgn_formal/results/stage09_two_level_merged_point_results.csv,coarse-022,0efd6914aca0415c0e7f7a888f8eb749d699f9f7e4f08625678746dc161fae25
R12_H_BLOCK_FULL,R12,Hard,Hard,1,N/A,Full traceback,306,306,300,Block300,1.5,2572,0.0015279937791601,0.077760497667185,0.0014432876574237,0.0016176632242557,0.0680293957147184,0.0887510060595375,0.4520781874180465,N/A,N/A,N/A,N/A,303.140124416796,430.5,N/A,N/A,N/A,N/A,N/A,N/A,Stage09,stage09_awgn_formal/results/stage09_two_level_merged_point_results.csv,coarse-026,0efd6914aca0415c0e7f7a888f8eb749d699f9f7e4f08625678746dc161fae25
R12_H_BLOCK_FULL,R12,Hard,Hard,1,N/A,Full traceback,306,306,300,Block300,2.5,20407,0.0001507652602865,0.009800558631842,0.0001413482634503,0.0001608095415665,0.0085382083697129,0.0112474266142955,0.4853918830236068,N/A,N/A,N/A,N/A,357.9732395746559,573.3,N/A,N/A,N/A,N/A,N/A,N/A,Stage09,stage09_awgn_formal/results/stage09_two_level_merged_point_results.csv,coarse-030,0efd6914aca0415c0e7f7a888f8eb749d699f9f7e4f08625678746dc161fae25
R12_H_BLOCK_FULL,R12,Hard,Hard,1,N/A,Full traceback,306,306,300,Block300,3.0,50000,3.866666666666667e-05,0.0027399999999999,3.564535055834541e-05,4.194406015926579e-05,0.0023184421392784,0.0032379601433242,0.4888529411764706,N/A,N/A,N/A,N/A,343.41724399999737,505.0,N/A,N/A,N/A,N/A,N/A,N/A,Stage09,stage09_awgn_formal/results/stage09_two_level_merged_point_results.csv,coarse-032,0efd6914aca0415c0e7f7a888f8eb749d699f9f7e4f08625678746dc161fae25
R12_H_BLOCK_FULL,R12,Hard,Hard,1,N/A,Full traceback,306,306,300,Block300,3.5,50000,9.466666666666667e-06,0.00076,8.032419780284335e-06,1.1157005893402704e-05,0.0005537877445791,0.0010429187581891,0.4898235294117647,N/A,N/A,N/A,N/A,339.1796080000011,501.3,N/A,N/A,N/A,N/A,N/A,N/A,Stage09,stage09_awgn_formal/results/stage09_two_level_merged_point_results.csv,coarse-034,0efd6914aca0415c0e7f7a888f8eb749d699f9f7e4f08625678746dc161fae25
R12_H_BLOCK_FULL,R12,Hard,Hard,1,N/A,Full traceback,306,306,300,Block300,4.0,50000,2.6e-06,0.00016,1.9020653425985925e-06,3.5540305148231785e-06,8.107813281404951e-05,0.0003157205578832,0.4901176470588234,N/A,N/A,N/A,N/A,335.3134560000004,490.5,N/A,N/A,N/A,N/A,N/A,N/A,Stage09,stage09_awgn_formal/results/stage09_two_level_merged_point_results.csv,coarse-036,0efd6914aca0415c0e7f7a888f8eb749d699f9f7e4f08625678746dc161fae25
R12_H_BLOCK_FULL,R12,Hard,Hard,1,N/A,Full traceback,306,306,300,Block300,4.5,50000,2.666666666666667e-07,2e-05,1.0370146364631063e-07,6.857289222290097e-07,3.530499822832098e-06,0.0001132897013912,0.4901862745098039,N/A,N/A,N/A,N/A,326.21016799999865,470.2,N/A,N/A,N/A,N/A,N/A,N/A,Stage09,stage09_awgn_formal/results/stage09_two_level_merged_point_results.csv,coarse-038,0efd6914aca0415c0e7f7a888f8eb749d699f9f7e4f08625678746dc161fae25
R12_H_BLOCK_FULL,R12,Hard,Hard,1,N/A,Full traceback,306,306,300,Block300,5.0,50000,0.0,0.0,0.0,2.5609718912715457e-07,0.0,7.682327414500052e-05,0.4901960784313725,N/A,N/A,N/A,N/A,322.76229399999977,454.4,N/A,N/A,N/A,N/A,N/A,N/A,Stage09,stage09_awgn_formal/results/stage09_two_level_merged_point_results.csv,coarse-040,0efd6914aca0415c0e7f7a888f8eb749d699f9f7e4f08625678746dc161fae25
R12_H_BLOCK_FULL,R12,Hard,Hard,1,N/A,Full traceback,306,306,300,Block300,5.5,50000,0.0,0.0,0.0,2.5609718912715457e-07,0.0,7.682327414500052e-05,0.4901960784313725,N/A,N/A,N/A,N/A,317.49322400000057,447.5,N/A,N/A,N/A,N/A,N/A,N/A,Stage09,stage09_awgn_formal/results/stage09_two_level_merged_point_results.csv,coarse-042,0efd6914aca0415c0e7f7a888f8eb749d699f9f7e4f08625678746dc161fae25
R12_H_BLOCK_FULL,R12,Hard,Hard,1,N/A,Full traceback,306,306,300,Block300,6.0,50000,0.0,0.0,0.0,2.5609718912715457e-07,0.0,7.682327414500052e-05,0.4901960784313725,N/A,N/A,N/A,N/A,315.72690600000027,445.2,N/A,N/A,N/A,N/A,N/A,N/A,Stage09,stage09_awgn_formal/results/stage09_two_level_merged_point_results.csv,coarse-044,0efd6914aca0415c0e7f7a888f8eb749d699f9f7e4f08625678746dc161fae25
R12_H_BLOCK_FULL,R12,Hard,Hard,1,N/A,Full traceback,306,306,300,Block300,6.5,50000,0.0,0.0,0.0,2.5609718912715457e-07,0.0,7.682327414500052e-05,0.4901960784313725,N/A,N/A,N/A,N/A,312.9353320000026,441.7,N/A,N/A,N/A,N/A,N/A,N/A,Stage09,stage09_awgn_formal/results/stage09_two_level_merged_point_results.csv,coarse-046,0efd6914aca0415c0e7f7a888f8eb749d699f9f7e4f08625678746dc161fae25
R12_H_BLOCK_FULL,R12,Hard,Hard,1,N/A,Full traceback,306,306,300,Block300,7.0,50000,0.0,0.0,0.0,2.5609718912715457e-07,0.0,7.682327414500052e-05,0.4901960784313725,N/A,N/A,N/A,N/A,310.33531200000016,438.8,N/A,N/A,N/A,N/A,N/A,N/A,Stage09,stage09_awgn_formal/results/stage09_two_level_merged_point_results.csv,coarse-048,0efd6914aca0415c0e7f7a888f8eb749d699f9f7e4f08625678746dc161fae25
R12_H_BLOCK_FULL,R12,Hard,Hard,1,N/A,Full traceback,306,306,300,Block300,7.5,50000,0.0,0.0,0.0,2.5609718912715457e-07,0.0,7.682327414500052e-05,0.4901960784313725,N/A,N/A,N/A,N/A,311.63464000000056,437.1,N/A,N/A,N/A,N/A,N/A,N/A,Stage09,stage09_awgn_formal/results/stage09_two_level_merged_point_results.csv,coarse-050,0efd6914aca0415c0e7f7a888f8eb749d699f9f7e4f08625678746dc161fae25
R12_H_BLOCK_FULL,R12,Hard,Hard,1,N/A,Full traceback,306,306,300,Block300,8.0,50000,0.0,0.0,0.0,2.5609718912715457e-07,0.0,7.682327414500052e-05,0.4901960784313725,N/A,N/A,N/A,N/A,309.713378,435.3,N/A,N/A,N/A,N/A,N/A,N/A,Stage09,stage09_awgn_formal/results/stage09_two_level_merged_point_results.csv,coarse-052,0efd6914aca0415c0e7f7a888f8eb749d699f9f7e4f08625678746dc161fae25
R12_H_BLOCK_FULL,R12,Hard,Hard,1,N/A,Full traceback,306,306,300,Block300,8.5,50000,0.0,0.0,0.0,2.5609718912715457e-07,0.0,7.682327414500052e-05,0.4901960784313725,N/A,N/A,N/A,N/A,303.84853600000025,420.8,N/A,N/A,N/A,N/A,N/A,N/A,Stage09,stage09_awgn_formal/results/stage09_two_level_merged_point_results.csv,coarse-054,0efd6914aca0415c0e7f7a888f8eb749d699f9f7e4f08625678746dc161fae25
R12_H_BLOCK_FULL,R12,Hard,Hard,1,N/A,Full traceback,306,306,300,Block300,9.0,50000,0.0,0.0,0.0,2.5609718912715457e-07,0.0,7.682327414500052e-05,0.4901960784313725,N/A,N/A,N/A,N/A,297.48734200000314,400.1,N/A,N/A,N/A,N/A,N/A,N/A,Stage09,stage09_awgn_formal/results/stage09_two_level_merged_point_results.csv,coarse-056,0efd6914aca0415c0e7f7a888f8eb749d699f9f7e4f08625678746dc161fae25
R12_H_BLOCK_FULL,R12,Hard,Hard,1,N/A,Full traceback,306,306,300,Block300,9.5,50000,0.0,0.0,0.0,2.5609718912715457e-07,0.0,7.682327414500052e-05,0.4901960784313725,N/A,N/A,N/A,N/A,296.22091199999977,398.4,N/A,N/A,N/A,N/A,N/A,N/A,Stage09,stage09_awgn_formal/results/stage09_two_level_merged_point_results.csv,coarse-058,0efd6914aca0415c0e7f7a888f8eb749d699f9f7e4f08625678746dc161fae25
R12_H_BLOCK_FULL,R12,Hard,Hard,1,N/A,Full traceback,306,306,300,Block300,10.0,50000,0.0,0.0,0.0,2.5609718912715457e-07,0.0,7.682327414500052e-05,0.4901960784313725,N/A,N/A,N/A,N/A,296.35145000000404,395.3,N/A,N/A,N/A,N/A,N/A,N/A,Stage09,stage09_awgn_formal/results/stage09_two_level_merged_point_results.csv,coarse-060,0efd6914aca0415c0e7f7a888f8eb749d699f9f7e4f08625678746dc161fae25
R12_S_BLOCK_FULL,R12,Soft Float,Float,Float,N/A,Full traceback,306,306,300,Block300,-5.0,1000,0.3958633333333333,1.0,0.3941147191683744,0.3976146143755881,0.996173241514445,1.0,0.0,N/A,N/A,N/A,N/A,329.81250000000006,544.8,N/A,N/A,N/A,N/A,N/A,N/A,Stage09,stage09_awgn_formal/results/stage09_two_level_merged_point_results.csv,coarse-001,0efd6914aca0415c0e7f7a888f8eb749d699f9f7e4f08625678746dc161fae25
R12_S_BLOCK_FULL,R12,Soft Float,Float,Float,N/A,Full traceback,306,306,300,Block300,-4.5,1000,0.34947,1.0,0.3477657524879174,0.3511781024946953,0.996173241514445,1.0,0.0,N/A,N/A,N/A,N/A,345.6924000000004,603.9,N/A,N/A,N/A,N/A,N/A,N/A,Stage09,stage09_awgn_formal/results/stage09_two_level_merged_point_results.csv,coarse-003,0efd6914aca0415c0e7f7a888f8eb749d699f9f7e4f08625678746dc161fae25
R12_S_BLOCK_FULL,R12,Soft Float,Float,Float,N/A,Full traceback,306,306,300,Block300,-4.0,1000,0.2893866666666666,1.0,0.2877666523671949,0.2910120746467203,0.996173241514445,1.0,0.0,N/A,N/A,N/A,N/A,341.45939999999973,534.3,N/A,N/A,N/A,N/A,N/A,N/A,Stage09,stage09_awgn_formal/results/stage09_two_level_merged_point_results.csv,coarse-005,0efd6914aca0415c0e7f7a888f8eb749d699f9f7e4f08625678746dc161fae25
R12_S_BLOCK_FULL,R12,Soft Float,Float,Float,N/A,Full traceback,306,306,300,Block300,-3.5,1000,0.2166466666666666,0.996,0.215176147719865,0.2181244421216277,0.9897604437227376,0.9984434118595916,0.0019607843137254,N/A,N/A,N/A,N/A,338.69850000000014,494.4,N/A,N/A,N/A,N/A,N/A,N/A,Stage09,stage09_awgn_formal/results/stage09_two_level_merged_point_results.csv,coarse-007,0efd6914aca0415c0e7f7a888f8eb749d699f9f7e4f08625678746dc161fae25
R12_S_BLOCK_FULL,R12,Soft Float,Float,Float,N/A,Full traceback,306,306,300,Block300,-3.0,1000,0.1428666666666666,0.974,0.1416190294787327,0.144123449824111,0.96217617115731,0.9821960617983836,0.0127450980392156,N/A,N/A,N/A,N/A,346.9884,518.2,N/A,N/A,N/A,N/A,N/A,N/A,Stage09,stage09_awgn_formal/results/stage09_two_level_merged_point_results.csv,coarse-009,0efd6914aca0415c0e7f7a888f8eb749d699f9f7e4f08625678746dc161fae25
R12_S_BLOCK_FULL,R12,Soft Float,Float,Float,N/A,Full traceback,306,306,300,Block300,-2.5,1000,0.0816566666666666,0.896,0.0806821058793085,0.082641940974759,0.8755402353777084,0.913428971901732,0.0509803921568627,N/A,N/A,N/A,N/A,336.80869999999976,549.1,N/A,N/A,N/A,N/A,N/A,N/A,Stage09,stage09_awgn_formal/results/stage09_two_level_merged_point_results.csv,coarse-011,0efd6914aca0415c0e7f7a888f8eb749d699f9f7e4f08625678746dc161fae25
R12_S_BLOCK_FULL,R12,Soft Float,Float,Float,N/A,Full traceback,306,306,300,Block300,-1.5,1000,0.0142866666666666,0.371,0.0138681960844556,0.0147175760747246,0.341606326344111,0.4013809773451622,0.3083333333333333,N/A,N/A,N/A,N/A,359.1064000000007,571.1,N/A,N/A,N/A,N/A,N/A,N/A,Stage09,stage09_awgn_formal/results/stage09_two_level_merged_point_results.csv,coarse-015,0efd6914aca0415c0e7f7a888f8eb749d699f9f7e4f08625678746dc161fae25
R12_S_BLOCK_FULL,R12,Soft Float,Float,Float,N/A,Full traceback,306,306,300,Block300,-0.5,2846,0.0015425158116654,0.0702740688685874,0.001461485105623,0.0016280318662303,0.0614509252357302,0.0802557151707889,0.4557480054565747,N/A,N/A,N/A,N/A,344.7110330288123,560.5,N/A,N/A,N/A,N/A,N/A,N/A,Stage09,stage09_awgn_formal/results/stage09_two_level_merged_point_results.csv,coarse-019,0efd6914aca0415c0e7f7a888f8eb749d699f9f7e4f08625678746dc161fae25
R12_S_BLOCK_FULL,R12,Soft Float,Float,Float,N/A,Full traceback,306,306,300,Block300,0.5,40863,7.292660842326798e-05,0.0048944032498837,6.830046247250655e-05,7.786606938010514e-05,0.0042627208220758,0.0056191649416581,0.4877968611520177,N/A,N/A,N/A,N/A,423.7379634388048,680.3,N/A,N/A,N/A,N/A,N/A,N/A,Stage09,stage09_awgn_formal/results/stage09_two_level_merged_point_results.csv,coarse-023,0efd6914aca0415c0e7f7a888f8eb749d699f9f7e4f08625678746dc161fae25
R12_S_BLOCK_FULL,R12,Soft Float,Float,Float,N/A,Full traceback,306,306,300,Block300,1.0,50000,1.2666666666666668e-05,0.0008999999999999,1.09890951555925e-05,1.4600328879072532e-05,0.0006727321294463,0.0012039528628052,0.4897549019607843,N/A,N/A,N/A,N/A,435.6753279999993,699.9,N/A,N/A,N/A,N/A,N/A,N/A,Stage09,stage09_awgn_formal/results/stage09_two_level_merged_point_results.csv,coarse-025,0efd6914aca0415c0e7f7a888f8eb749d699f9f7e4f08625678746dc161fae25
R12_S_BLOCK_FULL,R12,Soft Float,Float,Float,N/A,Full traceback,306,306,300,Block300,1.5,50000,5.333333333333333e-07,8e-05,2.702532928873656e-07,1.0525102897361208e-06,3.111086355358979e-05,0.0002057001188675,0.490156862745098,N/A,N/A,N/A,N/A,438.82933199999775,702.1,N/A,N/A,N/A,N/A,N/A,N/A,Stage09,stage09_awgn_formal/results/stage09_two_level_merged_point_results.csv,coarse-027,0efd6914aca0415c0e7f7a888f8eb749d699f9f7e4f08625678746dc161fae25
R12_S_BLOCK_FULL,R12,Soft Float,Float,Float,N/A,Full traceback,306,306,300,Block300,2.0,50000,0.0,0.0,0.0,2.5609718912715457e-07,0.0,7.682327414500052e-05,0.4901960784313725,N/A,N/A,N/A,N/A,448.27408800000103,734.7,N/A,N/A,N/A,N/A,N/A,N/A,Stage09,stage09_awgn_formal/results/stage09_two_level_merged_point_results.csv,coarse-029,0efd6914aca0415c0e7f7a888f8eb749d699f9f7e4f08625678746dc161fae25
R12_S_BLOCK_FULL,R12,Soft Float,Float,Float,N/A,Full traceback,306,306,300,Block300,2.5,50000,0.0,0.0,0.0,2.5609718912715457e-07,0.0,7.682327414500052e-05,0.4901960784313725,N/A,N/A,N/A,N/A,440.32649600000485,652.5,N/A,N/A,N/A,N/A,N/A,N/A,Stage09,stage09_awgn_formal/results/stage09_two_level_merged_point_results.csv,coarse-031,0efd6914aca0415c0e7f7a888f8eb749d699f9f7e4f08625678746dc161fae25
R12_S_BLOCK_FULL,R12,Soft Float,Float,Float,N/A,Full traceback,306,306,300,Block300,3.0,50000,0.0,0.0,0.0,2.5609718912715457e-07,0.0,7.682327414500052e-05,0.4901960784313725,N/A,N/A,N/A,N/A,438.4126979999985,651.4,N/A,N/A,N/A,N/A,N/A,N/A,Stage09,stage09_awgn_formal/results/stage09_two_level_merged_point_results.csv,coarse-033,0efd6914aca0415c0e7f7a888f8eb749d699f9f7e4f08625678746dc161fae25
R12_S_BLOCK_FULL,R12,Soft Float,Float,Float,N/A,Full traceback,306,306,300,Block300,3.5,50000,0.0,0.0,0.0,2.5609718912715457e-07,0.0,7.682327414500052e-05,0.4901960784313725,N/A,N/A,N/A,N/A,439.7710540000017,651.3,N/A,N/A,N/A,N/A,N/A,N/A,Stage09,stage09_awgn_formal/results/stage09_two_level_merged_point_results.csv,coarse-035,0efd6914aca0415c0e7f7a888f8eb749d699f9f7e4f08625678746dc161fae25
R12_S_BLOCK_FULL,R12,Soft Float,Float,Float,N/A,Full traceback,306,306,300,Block300,4.0,50000,0.0,0.0,0.0,2.5609718912715457e-07,0.0,7.682327414500052e-05,0.4901960784313725,N/A,N/A,N/A,N/A,437.1379919999944,638.8,N/A,N/A,N/A,N/A,N/A,N/A,Stage09,stage09_awgn_formal/results/stage09_two_level_merged_point_results.csv,coarse-037,0efd6914aca0415c0e7f7a888f8eb749d699f9f7e4f08625678746dc161fae25
R12_S_BLOCK_FULL,R12,Soft Float,Float,Float,N/A,Full traceback,306,306,300,Block300,4.5,50000,0.0,0.0,0.0,2.5609718912715457e-07,0.0,7.682327414500052e-05,0.4901960784313725,N/A,N/A,N/A,N/A,429.1384720000037,617.9,N/A,N/A,N/A,N/A,N/A,N/A,Stage09,stage09_awgn_formal/results/stage09_two_level_merged_point_results.csv,coarse-039,0efd6914aca0415c0e7f7a888f8eb749d699f9f7e4f08625678746dc161fae25
R12_S_BLOCK_FULL,R12,Soft Float,Float,Float,N/A,Full traceback,306,306,300,Block300,5.0,50000,0.0,0.0,0.0,2.5609718912715457e-07,0.0,7.682327414500052e-05,0.4901960784313725,N/A,N/A,N/A,N/A,428.91529400000087,602.4,N/A,N/A,N/A,N/A,N/A,N/A,Stage09,stage09_awgn_formal/results/stage09_two_level_merged_point_results.csv,coarse-041,0efd6914aca0415c0e7f7a888f8eb749d699f9f7e4f08625678746dc161fae25
R12_S_BLOCK_FULL,R12,Soft Float,Float,Float,N/A,Full traceback,306,306,300,Block300,5.5,50000,0.0,0.0,0.0,2.5609718912715457e-07,0.0,7.682327414500052e-05,0.4901960784313725,N/A,N/A,N/A,N/A,425.24447600000263,594.8,N/A,N/A,N/A,N/A,N/A,N/A,Stage09,stage09_awgn_formal/results/stage09_two_level_merged_point_results.csv,coarse-043,0efd6914aca0415c0e7f7a888f8eb749d699f9f7e4f08625678746dc161fae25
R12_S_BLOCK_FULL,R12,Soft Float,Float,Float,N/A,Full traceback,306,306,300,Block300,6.0,50000,0.0,0.0,0.0,2.5609718912715457e-07,0.0,7.682327414500052e-05,0.4901960784313725,N/A,N/A,N/A,N/A,428.13693000000075,600.1,N/A,N/A,N/A,N/A,N/A,N/A,Stage09,stage09_awgn_formal/results/stage09_two_level_merged_point_results.csv,coarse-045,0efd6914aca0415c0e7f7a888f8eb749d699f9f7e4f08625678746dc161fae25
R12_S_BLOCK_FULL,R12,Soft Float,Float,Float,N/A,Full traceback,306,306,300,Block300,6.5,50000,0.0,0.0,0.0,2.5609718912715457e-07,0.0,7.682327414500052e-05,0.4901960784313725,N/A,N/A,N/A,N/A,428.5245539999983,602.0,N/A,N/A,N/A,N/A,N/A,N/A,Stage09,stage09_awgn_formal/results/stage09_two_level_merged_point_results.csv,coarse-047,0efd6914aca0415c0e7f7a888f8eb749d699f9f7e4f08625678746dc161fae25
R12_S_BLOCK_FULL,R12,Soft Float,Float,Float,N/A,Full traceback,306,306,300,Block300,7.0,50000,0.0,0.0,0.0,2.5609718912715457e-07,0.0,7.682327414500052e-05,0.4901960784313725,N/A,N/A,N/A,N/A,425.7380680000002,591.0,N/A,N/A,N/A,N/A,N/A,N/A,Stage09,stage09_awgn_formal/results/stage09_two_level_merged_point_results.csv,coarse-049,0efd6914aca0415c0e7f7a888f8eb749d699f9f7e4f08625678746dc161fae25
R12_S_BLOCK_FULL,R12,Soft Float,Float,Float,N/A,Full traceback,306,306,300,Block300,7.5,50000,0.0,0.0,0.0,2.5609718912715457e-07,0.0,7.682327414500052e-05,0.4901960784313725,N/A,N/A,N/A,N/A,426.4127180000017,594.4,N/A,N/A,N/A,N/A,N/A,N/A,Stage09,stage09_awgn_formal/results/stage09_two_level_merged_point_results.csv,coarse-051,0efd6914aca0415c0e7f7a888f8eb749d699f9f7e4f08625678746dc161fae25
R12_S_BLOCK_FULL,R12,Soft Float,Float,Float,N/A,Full traceback,306,306,300,Block300,8.0,50000,0.0,0.0,0.0,2.5609718912715457e-07,0.0,7.682327414500052e-05,0.4901960784313725,N/A,N/A,N/A,N/A,424.44110199999847,589.9,N/A,N/A,N/A,N/A,N/A,N/A,Stage09,stage09_awgn_formal/results/stage09_two_level_merged_point_results.csv,coarse-053,0efd6914aca0415c0e7f7a888f8eb749d699f9f7e4f08625678746dc161fae25
R12_S_BLOCK_FULL,R12,Soft Float,Float,Float,N/A,Full traceback,306,306,300,Block300,8.5,50000,0.0,0.0,0.0,2.5609718912715457e-07,0.0,7.682327414500052e-05,0.4901960784313725,N/A,N/A,N/A,N/A,418.6832140000018,574.7,N/A,N/A,N/A,N/A,N/A,N/A,Stage09,stage09_awgn_formal/results/stage09_two_level_merged_point_results.csv,coarse-055,0efd6914aca0415c0e7f7a888f8eb749d699f9f7e4f08625678746dc161fae25
R12_S_BLOCK_FULL,R12,Soft Float,Float,Float,N/A,Full traceback,306,306,300,Block300,9.0,50000,0.0,0.0,0.0,2.5609718912715457e-07,0.0,7.682327414500052e-05,0.4901960784313725,N/A,N/A,N/A,N/A,408.092922,541.2,N/A,N/A,N/A,N/A,N/A,N/A,Stage09,stage09_awgn_formal/results/stage09_two_level_merged_point_results.csv,coarse-057,0efd6914aca0415c0e7f7a888f8eb749d699f9f7e4f08625678746dc161fae25
R12_S_BLOCK_FULL,R12,Soft Float,Float,Float,N/A,Full traceback,306,306,300,Block300,9.5,50000,0.0,0.0,0.0,2.5609718912715457e-07,0.0,7.682327414500052e-05,0.4901960784313725,N/A,N/A,N/A,N/A,405.30545999999856,542.1,N/A,N/A,N/A,N/A,N/A,N/A,Stage09,stage09_awgn_formal/results/stage09_two_level_merged_point_results.csv,coarse-059,0efd6914aca0415c0e7f7a888f8eb749d699f9f7e4f08625678746dc161fae25
R12_S_BLOCK_FULL,R12,Soft Float,Float,Float,N/A,Full traceback,306,306,300,Block300,10.0,50000,0.0,0.0,0.0,2.5609718912715457e-07,0.0,7.682327414500052e-05,0.4901960784313725,N/A,N/A,N/A,N/A,405.1276700000005,535.5,N/A,N/A,N/A,N/A,N/A,N/A,Stage09,stage09_awgn_formal/results/stage09_two_level_merged_point_results.csv,coarse-061,0efd6914aca0415c0e7f7a888f8eb749d699f9f7e4f08625678746dc161fae25
R23_H_BLOCK_FULL,R23,Hard,Hard,1,N/A,Full traceback,306,306,300,Block300,-5.0,1000,0.4838,1.0,0.4820119640882525,0.4855884507839877,0.996173241514445,1.0,0.0,N/A,N/A,N/A,N/A,328.9267999999997,458.9,N/A,N/A,N/A,N/A,N/A,N/A,Stage09,stage09_awgn_formal/results/stage09_two_level_merged_point_results.csv,coarse-062,0efd6914aca0415c0e7f7a888f8eb749d699f9f7e4f08625678746dc161fae25
R23_H_BLOCK_FULL,R23,Hard,Hard,1,N/A,Full traceback,306,306,300,Block300,-4.5,1000,0.4801266666666666,1.0,0.4783391522637601,0.481914690013667,0.996173241514445,1.0,0.0,N/A,N/A,N/A,N/A,296.6165999999999,376.5,N/A,N/A,N/A,N/A,N/A,N/A,Stage09,stage09_awgn_formal/results/stage09_two_level_merged_point_results.csv,coarse-064,0efd6914aca0415c0e7f7a888f8eb749d699f9f7e4f08625678746dc161fae25
R23_H_BLOCK_FULL,R23,Hard,Hard,1,N/A,Full traceback,306,306,300,Block300,-4.0,1000,0.4740766666666666,1.0,0.4722902222361519,0.4758637749781305,0.996173241514445,1.0,0.0,N/A,N/A,N/A,N/A,342.13219999999967,498.4,N/A,N/A,N/A,N/A,N/A,N/A,Stage09,stage09_awgn_formal/results/stage09_two_level_merged_point_results.csv,coarse-066,0efd6914aca0415c0e7f7a888f8eb749d699f9f7e4f08625678746dc161fae25
R23_H_BLOCK_FULL,R23,Hard,Hard,1,N/A,Full traceback,306,306,300,Block300,-3.5,1000,0.46426,1.0,0.4624758515625331,0.4660450637173352,0.996173241514445,1.0,0.0,N/A,N/A,N/A,N/A,310.25440000000015,419.5,N/A,N/A,N/A,N/A,N/A,N/A,Stage09,stage09_awgn_formal/results/stage09_two_level_merged_point_results.csv,coarse-068,0efd6914aca0415c0e7f7a888f8eb749d699f9f7e4f08625678746dc161fae25
R23_H_BLOCK_FULL,R23,Hard,Hard,1,N/A,Full traceback,306,306,300,Block300,-3.0,1000,0.4563566666666666,1.0,0.45457487161991,0.4581395793928969,0.996173241514445,1.0,0.0,N/A,N/A,N/A,N/A,294.7576999999999,367.6,N/A,N/A,N/A,N/A,N/A,N/A,Stage09,stage09_awgn_formal/results/stage09_two_level_merged_point_results.csv,coarse-070,0efd6914aca0415c0e7f7a888f8eb749d699f9f7e4f08625678746dc161fae25
R23_H_BLOCK_FULL,R23,Hard,Hard,1,N/A,Full traceback,306,306,300,Block300,-2.5,1000,0.43844,1.0,0.4366652178706061,0.4402163586439068,0.996173241514445,1.0,0.0,N/A,N/A,N/A,N/A,335.02040000000045,482.0,N/A,N/A,N/A,N/A,N/A,N/A,Stage09,stage09_awgn_formal/results/stage09_two_level_merged_point_results.csv,coarse-072,0efd6914aca0415c0e7f7a888f8eb749d699f9f7e4f08625678746dc161fae25
R23_H_BLOCK_FULL,R23,Hard,Hard,1,N/A,Full traceback,306,306,300,Block300,-2.0,1000,0.4160333333333333,1.0,0.4142706348233115,0.4177981821791025,0.996173241514445,1.0,0.0,N/A,N/A,N/A,N/A,301.4772000000001,372.7,N/A,N/A,N/A,N/A,N/A,N/A,Stage09,stage09_awgn_formal/results/stage09_two_level_merged_point_results.csv,coarse-074,0efd6914aca0415c0e7f7a888f8eb749d699f9f7e4f08625678746dc161fae25
R23_H_BLOCK_FULL,R23,Hard,Hard,1,N/A,Full traceback,306,306,300,Block300,-1.5,1000,0.3841,1.0,0.3823610318790829,0.3858419362500927,0.996173241514445,1.0,0.0,N/A,N/A,N/A,N/A,295.8658,385.7,N/A,N/A,N/A,N/A,N/A,N/A,Stage09,stage09_awgn_formal/results/stage09_two_level_merged_point_results.csv,coarse-076,0efd6914aca0415c0e7f7a888f8eb749d699f9f7e4f08625678746dc161fae25
R23_H_BLOCK_FULL,R23,Hard,Hard,1,N/A,Full traceback,306,306,300,Block300,-1.0,1000,0.3366033333333333,1.0,0.3349144751959344,0.3382963759609266,0.996173241514445,1.0,0.0,N/A,N/A,N/A,N/A,291.91769999999985,365.6,N/A,N/A,N/A,N/A,N/A,N/A,Stage09,stage09_awgn_formal/results/stage09_two_level_merged_point_results.csv,coarse-078,0efd6914aca0415c0e7f7a888f8eb749d699f9f7e4f08625678746dc161fae25
R23_H_BLOCK_FULL,R23,Hard,Hard,1,N/A,Full traceback,306,306,300,Block300,-0.5,1000,0.2765366666666666,0.999,0.2749389752621058,0.2781400808325678,0.994357441402042,0.999823453629374,0.0006535947712418,N/A,N/A,N/A,N/A,293.5030000000001,377.5,N/A,N/A,N/A,N/A,N/A,N/A,Stage09,stage09_awgn_formal/results/stage09_two_level_merged_point_results.csv,coarse-080,0efd6914aca0415c0e7f7a888f8eb749d699f9f7e4f08625678746dc161fae25
R23_H_BLOCK_FULL,R23,Hard,Hard,1,N/A,Full traceback,306,306,300,Block300,0.0,1000,0.2117033333333333,0.988,0.2102452019849751,0.2131688477856395,0.9791427315245016,0.9931223521935963,0.0078431372549019,N/A,N/A,N/A,N/A,305.44900000000007,403.2,N/A,N/A,N/A,N/A,N/A,N/A,Stage09,stage09_awgn_formal/results/stage09_two_level_merged_point_results.csv,coarse-082,0efd6914aca0415c0e7f7a888f8eb749d699f9f7e4f08625678746dc161fae25
R23_H_BLOCK_FULL,R23,Hard,Hard,1,N/A,Full traceback,306,306,300,Block300,0.5,1000,0.1418333333333333,0.947,0.1405894941693644,0.1430863449298568,0.9313253831625082,0.9592534947514054,0.034640522875817,N/A,N/A,N/A,N/A,299.2221999999998,383.9,N/A,N/A,N/A,N/A,N/A,N/A,Stage09,stage09_awgn_formal/results/stage09_two_level_merged_point_results.csv,coarse-084,0efd6914aca0415c0e7f7a888f8eb749d699f9f7e4f08625678746dc161fae25
R23_H_BLOCK_FULL,R23,Hard,Hard,1,N/A,Full traceback,306,306,300,Block300,4.5,50000,4.88e-05,0.0025799999999999,4.539061808504431e-05,5.246545410899719e-05,0.0021719478760799,0.0030644789899704,0.6519084967320261,N/A,N/A,N/A,N/A,280.3107340000018,365.2,N/A,N/A,N/A,N/A,N/A,N/A,Stage09,stage09_awgn_formal/results/stage09_two_level_merged_point_results.csv,coarse-100,0efd6914aca0415c0e7f7a888f8eb749d699f9f7e4f08625678746dc161fae25
R23_H_BLOCK_FULL,R23,Hard,Hard,1,N/A,Full traceback,306,306,300,Block300,5.0,50000,1.1866666666666666e-05,0.00064,1.024674781213218e-05,1.3742676632288353e-05,0.000453402234229,0.000903322706125,0.6531764705882352,N/A,N/A,N/A,N/A,289.5765139999995,379.9,N/A,N/A,N/A,N/A,N/A,N/A,Stage09,stage09_awgn_formal/results/stage09_two_level_merged_point_results.csv,coarse-102,0efd6914aca0415c0e7f7a888f8eb749d699f9f7e4f08625678746dc161fae25
R23_H_BLOCK_FULL,R23,Hard,Hard,1,N/A,Full traceback,306,306,300,Block300,5.5,50000,2.1333333333333334e-06,0.00016,1.5112241931851212e-06,3.0115385699273595e-06,8.107813281404951e-05,0.0003157205578832,0.6534901960784314,N/A,N/A,N/A,N/A,279.1692580000005,360.7,N/A,N/A,N/A,N/A,N/A,N/A,Stage09,stage09_awgn_formal/results/stage09_two_level_merged_point_results.csv,coarse-104,0efd6914aca0415c0e7f7a888f8eb749d699f9f7e4f08625678746dc161fae25
R23_H_BLOCK_FULL,R23,Hard,Hard,1,N/A,Full traceback,306,306,300,Block300,6.0,50000,3.3333333333333335e-07,2e-05,1.4238008397552725e-07,7.803836010868345e-07,3.530499822832098e-06,0.0001132897013912,0.6535816993464052,N/A,N/A,N/A,N/A,271.29159200000225,350.0,N/A,N/A,N/A,N/A,N/A,N/A,Stage09,stage09_awgn_formal/results/stage09_two_level_merged_point_results.csv,coarse-106,0efd6914aca0415c0e7f7a888f8eb749d699f9f7e4f08625678746dc161fae25
R23_H_BLOCK_FULL,R23,Hard,Hard,1,N/A,Full traceback,306,306,300,Block300,6.5,50000,0.0,0.0,0.0,2.5609718912715457e-07,0.0,7.682327414500052e-05,0.65359477124183,N/A,N/A,N/A,N/A,266.5997320000023,341.3,N/A,N/A,N/A,N/A,N/A,N/A,Stage09,stage09_awgn_formal/results/stage09_two_level_merged_point_results.csv,coarse-108,0efd6914aca0415c0e7f7a888f8eb749d699f9f7e4f08625678746dc161fae25
R23_H_BLOCK_FULL,R23,Hard,Hard,1,N/A,Full traceback,306,306,300,Block300,7.0,50000,0.0,0.0,0.0,2.5609718912715457e-07,0.0,7.682327414500052e-05,0.65359477124183,N/A,N/A,N/A,N/A,265.93752399999795,340.8,N/A,N/A,N/A,N/A,N/A,N/A,Stage09,stage09_awgn_formal/results/stage09_two_level_merged_point_results.csv,coarse-110,0efd6914aca0415c0e7f7a888f8eb749d699f9f7e4f08625678746dc161fae25
R23_H_BLOCK_FULL,R23,Hard,Hard,1,N/A,Full traceback,306,306,300,Block300,7.5,50000,0.0,0.0,0.0,2.5609718912715457e-07,0.0,7.682327414500052e-05,0.65359477124183,N/A,N/A,N/A,N/A,266.11318799999884,341.0,N/A,N/A,N/A,N/A,N/A,N/A,Stage09,stage09_awgn_formal/results/stage09_two_level_merged_point_results.csv,coarse-112,0efd6914aca0415c0e7f7a888f8eb749d699f9f7e4f08625678746dc161fae25
R23_H_BLOCK_FULL,R23,Hard,Hard,1,N/A,Full traceback,306,306,300,Block300,8.0,50000,0.0,0.0,0.0,2.5609718912715457e-07,0.0,7.682327414500052e-05,0.65359477124183,N/A,N/A,N/A,N/A,264.44032999999973,341.7,N/A,N/A,N/A,N/A,N/A,N/A,Stage09,stage09_awgn_formal/results/stage09_two_level_merged_point_results.csv,coarse-114,0efd6914aca0415c0e7f7a888f8eb749d699f9f7e4f08625678746dc161fae25
R23_H_BLOCK_FULL,R23,Hard,Hard,1,N/A,Full traceback,306,306,300,Block300,8.5,50000,0.0,0.0,0.0,2.5609718912715457e-07,0.0,7.682327414500052e-05,0.65359477124183,N/A,N/A,N/A,N/A,257.9691259999976,327.8,N/A,N/A,N/A,N/A,N/A,N/A,Stage09,stage09_awgn_formal/results/stage09_two_level_merged_point_results.csv,coarse-116,0efd6914aca0415c0e7f7a888f8eb749d699f9f7e4f08625678746dc161fae25
R23_H_BLOCK_FULL,R23,Hard,Hard,1,N/A,Full traceback,306,306,300,Block300,9.0,50000,0.0,0.0,0.0,2.5609718912715457e-07,0.0,7.682327414500052e-05,0.65359477124183,N/A,N/A,N/A,N/A,264.1180079999985,339.9,N/A,N/A,N/A,N/A,N/A,N/A,Stage09,stage09_awgn_formal/results/stage09_two_level_merged_point_results.csv,coarse-118,0efd6914aca0415c0e7f7a888f8eb749d699f9f7e4f08625678746dc161fae25
R23_H_BLOCK_FULL,R23,Hard,Hard,1,N/A,Full traceback,306,306,300,Block300,9.5,50000,0.0,0.0,0.0,2.5609718912715457e-07,0.0,7.682327414500052e-05,0.65359477124183,N/A,N/A,N/A,N/A,257.9120299999983,329.8,N/A,N/A,N/A,N/A,N/A,N/A,Stage09,stage09_awgn_formal/results/stage09_two_level_merged_point_results.csv,coarse-120,0efd6914aca0415c0e7f7a888f8eb749d699f9f7e4f08625678746dc161fae25
R23_H_BLOCK_FULL,R23,Hard,Hard,1,N/A,Full traceback,306,306,300,Block300,10.0,50000,0.0,0.0,0.0,2.5609718912715457e-07,0.0,7.682327414500052e-05,0.65359477124183,N/A,N/A,N/A,N/A,255.6555400000012,324.2,N/A,N/A,N/A,N/A,N/A,N/A,Stage09,stage09_awgn_formal/results/stage09_two_level_merged_point_results.csv,coarse-122,0efd6914aca0415c0e7f7a888f8eb749d699f9f7e4f08625678746dc161fae25
R23_S_BLOCK_FULL,R23,Soft Float,Float,Float,N/A,Full traceback,306,306,300,Block300,-5.0,1000,0.47191,1.0,0.4701240026929468,0.4736967166750302,0.996173241514445,1.0,0.0,N/A,N/A,N/A,N/A,405.54380000000015,561.2,N/A,N/A,N/A,N/A,N/A,N/A,Stage09,stage09_awgn_formal/results/stage09_two_level_merged_point_results.csv,coarse-063,0efd6914aca0415c0e7f7a888f8eb749d699f9f7e4f08625678746dc161fae25
R23_S_BLOCK_FULL,R23,Soft Float,Float,Float,N/A,Full traceback,306,306,300,Block300,-4.5,1000,0.4642866666666666,1.0,0.4625025110520593,0.466071736878225,0.996173241514445,1.0,0.0,N/A,N/A,N/A,N/A,364.47189999999966,482.1,N/A,N/A,N/A,N/A,N/A,N/A,Stage09,stage09_awgn_formal/results/stage09_two_level_merged_point_results.csv,coarse-065,0efd6914aca0415c0e7f7a888f8eb749d699f9f7e4f08625678746dc161fae25
R23_S_BLOCK_FULL,R23,Soft Float,Float,Float,N/A,Full traceback,306,306,300,Block300,-4.0,1000,0.4506866666666666,1.0,0.4489068384595391,0.4524677577585518,0.996173241514445,1.0,0.0,N/A,N/A,N/A,N/A,413.9238000000004,581.9,N/A,N/A,N/A,N/A,N/A,N/A,Stage09,stage09_awgn_formal/results/stage09_two_level_merged_point_results.csv,coarse-067,0efd6914aca0415c0e7f7a888f8eb749d699f9f7e4f08625678746dc161fae25
R23_S_BLOCK_FULL,R23,Soft Float,Float,Float,N/A,Full traceback,306,306,300,Block300,-3.5,1000,0.4306466666666666,1.0,0.4288756669209702,0.4324194425094477,0.996173241514445,1.0,0.0,N/A,N/A,N/A,N/A,375.5113999999994,501.1,N/A,N/A,N/A,N/A,N/A,N/A,Stage09,stage09_awgn_formal/results/stage09_two_level_merged_point_results.csv,coarse-069,0efd6914aca0415c0e7f7a888f8eb749d699f9f7e4f08625678746dc161fae25
R23_S_BLOCK_FULL,R23,Soft Float,Float,Float,N/A,Full traceback,306,306,300,Block300,-3.0,1000,0.4039166666666666,1.0,0.4021620601077038,0.4056737338619104,0.996173241514445,1.0,0.0,N/A,N/A,N/A,N/A,369.4502,484.0,N/A,N/A,N/A,N/A,N/A,N/A,Stage09,stage09_awgn_formal/results/stage09_two_level_merged_point_results.csv,coarse-071,0efd6914aca0415c0e7f7a888f8eb749d699f9f7e4f08625678746dc161fae25
R23_S_BLOCK_FULL,R23,Soft Float,Float,Float,N/A,Full traceback,306,306,300,Block300,-2.5,1000,0.36141,1.0,0.359692694737512,0.363130854468894,0.996173241514445,1.0,0.0,N/A,N/A,N/A,N/A,409.16510000000005,543.6,N/A,N/A,N/A,N/A,N/A,N/A,Stage09,stage09_awgn_formal/results/stage09_two_level_merged_point_results.csv,coarse-073,0efd6914aca0415c0e7f7a888f8eb749d699f9f7e4f08625678746dc161fae25
R23_S_BLOCK_FULL,R23,Soft Float,Float,Float,N/A,Full traceback,306,306,300,Block300,-2.0,1000,0.3027533333333333,0.999,0.3011117792467269,0.3043999387882412,0.994357441402042,0.999823453629374,0.0006535947712418,N/A,N/A,N/A,N/A,371.6509,472.2,N/A,N/A,N/A,N/A,N/A,N/A,Stage09,stage09_awgn_formal/results/stage09_two_level_merged_point_results.csv,coarse-075,0efd6914aca0415c0e7f7a888f8eb749d699f9f7e4f08625678746dc161fae25
R23_S_BLOCK_FULL,R23,Soft Float,Float,Float,N/A,Full traceback,306,306,300,Block300,-1.5,1000,0.22756,0.99,0.2260632296620352,0.2290637473622323,0.9816905311296852,0.9945592455544708,0.0065359477124183,N/A,N/A,N/A,N/A,368.9505,493.3,N/A,N/A,N/A,N/A,N/A,N/A,Stage09,stage09_awgn_formal/results/stage09_two_level_merged_point_results.csv,coarse-077,0efd6914aca0415c0e7f7a888f8eb749d699f9f7e4f08625678746dc161fae25
R23_S_BLOCK_FULL,R23,Soft Float,Float,Float,N/A,Full traceback,306,306,300,Block300,-1.0,1000,0.14604,0.922,0.1447808376836923,0.1473082270186632,0.9037173834289276,0.9370528324092638,0.0509803921568627,N/A,N/A,N/A,N/A,365.043,462.0,N/A,N/A,N/A,N/A,N/A,N/A,Stage09,stage09_awgn_formal/results/stage09_two_level_merged_point_results.csv,coarse-079,0efd6914aca0415c0e7f7a888f8eb749d699f9f7e4f08625678746dc161fae25
R23_S_BLOCK_FULL,R23,Soft Float,Float,Float,N/A,Full traceback,306,306,300,Block300,2.5,50000,2.8e-05,0.0015399999999999,2.544719918275766e-05,3.0808883664926904e-05,0.0012324725271233,0.0019241141313372,0.6525882352941176,N/A,N/A,N/A,N/A,383.1105160000008,505.7,N/A,N/A,N/A,N/A,N/A,N/A,Stage09,stage09_awgn_formal/results/stage09_two_level_merged_point_results.csv,coarse-093,0efd6914aca0415c0e7f7a888f8eb749d699f9f7e4f08625678746dc161fae25
R23_S_BLOCK_FULL,R23,Soft Float,Float,Float,N/A,Full traceback,306,306,300,Block300,3.0,50000,3.9333333333333335e-06,0.00024,3.0495964410310523e-06,5.0731654001315474e-06,0.0001373003274447,0.0004194860715286,0.653437908496732,N/A,N/A,N/A,N/A,389.5124480000004,516.3,N/A,N/A,N/A,N/A,N/A,N/A,Stage09,stage09_awgn_formal/results/stage09_two_level_merged_point_results.csv,coarse-095,0efd6914aca0415c0e7f7a888f8eb749d699f9f7e4f08625678746dc161fae25
R23_S_BLOCK_FULL,R23,Soft Float,Float,Float,N/A,Full traceback,306,306,300,Block300,3.5,50000,1.0000000000000002e-06,8e-05,6.060394209046589e-07,1.6500572560281173e-06,3.111086355358979e-05,0.0002057001188675,0.6535424836601307,N/A,N/A,N/A,N/A,385.6448999999981,508.7,N/A,N/A,N/A,N/A,N/A,N/A,Stage09,stage09_awgn_formal/results/stage09_two_level_merged_point_results.csv,coarse-097,0efd6914aca0415c0e7f7a888f8eb749d699f9f7e4f08625678746dc161fae25
R23_S_BLOCK_FULL,R23,Soft Float,Float,Float,N/A,Full traceback,306,306,300,Block300,4.0,50000,2.0000000000000002e-07,2e-05,6.801805083585823e-08,5.880790358524207e-07,3.530499822832098e-06,0.0001132897013912,0.6535816993464052,N/A,N/A,N/A,N/A,382.0419520000017,502.2,N/A,N/A,N/A,N/A,N/A,N/A,Stage09,stage09_awgn_formal/results/stage09_two_level_merged_point_results.csv,coarse-099,0efd6914aca0415c0e7f7a888f8eb749d699f9f7e4f08625678746dc161fae25
R23_S_BLOCK_FULL,R23,Soft Float,Float,Float,N/A,Full traceback,306,306,300,Block300,4.5,50000,2.0000000000000002e-07,2e-05,6.801805083585823e-08,5.880790358524207e-07,3.530499822832098e-06,0.0001132897013912,0.6535816993464052,N/A,N/A,N/A,N/A,375.0774699999994,490.9,N/A,N/A,N/A,N/A,N/A,N/A,Stage09,stage09_awgn_formal/results/stage09_two_level_merged_point_results.csv,coarse-101,0efd6914aca0415c0e7f7a888f8eb749d699f9f7e4f08625678746dc161fae25
R23_S_BLOCK_FULL,R23,Soft Float,Float,Float,N/A,Full traceback,306,306,300,Block300,5.0,50000,0.0,0.0,0.0,2.5609718912715457e-07,0.0,7.682327414500052e-05,0.65359477124183,N/A,N/A,N/A,N/A,386.6455079999996,507.5,N/A,N/A,N/A,N/A,N/A,N/A,Stage09,stage09_awgn_formal/results/stage09_two_level_merged_point_results.csv,coarse-103,0efd6914aca0415c0e7f7a888f8eb749d699f9f7e4f08625678746dc161fae25
R23_S_BLOCK_FULL,R23,Soft Float,Float,Float,N/A,Full traceback,306,306,300,Block300,5.5,50000,0.0,0.0,0.0,2.5609718912715457e-07,0.0,7.682327414500052e-05,0.65359477124183,N/A,N/A,N/A,N/A,377.08794200000045,491.9,N/A,N/A,N/A,N/A,N/A,N/A,Stage09,stage09_awgn_formal/results/stage09_two_level_merged_point_results.csv,coarse-105,0efd6914aca0415c0e7f7a888f8eb749d699f9f7e4f08625678746dc161fae25
R23_S_BLOCK_FULL,R23,Soft Float,Float,Float,N/A,Full traceback,306,306,300,Block300,6.0,50000,0.0,0.0,0.0,2.5609718912715457e-07,0.0,7.682327414500052e-05,0.65359477124183,N/A,N/A,N/A,N/A,368.1088900000038,476.1,N/A,N/A,N/A,N/A,N/A,N/A,Stage09,stage09_awgn_formal/results/stage09_two_level_merged_point_results.csv,coarse-107,0efd6914aca0415c0e7f7a888f8eb749d699f9f7e4f08625678746dc161fae25
R23_S_BLOCK_FULL,R23,Soft Float,Float,Float,N/A,Full traceback,306,306,300,Block300,6.5,50000,0.0,0.0,0.0,2.5609718912715457e-07,0.0,7.682327414500052e-05,0.65359477124183,N/A,N/A,N/A,N/A,361.95649199999747,463.4,N/A,N/A,N/A,N/A,N/A,N/A,Stage09,stage09_awgn_formal/results/stage09_two_level_merged_point_results.csv,coarse-109,0efd6914aca0415c0e7f7a888f8eb749d699f9f7e4f08625678746dc161fae25
R23_S_BLOCK_FULL,R23,Soft Float,Float,Float,N/A,Full traceback,306,306,300,Block300,7.0,50000,0.0,0.0,0.0,2.5609718912715457e-07,0.0,7.682327414500052e-05,0.65359477124183,N/A,N/A,N/A,N/A,362.83312999999833,466.2,N/A,N/A,N/A,N/A,N/A,N/A,Stage09,stage09_awgn_formal/results/stage09_two_level_merged_point_results.csv,coarse-111,0efd6914aca0415c0e7f7a888f8eb749d699f9f7e4f08625678746dc161fae25
R23_S_BLOCK_FULL,R23,Soft Float,Float,Float,N/A,Full traceback,306,306,300,Block300,7.5,50000,0.0,0.0,0.0,2.5609718912715457e-07,0.0,7.682327414500052e-05,0.65359477124183,N/A,N/A,N/A,N/A,363.530974000001,465.6,N/A,N/A,N/A,N/A,N/A,N/A,Stage09,stage09_awgn_formal/results/stage09_two_level_merged_point_results.csv,coarse-113,0efd6914aca0415c0e7f7a888f8eb749d699f9f7e4f08625678746dc161fae25
R23_S_BLOCK_FULL,R23,Soft Float,Float,Float,N/A,Full traceback,306,306,300,Block300,8.0,50000,0.0,0.0,0.0,2.5609718912715457e-07,0.0,7.682327414500052e-05,0.65359477124183,N/A,N/A,N/A,N/A,360.7356440000004,465.1,N/A,N/A,N/A,N/A,N/A,N/A,Stage09,stage09_awgn_formal/results/stage09_two_level_merged_point_results.csv,coarse-115,0efd6914aca0415c0e7f7a888f8eb749d699f9f7e4f08625678746dc161fae25
R23_S_BLOCK_FULL,R23,Soft Float,Float,Float,N/A,Full traceback,306,306,300,Block300,8.5,50000,0.0,0.0,0.0,2.5609718912715457e-07,0.0,7.682327414500052e-05,0.65359477124183,N/A,N/A,N/A,N/A,352.7956479999993,449.0,N/A,N/A,N/A,N/A,N/A,N/A,Stage09,stage09_awgn_formal/results/stage09_two_level_merged_point_results.csv,coarse-117,0efd6914aca0415c0e7f7a888f8eb749d699f9f7e4f08625678746dc161fae25
R23_S_BLOCK_FULL,R23,Soft Float,Float,Float,N/A,Full traceback,306,306,300,Block300,9.0,50000,0.0,0.0,0.0,2.5609718912715457e-07,0.0,7.682327414500052e-05,0.65359477124183,N/A,N/A,N/A,N/A,359.84892999999846,463.7,N/A,N/A,N/A,N/A,N/A,N/A,Stage09,stage09_awgn_formal/results/stage09_two_level_merged_point_results.csv,coarse-119,0efd6914aca0415c0e7f7a888f8eb749d699f9f7e4f08625678746dc161fae25
R23_S_BLOCK_FULL,R23,Soft Float,Float,Float,N/A,Full traceback,306,306,300,Block300,9.5,50000,0.0,0.0,0.0,2.5609718912715457e-07,0.0,7.682327414500052e-05,0.65359477124183,N/A,N/A,N/A,N/A,351.4156519999987,446.2,N/A,N/A,N/A,N/A,N/A,N/A,Stage09,stage09_awgn_formal/results/stage09_two_level_merged_point_results.csv,coarse-121,0efd6914aca0415c0e7f7a888f8eb749d699f9f7e4f08625678746dc161fae25
R23_S_BLOCK_FULL,R23,Soft Float,Float,Float,N/A,Full traceback,306,306,300,Block300,10.0,50000,0.0,0.0,0.0,2.5609718912715457e-07,0.0,7.682327414500052e-05,0.65359477124183,N/A,N/A,N/A,N/A,346.82934000000114,437.9,N/A,N/A,N/A,N/A,N/A,N/A,Stage09,stage09_awgn_formal/results/stage09_two_level_merged_point_results.csv,coarse-123,0efd6914aca0415c0e7f7a888f8eb749d699f9f7e4f08625678746dc161fae25
R34_H_BLOCK_FULL,R34,Hard,Hard,1,N/A,Full traceback,306,306,300,Block300,-5.0,1000,0.4897199999999999,1.0,0.4879313271347247,0.491508936129882,0.996173241514445,1.0,0.0,N/A,N/A,N/A,N/A,264.1924000000003,319.4,N/A,N/A,N/A,N/A,N/A,N/A,Stage09,stage09_awgn_formal/results/stage09_two_level_merged_point_results.csv,coarse-124,0efd6914aca0415c0e7f7a888f8eb749d699f9f7e4f08625678746dc161fae25
R34_H_BLOCK_FULL,R34,Hard,Hard,1,N/A,Full traceback,306,306,300,Block300,-4.5,1000,0.48703,1.0,0.4852415854377381,0.4888187467161481,0.996173241514445,1.0,0.0,N/A,N/A,N/A,N/A,263.3625000000002,326.3,N/A,N/A,N/A,N/A,N/A,N/A,Stage09,stage09_awgn_formal/results/stage09_two_level_merged_point_results.csv,coarse-126,0efd6914aca0415c0e7f7a888f8eb749d699f9f7e4f08625678746dc161fae25
R34_H_BLOCK_FULL,R34,Hard,Hard,1,N/A,Full traceback,306,306,300,Block300,-4.0,1000,0.4854999999999999,1.0,0.483711755479429,0.4872886158568353,0.996173241514445,1.0,0.0,N/A,N/A,N/A,N/A,251.60800000000023,317.3,N/A,N/A,N/A,N/A,N/A,N/A,Stage09,stage09_awgn_formal/results/stage09_two_level_merged_point_results.csv,coarse-128,0efd6914aca0415c0e7f7a888f8eb749d699f9f7e4f08625678746dc161fae25
R34_H_BLOCK_FULL,R34,Hard,Hard,1,N/A,Full traceback,306,306,300,Block300,-3.5,1000,0.4805466666666666,1.0,0.4787590877362046,0.4823347437852757,0.996173241514445,1.0,0.0,N/A,N/A,N/A,N/A,261.9367,329.8,N/A,N/A,N/A,N/A,N/A,N/A,Stage09,stage09_awgn_formal/results/stage09_two_level_merged_point_results.csv,coarse-130,0efd6914aca0415c0e7f7a888f8eb749d699f9f7e4f08625678746dc161fae25
R34_H_BLOCK_FULL,R34,Hard,Hard,1,N/A,Full traceback,306,306,300,Block300,-3.0,1000,0.47448,1.0,0.4726934760606038,0.4762671774912216,0.996173241514445,1.0,0.0,N/A,N/A,N/A,N/A,284.03600000000006,352.5,N/A,N/A,N/A,N/A,N/A,N/A,Stage09,stage09_awgn_formal/results/stage09_two_level_merged_point_results.csv,coarse-132,0efd6914aca0415c0e7f7a888f8eb749d699f9f7e4f08625678746dc161fae25
R34_H_BLOCK_FULL,R34,Hard,Hard,1,N/A,Full traceback,306,306,300,Block300,-2.5,1000,0.46647,1.0,0.4646852741506837,0.468255584532416,0.996173241514445,1.0,0.0,N/A,N/A,N/A,N/A,270.2549,333.9,N/A,N/A,N/A,N/A,N/A,N/A,Stage09,stage09_awgn_formal/results/stage09_two_level_merged_point_results.csv,coarse-134,0efd6914aca0415c0e7f7a888f8eb749d699f9f7e4f08625678746dc161fae25
R34_H_BLOCK_FULL,R34,Hard,Hard,1,N/A,Full traceback,306,306,300,Block300,-2.0,1000,0.4547666666666666,1.0,0.452985399655354,0.4565490920763949,0.996173241514445,1.0,0.0,N/A,N/A,N/A,N/A,267.09150000000005,334.8,N/A,N/A,N/A,N/A,N/A,N/A,Stage09,stage09_awgn_formal/results/stage09_two_level_merged_point_results.csv,coarse-136,0efd6914aca0415c0e7f7a888f8eb749d699f9f7e4f08625678746dc161fae25
R34_H_BLOCK_FULL,R34,Hard,Hard,1,N/A,Full traceback,306,306,300,Block300,-1.5,1000,0.4398433333333333,1.0,0.4380679174462766,0.4416202897963818,0.996173241514445,1.0,0.0,N/A,N/A,N/A,N/A,304.19909999999976,374.0,N/A,N/A,N/A,N/A,N/A,N/A,Stage09,stage09_awgn_formal/results/stage09_two_level_merged_point_results.csv,coarse-138,0efd6914aca0415c0e7f7a888f8eb749d699f9f7e4f08625678746dc161fae25
R34_H_BLOCK_FULL,R34,Hard,Hard,1,N/A,Full traceback,306,306,300,Block300,-1.0,1000,0.4169066666666666,1.0,0.4151434274588592,0.4186720338446809,0.996173241514445,1.0,0.0,N/A,N/A,N/A,N/A,265.32390000000026,332.2,N/A,N/A,N/A,N/A,N/A,N/A,Stage09,stage09_awgn_formal/results/stage09_two_level_merged_point_results.csv,coarse-140,0efd6914aca0415c0e7f7a888f8eb749d699f9f7e4f08625678746dc161fae25
R34_H_BLOCK_FULL,R34,Hard,Hard,1,N/A,Full traceback,306,306,300,Block300,-0.5,1000,0.3825733333333333,1.0,0.3808356955834258,0.3843139783094301,0.996173241514445,1.0,0.0,N/A,N/A,N/A,N/A,261.7852999999998,331.7,N/A,N/A,N/A,N/A,N/A,N/A,Stage09,stage09_awgn_formal/results/stage09_two_level_merged_point_results.csv,coarse-142,0efd6914aca0415c0e7f7a888f8eb749d699f9f7e4f08625678746dc161fae25
R34_H_BLOCK_FULL,R34,Hard,Hard,1,N/A,Full traceback,306,306,300,Block300,0.0,1000,0.3328866666666666,0.999,0.3312025134784634,0.3345750995266585,0.994357441402042,0.999823453629374,0.000735294117647,N/A,N/A,N/A,N/A,273.67209999999966,333.1,N/A,N/A,N/A,N/A,N/A,N/A,Stage09,stage09_awgn_formal/results/stage09_two_level_merged_point_results.csv,coarse-144,0efd6914aca0415c0e7f7a888f8eb749d699f9f7e4f08625678746dc161fae25
R34_H_BLOCK_FULL,R34,Hard,Hard,1,N/A,Full traceback,306,306,300,Block300,0.5,1000,0.2764333333333333,0.996,0.2748358280366153,0.2780365640376961,0.9897604437227376,0.9984434118595916,0.0029411764705882,N/A,N/A,N/A,N/A,254.20769999999987,313.8,N/A,N/A,N/A,N/A,N/A,N/A,Stage09,stage09_awgn_formal/results/stage09_two_level_merged_point_results.csv,coarse-146,0efd6914aca0415c0e7f7a888f8eb749d699f9f7e4f08625678746dc161fae25
R34_H_BLOCK_FULL,R34,Hard,Hard,1,N/A,Full traceback,306,306,300,Block300,1.0,1000,0.2022833333333333,0.979,0.200849702631931,0.2037245883792084,0.9681097049387624,0.9862242604320758,0.0154411764705882,N/A,N/A,N/A,N/A,280.7679999999995,345.7,N/A,N/A,N/A,N/A,N/A,N/A,Stage09,stage09_awgn_formal/results/stage09_two_level_merged_point_results.csv,coarse-148,0efd6914aca0415c0e7f7a888f8eb749d699f9f7e4f08625678746dc161fae25
R34_H_BLOCK_FULL,R34,Hard,Hard,1,N/A,Full traceback,306,306,300,Block300,1.5,1000,0.1342933333333333,0.921,0.1330779018745729,0.1355181303195057,0.9026250851159918,0.9361527842391708,0.0580882352941176,N/A,N/A,N/A,N/A,274.05410000000006,337.6,N/A,N/A,N/A,N/A,N/A,N/A,Stage09,stage09_awgn_formal/results/stage09_two_level_merged_point_results.csv,coarse-150,0efd6914aca0415c0e7f7a888f8eb749d699f9f7e4f08625678746dc161fae25
R34_H_BLOCK_FULL,R34,Hard,Hard,1,N/A,Full traceback,306,306,300,Block300,4.5,8754,0.0007116746630111,0.0228466986520447,0.0006801437315269,0.0007446662545639,0.0199197344276871,0.0261922511248663,0.7184950745205553,N/A,N/A,N/A,N/A,262.0712474297456,328.5,N/A,N/A,N/A,N/A,N/A,N/A,Stage09,stage09_awgn_formal/results/stage09_two_level_merged_point_results.csv,coarse-162,0efd6914aca0415c0e7f7a888f8eb749d699f9f7e4f08625678746dc161fae25
R34_H_BLOCK_FULL,R34,Hard,Hard,1,N/A,Full traceback,306,306,300,Block300,5.0,29996,0.0001873583144419,0.0066675556740898,0.0001786267856375,0.0001965165687789,0.0058076480999955,0.0076538050005158,0.7303915031808162,N/A,N/A,N/A,N/A,266.7679290572075,336.2,N/A,N/A,N/A,N/A,N/A,N/A,Stage09,stage09_awgn_formal/results/stage09_two_level_merged_point_results.csv,coarse-164,0efd6914aca0415c0e7f7a888f8eb749d699f9f7e4f08625678746dc161fae25
R34_H_BLOCK_FULL,R34,Hard,Hard,1,N/A,Full traceback,306,306,300,Block300,5.5,50000,4.86e-05,0.0021199999999999,4.51978645156536e-05,5.225820778082678e-05,0.0017533005834367,0.0025631969600258,0.7337352941176472,N/A,N/A,N/A,N/A,269.5684600000007,343.8,N/A,N/A,N/A,N/A,N/A,N/A,Stage09,stage09_awgn_formal/results/stage09_two_level_merged_point_results.csv,coarse-166,0efd6914aca0415c0e7f7a888f8eb749d699f9f7e4f08625678746dc161fae25
R34_H_BLOCK_FULL,R34,Hard,Hard,1,N/A,Full traceback,306,306,300,Block300,6.0,50000,1e-05,0.0005199999999999,8.52263578438085e-06,1.1733456282802522e-05,0.0003549024872305,0.0007618408907093,0.7349117647058823,N/A,N/A,N/A,N/A,303.0534780000004,423.1,N/A,N/A,N/A,N/A,N/A,N/A,Stage09,stage09_awgn_formal/results/stage09_two_level_merged_point_results.csv,coarse-168,0efd6914aca0415c0e7f7a888f8eb749d699f9f7e4f08625678746dc161fae25
R34_H_BLOCK_FULL,R34,Hard,Hard,1,N/A,Full traceback,306,306,300,Block300,6.5,50000,1.5333333333333334e-06,0.00012,1.0217894022472197e-06,2.3009736681818883e-06,5.499819993250663e-05,0.0002618066366266,0.7352058823529412,N/A,N/A,N/A,N/A,320.1170439999974,460.6,N/A,N/A,N/A,N/A,N/A,N/A,Stage09,stage09_awgn_formal/results/stage09_two_level_merged_point_results.csv,coarse-170,0efd6914aca0415c0e7f7a888f8eb749d699f9f7e4f08625678746dc161fae25
R34_H_BLOCK_FULL,R34,Hard,Hard,1,N/A,Full traceback,306,306,300,Block300,7.0,50000,3.3333333333333335e-07,4e-05,1.4238008397552725e-07,7.803836010868345e-07,1.0969511301390302e-05,0.0001458476169816,0.7352647058823529,N/A,N/A,N/A,N/A,332.1939300000022,497.3,N/A,N/A,N/A,N/A,N/A,N/A,Stage09,stage09_awgn_formal/results/stage09_two_level_merged_point_results.csv,coarse-172,0efd6914aca0415c0e7f7a888f8eb749d699f9f7e4f08625678746dc161fae25
R34_H_BLOCK_FULL,R34,Hard,Hard,1,N/A,Full traceback,306,306,300,Block300,7.5,50000,0.0,0.0,0.0,2.5609718912715457e-07,0.0,7.682327414500052e-05,0.7352941176470588,N/A,N/A,N/A,N/A,317.0064040000005,456.0,N/A,N/A,N/A,N/A,N/A,N/A,Stage09,stage09_awgn_formal/results/stage09_two_level_merged_point_results.csv,coarse-174,0efd6914aca0415c0e7f7a888f8eb749d699f9f7e4f08625678746dc161fae25
R34_H_BLOCK_FULL,R34,Hard,Hard,1,N/A,Full traceback,306,306,300,Block300,8.0,50000,0.0,0.0,0.0,2.5609718912715457e-07,0.0,7.682327414500052e-05,0.7352941176470588,N/A,N/A,N/A,N/A,323.121883999998,477.5,N/A,N/A,N/A,N/A,N/A,N/A,Stage09,stage09_awgn_formal/results/stage09_two_level_merged_point_results.csv,coarse-176,0efd6914aca0415c0e7f7a888f8eb749d699f9f7e4f08625678746dc161fae25
R34_H_BLOCK_FULL,R34,Hard,Hard,1,N/A,Full traceback,306,306,300,Block300,8.5,50000,0.0,0.0,0.0,2.5609718912715457e-07,0.0,7.682327414500052e-05,0.7352941176470588,N/A,N/A,N/A,N/A,319.6966179999972,451.2,N/A,N/A,N/A,N/A,N/A,N/A,Stage09,stage09_awgn_formal/results/stage09_two_level_merged_point_results.csv,coarse-178,0efd6914aca0415c0e7f7a888f8eb749d699f9f7e4f08625678746dc161fae25
R34_H_BLOCK_FULL,R34,Hard,Hard,1,N/A,Full traceback,306,306,300,Block300,9.0,50000,0.0,0.0,0.0,2.5609718912715457e-07,0.0,7.682327414500052e-05,0.7352941176470588,N/A,N/A,N/A,N/A,304.0498920000018,418.7,N/A,N/A,N/A,N/A,N/A,N/A,Stage09,stage09_awgn_formal/results/stage09_two_level_merged_point_results.csv,coarse-180,0efd6914aca0415c0e7f7a888f8eb749d699f9f7e4f08625678746dc161fae25
R34_H_BLOCK_FULL,R34,Hard,Hard,1,N/A,Full traceback,306,306,300,Block300,9.5,50000,0.0,0.0,0.0,2.5609718912715457e-07,0.0,7.682327414500052e-05,0.7352941176470588,N/A,N/A,N/A,N/A,317.21671400000264,449.0,N/A,N/A,N/A,N/A,N/A,N/A,Stage09,stage09_awgn_formal/results/stage09_two_level_merged_point_results.csv,coarse-182,0efd6914aca0415c0e7f7a888f8eb749d699f9f7e4f08625678746dc161fae25
R34_H_BLOCK_FULL,R34,Hard,Hard,1,N/A,Full traceback,306,306,300,Block300,10.0,50000,0.0,0.0,0.0,2.5609718912715457e-07,0.0,7.682327414500052e-05,0.7352941176470588,N/A,N/A,N/A,N/A,282.73932400000086,385.3,N/A,N/A,N/A,N/A,N/A,N/A,Stage09,stage09_awgn_formal/results/stage09_two_level_merged_point_results.csv,coarse-184,0efd6914aca0415c0e7f7a888f8eb749d699f9f7e4f08625678746dc161fae25
R34_S_BLOCK_FULL,R34,Soft Float,Float,Float,N/A,Full traceback,306,306,300,Block300,-5.0,1000,0.4839833333333333,1.0,0.4821952739281339,0.4857718029157167,0.996173241514445,1.0,0.0,N/A,N/A,N/A,N/A,319.3812000000001,395.8,N/A,N/A,N/A,N/A,N/A,N/A,Stage09,stage09_awgn_formal/results/stage09_two_level_merged_point_results.csv,coarse-125,0efd6914aca0415c0e7f7a888f8eb749d699f9f7e4f08625678746dc161fae25
R34_S_BLOCK_FULL,R34,Soft Float,Float,Float,N/A,Full traceback,306,306,300,Block300,-4.5,1000,0.4793999999999999,1.0,0.4776126002287757,0.4811879273248137,0.996173241514445,1.0,0.0,N/A,N/A,N/A,N/A,322.9107999999998,400.6,N/A,N/A,N/A,N/A,N/A,N/A,Stage09,stage09_awgn_formal/results/stage09_two_level_merged_point_results.csv,coarse-127,0efd6914aca0415c0e7f7a888f8eb749d699f9f7e4f08625678746dc161fae25
R34_S_BLOCK_FULL,R34,Soft Float,Float,Float,N/A,Full traceback,306,306,300,Block300,-4.0,1000,0.4746366666666666,1.0,0.472850112158832,0.4764238707141877,0.996173241514445,1.0,0.0,N/A,N/A,N/A,N/A,300.6474999999999,398.0,N/A,N/A,N/A,N/A,N/A,N/A,Stage09,stage09_awgn_formal/results/stage09_two_level_merged_point_results.csv,coarse-129,0efd6914aca0415c0e7f7a888f8eb749d699f9f7e4f08625678746dc161fae25
R34_S_BLOCK_FULL,R34,Soft Float,Float,Float,N/A,Full traceback,306,306,300,Block300,-3.5,1000,0.4671833333333333,1.0,0.4653984286238274,0.4689690784579021,0.996173241514445,1.0,0.0,N/A,N/A,N/A,N/A,314.9785999999999,406.4,N/A,N/A,N/A,N/A,N/A,N/A,Stage09,stage09_awgn_formal/results/stage09_two_level_merged_point_results.csv,coarse-131,0efd6914aca0415c0e7f7a888f8eb749d699f9f7e4f08625678746dc161fae25
R34_S_BLOCK_FULL,R34,Soft Float,Float,Float,N/A,Full traceback,306,306,300,Block300,-3.0,1000,0.45494,1.0,0.453158674535784,0.4567224794236694,0.996173241514445,1.0,0.0,N/A,N/A,N/A,N/A,345.1937999999998,442.7,N/A,N/A,N/A,N/A,N/A,N/A,Stage09,stage09_awgn_formal/results/stage09_two_level_merged_point_results.csv,coarse-133,0efd6914aca0415c0e7f7a888f8eb749d699f9f7e4f08625678746dc161fae25
R34_S_BLOCK_FULL,R34,Soft Float,Float,Float,N/A,Full traceback,306,306,300,Block300,-2.5,1000,0.4375533333333333,1.0,0.4357789590634963,0.4393293068246824,0.996173241514445,1.0,0.0,N/A,N/A,N/A,N/A,330.4484000000001,427.4,N/A,N/A,N/A,N/A,N/A,N/A,Stage09,stage09_awgn_formal/results/stage09_two_level_merged_point_results.csv,coarse-135,0efd6914aca0415c0e7f7a888f8eb749d699f9f7e4f08625678746dc161fae25
R34_S_BLOCK_FULL,R34,Soft Float,Float,Float,N/A,Full traceback,306,306,300,Block300,-2.0,1000,0.41102,1.0,0.4092605157361966,0.412781762987997,0.996173241514445,1.0,0.0,N/A,N/A,N/A,N/A,323.0103999999999,424.7,N/A,N/A,N/A,N/A,N/A,N/A,Stage09,stage09_awgn_formal/results/stage09_two_level_merged_point_results.csv,coarse-137,0efd6914aca0415c0e7f7a888f8eb749d699f9f7e4f08625678746dc161fae25
R34_S_BLOCK_FULL,R34,Soft Float,Float,Float,N/A,Full traceback,306,306,300,Block300,-1.5,1000,0.37578,1.0,0.3740485029126713,0.3775146782866919,0.996173241514445,1.0,0.0,N/A,N/A,N/A,N/A,354.4555000000001,474.1,N/A,N/A,N/A,N/A,N/A,N/A,Stage09,stage09_awgn_formal/results/stage09_two_level_merged_point_results.csv,coarse-139,0efd6914aca0415c0e7f7a888f8eb749d699f9f7e4f08625678746dc161fae25
R34_S_BLOCK_FULL,R34,Soft Float,Float,Float,N/A,Full traceback,306,306,300,Block300,-1.0,1000,0.31633,0.999,0.3146682551017585,0.3179964485762889,0.994357441402042,0.999823453629374,0.000735294117647,N/A,N/A,N/A,N/A,326.5064,421.0,N/A,N/A,N/A,N/A,N/A,N/A,Stage09,stage09_awgn_formal/results/stage09_two_level_merged_point_results.csv,coarse-141,0efd6914aca0415c0e7f7a888f8eb749d699f9f7e4f08625678746dc161fae25
R34_S_BLOCK_FULL,R34,Soft Float,Float,Float,N/A,Full traceback,306,306,300,Block300,-0.5,1000,0.23644,0.986,0.2349229399654643,0.2379638096473529,0.9766379658824644,0.991642424869576,0.0102941176470588,N/A,N/A,N/A,N/A,322.6836,407.8,N/A,N/A,N/A,N/A,N/A,N/A,Stage09,stage09_awgn_formal/results/stage09_two_level_merged_point_results.csv,coarse-143,0efd6914aca0415c0e7f7a888f8eb749d699f9f7e4f08625678746dc161fae25
R34_S_BLOCK_FULL,R34,Soft Float,Float,Float,N/A,Full traceback,306,306,300,Block300,0.0,1000,0.1518433333333333,0.916,0.1505636193500525,0.1531319633990992,0.8971749506177824,0.9316411863222358,0.0617647058823529,N/A,N/A,N/A,N/A,337.64470000000034,421.9,N/A,N/A,N/A,N/A,N/A,N/A,Stage09,stage09_awgn_formal/results/stage09_two_level_merged_point_results.csv,coarse-145,0efd6914aca0415c0e7f7a888f8eb749d699f9f7e4f08625678746dc161fae25
R34_S_BLOCK_FULL,R34,Soft Float,Float,Float,N/A,Full traceback,306,306,300,Block300,3.5,50000,3.073333333333333e-05,0.0014599999999999,2.805301638539283e-05,3.366973172896044e-05,0.0011614537039255,0.0018351452462589,0.7342205882352941,N/A,N/A,N/A,N/A,342.3420060000013,433.1,N/A,N/A,N/A,N/A,N/A,N/A,Stage09,stage09_awgn_formal/results/stage09_two_level_merged_point_results.csv,coarse-159,0efd6914aca0415c0e7f7a888f8eb749d699f9f7e4f08625678746dc161fae25
R34_S_BLOCK_FULL,R34,Soft Float,Float,Float,N/A,Full traceback,306,306,300,Block300,4.0,50000,5.933333333333333e-06,0.00032,4.822067281492984e-06,7.300693535280859e-06,0.0001969895725133,0.0005197845347362,0.7350588235294118,N/A,N/A,N/A,N/A,341.3889319999996,430.9,N/A,N/A,N/A,N/A,N/A,N/A,Stage09,stage09_awgn_formal/results/stage09_two_level_merged_point_results.csv,coarse-161,0efd6914aca0415c0e7f7a888f8eb749d699f9f7e4f08625678746dc161fae25
R34_S_BLOCK_FULL,R34,Soft Float,Float,Float,N/A,Full traceback,306,306,300,Block300,4.5,50000,1.6666666666666669e-06,0.0001,1.1289639272114891e-06,2.4604657415917013e-06,4.2714755136032695e-05,0.0002340931543541,0.7352205882352941,N/A,N/A,N/A,N/A,353.88287199999894,460.8,N/A,N/A,N/A,N/A,N/A,N/A,Stage09,stage09_awgn_formal/results/stage09_two_level_merged_point_results.csv,coarse-163,0efd6914aca0415c0e7f7a888f8eb749d699f9f7e4f08625678746dc161fae25
R34_S_BLOCK_FULL,R34,Soft Float,Float,Float,N/A,Full traceback,306,306,300,Block300,5.0,50000,0.0,0.0,0.0,2.5609718912715457e-07,0.0,7.682327414500052e-05,0.7352941176470588,N/A,N/A,N/A,N/A,361.0083840000023,468.8,N/A,N/A,N/A,N/A,N/A,N/A,Stage09,stage09_awgn_formal/results/stage09_two_level_merged_point_results.csv,coarse-165,0efd6914aca0415c0e7f7a888f8eb749d699f9f7e4f08625678746dc161fae25
R34_S_BLOCK_FULL,R34,Soft Float,Float,Float,N/A,Full traceback,306,306,300,Block300,5.5,50000,0.0,0.0,0.0,2.5609718912715457e-07,0.0,7.682327414500052e-05,0.7352941176470588,N/A,N/A,N/A,N/A,353.7427379999989,450.7,N/A,N/A,N/A,N/A,N/A,N/A,Stage09,stage09_awgn_formal/results/stage09_two_level_merged_point_results.csv,coarse-167,0efd6914aca0415c0e7f7a888f8eb749d699f9f7e4f08625678746dc161fae25
R34_S_BLOCK_FULL,R34,Soft Float,Float,Float,N/A,Full traceback,306,306,300,Block300,6.0,50000,0.0,0.0,0.0,2.5609718912715457e-07,0.0,7.682327414500052e-05,0.7352941176470588,N/A,N/A,N/A,N/A,398.58492999999294,560.6,N/A,N/A,N/A,N/A,N/A,N/A,Stage09,stage09_awgn_formal/results/stage09_two_level_merged_point_results.csv,coarse-169,0efd6914aca0415c0e7f7a888f8eb749d699f9f7e4f08625678746dc161fae25
R34_S_BLOCK_FULL,R34,Soft Float,Float,Float,N/A,Full traceback,306,306,300,Block300,6.5,50000,0.0,0.0,0.0,2.5609718912715457e-07,0.0,7.682327414500052e-05,0.7352941176470588,N/A,N/A,N/A,N/A,424.15753199999995,615.3,N/A,N/A,N/A,N/A,N/A,N/A,Stage09,stage09_awgn_formal/results/stage09_two_level_merged_point_results.csv,coarse-171,0efd6914aca0415c0e7f7a888f8eb749d699f9f7e4f08625678746dc161fae25
R34_S_BLOCK_FULL,R34,Soft Float,Float,Float,N/A,Full traceback,306,306,300,Block300,7.0,50000,0.0,0.0,0.0,2.5609718912715457e-07,0.0,7.682327414500052e-05,0.7352941176470588,N/A,N/A,N/A,N/A,441.6499100000037,662.2,N/A,N/A,N/A,N/A,N/A,N/A,Stage09,stage09_awgn_formal/results/stage09_two_level_merged_point_results.csv,coarse-173,0efd6914aca0415c0e7f7a888f8eb749d699f9f7e4f08625678746dc161fae25
R34_S_BLOCK_FULL,R34,Soft Float,Float,Float,N/A,Full traceback,306,306,300,Block300,7.5,50000,0.0,0.0,0.0,2.5609718912715457e-07,0.0,7.682327414500052e-05,0.7352941176470588,N/A,N/A,N/A,N/A,424.1327239999959,613.0,N/A,N/A,N/A,N/A,N/A,N/A,Stage09,stage09_awgn_formal/results/stage09_two_level_merged_point_results.csv,coarse-175,0efd6914aca0415c0e7f7a888f8eb749d699f9f7e4f08625678746dc161fae25
R34_S_BLOCK_FULL,R34,Soft Float,Float,Float,N/A,Full traceback,306,306,300,Block300,8.0,50000,0.0,0.0,0.0,2.5609718912715457e-07,0.0,7.682327414500052e-05,0.7352941176470588,N/A,N/A,N/A,N/A,428.2560399999997,626.2,N/A,N/A,N/A,N/A,N/A,N/A,Stage09,stage09_awgn_formal/results/stage09_two_level_merged_point_results.csv,coarse-177,0efd6914aca0415c0e7f7a888f8eb749d699f9f7e4f08625678746dc161fae25
R34_S_BLOCK_FULL,R34,Soft Float,Float,Float,N/A,Full traceback,306,306,300,Block300,8.5,50000,0.0,0.0,0.0,2.5609718912715457e-07,0.0,7.682327414500052e-05,0.7352941176470588,N/A,N/A,N/A,N/A,418.5312780000016,596.3,N/A,N/A,N/A,N/A,N/A,N/A,Stage09,stage09_awgn_formal/results/stage09_two_level_merged_point_results.csv,coarse-179,0efd6914aca0415c0e7f7a888f8eb749d699f9f7e4f08625678746dc161fae25
R34_S_BLOCK_FULL,R34,Soft Float,Float,Float,N/A,Full traceback,306,306,300,Block300,9.0,50000,0.0,0.0,0.0,2.5609718912715457e-07,0.0,7.682327414500052e-05,0.7352941176470588,N/A,N/A,N/A,N/A,403.38033799999783,559.1,N/A,N/A,N/A,N/A,N/A,N/A,Stage09,stage09_awgn_formal/results/stage09_two_level_merged_point_results.csv,coarse-181,0efd6914aca0415c0e7f7a888f8eb749d699f9f7e4f08625678746dc161fae25
R34_S_BLOCK_FULL,R34,Soft Float,Float,Float,N/A,Full traceback,306,306,300,Block300,9.5,50000,0.0,0.0,0.0,2.5609718912715457e-07,0.0,7.682327414500052e-05,0.7352941176470588,N/A,N/A,N/A,N/A,420.0375019999996,602.0,N/A,N/A,N/A,N/A,N/A,N/A,Stage09,stage09_awgn_formal/results/stage09_two_level_merged_point_results.csv,coarse-183,0efd6914aca0415c0e7f7a888f8eb749d699f9f7e4f08625678746dc161fae25
R34_S_BLOCK_FULL,R34,Soft Float,Float,Float,N/A,Full traceback,306,306,300,Block300,10.0,50000,0.0,0.0,0.0,2.5609718912715457e-07,0.0,7.682327414500052e-05,0.7352941176470588,N/A,N/A,N/A,N/A,374.0514960000016,511.3,N/A,N/A,N/A,N/A,N/A,N/A,Stage09,stage09_awgn_formal/results/stage09_two_level_merged_point_results.csv,coarse-185,0efd6914aca0415c0e7f7a888f8eb749d699f9f7e4f08625678746dc161fae25
R12_Q8_BLOCK_FULL,R12,Soft Quantized,Q8,8,2.0,Full traceback,306,306,300,Block300,-5.0,1000,0.3941133333333333,1.0,0.3923660867594194,0.3958632916009887,0.9961732415144448,1.0,0.0,N/A,N/A,N/A,N/A,299.70250000000004,396.2,612,58752,512,59876,N/A,N/A,Stage11,stage11_soft_quantization/results/stage11_soft_quantization_results.csv,CC-B-R12-S-Q8,0630a8d707ee7eb702175ddb77417e408b5516eeaad977bac6187295d8b851c6
R12_Q8_BLOCK_FULL,R12,Soft Quantized,Q8,8,2.0,Full traceback,306,306,300,Block300,-4.5,1000,0.3486133333333333,1.0,0.3469100675973088,0.3503204759906878,0.9961732415144448,1.0,0.0,N/A,N/A,N/A,N/A,304.6694,392.1,612,58752,512,59876,N/A,N/A,Stage11,stage11_soft_quantization/results/stage11_soft_quantization_results.csv,CC-B-R12-S-Q8,0630a8d707ee7eb702175ddb77417e408b5516eeaad977bac6187295d8b851c6
R12_Q8_BLOCK_FULL,R12,Soft Quantized,Q8,8,2.0,Full traceback,306,306,300,Block300,-4.0,1000,0.2883866666666666,1.0,0.2867683318868926,0.2900104207364201,0.9961732415144448,1.0,0.0,N/A,N/A,N/A,N/A,302.9672999999998,399.5,612,58752,512,59876,N/A,N/A,Stage11,stage11_soft_quantization/results/stage11_soft_quantization_results.csv,CC-B-R12-S-Q8,0630a8d707ee7eb702175ddb77417e408b5516eeaad977bac6187295d8b851c6
R12_Q8_BLOCK_FULL,R12,Soft Quantized,Q8,8,2.0,Full traceback,306,306,300,Block300,-3.5,1000,0.2177566666666666,0.998,0.2162834094151299,0.2192371519999315,0.992737192136508,0.9994513564118792,0.0009803921568627457,N/A,N/A,N/A,N/A,300.0265999999999,390.5,612,58752,512,59876,N/A,N/A,Stage11,stage11_soft_quantization/results/stage11_soft_quantization_results.csv,CC-B-R12-S-Q8,0630a8d707ee7eb702175ddb77417e408b5516eeaad977bac6187295d8b851c6
R12_Q8_BLOCK_FULL,R12,Soft Quantized,Q8,8,2.0,Full traceback,306,306,300,Block300,-3.0,1000,0.1430299999999999,0.966,0.1417817645245839,0.1442873772620581,0.9528648097546888,0.9755686513367736,0.01666666666666668,N/A,N/A,N/A,N/A,327.5948000000001,411.8,612,58752,512,59876,N/A,N/A,Stage11,stage11_soft_quantization/results/stage11_soft_quantization_results.csv,CC-B-R12-S-Q8,0630a8d707ee7eb702175ddb77417e408b5516eeaad977bac6187295d8b851c6
R12_Q8_BLOCK_FULL,R12,Soft Quantized,Q8,8,2.0,Full traceback,306,306,300,Block300,-2.5,1000,0.0805,0.8689999999999999,0.0795318062390714,0.0814789369031993,0.8466683584396693,0.8885074937979909,0.06421568627450985,N/A,N/A,N/A,N/A,338.7595999999997,424.7,612,58752,512,59876,N/A,N/A,Stage11,stage11_soft_quantization/results/stage11_soft_quantization_results.csv,CC-B-R12-S-Q8,0630a8d707ee7eb702175ddb77417e408b5516eeaad977bac6187295d8b851c6
R12_Q8_BLOCK_FULL,R12,Soft Quantized,Q8,8,2.0,Full traceback,306,306,300,Block300,0.5,38219,7.771003950914465e-05,0.0052853292864805,7.277244430924681e-05,8.298262171323955e-05,0.0046064551479554,0.0060636427112024,0.48760523074192125,N/A,N/A,N/A,N/A,381.387001229754,486.2,612,58752,512,59876,N/A,N/A,Stage11,stage11_soft_quantization/results/stage11_soft_quantization_results.csv,CC-B-R12-S-Q8,0630a8d707ee7eb702175ddb77417e408b5516eeaad977bac6187295d8b851c6
R12_Q8_BLOCK_FULL,R12,Soft Quantized,Q8,8,2.0,Full traceback,306,306,300,Block300,1.0,50000,1.5066666666666666e-05,0.001,1.3226242885787028e-05,1.716317991961149e-05,0.0007586635624695,0.0013180060651271,0.4897058823529411,N/A,N/A,N/A,N/A,373.0616740000012,480.7,612,58752,512,59876,N/A,N/A,Stage11,stage11_soft_quantization/results/stage11_soft_quantization_results.csv,CC-B-R12-S-Q8,0630a8d707ee7eb702175ddb77417e408b5516eeaad977bac6187295d8b851c6
R12_Q8_BLOCK_FULL,R12,Soft Quantized,Q8,8,2.0,Full traceback,306,306,300,Block300,1.5,50000,1.9333333333333328e-06,0.00016,1.3461775521591696e-06,2.776585313392187e-06,8.10781328140495e-05,0.0003157205578832,0.49011764705882344,N/A,N/A,N/A,N/A,374.0869240000008,481.8,612,58752,512,59876,N/A,N/A,Stage11,stage11_soft_quantization/results/stage11_soft_quantization_results.csv,CC-B-R12-S-Q8,0630a8d707ee7eb702175ddb77417e408b5516eeaad977bac6187295d8b851c6
R12_Q8_BLOCK_FULL,R12,Soft Quantized,Q8,8,2.0,Full traceback,306,306,300,Block300,2.0,50000,2.0000000000000002e-07,4e-05,6.801805083585822e-08,5.880790358524208e-07,1.0969511301390302e-05,0.0001458476169816,0.4901764705882352,N/A,N/A,N/A,N/A,374.53209599999275,475.7,612,58752,512,59876,N/A,N/A,Stage11,stage11_soft_quantization/results/stage11_soft_quantization_results.csv,CC-B-R12-S-Q8,0630a8d707ee7eb702175ddb77417e408b5516eeaad977bac6187295d8b851c6
R12_Q8_BLOCK_FULL,R12,Soft Quantized,Q8,8,2.0,Full traceback,306,306,300,Block300,2.5,50000,0.0,0.0,0.0,2.5609718912715457e-07,0.0,7.682327414500052e-05,0.4901960784313725,N/A,N/A,N/A,N/A,351.31576399999983,445.4,612,58752,512,59876,N/A,N/A,Stage11,stage11_soft_quantization/results/stage11_soft_quantization_results.csv,CC-B-R12-S-Q8,0630a8d707ee7eb702175ddb77417e408b5516eeaad977bac6187295d8b851c6
R12_Q8_BLOCK_FULL,R12,Soft Quantized,Q8,8,2.0,Full traceback,306,306,300,Block300,3.0,50000,0.0,0.0,0.0,2.5609718912715457e-07,0.0,7.682327414500052e-05,0.4901960784313725,N/A,N/A,N/A,N/A,343.9933039999964,442.9,612,58752,512,59876,N/A,N/A,Stage11,stage11_soft_quantization/results/stage11_soft_quantization_results.csv,CC-B-R12-S-Q8,0630a8d707ee7eb702175ddb77417e408b5516eeaad977bac6187295d8b851c6
R12_Q8_BLOCK_FULL,R12,Soft Quantized,Q8,8,2.0,Full traceback,306,306,300,Block300,3.5,50000,0.0,0.0,0.0,2.5609718912715457e-07,0.0,7.682327414500052e-05,0.4901960784313725,N/A,N/A,N/A,N/A,348.34979600000094,448.8,612,58752,512,59876,N/A,N/A,Stage11,stage11_soft_quantization/results/stage11_soft_quantization_results.csv,CC-B-R12-S-Q8,0630a8d707ee7eb702175ddb77417e408b5516eeaad977bac6187295d8b851c6
R12_Q8_BLOCK_FULL,R12,Soft Quantized,Q8,8,2.0,Full traceback,306,306,300,Block300,4.0,50000,0.0,0.0,0.0,2.5609718912715457e-07,0.0,7.682327414500052e-05,0.4901960784313725,N/A,N/A,N/A,N/A,370.19555999999983,478.6,612,58752,512,59876,N/A,N/A,Stage11,stage11_soft_quantization/results/stage11_soft_quantization_results.csv,CC-B-R12-S-Q8,0630a8d707ee7eb702175ddb77417e408b5516eeaad977bac6187295d8b851c6
R12_Q8_BLOCK_FULL,R12,Soft Quantized,Q8,8,2.0,Full traceback,306,306,300,Block300,4.5,50000,0.0,0.0,0.0,2.5609718912715457e-07,0.0,7.682327414500052e-05,0.4901960784313725,N/A,N/A,N/A,N/A,399.03776199999623,574.4,612,58752,512,59876,N/A,N/A,Stage11,stage11_soft_quantization/results/stage11_soft_quantization_results.csv,CC-B-R12-S-Q8,0630a8d707ee7eb702175ddb77417e408b5516eeaad977bac6187295d8b851c6
R12_Q8_BLOCK_FULL,R12,Soft Quantized,Q8,8,2.0,Full traceback,306,306,300,Block300,5.0,50000,0.0,0.0,0.0,2.5609718912715457e-07,0.0,7.682327414500052e-05,0.4901960784313725,N/A,N/A,N/A,N/A,393.66654799999617,567.6,612,58752,512,59876,N/A,N/A,Stage11,stage11_soft_quantization/results/stage11_soft_quantization_results.csv,CC-B-R12-S-Q8,0630a8d707ee7eb702175ddb77417e408b5516eeaad977bac6187295d8b851c6
R12_Q8_BLOCK_FULL,R12,Soft Quantized,Q8,8,2.0,Full traceback,306,306,300,Block300,5.5,50000,0.0,0.0,0.0,2.5609718912715457e-07,0.0,7.682327414500052e-05,0.4901960784313725,N/A,N/A,N/A,N/A,390.94972200000495,566.7,612,58752,512,59876,N/A,N/A,Stage11,stage11_soft_quantization/results/stage11_soft_quantization_results.csv,CC-B-R12-S-Q8,0630a8d707ee7eb702175ddb77417e408b5516eeaad977bac6187295d8b851c6
R12_Q8_BLOCK_FULL,R12,Soft Quantized,Q8,8,2.0,Full traceback,306,306,300,Block300,6.0,50000,0.0,0.0,0.0,2.5609718912715457e-07,0.0,7.682327414500052e-05,0.4901960784313725,N/A,N/A,N/A,N/A,379.5762899999997,549.7,612,58752,512,59876,N/A,N/A,Stage11,stage11_soft_quantization/results/stage11_soft_quantization_results.csv,CC-B-R12-S-Q8,0630a8d707ee7eb702175ddb77417e408b5516eeaad977bac6187295d8b851c6
R12_Q8_BLOCK_FULL,R12,Soft Quantized,Q8,8,2.0,Full traceback,306,306,300,Block300,6.5,50000,0.0,0.0,0.0,2.5609718912715457e-07,0.0,7.682327414500052e-05,0.4901960784313725,N/A,N/A,N/A,N/A,355.01698200000124,501.0,612,58752,512,59876,N/A,N/A,Stage11,stage11_soft_quantization/results/stage11_soft_quantization_results.csv,CC-B-R12-S-Q8,0630a8d707ee7eb702175ddb77417e408b5516eeaad977bac6187295d8b851c6
R12_Q8_BLOCK_FULL,R12,Soft Quantized,Q8,8,2.0,Full traceback,306,306,300,Block300,7.0,50000,0.0,0.0,0.0,2.5609718912715457e-07,0.0,7.682327414500052e-05,0.4901960784313725,N/A,N/A,N/A,N/A,339.44974399999944,470.9,612,58752,512,59876,N/A,N/A,Stage11,stage11_soft_quantization/results/stage11_soft_quantization_results.csv,CC-B-R12-S-Q8,0630a8d707ee7eb702175ddb77417e408b5516eeaad977bac6187295d8b851c6
R12_Q8_BLOCK_FULL,R12,Soft Quantized,Q8,8,2.0,Full traceback,306,306,300,Block300,7.5,50000,0.0,0.0,0.0,2.5609718912715457e-07,0.0,7.682327414500052e-05,0.4901960784313725,N/A,N/A,N/A,N/A,336.08052199999906,465.5,612,58752,512,59876,N/A,N/A,Stage11,stage11_soft_quantization/results/stage11_soft_quantization_results.csv,CC-B-R12-S-Q8,0630a8d707ee7eb702175ddb77417e408b5516eeaad977bac6187295d8b851c6
R12_Q8_BLOCK_FULL,R12,Soft Quantized,Q8,8,2.0,Full traceback,306,306,300,Block300,8.0,50000,0.0,0.0,0.0,2.5609718912715457e-07,0.0,7.682327414500052e-05,0.4901960784313725,N/A,N/A,N/A,N/A,335.38176999999763,463.3,612,58752,512,59876,N/A,N/A,Stage11,stage11_soft_quantization/results/stage11_soft_quantization_results.csv,CC-B-R12-S-Q8,0630a8d707ee7eb702175ddb77417e408b5516eeaad977bac6187295d8b851c6
R12_Q8_BLOCK_FULL,R12,Soft Quantized,Q8,8,2.0,Full traceback,306,306,300,Block300,8.5,50000,0.0,0.0,0.0,2.5609718912715457e-07,0.0,7.682327414500052e-05,0.4901960784313725,N/A,N/A,N/A,N/A,388.5591480000047,588.0,612,58752,512,59876,N/A,N/A,Stage11,stage11_soft_quantization/results/stage11_soft_quantization_results.csv,CC-B-R12-S-Q8,0630a8d707ee7eb702175ddb77417e408b5516eeaad977bac6187295d8b851c6
R12_Q8_BLOCK_FULL,R12,Soft Quantized,Q8,8,2.0,Full traceback,306,306,300,Block300,9.0,50000,0.0,0.0,0.0,2.5609718912715457e-07,0.0,7.682327414500052e-05,0.4901960784313725,N/A,N/A,N/A,N/A,421.8757239999962,652.8,612,58752,512,59876,N/A,N/A,Stage11,stage11_soft_quantization/results/stage11_soft_quantization_results.csv,CC-B-R12-S-Q8,0630a8d707ee7eb702175ddb77417e408b5516eeaad977bac6187295d8b851c6
R12_Q8_BLOCK_FULL,R12,Soft Quantized,Q8,8,2.0,Full traceback,306,306,300,Block300,9.5,50000,0.0,0.0,0.0,2.5609718912715457e-07,0.0,7.682327414500052e-05,0.4901960784313725,N/A,N/A,N/A,N/A,429.8520040000014,669.0,612,58752,512,59876,N/A,N/A,Stage11,stage11_soft_quantization/results/stage11_soft_quantization_results.csv,CC-B-R12-S-Q8,0630a8d707ee7eb702175ddb77417e408b5516eeaad977bac6187295d8b851c6
R12_Q8_BLOCK_FULL,R12,Soft Quantized,Q8,8,2.0,Full traceback,306,306,300,Block300,10.0,50000,0.0,0.0,0.0,2.5609718912715457e-07,0.0,7.682327414500052e-05,0.4901960784313725,N/A,N/A,N/A,N/A,448.0470779999998,706.7,612,58752,512,59876,N/A,N/A,Stage11,stage11_soft_quantization/results/stage11_soft_quantization_results.csv,CC-B-R12-S-Q8,0630a8d707ee7eb702175ddb77417e408b5516eeaad977bac6187295d8b851c6
R12_FLOAT_BLOCK_FULL,R12,Soft Float,Float,Float,0.0,Full traceback,306,306,300,Block300,-5.0,1000,0.3927066666666666,1.0,0.3909605363941133,0.3944555446568474,0.9961732415144448,1.0,0.0,N/A,N/A,N/A,N/A,302.1893999999997,411.9,4896,58752,1024,64672,N/A,N/A,Stage11,stage11_soft_quantization/results/stage11_soft_quantization_results.csv,CC-B-R12-S-Float,0630a8d707ee7eb702175ddb77417e408b5516eeaad977bac6187295d8b851c6
R12_FLOAT_BLOCK_FULL,R12,Soft Float,Float,Float,0.0,Full traceback,306,306,300,Block300,-4.5,1000,0.3463766666666666,1.0,0.3446759928696943,0.3480812746646547,0.9961732415144448,1.0,0.0,N/A,N/A,N/A,N/A,305.0907999999996,401.9,4896,58752,1024,64672,N/A,N/A,Stage11,stage11_soft_quantization/results/stage11_soft_quantization_results.csv,CC-B-R12-S-Float,0630a8d707ee7eb702175ddb77417e408b5516eeaad977bac6187295d8b851c6
R12_FLOAT_BLOCK_FULL,R12,Soft Float,Float,Float,0.0,Full traceback,306,306,300,Block300,-4.0,1000,0.2869233333333333,1.0,0.2853074736021033,0.2885446498296278,0.9961732415144448,1.0,0.0,N/A,N/A,N/A,N/A,301.57240000000024,402.6,4896,58752,1024,64672,N/A,N/A,Stage11,stage11_soft_quantization/results/stage11_soft_quantization_results.csv,CC-B-R12-S-Float,0630a8d707ee7eb702175ddb77417e408b5516eeaad977bac6187295d8b851c6
R12_FLOAT_BLOCK_FULL,R12,Soft Float,Float,Float,0.0,Full traceback,306,306,300,Block300,-3.5,1000,0.21632,0.998,0.2148502899192349,0.217796974954661,0.992737192136508,0.9994513564118792,0.0009803921568627457,N/A,N/A,N/A,N/A,306.5614999999997,408.1,4896,58752,1024,64672,N/A,N/A,Stage11,stage11_soft_quantization/results/stage11_soft_quantization_results.csv,CC-B-R12-S-Float,0630a8d707ee7eb702175ddb77417e408b5516eeaad977bac6187295d8b851c6
R12_FLOAT_BLOCK_FULL,R12,Soft Float,Float,Float,0.0,Full traceback,306,306,300,Block300,-3.0,1000,0.1423399999999999,0.966,0.1410942957810952,0.1435948636760311,0.9528648097546888,0.9755686513367736,0.01666666666666668,N/A,N/A,N/A,N/A,342.7338000000003,447.8,4896,58752,1024,64672,N/A,N/A,Stage11,stage11_soft_quantization/results/stage11_soft_quantization_results.csv,CC-B-R12-S-Float,0630a8d707ee7eb702175ddb77417e408b5516eeaad977bac6187295d8b851c6
R12_FLOAT_BLOCK_FULL,R12,Soft Float,Float,Float,0.0,Full traceback,306,306,300,Block300,-2.5,1000,0.0805266666666666,0.8659999999999999,0.0795583254506917,0.081505750341995,0.8434798887826999,0.8857189240058736,0.06568627450980397,N/A,N/A,N/A,N/A,354.1522000000002,444.2,4896,58752,1024,64672,N/A,N/A,Stage11,stage11_soft_quantization/results/stage11_soft_quantization_results.csv,CC-B-R12-S-Float,0630a8d707ee7eb702175ddb77417e408b5516eeaad977bac6187295d8b851c6
R12_FLOAT_BLOCK_FULL,R12,Soft Float,Float,Float,0.0,Full traceback,306,306,300,Block300,0.5,38219,7.753560619935984e-05,0.005232999293545,7.260373727300481e-05,8.280246224679582e-05,0.0045577100655055,0.0060077383262832,0.48763088269924254,N/A,N/A,N/A,N/A,400.9922996415394,519.1,4896,58752,1024,64672,N/A,N/A,Stage11,stage11_soft_quantization/results/stage11_soft_quantization_results.csv,CC-B-R12-S-Float,0630a8d707ee7eb702175ddb77417e408b5516eeaad977bac6187295d8b851c6
R12_FLOAT_BLOCK_FULL,R12,Soft Float,Float,Float,0.0,Full traceback,306,306,300,Block300,1.0,50000,1.5133333333333331e-05,0.001,1.3288577776533676e-05,1.7234178328051884e-05,0.0007586635624695,0.0013180060651271,0.4897058823529411,N/A,N/A,N/A,N/A,394.56875400000126,519.9,4896,58752,1024,64672,N/A,N/A,Stage11,stage11_soft_quantization/results/stage11_soft_quantization_results.csv,CC-B-R12-S-Float,0630a8d707ee7eb702175ddb77417e408b5516eeaad977bac6187295d8b851c6
R12_FLOAT_BLOCK_FULL,R12,Soft Float,Float,Float,0.0,Full traceback,306,306,300,Block300,1.5,50000,1.6666666666666669e-06,0.0001399999999999,1.1289639272114891e-06,2.4604657415917013e-06,6.781887437968768e-05,0.0002889828892485,0.4901274509803921,N/A,N/A,N/A,N/A,395.18965400000377,518.1,4896,58752,1024,64672,N/A,N/A,Stage11,stage11_soft_quantization/results/stage11_soft_quantization_results.csv,CC-B-R12-S-Float,0630a8d707ee7eb702175ddb77417e408b5516eeaad977bac6187295d8b851c6
R12_FLOAT_BLOCK_FULL,R12,Soft Float,Float,Float,0.0,Full traceback,306,306,300,Block300,2.0,50000,2.0000000000000002e-07,4e-05,6.801805083585822e-08,5.880790358524208e-07,1.0969511301390302e-05,0.0001458476169816,0.4901764705882352,N/A,N/A,N/A,N/A,396.75463199999894,515.7,4896,58752,1024,64672,N/A,N/A,Stage11,stage11_soft_quantization/results/stage11_soft_quantization_results.csv,CC-B-R12-S-Float,0630a8d707ee7eb702175ddb77417e408b5516eeaad977bac6187295d8b851c6
R12_FLOAT_BLOCK_FULL,R12,Soft Float,Float,Float,0.0,Full traceback,306,306,300,Block300,2.5,50000,0.0,0.0,0.0,2.5609718912715457e-07,0.0,7.682327414500052e-05,0.4901960784313725,N/A,N/A,N/A,N/A,373.99792600000205,483.7,4896,58752,1024,64672,N/A,N/A,Stage11,stage11_soft_quantization/results/stage11_soft_quantization_results.csv,CC-B-R12-S-Float,0630a8d707ee7eb702175ddb77417e408b5516eeaad977bac6187295d8b851c6
R12_FLOAT_BLOCK_FULL,R12,Soft Float,Float,Float,0.0,Full traceback,306,306,300,Block300,3.0,50000,0.0,0.0,0.0,2.5609718912715457e-07,0.0,7.682327414500052e-05,0.4901960784313725,N/A,N/A,N/A,N/A,365.032502,478.5,4896,58752,1024,64672,N/A,N/A,Stage11,stage11_soft_quantization/results/stage11_soft_quantization_results.csv,CC-B-R12-S-Float,0630a8d707ee7eb702175ddb77417e408b5516eeaad977bac6187295d8b851c6
R12_FLOAT_BLOCK_FULL,R12,Soft Float,Float,Float,0.0,Full traceback,306,306,300,Block300,3.5,50000,0.0,0.0,0.0,2.5609718912715457e-07,0.0,7.682327414500052e-05,0.4901960784313725,N/A,N/A,N/A,N/A,368.0264260000007,485.5,4896,58752,1024,64672,N/A,N/A,Stage11,stage11_soft_quantization/results/stage11_soft_quantization_results.csv,CC-B-R12-S-Float,0630a8d707ee7eb702175ddb77417e408b5516eeaad977bac6187295d8b851c6
R12_FLOAT_BLOCK_FULL,R12,Soft Float,Float,Float,0.0,Full traceback,306,306,300,Block300,4.0,50000,0.0,0.0,0.0,2.5609718912715457e-07,0.0,7.682327414500052e-05,0.4901960784313725,N/A,N/A,N/A,N/A,391.8166700000008,527.3,4896,58752,1024,64672,N/A,N/A,Stage11,stage11_soft_quantization/results/stage11_soft_quantization_results.csv,CC-B-R12-S-Float,0630a8d707ee7eb702175ddb77417e408b5516eeaad977bac6187295d8b851c6
R12_FLOAT_BLOCK_FULL,R12,Soft Float,Float,Float,0.0,Full traceback,306,306,300,Block300,4.5,50000,0.0,0.0,0.0,2.5609718912715457e-07,0.0,7.682327414500052e-05,0.4901960784313725,N/A,N/A,N/A,N/A,422.4647359999991,612.3,4896,58752,1024,64672,N/A,N/A,Stage11,stage11_soft_quantization/results/stage11_soft_quantization_results.csv,CC-B-R12-S-Float,0630a8d707ee7eb702175ddb77417e408b5516eeaad977bac6187295d8b851c6
R12_FLOAT_BLOCK_FULL,R12,Soft Float,Float,Float,0.0,Full traceback,306,306,300,Block300,5.0,50000,0.0,0.0,0.0,2.5609718912715457e-07,0.0,7.682327414500052e-05,0.4901960784313725,N/A,N/A,N/A,N/A,421.003656000005,623.5,4896,58752,1024,64672,N/A,N/A,Stage11,stage11_soft_quantization/results/stage11_soft_quantization_results.csv,CC-B-R12-S-Float,0630a8d707ee7eb702175ddb77417e408b5516eeaad977bac6187295d8b851c6
R12_FLOAT_BLOCK_FULL,R12,Soft Float,Float,Float,0.0,Full traceback,306,306,300,Block300,5.5,50000,0.0,0.0,0.0,2.5609718912715457e-07,0.0,7.682327414500052e-05,0.4901960784313725,N/A,N/A,N/A,N/A,416.98977199999536,610.4,4896,58752,1024,64672,N/A,N/A,Stage11,stage11_soft_quantization/results/stage11_soft_quantization_results.csv,CC-B-R12-S-Float,0630a8d707ee7eb702175ddb77417e408b5516eeaad977bac6187295d8b851c6
R12_FLOAT_BLOCK_FULL,R12,Soft Float,Float,Float,0.0,Full traceback,306,306,300,Block300,6.0,50000,0.0,0.0,0.0,2.5609718912715457e-07,0.0,7.682327414500052e-05,0.4901960784313725,N/A,N/A,N/A,N/A,407.10569399999713,602.1,4896,58752,1024,64672,N/A,N/A,Stage11,stage11_soft_quantization/results/stage11_soft_quantization_results.csv,CC-B-R12-S-Float,0630a8d707ee7eb702175ddb77417e408b5516eeaad977bac6187295d8b851c6
R12_FLOAT_BLOCK_FULL,R12,Soft Float,Float,Float,0.0,Full traceback,306,306,300,Block300,6.5,50000,0.0,0.0,0.0,2.5609718912715457e-07,0.0,7.682327414500052e-05,0.4901960784313725,N/A,N/A,N/A,N/A,372.07260999999914,537.2,4896,58752,1024,64672,N/A,N/A,Stage11,stage11_soft_quantization/results/stage11_soft_quantization_results.csv,CC-B-R12-S-Float,0630a8d707ee7eb702175ddb77417e408b5516eeaad977bac6187295d8b851c6
R12_FLOAT_BLOCK_FULL,R12,Soft Float,Float,Float,0.0,Full traceback,306,306,300,Block300,7.0,50000,0.0,0.0,0.0,2.5609718912715457e-07,0.0,7.682327414500052e-05,0.4901960784313725,N/A,N/A,N/A,N/A,358.1420079999979,506.8,4896,58752,1024,64672,N/A,N/A,Stage11,stage11_soft_quantization/results/stage11_soft_quantization_results.csv,CC-B-R12-S-Float,0630a8d707ee7eb702175ddb77417e408b5516eeaad977bac6187295d8b851c6
R12_FLOAT_BLOCK_FULL,R12,Soft Float,Float,Float,0.0,Full traceback,306,306,300,Block300,7.5,50000,0.0,0.0,0.0,2.5609718912715457e-07,0.0,7.682327414500052e-05,0.4901960784313725,N/A,N/A,N/A,N/A,354.9076179999967,505.9,4896,58752,1024,64672,N/A,N/A,Stage11,stage11_soft_quantization/results/stage11_soft_quantization_results.csv,CC-B-R12-S-Float,0630a8d707ee7eb702175ddb77417e408b5516eeaad977bac6187295d8b851c6
R12_FLOAT_BLOCK_FULL,R12,Soft Float,Float,Float,0.0,Full traceback,306,306,300,Block300,8.0,50000,0.0,0.0,0.0,2.5609718912715457e-07,0.0,7.682327414500052e-05,0.4901960784313725,N/A,N/A,N/A,N/A,354.5210080000032,504.8,4896,58752,1024,64672,N/A,N/A,Stage11,stage11_soft_quantization/results/stage11_soft_quantization_results.csv,CC-B-R12-S-Float,0630a8d707ee7eb702175ddb77417e408b5516eeaad977bac6187295d8b851c6
R12_FLOAT_BLOCK_FULL,R12,Soft Float,Float,Float,0.0,Full traceback,306,306,300,Block300,8.5,50000,0.0,0.0,0.0,2.5609718912715457e-07,0.0,7.682327414500052e-05,0.4901960784313725,N/A,N/A,N/A,N/A,416.30040400000206,642.5,4896,58752,1024,64672,N/A,N/A,Stage11,stage11_soft_quantization/results/stage11_soft_quantization_results.csv,CC-B-R12-S-Float,0630a8d707ee7eb702175ddb77417e408b5516eeaad977bac6187295d8b851c6
R12_FLOAT_BLOCK_FULL,R12,Soft Float,Float,Float,0.0,Full traceback,306,306,300,Block300,9.0,50000,0.0,0.0,0.0,2.5609718912715457e-07,0.0,7.682327414500052e-05,0.4901960784313725,N/A,N/A,N/A,N/A,455.35202199999975,708.3,4896,58752,1024,64672,N/A,N/A,Stage11,stage11_soft_quantization/results/stage11_soft_quantization_results.csv,CC-B-R12-S-Float,0630a8d707ee7eb702175ddb77417e408b5516eeaad977bac6187295d8b851c6
R12_FLOAT_BLOCK_FULL,R12,Soft Float,Float,Float,0.0,Full traceback,306,306,300,Block300,9.5,50000,0.0,0.0,0.0,2.5609718912715457e-07,0.0,7.682327414500052e-05,0.4901960784313725,N/A,N/A,N/A,N/A,458.1758719999965,726.7999999999998,4896,58752,1024,64672,N/A,N/A,Stage11,stage11_soft_quantization/results/stage11_soft_quantization_results.csv,CC-B-R12-S-Float,0630a8d707ee7eb702175ddb77417e408b5516eeaad977bac6187295d8b851c6
R12_FLOAT_BLOCK_FULL,R12,Soft Float,Float,Float,0.0,Full traceback,306,306,300,Block300,10.0,50000,0.0,0.0,0.0,2.5609718912715457e-07,0.0,7.682327414500052e-05,0.4901960784313725,N/A,N/A,N/A,N/A,483.9561959999943,766.2,4896,58752,1024,64672,N/A,N/A,Stage11,stage11_soft_quantization/results/stage11_soft_quantization_results.csv,CC-B-R12-S-Float,0630a8d707ee7eb702175ddb77417e408b5516eeaad977bac6187295d8b851c6
R23_Q8_BLOCK_FULL,R23,Soft Quantized,Q8,8,2.0,Full traceback,306,306,300,Block300,-5.0,1000,0.4746233333333333,1.0,0.4728367814202028,0.476410535127609,0.9961732415144448,1.0,0.0,N/A,N/A,N/A,N/A,414.97799999999967,692.8,459,58752,512,59723,N/A,N/A,Stage11,stage11_soft_quantization/results/stage11_soft_quantization_results.csv,CC-B-R23-S-Q8,0630a8d707ee7eb702175ddb77417e408b5516eeaad977bac6187295d8b851c6
R23_Q8_BLOCK_FULL,R23,Soft Quantized,Q8,8,2.0,Full traceback,306,306,300,Block300,-4.5,1000,0.4657399999999999,1.0,0.4639554609856728,0.467525416392287,0.9961732415144448,1.0,0.0,N/A,N/A,N/A,N/A,531.7730999999995,1140.6,459,58752,512,59723,N/A,N/A,Stage11,stage11_soft_quantization/results/stage11_soft_quantization_results.csv,CC-B-R23-S-Q8,0630a8d707ee7eb702175ddb77417e408b5516eeaad977bac6187295d8b851c6
R23_Q8_BLOCK_FULL,R23,Soft Quantized,Q8,8,2.0,Full traceback,306,306,300,Block300,-4.0,1000,0.4528733333333333,1.0,0.451092718987304,0.4546551545649043,0.9961732415144448,1.0,0.0,N/A,N/A,N/A,N/A,431.28569999999974,752.7,459,58752,512,59723,N/A,N/A,Stage11,stage11_soft_quantization/results/stage11_soft_quantization_results.csv,CC-B-R23-S-Q8,0630a8d707ee7eb702175ddb77417e408b5516eeaad977bac6187295d8b851c6
R23_Q8_BLOCK_FULL,R23,Soft Quantized,Q8,8,2.0,Full traceback,306,306,300,Block300,-3.5,1000,0.43362,1.0,0.4318475045455884,0.4353941954062206,0.9961732415144448,1.0,0.0,N/A,N/A,N/A,N/A,372.5520000000004,622.0,459,58752,512,59723,N/A,N/A,Stage11,stage11_soft_quantization/results/stage11_soft_quantization_results.csv,CC-B-R23-S-Q8,0630a8d707ee7eb702175ddb77417e408b5516eeaad977bac6187295d8b851c6
R23_Q8_BLOCK_FULL,R23,Soft Quantized,Q8,8,2.0,Full traceback,306,306,300,Block300,-3.0,1000,0.4045666666666666,1.0,0.4028115979334899,0.4063241793900159,0.9961732415144448,1.0,0.0,N/A,N/A,N/A,N/A,366.18900000000014,512.8,459,58752,512,59723,N/A,N/A,Stage11,stage11_soft_quantization/results/stage11_soft_quantization_results.csv,CC-B-R23-S-Q8,0630a8d707ee7eb702175ddb77417e408b5516eeaad977bac6187295d8b851c6
R23_Q8_BLOCK_FULL,R23,Soft Quantized,Q8,8,2.0,Full traceback,306,306,300,Block300,-2.5,1000,0.3625433333333333,1.0,0.3608248488139347,0.3642653380351539,0.9961732415144448,1.0,0.0,N/A,N/A,N/A,N/A,446.11369999999977,764.4,459,58752,512,59723,N/A,N/A,Stage11,stage11_soft_quantization/results/stage11_soft_quantization_results.csv,CC-B-R23-S-Q8,0630a8d707ee7eb702175ddb77417e408b5516eeaad977bac6187295d8b851c6
R23_Q8_BLOCK_FULL,R23,Soft Quantized,Q8,8,2.0,Full traceback,306,306,300,Block300,-2.0,1000,0.30346,0.998,0.3018173535778627,0.305107679693131,0.992737192136508,0.9994513564118792,0.0013071895424836611,N/A,N/A,N/A,N/A,379.1170000000004,541.0,459,58752,512,59723,N/A,N/A,Stage11,stage11_soft_quantization/results/stage11_soft_quantization_results.csv,CC-B-R23-S-Q8,0630a8d707ee7eb702175ddb77417e408b5516eeaad977bac6187295d8b851c6
R23_Q8_BLOCK_FULL,R23,Soft Quantized,Q8,8,2.0,Full traceback,306,306,300,Block300,-1.5,1000,0.22913,0.992,0.2276295738502056,0.2306373629673077,0.9842936654690198,0.995940804181194,0.0052287581699346445,N/A,N/A,N/A,N/A,405.51150000000007,672.3,459,58752,512,59723,N/A,N/A,Stage11,stage11_soft_quantization/results/stage11_soft_quantization_results.csv,CC-B-R23-S-Q8,0630a8d707ee7eb702175ddb77417e408b5516eeaad977bac6187295d8b851c6
R23_Q8_BLOCK_FULL,R23,Soft Quantized,Q8,8,2.0,Full traceback,306,306,300,Block300,-1.0,1000,0.1468433333333333,0.925,0.1455812860815255,0.1481144247146139,0.9069990602607456,0.9397481950265328,0.04901960784313722,N/A,N/A,N/A,N/A,435.3331000000002,625.7,459,58752,512,59723,N/A,N/A,Stage11,stage11_soft_quantization/results/stage11_soft_quantization_results.csv,CC-B-R23-S-Q8,0630a8d707ee7eb702175ddb77417e408b5516eeaad977bac6187295d8b851c6
R23_Q8_BLOCK_FULL,R23,Soft Quantized,Q8,8,2.0,Full traceback,306,306,300,Block300,2.5,50000,3.2933333333333325e-05,0.00174,3.015444201645077e-05,3.5968304971074854e-05,0.001410983655554,0.0021455722735969,0.6524575163398691,N/A,N/A,N/A,N/A,388.1801319999991,562.3,459,58752,512,59723,N/A,N/A,Stage11,stage11_soft_quantization/results/stage11_soft_quantization_results.csv,CC-B-R23-S-Q8,0630a8d707ee7eb702175ddb77417e408b5516eeaad977bac6187295d8b851c6
R23_Q8_BLOCK_FULL,R23,Soft Quantized,Q8,8,2.0,Full traceback,306,306,300,Block300,3.0,50000,5.066666666666667e-06,0.00034,4.04843798139274e-06,6.340989945949566e-06,0.0002122997550771,0.0005444712792414,0.6533725490196077,N/A,N/A,N/A,N/A,396.69421200000113,590.1,459,58752,512,59723,N/A,N/A,Stage11,stage11_soft_quantization/results/stage11_soft_quantization_results.csv,CC-B-R23-S-Q8,0630a8d707ee7eb702175ddb77417e408b5516eeaad977bac6187295d8b851c6
R23_Q8_BLOCK_FULL,R23,Soft Quantized,Q8,8,2.0,Full traceback,306,306,300,Block300,3.5,50000,1.0000000000000002e-06,6e-05,6.060394209046589e-07,1.6500572560281173e-06,2.0405619612978105e-05,0.0001764084357391,0.6535555555555554,N/A,N/A,N/A,N/A,387.4301739999977,571.9,459,58752,512,59723,N/A,N/A,Stage11,stage11_soft_quantization/results/stage11_soft_quantization_results.csv,CC-B-R23-S-Q8,0630a8d707ee7eb702175ddb77417e408b5516eeaad977bac6187295d8b851c6
R23_Q8_BLOCK_FULL,R23,Soft Quantized,Q8,8,2.0,Full traceback,306,306,300,Block300,4.0,50000,0.0,0.0,0.0,2.5609718912715457e-07,0.0,7.682327414500052e-05,0.65359477124183,N/A,N/A,N/A,N/A,402.80753800000474,603.7,459,58752,512,59723,N/A,N/A,Stage11,stage11_soft_quantization/results/stage11_soft_quantization_results.csv,CC-B-R23-S-Q8,0630a8d707ee7eb702175ddb77417e408b5516eeaad977bac6187295d8b851c6
R23_Q8_BLOCK_FULL,R23,Soft Quantized,Q8,8,2.0,Full traceback,306,306,300,Block300,4.5,50000,0.0,0.0,0.0,2.5609718912715457e-07,0.0,7.682327414500052e-05,0.65359477124183,N/A,N/A,N/A,N/A,430.0617719999974,660.4,459,58752,512,59723,N/A,N/A,Stage11,stage11_soft_quantization/results/stage11_soft_quantization_results.csv,CC-B-R23-S-Q8,0630a8d707ee7eb702175ddb77417e408b5516eeaad977bac6187295d8b851c6
R23_Q8_BLOCK_FULL,R23,Soft Quantized,Q8,8,2.0,Full traceback,306,306,300,Block300,5.0,50000,0.0,0.0,0.0,2.5609718912715457e-07,0.0,7.682327414500052e-05,0.65359477124183,N/A,N/A,N/A,N/A,423.00128399999625,635.5,459,58752,512,59723,N/A,N/A,Stage11,stage11_soft_quantization/results/stage11_soft_quantization_results.csv,CC-B-R23-S-Q8,0630a8d707ee7eb702175ddb77417e408b5516eeaad977bac6187295d8b851c6
R23_Q8_BLOCK_FULL,R23,Soft Quantized,Q8,8,2.0,Full traceback,306,306,300,Block300,5.5,50000,0.0,0.0,0.0,2.5609718912715457e-07,0.0,7.682327414500052e-05,0.65359477124183,N/A,N/A,N/A,N/A,426.10757200000114,646.2,459,58752,512,59723,N/A,N/A,Stage11,stage11_soft_quantization/results/stage11_soft_quantization_results.csv,CC-B-R23-S-Q8,0630a8d707ee7eb702175ddb77417e408b5516eeaad977bac6187295d8b851c6
R23_Q8_BLOCK_FULL,R23,Soft Quantized,Q8,8,2.0,Full traceback,306,306,300,Block300,6.0,50000,0.0,0.0,0.0,2.5609718912715457e-07,0.0,7.682327414500052e-05,0.65359477124183,N/A,N/A,N/A,N/A,438.85869800000006,702.7,459,58752,512,59723,N/A,N/A,Stage11,stage11_soft_quantization/results/stage11_soft_quantization_results.csv,CC-B-R23-S-Q8,0630a8d707ee7eb702175ddb77417e408b5516eeaad977bac6187295d8b851c6
R23_Q8_BLOCK_FULL,R23,Soft Quantized,Q8,8,2.0,Full traceback,306,306,300,Block300,6.5,50000,0.0,0.0,0.0,2.5609718912715457e-07,0.0,7.682327414500052e-05,0.65359477124183,N/A,N/A,N/A,N/A,420.91369399999854,615.8,459,58752,512,59723,N/A,N/A,Stage11,stage11_soft_quantization/results/stage11_soft_quantization_results.csv,CC-B-R23-S-Q8,0630a8d707ee7eb702175ddb77417e408b5516eeaad977bac6187295d8b851c6
R23_Q8_BLOCK_FULL,R23,Soft Quantized,Q8,8,2.0,Full traceback,306,306,300,Block300,7.0,50000,0.0,0.0,0.0,2.5609718912715457e-07,0.0,7.682327414500052e-05,0.65359477124183,N/A,N/A,N/A,N/A,432.4316040000005,662.6,459,58752,512,59723,N/A,N/A,Stage11,stage11_soft_quantization/results/stage11_soft_quantization_results.csv,CC-B-R23-S-Q8,0630a8d707ee7eb702175ddb77417e408b5516eeaad977bac6187295d8b851c6
R23_Q8_BLOCK_FULL,R23,Soft Quantized,Q8,8,2.0,Full traceback,306,306,300,Block300,7.5,50000,0.0,0.0,0.0,2.5609718912715457e-07,0.0,7.682327414500052e-05,0.65359477124183,N/A,N/A,N/A,N/A,423.7373359999977,627.0,459,58752,512,59723,N/A,N/A,Stage11,stage11_soft_quantization/results/stage11_soft_quantization_results.csv,CC-B-R23-S-Q8,0630a8d707ee7eb702175ddb77417e408b5516eeaad977bac6187295d8b851c6
R23_Q8_BLOCK_FULL,R23,Soft Quantized,Q8,8,2.0,Full traceback,306,306,300,Block300,8.0,50000,0.0,0.0,0.0,2.5609718912715457e-07,0.0,7.682327414500052e-05,0.65359477124183,N/A,N/A,N/A,N/A,417.86998600000055,617.9,459,58752,512,59723,N/A,N/A,Stage11,stage11_soft_quantization/results/stage11_soft_quantization_results.csv,CC-B-R23-S-Q8,0630a8d707ee7eb702175ddb77417e408b5516eeaad977bac6187295d8b851c6
R23_Q8_BLOCK_FULL,R23,Soft Quantized,Q8,8,2.0,Full traceback,306,306,300,Block300,8.5,50000,0.0,0.0,0.0,2.5609718912715457e-07,0.0,7.682327414500052e-05,0.65359477124183,N/A,N/A,N/A,N/A,429.9358759999996,723.2999999999998,459,58752,512,59723,N/A,N/A,Stage11,stage11_soft_quantization/results/stage11_soft_quantization_results.csv,CC-B-R23-S-Q8,0630a8d707ee7eb702175ddb77417e408b5516eeaad977bac6187295d8b851c6
R23_Q8_BLOCK_FULL,R23,Soft Quantized,Q8,8,2.0,Full traceback,306,306,300,Block300,9.0,50000,0.0,0.0,0.0,2.5609718912715457e-07,0.0,7.682327414500052e-05,0.65359477124183,N/A,N/A,N/A,N/A,419.599822,648.6,459,58752,512,59723,N/A,N/A,Stage11,stage11_soft_quantization/results/stage11_soft_quantization_results.csv,CC-B-R23-S-Q8,0630a8d707ee7eb702175ddb77417e408b5516eeaad977bac6187295d8b851c6
R23_Q8_BLOCK_FULL,R23,Soft Quantized,Q8,8,2.0,Full traceback,306,306,300,Block300,9.5,50000,0.0,0.0,0.0,2.5609718912715457e-07,0.0,7.682327414500052e-05,0.65359477124183,N/A,N/A,N/A,N/A,427.30572600000073,693.9,459,58752,512,59723,N/A,N/A,Stage11,stage11_soft_quantization/results/stage11_soft_quantization_results.csv,CC-B-R23-S-Q8,0630a8d707ee7eb702175ddb77417e408b5516eeaad977bac6187295d8b851c6
R23_Q8_BLOCK_FULL,R23,Soft Quantized,Q8,8,2.0,Full traceback,306,306,300,Block300,10.0,50000,0.0,0.0,0.0,2.5609718912715457e-07,0.0,7.682327414500052e-05,0.65359477124183,N/A,N/A,N/A,N/A,437.07719799999467,751.6,459,58752,512,59723,N/A,N/A,Stage11,stage11_soft_quantization/results/stage11_soft_quantization_results.csv,CC-B-R23-S-Q8,0630a8d707ee7eb702175ddb77417e408b5516eeaad977bac6187295d8b851c6
R23_FLOAT_BLOCK_FULL,R23,Soft Float,Float,Float,0.0,Full traceback,306,306,300,Block300,-5.0,1000,0.4748899999999999,1.0,0.4731033964354536,0.4766772466165187,0.9961732415144448,1.0,0.0,N/A,N/A,N/A,N/A,461.8182999999999,823.9,3672,58752,1024,63448,N/A,N/A,Stage11,stage11_soft_quantization/results/stage11_soft_quantization_results.csv,CC-B-R23-S-Float,0630a8d707ee7eb702175ddb77417e408b5516eeaad977bac6187295d8b851c6
R23_FLOAT_BLOCK_FULL,R23,Soft Float,Float,Float,0.0,Full traceback,306,306,300,Block300,-4.5,1000,0.4645466666666666,1.0,0.4627624413436896,0.4663317999281514,0.9961732415144448,1.0,0.0,N/A,N/A,N/A,N/A,625.4805,1205.0,3672,58752,1024,63448,N/A,N/A,Stage11,stage11_soft_quantization/results/stage11_soft_quantization_results.csv,CC-B-R23-S-Float,0630a8d707ee7eb702175ddb77417e408b5516eeaad977bac6187295d8b851c6
R23_FLOAT_BLOCK_FULL,R23,Soft Float,Float,Float,0.0,Full traceback,306,306,300,Block300,-4.0,1000,0.4514933333333333,1.0,0.4497132110778066,0.4532746978153703,0.9961732415144448,1.0,0.0,N/A,N/A,N/A,N/A,486.9863000000002,880.5,3672,58752,1024,63448,N/A,N/A,Stage11,stage11_soft_quantization/results/stage11_soft_quantization_results.csv,CC-B-R23-S-Float,0630a8d707ee7eb702175ddb77417e408b5516eeaad977bac6187295d8b851c6
R23_FLOAT_BLOCK_FULL,R23,Soft Float,Float,Float,0.0,Full traceback,306,306,300,Block300,-3.5,1000,0.4329799999999999,1.0,0.4312078209983575,0.4347538953434659,0.9961732415144448,1.0,0.0,N/A,N/A,N/A,N/A,418.6257000000005,639.9,3672,58752,1024,63448,N/A,N/A,Stage11,stage11_soft_quantization/results/stage11_soft_quantization_results.csv,CC-B-R23-S-Float,0630a8d707ee7eb702175ddb77417e408b5516eeaad977bac6187295d8b851c6
R23_FLOAT_BLOCK_FULL,R23,Soft Float,Float,Float,0.0,Full traceback,306,306,300,Block300,-3.0,1000,0.4041666666666666,1.0,0.4024118819699176,0.4059239055973472,0.9961732415144448,1.0,0.0,N/A,N/A,N/A,N/A,416.5526,595.9,3672,58752,1024,63448,N/A,N/A,Stage11,stage11_soft_quantization/results/stage11_soft_quantization_results.csv,CC-B-R23-S-Float,0630a8d707ee7eb702175ddb77417e408b5516eeaad977bac6187295d8b851c6
R23_FLOAT_BLOCK_FULL,R23,Soft Float,Float,Float,0.0,Full traceback,306,306,300,Block300,-2.5,1000,0.36214,1.0,0.3604219339708533,0.3638615965406925,0.9961732415144448,1.0,0.0,N/A,N/A,N/A,N/A,507.2639999999999,820.2999999999998,3672,58752,1024,63448,N/A,N/A,Stage11,stage11_soft_quantization/results/stage11_soft_quantization_results.csv,CC-B-R23-S-Float,0630a8d707ee7eb702175ddb77417e408b5516eeaad977bac6187295d8b851c6
R23_FLOAT_BLOCK_FULL,R23,Soft Float,Float,Float,0.0,Full traceback,306,306,300,Block300,-2.0,1000,0.3032033333333333,0.998,0.3015610831236114,0.3048506233871277,0.992737192136508,0.9994513564118792,0.0013071895424836611,N/A,N/A,N/A,N/A,424.26179999999965,633.2,3672,58752,1024,63448,N/A,N/A,Stage11,stage11_soft_quantization/results/stage11_soft_quantization_results.csv,CC-B-R23-S-Float,0630a8d707ee7eb702175ddb77417e408b5516eeaad977bac6187295d8b851c6
R23_FLOAT_BLOCK_FULL,R23,Soft Float,Float,Float,0.0,Full traceback,306,306,300,Block300,-1.5,1000,0.2288066666666666,0.993,0.227306990976417,0.2303132874548015,0.9856216845342332,0.9966051315990092,0.004575163398692814,N/A,N/A,N/A,N/A,426.5356000000002,713.6,3672,58752,1024,63448,N/A,N/A,Stage11,stage11_soft_quantization/results/stage11_soft_quantization_results.csv,CC-B-R23-S-Float,0630a8d707ee7eb702175ddb77417e408b5516eeaad977bac6187295d8b851c6
R23_FLOAT_BLOCK_FULL,R23,Soft Float,Float,Float,0.0,Full traceback,306,306,300,Block300,-1.0,1000,0.14698,0.924,0.1457174632483065,0.1482515773812152,0.9059043568759516,0.9388505519282976,0.04967320261437905,N/A,N/A,N/A,N/A,449.6741,701.9,3672,58752,1024,63448,N/A,N/A,Stage11,stage11_soft_quantization/results/stage11_soft_quantization_results.csv,CC-B-R23-S-Float,0630a8d707ee7eb702175ddb77417e408b5516eeaad977bac6187295d8b851c6
R23_FLOAT_BLOCK_FULL,R23,Soft Float,Float,Float,0.0,Full traceback,306,306,300,Block300,2.5,50000,3.3866666666666665e-05,0.00182,3.104695174260793e-05,3.694246143353628e-05,0.001482734042134,0.002233809595293,0.6524052287581698,N/A,N/A,N/A,N/A,431.07043399999606,643.2,3672,58752,1024,63448,N/A,N/A,Stage11,stage11_soft_quantization/results/stage11_soft_quantization_results.csv,CC-B-R23-S-Float,0630a8d707ee7eb702175ddb77417e408b5516eeaad977bac6187295d8b851c6
R23_FLOAT_BLOCK_FULL,R23,Soft Float,Float,Float,0.0,Full traceback,306,306,300,Block300,3.0,50000,5.066666666666667e-06,0.00034,4.04843798139274e-06,6.340989945949566e-06,0.0002122997550771,0.0005444712792414,0.6533725490196077,N/A,N/A,N/A,N/A,440.2953260000051,671.8,3672,58752,1024,63448,N/A,N/A,Stage11,stage11_soft_quantization/results/stage11_soft_quantization_results.csv,CC-B-R23-S-Float,0630a8d707ee7eb702175ddb77417e408b5516eeaad977bac6187295d8b851c6
R23_FLOAT_BLOCK_FULL,R23,Soft Float,Float,Float,0.0,Full traceback,306,306,300,Block300,3.5,50000,1.0000000000000002e-06,6e-05,6.060394209046589e-07,1.6500572560281173e-06,2.0405619612978105e-05,0.0001764084357391,0.6535555555555554,N/A,N/A,N/A,N/A,433.0228160000033,643.2,3672,58752,1024,63448,N/A,N/A,Stage11,stage11_soft_quantization/results/stage11_soft_quantization_results.csv,CC-B-R23-S-Float,0630a8d707ee7eb702175ddb77417e408b5516eeaad977bac6187295d8b851c6
R23_FLOAT_BLOCK_FULL,R23,Soft Float,Float,Float,0.0,Full traceback,306,306,300,Block300,4.0,50000,0.0,0.0,0.0,2.5609718912715457e-07,0.0,7.682327414500052e-05,0.65359477124183,N/A,N/A,N/A,N/A,450.4270779999992,676.2,3672,58752,1024,63448,N/A,N/A,Stage11,stage11_soft_quantization/results/stage11_soft_quantization_results.csv,CC-B-R23-S-Float,0630a8d707ee7eb702175ddb77417e408b5516eeaad977bac6187295d8b851c6
R23_FLOAT_BLOCK_FULL,R23,Soft Float,Float,Float,0.0,Full traceback,306,306,300,Block300,4.5,50000,0.0,0.0,0.0,2.5609718912715457e-07,0.0,7.682327414500052e-05,0.65359477124183,N/A,N/A,N/A,N/A,487.35834999999946,763.1,3672,58752,1024,63448,N/A,N/A,Stage11,stage11_soft_quantization/results/stage11_soft_quantization_results.csv,CC-B-R23-S-Float,0630a8d707ee7eb702175ddb77417e408b5516eeaad977bac6187295d8b851c6
R23_FLOAT_BLOCK_FULL,R23,Soft Float,Float,Float,0.0,Full traceback,306,306,300,Block300,5.0,50000,0.0,0.0,0.0,2.5609718912715457e-07,0.0,7.682327414500052e-05,0.65359477124183,N/A,N/A,N/A,N/A,475.90509199999747,730.2999999999998,3672,58752,1024,63448,N/A,N/A,Stage11,stage11_soft_quantization/results/stage11_soft_quantization_results.csv,CC-B-R23-S-Float,0630a8d707ee7eb702175ddb77417e408b5516eeaad977bac6187295d8b851c6
R23_FLOAT_BLOCK_FULL,R23,Soft Float,Float,Float,0.0,Full traceback,306,306,300,Block300,5.5,50000,0.0,0.0,0.0,2.5609718912715457e-07,0.0,7.682327414500052e-05,0.65359477124183,N/A,N/A,N/A,N/A,484.36522800000375,748.0,3672,58752,1024,63448,N/A,N/A,Stage11,stage11_soft_quantization/results/stage11_soft_quantization_results.csv,CC-B-R23-S-Float,0630a8d707ee7eb702175ddb77417e408b5516eeaad977bac6187295d8b851c6
R23_FLOAT_BLOCK_FULL,R23,Soft Float,Float,Float,0.0,Full traceback,306,306,300,Block300,6.0,50000,0.0,0.0,0.0,2.5609718912715457e-07,0.0,7.682327414500052e-05,0.65359477124183,N/A,N/A,N/A,N/A,493.8030720000035,794.2,3672,58752,1024,63448,N/A,N/A,Stage11,stage11_soft_quantization/results/stage11_soft_quantization_results.csv,CC-B-R23-S-Float,0630a8d707ee7eb702175ddb77417e408b5516eeaad977bac6187295d8b851c6
R23_FLOAT_BLOCK_FULL,R23,Soft Float,Float,Float,0.0,Full traceback,306,306,300,Block300,6.5,50000,0.0,0.0,0.0,2.5609718912715457e-07,0.0,7.682327414500052e-05,0.65359477124183,N/A,N/A,N/A,N/A,478.9279560000006,711.7,3672,58752,1024,63448,N/A,N/A,Stage11,stage11_soft_quantization/results/stage11_soft_quantization_results.csv,CC-B-R23-S-Float,0630a8d707ee7eb702175ddb77417e408b5516eeaad977bac6187295d8b851c6
R23_FLOAT_BLOCK_FULL,R23,Soft Float,Float,Float,0.0,Full traceback,306,306,300,Block300,7.0,50000,0.0,0.0,0.0,2.5609718912715457e-07,0.0,7.682327414500052e-05,0.65359477124183,N/A,N/A,N/A,N/A,488.9278259999999,772.0,3672,58752,1024,63448,N/A,N/A,Stage11,stage11_soft_quantization/results/stage11_soft_quantization_results.csv,CC-B-R23-S-Float,0630a8d707ee7eb702175ddb77417e408b5516eeaad977bac6187295d8b851c6
R23_FLOAT_BLOCK_FULL,R23,Soft Float,Float,Float,0.0,Full traceback,306,306,300,Block300,7.5,50000,0.0,0.0,0.0,2.5609718912715457e-07,0.0,7.682327414500052e-05,0.65359477124183,N/A,N/A,N/A,N/A,478.39408800000007,731.5,3672,58752,1024,63448,N/A,N/A,Stage11,stage11_soft_quantization/results/stage11_soft_quantization_results.csv,CC-B-R23-S-Float,0630a8d707ee7eb702175ddb77417e408b5516eeaad977bac6187295d8b851c6
R23_FLOAT_BLOCK_FULL,R23,Soft Float,Float,Float,0.0,Full traceback,306,306,300,Block300,8.0,50000,0.0,0.0,0.0,2.5609718912715457e-07,0.0,7.682327414500052e-05,0.65359477124183,N/A,N/A,N/A,N/A,474.3867220000001,702.5,3672,58752,1024,63448,N/A,N/A,Stage11,stage11_soft_quantization/results/stage11_soft_quantization_results.csv,CC-B-R23-S-Float,0630a8d707ee7eb702175ddb77417e408b5516eeaad977bac6187295d8b851c6
R23_FLOAT_BLOCK_FULL,R23,Soft Float,Float,Float,0.0,Full traceback,306,306,300,Block300,8.5,50000,0.0,0.0,0.0,2.5609718912715457e-07,0.0,7.682327414500052e-05,0.65359477124183,N/A,N/A,N/A,N/A,495.1462380000043,817.7999999999998,3672,58752,1024,63448,N/A,N/A,Stage11,stage11_soft_quantization/results/stage11_soft_quantization_results.csv,CC-B-R23-S-Float,0630a8d707ee7eb702175ddb77417e408b5516eeaad977bac6187295d8b851c6
R23_FLOAT_BLOCK_FULL,R23,Soft Float,Float,Float,0.0,Full traceback,306,306,300,Block300,9.0,50000,0.0,0.0,0.0,2.5609718912715457e-07,0.0,7.682327414500052e-05,0.65359477124183,N/A,N/A,N/A,N/A,475.28112200000095,751.5,3672,58752,1024,63448,N/A,N/A,Stage11,stage11_soft_quantization/results/stage11_soft_quantization_results.csv,CC-B-R23-S-Float,0630a8d707ee7eb702175ddb77417e408b5516eeaad977bac6187295d8b851c6
R23_FLOAT_BLOCK_FULL,R23,Soft Float,Float,Float,0.0,Full traceback,306,306,300,Block300,9.5,50000,0.0,0.0,0.0,2.5609718912715457e-07,0.0,7.682327414500052e-05,0.65359477124183,N/A,N/A,N/A,N/A,485.25440800000285,802.2,3672,58752,1024,63448,N/A,N/A,Stage11,stage11_soft_quantization/results/stage11_soft_quantization_results.csv,CC-B-R23-S-Float,0630a8d707ee7eb702175ddb77417e408b5516eeaad977bac6187295d8b851c6
R23_FLOAT_BLOCK_FULL,R23,Soft Float,Float,Float,0.0,Full traceback,306,306,300,Block300,10.0,50000,0.0,0.0,0.0,2.5609718912715457e-07,0.0,7.682327414500052e-05,0.65359477124183,N/A,N/A,N/A,N/A,497.07444199999514,841.9,3672,58752,1024,63448,N/A,N/A,Stage11,stage11_soft_quantization/results/stage11_soft_quantization_results.csv,CC-B-R23-S-Float,0630a8d707ee7eb702175ddb77417e408b5516eeaad977bac6187295d8b851c6
R34_Q8_BLOCK_FULL,R34,Soft Quantized,Q8,8,2.0,Full traceback,306,306,300,Block300,-5.0,1000,0.4824933333333333,1.0,0.4807054718440775,0.4842816431577755,0.9961732415144448,1.0,0.0,N/A,N/A,N/A,N/A,402.0445000000001,604.0,408,58752,512,59672,N/A,N/A,Stage11,stage11_soft_quantization/results/stage11_soft_quantization_results.csv,CC-B-R34-S-Q8,0630a8d707ee7eb702175ddb77417e408b5516eeaad977bac6187295d8b851c6
R34_Q8_BLOCK_FULL,R34,Soft Quantized,Q8,8,2.0,Full traceback,306,306,300,Block300,-4.5,1000,0.4783066666666666,1.0,0.4765194465075684,0.4800944423789623,0.9961732415144448,1.0,0.0,N/A,N/A,N/A,N/A,439.29550000000046,844.9,408,58752,512,59672,N/A,N/A,Stage11,stage11_soft_quantization/results/stage11_soft_quantization_results.csv,CC-B-R34-S-Q8,0630a8d707ee7eb702175ddb77417e408b5516eeaad977bac6187295d8b851c6
R34_Q8_BLOCK_FULL,R34,Soft Quantized,Q8,8,2.0,Full traceback,306,306,300,Block300,-4.0,1000,0.47325,1.0,0.4714637221831551,0.4750369628682292,0.9961732415144448,1.0,0.0,N/A,N/A,N/A,N/A,404.2593999999999,650.2,408,58752,512,59672,N/A,N/A,Stage11,stage11_soft_quantization/results/stage11_soft_quantization_results.csv,CC-B-R34-S-Q8,0630a8d707ee7eb702175ddb77417e408b5516eeaad977bac6187295d8b851c6
R34_Q8_BLOCK_FULL,R34,Soft Quantized,Q8,8,2.0,Full traceback,306,306,300,Block300,-3.5,1000,0.46532,1.0,0.4635355702202744,0.4671053179136324,0.9961732415144448,1.0,0.0,N/A,N/A,N/A,N/A,416.64289999999977,787.4,408,58752,512,59672,N/A,N/A,Stage11,stage11_soft_quantization/results/stage11_soft_quantization_results.csv,CC-B-R34-S-Q8,0630a8d707ee7eb702175ddb77417e408b5516eeaad977bac6187295d8b851c6
R34_Q8_BLOCK_FULL,R34,Soft Quantized,Q8,8,2.0,Full traceback,306,306,300,Block300,-3.0,1000,0.4537366666666666,1.0,0.4519557514912935,0.4555187666181349,0.9961732415144448,1.0,0.0,N/A,N/A,N/A,N/A,428.5248000000002,772.4,408,58752,512,59672,N/A,N/A,Stage11,stage11_soft_quantization/results/stage11_soft_quantization_results.csv,CC-B-R34-S-Q8,0630a8d707ee7eb702175ddb77417e408b5516eeaad977bac6187295d8b851c6
R34_Q8_BLOCK_FULL,R34,Soft Quantized,Q8,8,2.0,Full traceback,306,306,300,Block300,-2.5,1000,0.4366833333333333,1.0,0.4349093648557414,0.4384589233126132,0.9961732415144448,1.0,0.0,N/A,N/A,N/A,N/A,415.0380999999997,744.7999999999998,408,58752,512,59672,N/A,N/A,Stage11,stage11_soft_quantization/results/stage11_soft_quantization_results.csv,CC-B-R34-S-Q8,0630a8d707ee7eb702175ddb77417e408b5516eeaad977bac6187295d8b851c6
R34_Q8_BLOCK_FULL,R34,Soft Quantized,Q8,8,2.0,Full traceback,306,306,300,Block300,-2.0,1000,0.4121033333333333,1.0,0.4103431385487655,0.4138657790985806,0.9961732415144448,1.0,0.0,N/A,N/A,N/A,N/A,425.8296000000003,771.2999999999998,408,58752,512,59672,N/A,N/A,Stage11,stage11_soft_quantization/results/stage11_soft_quantization_results.csv,CC-B-R34-S-Q8,0630a8d707ee7eb702175ddb77417e408b5516eeaad977bac6187295d8b851c6
R34_Q8_BLOCK_FULL,R34,Soft Quantized,Q8,8,2.0,Full traceback,306,306,300,Block300,-1.5,1000,0.3730399999999999,1.0,0.3713110822944911,0.3747721690746213,0.9961732415144448,1.0,0.0,N/A,N/A,N/A,N/A,384.7137999999997,646.4,408,58752,512,59672,N/A,N/A,Stage11,stage11_soft_quantization/results/stage11_soft_quantization_results.csv,CC-B-R34-S-Q8,0630a8d707ee7eb702175ddb77417e408b5516eeaad977bac6187295d8b851c6
R34_Q8_BLOCK_FULL,R34,Soft Quantized,Q8,8,2.0,Full traceback,306,306,300,Block300,-1.0,1000,0.3186866666666666,0.996,0.3170215856498206,0.3203563910087465,0.9897604437227376,0.9984434118595916,0.002941176470588238,N/A,N/A,N/A,N/A,429.7846999999997,757.7,408,58752,512,59672,N/A,N/A,Stage11,stage11_soft_quantization/results/stage11_soft_quantization_results.csv,CC-B-R34-S-Q8,0630a8d707ee7eb702175ddb77417e408b5516eeaad977bac6187295d8b851c6
R34_Q8_BLOCK_FULL,R34,Soft Quantized,Q8,8,2.0,Full traceback,306,306,300,Block300,-0.5,1000,0.2417499999999999,0.984,0.2402212490297087,0.2432853645972076,0.97416793978826,0.9901277579977226,0.011764705882352951,N/A,N/A,N/A,N/A,431.2869999999997,772.7,408,58752,512,59672,N/A,N/A,Stage11,stage11_soft_quantization/results/stage11_soft_quantization_results.csv,CC-B-R34-S-Q8,0630a8d707ee7eb702175ddb77417e408b5516eeaad977bac6187295d8b851c6
R34_Q8_BLOCK_FULL,R34,Soft Quantized,Q8,8,2.0,Full traceback,306,306,300,Block300,0.0,1000,0.1582966666666666,0.912,0.1569948635830156,0.1596072205668239,0.8928277489502235,0.9280190020576792,0.06470588235294114,N/A,N/A,N/A,N/A,493.15489999999966,932.0,408,58752,512,59672,N/A,N/A,Stage11,stage11_soft_quantization/results/stage11_soft_quantization_results.csv,CC-B-R34-S-Q8,0630a8d707ee7eb702175ddb77417e408b5516eeaad977bac6187295d8b851c6
R34_Q8_BLOCK_FULL,R34,Soft Quantized,Q8,8,2.0,Full traceback,306,306,300,Block300,3.5,50000,3.353333333333333e-05,0.0016,3.072813303717003e-05,3.6594613643038966e-05,0.0012858875320993,0.0019906899075683,0.7341176470588234,N/A,N/A,N/A,N/A,441.9158720000003,753.7999999999998,408,58752,512,59672,N/A,N/A,Stage11,stage11_soft_quantization/results/stage11_soft_quantization_results.csv,CC-B-R34-S-Q8,0630a8d707ee7eb702175ddb77417e408b5516eeaad977bac6187295d8b851c6
R34_Q8_BLOCK_FULL,R34,Soft Quantized,Q8,8,2.0,Full traceback,306,306,300,Block300,4.0,50000,5.533333333333333e-06,0.00032,4.464108882619727e-06,6.858652139031868e-06,0.0001969895725133,0.0005197845347362,0.7350588235294118,N/A,N/A,N/A,N/A,432.22641400000026,670.1,408,58752,512,59672,N/A,N/A,Stage11,stage11_soft_quantization/results/stage11_soft_quantization_results.csv,CC-B-R34-S-Q8,0630a8d707ee7eb702175ddb77417e408b5516eeaad977bac6187295d8b851c6
R34_Q8_BLOCK_FULL,R34,Soft Quantized,Q8,8,2.0,Full traceback,306,306,300,Block300,4.5,50000,6.666666666666668e-07,4e-05,3.621324458596129e-07,1.2272977351379565e-06,1.0969511301390302e-05,0.0001458476169816,0.7352647058823528,N/A,N/A,N/A,N/A,395.3696620000055,498.2,408,58752,512,59672,N/A,N/A,Stage11,stage11_soft_quantization/results/stage11_soft_quantization_results.csv,CC-B-R34-S-Q8,0630a8d707ee7eb702175ddb77417e408b5516eeaad977bac6187295d8b851c6
R34_Q8_BLOCK_FULL,R34,Soft Quantized,Q8,8,2.0,Full traceback,306,306,300,Block300,5.0,50000,0.0,0.0,0.0,2.5609718912715457e-07,0.0,7.682327414500052e-05,0.7352941176470588,N/A,N/A,N/A,N/A,385.0398839999983,470.4,408,58752,512,59672,N/A,N/A,Stage11,stage11_soft_quantization/results/stage11_soft_quantization_results.csv,CC-B-R34-S-Q8,0630a8d707ee7eb702175ddb77417e408b5516eeaad977bac6187295d8b851c6
R34_Q8_BLOCK_FULL,R34,Soft Quantized,Q8,8,2.0,Full traceback,306,306,300,Block300,5.5,50000,0.0,0.0,0.0,2.5609718912715457e-07,0.0,7.682327414500052e-05,0.7352941176470588,N/A,N/A,N/A,N/A,383.1739739999998,466.7,408,58752,512,59672,N/A,N/A,Stage11,stage11_soft_quantization/results/stage11_soft_quantization_results.csv,CC-B-R34-S-Q8,0630a8d707ee7eb702175ddb77417e408b5516eeaad977bac6187295d8b851c6
R34_Q8_BLOCK_FULL,R34,Soft Quantized,Q8,8,2.0,Full traceback,306,306,300,Block300,6.0,50000,0.0,0.0,0.0,2.5609718912715457e-07,0.0,7.682327414500052e-05,0.7352941176470588,N/A,N/A,N/A,N/A,372.9068259999979,432.4,408,58752,512,59672,N/A,N/A,Stage11,stage11_soft_quantization/results/stage11_soft_quantization_results.csv,CC-B-R34-S-Q8,0630a8d707ee7eb702175ddb77417e408b5516eeaad977bac6187295d8b851c6
R34_Q8_BLOCK_FULL,R34,Soft Quantized,Q8,8,2.0,Full traceback,306,306,300,Block300,6.5,50000,0.0,0.0,0.0,2.5609718912715457e-07,0.0,7.682327414500052e-05,0.7352941176470588,N/A,N/A,N/A,N/A,371.8193399999988,429.3,408,58752,512,59672,N/A,N/A,Stage11,stage11_soft_quantization/results/stage11_soft_quantization_results.csv,CC-B-R34-S-Q8,0630a8d707ee7eb702175ddb77417e408b5516eeaad977bac6187295d8b851c6
R34_Q8_BLOCK_FULL,R34,Soft Quantized,Q8,8,2.0,Full traceback,306,306,300,Block300,7.0,50000,0.0,0.0,0.0,2.5609718912715457e-07,0.0,7.682327414500052e-05,0.7352941176470588,N/A,N/A,N/A,N/A,372.36615200000114,430.5,408,58752,512,59672,N/A,N/A,Stage11,stage11_soft_quantization/results/stage11_soft_quantization_results.csv,CC-B-R34-S-Q8,0630a8d707ee7eb702175ddb77417e408b5516eeaad977bac6187295d8b851c6
R34_Q8_BLOCK_FULL,R34,Soft Quantized,Q8,8,2.0,Full traceback,306,306,300,Block300,7.5,50000,0.0,0.0,0.0,2.5609718912715457e-07,0.0,7.682327414500052e-05,0.7352941176470588,N/A,N/A,N/A,N/A,371.259387999999,428.5,408,58752,512,59672,N/A,N/A,Stage11,stage11_soft_quantization/results/stage11_soft_quantization_results.csv,CC-B-R34-S-Q8,0630a8d707ee7eb702175ddb77417e408b5516eeaad977bac6187295d8b851c6
R34_Q8_BLOCK_FULL,R34,Soft Quantized,Q8,8,2.0,Full traceback,306,306,300,Block300,8.0,50000,0.0,0.0,0.0,2.5609718912715457e-07,0.0,7.682327414500052e-05,0.7352941176470588,N/A,N/A,N/A,N/A,369.7256480000031,423.7,408,58752,512,59672,N/A,N/A,Stage11,stage11_soft_quantization/results/stage11_soft_quantization_results.csv,CC-B-R34-S-Q8,0630a8d707ee7eb702175ddb77417e408b5516eeaad977bac6187295d8b851c6
R34_Q8_BLOCK_FULL,R34,Soft Quantized,Q8,8,2.0,Full traceback,306,306,300,Block300,8.5,50000,0.0,0.0,0.0,2.5609718912715457e-07,0.0,7.682327414500052e-05,0.7352941176470588,N/A,N/A,N/A,N/A,374.9818939999968,436.0,408,58752,512,59672,N/A,N/A,Stage11,stage11_soft_quantization/results/stage11_soft_quantization_results.csv,CC-B-R34-S-Q8,0630a8d707ee7eb702175ddb77417e408b5516eeaad977bac6187295d8b851c6
R34_Q8_BLOCK_FULL,R34,Soft Quantized,Q8,8,2.0,Full traceback,306,306,300,Block300,9.0,50000,0.0,0.0,0.0,2.5609718912715457e-07,0.0,7.682327414500052e-05,0.7352941176470588,N/A,N/A,N/A,N/A,372.83605399999936,436.4,408,58752,512,59672,N/A,N/A,Stage11,stage11_soft_quantization/results/stage11_soft_quantization_results.csv,CC-B-R34-S-Q8,0630a8d707ee7eb702175ddb77417e408b5516eeaad977bac6187295d8b851c6
R34_Q8_BLOCK_FULL,R34,Soft Quantized,Q8,8,2.0,Full traceback,306,306,300,Block300,9.5,50000,0.0,0.0,0.0,2.5609718912715457e-07,0.0,7.682327414500052e-05,0.7352941176470588,N/A,N/A,N/A,N/A,372.65145999999606,435.1,408,58752,512,59672,N/A,N/A,Stage11,stage11_soft_quantization/results/stage11_soft_quantization_results.csv,CC-B-R34-S-Q8,0630a8d707ee7eb702175ddb77417e408b5516eeaad977bac6187295d8b851c6
R34_Q8_BLOCK_FULL,R34,Soft Quantized,Q8,8,2.0,Full traceback,306,306,300,Block300,10.0,50000,0.0,0.0,0.0,2.5609718912715457e-07,0.0,7.682327414500052e-05,0.7352941176470588,N/A,N/A,N/A,N/A,358.1254039999973,425.3,408,58752,512,59672,N/A,N/A,Stage11,stage11_soft_quantization/results/stage11_soft_quantization_results.csv,CC-B-R34-S-Q8,0630a8d707ee7eb702175ddb77417e408b5516eeaad977bac6187295d8b851c6
R34_FLOAT_BLOCK_FULL,R34,Soft Float,Float,Float,0.0,Full traceback,306,306,300,Block300,-5.0,1000,0.48258,1.0,0.4807921265628973,0.4843683195528079,0.9961732415144448,1.0,0.0,N/A,N/A,N/A,N/A,456.2438999999998,723.7999999999998,3264,58752,1024,63040,N/A,N/A,Stage11,stage11_soft_quantization/results/stage11_soft_quantization_results.csv,CC-B-R34-S-Float,0630a8d707ee7eb702175ddb77417e408b5516eeaad977bac6187295d8b851c6
R34_FLOAT_BLOCK_FULL,R34,Soft Float,Float,Float,0.0,Full traceback,306,306,300,Block300,-4.5,1000,0.4781866666666666,1.0,0.4763994667435287,0.4799744252161297,0.9961732415144448,1.0,0.0,N/A,N/A,N/A,N/A,474.7736,799.4,3264,58752,1024,63040,N/A,N/A,Stage11,stage11_soft_quantization/results/stage11_soft_quantization_results.csv,CC-B-R34-S-Float,0630a8d707ee7eb702175ddb77417e408b5516eeaad977bac6187295d8b851c6
R34_FLOAT_BLOCK_FULL,R34,Soft Float,Float,Float,0.0,Full traceback,306,306,300,Block300,-4.0,1000,0.4735066666666666,1.0,0.4717203365932614,0.4752936752183775,0.9961732415144448,1.0,0.0,N/A,N/A,N/A,N/A,443.99600000000015,659.2,3264,58752,1024,63040,N/A,N/A,Stage11,stage11_soft_quantization/results/stage11_soft_quantization_results.csv,CC-B-R34-S-Float,0630a8d707ee7eb702175ddb77417e408b5516eeaad977bac6187295d8b851c6
R34_FLOAT_BLOCK_FULL,R34,Soft Float,Float,Float,0.0,Full traceback,306,306,300,Block300,-3.5,1000,0.4654233333333333,1.0,0.4636388765604959,0.4672086755937732,0.9961732415144448,1.0,0.0,N/A,N/A,N/A,N/A,468.9235000000001,898.4,3264,58752,1024,63040,N/A,N/A,Stage11,stage11_soft_quantization/results/stage11_soft_quantization_results.csv,CC-B-R34-S-Float,0630a8d707ee7eb702175ddb77417e408b5516eeaad977bac6187295d8b851c6
R34_FLOAT_BLOCK_FULL,R34,Soft Float,Float,Float,0.0,Full traceback,306,306,300,Block300,-3.0,1000,0.4539566666666666,1.0,0.4521756756960858,0.4557388367792752,0.9961732415144448,1.0,0.0,N/A,N/A,N/A,N/A,464.90910000000014,799.7999999999998,3264,58752,1024,63040,N/A,N/A,Stage11,stage11_soft_quantization/results/stage11_soft_quantization_results.csv,CC-B-R34-S-Float,0630a8d707ee7eb702175ddb77417e408b5516eeaad977bac6187295d8b851c6
R34_FLOAT_BLOCK_FULL,R34,Soft Float,Float,Float,0.0,Full traceback,306,306,300,Block300,-2.5,1000,0.4371566666666666,1.0,0.4353824767251143,0.4389324659881255,0.9961732415144448,1.0,0.0,N/A,N/A,N/A,N/A,473.5872999999995,791.0,3264,58752,1024,63040,N/A,N/A,Stage11,stage11_soft_quantization/results/stage11_soft_quantization_results.csv,CC-B-R34-S-Float,0630a8d707ee7eb702175ddb77417e408b5516eeaad977bac6187295d8b851c6
R34_FLOAT_BLOCK_FULL,R34,Soft Float,Float,Float,0.0,Full traceback,306,306,300,Block300,-2.0,1000,0.4128899999999999,1.0,0.4111292947863777,0.4146529360482424,0.9961732415144448,1.0,0.0,N/A,N/A,N/A,N/A,506.3715999999996,869.7999999999998,3264,58752,1024,63040,N/A,N/A,Stage11,stage11_soft_quantization/results/stage11_soft_quantization_results.csv,CC-B-R34-S-Float,0630a8d707ee7eb702175ddb77417e408b5516eeaad977bac6187295d8b851c6
R34_FLOAT_BLOCK_FULL,R34,Soft Float,Float,Float,0.0,Full traceback,306,306,300,Block300,-1.5,1000,0.3736833333333333,1.0,0.3719538046821682,0.3754160968782318,0.9961732415144448,1.0,0.0,N/A,N/A,N/A,N/A,434.2424999999999,728.0,3264,58752,1024,63040,N/A,N/A,Stage11,stage11_soft_quantization/results/stage11_soft_quantization_results.csv,CC-B-R34-S-Float,0630a8d707ee7eb702175ddb77417e408b5516eeaad977bac6187295d8b851c6
R34_FLOAT_BLOCK_FULL,R34,Soft Float,Float,Float,0.0,Full traceback,306,306,300,Block300,-1.0,1000,0.3188033333333333,0.996,0.3171380884402085,0.3204732185639289,0.9897604437227376,0.9984434118595916,0.002941176470588238,N/A,N/A,N/A,N/A,496.9777000000006,863.2,3264,58752,1024,63040,N/A,N/A,Stage11,stage11_soft_quantization/results/stage11_soft_quantization_results.csv,CC-B-R34-S-Float,0630a8d707ee7eb702175ddb77417e408b5516eeaad977bac6187295d8b851c6
R34_FLOAT_BLOCK_FULL,R34,Soft Float,Float,Float,0.0,Full traceback,306,306,300,Block300,-0.5,1000,0.24192,0.985,0.2403908800920649,0.2434557291812538,0.9753990230730932,0.9908890211959184,0.011029411764705892,N/A,N/A,N/A,N/A,487.1073999999997,882.4,3264,58752,1024,63040,N/A,N/A,Stage11,stage11_soft_quantization/results/stage11_soft_quantization_results.csv,CC-B-R34-S-Float,0630a8d707ee7eb702175ddb77417e408b5516eeaad977bac6187295d8b851c6
R34_FLOAT_BLOCK_FULL,R34,Soft Float,Float,Float,0.0,Full traceback,306,306,300,Block300,0.0,1000,0.1572066666666666,0.91,0.1559085397089999,0.1585135723550829,0.8906582073569279,0.9262038506849168,0.06617647058823527,N/A,N/A,N/A,N/A,580.6837,1059.8,3264,58752,1024,63040,N/A,N/A,Stage11,stage11_soft_quantization/results/stage11_soft_quantization_results.csv,CC-B-R34-S-Float,0630a8d707ee7eb702175ddb77417e408b5516eeaad977bac6187295d8b851c6
R34_FLOAT_BLOCK_FULL,R34,Soft Float,Float,Float,0.0,Full traceback,306,306,300,Block300,3.5,50000,3.373333333333333e-05,0.0016199999999999,3.0919415666126464e-05,3.680333091164365e-05,0.0013037198448774,0.0020128545218592,0.7341029411764706,N/A,N/A,N/A,N/A,504.7337980000036,853.4,3264,58752,1024,63040,N/A,N/A,Stage11,stage11_soft_quantization/results/stage11_soft_quantization_results.csv,CC-B-R34-S-Float,0630a8d707ee7eb702175ddb77417e408b5516eeaad977bac6187295d8b851c6
R34_FLOAT_BLOCK_FULL,R34,Soft Float,Float,Float,0.0,Full traceback,306,306,300,Block300,4.0,50000,5.2e-06,0.0002999999999999,4.1669725193043246e-06,6.489122006412064e-06,0.0001818199086819,0.0004949572714985,0.7350735294117647,N/A,N/A,N/A,N/A,487.5013859999991,775.5,3264,58752,1024,63040,N/A,N/A,Stage11,stage11_soft_quantization/results/stage11_soft_quantization_results.csv,CC-B-R34-S-Float,0630a8d707ee7eb702175ddb77417e408b5516eeaad977bac6187295d8b851c6
R34_FLOAT_BLOCK_FULL,R34,Soft Float,Float,Float,0.0,Full traceback,306,306,300,Block300,4.5,50000,6.666666666666668e-07,4e-05,3.621324458596129e-07,1.2272977351379565e-06,1.0969511301390302e-05,0.0001458476169816,0.7352647058823528,N/A,N/A,N/A,N/A,440.552486,567.4,3264,58752,1024,63040,N/A,N/A,Stage11,stage11_soft_quantization/results/stage11_soft_quantization_results.csv,CC-B-R34-S-Float,0630a8d707ee7eb702175ddb77417e408b5516eeaad977bac6187295d8b851c6
R34_FLOAT_BLOCK_FULL,R34,Soft Float,Float,Float,0.0,Full traceback,306,306,300,Block300,5.0,50000,0.0,0.0,0.0,2.5609718912715457e-07,0.0,7.682327414500052e-05,0.7352941176470588,N/A,N/A,N/A,N/A,430.53290200000333,534.6,3264,58752,1024,63040,N/A,N/A,Stage11,stage11_soft_quantization/results/stage11_soft_quantization_results.csv,CC-B-R34-S-Float,0630a8d707ee7eb702175ddb77417e408b5516eeaad977bac6187295d8b851c6
R34_FLOAT_BLOCK_FULL,R34,Soft Float,Float,Float,0.0,Full traceback,306,306,300,Block300,5.5,50000,0.0,0.0,0.0,2.5609718912715457e-07,0.0,7.682327414500052e-05,0.7352941176470588,N/A,N/A,N/A,N/A,428.00391999999977,531.1,3264,58752,1024,63040,N/A,N/A,Stage11,stage11_soft_quantization/results/stage11_soft_quantization_results.csv,CC-B-R34-S-Float,0630a8d707ee7eb702175ddb77417e408b5516eeaad977bac6187295d8b851c6
R34_FLOAT_BLOCK_FULL,R34,Soft Float,Float,Float,0.0,Full traceback,306,306,300,Block300,6.0,50000,0.0,0.0,0.0,2.5609718912715457e-07,0.0,7.682327414500052e-05,0.7352941176470588,N/A,N/A,N/A,N/A,415.7338079999994,493.8,3264,58752,1024,63040,N/A,N/A,Stage11,stage11_soft_quantization/results/stage11_soft_quantization_results.csv,CC-B-R34-S-Float,0630a8d707ee7eb702175ddb77417e408b5516eeaad977bac6187295d8b851c6
R34_FLOAT_BLOCK_FULL,R34,Soft Float,Float,Float,0.0,Full traceback,306,306,300,Block300,6.5,50000,0.0,0.0,0.0,2.5609718912715457e-07,0.0,7.682327414500052e-05,0.7352941176470588,N/A,N/A,N/A,N/A,414.506746,489.8,3264,58752,1024,63040,N/A,N/A,Stage11,stage11_soft_quantization/results/stage11_soft_quantization_results.csv,CC-B-R34-S-Float,0630a8d707ee7eb702175ddb77417e408b5516eeaad977bac6187295d8b851c6
R34_FLOAT_BLOCK_FULL,R34,Soft Float,Float,Float,0.0,Full traceback,306,306,300,Block300,7.0,50000,0.0,0.0,0.0,2.5609718912715457e-07,0.0,7.682327414500052e-05,0.7352941176470588,N/A,N/A,N/A,N/A,415.2009460000039,490.2,3264,58752,1024,63040,N/A,N/A,Stage11,stage11_soft_quantization/results/stage11_soft_quantization_results.csv,CC-B-R34-S-Float,0630a8d707ee7eb702175ddb77417e408b5516eeaad977bac6187295d8b851c6
R34_FLOAT_BLOCK_FULL,R34,Soft Float,Float,Float,0.0,Full traceback,306,306,300,Block300,7.5,50000,0.0,0.0,0.0,2.5609718912715457e-07,0.0,7.682327414500052e-05,0.7352941176470588,N/A,N/A,N/A,N/A,413.73979800000103,490.5,3264,58752,1024,63040,N/A,N/A,Stage11,stage11_soft_quantization/results/stage11_soft_quantization_results.csv,CC-B-R34-S-Float,0630a8d707ee7eb702175ddb77417e408b5516eeaad977bac6187295d8b851c6
R34_FLOAT_BLOCK_FULL,R34,Soft Float,Float,Float,0.0,Full traceback,306,306,300,Block300,8.0,50000,0.0,0.0,0.0,2.5609718912715457e-07,0.0,7.682327414500052e-05,0.7352941176470588,N/A,N/A,N/A,N/A,412.161960000005,484.9,3264,58752,1024,63040,N/A,N/A,Stage11,stage11_soft_quantization/results/stage11_soft_quantization_results.csv,CC-B-R34-S-Float,0630a8d707ee7eb702175ddb77417e408b5516eeaad977bac6187295d8b851c6
R34_FLOAT_BLOCK_FULL,R34,Soft Float,Float,Float,0.0,Full traceback,306,306,300,Block300,8.5,50000,0.0,0.0,0.0,2.5609718912715457e-07,0.0,7.682327414500052e-05,0.7352941176470588,N/A,N/A,N/A,N/A,419.38604600000457,500.3,3264,58752,1024,63040,N/A,N/A,Stage11,stage11_soft_quantization/results/stage11_soft_quantization_results.csv,CC-B-R34-S-Float,0630a8d707ee7eb702175ddb77417e408b5516eeaad977bac6187295d8b851c6
R34_FLOAT_BLOCK_FULL,R34,Soft Float,Float,Float,0.0,Full traceback,306,306,300,Block300,9.0,50000,0.0,0.0,0.0,2.5609718912715457e-07,0.0,7.682327414500052e-05,0.7352941176470588,N/A,N/A,N/A,N/A,417.6033279999988,501.4,3264,58752,1024,63040,N/A,N/A,Stage11,stage11_soft_quantization/results/stage11_soft_quantization_results.csv,CC-B-R34-S-Float,0630a8d707ee7eb702175ddb77417e408b5516eeaad977bac6187295d8b851c6
R34_FLOAT_BLOCK_FULL,R34,Soft Float,Float,Float,0.0,Full traceback,306,306,300,Block300,9.5,50000,0.0,0.0,0.0,2.5609718912715457e-07,0.0,7.682327414500052e-05,0.7352941176470588,N/A,N/A,N/A,N/A,416.76377199999854,500.2,3264,58752,1024,63040,N/A,N/A,Stage11,stage11_soft_quantization/results/stage11_soft_quantization_results.csv,CC-B-R34-S-Float,0630a8d707ee7eb702175ddb77417e408b5516eeaad977bac6187295d8b851c6
R34_FLOAT_BLOCK_FULL,R34,Soft Float,Float,Float,0.0,Full traceback,306,306,300,Block300,10.0,50000,0.0,0.0,0.0,2.5609718912715457e-07,0.0,7.682327414500052e-05,0.7352941176470588,N/A,N/A,N/A,N/A,402.7422560000072,491.2,3264,58752,1024,63040,N/A,N/A,Stage11,stage11_soft_quantization/results/stage11_soft_quantization_results.csv,CC-B-R34-S-Float,0630a8d707ee7eb702175ddb77417e408b5516eeaad977bac6187295d8b851c6
R12_BLOCK_FULL_TRACEBACK,R12,Soft Float,Float,Float,N/A,BLOCK_FULL_TRACEBACK,306,306,300,Block300,-5.0,1000,0.3891299999999999,1.0,0.3873867766154234,0.3908760626984824,0.9961732415144448,1.0,0.0,610,311.0,580,611,479.5219999999997,691.4,N/A,58752,1536,60288,39168000,306000,Stage13,stage13_sliding_window_viterbi/results/stage13_final_comparison.csv,STAGE13-REFERENCE-R12--5,a3a2d63dad2dfa997c1707510a3a7162dc03d0337e9a92e18e66b16ea2bf42c7
R12_CONTINUOUS_TRUNCATED_D84,R12,Soft Float,Float,Float,N/A,CONTINUOUS_TRUNCATED_D84,84,0,300,Continuous300,-5.0,1000,0.39012,1.0,0.3883759621437605,0.3918668518168419,0.9961732415144448,1.0,0.0,166,145.98,166,611,565.9272000000003,778.5,N/A,16128,1536,17664,39168000,18732000,Stage13,stage13_sliding_window_viterbi/results/stage13_final_comparison.csv,STAGE13-REFERENCE-R12--5,a3a2d63dad2dfa997c1707510a3a7162dc03d0337e9a92e18e66b16ea2bf42c7
R12_CONTINUOUS_TRUNCATED_D112,R12,Soft Float,Float,Float,N/A,CONTINUOUS_TRUNCATED_D112,112,0,300,Continuous300,-5.0,1000,0.38962,1.0,0.3878763725481749,0.3913664542171262,0.9961732415144448,1.0,0.0,222,184.9,222,611,576.0465999999998,772.6,N/A,21504,1536,23040,39168000,21840000,Stage13,stage13_sliding_window_viterbi/results/stage13_final_comparison.csv,STAGE13-REFERENCE-R12--5,a3a2d63dad2dfa997c1707510a3a7162dc03d0337e9a92e18e66b16ea2bf42c7
R12_BLOCK_FULL_TRACEBACK,R12,Soft Float,Float,Float,N/A,BLOCK_FULL_TRACEBACK,306,306,300,Block300,-3.0,1000,0.1389666666666666,0.975,0.1377334823611143,0.1402090968183798,0.9633547107321566,0.983009868706566,0.012254901960784322,610,311.0,580,611,525.2865,905.8,N/A,58752,1536,60288,39168000,306000,Stage13,stage13_sliding_window_viterbi/results/stage13_final_comparison.csv,STAGE13-REFERENCE-R12--3,a3a2d63dad2dfa997c1707510a3a7162dc03d0337e9a92e18e66b16ea2bf42c7
R12_CONTINUOUS_TRUNCATED_D84,R12,Soft Float,Float,Float,N/A,CONTINUOUS_TRUNCATED_D84,84,0,300,Continuous300,-3.0,1000,0.13963,0.976,0.1383943345816258,0.1408748942769679,0.9645370943883884,0.9838198315333628,0.01176470588235295,166,145.98,166,611,617.5209000000004,1008.1,N/A,16128,1536,17664,39168000,18732000,Stage13,stage13_sliding_window_viterbi/results/stage13_final_comparison.csv,STAGE13-REFERENCE-R12--3,a3a2d63dad2dfa997c1707510a3a7162dc03d0337e9a92e18e66b16ea2bf42c7
R12_CONTINUOUS_TRUNCATED_D112,R12,Soft Float,Float,Float,N/A,CONTINUOUS_TRUNCATED_D112,112,0,300,Continuous300,-3.0,1000,0.1390433333333333,0.975,0.1378098617810282,0.1402860487684121,0.9633547107321566,0.983009868706566,0.012254901960784322,222,184.9,222,611,670.0211000000002,1150.3,N/A,21504,1536,23040,39168000,21840000,Stage13,stage13_sliding_window_viterbi/results/stage13_final_comparison.csv,STAGE13-REFERENCE-R12--3,a3a2d63dad2dfa997c1707510a3a7162dc03d0337e9a92e18e66b16ea2bf42c7
R12_BLOCK_FULL_TRACEBACK,R12,Soft Float,Float,Float,N/A,BLOCK_FULL_TRACEBACK,306,306,300,Block300,-1.0,1240,0.0046021505376344,0.1612903225806451,0.0043897091246546,0.0048248232989309,0.1418698885014156,0.1828028870817222,0.4111321948134092,610,311.0,580,611,507.8041935483869,771.5,N/A,58752,1536,60288,48568320,379440,Stage13,stage13_sliding_window_viterbi/results/stage13_final_comparison.csv,STAGE13-REFERENCE-R12--1,a3a2d63dad2dfa997c1707510a3a7162dc03d0337e9a92e18e66b16ea2bf42c7
R12_CONTINUOUS_TRUNCATED_D84,R12,Soft Float,Float,Float,N/A,CONTINUOUS_TRUNCATED_D84,84,0,300,Continuous300,-1.0,1240,0.0046021505376344,0.1612903225806451,0.0043897091246546,0.0048248232989309,0.1418698885014156,0.1828028870817222,0.4111321948134092,166,145.98,166,611,624.3784677419358,941.9,N/A,16128,1536,17664,48568320,23227680,Stage13,stage13_sliding_window_viterbi/results/stage13_final_comparison.csv,STAGE13-REFERENCE-R12--1,a3a2d63dad2dfa997c1707510a3a7162dc03d0337e9a92e18e66b16ea2bf42c7
R12_CONTINUOUS_TRUNCATED_D112,R12,Soft Float,Float,Float,N/A,CONTINUOUS_TRUNCATED_D112,112,0,300,Continuous300,-1.0,1240,0.0046021505376344,0.1612903225806451,0.0043897091246546,0.0048248232989309,0.1418698885014156,0.1828028870817222,0.4111321948134092,222,184.9,222,611,632.4247580645163,967.9,N/A,21504,1536,23040,48568320,27081600,Stage13,stage13_sliding_window_viterbi/results/stage13_final_comparison.csv,STAGE13-REFERENCE-R12--1,a3a2d63dad2dfa997c1707510a3a7162dc03d0337e9a92e18e66b16ea2bf42c7
R12_BLOCK_FULL_TRACEBACK,R12,Soft Float,Float,Float,N/A,BLOCK_FULL_TRACEBACK,306,306,300,Block300,1.0,50000,1.18e-05,0.0008199999999999,1.018497160935685e-05,1.3671119535876642e-05,0.0006045494158823,0.001112147868093,0.48979411764705877,610,311.0,580,611,403.5845800000007,501.3,N/A,58752,1536,60288,1958400000,15300000,Stage13,stage13_sliding_window_viterbi/results/stage13_final_comparison.csv,STAGE13-REFERENCE-R12-1,a3a2d63dad2dfa997c1707510a3a7162dc03d0337e9a92e18e66b16ea2bf42c7
R12_CONTINUOUS_TRUNCATED_D84,R12,Soft Float,Float,Float,N/A,CONTINUOUS_TRUNCATED_D84,84,0,300,Continuous300,1.0,50000,1.18e-05,0.0008199999999999,1.018497160935685e-05,1.3671119535876642e-05,0.0006045494158823,0.001112147868093,0.48979411764705877,166,145.98,166,611,486.9111440000029,600.5,N/A,16128,1536,17664,1958400000,936600000,Stage13,stage13_sliding_window_viterbi/results/stage13_final_comparison.csv,STAGE13-REFERENCE-R12-1,a3a2d63dad2dfa997c1707510a3a7162dc03d0337e9a92e18e66b16ea2bf42c7
R12_CONTINUOUS_TRUNCATED_D112,R12,Soft Float,Float,Float,N/A,CONTINUOUS_TRUNCATED_D112,112,0,300,Continuous300,1.0,50000,1.18e-05,0.0008199999999999,1.018497160935685e-05,1.3671119535876642e-05,0.0006045494158823,0.001112147868093,0.48979411764705877,222,184.9,222,611,498.07032199999577,614.4,N/A,21504,1536,23040,1958400000,1092000000,Stage13,stage13_sliding_window_viterbi/results/stage13_final_comparison.csv,STAGE13-REFERENCE-R12-1,a3a2d63dad2dfa997c1707510a3a7162dc03d0337e9a92e18e66b16ea2bf42c7
R12_BLOCK_FULL_TRACEBACK,R12,Soft Float,Float,Float,N/A,BLOCK_FULL_TRACEBACK,306,306,300,Block300,3.0,50000,0.0,0.0,0.0,2.5609718912715457e-07,0.0,7.682327414500052e-05,0.4901960784313725,610,311.0,580,611,355.01497199999943,442.6,N/A,58752,1536,60288,1958400000,15300000,Stage13,stage13_sliding_window_viterbi/results/stage13_final_comparison.csv,STAGE13-REFERENCE-R12-3,a3a2d63dad2dfa997c1707510a3a7162dc03d0337e9a92e18e66b16ea2bf42c7
R12_CONTINUOUS_TRUNCATED_D84,R12,Soft Float,Float,Float,N/A,CONTINUOUS_TRUNCATED_D84,84,0,300,Continuous300,3.0,50000,0.0,0.0,0.0,2.5609718912715457e-07,0.0,7.682327414500052e-05,0.4901960784313725,166,145.98,166,611,432.49602000000186,528.7,N/A,16128,1536,17664,1958400000,936600000,Stage13,stage13_sliding_window_viterbi/results/stage13_final_comparison.csv,STAGE13-REFERENCE-R12-3,a3a2d63dad2dfa997c1707510a3a7162dc03d0337e9a92e18e66b16ea2bf42c7
R12_CONTINUOUS_TRUNCATED_D112,R12,Soft Float,Float,Float,N/A,CONTINUOUS_TRUNCATED_D112,112,0,300,Continuous300,3.0,50000,0.0,0.0,0.0,2.5609718912715457e-07,0.0,7.682327414500052e-05,0.4901960784313725,222,184.9,222,611,443.685826000001,544.2,N/A,21504,1536,23040,1958400000,1092000000,Stage13,stage13_sliding_window_viterbi/results/stage13_final_comparison.csv,STAGE13-REFERENCE-R12-3,a3a2d63dad2dfa997c1707510a3a7162dc03d0337e9a92e18e66b16ea2bf42c7
R12_BLOCK_FULL_TRACEBACK,R12,Soft Float,Float,Float,N/A,BLOCK_FULL_TRACEBACK,306,306,300,Block300,5.0,50000,0.0,0.0,0.0,2.5609718912715457e-07,0.0,7.682327414500052e-05,0.4901960784313725,610,311.0,580,611,347.10677400000185,431.8,N/A,58752,1536,60288,1958400000,15300000,Stage13,stage13_sliding_window_viterbi/results/stage13_final_comparison.csv,STAGE13-REFERENCE-R12-5,a3a2d63dad2dfa997c1707510a3a7162dc03d0337e9a92e18e66b16ea2bf42c7
R12_CONTINUOUS_TRUNCATED_D84,R12,Soft Float,Float,Float,N/A,CONTINUOUS_TRUNCATED_D84,84,0,300,Continuous300,5.0,50000,0.0,0.0,0.0,2.5609718912715457e-07,0.0,7.682327414500052e-05,0.4901960784313725,166,145.98,166,611,422.21392800000007,513.8,N/A,16128,1536,17664,1958400000,936600000,Stage13,stage13_sliding_window_viterbi/results/stage13_final_comparison.csv,STAGE13-REFERENCE-R12-5,a3a2d63dad2dfa997c1707510a3a7162dc03d0337e9a92e18e66b16ea2bf42c7
R12_CONTINUOUS_TRUNCATED_D112,R12,Soft Float,Float,Float,N/A,CONTINUOUS_TRUNCATED_D112,112,0,300,Continuous300,5.0,50000,0.0,0.0,0.0,2.5609718912715457e-07,0.0,7.682327414500052e-05,0.4901960784313725,222,184.9,222,611,432.8657020000014,528.7,N/A,21504,1536,23040,1958400000,1092000000,Stage13,stage13_sliding_window_viterbi/results/stage13_final_comparison.csv,STAGE13-REFERENCE-R12-5,a3a2d63dad2dfa997c1707510a3a7162dc03d0337e9a92e18e66b16ea2bf42c7
R12_BLOCK_FULL_TRACEBACK,R12,Soft Float,Float,Float,N/A,BLOCK_FULL_TRACEBACK,306,306,300,Block300,7.0,50000,0.0,0.0,0.0,2.5609718912715457e-07,0.0,7.682327414500052e-05,0.4901960784313725,610,311.0,580,611,339.4121579999972,424.6,N/A,58752,1536,60288,1958400000,15300000,Stage13,stage13_sliding_window_viterbi/results/stage13_final_comparison.csv,STAGE13-REFERENCE-R12-7,a3a2d63dad2dfa997c1707510a3a7162dc03d0337e9a92e18e66b16ea2bf42c7
R12_CONTINUOUS_TRUNCATED_D84,R12,Soft Float,Float,Float,N/A,CONTINUOUS_TRUNCATED_D84,84,0,300,Continuous300,7.0,50000,0.0,0.0,0.0,2.5609718912715457e-07,0.0,7.682327414500052e-05,0.4901960784313725,166,145.98,166,611,412.488235999994,504.8,N/A,16128,1536,17664,1958400000,936600000,Stage13,stage13_sliding_window_viterbi/results/stage13_final_comparison.csv,STAGE13-REFERENCE-R12-7,a3a2d63dad2dfa997c1707510a3a7162dc03d0337e9a92e18e66b16ea2bf42c7
R12_CONTINUOUS_TRUNCATED_D112,R12,Soft Float,Float,Float,N/A,CONTINUOUS_TRUNCATED_D112,112,0,300,Continuous300,7.0,50000,0.0,0.0,0.0,2.5609718912715457e-07,0.0,7.682327414500052e-05,0.4901960784313725,222,184.9,222,611,422.3744260000009,517.6,N/A,21504,1536,23040,1958400000,1092000000,Stage13,stage13_sliding_window_viterbi/results/stage13_final_comparison.csv,STAGE13-REFERENCE-R12-7,a3a2d63dad2dfa997c1707510a3a7162dc03d0337e9a92e18e66b16ea2bf42c7
R12_BLOCK_FULL_TRACEBACK,R12,Soft Float,Float,Float,N/A,BLOCK_FULL_TRACEBACK,306,306,300,Block300,9.0,50000,0.0,0.0,0.0,2.5609718912715457e-07,0.0,7.682327414500052e-05,0.4901960784313725,610,311.0,580,611,337.47088999999715,418.8,N/A,58752,1536,60288,1958400000,15300000,Stage13,stage13_sliding_window_viterbi/results/stage13_final_comparison.csv,STAGE13-REFERENCE-R12-9,a3a2d63dad2dfa997c1707510a3a7162dc03d0337e9a92e18e66b16ea2bf42c7
R12_CONTINUOUS_TRUNCATED_D84,R12,Soft Float,Float,Float,N/A,CONTINUOUS_TRUNCATED_D84,84,0,300,Continuous300,9.0,50000,0.0,0.0,0.0,2.5609718912715457e-07,0.0,7.682327414500052e-05,0.4901960784313725,166,145.98,166,611,409.37736000000007,497.9,N/A,16128,1536,17664,1958400000,936600000,Stage13,stage13_sliding_window_viterbi/results/stage13_final_comparison.csv,STAGE13-REFERENCE-R12-9,a3a2d63dad2dfa997c1707510a3a7162dc03d0337e9a92e18e66b16ea2bf42c7
R12_CONTINUOUS_TRUNCATED_D112,R12,Soft Float,Float,Float,N/A,CONTINUOUS_TRUNCATED_D112,112,0,300,Continuous300,9.0,50000,0.0,0.0,0.0,2.5609718912715457e-07,0.0,7.682327414500052e-05,0.4901960784313725,222,184.9,222,611,419.766408000001,510.3,N/A,21504,1536,23040,1958400000,1092000000,Stage13,stage13_sliding_window_viterbi/results/stage13_final_comparison.csv,STAGE13-REFERENCE-R12-9,a3a2d63dad2dfa997c1707510a3a7162dc03d0337e9a92e18e66b16ea2bf42c7
R23_BLOCK_FULL_TRACEBACK,R23,Soft Float,Float,Float,N/A,BLOCK_FULL_TRACEBACK,306,306,300,Block300,-4.5,1000,0.4637666666666666,1.0,0.461982651931398,0.465551609315773,0.9961732415144448,1.0,0.0,457,233.0,435,458,327.3761000000003,409.3,N/A,58752,1536,60288,39168000,306000,Stage13,stage13_sliding_window_viterbi/results/stage13_final_comparison.csv,STAGE13-REFERENCE-R23--4.5,a3a2d63dad2dfa997c1707510a3a7162dc03d0337e9a92e18e66b16ea2bf42c7
R23_CONTINUOUS_TRUNCATED_D84,R23,Soft Float,Float,Float,N/A,CONTINUOUS_TRUNCATED_D84,84,0,300,Continuous300,-4.5,1000,0.4633599999999999,1.0,0.4615760967987387,0.4651448415295874,0.9961732415144448,1.0,0.0,124,109.42,125,458,386.945,476.4,N/A,16128,1536,17664,39168000,18732000,Stage13,stage13_sliding_window_viterbi/results/stage13_final_comparison.csv,STAGE13-REFERENCE-R23--4.5,a3a2d63dad2dfa997c1707510a3a7162dc03d0337e9a92e18e66b16ea2bf42c7
R23_CONTINUOUS_TRUNCATED_D112,R23,Soft Float,Float,Float,N/A,CONTINUOUS_TRUNCATED_D112,112,0,300,Continuous300,-4.5,1000,0.4636533333333333,1.0,0.461869349561401,0.4654382479215017,0.9961732415144448,1.0,0.0,166,138.58666666666667,167,458,397.3134999999997,486.8,N/A,21504,1536,23040,39168000,21840000,Stage13,stage13_sliding_window_viterbi/results/stage13_final_comparison.csv,STAGE13-REFERENCE-R23--4.5,a3a2d63dad2dfa997c1707510a3a7162dc03d0337e9a92e18e66b16ea2bf42c7
R23_BLOCK_FULL_TRACEBACK,R23,Soft Float,Float,Float,N/A,BLOCK_FULL_TRACEBACK,306,306,300,Block300,-2.5,1000,0.3638533333333333,1.0,0.3621334986166088,0.365576654684169,0.9961732415144448,1.0,0.0,457,233.0,435,458,332.32170000000013,418.2,N/A,58752,1536,60288,39168000,306000,Stage13,stage13_sliding_window_viterbi/results/stage13_final_comparison.csv,STAGE13-REFERENCE-R23--2.5,a3a2d63dad2dfa997c1707510a3a7162dc03d0337e9a92e18e66b16ea2bf42c7
R23_CONTINUOUS_TRUNCATED_D84,R23,Soft Float,Float,Float,N/A,CONTINUOUS_TRUNCATED_D84,84,0,300,Continuous300,-2.5,1000,0.3643333333333333,1.0,0.3626130073406077,0.3660571336676595,0.9961732415144448,1.0,0.0,124,109.42,125,458,393.3527,488.9,N/A,16128,1536,17664,39168000,18732000,Stage13,stage13_sliding_window_viterbi/results/stage13_final_comparison.csv,STAGE13-REFERENCE-R23--2.5,a3a2d63dad2dfa997c1707510a3a7162dc03d0337e9a92e18e66b16ea2bf42c7
R23_CONTINUOUS_TRUNCATED_D112,R23,Soft Float,Float,Float,N/A,CONTINUOUS_TRUNCATED_D112,112,0,300,Continuous300,-2.5,1000,0.3638533333333333,1.0,0.3621334986166088,0.365576654684169,0.9961732415144448,1.0,0.0,166,138.58666666666667,167,458,405.9372,495.9,N/A,21504,1536,23040,39168000,21840000,Stage13,stage13_sliding_window_viterbi/results/stage13_final_comparison.csv,STAGE13-REFERENCE-R23--2.5,a3a2d63dad2dfa997c1707510a3a7162dc03d0337e9a92e18e66b16ea2bf42c7
R23_BLOCK_FULL_TRACEBACK,R23,Soft Float,Float,Float,N/A,BLOCK_FULL_TRACEBACK,306,306,300,Block300,-0.5,1000,0.08075,0.8,0.079780425086128,0.0817303116537932,0.7740810353518655,0.8236229095568015,0.13071895424836596,457,233.0,435,458,337.1089999999998,424.1,N/A,58752,1536,60288,39168000,306000,Stage13,stage13_sliding_window_viterbi/results/stage13_final_comparison.csv,STAGE13-REFERENCE-R23--0.5,a3a2d63dad2dfa997c1707510a3a7162dc03d0337e9a92e18e66b16ea2bf42c7
R23_CONTINUOUS_TRUNCATED_D84,R23,Soft Float,Float,Float,N/A,CONTINUOUS_TRUNCATED_D84,84,0,300,Continuous300,-0.5,1000,0.0822933333333333,0.824,0.0813152928707189,0.0832820710120321,0.7991696851594057,0.8463505753419543,0.1150326797385621,124,109.42,125,458,397.5675000000006,476.9,N/A,16128,1536,17664,39168000,18732000,Stage13,stage13_sliding_window_viterbi/results/stage13_final_comparison.csv,STAGE13-REFERENCE-R23--0.5,a3a2d63dad2dfa997c1707510a3a7162dc03d0337e9a92e18e66b16ea2bf42c7
R23_CONTINUOUS_TRUNCATED_D112,R23,Soft Float,Float,Float,N/A,CONTINUOUS_TRUNCATED_D112,112,0,300,Continuous300,-0.5,1000,0.0815633333333333,0.805,0.080589284134962,0.0825480984426492,0.77929577121571,0.8283699061081015,0.1274509803921568,166,138.58666666666667,167,458,404.9,480.6,N/A,21504,1536,23040,39168000,21840000,Stage13,stage13_sliding_window_viterbi/results/stage13_final_comparison.csv,STAGE13-REFERENCE-R23--0.5,a3a2d63dad2dfa997c1707510a3a7162dc03d0337e9a92e18e66b16ea2bf42c7
R23_BLOCK_FULL_TRACEBACK,R23,Soft Float,Float,Float,N/A,BLOCK_FULL_TRACEBACK,306,306,300,Block300,1.5,8299,0.0005988673334136,0.0240992890709724,0.0005692395959113,0.0006300361609478,0.0210134567729009,0.0276254894027682,0.637843601914397,457,233.0,435,458,349.2051090492833,442.5,N/A,58752,1536,60288,325055232,2539494,Stage13,stage13_sliding_window_viterbi/results/stage13_final_comparison.csv,STAGE13-REFERENCE-R23-1.5,a3a2d63dad2dfa997c1707510a3a7162dc03d0337e9a92e18e66b16ea2bf42c7
R23_CONTINUOUS_TRUNCATED_D84,R23,Soft Float,Float,Float,N/A,CONTINUOUS_TRUNCATED_D84,84,0,300,Continuous300,1.5,8299,0.0006044905008635,0.0245812748523918,0.0005747205505469,0.0006358015238595,0.0214633039695984,0.0281391677701414,0.6375285785278484,124,109.42,125,458,411.6347632244856,516.0,N/A,16128,1536,17664,325055232,155456868,Stage13,stage13_sliding_window_viterbi/results/stage13_final_comparison.csv,STAGE13-REFERENCE-R23-1.5,a3a2d63dad2dfa997c1707510a3a7162dc03d0337e9a92e18e66b16ea2bf42c7
R23_CONTINUOUS_TRUNCATED_D112,R23,Soft Float,Float,Float,N/A,CONTINUOUS_TRUNCATED_D112,112,0,300,Continuous300,1.5,8299,0.0005988673334136,0.0240992890709724,0.0005692395959113,0.0006300361609478,0.0210134567729009,0.0276254894027682,0.637843601914397,166,138.58666666666667,167,458,425.0994336667085,531.3,N/A,21504,1536,23040,325055232,181250160,Stage13,stage13_sliding_window_viterbi/results/stage13_final_comparison.csv,STAGE13-REFERENCE-R23-1.5,a3a2d63dad2dfa997c1707510a3a7162dc03d0337e9a92e18e66b16ea2bf42c7
R23_BLOCK_FULL_TRACEBACK,R23,Soft Float,Float,Float,N/A,BLOCK_FULL_TRACEBACK,306,306,300,Block300,3.5,50000,2.0000000000000002e-07,2e-05,6.801805083585823e-08,5.880790358524208e-07,3.530499822832098e-06,0.0001132897013912,0.6535816993464051,457,233.0,435,458,338.53863000000047,420.4,N/A,58752,1536,60288,1958400000,15300000,Stage13,stage13_sliding_window_viterbi/results/stage13_final_comparison.csv,STAGE13-REFERENCE-R23-3.5,a3a2d63dad2dfa997c1707510a3a7162dc03d0337e9a92e18e66b16ea2bf42c7
R23_CONTINUOUS_TRUNCATED_D84,R23,Soft Float,Float,Float,N/A,CONTINUOUS_TRUNCATED_D84,84,0,300,Continuous300,3.5,50000,2.0000000000000002e-07,2e-05,6.801805083585823e-08,5.880790358524208e-07,3.530499822832098e-06,0.0001132897013912,0.6535816993464051,124,109.42,125,458,401.9546659999982,490.7,N/A,16128,1536,17664,1958400000,936600000,Stage13,stage13_sliding_window_viterbi/results/stage13_final_comparison.csv,STAGE13-REFERENCE-R23-3.5,a3a2d63dad2dfa997c1707510a3a7162dc03d0337e9a92e18e66b16ea2bf42c7
R23_CONTINUOUS_TRUNCATED_D112,R23,Soft Float,Float,Float,N/A,CONTINUOUS_TRUNCATED_D112,112,0,300,Continuous300,3.5,50000,2.0000000000000002e-07,2e-05,6.801805083585823e-08,5.880790358524208e-07,3.530499822832098e-06,0.0001132897013912,0.6535816993464051,166,138.58666666666667,167,458,413.582353999998,504.3,N/A,21504,1536,23040,1958400000,1092000000,Stage13,stage13_sliding_window_viterbi/results/stage13_final_comparison.csv,STAGE13-REFERENCE-R23-3.5,a3a2d63dad2dfa997c1707510a3a7162dc03d0337e9a92e18e66b16ea2bf42c7
R23_BLOCK_FULL_TRACEBACK,R23,Soft Float,Float,Float,N/A,BLOCK_FULL_TRACEBACK,306,306,300,Block300,5.5,50000,0.0,0.0,0.0,2.5609718912715457e-07,0.0,7.682327414500052e-05,0.65359477124183,457,233.0,435,458,340.5759839999984,430.0,N/A,58752,1536,60288,1958400000,15300000,Stage13,stage13_sliding_window_viterbi/results/stage13_final_comparison.csv,STAGE13-REFERENCE-R23-5.5,a3a2d63dad2dfa997c1707510a3a7162dc03d0337e9a92e18e66b16ea2bf42c7
R23_CONTINUOUS_TRUNCATED_D84,R23,Soft Float,Float,Float,N/A,CONTINUOUS_TRUNCATED_D84,84,0,300,Continuous300,5.5,50000,0.0,0.0,0.0,2.5609718912715457e-07,0.0,7.682327414500052e-05,0.65359477124183,124,109.42,125,458,404.5051779999992,500.4,N/A,16128,1536,17664,1958400000,936600000,Stage13,stage13_sliding_window_viterbi/results/stage13_final_comparison.csv,STAGE13-REFERENCE-R23-5.5,a3a2d63dad2dfa997c1707510a3a7162dc03d0337e9a92e18e66b16ea2bf42c7
R23_CONTINUOUS_TRUNCATED_D112,R23,Soft Float,Float,Float,N/A,CONTINUOUS_TRUNCATED_D112,112,0,300,Continuous300,5.5,50000,0.0,0.0,0.0,2.5609718912715457e-07,0.0,7.682327414500052e-05,0.65359477124183,166,138.58666666666667,167,458,416.0191379999978,512.8,N/A,21504,1536,23040,1958400000,1092000000,Stage13,stage13_sliding_window_viterbi/results/stage13_final_comparison.csv,STAGE13-REFERENCE-R23-5.5,a3a2d63dad2dfa997c1707510a3a7162dc03d0337e9a92e18e66b16ea2bf42c7
R23_BLOCK_FULL_TRACEBACK,R23,Soft Float,Float,Float,N/A,BLOCK_FULL_TRACEBACK,306,306,300,Block300,7.5,50000,0.0,0.0,0.0,2.5609718912715457e-07,0.0,7.682327414500052e-05,0.65359477124183,457,233.0,435,458,331.3186439999955,413.3,N/A,58752,1536,60288,1958400000,15300000,Stage13,stage13_sliding_window_viterbi/results/stage13_final_comparison.csv,STAGE13-REFERENCE-R23-7.5,a3a2d63dad2dfa997c1707510a3a7162dc03d0337e9a92e18e66b16ea2bf42c7
R23_CONTINUOUS_TRUNCATED_D84,R23,Soft Float,Float,Float,N/A,CONTINUOUS_TRUNCATED_D84,84,0,300,Continuous300,7.5,50000,0.0,0.0,0.0,2.5609718912715457e-07,0.0,7.682327414500052e-05,0.65359477124183,124,109.42,125,458,393.5015580000005,481.8,N/A,16128,1536,17664,1958400000,936600000,Stage13,stage13_sliding_window_viterbi/results/stage13_final_comparison.csv,STAGE13-REFERENCE-R23-7.5,a3a2d63dad2dfa997c1707510a3a7162dc03d0337e9a92e18e66b16ea2bf42c7
R23_CONTINUOUS_TRUNCATED_D112,R23,Soft Float,Float,Float,N/A,CONTINUOUS_TRUNCATED_D112,112,0,300,Continuous300,7.5,50000,0.0,0.0,0.0,2.5609718912715457e-07,0.0,7.682327414500052e-05,0.65359477124183,166,138.58666666666667,167,458,405.3203800000002,494.9,N/A,21504,1536,23040,1958400000,1092000000,Stage13,stage13_sliding_window_viterbi/results/stage13_final_comparison.csv,STAGE13-REFERENCE-R23-7.5,a3a2d63dad2dfa997c1707510a3a7162dc03d0337e9a92e18e66b16ea2bf42c7
R23_BLOCK_FULL_TRACEBACK,R23,Soft Float,Float,Float,N/A,BLOCK_FULL_TRACEBACK,306,306,300,Block300,9.5,50000,0.0,0.0,0.0,2.5609718912715457e-07,0.0,7.682327414500052e-05,0.65359477124183,457,233.0,435,458,331.029222,407.1,N/A,58752,1536,60288,1958400000,15300000,Stage13,stage13_sliding_window_viterbi/results/stage13_final_comparison.csv,STAGE13-REFERENCE-R23-9.5,a3a2d63dad2dfa997c1707510a3a7162dc03d0337e9a92e18e66b16ea2bf42c7
R23_CONTINUOUS_TRUNCATED_D84,R23,Soft Float,Float,Float,N/A,CONTINUOUS_TRUNCATED_D84,84,0,300,Continuous300,9.5,50000,0.0,0.0,0.0,2.5609718912715457e-07,0.0,7.682327414500052e-05,0.65359477124183,124,109.42,125,458,392.03052599999353,474.6,N/A,16128,1536,17664,1958400000,936600000,Stage13,stage13_sliding_window_viterbi/results/stage13_final_comparison.csv,STAGE13-REFERENCE-R23-9.5,a3a2d63dad2dfa997c1707510a3a7162dc03d0337e9a92e18e66b16ea2bf42c7
R23_CONTINUOUS_TRUNCATED_D112,R23,Soft Float,Float,Float,N/A,CONTINUOUS_TRUNCATED_D112,112,0,300,Continuous300,9.5,50000,0.0,0.0,0.0,2.5609718912715457e-07,0.0,7.682327414500052e-05,0.65359477124183,166,138.58666666666667,167,458,404.0101320000022,489.4,N/A,21504,1536,23040,1958400000,1092000000,Stage13,stage13_sliding_window_viterbi/results/stage13_final_comparison.csv,STAGE13-REFERENCE-R23-9.5,a3a2d63dad2dfa997c1707510a3a7162dc03d0337e9a92e18e66b16ea2bf42c7
R34_BLOCK_FULL_TRACEBACK,R34,Soft Float,Float,Float,N/A,BLOCK_FULL_TRACEBACK,306,306,300,Block300,-4.0,1000,0.4752933333333333,1.0,0.4735066526166582,0.4770806467728571,0.9961732415144448,1.0,0.0,406,207.0,386,407,328.71589999999964,404.1,N/A,58752,1536,60288,39168000,306000,Stage13,stage13_sliding_window_viterbi/results/stage13_final_comparison.csv,STAGE13-REFERENCE-R34--4,a3a2d63dad2dfa997c1707510a3a7162dc03d0337e9a92e18e66b16ea2bf42c7
R34_CONTINUOUS_TRUNCATED_D84,R34,Soft Float,Float,Float,N/A,CONTINUOUS_TRUNCATED_D84,84,0,300,Continuous300,-4.0,1000,0.4759066666666666,1.0,0.4741198708671783,0.4776940794819065,0.9961732415144448,1.0,0.0,110,97.2333333333333,111,407,383.1180999999999,482.2,N/A,16128,1536,17664,39168000,18732000,Stage13,stage13_sliding_window_viterbi/results/stage13_final_comparison.csv,STAGE13-REFERENCE-R34--4,a3a2d63dad2dfa997c1707510a3a7162dc03d0337e9a92e18e66b16ea2bf42c7
R34_CONTINUOUS_TRUNCATED_D112,R34,Soft Float,Float,Float,N/A,CONTINUOUS_TRUNCATED_D112,112,0,300,Continuous300,-4.0,1000,0.4749066666666666,1.0,0.4731200598908689,0.4766939160676134,0.9961732415144448,1.0,0.0,148,123.15,148,407,394.82400000000047,504.9,N/A,21504,1536,23040,39168000,21840000,Stage13,stage13_sliding_window_viterbi/results/stage13_final_comparison.csv,STAGE13-REFERENCE-R34--4,a3a2d63dad2dfa997c1707510a3a7162dc03d0337e9a92e18e66b16ea2bf42c7
R34_BLOCK_FULL_TRACEBACK,R34,Soft Float,Float,Float,N/A,BLOCK_FULL_TRACEBACK,306,306,300,Block300,-2.0,1000,0.41132,1.0,0.4095603180945539,0.4130819529468204,0.9961732415144448,1.0,0.0,406,207.0,386,407,322.7213,397.0,N/A,58752,1536,60288,39168000,306000,Stage13,stage13_sliding_window_viterbi/results/stage13_final_comparison.csv,STAGE13-REFERENCE-R34--2,a3a2d63dad2dfa997c1707510a3a7162dc03d0337e9a92e18e66b16ea2bf42c7
R34_CONTINUOUS_TRUNCATED_D84,R34,Soft Float,Float,Float,N/A,CONTINUOUS_TRUNCATED_D84,84,0,300,Continuous300,-2.0,1000,0.4108266666666666,1.0,0.4090673101300791,0.4125883068785981,0.9961732415144448,1.0,0.0,110,97.2333333333333,111,407,378.8642000000005,474.2,N/A,16128,1536,17664,39168000,18732000,Stage13,stage13_sliding_window_viterbi/results/stage13_final_comparison.csv,STAGE13-REFERENCE-R34--2,a3a2d63dad2dfa997c1707510a3a7162dc03d0337e9a92e18e66b16ea2bf42c7
R34_CONTINUOUS_TRUNCATED_D112,R34,Soft Float,Float,Float,N/A,CONTINUOUS_TRUNCATED_D112,112,0,300,Continuous300,-2.0,1000,0.4111099999999999,1.0,0.4093504563727389,0.4128718200466089,0.9961732415144448,1.0,0.0,148,123.15,148,407,389.78070000000014,479.9,N/A,21504,1536,23040,39168000,21840000,Stage13,stage13_sliding_window_viterbi/results/stage13_final_comparison.csv,STAGE13-REFERENCE-R34--2,a3a2d63dad2dfa997c1707510a3a7162dc03d0337e9a92e18e66b16ea2bf42c7
R34_BLOCK_FULL_TRACEBACK,R34,Soft Float,Float,Float,N/A,BLOCK_FULL_TRACEBACK,306,306,300,Block300,0.0,1000,0.1609366666666666,0.934,0.1596260501457112,0.1622559663953188,0.916890724094024,0.9477876495405142,0.04852941176470584,406,207.0,386,407,332.20699999999977,416.0,N/A,58752,1536,60288,39168000,306000,Stage13,stage13_sliding_window_viterbi/results/stage13_final_comparison.csv,STAGE13-REFERENCE-R34-0,a3a2d63dad2dfa997c1707510a3a7162dc03d0337e9a92e18e66b16ea2bf42c7
R34_CONTINUOUS_TRUNCATED_D84,R34,Soft Float,Float,Float,N/A,CONTINUOUS_TRUNCATED_D84,84,0,300,Continuous300,0.0,1000,0.1648433333333333,0.951,0.163519904532421,0.1661753452945626,0.9358092984933896,0.9627389653526393,0.036029411764705914,110,97.2333333333333,111,407,384.4237999999998,476.9,N/A,16128,1536,17664,39168000,18732000,Stage13,stage13_sliding_window_viterbi/results/stage13_final_comparison.csv,STAGE13-REFERENCE-R34-0,a3a2d63dad2dfa997c1707510a3a7162dc03d0337e9a92e18e66b16ea2bf42c7
R34_CONTINUOUS_TRUNCATED_D112,R34,Soft Float,Float,Float,N/A,CONTINUOUS_TRUNCATED_D112,112,0,300,Continuous300,0.0,1000,0.1619599999999999,0.943,0.1606460010892069,0.1632826559115396,0.926862932340514,0.955746559641284,0.041911764705882384,148,123.15,148,407,398.4378999999998,493.5,N/A,21504,1536,23040,39168000,21840000,Stage13,stage13_sliding_window_viterbi/results/stage13_final_comparison.csv,STAGE13-REFERENCE-R34-0,a3a2d63dad2dfa997c1707510a3a7162dc03d0337e9a92e18e66b16ea2bf42c7
R34_BLOCK_FULL_TRACEBACK,R34,Soft Float,Float,Float,N/A,BLOCK_FULL_TRACEBACK,306,306,300,Block300,2.0,2793,0.0027783745076978,0.0716075904045828,0.0026679262675615,0.0028933818781413,0.0626222549916256,0.0817697188712676,0.6826414776436891,406,207.0,386,407,332.1439312567132,420.2,N/A,58752,1536,60288,109396224,854658,Stage13,stage13_sliding_window_viterbi/results/stage13_final_comparison.csv,STAGE13-REFERENCE-R34-2,a3a2d63dad2dfa997c1707510a3a7162dc03d0337e9a92e18e66b16ea2bf42c7
R34_CONTINUOUS_TRUNCATED_D84,R34,Soft Float,Float,Float,N/A,CONTINUOUS_TRUNCATED_D84,84,0,300,Continuous300,2.0,2793,0.0029013008712256,0.0798424633011099,0.0027883933998699,0.0030187663457508,0.0703577024439778,0.0904813960333354,0.6765864240433015,110,97.2333333333333,111,407,389.91611170784194,484.8,N/A,16128,1536,17664,109396224,52318476,Stage13,stage13_sliding_window_viterbi/results/stage13_final_comparison.csv,STAGE13-REFERENCE-R34-2,a3a2d63dad2dfa997c1707510a3a7162dc03d0337e9a92e18e66b16ea2bf42c7
R34_CONTINUOUS_TRUNCATED_D112,R34,Soft Float,Float,Float,N/A,CONTINUOUS_TRUNCATED_D112,112,0,300,Continuous300,2.0,2793,0.0028105979233798,0.0730397422126745,0.0026994998147986,0.002926254866805,0.063965086778922,0.0832872565821313,0.6815884248436216,148,123.15,148,407,401.6175438596502,489.9,N/A,21504,1536,23040,109396224,60999120,Stage13,stage13_sliding_window_viterbi/results/stage13_final_comparison.csv,STAGE13-REFERENCE-R34-2,a3a2d63dad2dfa997c1707510a3a7162dc03d0337e9a92e18e66b16ea2bf42c7
R34_BLOCK_FULL_TRACEBACK,R34,Soft Float,Float,Float,N/A,BLOCK_FULL_TRACEBACK,306,306,300,Block300,4.0,50000,7.333333333333333e-06,0.0002799999999999,6.084997747264716e-06,8.837762352436997e-06,0.0001668041917435,0.0004699760613678,0.7350882352941176,406,207.0,386,407,332.52702000000136,417.7,N/A,58752,1536,60288,1958400000,15300000,Stage13,stage13_sliding_window_viterbi/results/stage13_final_comparison.csv,STAGE13-REFERENCE-R34-4,a3a2d63dad2dfa997c1707510a3a7162dc03d0337e9a92e18e66b16ea2bf42c7
R34_CONTINUOUS_TRUNCATED_D84,R34,Soft Float,Float,Float,N/A,CONTINUOUS_TRUNCATED_D84,84,0,300,Continuous300,4.0,50000,7.333333333333333e-06,0.0002799999999999,6.084997747264716e-06,8.837762352436997e-06,0.0001668041917435,0.0004699760613678,0.7350882352941176,110,97.2333333333333,111,407,389.5206599999965,484.7,N/A,16128,1536,17664,1958400000,936600000,Stage13,stage13_sliding_window_viterbi/results/stage13_final_comparison.csv,STAGE13-REFERENCE-R34-4,a3a2d63dad2dfa997c1707510a3a7162dc03d0337e9a92e18e66b16ea2bf42c7
R34_CONTINUOUS_TRUNCATED_D112,R34,Soft Float,Float,Float,N/A,CONTINUOUS_TRUNCATED_D112,112,0,300,Continuous300,4.0,50000,7.333333333333333e-06,0.0002799999999999,6.084997747264716e-06,8.837762352436997e-06,0.0001668041917435,0.0004699760613678,0.7350882352941176,148,123.15,148,407,402.022117999995,498.2,N/A,21504,1536,23040,1958400000,1092000000,Stage13,stage13_sliding_window_viterbi/results/stage13_final_comparison.csv,STAGE13-REFERENCE-R34-4,a3a2d63dad2dfa997c1707510a3a7162dc03d0337e9a92e18e66b16ea2bf42c7
R34_BLOCK_FULL_TRACEBACK,R34,Soft Float,Float,Float,N/A,BLOCK_FULL_TRACEBACK,306,306,300,Block300,6.0,50000,0.0,0.0,0.0,2.5609718912715457e-07,0.0,7.682327414500052e-05,0.7352941176470588,406,207.0,386,407,329.8608560000004,412.7,N/A,58752,1536,60288,1958400000,15300000,Stage13,stage13_sliding_window_viterbi/results/stage13_final_comparison.csv,STAGE13-REFERENCE-R34-6,a3a2d63dad2dfa997c1707510a3a7162dc03d0337e9a92e18e66b16ea2bf42c7
R34_CONTINUOUS_TRUNCATED_D84,R34,Soft Float,Float,Float,N/A,CONTINUOUS_TRUNCATED_D84,84,0,300,Continuous300,6.0,50000,0.0,0.0,0.0,2.5609718912715457e-07,0.0,7.682327414500052e-05,0.7352941176470588,110,97.2333333333333,111,407,387.0929479999978,478.2,N/A,16128,1536,17664,1958400000,936600000,Stage13,stage13_sliding_window_viterbi/results/stage13_final_comparison.csv,STAGE13-REFERENCE-R34-6,a3a2d63dad2dfa997c1707510a3a7162dc03d0337e9a92e18e66b16ea2bf42c7
R34_CONTINUOUS_TRUNCATED_D112,R34,Soft Float,Float,Float,N/A,CONTINUOUS_TRUNCATED_D112,112,0,300,Continuous300,6.0,50000,0.0,0.0,0.0,2.5609718912715457e-07,0.0,7.682327414500052e-05,0.7352941176470588,148,123.15,148,407,399.2547039999986,491.2,N/A,21504,1536,23040,1958400000,1092000000,Stage13,stage13_sliding_window_viterbi/results/stage13_final_comparison.csv,STAGE13-REFERENCE-R34-6,a3a2d63dad2dfa997c1707510a3a7162dc03d0337e9a92e18e66b16ea2bf42c7
R34_BLOCK_FULL_TRACEBACK,R34,Soft Float,Float,Float,N/A,BLOCK_FULL_TRACEBACK,306,306,300,Block300,8.0,50000,0.0,0.0,0.0,2.5609718912715457e-07,0.0,7.682327414500052e-05,0.7352941176470588,406,207.0,386,407,333.4306519999984,411.0,N/A,58752,1536,60288,1958400000,15300000,Stage13,stage13_sliding_window_viterbi/results/stage13_final_comparison.csv,STAGE13-REFERENCE-R34-8,a3a2d63dad2dfa997c1707510a3a7162dc03d0337e9a92e18e66b16ea2bf42c7
R34_CONTINUOUS_TRUNCATED_D84,R34,Soft Float,Float,Float,N/A,CONTINUOUS_TRUNCATED_D84,84,0,300,Continuous300,8.0,50000,0.0,0.0,0.0,2.5609718912715457e-07,0.0,7.682327414500052e-05,0.7352941176470588,110,97.2333333333333,111,407,390.84557999999913,480.2,N/A,16128,1536,17664,1958400000,936600000,Stage13,stage13_sliding_window_viterbi/results/stage13_final_comparison.csv,STAGE13-REFERENCE-R34-8,a3a2d63dad2dfa997c1707510a3a7162dc03d0337e9a92e18e66b16ea2bf42c7
R34_CONTINUOUS_TRUNCATED_D112,R34,Soft Float,Float,Float,N/A,CONTINUOUS_TRUNCATED_D112,112,0,300,Continuous300,8.0,50000,0.0,0.0,0.0,2.5609718912715457e-07,0.0,7.682327414500052e-05,0.7352941176470588,148,123.15,148,407,403.9098479999971,495.5,N/A,21504,1536,23040,1958400000,1092000000,Stage13,stage13_sliding_window_viterbi/results/stage13_final_comparison.csv,STAGE13-REFERENCE-R34-8,a3a2d63dad2dfa997c1707510a3a7162dc03d0337e9a92e18e66b16ea2bf42c7
R34_BLOCK_FULL_TRACEBACK,R34,Soft Float,Float,Float,N/A,BLOCK_FULL_TRACEBACK,306,306,300,Block300,10.0,50000,0.0,0.0,0.0,2.5609718912715457e-07,0.0,7.682327414500052e-05,0.7352941176470588,406,207.0,386,407,334.18444000000267,441.4,N/A,58752,1536,60288,1958400000,15300000,Stage13,stage13_sliding_window_viterbi/results/stage13_final_comparison.csv,STAGE13-REFERENCE-R34-10,a3a2d63dad2dfa997c1707510a3a7162dc03d0337e9a92e18e66b16ea2bf42c7
R34_CONTINUOUS_TRUNCATED_D84,R34,Soft Float,Float,Float,N/A,CONTINUOUS_TRUNCATED_D84,84,0,300,Continuous300,10.0,50000,0.0,0.0,0.0,2.5609718912715457e-07,0.0,7.682327414500052e-05,0.7352941176470588,110,97.2333333333333,111,407,393.5380959999959,512.8,N/A,16128,1536,17664,1958400000,936600000,Stage13,stage13_sliding_window_viterbi/results/stage13_final_comparison.csv,STAGE13-REFERENCE-R34-10,a3a2d63dad2dfa997c1707510a3a7162dc03d0337e9a92e18e66b16ea2bf42c7
R34_CONTINUOUS_TRUNCATED_D112,R34,Soft Float,Float,Float,N/A,CONTINUOUS_TRUNCATED_D112,112,0,300,Continuous300,10.0,50000,0.0,0.0,0.0,2.5609718912715457e-07,0.0,7.682327414500052e-05,0.7352941176470588,148,123.15,148,407,406.9254339999976,528.0,N/A,21504,1536,23040,1958400000,1092000000,Stage13,stage13_sliding_window_viterbi/results/stage13_final_comparison.csv,STAGE13-REFERENCE-R34-10,a3a2d63dad2dfa997c1707510a3a7162dc03d0337e9a92e18e66b16ea2bf42c7
R12_BLOCK_FULL_TRACEBACK,R12,Soft Float,Float,Float,N/A,BLOCK_FULL_TRACEBACK,306,306,300,Block300,-4.5,1000,0.3434166666666666,1.0,0.341719486937611,0.3451178564005548,0.9961732415144448,1.0,0.0,610,311.0,580,611,501.7650999999996,688.8,N/A,58752,1536,60288,39168000,306000,Stage13,stage13_sliding_window_viterbi/results/stage13_final_comparison.csv,STAGE13-REFERENCE-R12--4.5,a3a2d63dad2dfa997c1707510a3a7162dc03d0337e9a92e18e66b16ea2bf42c7
R12_CONTINUOUS_TRUNCATED_D84,R12,Soft Float,Float,Float,N/A,CONTINUOUS_TRUNCATED_D84,84,0,300,Continuous300,-4.5,1000,0.3437766666666666,1.0,0.3420790580821691,0.3454782760366135,0.9961732415144448,1.0,0.0,166,145.98,166,611,603.4632999999997,894.6,N/A,16128,1536,17664,39168000,18732000,Stage13,stage13_sliding_window_viterbi/results/stage13_final_comparison.csv,STAGE13-REFERENCE-R12--4.5,a3a2d63dad2dfa997c1707510a3a7162dc03d0337e9a92e18e66b16ea2bf42c7
R12_CONTINUOUS_TRUNCATED_D112,R12,Soft Float,Float,Float,N/A,CONTINUOUS_TRUNCATED_D112,112,0,300,Continuous300,-4.5,1000,0.3441266666666666,1.0,0.3424286421767292,0.3458286829787644,0.9961732415144448,1.0,0.0,222,184.9,222,611,627.6084999999989,914.1,N/A,21504,1536,23040,39168000,21840000,Stage13,stage13_sliding_window_viterbi/results/stage13_final_comparison.csv,STAGE13-REFERENCE-R12--4.5,a3a2d63dad2dfa997c1707510a3a7162dc03d0337e9a92e18e66b16ea2bf42c7
R12_BLOCK_FULL_TRACEBACK,R12,Soft Float,Float,Float,N/A,BLOCK_FULL_TRACEBACK,306,306,300,Block300,-2.5,1000,0.0766633333333333,0.8649999999999999,0.0757166911952275,0.0776208168684317,0.8424178447972049,0.8847886215083399,0.06617647058823534,610,311.0,580,611,475.3886000000004,560.9,N/A,58752,1536,60288,39168000,306000,Stage13,stage13_sliding_window_viterbi/results/stage13_final_comparison.csv,STAGE13-REFERENCE-R12--2.5,a3a2d63dad2dfa997c1707510a3a7162dc03d0337e9a92e18e66b16ea2bf42c7
R12_CONTINUOUS_TRUNCATED_D84,R12,Soft Float,Float,Float,N/A,CONTINUOUS_TRUNCATED_D84,84,0,300,Continuous300,-2.5,1000,0.07695,0.873,0.0760017239849907,0.0779091100706412,0.8509252474282142,0.8922199907415616,0.06225490196078431,166,145.98,166,611,594.0336999999998,750.6,N/A,16128,1536,17664,39168000,18732000,Stage13,stage13_sliding_window_viterbi/results/stage13_final_comparison.csv,STAGE13-REFERENCE-R12--2.5,a3a2d63dad2dfa997c1707510a3a7162dc03d0337e9a92e18e66b16ea2bf42c7
R12_CONTINUOUS_TRUNCATED_D112,R12,Soft Float,Float,Float,N/A,CONTINUOUS_TRUNCATED_D112,112,0,300,Continuous300,-2.5,1000,0.0766533333333333,0.8649999999999999,0.0757067482612727,0.0776107600584805,0.8424178447972049,0.8847886215083399,0.06617647058823534,222,184.9,222,611,581.1008999999999,745.5,N/A,21504,1536,23040,39168000,21840000,Stage13,stage13_sliding_window_viterbi/results/stage13_final_comparison.csv,STAGE13-REFERENCE-R12--2.5,a3a2d63dad2dfa997c1707510a3a7162dc03d0337e9a92e18e66b16ea2bf42c7
R12_BLOCK_FULL_TRACEBACK,R12,Soft Float,Float,Float,N/A,BLOCK_FULL_TRACEBACK,306,306,300,Block300,-0.5,2974,0.0015220802510647,0.0672494956287827,0.0014433063053097,0.001605146674195,0.0587949596001132,0.0768205405550314,0.45723063939765546,610,311.0,580,611,484.9600537995963,653.3,N/A,58752,1536,60288,116485632,910044,Stage13,stage13_sliding_window_viterbi/results/stage13_final_comparison.csv,STAGE13-REFERENCE-R12--0.5,a3a2d63dad2dfa997c1707510a3a7162dc03d0337e9a92e18e66b16ea2bf42c7
R12_CONTINUOUS_TRUNCATED_D84,R12,Soft Float,Float,Float,N/A,CONTINUOUS_TRUNCATED_D84,84,0,300,Continuous300,-0.5,2974,0.0015220802510647,0.0672494956287827,0.0014433063053097,0.001605146674195,0.0587949596001132,0.0768205405550314,0.45723063939765546,166,145.98,166,611,571.7184599865502,788.9,N/A,16128,1536,17664,116485632,55708968,Stage13,stage13_sliding_window_viterbi/results/stage13_final_comparison.csv,STAGE13-REFERENCE-R12--0.5,a3a2d63dad2dfa997c1707510a3a7162dc03d0337e9a92e18e66b16ea2bf42c7
R12_CONTINUOUS_TRUNCATED_D112,R12,Soft Float,Float,Float,N/A,CONTINUOUS_TRUNCATED_D112,112,0,300,Continuous300,-0.5,2974,0.0015220802510647,0.0672494956287827,0.0014433063053097,0.001605146674195,0.0587949596001132,0.0768205405550314,0.45723063939765546,222,184.9,222,611,593.051748486886,825.4,N/A,21504,1536,23040,116485632,64952160,Stage13,stage13_sliding_window_viterbi/results/stage13_final_comparison.csv,STAGE13-REFERENCE-R12--0.5,a3a2d63dad2dfa997c1707510a3a7162dc03d0337e9a92e18e66b16ea2bf42c7
R12_BLOCK_FULL_TRACEBACK,R12,Soft Float,Float,Float,N/A,BLOCK_FULL_TRACEBACK,306,306,300,Block300,1.5,50000,2.1333333333333334e-06,0.0001399999999999,1.5112241931851212e-06,3.0115385699273595e-06,6.781887437968768e-05,0.0002889828892485,0.4901274509803921,610,311.0,580,611,400.9362719999991,497.3,N/A,58752,1536,60288,1958400000,15300000,Stage13,stage13_sliding_window_viterbi/results/stage13_final_comparison.csv,STAGE13-REFERENCE-R12-1.5,a3a2d63dad2dfa997c1707510a3a7162dc03d0337e9a92e18e66b16ea2bf42c7
R12_CONTINUOUS_TRUNCATED_D84,R12,Soft Float,Float,Float,N/A,CONTINUOUS_TRUNCATED_D84,84,0,300,Continuous300,1.5,50000,2.1333333333333334e-06,0.0001399999999999,1.5112241931851212e-06,3.0115385699273595e-06,6.781887437968768e-05,0.0002889828892485,0.4901274509803921,166,145.98,166,611,482.837895999995,595.2,N/A,16128,1536,17664,1958400000,936600000,Stage13,stage13_sliding_window_viterbi/results/stage13_final_comparison.csv,STAGE13-REFERENCE-R12-1.5,a3a2d63dad2dfa997c1707510a3a7162dc03d0337e9a92e18e66b16ea2bf42c7
R12_CONTINUOUS_TRUNCATED_D112,R12,Soft Float,Float,Float,N/A,CONTINUOUS_TRUNCATED_D112,112,0,300,Continuous300,1.5,50000,2.1333333333333334e-06,0.0001399999999999,1.5112241931851212e-06,3.0115385699273595e-06,6.781887437968768e-05,0.0002889828892485,0.4901274509803921,222,184.9,222,611,494.5057559999996,610.9,N/A,21504,1536,23040,1958400000,1092000000,Stage13,stage13_sliding_window_viterbi/results/stage13_final_comparison.csv,STAGE13-REFERENCE-R12-1.5,a3a2d63dad2dfa997c1707510a3a7162dc03d0337e9a92e18e66b16ea2bf42c7
R12_BLOCK_FULL_TRACEBACK,R12,Soft Float,Float,Float,N/A,BLOCK_FULL_TRACEBACK,306,306,300,Block300,3.5,50000,0.0,0.0,0.0,2.5609718912715457e-07,0.0,7.682327414500052e-05,0.4901960784313725,610,311.0,580,611,354.0902840000015,440.6,N/A,58752,1536,60288,1958400000,15300000,Stage13,stage13_sliding_window_viterbi/results/stage13_final_comparison.csv,STAGE13-REFERENCE-R12-3.5,a3a2d63dad2dfa997c1707510a3a7162dc03d0337e9a92e18e66b16ea2bf42c7
R12_CONTINUOUS_TRUNCATED_D84,R12,Soft Float,Float,Float,N/A,CONTINUOUS_TRUNCATED_D84,84,0,300,Continuous300,3.5,50000,0.0,0.0,0.0,2.5609718912715457e-07,0.0,7.682327414500052e-05,0.4901960784313725,166,145.98,166,611,429.87650600000177,522.7,N/A,16128,1536,17664,1958400000,936600000,Stage13,stage13_sliding_window_viterbi/results/stage13_final_comparison.csv,STAGE13-REFERENCE-R12-3.5,a3a2d63dad2dfa997c1707510a3a7162dc03d0337e9a92e18e66b16ea2bf42c7
R12_CONTINUOUS_TRUNCATED_D112,R12,Soft Float,Float,Float,N/A,CONTINUOUS_TRUNCATED_D112,112,0,300,Continuous300,3.5,50000,0.0,0.0,0.0,2.5609718912715457e-07,0.0,7.682327414500052e-05,0.4901960784313725,222,184.9,222,611,441.11465400000094,539.5,N/A,21504,1536,23040,1958400000,1092000000,Stage13,stage13_sliding_window_viterbi/results/stage13_final_comparison.csv,STAGE13-REFERENCE-R12-3.5,a3a2d63dad2dfa997c1707510a3a7162dc03d0337e9a92e18e66b16ea2bf42c7
R12_BLOCK_FULL_TRACEBACK,R12,Soft Float,Float,Float,N/A,BLOCK_FULL_TRACEBACK,306,306,300,Block300,5.5,50000,0.0,0.0,0.0,2.5609718912715457e-07,0.0,7.682327414500052e-05,0.4901960784313725,610,311.0,580,611,345.3373779999992,430.7,N/A,58752,1536,60288,1958400000,15300000,Stage13,stage13_sliding_window_viterbi/results/stage13_final_comparison.csv,STAGE13-REFERENCE-R12-5.5,a3a2d63dad2dfa997c1707510a3a7162dc03d0337e9a92e18e66b16ea2bf42c7
R12_CONTINUOUS_TRUNCATED_D84,R12,Soft Float,Float,Float,N/A,CONTINUOUS_TRUNCATED_D84,84,0,300,Continuous300,5.5,50000,0.0,0.0,0.0,2.5609718912715457e-07,0.0,7.682327414500052e-05,0.4901960784313725,166,145.98,166,611,420.7136540000024,515.9,N/A,16128,1536,17664,1958400000,936600000,Stage13,stage13_sliding_window_viterbi/results/stage13_final_comparison.csv,STAGE13-REFERENCE-R12-5.5,a3a2d63dad2dfa997c1707510a3a7162dc03d0337e9a92e18e66b16ea2bf42c7
R12_CONTINUOUS_TRUNCATED_D112,R12,Soft Float,Float,Float,N/A,CONTINUOUS_TRUNCATED_D112,112,0,300,Continuous300,5.5,50000,0.0,0.0,0.0,2.5609718912715457e-07,0.0,7.682327414500052e-05,0.4901960784313725,222,184.9,222,611,430.57844599999686,527.7,N/A,21504,1536,23040,1958400000,1092000000,Stage13,stage13_sliding_window_viterbi/results/stage13_final_comparison.csv,STAGE13-REFERENCE-R12-5.5,a3a2d63dad2dfa997c1707510a3a7162dc03d0337e9a92e18e66b16ea2bf42c7
R12_BLOCK_FULL_TRACEBACK,R12,Soft Float,Float,Float,N/A,BLOCK_FULL_TRACEBACK,306,306,300,Block300,7.5,50000,0.0,0.0,0.0,2.5609718912715457e-07,0.0,7.682327414500052e-05,0.4901960784313725,610,311.0,580,611,339.2325019999964,425.5,N/A,58752,1536,60288,1958400000,15300000,Stage13,stage13_sliding_window_viterbi/results/stage13_final_comparison.csv,STAGE13-REFERENCE-R12-7.5,a3a2d63dad2dfa997c1707510a3a7162dc03d0337e9a92e18e66b16ea2bf42c7
R12_CONTINUOUS_TRUNCATED_D84,R12,Soft Float,Float,Float,N/A,CONTINUOUS_TRUNCATED_D84,84,0,300,Continuous300,7.5,50000,0.0,0.0,0.0,2.5609718912715457e-07,0.0,7.682327414500052e-05,0.4901960784313725,166,145.98,166,611,411.8525340000028,505.8,N/A,16128,1536,17664,1958400000,936600000,Stage13,stage13_sliding_window_viterbi/results/stage13_final_comparison.csv,STAGE13-REFERENCE-R12-7.5,a3a2d63dad2dfa997c1707510a3a7162dc03d0337e9a92e18e66b16ea2bf42c7
R12_CONTINUOUS_TRUNCATED_D112,R12,Soft Float,Float,Float,N/A,CONTINUOUS_TRUNCATED_D112,112,0,300,Continuous300,7.5,50000,0.0,0.0,0.0,2.5609718912715457e-07,0.0,7.682327414500052e-05,0.4901960784313725,222,184.9,222,611,422.90765999999934,520.7,N/A,21504,1536,23040,1958400000,1092000000,Stage13,stage13_sliding_window_viterbi/results/stage13_final_comparison.csv,STAGE13-REFERENCE-R12-7.5,a3a2d63dad2dfa997c1707510a3a7162dc03d0337e9a92e18e66b16ea2bf42c7
R12_BLOCK_FULL_TRACEBACK,R12,Soft Float,Float,Float,N/A,BLOCK_FULL_TRACEBACK,306,306,300,Block300,9.5,50000,0.0,0.0,0.0,2.5609718912715457e-07,0.0,7.682327414500052e-05,0.4901960784313725,610,311.0,580,611,337.6767639999991,420.1,N/A,58752,1536,60288,1958400000,15300000,Stage13,stage13_sliding_window_viterbi/results/stage13_final_comparison.csv,STAGE13-REFERENCE-R12-9.5,a3a2d63dad2dfa997c1707510a3a7162dc03d0337e9a92e18e66b16ea2bf42c7
R12_CONTINUOUS_TRUNCATED_D84,R12,Soft Float,Float,Float,N/A,CONTINUOUS_TRUNCATED_D84,84,0,300,Continuous300,9.5,50000,0.0,0.0,0.0,2.5609718912715457e-07,0.0,7.682327414500052e-05,0.4901960784313725,166,145.98,166,611,408.7828679999994,497.3,N/A,16128,1536,17664,1958400000,936600000,Stage13,stage13_sliding_window_viterbi/results/stage13_final_comparison.csv,STAGE13-REFERENCE-R12-9.5,a3a2d63dad2dfa997c1707510a3a7162dc03d0337e9a92e18e66b16ea2bf42c7
R12_CONTINUOUS_TRUNCATED_D112,R12,Soft Float,Float,Float,N/A,CONTINUOUS_TRUNCATED_D112,112,0,300,Continuous300,9.5,50000,0.0,0.0,0.0,2.5609718912715457e-07,0.0,7.682327414500052e-05,0.4901960784313725,222,184.9,222,611,419.9015899999957,511.1,N/A,21504,1536,23040,1958400000,1092000000,Stage13,stage13_sliding_window_viterbi/results/stage13_final_comparison.csv,STAGE13-REFERENCE-R12-9.5,a3a2d63dad2dfa997c1707510a3a7162dc03d0337e9a92e18e66b16ea2bf42c7
R23_BLOCK_FULL_TRACEBACK,R23,Soft Float,Float,Float,N/A,BLOCK_FULL_TRACEBACK,306,306,300,Block300,-4.0,1000,0.4493966666666666,1.0,0.4476173185161513,0.4511773107380625,0.9961732415144448,1.0,0.0,457,233.0,435,458,335.94259999999963,427.1,N/A,58752,1536,60288,39168000,306000,Stage13,stage13_sliding_window_viterbi/results/stage13_final_comparison.csv,STAGE13-REFERENCE-R23--4,a3a2d63dad2dfa997c1707510a3a7162dc03d0337e9a92e18e66b16ea2bf42c7
R23_CONTINUOUS_TRUNCATED_D84,R23,Soft Float,Float,Float,N/A,CONTINUOUS_TRUNCATED_D84,84,0,300,Continuous300,-4.0,1000,0.4497633333333333,1.0,0.447983847502718,0.4515441056947167,0.9961732415144448,1.0,0.0,124,109.42,125,458,391.2136999999997,485.0,N/A,16128,1536,17664,39168000,18732000,Stage13,stage13_sliding_window_viterbi/results/stage13_final_comparison.csv,STAGE13-REFERENCE-R23--4,a3a2d63dad2dfa997c1707510a3a7162dc03d0337e9a92e18e66b16ea2bf42c7
R23_CONTINUOUS_TRUNCATED_D112,R23,Soft Float,Float,Float,N/A,CONTINUOUS_TRUNCATED_D112,112,0,300,Continuous300,-4.0,1000,0.4496666666666666,1.0,0.4478872170386969,0.4514474053009796,0.9961732415144448,1.0,0.0,166,138.58666666666667,167,458,406.3786999999999,502.4,N/A,21504,1536,23040,39168000,21840000,Stage13,stage13_sliding_window_viterbi/results/stage13_final_comparison.csv,STAGE13-REFERENCE-R23--4,a3a2d63dad2dfa997c1707510a3a7162dc03d0337e9a92e18e66b16ea2bf42c7
R23_BLOCK_FULL_TRACEBACK,R23,Soft Float,Float,Float,N/A,BLOCK_FULL_TRACEBACK,306,306,300,Block300,-2.0,1000,0.3035333333333333,1.0,0.301890573819054,0.3051811242405839,0.9961732415144448,1.0,0.0,457,233.0,435,458,328.5739000000001,401.2,N/A,58752,1536,60288,39168000,306000,Stage13,stage13_sliding_window_viterbi/results/stage13_final_comparison.csv,STAGE13-REFERENCE-R23--2,a3a2d63dad2dfa997c1707510a3a7162dc03d0337e9a92e18e66b16ea2bf42c7
R23_CONTINUOUS_TRUNCATED_D84,R23,Soft Float,Float,Float,N/A,CONTINUOUS_TRUNCATED_D84,84,0,300,Continuous300,-2.0,1000,0.3044066666666666,1.0,0.3027625641295266,0.3060557782312374,0.9961732415144448,1.0,0.0,124,109.42,125,458,388.02369999999934,465.2,N/A,16128,1536,17664,39168000,18732000,Stage13,stage13_sliding_window_viterbi/results/stage13_final_comparison.csv,STAGE13-REFERENCE-R23--2,a3a2d63dad2dfa997c1707510a3a7162dc03d0337e9a92e18e66b16ea2bf42c7
R23_CONTINUOUS_TRUNCATED_D112,R23,Soft Float,Float,Float,N/A,CONTINUOUS_TRUNCATED_D112,112,0,300,Continuous300,-2.0,1000,0.30442,1.0,0.302775877013009,0.3060691316729632,0.9961732415144448,1.0,0.0,166,138.58666666666667,167,458,398.0618000000004,480.6,N/A,21504,1536,23040,39168000,21840000,Stage13,stage13_sliding_window_viterbi/results/stage13_final_comparison.csv,STAGE13-REFERENCE-R23--2,a3a2d63dad2dfa997c1707510a3a7162dc03d0337e9a92e18e66b16ea2bf42c7
R23_BLOCK_FULL_TRACEBACK,R23,Soft Float,Float,Float,N/A,BLOCK_FULL_TRACEBACK,306,306,300,Block300,0.0,1000,0.0340433333333333,0.507,0.0334003696948873,0.0346982298412954,0.4760458327856862,0.537900592595516,0.3222222222222222,457,233.0,435,458,326.4695,402.0,N/A,58752,1536,60288,39168000,306000,Stage13,stage13_sliding_window_viterbi/results/stage13_final_comparison.csv,STAGE13-REFERENCE-R23-0,a3a2d63dad2dfa997c1707510a3a7162dc03d0337e9a92e18e66b16ea2bf42c7
R23_CONTINUOUS_TRUNCATED_D84,R23,Soft Float,Float,Float,N/A,CONTINUOUS_TRUNCATED_D84,84,0,300,Continuous300,0.0,1000,0.03486,0.53,0.0342095668003588,0.0355223451548159,0.4990103090930167,0.56076008539785,0.30718954248366004,124,109.42,125,458,383.5301,456.9,N/A,16128,1536,17664,39168000,18732000,Stage13,stage13_sliding_window_viterbi/results/stage13_final_comparison.csv,STAGE13-REFERENCE-R23-0,a3a2d63dad2dfa997c1707510a3a7162dc03d0337e9a92e18e66b16ea2bf42c7
R23_CONTINUOUS_TRUNCATED_D112,R23,Soft Float,Float,Float,N/A,CONTINUOUS_TRUNCATED_D112,112,0,300,Continuous300,0.0,1000,0.0343433333333333,0.513,0.0336976143307191,0.0350009775226443,0.4820302687300168,0.5438702355493586,0.31830065359477117,166,138.58666666666667,167,458,397.0847,488.2,N/A,21504,1536,23040,39168000,21840000,Stage13,stage13_sliding_window_viterbi/results/stage13_final_comparison.csv,STAGE13-REFERENCE-R23-0,a3a2d63dad2dfa997c1707510a3a7162dc03d0337e9a92e18e66b16ea2bf42c7
R23_BLOCK_FULL_TRACEBACK,R23,Soft Float,Float,Float,N/A,BLOCK_FULL_TRACEBACK,306,306,300,Block300,2.0,32464,0.0001354320683423,0.0061606702809265,0.0001283182495821,0.0001429402127959,0.0053659708747614,0.00707222768343,0.6495681893588715,457,233.0,435,458,344.0769282897989,432.2,N/A,58752,1536,60288,1271549952,9933984,Stage13,stage13_sliding_window_viterbi/results/stage13_final_comparison.csv,STAGE13-REFERENCE-R23-2,a3a2d63dad2dfa997c1707510a3a7162dc03d0337e9a92e18e66b16ea2bf42c7
R23_CONTINUOUS_TRUNCATED_D84,R23,Soft Float,Float,Float,N/A,CONTINUOUS_TRUNCATED_D84,84,0,300,Continuous300,2.0,32464,0.0001354320683423,0.0061914736323311,0.0001283182495821,0.0001429402127959,0.0053946638404961,0.0071051341314579,0.6495480564494567,124,109.42,125,458,405.7637444553951,497.3,N/A,16128,1536,17664,1271549952,608115648,Stage13,stage13_sliding_window_viterbi/results/stage13_final_comparison.csv,STAGE13-REFERENCE-R23-2,a3a2d63dad2dfa997c1707510a3a7162dc03d0337e9a92e18e66b16ea2bf42c7
R23_CONTINUOUS_TRUNCATED_D112,R23,Soft Float,Float,Float,N/A,CONTINUOUS_TRUNCATED_D112,112,0,300,Continuous300,2.0,32464,0.0001354320683423,0.0061606702809265,0.0001283182495821,0.0001429402127959,0.0053659708747614,0.00707222768343,0.6495681893588715,166,138.58666666666667,167,458,419.21974186791766,513.1,N/A,21504,1536,23040,1271549952,709013760,Stage13,stage13_sliding_window_viterbi/results/stage13_final_comparison.csv,STAGE13-REFERENCE-R23-2,a3a2d63dad2dfa997c1707510a3a7162dc03d0337e9a92e18e66b16ea2bf42c7
R23_BLOCK_FULL_TRACEBACK,R23,Soft Float,Float,Float,N/A,BLOCK_FULL_TRACEBACK,306,306,300,Block300,4.0,50000,0.0,0.0,0.0,2.5609718912715457e-07,0.0,7.682327414500052e-05,0.65359477124183,457,233.0,435,458,340.5904719999964,426.4,N/A,58752,1536,60288,1958400000,15300000,Stage13,stage13_sliding_window_viterbi/results/stage13_final_comparison.csv,STAGE13-REFERENCE-R23-4,a3a2d63dad2dfa997c1707510a3a7162dc03d0337e9a92e18e66b16ea2bf42c7
R23_CONTINUOUS_TRUNCATED_D84,R23,Soft Float,Float,Float,N/A,CONTINUOUS_TRUNCATED_D84,84,0,300,Continuous300,4.0,50000,0.0,0.0,0.0,2.5609718912715457e-07,0.0,7.682327414500052e-05,0.65359477124183,124,109.42,125,458,402.6390260000008,493.6,N/A,16128,1536,17664,1958400000,936600000,Stage13,stage13_sliding_window_viterbi/results/stage13_final_comparison.csv,STAGE13-REFERENCE-R23-4,a3a2d63dad2dfa997c1707510a3a7162dc03d0337e9a92e18e66b16ea2bf42c7
R23_CONTINUOUS_TRUNCATED_D112,R23,Soft Float,Float,Float,N/A,CONTINUOUS_TRUNCATED_D112,112,0,300,Continuous300,4.0,50000,0.0,0.0,0.0,2.5609718912715457e-07,0.0,7.682327414500052e-05,0.65359477124183,166,138.58666666666667,167,458,415.29449000000375,509.8,N/A,21504,1536,23040,1958400000,1092000000,Stage13,stage13_sliding_window_viterbi/results/stage13_final_comparison.csv,STAGE13-REFERENCE-R23-4,a3a2d63dad2dfa997c1707510a3a7162dc03d0337e9a92e18e66b16ea2bf42c7
R23_BLOCK_FULL_TRACEBACK,R23,Soft Float,Float,Float,N/A,BLOCK_FULL_TRACEBACK,306,306,300,Block300,6.0,50000,0.0,0.0,0.0,2.5609718912715457e-07,0.0,7.682327414500052e-05,0.65359477124183,457,233.0,435,458,336.27350799999925,423.1,N/A,58752,1536,60288,1958400000,15300000,Stage13,stage13_sliding_window_viterbi/results/stage13_final_comparison.csv,STAGE13-REFERENCE-R23-6,a3a2d63dad2dfa997c1707510a3a7162dc03d0337e9a92e18e66b16ea2bf42c7
R23_CONTINUOUS_TRUNCATED_D84,R23,Soft Float,Float,Float,N/A,CONTINUOUS_TRUNCATED_D84,84,0,300,Continuous300,6.0,50000,0.0,0.0,0.0,2.5609718912715457e-07,0.0,7.682327414500052e-05,0.65359477124183,124,109.42,125,458,398.24550000000266,490.9,N/A,16128,1536,17664,1958400000,936600000,Stage13,stage13_sliding_window_viterbi/results/stage13_final_comparison.csv,STAGE13-REFERENCE-R23-6,a3a2d63dad2dfa997c1707510a3a7162dc03d0337e9a92e18e66b16ea2bf42c7
R23_CONTINUOUS_TRUNCATED_D112,R23,Soft Float,Float,Float,N/A,CONTINUOUS_TRUNCATED_D112,112,0,300,Continuous300,6.0,50000,0.0,0.0,0.0,2.5609718912715457e-07,0.0,7.682327414500052e-05,0.65359477124183,166,138.58666666666667,167,458,410.4276499999991,504.1,N/A,21504,1536,23040,1958400000,1092000000,Stage13,stage13_sliding_window_viterbi/results/stage13_final_comparison.csv,STAGE13-REFERENCE-R23-6,a3a2d63dad2dfa997c1707510a3a7162dc03d0337e9a92e18e66b16ea2bf42c7
R23_BLOCK_FULL_TRACEBACK,R23,Soft Float,Float,Float,N/A,BLOCK_FULL_TRACEBACK,306,306,300,Block300,8.0,50000,0.0,0.0,0.0,2.5609718912715457e-07,0.0,7.682327414500052e-05,0.65359477124183,457,233.0,435,458,332.2346060000027,411.3,N/A,58752,1536,60288,1958400000,15300000,Stage13,stage13_sliding_window_viterbi/results/stage13_final_comparison.csv,STAGE13-REFERENCE-R23-8,a3a2d63dad2dfa997c1707510a3a7162dc03d0337e9a92e18e66b16ea2bf42c7
R23_CONTINUOUS_TRUNCATED_D84,R23,Soft Float,Float,Float,N/A,CONTINUOUS_TRUNCATED_D84,84,0,300,Continuous300,8.0,50000,0.0,0.0,0.0,2.5609718912715457e-07,0.0,7.682327414500052e-05,0.65359477124183,124,109.42,125,458,392.9453639999992,477.2,N/A,16128,1536,17664,1958400000,936600000,Stage13,stage13_sliding_window_viterbi/results/stage13_final_comparison.csv,STAGE13-REFERENCE-R23-8,a3a2d63dad2dfa997c1707510a3a7162dc03d0337e9a92e18e66b16ea2bf42c7
R23_CONTINUOUS_TRUNCATED_D112,R23,Soft Float,Float,Float,N/A,CONTINUOUS_TRUNCATED_D112,112,0,300,Continuous300,8.0,50000,0.0,0.0,0.0,2.5609718912715457e-07,0.0,7.682327414500052e-05,0.65359477124183,166,138.58666666666667,167,458,405.126392000001,491.4,N/A,21504,1536,23040,1958400000,1092000000,Stage13,stage13_sliding_window_viterbi/results/stage13_final_comparison.csv,STAGE13-REFERENCE-R23-8,a3a2d63dad2dfa997c1707510a3a7162dc03d0337e9a92e18e66b16ea2bf42c7
R23_BLOCK_FULL_TRACEBACK,R23,Soft Float,Float,Float,N/A,BLOCK_FULL_TRACEBACK,306,306,300,Block300,10.0,50000,0.0,0.0,0.0,2.5609718912715457e-07,0.0,7.682327414500052e-05,0.65359477124183,457,233.0,435,458,332.2800180000005,413.4,N/A,58752,1536,60288,1958400000,15300000,Stage13,stage13_sliding_window_viterbi/results/stage13_final_comparison.csv,STAGE13-REFERENCE-R23-10,a3a2d63dad2dfa997c1707510a3a7162dc03d0337e9a92e18e66b16ea2bf42c7
R23_CONTINUOUS_TRUNCATED_D84,R23,Soft Float,Float,Float,N/A,CONTINUOUS_TRUNCATED_D84,84,0,300,Continuous300,10.0,50000,0.0,0.0,0.0,2.5609718912715457e-07,0.0,7.682327414500052e-05,0.65359477124183,124,109.42,125,458,392.3372220000049,480.1,N/A,16128,1536,17664,1958400000,936600000,Stage13,stage13_sliding_window_viterbi/results/stage13_final_comparison.csv,STAGE13-REFERENCE-R23-10,a3a2d63dad2dfa997c1707510a3a7162dc03d0337e9a92e18e66b16ea2bf42c7
R23_CONTINUOUS_TRUNCATED_D112,R23,Soft Float,Float,Float,N/A,CONTINUOUS_TRUNCATED_D112,112,0,300,Continuous300,10.0,50000,0.0,0.0,0.0,2.5609718912715457e-07,0.0,7.682327414500052e-05,0.65359477124183,166,138.58666666666667,167,458,404.88805400000217,493.9,N/A,21504,1536,23040,1958400000,1092000000,Stage13,stage13_sliding_window_viterbi/results/stage13_final_comparison.csv,STAGE13-REFERENCE-R23-10,a3a2d63dad2dfa997c1707510a3a7162dc03d0337e9a92e18e66b16ea2bf42c7
R34_BLOCK_FULL_TRACEBACK,R34,Soft Float,Float,Float,N/A,BLOCK_FULL_TRACEBACK,306,306,300,Block300,-3.5,1000,0.4665133333333333,1.0,0.4647285965140937,0.4682989277259321,0.9961732415144448,1.0,0.0,406,207.0,386,407,309.80319999999966,391.3,N/A,58752,1536,60288,39168000,306000,Stage13,stage13_sliding_window_viterbi/results/stage13_final_comparison.csv,STAGE13-REFERENCE-R34--3.5,a3a2d63dad2dfa997c1707510a3a7162dc03d0337e9a92e18e66b16ea2bf42c7
R34_CONTINUOUS_TRUNCATED_D84,R34,Soft Float,Float,Float,N/A,CONTINUOUS_TRUNCATED_D84,84,0,300,Continuous300,-3.5,1000,0.4670266666666666,1.0,0.4652418009254059,0.468812376835129,0.9961732415144448,1.0,0.0,110,97.2333333333333,111,407,358.4591000000002,454.9,N/A,16128,1536,17664,39168000,18732000,Stage13,stage13_sliding_window_viterbi/results/stage13_final_comparison.csv,STAGE13-REFERENCE-R34--3.5,a3a2d63dad2dfa997c1707510a3a7162dc03d0337e9a92e18e66b16ea2bf42c7
R34_CONTINUOUS_TRUNCATED_D112,R34,Soft Float,Float,Float,N/A,CONTINUOUS_TRUNCATED_D112,112,0,300,Continuous300,-3.5,1000,0.4658566666666666,1.0,0.4640720975350338,0.4676421101884963,0.9961732415144448,1.0,0.0,148,123.15,148,407,372.0842999999994,464.6,N/A,21504,1536,23040,39168000,21840000,Stage13,stage13_sliding_window_viterbi/results/stage13_final_comparison.csv,STAGE13-REFERENCE-R34--3.5,a3a2d63dad2dfa997c1707510a3a7162dc03d0337e9a92e18e66b16ea2bf42c7
R34_BLOCK_FULL_TRACEBACK,R34,Soft Float,Float,Float,N/A,BLOCK_FULL_TRACEBACK,306,306,300,Block300,-1.5,1000,0.3743466666666666,1.0,0.3726165115007198,0.3760800397387799,0.9961732415144448,1.0,0.0,406,207.0,386,407,311.9276999999997,405.2,N/A,58752,1536,60288,39168000,306000,Stage13,stage13_sliding_window_viterbi/results/stage13_final_comparison.csv,STAGE13-REFERENCE-R34--1.5,a3a2d63dad2dfa997c1707510a3a7162dc03d0337e9a92e18e66b16ea2bf42c7
R34_CONTINUOUS_TRUNCATED_D84,R34,Soft Float,Float,Float,N/A,CONTINUOUS_TRUNCATED_D84,84,0,300,Continuous300,-1.5,1000,0.3743033333333333,1.0,0.3725732189894268,0.3760366666931467,0.9961732415144448,1.0,0.0,110,97.2333333333333,111,407,361.2394999999999,456.9,N/A,16128,1536,17664,39168000,18732000,Stage13,stage13_sliding_window_viterbi/results/stage13_final_comparison.csv,STAGE13-REFERENCE-R34--1.5,a3a2d63dad2dfa997c1707510a3a7162dc03d0337e9a92e18e66b16ea2bf42c7
R34_CONTINUOUS_TRUNCATED_D112,R34,Soft Float,Float,Float,N/A,CONTINUOUS_TRUNCATED_D112,112,0,300,Continuous300,-1.5,1000,0.3742066666666666,1.0,0.3724766434407219,0.3759399113840934,0.9961732415144448,1.0,0.0,148,123.15,148,407,374.6497000000006,469.6,N/A,21504,1536,23040,39168000,21840000,Stage13,stage13_sliding_window_viterbi/results/stage13_final_comparison.csv,STAGE13-REFERENCE-R34--1.5,a3a2d63dad2dfa997c1707510a3a7162dc03d0337e9a92e18e66b16ea2bf42c7
R34_BLOCK_FULL_TRACEBACK,R34,Soft Float,Float,Float,N/A,BLOCK_FULL_TRACEBACK,306,306,300,Block300,0.5,1000,0.0855899999999999,0.749,0.0845942171841128,0.0865963956063243,0.7212080850643917,0.7748861892098019,0.18455882352941175,406,207.0,386,407,314.4783999999996,400.9,N/A,58752,1536,60288,39168000,306000,Stage13,stage13_sliding_window_viterbi/results/stage13_final_comparison.csv,STAGE13-REFERENCE-R34-0.5,a3a2d63dad2dfa997c1707510a3a7162dc03d0337e9a92e18e66b16ea2bf42c7
R34_CONTINUOUS_TRUNCATED_D84,R34,Soft Float,Float,Float,N/A,CONTINUOUS_TRUNCATED_D84,84,0,300,Continuous300,0.5,1000,0.0872833333333333,0.797,0.0862786112861257,0.0882986248057316,0.7709550842197117,0.8207718212398686,0.1492647058823529,110,97.2333333333333,111,407,362.7438000000004,453.3,N/A,16128,1536,17664,39168000,18732000,Stage13,stage13_sliding_window_viterbi/results/stage13_final_comparison.csv,STAGE13-REFERENCE-R34-0.5,a3a2d63dad2dfa997c1707510a3a7162dc03d0337e9a92e18e66b16ea2bf42c7
R34_CONTINUOUS_TRUNCATED_D112,R34,Soft Float,Float,Float,N/A,CONTINUOUS_TRUNCATED_D112,112,0,300,Continuous300,0.5,1000,0.0853,0.764,0.0843057597787262,0.0863048604384362,0.7367028474727884,0.7892766240468384,0.17352941176470585,148,123.15,148,407,376.6581999999996,462.2,N/A,21504,1536,23040,39168000,21840000,Stage13,stage13_sliding_window_viterbi/results/stage13_final_comparison.csv,STAGE13-REFERENCE-R34-0.5,a3a2d63dad2dfa997c1707510a3a7162dc03d0337e9a92e18e66b16ea2bf42c7
R34_BLOCK_FULL_TRACEBACK,R34,Soft Float,Float,Float,N/A,BLOCK_FULL_TRACEBACK,306,306,300,Block300,2.5,9238,0.0006379447210795,0.0216497077289456,0.0006089018289139,0.0006683719504849,0.0188747167998159,0.0248223603054459,0.719375214905187,406,207.0,386,407,323.4540268456384,409.0,N/A,58752,1536,60288,361833984,2826828,Stage13,stage13_sliding_window_viterbi/results/stage13_final_comparison.csv,STAGE13-REFERENCE-R34-2.5,a3a2d63dad2dfa997c1707510a3a7162dc03d0337e9a92e18e66b16ea2bf42c7
R34_CONTINUOUS_TRUNCATED_D84,R34,Soft Float,Float,Float,N/A,CONTINUOUS_TRUNCATED_D84,84,0,300,Continuous300,2.5,9238,0.0006577902864977,0.0231651872699718,0.000628288947996,0.0006886759072231,0.0202901066711451,0.0264366696693569,0.7182608917132559,110,97.2333333333333,111,407,376.4534747780916,468.8,N/A,16128,1536,17664,361833984,173046216,Stage13,stage13_sliding_window_viterbi/results/stage13_final_comparison.csv,STAGE13-REFERENCE-R34-2.5,a3a2d63dad2dfa997c1707510a3a7162dc03d0337e9a92e18e66b16ea2bf42c7
R34_CONTINUOUS_TRUNCATED_D112,R34,Soft Float,Float,Float,N/A,CONTINUOUS_TRUNCATED_D112,112,0,300,Continuous300,2.5,9238,0.0006408313487767,0.0217579562675903,0.0006117213341287,0.0006713256926621,0.0189756954100017,0.0249377887834915,0.7192956203914777,148,123.15,148,407,389.73538644728336,487.8,N/A,21504,1536,23040,361833984,201757920,Stage13,stage13_sliding_window_viterbi/results/stage13_final_comparison.csv,STAGE13-REFERENCE-R34-2.5,a3a2d63dad2dfa997c1707510a3a7162dc03d0337e9a92e18e66b16ea2bf42c7
R34_BLOCK_FULL_TRACEBACK,R34,Soft Float,Float,Float,N/A,BLOCK_FULL_TRACEBACK,306,306,300,Block300,4.5,50000,1.3333333333333334e-06,6e-05,8.631685652831271e-07,2.059594607584856e-06,2.0405619612978105e-05,0.0001764084357391,0.73525,406,207.0,386,407,335.31490999999824,421.2,N/A,58752,1536,60288,1958400000,15300000,Stage13,stage13_sliding_window_viterbi/results/stage13_final_comparison.csv,STAGE13-REFERENCE-R34-4.5,a3a2d63dad2dfa997c1707510a3a7162dc03d0337e9a92e18e66b16ea2bf42c7
R34_CONTINUOUS_TRUNCATED_D84,R34,Soft Float,Float,Float,N/A,CONTINUOUS_TRUNCATED_D84,84,0,300,Continuous300,4.5,50000,1.3333333333333334e-06,6e-05,8.631685652831271e-07,2.059594607584856e-06,2.0405619612978105e-05,0.0001764084357391,0.73525,110,97.2333333333333,111,407,391.24640199999897,483.8,N/A,16128,1536,17664,1958400000,936600000,Stage13,stage13_sliding_window_viterbi/results/stage13_final_comparison.csv,STAGE13-REFERENCE-R34-4.5,a3a2d63dad2dfa997c1707510a3a7162dc03d0337e9a92e18e66b16ea2bf42c7
R34_CONTINUOUS_TRUNCATED_D112,R34,Soft Float,Float,Float,N/A,CONTINUOUS_TRUNCATED_D112,112,0,300,Continuous300,4.5,50000,1.3333333333333334e-06,6e-05,8.631685652831271e-07,2.059594607584856e-06,2.0405619612978105e-05,0.0001764084357391,0.73525,148,123.15,148,407,404.7351259999981,500.4,N/A,21504,1536,23040,1958400000,1092000000,Stage13,stage13_sliding_window_viterbi/results/stage13_final_comparison.csv,STAGE13-REFERENCE-R34-4.5,a3a2d63dad2dfa997c1707510a3a7162dc03d0337e9a92e18e66b16ea2bf42c7
R34_BLOCK_FULL_TRACEBACK,R34,Soft Float,Float,Float,N/A,BLOCK_FULL_TRACEBACK,306,306,300,Block300,6.5,50000,0.0,0.0,0.0,2.5609718912715457e-07,0.0,7.682327414500052e-05,0.7352941176470588,406,207.0,386,407,331.6359020000004,408.9,N/A,58752,1536,60288,1958400000,15300000,Stage13,stage13_sliding_window_viterbi/results/stage13_final_comparison.csv,STAGE13-REFERENCE-R34-6.5,a3a2d63dad2dfa997c1707510a3a7162dc03d0337e9a92e18e66b16ea2bf42c7
R34_CONTINUOUS_TRUNCATED_D84,R34,Soft Float,Float,Float,N/A,CONTINUOUS_TRUNCATED_D84,84,0,300,Continuous300,6.5,50000,0.0,0.0,0.0,2.5609718912715457e-07,0.0,7.682327414500052e-05,0.7352941176470588,110,97.2333333333333,111,407,387.44868800000376,471.7,N/A,16128,1536,17664,1958400000,936600000,Stage13,stage13_sliding_window_viterbi/results/stage13_final_comparison.csv,STAGE13-REFERENCE-R34-6.5,a3a2d63dad2dfa997c1707510a3a7162dc03d0337e9a92e18e66b16ea2bf42c7
R34_CONTINUOUS_TRUNCATED_D112,R34,Soft Float,Float,Float,N/A,CONTINUOUS_TRUNCATED_D112,112,0,300,Continuous300,6.5,50000,0.0,0.0,0.0,2.5609718912715457e-07,0.0,7.682327414500052e-05,0.7352941176470588,148,123.15,148,407,400.7482300000025,487.2,N/A,21504,1536,23040,1958400000,1092000000,Stage13,stage13_sliding_window_viterbi/results/stage13_final_comparison.csv,STAGE13-REFERENCE-R34-6.5,a3a2d63dad2dfa997c1707510a3a7162dc03d0337e9a92e18e66b16ea2bf42c7
R34_BLOCK_FULL_TRACEBACK,R34,Soft Float,Float,Float,N/A,BLOCK_FULL_TRACEBACK,306,306,300,Block300,8.5,50000,0.0,0.0,0.0,2.5609718912715457e-07,0.0,7.682327414500052e-05,0.7352941176470588,406,207.0,386,407,333.9697959999967,423.1,N/A,58752,1536,60288,1958400000,15300000,Stage13,stage13_sliding_window_viterbi/results/stage13_final_comparison.csv,STAGE13-REFERENCE-R34-8.5,a3a2d63dad2dfa997c1707510a3a7162dc03d0337e9a92e18e66b16ea2bf42c7
R34_CONTINUOUS_TRUNCATED_D84,R34,Soft Float,Float,Float,N/A,CONTINUOUS_TRUNCATED_D84,84,0,300,Continuous300,8.5,50000,0.0,0.0,0.0,2.5609718912715457e-07,0.0,7.682327414500052e-05,0.7352941176470588,110,97.2333333333333,111,407,391.38213999999886,490.7,N/A,16128,1536,17664,1958400000,936600000,Stage13,stage13_sliding_window_viterbi/results/stage13_final_comparison.csv,STAGE13-REFERENCE-R34-8.5,a3a2d63dad2dfa997c1707510a3a7162dc03d0337e9a92e18e66b16ea2bf42c7
R34_CONTINUOUS_TRUNCATED_D112,R34,Soft Float,Float,Float,N/A,CONTINUOUS_TRUNCATED_D112,112,0,300,Continuous300,8.5,50000,0.0,0.0,0.0,2.5609718912715457e-07,0.0,7.682327414500052e-05,0.7352941176470588,148,123.15,148,407,405.445471999996,506.0,N/A,21504,1536,23040,1958400000,1092000000,Stage13,stage13_sliding_window_viterbi/results/stage13_final_comparison.csv,STAGE13-REFERENCE-R34-8.5,a3a2d63dad2dfa997c1707510a3a7162dc03d0337e9a92e18e66b16ea2bf42c7
R12_BLOCK_FULL_TRACEBACK,R12,Soft Float,Float,Float,N/A,BLOCK_FULL_TRACEBACK,306,306,300,Block300,-4.0,1000,0.28082,1.0,0.2792146876095575,0.2824309254581967,0.9961732415144448,1.0,0.0,610,311.0,580,611,479.73940000000016,654.4,N/A,58752,1536,60288,39168000,306000,Stage13,stage13_sliding_window_viterbi/results/stage13_final_comparison.csv,STAGE13-REFERENCE-R12--4,a3a2d63dad2dfa997c1707510a3a7162dc03d0337e9a92e18e66b16ea2bf42c7
R12_CONTINUOUS_TRUNCATED_D84,R12,Soft Float,Float,Float,N/A,CONTINUOUS_TRUNCATED_D84,84,0,300,Continuous300,-4.0,1000,0.28058,1.0,0.2789751098159361,0.2821905093980735,0.9961732415144448,1.0,0.0,166,145.98,166,611,599.3763000000001,835.7999999999998,N/A,16128,1536,17664,39168000,18732000,Stage13,stage13_sliding_window_viterbi/results/stage13_final_comparison.csv,STAGE13-REFERENCE-R12--4,a3a2d63dad2dfa997c1707510a3a7162dc03d0337e9a92e18e66b16ea2bf42c7
R12_CONTINUOUS_TRUNCATED_D112,R12,Soft Float,Float,Float,N/A,CONTINUOUS_TRUNCATED_D112,112,0,300,Continuous300,-4.0,1000,0.2807133333333333,1.0,0.2791082085200538,0.2823240739460361,0.9961732415144448,1.0,0.0,222,184.9,222,611,590.6497000000006,758.6,N/A,21504,1536,23040,39168000,21840000,Stage13,stage13_sliding_window_viterbi/results/stage13_final_comparison.csv,STAGE13-REFERENCE-R12--4,a3a2d63dad2dfa997c1707510a3a7162dc03d0337e9a92e18e66b16ea2bf42c7
R12_BLOCK_FULL_TRACEBACK,R12,Soft Float,Float,Float,N/A,BLOCK_FULL_TRACEBACK,306,306,300,Block300,-2.0,1000,0.03424,0.633,0.0335952285537922,0.0348966992792089,0.6026706264751108,0.6623114557677315,0.1799019607843137,610,311.0,580,611,531.3313999999997,841.4,N/A,58752,1536,60288,39168000,306000,Stage13,stage13_sliding_window_viterbi/results/stage13_final_comparison.csv,STAGE13-REFERENCE-R12--2,a3a2d63dad2dfa997c1707510a3a7162dc03d0337e9a92e18e66b16ea2bf42c7
R12_CONTINUOUS_TRUNCATED_D84,R12,Soft Float,Float,Float,N/A,CONTINUOUS_TRUNCATED_D84,84,0,300,Continuous300,-2.0,1000,0.0344233333333333,0.64,0.0337768818251168,0.0350817079794948,0.609766237395941,0.6691622702281036,0.17647058823529407,166,145.98,166,611,623.719499999999,954.9,N/A,16128,1536,17664,39168000,18732000,Stage13,stage13_sliding_window_viterbi/results/stage13_final_comparison.csv,STAGE13-REFERENCE-R12--2,a3a2d63dad2dfa997c1707510a3a7162dc03d0337e9a92e18e66b16ea2bf42c7
R12_CONTINUOUS_TRUNCATED_D112,R12,Soft Float,Float,Float,N/A,CONTINUOUS_TRUNCATED_D112,112,0,300,Continuous300,-2.0,1000,0.0342299999999999,0.633,0.033585320336981,0.0348866077521142,0.6026706264751108,0.6623114557677315,0.1799019607843137,222,184.9,222,611,653.404800000001,1037.5,N/A,21504,1536,23040,39168000,21840000,Stage13,stage13_sliding_window_viterbi/results/stage13_final_comparison.csv,STAGE13-REFERENCE-R12--2,a3a2d63dad2dfa997c1707510a3a7162dc03d0337e9a92e18e66b16ea2bf42c7
R12_BLOCK_FULL_TRACEBACK,R12,Soft Float,Float,Float,N/A,BLOCK_FULL_TRACEBACK,306,306,300,Block300,0.0,10066,0.0003450559639711,0.0198688654877806,0.0003247346044572,0.0003666485344595,0.0173202588029099,0.0227837945202879,0.48045643848638203,610,311.0,580,611,459.62550168885326,596.8,N/A,58752,1536,60288,394265088,3080196,Stage13,stage13_sliding_window_viterbi/results/stage13_final_comparison.csv,STAGE13-REFERENCE-R12-0,a3a2d63dad2dfa997c1707510a3a7162dc03d0337e9a92e18e66b16ea2bf42c7
R12_CONTINUOUS_TRUNCATED_D84,R12,Soft Float,Float,Float,N/A,CONTINUOUS_TRUNCATED_D84,84,0,300,Continuous300,0.0,10066,0.0003450559639711,0.0198688654877806,0.0003247346044572,0.0003666485344595,0.0173202588029099,0.0227837945202879,0.48045643848638203,166,145.98,166,611,545.4239618517772,704.2,N/A,16128,1536,17664,394265088,188556312,Stage13,stage13_sliding_window_viterbi/results/stage13_final_comparison.csv,STAGE13-REFERENCE-R12-0,a3a2d63dad2dfa997c1707510a3a7162dc03d0337e9a92e18e66b16ea2bf42c7
R12_CONTINUOUS_TRUNCATED_D112,R12,Soft Float,Float,Float,N/A,CONTINUOUS_TRUNCATED_D112,112,0,300,Continuous300,0.0,10066,0.0003450559639711,0.0198688654877806,0.0003247346044572,0.0003666485344595,0.0173202588029099,0.0227837945202879,0.48045643848638203,222,184.9,222,611,560.8737333598224,727.2999999999998,N/A,21504,1536,23040,394265088,219841440,Stage13,stage13_sliding_window_viterbi/results/stage13_final_comparison.csv,STAGE13-REFERENCE-R12-0,a3a2d63dad2dfa997c1707510a3a7162dc03d0337e9a92e18e66b16ea2bf42c7
R12_BLOCK_FULL_TRACEBACK,R12,Soft Float,Float,Float,N/A,BLOCK_FULL_TRACEBACK,306,306,300,Block300,2.0,50000,5.333333333333333e-07,4e-05,2.702532928873656e-07,1.0525102897361208e-06,1.0969511301390302e-05,0.0001458476169816,0.4901764705882352,610,311.0,580,611,391.93554799999777,482.2,N/A,58752,1536,60288,1958400000,15300000,Stage13,stage13_sliding_window_viterbi/results/stage13_final_comparison.csv,STAGE13-REFERENCE-R12-2,a3a2d63dad2dfa997c1707510a3a7162dc03d0337e9a92e18e66b16ea2bf42c7
R12_CONTINUOUS_TRUNCATED_D84,R12,Soft Float,Float,Float,N/A,CONTINUOUS_TRUNCATED_D84,84,0,300,Continuous300,2.0,50000,5.333333333333333e-07,4e-05,2.702532928873656e-07,1.0525102897361208e-06,1.0969511301390302e-05,0.0001458476169816,0.4901764705882352,166,145.98,166,611,470.71471999999983,571.1,N/A,16128,1536,17664,1958400000,936600000,Stage13,stage13_sliding_window_viterbi/results/stage13_final_comparison.csv,STAGE13-REFERENCE-R12-2,a3a2d63dad2dfa997c1707510a3a7162dc03d0337e9a92e18e66b16ea2bf42c7
R12_CONTINUOUS_TRUNCATED_D112,R12,Soft Float,Float,Float,N/A,CONTINUOUS_TRUNCATED_D112,112,0,300,Continuous300,2.0,50000,5.333333333333333e-07,4e-05,2.702532928873656e-07,1.0525102897361208e-06,1.0969511301390302e-05,0.0001458476169816,0.4901764705882352,222,184.9,222,611,482.02253399999375,589.4,N/A,21504,1536,23040,1958400000,1092000000,Stage13,stage13_sliding_window_viterbi/results/stage13_final_comparison.csv,STAGE13-REFERENCE-R12-2,a3a2d63dad2dfa997c1707510a3a7162dc03d0337e9a92e18e66b16ea2bf42c7
R12_BLOCK_FULL_TRACEBACK,R12,Soft Float,Float,Float,N/A,BLOCK_FULL_TRACEBACK,306,306,300,Block300,4.0,50000,0.0,0.0,0.0,2.5609718912715457e-07,0.0,7.682327414500052e-05,0.4901960784313725,610,311.0,580,611,349.660366,435.6,N/A,58752,1536,60288,1958400000,15300000,Stage13,stage13_sliding_window_viterbi/results/stage13_final_comparison.csv,STAGE13-REFERENCE-R12-4,a3a2d63dad2dfa997c1707510a3a7162dc03d0337e9a92e18e66b16ea2bf42c7
R12_CONTINUOUS_TRUNCATED_D84,R12,Soft Float,Float,Float,N/A,CONTINUOUS_TRUNCATED_D84,84,0,300,Continuous300,4.0,50000,0.0,0.0,0.0,2.5609718912715457e-07,0.0,7.682327414500052e-05,0.4901960784313725,166,145.98,166,611,423.1124640000005,516.4,N/A,16128,1536,17664,1958400000,936600000,Stage13,stage13_sliding_window_viterbi/results/stage13_final_comparison.csv,STAGE13-REFERENCE-R12-4,a3a2d63dad2dfa997c1707510a3a7162dc03d0337e9a92e18e66b16ea2bf42c7
R12_CONTINUOUS_TRUNCATED_D112,R12,Soft Float,Float,Float,N/A,CONTINUOUS_TRUNCATED_D112,112,0,300,Continuous300,4.0,50000,0.0,0.0,0.0,2.5609718912715457e-07,0.0,7.682327414500052e-05,0.4901960784313725,222,184.9,222,611,434.07543399999474,530.8,N/A,21504,1536,23040,1958400000,1092000000,Stage13,stage13_sliding_window_viterbi/results/stage13_final_comparison.csv,STAGE13-REFERENCE-R12-4,a3a2d63dad2dfa997c1707510a3a7162dc03d0337e9a92e18e66b16ea2bf42c7
R12_BLOCK_FULL_TRACEBACK,R12,Soft Float,Float,Float,N/A,BLOCK_FULL_TRACEBACK,306,306,300,Block300,6.0,50000,0.0,0.0,0.0,2.5609718912715457e-07,0.0,7.682327414500052e-05,0.4901960784313725,610,311.0,580,611,349.59811999999965,435.6,N/A,58752,1536,60288,1958400000,15300000,Stage13,stage13_sliding_window_viterbi/results/stage13_final_comparison.csv,STAGE13-REFERENCE-R12-6,a3a2d63dad2dfa997c1707510a3a7162dc03d0337e9a92e18e66b16ea2bf42c7
R12_CONTINUOUS_TRUNCATED_D84,R12,Soft Float,Float,Float,N/A,CONTINUOUS_TRUNCATED_D84,84,0,300,Continuous300,6.0,50000,0.0,0.0,0.0,2.5609718912715457e-07,0.0,7.682327414500052e-05,0.4901960784313725,166,145.98,166,611,422.6820539999986,516.6,N/A,16128,1536,17664,1958400000,936600000,Stage13,stage13_sliding_window_viterbi/results/stage13_final_comparison.csv,STAGE13-REFERENCE-R12-6,a3a2d63dad2dfa997c1707510a3a7162dc03d0337e9a92e18e66b16ea2bf42c7
R12_CONTINUOUS_TRUNCATED_D112,R12,Soft Float,Float,Float,N/A,CONTINUOUS_TRUNCATED_D112,112,0,300,Continuous300,6.0,50000,0.0,0.0,0.0,2.5609718912715457e-07,0.0,7.682327414500052e-05,0.4901960784313725,222,184.9,222,611,433.00982199999714,529.8,N/A,21504,1536,23040,1958400000,1092000000,Stage13,stage13_sliding_window_viterbi/results/stage13_final_comparison.csv,STAGE13-REFERENCE-R12-6,a3a2d63dad2dfa997c1707510a3a7162dc03d0337e9a92e18e66b16ea2bf42c7
R12_BLOCK_FULL_TRACEBACK,R12,Soft Float,Float,Float,N/A,BLOCK_FULL_TRACEBACK,306,306,300,Block300,8.0,50000,0.0,0.0,0.0,2.5609718912715457e-07,0.0,7.682327414500052e-05,0.4901960784313725,610,311.0,580,611,336.95855400000045,421.4,N/A,58752,1536,60288,1958400000,15300000,Stage13,stage13_sliding_window_viterbi/results/stage13_final_comparison.csv,STAGE13-REFERENCE-R12-8,a3a2d63dad2dfa997c1707510a3a7162dc03d0337e9a92e18e66b16ea2bf42c7
R12_CONTINUOUS_TRUNCATED_D84,R12,Soft Float,Float,Float,N/A,CONTINUOUS_TRUNCATED_D84,84,0,300,Continuous300,8.0,50000,0.0,0.0,0.0,2.5609718912715457e-07,0.0,7.682327414500052e-05,0.4901960784313725,166,145.98,166,611,407.6619879999994,499.8,N/A,16128,1536,17664,1958400000,936600000,Stage13,stage13_sliding_window_viterbi/results/stage13_final_comparison.csv,STAGE13-REFERENCE-R12-8,a3a2d63dad2dfa997c1707510a3a7162dc03d0337e9a92e18e66b16ea2bf42c7
R12_CONTINUOUS_TRUNCATED_D112,R12,Soft Float,Float,Float,N/A,CONTINUOUS_TRUNCATED_D112,112,0,300,Continuous300,8.0,50000,0.0,0.0,0.0,2.5609718912715457e-07,0.0,7.682327414500052e-05,0.4901960784313725,222,184.9,222,611,418.390467999997,513.3,N/A,21504,1536,23040,1958400000,1092000000,Stage13,stage13_sliding_window_viterbi/results/stage13_final_comparison.csv,STAGE13-REFERENCE-R12-8,a3a2d63dad2dfa997c1707510a3a7162dc03d0337e9a92e18e66b16ea2bf42c7
R12_BLOCK_FULL_TRACEBACK,R12,Soft Float,Float,Float,N/A,BLOCK_FULL_TRACEBACK,306,306,300,Block300,10.0,50000,0.0,0.0,0.0,2.5609718912715457e-07,0.0,7.682327414500052e-05,0.4901960784313725,610,311.0,580,611,342.81797199999966,426.6,N/A,58752,1536,60288,1958400000,15300000,Stage13,stage13_sliding_window_viterbi/results/stage13_final_comparison.csv,STAGE13-REFERENCE-R12-10,a3a2d63dad2dfa997c1707510a3a7162dc03d0337e9a92e18e66b16ea2bf42c7
R12_CONTINUOUS_TRUNCATED_D84,R12,Soft Float,Float,Float,N/A,CONTINUOUS_TRUNCATED_D84,84,0,300,Continuous300,10.0,50000,0.0,0.0,0.0,2.5609718912715457e-07,0.0,7.682327414500052e-05,0.4901960784313725,166,145.98,166,611,413.7926800000006,505.6,N/A,16128,1536,17664,1958400000,936600000,Stage13,stage13_sliding_window_viterbi/results/stage13_final_comparison.csv,STAGE13-REFERENCE-R12-10,a3a2d63dad2dfa997c1707510a3a7162dc03d0337e9a92e18e66b16ea2bf42c7
R12_CONTINUOUS_TRUNCATED_D112,R12,Soft Float,Float,Float,N/A,CONTINUOUS_TRUNCATED_D112,112,0,300,Continuous300,10.0,50000,0.0,0.0,0.0,2.5609718912715457e-07,0.0,7.682327414500052e-05,0.4901960784313725,222,184.9,222,611,423.409277999998,518.5,N/A,21504,1536,23040,1958400000,1092000000,Stage13,stage13_sliding_window_viterbi/results/stage13_final_comparison.csv,STAGE13-REFERENCE-R12-10,a3a2d63dad2dfa997c1707510a3a7162dc03d0337e9a92e18e66b16ea2bf42c7
R23_BLOCK_FULL_TRACEBACK,R23,Soft Float,Float,Float,N/A,BLOCK_FULL_TRACEBACK,306,306,300,Block300,-3.5,1000,0.4306499999999999,1.0,0.4288789985410574,0.4324227774706623,0.9961732415144448,1.0,0.0,457,233.0,435,458,340.93180000000007,427.4,N/A,58752,1536,60288,39168000,306000,Stage13,stage13_sliding_window_viterbi/results/stage13_final_comparison.csv,STAGE13-REFERENCE-R23--3.5,a3a2d63dad2dfa997c1707510a3a7162dc03d0337e9a92e18e66b16ea2bf42c7
R23_CONTINUOUS_TRUNCATED_D84,R23,Soft Float,Float,Float,N/A,CONTINUOUS_TRUNCATED_D84,84,0,300,Continuous300,-3.5,1000,0.4307866666666666,1.0,0.4290155950351249,0.4325595108099771,0.9961732415144448,1.0,0.0,124,109.42,125,458,397.4173999999998,483.4,N/A,16128,1536,17664,39168000,18732000,Stage13,stage13_sliding_window_viterbi/results/stage13_final_comparison.csv,STAGE13-REFERENCE-R23--3.5,a3a2d63dad2dfa997c1707510a3a7162dc03d0337e9a92e18e66b16ea2bf42c7
R23_CONTINUOUS_TRUNCATED_D112,R23,Soft Float,Float,Float,N/A,CONTINUOUS_TRUNCATED_D112,112,0,300,Continuous300,-3.5,1000,0.4310233333333333,1.0,0.4292521405088536,0.4327962926086911,0.9961732415144448,1.0,0.0,166,138.58666666666667,167,458,410.1433000000004,500.3,N/A,21504,1536,23040,39168000,21840000,Stage13,stage13_sliding_window_viterbi/results/stage13_final_comparison.csv,STAGE13-REFERENCE-R23--3.5,a3a2d63dad2dfa997c1707510a3a7162dc03d0337e9a92e18e66b16ea2bf42c7
R23_BLOCK_FULL_TRACEBACK,R23,Soft Float,Float,Float,N/A,BLOCK_FULL_TRACEBACK,306,306,300,Block300,-1.5,1000,0.23021,0.994,0.2287070762822365,0.2317198328771274,0.9869718317581478,0.9972473308581236,0.003921568627450983,457,233.0,435,458,333.7317,411.6,N/A,58752,1536,60288,39168000,306000,Stage13,stage13_sliding_window_viterbi/results/stage13_final_comparison.csv,STAGE13-REFERENCE-R23--1.5,a3a2d63dad2dfa997c1707510a3a7162dc03d0337e9a92e18e66b16ea2bf42c7
R23_CONTINUOUS_TRUNCATED_D84,R23,Soft Float,Float,Float,N/A,CONTINUOUS_TRUNCATED_D84,84,0,300,Continuous300,-1.5,1000,0.2309866666666666,0.997,0.2294819555082735,0.2324982670944584,0.9912169859464968,0.9989792161188614,0.0019607843137254915,124,109.42,125,458,393.15939999999966,482.6,N/A,16128,1536,17664,39168000,18732000,Stage13,stage13_sliding_window_viterbi/results/stage13_final_comparison.csv,STAGE13-REFERENCE-R23--1.5,a3a2d63dad2dfa997c1707510a3a7162dc03d0337e9a92e18e66b16ea2bf42c7
R23_CONTINUOUS_TRUNCATED_D112,R23,Soft Float,Float,Float,N/A,CONTINUOUS_TRUNCATED_D112,112,0,300,Continuous300,-1.5,1000,0.2306533333333333,0.995,0.229149388432449,0.232164176040082,0.9883490446266248,0.9978624644726756,0.0032679738562091526,166,138.58666666666667,167,458,407.5018999999999,499.2,N/A,21504,1536,23040,39168000,21840000,Stage13,stage13_sliding_window_viterbi/results/stage13_final_comparison.csv,STAGE13-REFERENCE-R23--1.5,a3a2d63dad2dfa997c1707510a3a7162dc03d0337e9a92e18e66b16ea2bf42c7
R23_BLOCK_FULL_TRACEBACK,R23,Soft Float,Float,Float,N/A,BLOCK_FULL_TRACEBACK,306,306,300,Block300,0.5,1000,0.0117366666666666,0.26,0.0113574842614966,0.0121283532016474,0.2337686185076309,0.2880682255654354,0.48366013071895414,457,233.0,435,458,345.9739000000004,428.8,N/A,58752,1536,60288,39168000,306000,Stage13,stage13_sliding_window_viterbi/results/stage13_final_comparison.csv,STAGE13-REFERENCE-R23-0.5,a3a2d63dad2dfa997c1707510a3a7162dc03d0337e9a92e18e66b16ea2bf42c7
R23_CONTINUOUS_TRUNCATED_D84,R23,Soft Float,Float,Float,N/A,CONTINUOUS_TRUNCATED_D84,84,0,300,Continuous300,0.5,1000,0.0121499999999999,0.275,0.0117641678891437,0.0125483256554492,0.2482258740225264,0.3034961672959733,0.4738562091503267,124,109.42,125,458,404.44709999999935,499.0,N/A,16128,1536,17664,39168000,18732000,Stage13,stage13_sliding_window_viterbi/results/stage13_final_comparison.csv,STAGE13-REFERENCE-R23-0.5,a3a2d63dad2dfa997c1707510a3a7162dc03d0337e9a92e18e66b16ea2bf42c7
R23_CONTINUOUS_TRUNCATED_D112,R23,Soft Float,Float,Float,N/A,CONTINUOUS_TRUNCATED_D112,112,0,300,Continuous300,0.5,1000,0.01176,0.261,0.0113804390096733,0.0121520645225847,0.2347311842621723,0.289098006293923,0.4830065359477123,166,138.58666666666667,167,458,415.5906999999991,514.5,N/A,21504,1536,23040,39168000,21840000,Stage13,stage13_sliding_window_viterbi/results/stage13_final_comparison.csv,STAGE13-REFERENCE-R23-0.5,a3a2d63dad2dfa997c1707510a3a7162dc03d0337e9a92e18e66b16ea2bf42c7
R23_BLOCK_FULL_TRACEBACK,R23,Soft Float,Float,Float,N/A,BLOCK_FULL_TRACEBACK,306,306,300,Block300,2.5,50000,3.066666666666667e-05,0.00158,2.798939089792e-05,3.360002391724622e-05,0.0012680687046281,0.0019685118079705,0.6525620915032678,457,233.0,435,458,337.7749960000001,420.6,N/A,58752,1536,60288,1958400000,15300000,Stage13,stage13_sliding_window_viterbi/results/stage13_final_comparison.csv,STAGE13-REFERENCE-R23-2.5,a3a2d63dad2dfa997c1707510a3a7162dc03d0337e9a92e18e66b16ea2bf42c7
R23_CONTINUOUS_TRUNCATED_D84,R23,Soft Float,Float,Float,N/A,CONTINUOUS_TRUNCATED_D84,84,0,300,Continuous300,2.5,50000,3.066666666666667e-05,0.00158,2.798939089792e-05,3.360002391724622e-05,0.0012680687046281,0.0019685118079705,0.6525620915032678,124,109.42,125,458,398.6622539999983,487.3,N/A,16128,1536,17664,1958400000,936600000,Stage13,stage13_sliding_window_viterbi/results/stage13_final_comparison.csv,STAGE13-REFERENCE-R23-2.5,a3a2d63dad2dfa997c1707510a3a7162dc03d0337e9a92e18e66b16ea2bf42c7
R23_CONTINUOUS_TRUNCATED_D112,R23,Soft Float,Float,Float,N/A,CONTINUOUS_TRUNCATED_D112,112,0,300,Continuous300,2.5,50000,3.066666666666667e-05,0.00158,2.798939089792e-05,3.360002391724622e-05,0.0012680687046281,0.0019685118079705,0.6525620915032678,166,138.58666666666667,167,458,410.76740799999993,501.3,N/A,21504,1536,23040,1958400000,1092000000,Stage13,stage13_sliding_window_viterbi/results/stage13_final_comparison.csv,STAGE13-REFERENCE-R23-2.5,a3a2d63dad2dfa997c1707510a3a7162dc03d0337e9a92e18e66b16ea2bf42c7
R23_BLOCK_FULL_TRACEBACK,R23,Soft Float,Float,Float,N/A,BLOCK_FULL_TRACEBACK,306,306,300,Block300,4.5,50000,0.0,0.0,0.0,2.5609718912715457e-07,0.0,7.682327414500052e-05,0.65359477124183,457,233.0,435,458,341.7781959999975,429.6,N/A,58752,1536,60288,1958400000,15300000,Stage13,stage13_sliding_window_viterbi/results/stage13_final_comparison.csv,STAGE13-REFERENCE-R23-4.5,a3a2d63dad2dfa997c1707510a3a7162dc03d0337e9a92e18e66b16ea2bf42c7
R23_CONTINUOUS_TRUNCATED_D84,R23,Soft Float,Float,Float,N/A,CONTINUOUS_TRUNCATED_D84,84,0,300,Continuous300,4.5,50000,0.0,0.0,0.0,2.5609718912715457e-07,0.0,7.682327414500052e-05,0.65359477124183,124,109.42,125,458,403.9995560000013,500.4,N/A,16128,1536,17664,1958400000,936600000,Stage13,stage13_sliding_window_viterbi/results/stage13_final_comparison.csv,STAGE13-REFERENCE-R23-4.5,a3a2d63dad2dfa997c1707510a3a7162dc03d0337e9a92e18e66b16ea2bf42c7
R23_CONTINUOUS_TRUNCATED_D112,R23,Soft Float,Float,Float,N/A,CONTINUOUS_TRUNCATED_D112,112,0,300,Continuous300,4.5,50000,0.0,0.0,0.0,2.5609718912715457e-07,0.0,7.682327414500052e-05,0.65359477124183,166,138.58666666666667,167,458,415.6452159999959,512.9,N/A,21504,1536,23040,1958400000,1092000000,Stage13,stage13_sliding_window_viterbi/results/stage13_final_comparison.csv,STAGE13-REFERENCE-R23-4.5,a3a2d63dad2dfa997c1707510a3a7162dc03d0337e9a92e18e66b16ea2bf42c7
R23_BLOCK_FULL_TRACEBACK,R23,Soft Float,Float,Float,N/A,BLOCK_FULL_TRACEBACK,306,306,300,Block300,6.5,50000,0.0,0.0,0.0,2.5609718912715457e-07,0.0,7.682327414500052e-05,0.65359477124183,457,233.0,435,458,332.8848660000016,413.3,N/A,58752,1536,60288,1958400000,15300000,Stage13,stage13_sliding_window_viterbi/results/stage13_final_comparison.csv,STAGE13-REFERENCE-R23-6.5,a3a2d63dad2dfa997c1707510a3a7162dc03d0337e9a92e18e66b16ea2bf42c7
R23_CONTINUOUS_TRUNCATED_D84,R23,Soft Float,Float,Float,N/A,CONTINUOUS_TRUNCATED_D84,84,0,300,Continuous300,6.5,50000,0.0,0.0,0.0,2.5609718912715457e-07,0.0,7.682327414500052e-05,0.65359477124183,124,109.42,125,458,393.90630200000095,483.8,N/A,16128,1536,17664,1958400000,936600000,Stage13,stage13_sliding_window_viterbi/results/stage13_final_comparison.csv,STAGE13-REFERENCE-R23-6.5,a3a2d63dad2dfa997c1707510a3a7162dc03d0337e9a92e18e66b16ea2bf42c7
R23_CONTINUOUS_TRUNCATED_D112,R23,Soft Float,Float,Float,N/A,CONTINUOUS_TRUNCATED_D112,112,0,300,Continuous300,6.5,50000,0.0,0.0,0.0,2.5609718912715457e-07,0.0,7.682327414500052e-05,0.65359477124183,166,138.58666666666667,167,458,406.0462920000042,497.3,N/A,21504,1536,23040,1958400000,1092000000,Stage13,stage13_sliding_window_viterbi/results/stage13_final_comparison.csv,STAGE13-REFERENCE-R23-6.5,a3a2d63dad2dfa997c1707510a3a7162dc03d0337e9a92e18e66b16ea2bf42c7
R23_BLOCK_FULL_TRACEBACK,R23,Soft Float,Float,Float,N/A,BLOCK_FULL_TRACEBACK,306,306,300,Block300,8.5,50000,0.0,0.0,0.0,2.5609718912715457e-07,0.0,7.682327414500052e-05,0.65359477124183,457,233.0,435,458,333.96979399999896,411.6,N/A,58752,1536,60288,1958400000,15300000,Stage13,stage13_sliding_window_viterbi/results/stage13_final_comparison.csv,STAGE13-REFERENCE-R23-8.5,a3a2d63dad2dfa997c1707510a3a7162dc03d0337e9a92e18e66b16ea2bf42c7
R23_CONTINUOUS_TRUNCATED_D84,R23,Soft Float,Float,Float,N/A,CONTINUOUS_TRUNCATED_D84,84,0,300,Continuous300,8.5,50000,0.0,0.0,0.0,2.5609718912715457e-07,0.0,7.682327414500052e-05,0.65359477124183,124,109.42,125,458,393.2667180000015,476.2,N/A,16128,1536,17664,1958400000,936600000,Stage13,stage13_sliding_window_viterbi/results/stage13_final_comparison.csv,STAGE13-REFERENCE-R23-8.5,a3a2d63dad2dfa997c1707510a3a7162dc03d0337e9a92e18e66b16ea2bf42c7
R23_CONTINUOUS_TRUNCATED_D112,R23,Soft Float,Float,Float,N/A,CONTINUOUS_TRUNCATED_D112,112,0,300,Continuous300,8.5,50000,0.0,0.0,0.0,2.5609718912715457e-07,0.0,7.682327414500052e-05,0.65359477124183,166,138.58666666666667,167,458,404.6952300000013,487.6,N/A,21504,1536,23040,1958400000,1092000000,Stage13,stage13_sliding_window_viterbi/results/stage13_final_comparison.csv,STAGE13-REFERENCE-R23-8.5,a3a2d63dad2dfa997c1707510a3a7162dc03d0337e9a92e18e66b16ea2bf42c7
R34_BLOCK_FULL_TRACEBACK,R34,Soft Float,Float,Float,N/A,BLOCK_FULL_TRACEBACK,306,306,300,Block300,-5.0,1000,0.4831699999999999,1.0,0.4813820466567718,0.4849583843493889,0.9961732415144448,1.0,0.0,406,207.0,386,407,321.36640000000006,405.6,N/A,58752,1536,60288,39168000,306000,Stage13,stage13_sliding_window_viterbi/results/stage13_final_comparison.csv,STAGE13-REFERENCE-R34--5,a3a2d63dad2dfa997c1707510a3a7162dc03d0337e9a92e18e66b16ea2bf42c7
R34_CONTINUOUS_TRUNCATED_D84,R34,Soft Float,Float,Float,N/A,CONTINUOUS_TRUNCATED_D84,84,0,300,Continuous300,-5.0,1000,0.48218,1.0,0.4803921821561218,0.4839682742033424,0.9961732415144448,1.0,0.0,110,97.2333333333333,111,407,373.3485999999999,465.0,N/A,16128,1536,17664,39168000,18732000,Stage13,stage13_sliding_window_viterbi/results/stage13_final_comparison.csv,STAGE13-REFERENCE-R34--5,a3a2d63dad2dfa997c1707510a3a7162dc03d0337e9a92e18e66b16ea2bf42c7
R34_CONTINUOUS_TRUNCATED_D112,R34,Soft Float,Float,Float,N/A,CONTINUOUS_TRUNCATED_D112,112,0,300,Continuous300,-5.0,1000,0.4832,1.0,0.481412042660421,0.4849883875774577,0.9961732415144448,1.0,0.0,148,123.15,148,407,387.36580000000015,485.4,N/A,21504,1536,23040,39168000,21840000,Stage13,stage13_sliding_window_viterbi/results/stage13_final_comparison.csv,STAGE13-REFERENCE-R34--5,a3a2d63dad2dfa997c1707510a3a7162dc03d0337e9a92e18e66b16ea2bf42c7
R34_BLOCK_FULL_TRACEBACK,R34,Soft Float,Float,Float,N/A,BLOCK_FULL_TRACEBACK,306,306,300,Block300,-3.0,1000,0.4550299999999999,1.0,0.4532486442710893,0.4568125073835183,0.9961732415144448,1.0,0.0,406,207.0,386,407,323.5706000000001,400.5,N/A,58752,1536,60288,39168000,306000,Stage13,stage13_sliding_window_viterbi/results/stage13_final_comparison.csv,STAGE13-REFERENCE-R34--3,a3a2d63dad2dfa997c1707510a3a7162dc03d0337e9a92e18e66b16ea2bf42c7
R34_CONTINUOUS_TRUNCATED_D84,R34,Soft Float,Float,Float,N/A,CONTINUOUS_TRUNCATED_D84,84,0,300,Continuous300,-3.0,1000,0.4542366666666666,1.0,0.4524555797368572,0.4560189255678724,0.9961732415144448,1.0,0.0,110,97.2333333333333,111,407,371.8737999999996,460.5,N/A,16128,1536,17664,39168000,18732000,Stage13,stage13_sliding_window_viterbi/results/stage13_final_comparison.csv,STAGE13-REFERENCE-R34--3,a3a2d63dad2dfa997c1707510a3a7162dc03d0337e9a92e18e66b16ea2bf42c7
R34_CONTINUOUS_TRUNCATED_D112,R34,Soft Float,Float,Float,N/A,CONTINUOUS_TRUNCATED_D112,112,0,300,Continuous300,-3.0,1000,0.4547066666666666,1.0,0.452925419939768,0.4564890733285447,0.9961732415144448,1.0,0.0,148,123.15,148,407,384.07490000000007,472.9,N/A,21504,1536,23040,39168000,21840000,Stage13,stage13_sliding_window_viterbi/results/stage13_final_comparison.csv,STAGE13-REFERENCE-R34--3,a3a2d63dad2dfa997c1707510a3a7162dc03d0337e9a92e18e66b16ea2bf42c7
R34_BLOCK_FULL_TRACEBACK,R34,Soft Float,Float,Float,N/A,BLOCK_FULL_TRACEBACK,306,306,300,Block300,-1.0,1000,0.3198866666666666,1.0,0.3182199058062535,0.3215580401210365,0.9961732415144448,1.0,0.0,406,207.0,386,407,318.6354999999994,407.5,N/A,58752,1536,60288,39168000,306000,Stage13,stage13_sliding_window_viterbi/results/stage13_final_comparison.csv,STAGE13-REFERENCE-R34--1,a3a2d63dad2dfa997c1707510a3a7162dc03d0337e9a92e18e66b16ea2bf42c7
R34_CONTINUOUS_TRUNCATED_D84,R34,Soft Float,Float,Float,N/A,CONTINUOUS_TRUNCATED_D84,84,0,300,Continuous300,-1.0,1000,0.3205066666666666,1.0,0.3188390428632362,0.3221788871862273,0.9961732415144448,1.0,0.0,110,97.2333333333333,111,407,369.6695000000004,468.7,N/A,16128,1536,17664,39168000,18732000,Stage13,stage13_sliding_window_viterbi/results/stage13_final_comparison.csv,STAGE13-REFERENCE-R34--1,a3a2d63dad2dfa997c1707510a3a7162dc03d0337e9a92e18e66b16ea2bf42c7
R34_CONTINUOUS_TRUNCATED_D112,R34,Soft Float,Float,Float,N/A,CONTINUOUS_TRUNCATED_D112,112,0,300,Continuous300,-1.0,1000,0.3187999999999999,1.0,0.3171347597873847,0.3204698806354506,0.9961732415144448,1.0,0.0,148,123.15,148,407,382.1340999999997,479.4,N/A,21504,1536,23040,39168000,21840000,Stage13,stage13_sliding_window_viterbi/results/stage13_final_comparison.csv,STAGE13-REFERENCE-R34--1,a3a2d63dad2dfa997c1707510a3a7162dc03d0337e9a92e18e66b16ea2bf42c7
R34_BLOCK_FULL_TRACEBACK,R34,Soft Float,Float,Float,N/A,BLOCK_FULL_TRACEBACK,306,306,300,Block300,1.0,1000,0.0341866666666666,0.46,0.0335423849028423,0.0348428776293267,0.4293214268811064,0.4909847137977379,0.39705882352941174,406,207.0,386,407,334.2004999999995,418.2,N/A,58752,1536,60288,39168000,306000,Stage13,stage13_sliding_window_viterbi/results/stage13_final_comparison.csv,STAGE13-REFERENCE-R34-1,a3a2d63dad2dfa997c1707510a3a7162dc03d0337e9a92e18e66b16ea2bf42c7
R34_CONTINUOUS_TRUNCATED_D84,R34,Soft Float,Float,Float,N/A,CONTINUOUS_TRUNCATED_D84,84,0,300,Continuous300,1.0,1000,0.0366166666666666,0.532,0.0359504898134442,0.0372947104878888,0.5010103116491518,0.5627447758077727,0.3441176470588235,110,97.2333333333333,111,407,386.6368999999997,474.8,N/A,16128,1536,17664,39168000,18732000,Stage13,stage13_sliding_window_viterbi/results/stage13_final_comparison.csv,STAGE13-REFERENCE-R34-1,a3a2d63dad2dfa997c1707510a3a7162dc03d0337e9a92e18e66b16ea2bf42c7
R34_CONTINUOUS_TRUNCATED_D112,R34,Soft Float,Float,Float,N/A,CONTINUOUS_TRUNCATED_D112,112,0,300,Continuous300,1.0,1000,0.0349233333333333,0.4829999999999999,0.0342723249432884,0.0355862520566244,0.4521524697495965,0.5139776400389123,0.38014705882352945,148,123.15,148,407,397.0179,482.3,N/A,21504,1536,23040,39168000,21840000,Stage13,stage13_sliding_window_viterbi/results/stage13_final_comparison.csv,STAGE13-REFERENCE-R34-1,a3a2d63dad2dfa997c1707510a3a7162dc03d0337e9a92e18e66b16ea2bf42c7
R34_BLOCK_FULL_TRACEBACK,R34,Soft Float,Float,Float,N/A,BLOCK_FULL_TRACEBACK,306,306,300,Block300,3.0,34843,0.0001414918348018,0.0057400338661998,0.0001344627073388,0.0001488883598615,0.0049994677099633,0.0065895728433367,0.7310735045101472,406,207.0,386,407,327.00893149269524,409.5,N/A,58752,1536,60288,1364730624,10661958,Stage13,stage13_sliding_window_viterbi/results/stage13_final_comparison.csv,STAGE13-REFERENCE-R34-3,a3a2d63dad2dfa997c1707510a3a7162dc03d0337e9a92e18e66b16ea2bf42c7
R34_CONTINUOUS_TRUNCATED_D84,R34,Soft Float,Float,Float,N/A,CONTINUOUS_TRUNCATED_D84,84,0,300,Continuous300,3.0,34843,0.0001449358551215,0.0059409350515168,0.0001378195401445,0.0001524195651638,0.0051867000566417,0.0068040985732561,0.7309257830503553,110,97.2333333333333,111,407,381.9738197055362,476.0,N/A,16128,1536,17664,1364730624,652679076,Stage13,stage13_sliding_window_viterbi/results/stage13_final_comparison.csv,STAGE13-REFERENCE-R34-3,a3a2d63dad2dfa997c1707510a3a7162dc03d0337e9a92e18e66b16ea2bf42c7
R34_CONTINUOUS_TRUNCATED_D112,R34,Soft Float,Float,Float,N/A,CONTINUOUS_TRUNCATED_D112,112,0,300,Continuous300,3.0,34843,0.0001414918348018,0.0057400338661998,0.0001344627073388,0.0001488883598615,0.0049994677099633,0.0065895728433367,0.7310735045101472,148,123.15,148,407,393.8805900754826,488.0,N/A,21504,1536,23040,1364730624,760971120,Stage13,stage13_sliding_window_viterbi/results/stage13_final_comparison.csv,STAGE13-REFERENCE-R34-3,a3a2d63dad2dfa997c1707510a3a7162dc03d0337e9a92e18e66b16ea2bf42c7
R34_BLOCK_FULL_TRACEBACK,R34,Soft Float,Float,Float,N/A,BLOCK_FULL_TRACEBACK,306,306,300,Block300,5.0,50000,0.0,0.0,0.0,2.5609718912715457e-07,0.0,7.682327414500052e-05,0.7352941176470588,406,207.0,386,407,335.75679999999824,419.0,N/A,58752,1536,60288,1958400000,15300000,Stage13,stage13_sliding_window_viterbi/results/stage13_final_comparison.csv,STAGE13-REFERENCE-R34-5,a3a2d63dad2dfa997c1707510a3a7162dc03d0337e9a92e18e66b16ea2bf42c7
R34_CONTINUOUS_TRUNCATED_D84,R34,Soft Float,Float,Float,N/A,CONTINUOUS_TRUNCATED_D84,84,0,300,Continuous300,5.0,50000,0.0,0.0,0.0,2.5609718912715457e-07,0.0,7.682327414500052e-05,0.7352941176470588,110,97.2333333333333,111,407,391.4331140000023,484.3,N/A,16128,1536,17664,1958400000,936600000,Stage13,stage13_sliding_window_viterbi/results/stage13_final_comparison.csv,STAGE13-REFERENCE-R34-5,a3a2d63dad2dfa997c1707510a3a7162dc03d0337e9a92e18e66b16ea2bf42c7
R34_CONTINUOUS_TRUNCATED_D112,R34,Soft Float,Float,Float,N/A,CONTINUOUS_TRUNCATED_D112,112,0,300,Continuous300,5.0,50000,0.0,0.0,0.0,2.5609718912715457e-07,0.0,7.682327414500052e-05,0.7352941176470588,148,123.15,148,407,403.6701099999996,497.8,N/A,21504,1536,23040,1958400000,1092000000,Stage13,stage13_sliding_window_viterbi/results/stage13_final_comparison.csv,STAGE13-REFERENCE-R34-5,a3a2d63dad2dfa997c1707510a3a7162dc03d0337e9a92e18e66b16ea2bf42c7
R34_BLOCK_FULL_TRACEBACK,R34,Soft Float,Float,Float,N/A,BLOCK_FULL_TRACEBACK,306,306,300,Block300,7.0,50000,0.0,0.0,0.0,2.5609718912715457e-07,0.0,7.682327414500052e-05,0.7352941176470588,406,207.0,386,407,331.32633999999854,408.0,N/A,58752,1536,60288,1958400000,15300000,Stage13,stage13_sliding_window_viterbi/results/stage13_final_comparison.csv,STAGE13-REFERENCE-R34-7,a3a2d63dad2dfa997c1707510a3a7162dc03d0337e9a92e18e66b16ea2bf42c7
R34_CONTINUOUS_TRUNCATED_D84,R34,Soft Float,Float,Float,N/A,CONTINUOUS_TRUNCATED_D84,84,0,300,Continuous300,7.0,50000,0.0,0.0,0.0,2.5609718912715457e-07,0.0,7.682327414500052e-05,0.7352941176470588,110,97.2333333333333,111,407,386.1241560000017,471.3,N/A,16128,1536,17664,1958400000,936600000,Stage13,stage13_sliding_window_viterbi/results/stage13_final_comparison.csv,STAGE13-REFERENCE-R34-7,a3a2d63dad2dfa997c1707510a3a7162dc03d0337e9a92e18e66b16ea2bf42c7
R34_CONTINUOUS_TRUNCATED_D112,R34,Soft Float,Float,Float,N/A,CONTINUOUS_TRUNCATED_D112,112,0,300,Continuous300,7.0,50000,0.0,0.0,0.0,2.5609718912715457e-07,0.0,7.682327414500052e-05,0.7352941176470588,148,123.15,148,407,398.2903880000004,483.8,N/A,21504,1536,23040,1958400000,1092000000,Stage13,stage13_sliding_window_viterbi/results/stage13_final_comparison.csv,STAGE13-REFERENCE-R34-7,a3a2d63dad2dfa997c1707510a3a7162dc03d0337e9a92e18e66b16ea2bf42c7
R34_BLOCK_FULL_TRACEBACK,R34,Soft Float,Float,Float,N/A,BLOCK_FULL_TRACEBACK,306,306,300,Block300,9.0,50000,0.0,0.0,0.0,2.5609718912715457e-07,0.0,7.682327414500052e-05,0.7352941176470588,406,207.0,386,407,334.96782800000113,425.5,N/A,58752,1536,60288,1958400000,15300000,Stage13,stage13_sliding_window_viterbi/results/stage13_final_comparison.csv,STAGE13-REFERENCE-R34-9,a3a2d63dad2dfa997c1707510a3a7162dc03d0337e9a92e18e66b16ea2bf42c7
R34_CONTINUOUS_TRUNCATED_D84,R34,Soft Float,Float,Float,N/A,CONTINUOUS_TRUNCATED_D84,84,0,300,Continuous300,9.0,50000,0.0,0.0,0.0,2.5609718912715457e-07,0.0,7.682327414500052e-05,0.7352941176470588,110,97.2333333333333,111,407,391.3951680000003,491.7,N/A,16128,1536,17664,1958400000,936600000,Stage13,stage13_sliding_window_viterbi/results/stage13_final_comparison.csv,STAGE13-REFERENCE-R34-9,a3a2d63dad2dfa997c1707510a3a7162dc03d0337e9a92e18e66b16ea2bf42c7
R34_CONTINUOUS_TRUNCATED_D112,R34,Soft Float,Float,Float,N/A,CONTINUOUS_TRUNCATED_D112,112,0,300,Continuous300,9.0,50000,0.0,0.0,0.0,2.5609718912715457e-07,0.0,7.682327414500052e-05,0.7352941176470588,148,123.15,148,407,404.6065719999995,506.1,N/A,21504,1536,23040,1958400000,1092000000,Stage13,stage13_sliding_window_viterbi/results/stage13_final_comparison.csv,STAGE13-REFERENCE-R34-9,a3a2d63dad2dfa997c1707510a3a7162dc03d0337e9a92e18e66b16ea2bf42c7
R12_BLOCK_FULL_TRACEBACK,R12,Soft Float,Float,Float,N/A,BLOCK_FULL_TRACEBACK,306,306,300,Block300,-3.5,1000,0.2094866666666666,0.993,0.2080341937564473,0.2109465794483318,0.9856216845342332,0.9966051315990092,0.0034313725490196104,610,311.0,580,611,485.5233999999999,656.0,N/A,58752,1536,60288,39168000,306000,Stage13,stage13_sliding_window_viterbi/results/stage13_final_comparison.csv,STAGE13-REFERENCE-R12--3.5,a3a2d63dad2dfa997c1707510a3a7162dc03d0337e9a92e18e66b16ea2bf42c7
R12_CONTINUOUS_TRUNCATED_D84,R12,Soft Float,Float,Float,N/A,CONTINUOUS_TRUNCATED_D84,84,0,300,Continuous300,-3.5,1000,0.20977,0.993,0.2083168002108826,0.2112306324045672,0.9856216845342332,0.9966051315990092,0.0034313725490196104,166,145.98,166,611,588.1194999999991,790.9,N/A,16128,1536,17664,39168000,18732000,Stage13,stage13_sliding_window_viterbi/results/stage13_final_comparison.csv,STAGE13-REFERENCE-R12--3.5,a3a2d63dad2dfa997c1707510a3a7162dc03d0337e9a92e18e66b16ea2bf42c7
R12_CONTINUOUS_TRUNCATED_D112,R12,Soft Float,Float,Float,N/A,CONTINUOUS_TRUNCATED_D112,112,0,300,Continuous300,-3.5,1000,0.2096166666666666,0.993,0.2081638601150997,0.2110769097604577,0.9856216845342332,0.9966051315990092,0.0034313725490196104,222,184.9,222,611,629.8941000000004,853.2,N/A,21504,1536,23040,39168000,21840000,Stage13,stage13_sliding_window_viterbi/results/stage13_final_comparison.csv,STAGE13-REFERENCE-R12--3.5,a3a2d63dad2dfa997c1707510a3a7162dc03d0337e9a92e18e66b16ea2bf42c7
R12_BLOCK_FULL_TRACEBACK,R12,Soft Float,Float,Float,N/A,BLOCK_FULL_TRACEBACK,306,306,300,Block300,-1.5,1000,0.0127566666666666,0.3449999999999999,0.012361283388059,0.0131645279534994,0.3161805044877085,0.3750057906428134,0.321078431372549,610,311.0,580,611,526.3300999999997,751.6,N/A,58752,1536,60288,39168000,306000,Stage13,stage13_sliding_window_viterbi/results/stage13_final_comparison.csv,STAGE13-REFERENCE-R12--1.5,a3a2d63dad2dfa997c1707510a3a7162dc03d0337e9a92e18e66b16ea2bf42c7
R12_CONTINUOUS_TRUNCATED_D84,R12,Soft Float,Float,Float,N/A,CONTINUOUS_TRUNCATED_D84,84,0,300,Continuous300,-1.5,1000,0.0127633333333333,0.3459999999999999,0.0123678464213651,0.0131712980827974,0.3171566601020642,0.3760219815114866,0.3205882352941177,166,145.98,166,611,632.8358000000003,889.9,N/A,16128,1536,17664,39168000,18732000,Stage13,stage13_sliding_window_viterbi/results/stage13_final_comparison.csv,STAGE13-REFERENCE-R12--1.5,a3a2d63dad2dfa997c1707510a3a7162dc03d0337e9a92e18e66b16ea2bf42c7
R12_CONTINUOUS_TRUNCATED_D112,R12,Soft Float,Float,Float,N/A,CONTINUOUS_TRUNCATED_D112,112,0,300,Continuous300,-1.5,1000,0.0127566666666666,0.3449999999999999,0.012361283388059,0.0131645279534994,0.3161805044877085,0.3750057906428134,0.321078431372549,222,184.9,222,611,621.2118999999998,871.7,N/A,21504,1536,23040,39168000,21840000,Stage13,stage13_sliding_window_viterbi/results/stage13_final_comparison.csv,STAGE13-REFERENCE-R12--1.5,a3a2d63dad2dfa997c1707510a3a7162dc03d0337e9a92e18e66b16ea2bf42c7
R12_BLOCK_FULL_TRACEBACK,R12,Soft Float,Float,Float,N/A,BLOCK_FULL_TRACEBACK,306,306,300,Block300,0.5,39747,7.958671933311528e-05,0.005031826301356,7.468185918141196e-05,8.481368732734928e-05,0.0043824441025831,0.0057768743923233,0.4877294969110999,610,311.0,580,611,412.0158225778041,513.3,N/A,58752,1536,60288,1556810496,12162582,Stage13,stage13_sliding_window_viterbi/results/stage13_final_comparison.csv,STAGE13-REFERENCE-R12-0.5,a3a2d63dad2dfa997c1707510a3a7162dc03d0337e9a92e18e66b16ea2bf42c7
R12_CONTINUOUS_TRUNCATED_D84,R12,Soft Float,Float,Float,N/A,CONTINUOUS_TRUNCATED_D84,84,0,300,Continuous300,0.5,39747,7.958671933311528e-05,0.005031826301356,7.468185918141196e-05,8.481368732734928e-05,0.0043824441025831,0.0057768743923233,0.4877294969110999,166,145.98,166,611,494.6547362065101,611.9,N/A,16128,1536,17664,1556810496,744540804,Stage13,stage13_sliding_window_viterbi/results/stage13_final_comparison.csv,STAGE13-REFERENCE-R12-0.5,a3a2d63dad2dfa997c1707510a3a7162dc03d0337e9a92e18e66b16ea2bf42c7
R12_CONTINUOUS_TRUNCATED_D112,R12,Soft Float,Float,Float,N/A,CONTINUOUS_TRUNCATED_D112,112,0,300,Continuous300,0.5,39747,7.958671933311528e-05,0.005031826301356,7.468185918141196e-05,8.481368732734928e-05,0.0043824441025831,0.0057768743923233,0.4877294969110999,222,184.9,222,611,506.6760157999344,628.0,N/A,21504,1536,23040,1556810496,868074480,Stage13,stage13_sliding_window_viterbi/results/stage13_final_comparison.csv,STAGE13-REFERENCE-R12-0.5,a3a2d63dad2dfa997c1707510a3a7162dc03d0337e9a92e18e66b16ea2bf42c7
R12_BLOCK_FULL_TRACEBACK,R12,Soft Float,Float,Float,N/A,BLOCK_FULL_TRACEBACK,306,306,300,Block300,2.5,50000,0.0,0.0,0.0,2.5609718912715457e-07,0.0,7.682327414500052e-05,0.4901960784313725,610,311.0,580,611,344.6077359999994,437.8,N/A,58752,1536,60288,1958400000,15300000,Stage13,stage13_sliding_window_viterbi/results/stage13_final_comparison.csv,STAGE13-REFERENCE-R12-2.5,a3a2d63dad2dfa997c1707510a3a7162dc03d0337e9a92e18e66b16ea2bf42c7
R12_CONTINUOUS_TRUNCATED_D84,R12,Soft Float,Float,Float,N/A,CONTINUOUS_TRUNCATED_D84,84,0,300,Continuous300,2.5,50000,0.0,0.0,0.0,2.5609718912715457e-07,0.0,7.682327414500052e-05,0.4901960784313725,166,145.98,166,611,420.0975580000002,519.7,N/A,16128,1536,17664,1958400000,936600000,Stage13,stage13_sliding_window_viterbi/results/stage13_final_comparison.csv,STAGE13-REFERENCE-R12-2.5,a3a2d63dad2dfa997c1707510a3a7162dc03d0337e9a92e18e66b16ea2bf42c7
R12_CONTINUOUS_TRUNCATED_D112,R12,Soft Float,Float,Float,N/A,CONTINUOUS_TRUNCATED_D112,112,0,300,Continuous300,2.5,50000,0.0,0.0,0.0,2.5609718912715457e-07,0.0,7.682327414500052e-05,0.4901960784313725,222,184.9,222,611,431.3254300000056,534.5,N/A,21504,1536,23040,1958400000,1092000000,Stage13,stage13_sliding_window_viterbi/results/stage13_final_comparison.csv,STAGE13-REFERENCE-R12-2.5,a3a2d63dad2dfa997c1707510a3a7162dc03d0337e9a92e18e66b16ea2bf42c7
R12_BLOCK_FULL_TRACEBACK,R12,Soft Float,Float,Float,N/A,BLOCK_FULL_TRACEBACK,306,306,300,Block300,4.5,50000,0.0,0.0,0.0,2.5609718912715457e-07,0.0,7.682327414500052e-05,0.4901960784313725,610,311.0,580,611,329.79951400000226,419.4,N/A,58752,1536,60288,1958400000,15300000,Stage13,stage13_sliding_window_viterbi/results/stage13_final_comparison.csv,STAGE13-REFERENCE-R12-4.5,a3a2d63dad2dfa997c1707510a3a7162dc03d0337e9a92e18e66b16ea2bf42c7
R12_CONTINUOUS_TRUNCATED_D84,R12,Soft Float,Float,Float,N/A,CONTINUOUS_TRUNCATED_D84,84,0,300,Continuous300,4.5,50000,0.0,0.0,0.0,2.5609718912715457e-07,0.0,7.682327414500052e-05,0.4901960784313725,166,145.98,166,611,402.5683660000017,498.9,N/A,16128,1536,17664,1958400000,936600000,Stage13,stage13_sliding_window_viterbi/results/stage13_final_comparison.csv,STAGE13-REFERENCE-R12-4.5,a3a2d63dad2dfa997c1707510a3a7162dc03d0337e9a92e18e66b16ea2bf42c7
R12_CONTINUOUS_TRUNCATED_D112,R12,Soft Float,Float,Float,N/A,CONTINUOUS_TRUNCATED_D112,112,0,300,Continuous300,4.5,50000,0.0,0.0,0.0,2.5609718912715457e-07,0.0,7.682327414500052e-05,0.4901960784313725,222,184.9,222,611,413.22690399999954,512.8,N/A,21504,1536,23040,1958400000,1092000000,Stage13,stage13_sliding_window_viterbi/results/stage13_final_comparison.csv,STAGE13-REFERENCE-R12-4.5,a3a2d63dad2dfa997c1707510a3a7162dc03d0337e9a92e18e66b16ea2bf42c7
R12_BLOCK_FULL_TRACEBACK,R12,Soft Float,Float,Float,N/A,BLOCK_FULL_TRACEBACK,306,306,300,Block300,6.5,50000,0.0,0.0,0.0,2.5609718912715457e-07,0.0,7.682327414500052e-05,0.4901960784313725,610,311.0,580,611,324.73822199999904,414.8,N/A,58752,1536,60288,1958400000,15300000,Stage13,stage13_sliding_window_viterbi/results/stage13_final_comparison.csv,STAGE13-REFERENCE-R12-6.5,a3a2d63dad2dfa997c1707510a3a7162dc03d0337e9a92e18e66b16ea2bf42c7
R12_CONTINUOUS_TRUNCATED_D84,R12,Soft Float,Float,Float,N/A,CONTINUOUS_TRUNCATED_D84,84,0,300,Continuous300,6.5,50000,0.0,0.0,0.0,2.5609718912715457e-07,0.0,7.682327414500052e-05,0.4901960784313725,166,145.98,166,611,395.97201400000097,490.8,N/A,16128,1536,17664,1958400000,936600000,Stage13,stage13_sliding_window_viterbi/results/stage13_final_comparison.csv,STAGE13-REFERENCE-R12-6.5,a3a2d63dad2dfa997c1707510a3a7162dc03d0337e9a92e18e66b16ea2bf42c7
R12_CONTINUOUS_TRUNCATED_D112,R12,Soft Float,Float,Float,N/A,CONTINUOUS_TRUNCATED_D112,112,0,300,Continuous300,6.5,50000,0.0,0.0,0.0,2.5609718912715457e-07,0.0,7.682327414500052e-05,0.4901960784313725,222,184.9,222,611,406.7421140000024,504.2,N/A,21504,1536,23040,1958400000,1092000000,Stage13,stage13_sliding_window_viterbi/results/stage13_final_comparison.csv,STAGE13-REFERENCE-R12-6.5,a3a2d63dad2dfa997c1707510a3a7162dc03d0337e9a92e18e66b16ea2bf42c7
R12_BLOCK_FULL_TRACEBACK,R12,Soft Float,Float,Float,N/A,BLOCK_FULL_TRACEBACK,306,306,300,Block300,8.5,50000,0.0,0.0,0.0,2.5609718912715457e-07,0.0,7.682327414500052e-05,0.4901960784313725,610,311.0,580,611,320.0502080000015,411.8,N/A,58752,1536,60288,1958400000,15300000,Stage13,stage13_sliding_window_viterbi/results/stage13_final_comparison.csv,STAGE13-REFERENCE-R12-8.5,a3a2d63dad2dfa997c1707510a3a7162dc03d0337e9a92e18e66b16ea2bf42c7
R12_CONTINUOUS_TRUNCATED_D84,R12,Soft Float,Float,Float,N/A,CONTINUOUS_TRUNCATED_D84,84,0,300,Continuous300,8.5,50000,0.0,0.0,0.0,2.5609718912715457e-07,0.0,7.682327414500052e-05,0.4901960784313725,166,145.98,166,611,390.65323199999904,487.7,N/A,16128,1536,17664,1958400000,936600000,Stage13,stage13_sliding_window_viterbi/results/stage13_final_comparison.csv,STAGE13-REFERENCE-R12-8.5,a3a2d63dad2dfa997c1707510a3a7162dc03d0337e9a92e18e66b16ea2bf42c7
R12_CONTINUOUS_TRUNCATED_D112,R12,Soft Float,Float,Float,N/A,CONTINUOUS_TRUNCATED_D112,112,0,300,Continuous300,8.5,50000,0.0,0.0,0.0,2.5609718912715457e-07,0.0,7.682327414500052e-05,0.4901960784313725,222,184.9,222,611,400.9042080000012,500.7,N/A,21504,1536,23040,1958400000,1092000000,Stage13,stage13_sliding_window_viterbi/results/stage13_final_comparison.csv,STAGE13-REFERENCE-R12-8.5,a3a2d63dad2dfa997c1707510a3a7162dc03d0337e9a92e18e66b16ea2bf42c7
R23_BLOCK_FULL_TRACEBACK,R23,Soft Float,Float,Float,N/A,BLOCK_FULL_TRACEBACK,306,306,300,Block300,-5.0,1000,0.4732033333333333,1.0,0.4714170650685514,0.4749902878446047,0.9961732415144448,1.0,0.0,457,233.0,435,458,284.6925999999997,373.6,N/A,58752,1536,60288,39168000,306000,Stage13,stage13_sliding_window_viterbi/results/stage13_final_comparison.csv,STAGE13-REFERENCE-R23--5,a3a2d63dad2dfa997c1707510a3a7162dc03d0337e9a92e18e66b16ea2bf42c7
R23_CONTINUOUS_TRUNCATED_D84,R23,Soft Float,Float,Float,N/A,CONTINUOUS_TRUNCATED_D84,84,0,300,Continuous300,-5.0,1000,0.4732333333333333,1.0,0.4714470589261426,0.4750202932187316,0.9961732415144448,1.0,0.0,124,109.42,125,458,341.48820000000035,431.5,N/A,16128,1536,17664,39168000,18732000,Stage13,stage13_sliding_window_viterbi/results/stage13_final_comparison.csv,STAGE13-REFERENCE-R23--5,a3a2d63dad2dfa997c1707510a3a7162dc03d0337e9a92e18e66b16ea2bf42c7
R23_CONTINUOUS_TRUNCATED_D112,R23,Soft Float,Float,Float,N/A,CONTINUOUS_TRUNCATED_D112,112,0,300,Continuous300,-5.0,1000,0.4737,1.0,0.4719136308771419,0.4754870426500135,0.9961732415144448,1.0,0.0,166,138.58666666666667,167,458,352.6748000000002,444.6,N/A,21504,1536,23040,39168000,21840000,Stage13,stage13_sliding_window_viterbi/results/stage13_final_comparison.csv,STAGE13-REFERENCE-R23--5,a3a2d63dad2dfa997c1707510a3a7162dc03d0337e9a92e18e66b16ea2bf42c7
R23_BLOCK_FULL_TRACEBACK,R23,Soft Float,Float,Float,N/A,BLOCK_FULL_TRACEBACK,306,306,300,Block300,-3.0,1000,0.4042899999999999,1.0,0.4025351275962281,0.4060473234792109,0.9961732415144448,1.0,0.0,457,233.0,435,458,286.2471999999997,383.2,N/A,58752,1536,60288,39168000,306000,Stage13,stage13_sliding_window_viterbi/results/stage13_final_comparison.csv,STAGE13-REFERENCE-R23--3,a3a2d63dad2dfa997c1707510a3a7162dc03d0337e9a92e18e66b16ea2bf42c7
R23_CONTINUOUS_TRUNCATED_D84,R23,Soft Float,Float,Float,N/A,CONTINUOUS_TRUNCATED_D84,84,0,300,Continuous300,-3.0,1000,0.4033666666666666,1.0,0.4016124536769118,0.405123354377871,0.9961732415144448,1.0,0.0,124,109.42,125,458,338.7037,437.6,N/A,16128,1536,17664,39168000,18732000,Stage13,stage13_sliding_window_viterbi/results/stage13_final_comparison.csv,STAGE13-REFERENCE-R23--3,a3a2d63dad2dfa997c1707510a3a7162dc03d0337e9a92e18e66b16ea2bf42c7
R23_CONTINUOUS_TRUNCATED_D112,R23,Soft Float,Float,Float,N/A,CONTINUOUS_TRUNCATED_D112,112,0,300,Continuous300,-3.0,1000,0.4034933333333333,1.0,0.4017390295002998,0.4052501086439593,0.9961732415144448,1.0,0.0,166,138.58666666666667,167,458,351.65529999999984,453.1,N/A,21504,1536,23040,39168000,21840000,Stage13,stage13_sliding_window_viterbi/results/stage13_final_comparison.csv,STAGE13-REFERENCE-R23--3,a3a2d63dad2dfa997c1707510a3a7162dc03d0337e9a92e18e66b16ea2bf42c7
R23_BLOCK_FULL_TRACEBACK,R23,Soft Float,Float,Float,N/A,BLOCK_FULL_TRACEBACK,306,306,300,Block300,-1.0,1000,0.1517966666666666,0.95,0.150517115304659,0.1530851353062645,0.9346861797557492,0.9618697376072513,0.032679738562091526,457,233.0,435,458,287.1020999999999,378.8,N/A,58752,1536,60288,39168000,306000,Stage13,stage13_sliding_window_viterbi/results/stage13_final_comparison.csv,STAGE13-REFERENCE-R23--1,a3a2d63dad2dfa997c1707510a3a7162dc03d0337e9a92e18e66b16ea2bf42c7
R23_CONTINUOUS_TRUNCATED_D84,R23,Soft Float,Float,Float,N/A,CONTINUOUS_TRUNCATED_D84,84,0,300,Continuous300,-1.0,1000,0.1519966666666666,0.96,0.1507164186530435,0.1532858268360005,0.945990355878742,0.9704890263145473,0.02614379084967322,124,109.42,125,458,342.53550000000024,436.9,N/A,16128,1536,17664,39168000,18732000,Stage13,stage13_sliding_window_viterbi/results/stage13_final_comparison.csv,STAGE13-REFERENCE-R23--1,a3a2d63dad2dfa997c1707510a3a7162dc03d0337e9a92e18e66b16ea2bf42c7
R23_CONTINUOUS_TRUNCATED_D112,R23,Soft Float,Float,Float,N/A,CONTINUOUS_TRUNCATED_D112,112,0,300,Continuous300,-1.0,1000,0.1514866666666666,0.952,0.1502081966457482,0.1527740619040885,0.936933911349866,0.963606698979192,0.031372549019607864,166,138.58666666666667,167,458,355.54909999999995,455.3,N/A,21504,1536,23040,39168000,21840000,Stage13,stage13_sliding_window_viterbi/results/stage13_final_comparison.csv,STAGE13-REFERENCE-R23--1,a3a2d63dad2dfa997c1707510a3a7162dc03d0337e9a92e18e66b16ea2bf42c7
R23_BLOCK_FULL_TRACEBACK,R23,Soft Float,Float,Float,N/A,BLOCK_FULL_TRACEBACK,306,306,300,Block300,1.0,2149,0.0029905382348379,0.0930665425779432,0.0028601783865329,0.0031268209309936,0.081498881585992,0.1060864406708147,0.5927669656353312,457,233.0,435,458,302.6525825965561,388.6,N/A,58752,1536,60288,84172032,657594,Stage13,stage13_sliding_window_viterbi/results/stage13_final_comparison.csv,STAGE13-REFERENCE-R23-1,a3a2d63dad2dfa997c1707510a3a7162dc03d0337e9a92e18e66b16ea2bf42c7
R23_CONTINUOUS_TRUNCATED_D84,R23,Soft Float,Float,Float,N/A,CONTINUOUS_TRUNCATED_D84,84,0,300,Continuous300,1.0,2149,0.0031409958120055,0.0981852024197301,0.0030073343837563,0.0032805782951067,0.0863120884816125,0.1114922863254231,0.5894214363269737,124,109.42,125,458,360.9483480688686,454.8,N/A,16128,1536,17664,84172032,40255068,Stage13,stage13_sliding_window_viterbi/results/stage13_final_comparison.csv,STAGE13-REFERENCE-R23-1,a3a2d63dad2dfa997c1707510a3a7162dc03d0337e9a92e18e66b16ea2bf42c7
R23_CONTINUOUS_TRUNCATED_D112,R23,Soft Float,Float,Float,N/A,CONTINUOUS_TRUNCATED_D112,112,0,300,Continuous300,1.0,2149,0.003030867069955,0.0939972080037226,0.0028996142004077,0.0031680423067554,0.0823732000944493,0.1070701317169446,0.5921586875792662,166,138.58666666666667,167,458,373.0476966030709,467.7,N/A,21504,1536,23040,84172032,46934160,Stage13,stage13_sliding_window_viterbi/results/stage13_final_comparison.csv,STAGE13-REFERENCE-R23-1,a3a2d63dad2dfa997c1707510a3a7162dc03d0337e9a92e18e66b16ea2bf42c7
R23_BLOCK_FULL_TRACEBACK,R23,Soft Float,Float,Float,N/A,BLOCK_FULL_TRACEBACK,306,306,300,Block300,3.0,50000,4.533333333333334e-06,0.0002999999999999,3.576316342010711e-06,5.746445191835263e-06,0.0001818199086819,0.0004949572714985,0.6533986928104575,457,233.0,435,458,322.74695000000173,410.3,N/A,58752,1536,60288,1958400000,15300000,Stage13,stage13_sliding_window_viterbi/results/stage13_final_comparison.csv,STAGE13-REFERENCE-R23-3,a3a2d63dad2dfa997c1707510a3a7162dc03d0337e9a92e18e66b16ea2bf42c7
R23_CONTINUOUS_TRUNCATED_D84,R23,Soft Float,Float,Float,N/A,CONTINUOUS_TRUNCATED_D84,84,0,300,Continuous300,3.0,50000,4.533333333333334e-06,0.0002999999999999,3.576316342010711e-06,5.746445191835263e-06,0.0001818199086819,0.0004949572714985,0.6533986928104575,124,109.42,125,458,383.3782520000056,476.6,N/A,16128,1536,17664,1958400000,936600000,Stage13,stage13_sliding_window_viterbi/results/stage13_final_comparison.csv,STAGE13-REFERENCE-R23-3,a3a2d63dad2dfa997c1707510a3a7162dc03d0337e9a92e18e66b16ea2bf42c7
R23_CONTINUOUS_TRUNCATED_D112,R23,Soft Float,Float,Float,N/A,CONTINUOUS_TRUNCATED_D112,112,0,300,Continuous300,3.0,50000,4.533333333333334e-06,0.0002999999999999,3.576316342010711e-06,5.746445191835263e-06,0.0001818199086819,0.0004949572714985,0.6533986928104575,166,138.58666666666667,167,458,396.0078360000004,491.8,N/A,21504,1536,23040,1958400000,1092000000,Stage13,stage13_sliding_window_viterbi/results/stage13_final_comparison.csv,STAGE13-REFERENCE-R23-3,a3a2d63dad2dfa997c1707510a3a7162dc03d0337e9a92e18e66b16ea2bf42c7
R23_BLOCK_FULL_TRACEBACK,R23,Soft Float,Float,Float,N/A,BLOCK_FULL_TRACEBACK,306,306,300,Block300,5.0,50000,0.0,0.0,0.0,2.5609718912715457e-07,0.0,7.682327414500052e-05,0.65359477124183,457,233.0,435,458,320.3793460000013,407.2,N/A,58752,1536,60288,1958400000,15300000,Stage13,stage13_sliding_window_viterbi/results/stage13_final_comparison.csv,STAGE13-REFERENCE-R23-5,a3a2d63dad2dfa997c1707510a3a7162dc03d0337e9a92e18e66b16ea2bf42c7
R23_CONTINUOUS_TRUNCATED_D84,R23,Soft Float,Float,Float,N/A,CONTINUOUS_TRUNCATED_D84,84,0,300,Continuous300,5.0,50000,0.0,0.0,0.0,2.5609718912715457e-07,0.0,7.682327414500052e-05,0.65359477124183,124,109.42,125,458,380.8922500000005,471.1,N/A,16128,1536,17664,1958400000,936600000,Stage13,stage13_sliding_window_viterbi/results/stage13_final_comparison.csv,STAGE13-REFERENCE-R23-5,a3a2d63dad2dfa997c1707510a3a7162dc03d0337e9a92e18e66b16ea2bf42c7
R23_CONTINUOUS_TRUNCATED_D112,R23,Soft Float,Float,Float,N/A,CONTINUOUS_TRUNCATED_D112,112,0,300,Continuous300,5.0,50000,0.0,0.0,0.0,2.5609718912715457e-07,0.0,7.682327414500052e-05,0.65359477124183,166,138.58666666666667,167,458,393.71630999999655,488.0,N/A,21504,1536,23040,1958400000,1092000000,Stage13,stage13_sliding_window_viterbi/results/stage13_final_comparison.csv,STAGE13-REFERENCE-R23-5,a3a2d63dad2dfa997c1707510a3a7162dc03d0337e9a92e18e66b16ea2bf42c7
R23_BLOCK_FULL_TRACEBACK,R23,Soft Float,Float,Float,N/A,BLOCK_FULL_TRACEBACK,306,306,300,Block300,7.0,50000,0.0,0.0,0.0,2.5609718912715457e-07,0.0,7.682327414500052e-05,0.65359477124183,457,233.0,435,458,316.34908000000047,408.1,N/A,58752,1536,60288,1958400000,15300000,Stage13,stage13_sliding_window_viterbi/results/stage13_final_comparison.csv,STAGE13-REFERENCE-R23-7,a3a2d63dad2dfa997c1707510a3a7162dc03d0337e9a92e18e66b16ea2bf42c7
R23_CONTINUOUS_TRUNCATED_D84,R23,Soft Float,Float,Float,N/A,CONTINUOUS_TRUNCATED_D84,84,0,300,Continuous300,7.0,50000,0.0,0.0,0.0,2.5609718912715457e-07,0.0,7.682327414500052e-05,0.65359477124183,124,109.42,125,458,376.40466800000047,475.0,N/A,16128,1536,17664,1958400000,936600000,Stage13,stage13_sliding_window_viterbi/results/stage13_final_comparison.csv,STAGE13-REFERENCE-R23-7,a3a2d63dad2dfa997c1707510a3a7162dc03d0337e9a92e18e66b16ea2bf42c7
R23_CONTINUOUS_TRUNCATED_D112,R23,Soft Float,Float,Float,N/A,CONTINUOUS_TRUNCATED_D112,112,0,300,Continuous300,7.0,50000,0.0,0.0,0.0,2.5609718912715457e-07,0.0,7.682327414500052e-05,0.65359477124183,166,138.58666666666667,167,458,388.9110960000007,488.0,N/A,21504,1536,23040,1958400000,1092000000,Stage13,stage13_sliding_window_viterbi/results/stage13_final_comparison.csv,STAGE13-REFERENCE-R23-7,a3a2d63dad2dfa997c1707510a3a7162dc03d0337e9a92e18e66b16ea2bf42c7
R23_BLOCK_FULL_TRACEBACK,R23,Soft Float,Float,Float,N/A,BLOCK_FULL_TRACEBACK,306,306,300,Block300,9.0,50000,0.0,0.0,0.0,2.5609718912715457e-07,0.0,7.682327414500052e-05,0.65359477124183,457,233.0,435,458,307.9579440000017,391.4,N/A,58752,1536,60288,1958400000,15300000,Stage13,stage13_sliding_window_viterbi/results/stage13_final_comparison.csv,STAGE13-REFERENCE-R23-9,a3a2d63dad2dfa997c1707510a3a7162dc03d0337e9a92e18e66b16ea2bf42c7
R23_CONTINUOUS_TRUNCATED_D84,R23,Soft Float,Float,Float,N/A,CONTINUOUS_TRUNCATED_D84,84,0,300,Continuous300,9.0,50000,0.0,0.0,0.0,2.5609718912715457e-07,0.0,7.682327414500052e-05,0.65359477124183,124,109.42,125,458,366.5317139999962,454.3,N/A,16128,1536,17664,1958400000,936600000,Stage13,stage13_sliding_window_viterbi/results/stage13_final_comparison.csv,STAGE13-REFERENCE-R23-9,a3a2d63dad2dfa997c1707510a3a7162dc03d0337e9a92e18e66b16ea2bf42c7
R23_CONTINUOUS_TRUNCATED_D112,R23,Soft Float,Float,Float,N/A,CONTINUOUS_TRUNCATED_D112,112,0,300,Continuous300,9.0,50000,0.0,0.0,0.0,2.5609718912715457e-07,0.0,7.682327414500052e-05,0.65359477124183,166,138.58666666666667,167,458,378.9926079999971,466.0,N/A,21504,1536,23040,1958400000,1092000000,Stage13,stage13_sliding_window_viterbi/results/stage13_final_comparison.csv,STAGE13-REFERENCE-R23-9,a3a2d63dad2dfa997c1707510a3a7162dc03d0337e9a92e18e66b16ea2bf42c7
R34_BLOCK_FULL_TRACEBACK,R34,Soft Float,Float,Float,N/A,BLOCK_FULL_TRACEBACK,306,306,300,Block300,-4.5,1000,0.4796833333333333,1.0,0.4778958884156833,0.4814712985485768,0.9961732415144448,1.0,0.0,406,207.0,386,407,286.88839999999993,369.2,N/A,58752,1536,60288,39168000,306000,Stage13,stage13_sliding_window_viterbi/results/stage13_final_comparison.csv,STAGE13-REFERENCE-R34--4.5,a3a2d63dad2dfa997c1707510a3a7162dc03d0337e9a92e18e66b16ea2bf42c7
R34_CONTINUOUS_TRUNCATED_D84,R34,Soft Float,Float,Float,N/A,CONTINUOUS_TRUNCATED_D84,84,0,300,Continuous300,-4.5,1000,0.4793799999999999,1.0,0.4775926034373456,0.4811679246284317,0.9961732415144448,1.0,0.0,110,97.2333333333333,111,407,335.2890999999999,424.4,N/A,16128,1536,17664,39168000,18732000,Stage13,stage13_sliding_window_viterbi/results/stage13_final_comparison.csv,STAGE13-REFERENCE-R34--4.5,a3a2d63dad2dfa997c1707510a3a7162dc03d0337e9a92e18e66b16ea2bf42c7
R34_CONTINUOUS_TRUNCATED_D112,R34,Soft Float,Float,Float,N/A,CONTINUOUS_TRUNCATED_D112,112,0,300,Continuous300,-4.5,1000,0.4795066666666666,1.0,0.4777192498315395,0.4812946083237141,0.9961732415144448,1.0,0.0,148,123.15,148,407,345.1325999999999,432.9,N/A,21504,1536,23040,39168000,21840000,Stage13,stage13_sliding_window_viterbi/results/stage13_final_comparison.csv,STAGE13-REFERENCE-R34--4.5,a3a2d63dad2dfa997c1707510a3a7162dc03d0337e9a92e18e66b16ea2bf42c7
R34_BLOCK_FULL_TRACEBACK,R34,Soft Float,Float,Float,N/A,BLOCK_FULL_TRACEBACK,306,306,300,Block300,-2.5,1000,0.4380999999999999,1.0,0.4363253735871656,0.4398762116345424,0.9961732415144448,1.0,0.0,406,207.0,386,407,285.1268999999999,374.2,N/A,58752,1536,60288,39168000,306000,Stage13,stage13_sliding_window_viterbi/results/stage13_final_comparison.csv,STAGE13-REFERENCE-R34--2.5,a3a2d63dad2dfa997c1707510a3a7162dc03d0337e9a92e18e66b16ea2bf42c7
R34_CONTINUOUS_TRUNCATED_D84,R34,Soft Float,Float,Float,N/A,CONTINUOUS_TRUNCATED_D84,84,0,300,Continuous300,-2.5,1000,0.4367599999999999,1.0,0.434985995540009,0.4385356239982917,0.9961732415144448,1.0,0.0,110,97.2333333333333,111,407,335.5292999999998,429.8,N/A,16128,1536,17664,39168000,18732000,Stage13,stage13_sliding_window_viterbi/results/stage13_final_comparison.csv,STAGE13-REFERENCE-R34--2.5,a3a2d63dad2dfa997c1707510a3a7162dc03d0337e9a92e18e66b16ea2bf42c7
R34_CONTINUOUS_TRUNCATED_D112,R34,Soft Float,Float,Float,N/A,CONTINUOUS_TRUNCATED_D112,112,0,300,Continuous300,-2.5,1000,0.4370033333333333,1.0,0.4352292149537782,0.4387790650195692,0.9961732415144448,1.0,0.0,148,123.15,148,407,346.7097,448.5,N/A,21504,1536,23040,39168000,21840000,Stage13,stage13_sliding_window_viterbi/results/stage13_final_comparison.csv,STAGE13-REFERENCE-R34--2.5,a3a2d63dad2dfa997c1707510a3a7162dc03d0337e9a92e18e66b16ea2bf42c7
R34_BLOCK_FULL_TRACEBACK,R34,Soft Float,Float,Float,N/A,BLOCK_FULL_TRACEBACK,306,306,300,Block300,-0.5,1000,0.2478933333333333,0.989,0.246351457280601,0.2494416656859163,0.9804106042992136,0.9938468259019134,0.008088235294117653,406,207.0,386,407,296.8423000000001,378.6,N/A,58752,1536,60288,39168000,306000,Stage13,stage13_sliding_window_viterbi/results/stage13_final_comparison.csv,STAGE13-REFERENCE-R34--0.5,a3a2d63dad2dfa997c1707510a3a7162dc03d0337e9a92e18e66b16ea2bf42c7
R34_CONTINUOUS_TRUNCATED_D84,R34,Soft Float,Float,Float,N/A,CONTINUOUS_TRUNCATED_D84,84,0,300,Continuous300,-0.5,1000,0.2494066666666666,0.994,0.2478616222033666,0.2509581286742624,0.9869718317581478,0.9972473308581236,0.004411764705882356,110,97.2333333333333,111,407,346.7545999999998,426.4,N/A,16128,1536,17664,39168000,18732000,Stage13,stage13_sliding_window_viterbi/results/stage13_final_comparison.csv,STAGE13-REFERENCE-R34--0.5,a3a2d63dad2dfa997c1707510a3a7162dc03d0337e9a92e18e66b16ea2bf42c7
R34_CONTINUOUS_TRUNCATED_D112,R34,Soft Float,Float,Float,N/A,CONTINUOUS_TRUNCATED_D112,112,0,300,Continuous300,-0.5,1000,0.2479133333333333,0.991,0.2463714152417341,0.2494617072125953,0.982984183834662,0.9952579393325228,0.0066176470588235345,148,123.15,148,407,360.0692,443.7,N/A,21504,1536,23040,39168000,21840000,Stage13,stage13_sliding_window_viterbi/results/stage13_final_comparison.csv,STAGE13-REFERENCE-R34--0.5,a3a2d63dad2dfa997c1707510a3a7162dc03d0337e9a92e18e66b16ea2bf42c7
R34_BLOCK_FULL_TRACEBACK,R34,Soft Float,Float,Float,N/A,BLOCK_FULL_TRACEBACK,306,306,300,Block300,1.5,1000,0.0108133333333333,0.2069999999999999,0.0104494574067613,0.0111897370357263,0.1830329279807614,0.2332095524917738,0.5830882352941177,406,207.0,386,407,295.2665999999998,381.8,N/A,58752,1536,60288,39168000,306000,Stage13,stage13_sliding_window_viterbi/results/stage13_final_comparison.csv,STAGE13-REFERENCE-R34-1.5,a3a2d63dad2dfa997c1707510a3a7162dc03d0337e9a92e18e66b16ea2bf42c7
R34_CONTINUOUS_TRUNCATED_D84,R34,Soft Float,Float,Float,N/A,CONTINUOUS_TRUNCATED_D84,84,0,300,Continuous300,1.5,1000,0.0115999999999999,0.2359999999999999,0.0112230428864051,0.0119894647433565,0.2107233759531616,0.2632971525272115,0.5617647058823529,110,97.2333333333333,111,407,345.6518,431.5,N/A,16128,1536,17664,39168000,18732000,Stage13,stage13_sliding_window_viterbi/results/stage13_final_comparison.csv,STAGE13-REFERENCE-R34-1.5,a3a2d63dad2dfa997c1707510a3a7162dc03d0337e9a92e18e66b16ea2bf42c7
R34_CONTINUOUS_TRUNCATED_D112,R34,Soft Float,Float,Float,N/A,CONTINUOUS_TRUNCATED_D112,112,0,300,Continuous300,1.5,1000,0.01094,0.216,0.0105739853420284,0.0113185391899356,0.1916070089489225,0.2425665898708728,0.5764705882352941,148,123.15,148,407,359.76859999999994,445.7,N/A,21504,1536,23040,39168000,21840000,Stage13,stage13_sliding_window_viterbi/results/stage13_final_comparison.csv,STAGE13-REFERENCE-R34-1.5,a3a2d63dad2dfa997c1707510a3a7162dc03d0337e9a92e18e66b16ea2bf42c7
R34_BLOCK_FULL_TRACEBACK,R34,Soft Float,Float,Float,N/A,BLOCK_FULL_TRACEBACK,306,306,300,Block300,3.5,50000,3.206666666666667e-05,0.0013799999999999,2.9326203222975056e-05,3.506321087511904e-05,0.0010906821531233,0.001745929088785,0.7342794117647059,406,207.0,386,407,315.2041120000012,397.6,N/A,58752,1536,60288,1958400000,15300000,Stage13,stage13_sliding_window_viterbi/results/stage13_final_comparison.csv,STAGE13-REFERENCE-R34-3.5,a3a2d63dad2dfa997c1707510a3a7162dc03d0337e9a92e18e66b16ea2bf42c7
R34_CONTINUOUS_TRUNCATED_D84,R34,Soft Float,Float,Float,N/A,CONTINUOUS_TRUNCATED_D84,84,0,300,Continuous300,3.5,50000,3.2533333333333336e-05,0.00142,2.977211444017208e-05,3.555063275223132e-05,0.0011260357455572,0.0017905693504892,0.73425,110,97.2333333333333,111,407,368.787136,456.7,N/A,16128,1536,17664,1958400000,936600000,Stage13,stage13_sliding_window_viterbi/results/stage13_final_comparison.csv,STAGE13-REFERENCE-R34-3.5,a3a2d63dad2dfa997c1707510a3a7162dc03d0337e9a92e18e66b16ea2bf42c7
R34_CONTINUOUS_TRUNCATED_D112,R34,Soft Float,Float,Float,N/A,CONTINUOUS_TRUNCATED_D112,112,0,300,Continuous300,3.5,50000,3.206666666666667e-05,0.0013799999999999,2.9326203222975056e-05,3.506321087511904e-05,0.0010906821531233,0.001745929088785,0.7342794117647059,148,123.15,148,407,382.4207820000038,473.4,N/A,21504,1536,23040,1958400000,1092000000,Stage13,stage13_sliding_window_viterbi/results/stage13_final_comparison.csv,STAGE13-REFERENCE-R34-3.5,a3a2d63dad2dfa997c1707510a3a7162dc03d0337e9a92e18e66b16ea2bf42c7
R34_BLOCK_FULL_TRACEBACK,R34,Soft Float,Float,Float,N/A,BLOCK_FULL_TRACEBACK,306,306,300,Block300,5.5,50000,0.0,0.0,0.0,2.5609718912715457e-07,0.0,7.682327414500052e-05,0.7352941176470588,406,207.0,386,407,315.22217799999805,404.8,N/A,58752,1536,60288,1958400000,15300000,Stage13,stage13_sliding_window_viterbi/results/stage13_final_comparison.csv,STAGE13-REFERENCE-R34-5.5,a3a2d63dad2dfa997c1707510a3a7162dc03d0337e9a92e18e66b16ea2bf42c7
R34_CONTINUOUS_TRUNCATED_D84,R34,Soft Float,Float,Float,N/A,CONTINUOUS_TRUNCATED_D84,84,0,300,Continuous300,5.5,50000,0.0,0.0,0.0,2.5609718912715457e-07,0.0,7.682327414500052e-05,0.7352941176470588,110,97.2333333333333,111,407,369.3181339999968,467.3,N/A,16128,1536,17664,1958400000,936600000,Stage13,stage13_sliding_window_viterbi/results/stage13_final_comparison.csv,STAGE13-REFERENCE-R34-5.5,a3a2d63dad2dfa997c1707510a3a7162dc03d0337e9a92e18e66b16ea2bf42c7
R34_CONTINUOUS_TRUNCATED_D112,R34,Soft Float,Float,Float,N/A,CONTINUOUS_TRUNCATED_D112,112,0,300,Continuous300,5.5,50000,0.0,0.0,0.0,2.5609718912715457e-07,0.0,7.682327414500052e-05,0.7352941176470588,148,123.15,148,407,382.9882100000052,482.5,N/A,21504,1536,23040,1958400000,1092000000,Stage13,stage13_sliding_window_viterbi/results/stage13_final_comparison.csv,STAGE13-REFERENCE-R34-5.5,a3a2d63dad2dfa997c1707510a3a7162dc03d0337e9a92e18e66b16ea2bf42c7
R34_BLOCK_FULL_TRACEBACK,R34,Soft Float,Float,Float,N/A,BLOCK_FULL_TRACEBACK,306,306,300,Block300,7.5,50000,0.0,0.0,0.0,2.5609718912715457e-07,0.0,7.682327414500052e-05,0.7352941176470588,406,207.0,386,407,307.5192559999987,392.6,N/A,58752,1536,60288,1958400000,15300000,Stage13,stage13_sliding_window_viterbi/results/stage13_final_comparison.csv,STAGE13-REFERENCE-R34-7.5,a3a2d63dad2dfa997c1707510a3a7162dc03d0337e9a92e18e66b16ea2bf42c7
R34_CONTINUOUS_TRUNCATED_D84,R34,Soft Float,Float,Float,N/A,CONTINUOUS_TRUNCATED_D84,84,0,300,Continuous300,7.5,50000,0.0,0.0,0.0,2.5609718912715457e-07,0.0,7.682327414500052e-05,0.7352941176470588,110,97.2333333333333,111,407,361.2539639999951,450.6,N/A,16128,1536,17664,1958400000,936600000,Stage13,stage13_sliding_window_viterbi/results/stage13_final_comparison.csv,STAGE13-REFERENCE-R34-7.5,a3a2d63dad2dfa997c1707510a3a7162dc03d0337e9a92e18e66b16ea2bf42c7
R34_CONTINUOUS_TRUNCATED_D112,R34,Soft Float,Float,Float,N/A,CONTINUOUS_TRUNCATED_D112,112,0,300,Continuous300,7.5,50000,0.0,0.0,0.0,2.5609718912715457e-07,0.0,7.682327414500052e-05,0.7352941176470588,148,123.15,148,407,374.5488479999988,466.2,N/A,21504,1536,23040,1958400000,1092000000,Stage13,stage13_sliding_window_viterbi/results/stage13_final_comparison.csv,STAGE13-REFERENCE-R34-7.5,a3a2d63dad2dfa997c1707510a3a7162dc03d0337e9a92e18e66b16ea2bf42c7
R34_BLOCK_FULL_TRACEBACK,R34,Soft Float,Float,Float,N/A,BLOCK_FULL_TRACEBACK,306,306,300,Block300,9.5,50000,0.0,0.0,0.0,2.5609718912715457e-07,0.0,7.682327414500052e-05,0.7352941176470588,406,207.0,386,407,315.10950600000126,397.5,N/A,58752,1536,60288,1958400000,15300000,Stage13,stage13_sliding_window_viterbi/results/stage13_final_comparison.csv,STAGE13-REFERENCE-R34-9.5,a3a2d63dad2dfa997c1707510a3a7162dc03d0337e9a92e18e66b16ea2bf42c7
R34_CONTINUOUS_TRUNCATED_D84,R34,Soft Float,Float,Float,N/A,CONTINUOUS_TRUNCATED_D84,84,0,300,Continuous300,9.5,50000,0.0,0.0,0.0,2.5609718912715457e-07,0.0,7.682327414500052e-05,0.7352941176470588,110,97.2333333333333,111,407,368.2936479999983,456.6,N/A,16128,1536,17664,1958400000,936600000,Stage13,stage13_sliding_window_viterbi/results/stage13_final_comparison.csv,STAGE13-REFERENCE-R34-9.5,a3a2d63dad2dfa997c1707510a3a7162dc03d0337e9a92e18e66b16ea2bf42c7
R34_CONTINUOUS_TRUNCATED_D112,R34,Soft Float,Float,Float,N/A,CONTINUOUS_TRUNCATED_D112,112,0,300,Continuous300,9.5,50000,0.0,0.0,0.0,2.5609718912715457e-07,0.0,7.682327414500052e-05,0.7352941176470588,148,123.15,148,407,381.3306539999956,471.5,N/A,21504,1536,23040,1958400000,1092000000,Stage13,stage13_sliding_window_viterbi/results/stage13_final_comparison.csv,STAGE13-REFERENCE-R34-9.5,a3a2d63dad2dfa997c1707510a3a7162dc03d0337e9a92e18e66b16ea2bf42c7
R12_SLIDING_PERFORMANCE_FIRST,R12,Soft Float,Float,Float,N/A,SLIDING_PERFORMANCE_FIRST,70,128,25,Continuous300,-4.5,1000,0.3432933333333333,1.0,0.3415963007759627,0.3449943790540288,0.9961732415144448,1.0,0.0,188,146.33333333333334,188,611,1544.0807000000004,2184.5,N/A,24576,1536,26112,143998000,866000,Stage13,stage13_sliding_window_viterbi/results/stage13_final_comparison.csv,CC-C-R12-S-W128-S25-D70,a3a2d63dad2dfa997c1707510a3a7162dc03d0337e9a92e18e66b16ea2bf42c7
R12_SLIDING_PERFORMANCE_FIRST,R12,Soft Float,Float,Float,N/A,SLIDING_PERFORMANCE_FIRST,70,128,25,Continuous300,-2.5,1000,0.07696,0.871,0.0760116670594954,0.0779191667400425,0.8487959904982231,0.890364554705495,0.06323529411764706,188,146.33333333333334,188,611,1506.3915999999997,2131.7,N/A,24576,1536,26112,143998000,866000,Stage13,stage13_sliding_window_viterbi/results/stage13_final_comparison.csv,CC-C-R12-S-W128-S25-D70,a3a2d63dad2dfa997c1707510a3a7162dc03d0337e9a92e18e66b16ea2bf42c7
R12_SLIDING_PERFORMANCE_FIRST,R12,Soft Float,Float,Float,N/A,SLIDING_PERFORMANCE_FIRST,70,128,25,Continuous300,-0.5,2974,0.0015220802510647,0.0672494956287827,0.0014433063053097,0.001605146674195,0.0587949596001132,0.0768205405550314,0.45723063939765546,188,146.33333333333334,188,611,1732.112844653664,2437.9,N/A,24576,1536,26112,428250052,2575484,Stage13,stage13_sliding_window_viterbi/results/stage13_final_comparison.csv,CC-C-R12-S-W128-S25-D70,a3a2d63dad2dfa997c1707510a3a7162dc03d0337e9a92e18e66b16ea2bf42c7
R12_SLIDING_PERFORMANCE_FIRST,R12,Soft Float,Float,Float,N/A,SLIDING_PERFORMANCE_FIRST,70,128,25,Continuous300,1.0,50000,1.18e-05,0.0008199999999999,1.018497160935685e-05,1.3671119535876642e-05,0.0006045494158823,0.001112147868093,0.48979411764705877,188,146.33333333333334,188,611,1718.925788,2350.1,N/A,24576,1536,26112,7199900000,43300000,Stage13,stage13_sliding_window_viterbi/results/stage13_final_comparison.csv,CC-C-R12-S-W128-S25-D70,a3a2d63dad2dfa997c1707510a3a7162dc03d0337e9a92e18e66b16ea2bf42c7
R12_SLIDING_PERFORMANCE_FIRST,R12,Soft Float,Float,Float,N/A,SLIDING_PERFORMANCE_FIRST,70,128,25,Continuous300,2.5,50000,0.0,0.0,0.0,2.5609718912715457e-07,0.0,7.682327414500052e-05,0.4901960784313725,188,146.33333333333334,188,611,1652.532039999989,2325.8,N/A,24576,1536,26112,7199900000,43300000,Stage13,stage13_sliding_window_viterbi/results/stage13_final_comparison.csv,CC-C-R12-S-W128-S25-D70,a3a2d63dad2dfa997c1707510a3a7162dc03d0337e9a92e18e66b16ea2bf42c7
R12_SLIDING_PERFORMANCE_FIRST,R12,Soft Float,Float,Float,N/A,SLIDING_PERFORMANCE_FIRST,70,128,25,Continuous300,4.5,50000,0.0,0.0,0.0,2.5609718912715457e-07,0.0,7.682327414500052e-05,0.4901960784313725,188,146.33333333333334,188,611,1415.3842159999854,1696.9,N/A,24576,1536,26112,7199900000,43300000,Stage13,stage13_sliding_window_viterbi/results/stage13_final_comparison.csv,CC-C-R12-S-W128-S25-D70,a3a2d63dad2dfa997c1707510a3a7162dc03d0337e9a92e18e66b16ea2bf42c7
R12_SLIDING_PERFORMANCE_FIRST,R12,Soft Float,Float,Float,N/A,SLIDING_PERFORMANCE_FIRST,70,128,25,Continuous300,6.5,50000,0.0,0.0,0.0,2.5609718912715457e-07,0.0,7.682327414500052e-05,0.4901960784313725,188,146.33333333333334,188,611,1326.5134359999995,1649.2,N/A,24576,1536,26112,7199900000,43300000,Stage13,stage13_sliding_window_viterbi/results/stage13_final_comparison.csv,CC-C-R12-S-W128-S25-D70,a3a2d63dad2dfa997c1707510a3a7162dc03d0337e9a92e18e66b16ea2bf42c7
R12_SLIDING_PERFORMANCE_FIRST,R12,Soft Float,Float,Float,N/A,SLIDING_PERFORMANCE_FIRST,70,128,25,Continuous300,8.5,50000,0.0,0.0,0.0,2.5609718912715457e-07,0.0,7.682327414500052e-05,0.4901960784313725,188,146.33333333333334,188,611,1174.2865560000057,1486.9,N/A,24576,1536,26112,7199900000,43300000,Stage13,stage13_sliding_window_viterbi/results/stage13_final_comparison.csv,CC-C-R12-S-W128-S25-D70,a3a2d63dad2dfa997c1707510a3a7162dc03d0337e9a92e18e66b16ea2bf42c7
R12_SLIDING_PERFORMANCE_FIRST,R12,Soft Float,Float,Float,N/A,SLIDING_PERFORMANCE_FIRST,70,128,25,Continuous300,-5.0,1000,0.3904433333333333,1.0,0.3886990311083317,0.3921904412385655,0.9961732415144448,1.0,0.0,188,146.33333333333334,188,611,1550.0453999999982,2065.2,N/A,24576,1536,26112,143998000,866000,Stage13,stage13_sliding_window_viterbi/results/stage13_final_comparison.csv,CC-C-R12-S-W128-S25-D70,a3a2d63dad2dfa997c1707510a3a7162dc03d0337e9a92e18e66b16ea2bf42c7
R12_SLIDING_PERFORMANCE_FIRST,R12,Soft Float,Float,Float,N/A,SLIDING_PERFORMANCE_FIRST,70,128,25,Continuous300,-3.0,1000,0.1394733333333333,0.975,0.1382382530516517,0.1407176464857476,0.9633547107321566,0.983009868706566,0.012254901960784322,188,146.33333333333334,188,611,1509.2869000000012,2084.7,N/A,24576,1536,26112,143998000,866000,Stage13,stage13_sliding_window_viterbi/results/stage13_final_comparison.csv,CC-C-R12-S-W128-S25-D70,a3a2d63dad2dfa997c1707510a3a7162dc03d0337e9a92e18e66b16ea2bf42c7
R12_SLIDING_PERFORMANCE_FIRST,R12,Soft Float,Float,Float,N/A,SLIDING_PERFORMANCE_FIRST,70,128,25,Continuous300,-1.0,1240,0.0045967741935483,0.1612903225806451,0.0043844592924837,0.0048193205539663,0.1418698885014156,0.1828028870817222,0.4111321948134092,188,146.33333333333334,188,611,1601.1204032258065,2223.7,N/A,24576,1536,26112,178557520,1073840,Stage13,stage13_sliding_window_viterbi/results/stage13_final_comparison.csv,CC-C-R12-S-W128-S25-D70,a3a2d63dad2dfa997c1707510a3a7162dc03d0337e9a92e18e66b16ea2bf42c7
R12_SLIDING_PERFORMANCE_FIRST,R12,Soft Float,Float,Float,N/A,SLIDING_PERFORMANCE_FIRST,70,128,25,Continuous300,1.5,50000,2.1333333333333334e-06,0.0001399999999999,1.5112241931851212e-06,3.0115385699273595e-06,6.781887437968768e-05,0.0002889828892485,0.4901274509803921,188,146.33333333333334,188,611,1723.9198720000068,2339.0,N/A,24576,1536,26112,7199900000,43300000,Stage13,stage13_sliding_window_viterbi/results/stage13_final_comparison.csv,CC-C-R12-S-W128-S25-D70,a3a2d63dad2dfa997c1707510a3a7162dc03d0337e9a92e18e66b16ea2bf42c7
R12_SLIDING_PERFORMANCE_FIRST,R12,Soft Float,Float,Float,N/A,SLIDING_PERFORMANCE_FIRST,70,128,25,Continuous300,3.0,50000,0.0,0.0,0.0,2.5609718912715457e-07,0.0,7.682327414500052e-05,0.4901960784313725,188,146.33333333333334,188,611,1659.7958019999944,2352.2,N/A,24576,1536,26112,7199900000,43300000,Stage13,stage13_sliding_window_viterbi/results/stage13_final_comparison.csv,CC-C-R12-S-W128-S25-D70,a3a2d63dad2dfa997c1707510a3a7162dc03d0337e9a92e18e66b16ea2bf42c7
R12_SLIDING_PERFORMANCE_FIRST,R12,Soft Float,Float,Float,N/A,SLIDING_PERFORMANCE_FIRST,70,128,25,Continuous300,5.0,50000,0.0,0.0,0.0,2.5609718912715457e-07,0.0,7.682327414500052e-05,0.4901960784313725,188,146.33333333333334,188,611,1424.0741860000014,1698.1,N/A,24576,1536,26112,7199900000,43300000,Stage13,stage13_sliding_window_viterbi/results/stage13_final_comparison.csv,CC-C-R12-S-W128-S25-D70,a3a2d63dad2dfa997c1707510a3a7162dc03d0337e9a92e18e66b16ea2bf42c7
R12_SLIDING_PERFORMANCE_FIRST,R12,Soft Float,Float,Float,N/A,SLIDING_PERFORMANCE_FIRST,70,128,25,Continuous300,7.0,50000,0.0,0.0,0.0,2.5609718912715457e-07,0.0,7.682327414500052e-05,0.4901960784313725,188,146.33333333333334,188,611,1327.4954079999966,1648.4,N/A,24576,1536,26112,7199900000,43300000,Stage13,stage13_sliding_window_viterbi/results/stage13_final_comparison.csv,CC-C-R12-S-W128-S25-D70,a3a2d63dad2dfa997c1707510a3a7162dc03d0337e9a92e18e66b16ea2bf42c7
R12_SLIDING_PERFORMANCE_FIRST,R12,Soft Float,Float,Float,N/A,SLIDING_PERFORMANCE_FIRST,70,128,25,Continuous300,9.0,50000,0.0,0.0,0.0,2.5609718912715457e-07,0.0,7.682327414500052e-05,0.4901960784313725,188,146.33333333333334,188,611,1173.675831999998,1481.3,N/A,24576,1536,26112,7199900000,43300000,Stage13,stage13_sliding_window_viterbi/results/stage13_final_comparison.csv,CC-C-R12-S-W128-S25-D70,a3a2d63dad2dfa997c1707510a3a7162dc03d0337e9a92e18e66b16ea2bf42c7
R12_SLIDING_PERFORMANCE_FIRST,R12,Soft Float,Float,Float,N/A,SLIDING_PERFORMANCE_FIRST,70,128,25,Continuous300,-3.5,1000,0.2101833333333333,0.993,0.2087290750641241,0.2116450136327747,0.9856216845342332,0.9966051315990092,0.0034313725490196104,188,146.33333333333334,188,611,1576.6849000000018,2275.2,N/A,24576,1536,26112,143998000,866000,Stage13,stage13_sliding_window_viterbi/results/stage13_final_comparison.csv,CC-C-R12-S-W128-S25-D70,a3a2d63dad2dfa997c1707510a3a7162dc03d0337e9a92e18e66b16ea2bf42c7
R12_SLIDING_PERFORMANCE_FIRST,R12,Soft Float,Float,Float,N/A,SLIDING_PERFORMANCE_FIRST,70,128,25,Continuous300,-1.5,1000,0.01276,0.3449999999999999,0.0123645649011982,0.0131679130216622,0.3161805044877085,0.3750057906428134,0.321078431372549,188,146.33333333333334,188,611,1567.5766,2198.7,N/A,24576,1536,26112,143998000,866000,Stage13,stage13_sliding_window_viterbi/results/stage13_final_comparison.csv,CC-C-R12-S-W128-S25-D70,a3a2d63dad2dfa997c1707510a3a7162dc03d0337e9a92e18e66b16ea2bf42c7
R12_SLIDING_PERFORMANCE_FIRST,R12,Soft Float,Float,Float,N/A,SLIDING_PERFORMANCE_FIRST,70,128,25,Continuous300,0.0,10066,0.0003450559639711,0.0198688654877806,0.0003247346044572,0.0003666485344595,0.0173202588029099,0.0227837945202879,0.48045643848638203,188,146.33333333333334,188,611,1718.216987879992,2307.9,N/A,24576,1536,26112,1449483868,8717156,Stage13,stage13_sliding_window_viterbi/results/stage13_final_comparison.csv,CC-C-R12-S-W128-S25-D70,a3a2d63dad2dfa997c1707510a3a7162dc03d0337e9a92e18e66b16ea2bf42c7
R12_SLIDING_PERFORMANCE_FIRST,R12,Soft Float,Float,Float,N/A,SLIDING_PERFORMANCE_FIRST,70,128,25,Continuous300,3.5,50000,0.0,0.0,0.0,2.5609718912715457e-07,0.0,7.682327414500052e-05,0.4901960784313725,188,146.33333333333334,188,611,1717.04749399999,2374.5,N/A,24576,1536,26112,7199900000,43300000,Stage13,stage13_sliding_window_viterbi/results/stage13_final_comparison.csv,CC-C-R12-S-W128-S25-D70,a3a2d63dad2dfa997c1707510a3a7162dc03d0337e9a92e18e66b16ea2bf42c7
R12_SLIDING_PERFORMANCE_FIRST,R12,Soft Float,Float,Float,N/A,SLIDING_PERFORMANCE_FIRST,70,128,25,Continuous300,5.5,50000,0.0,0.0,0.0,2.5609718912715457e-07,0.0,7.682327414500052e-05,0.4901960784313725,188,146.33333333333334,188,611,1609.1971279999918,2205.1,N/A,24576,1536,26112,7199900000,43300000,Stage13,stage13_sliding_window_viterbi/results/stage13_final_comparison.csv,CC-C-R12-S-W128-S25-D70,a3a2d63dad2dfa997c1707510a3a7162dc03d0337e9a92e18e66b16ea2bf42c7
R12_SLIDING_PERFORMANCE_FIRST,R12,Soft Float,Float,Float,N/A,SLIDING_PERFORMANCE_FIRST,70,128,25,Continuous300,7.5,50000,0.0,0.0,0.0,2.5609718912715457e-07,0.0,7.682327414500052e-05,0.4901960784313725,188,146.33333333333334,188,611,1373.4897259999923,1671.3,N/A,24576,1536,26112,7199900000,43300000,Stage13,stage13_sliding_window_viterbi/results/stage13_final_comparison.csv,CC-C-R12-S-W128-S25-D70,a3a2d63dad2dfa997c1707510a3a7162dc03d0337e9a92e18e66b16ea2bf42c7
R12_SLIDING_PERFORMANCE_FIRST,R12,Soft Float,Float,Float,N/A,SLIDING_PERFORMANCE_FIRST,70,128,25,Continuous300,9.5,50000,0.0,0.0,0.0,2.5609718912715457e-07,0.0,7.682327414500052e-05,0.4901960784313725,188,146.33333333333334,188,611,1323.7019920000068,1643.8,N/A,24576,1536,26112,7199900000,43300000,Stage13,stage13_sliding_window_viterbi/results/stage13_final_comparison.csv,CC-C-R12-S-W128-S25-D70,a3a2d63dad2dfa997c1707510a3a7162dc03d0337e9a92e18e66b16ea2bf42c7
R12_SLIDING_PERFORMANCE_FIRST,R12,Soft Float,Float,Float,N/A,SLIDING_PERFORMANCE_FIRST,70,128,25,Continuous300,10.0,50000,0.0,0.0,0.0,2.5609718912715457e-07,0.0,7.682327414500052e-05,0.4901960784313725,188,146.33333333333334,188,611,1176.0481840000048,1497.0,N/A,24576,1536,26112,7199900000,43300000,Stage13,stage13_sliding_window_viterbi/results/stage13_final_comparison.csv,CC-C-R12-S-W128-S25-D70,a3a2d63dad2dfa997c1707510a3a7162dc03d0337e9a92e18e66b16ea2bf42c7
R12_SLIDING_PERFORMANCE_FIRST,R12,Soft Float,Float,Float,N/A,SLIDING_PERFORMANCE_FIRST,70,128,25,Continuous300,-4.0,1000,0.2805099999999999,1.0,0.2789052330664691,0.2821203879401982,0.9961732415144448,1.0,0.0,188,146.33333333333334,188,611,1539.367699999996,2241.8,N/A,24576,1536,26112,143998000,866000,Stage13,stage13_sliding_window_viterbi/results/stage13_final_comparison.csv,CC-C-R12-S-W128-S25-D70,a3a2d63dad2dfa997c1707510a3a7162dc03d0337e9a92e18e66b16ea2bf42c7
R12_SLIDING_PERFORMANCE_FIRST,R12,Soft Float,Float,Float,N/A,SLIDING_PERFORMANCE_FIRST,70,128,25,Continuous300,-2.0,1000,0.0343066666666666,0.638,0.0336612837123725,0.0349639757466688,0.6077382275254601,0.6672055871325266,0.17745098039215684,188,146.33333333333334,188,611,1486.9862000000014,2077.4,N/A,24576,1536,26112,143998000,866000,Stage13,stage13_sliding_window_viterbi/results/stage13_final_comparison.csv,CC-C-R12-S-W128-S25-D70,a3a2d63dad2dfa997c1707510a3a7162dc03d0337e9a92e18e66b16ea2bf42c7
R12_SLIDING_PERFORMANCE_FIRST,R12,Soft Float,Float,Float,N/A,SLIDING_PERFORMANCE_FIRST,70,128,25,Continuous300,0.5,39747,7.958671933311528e-05,0.005031826301356,7.468185918141196e-05,8.481368732734928e-05,0.0043824441025831,0.0057768743923233,0.4877294969110999,188,146.33333333333334,188,611,1727.7839308627003,2353.3,N/A,24576,1536,26112,5723488506,34420902,Stage13,stage13_sliding_window_viterbi/results/stage13_final_comparison.csv,CC-C-R12-S-W128-S25-D70,a3a2d63dad2dfa997c1707510a3a7162dc03d0337e9a92e18e66b16ea2bf42c7
R12_SLIDING_PERFORMANCE_FIRST,R12,Soft Float,Float,Float,N/A,SLIDING_PERFORMANCE_FIRST,70,128,25,Continuous300,2.0,50000,5.333333333333333e-07,4e-05,2.702532928873656e-07,1.0525102897361208e-06,1.0969511301390302e-05,0.0001458476169816,0.4901764705882352,188,146.33333333333334,188,611,1720.1086200000104,2451.9,N/A,24576,1536,26112,7199900000,43300000,Stage13,stage13_sliding_window_viterbi/results/stage13_final_comparison.csv,CC-C-R12-S-W128-S25-D70,a3a2d63dad2dfa997c1707510a3a7162dc03d0337e9a92e18e66b16ea2bf42c7
R12_SLIDING_PERFORMANCE_FIRST,R12,Soft Float,Float,Float,N/A,SLIDING_PERFORMANCE_FIRST,70,128,25,Continuous300,4.0,50000,0.0,0.0,0.0,2.5609718912715457e-07,0.0,7.682327414500052e-05,0.4901960784313725,188,146.33333333333334,188,611,1478.6513440000192,1722.7,N/A,24576,1536,26112,7199900000,43300000,Stage13,stage13_sliding_window_viterbi/results/stage13_final_comparison.csv,CC-C-R12-S-W128-S25-D70,a3a2d63dad2dfa997c1707510a3a7162dc03d0337e9a92e18e66b16ea2bf42c7
R12_SLIDING_PERFORMANCE_FIRST,R12,Soft Float,Float,Float,N/A,SLIDING_PERFORMANCE_FIRST,70,128,25,Continuous300,6.0,50000,0.0,0.0,0.0,2.5609718912715457e-07,0.0,7.682327414500052e-05,0.4901960784313725,188,146.33333333333334,188,611,1342.5847259999996,1656.4,N/A,24576,1536,26112,7199900000,43300000,Stage13,stage13_sliding_window_viterbi/results/stage13_final_comparison.csv,CC-C-R12-S-W128-S25-D70,a3a2d63dad2dfa997c1707510a3a7162dc03d0337e9a92e18e66b16ea2bf42c7
R12_SLIDING_PERFORMANCE_FIRST,R12,Soft Float,Float,Float,N/A,SLIDING_PERFORMANCE_FIRST,70,128,25,Continuous300,8.0,50000,0.0,0.0,0.0,2.5609718912715457e-07,0.0,7.682327414500052e-05,0.4901960784313725,188,146.33333333333334,188,611,1174.6107439999948,1488.9,N/A,24576,1536,26112,7199900000,43300000,Stage13,stage13_sliding_window_viterbi/results/stage13_final_comparison.csv,CC-C-R12-S-W128-S25-D70,a3a2d63dad2dfa997c1707510a3a7162dc03d0337e9a92e18e66b16ea2bf42c7
R12_SLIDING_BALANCED,R12,Soft Float,Float,Float,N/A,SLIDING_BALANCED,70,128,25,Continuous300,-4.5,1000,0.3432933333333333,1.0,0.3415963007759627,0.3449943790540288,0.9961732415144448,1.0,0.0,188,146.33333333333334,188,611,1544.0807000000004,2184.5,N/A,24576,1536,26112,143998000,866000,Stage13,stage13_sliding_window_viterbi/results/stage13_final_comparison.csv,CC-C-R12-S-W128-S25-D70,a3a2d63dad2dfa997c1707510a3a7162dc03d0337e9a92e18e66b16ea2bf42c7
R12_SLIDING_BALANCED,R12,Soft Float,Float,Float,N/A,SLIDING_BALANCED,70,128,25,Continuous300,-2.5,1000,0.07696,0.871,0.0760116670594954,0.0779191667400425,0.8487959904982231,0.890364554705495,0.06323529411764706,188,146.33333333333334,188,611,1506.3915999999997,2131.7,N/A,24576,1536,26112,143998000,866000,Stage13,stage13_sliding_window_viterbi/results/stage13_final_comparison.csv,CC-C-R12-S-W128-S25-D70,a3a2d63dad2dfa997c1707510a3a7162dc03d0337e9a92e18e66b16ea2bf42c7
R12_SLIDING_BALANCED,R12,Soft Float,Float,Float,N/A,SLIDING_BALANCED,70,128,25,Continuous300,-0.5,2974,0.0015220802510647,0.0672494956287827,0.0014433063053097,0.001605146674195,0.0587949596001132,0.0768205405550314,0.45723063939765546,188,146.33333333333334,188,611,1732.112844653664,2437.9,N/A,24576,1536,26112,428250052,2575484,Stage13,stage13_sliding_window_viterbi/results/stage13_final_comparison.csv,CC-C-R12-S-W128-S25-D70,a3a2d63dad2dfa997c1707510a3a7162dc03d0337e9a92e18e66b16ea2bf42c7
R12_SLIDING_BALANCED,R12,Soft Float,Float,Float,N/A,SLIDING_BALANCED,70,128,25,Continuous300,1.0,50000,1.18e-05,0.0008199999999999,1.018497160935685e-05,1.3671119535876642e-05,0.0006045494158823,0.001112147868093,0.48979411764705877,188,146.33333333333334,188,611,1718.925788,2350.1,N/A,24576,1536,26112,7199900000,43300000,Stage13,stage13_sliding_window_viterbi/results/stage13_final_comparison.csv,CC-C-R12-S-W128-S25-D70,a3a2d63dad2dfa997c1707510a3a7162dc03d0337e9a92e18e66b16ea2bf42c7
R12_SLIDING_BALANCED,R12,Soft Float,Float,Float,N/A,SLIDING_BALANCED,70,128,25,Continuous300,2.5,50000,0.0,0.0,0.0,2.5609718912715457e-07,0.0,7.682327414500052e-05,0.4901960784313725,188,146.33333333333334,188,611,1652.532039999989,2325.8,N/A,24576,1536,26112,7199900000,43300000,Stage13,stage13_sliding_window_viterbi/results/stage13_final_comparison.csv,CC-C-R12-S-W128-S25-D70,a3a2d63dad2dfa997c1707510a3a7162dc03d0337e9a92e18e66b16ea2bf42c7
R12_SLIDING_BALANCED,R12,Soft Float,Float,Float,N/A,SLIDING_BALANCED,70,128,25,Continuous300,4.5,50000,0.0,0.0,0.0,2.5609718912715457e-07,0.0,7.682327414500052e-05,0.4901960784313725,188,146.33333333333334,188,611,1415.3842159999854,1696.9,N/A,24576,1536,26112,7199900000,43300000,Stage13,stage13_sliding_window_viterbi/results/stage13_final_comparison.csv,CC-C-R12-S-W128-S25-D70,a3a2d63dad2dfa997c1707510a3a7162dc03d0337e9a92e18e66b16ea2bf42c7
R12_SLIDING_BALANCED,R12,Soft Float,Float,Float,N/A,SLIDING_BALANCED,70,128,25,Continuous300,6.5,50000,0.0,0.0,0.0,2.5609718912715457e-07,0.0,7.682327414500052e-05,0.4901960784313725,188,146.33333333333334,188,611,1326.5134359999995,1649.2,N/A,24576,1536,26112,7199900000,43300000,Stage13,stage13_sliding_window_viterbi/results/stage13_final_comparison.csv,CC-C-R12-S-W128-S25-D70,a3a2d63dad2dfa997c1707510a3a7162dc03d0337e9a92e18e66b16ea2bf42c7
R12_SLIDING_BALANCED,R12,Soft Float,Float,Float,N/A,SLIDING_BALANCED,70,128,25,Continuous300,8.5,50000,0.0,0.0,0.0,2.5609718912715457e-07,0.0,7.682327414500052e-05,0.4901960784313725,188,146.33333333333334,188,611,1174.2865560000057,1486.9,N/A,24576,1536,26112,7199900000,43300000,Stage13,stage13_sliding_window_viterbi/results/stage13_final_comparison.csv,CC-C-R12-S-W128-S25-D70,a3a2d63dad2dfa997c1707510a3a7162dc03d0337e9a92e18e66b16ea2bf42c7
R12_SLIDING_BALANCED,R12,Soft Float,Float,Float,N/A,SLIDING_BALANCED,70,128,25,Continuous300,-5.0,1000,0.3904433333333333,1.0,0.3886990311083317,0.3921904412385655,0.9961732415144448,1.0,0.0,188,146.33333333333334,188,611,1550.0453999999982,2065.2,N/A,24576,1536,26112,143998000,866000,Stage13,stage13_sliding_window_viterbi/results/stage13_final_comparison.csv,CC-C-R12-S-W128-S25-D70,a3a2d63dad2dfa997c1707510a3a7162dc03d0337e9a92e18e66b16ea2bf42c7
R12_SLIDING_BALANCED,R12,Soft Float,Float,Float,N/A,SLIDING_BALANCED,70,128,25,Continuous300,-3.0,1000,0.1394733333333333,0.975,0.1382382530516517,0.1407176464857476,0.9633547107321566,0.983009868706566,0.012254901960784322,188,146.33333333333334,188,611,1509.2869000000012,2084.7,N/A,24576,1536,26112,143998000,866000,Stage13,stage13_sliding_window_viterbi/results/stage13_final_comparison.csv,CC-C-R12-S-W128-S25-D70,a3a2d63dad2dfa997c1707510a3a7162dc03d0337e9a92e18e66b16ea2bf42c7
R12_SLIDING_BALANCED,R12,Soft Float,Float,Float,N/A,SLIDING_BALANCED,70,128,25,Continuous300,-1.0,1240,0.0045967741935483,0.1612903225806451,0.0043844592924837,0.0048193205539663,0.1418698885014156,0.1828028870817222,0.4111321948134092,188,146.33333333333334,188,611,1601.1204032258065,2223.7,N/A,24576,1536,26112,178557520,1073840,Stage13,stage13_sliding_window_viterbi/results/stage13_final_comparison.csv,CC-C-R12-S-W128-S25-D70,a3a2d63dad2dfa997c1707510a3a7162dc03d0337e9a92e18e66b16ea2bf42c7
R12_SLIDING_BALANCED,R12,Soft Float,Float,Float,N/A,SLIDING_BALANCED,70,128,25,Continuous300,1.5,50000,2.1333333333333334e-06,0.0001399999999999,1.5112241931851212e-06,3.0115385699273595e-06,6.781887437968768e-05,0.0002889828892485,0.4901274509803921,188,146.33333333333334,188,611,1723.9198720000068,2339.0,N/A,24576,1536,26112,7199900000,43300000,Stage13,stage13_sliding_window_viterbi/results/stage13_final_comparison.csv,CC-C-R12-S-W128-S25-D70,a3a2d63dad2dfa997c1707510a3a7162dc03d0337e9a92e18e66b16ea2bf42c7
R12_SLIDING_BALANCED,R12,Soft Float,Float,Float,N/A,SLIDING_BALANCED,70,128,25,Continuous300,3.0,50000,0.0,0.0,0.0,2.5609718912715457e-07,0.0,7.682327414500052e-05,0.4901960784313725,188,146.33333333333334,188,611,1659.7958019999944,2352.2,N/A,24576,1536,26112,7199900000,43300000,Stage13,stage13_sliding_window_viterbi/results/stage13_final_comparison.csv,CC-C-R12-S-W128-S25-D70,a3a2d63dad2dfa997c1707510a3a7162dc03d0337e9a92e18e66b16ea2bf42c7
R12_SLIDING_BALANCED,R12,Soft Float,Float,Float,N/A,SLIDING_BALANCED,70,128,25,Continuous300,5.0,50000,0.0,0.0,0.0,2.5609718912715457e-07,0.0,7.682327414500052e-05,0.4901960784313725,188,146.33333333333334,188,611,1424.0741860000014,1698.1,N/A,24576,1536,26112,7199900000,43300000,Stage13,stage13_sliding_window_viterbi/results/stage13_final_comparison.csv,CC-C-R12-S-W128-S25-D70,a3a2d63dad2dfa997c1707510a3a7162dc03d0337e9a92e18e66b16ea2bf42c7
R12_SLIDING_BALANCED,R12,Soft Float,Float,Float,N/A,SLIDING_BALANCED,70,128,25,Continuous300,7.0,50000,0.0,0.0,0.0,2.5609718912715457e-07,0.0,7.682327414500052e-05,0.4901960784313725,188,146.33333333333334,188,611,1327.4954079999966,1648.4,N/A,24576,1536,26112,7199900000,43300000,Stage13,stage13_sliding_window_viterbi/results/stage13_final_comparison.csv,CC-C-R12-S-W128-S25-D70,a3a2d63dad2dfa997c1707510a3a7162dc03d0337e9a92e18e66b16ea2bf42c7
R12_SLIDING_BALANCED,R12,Soft Float,Float,Float,N/A,SLIDING_BALANCED,70,128,25,Continuous300,9.0,50000,0.0,0.0,0.0,2.5609718912715457e-07,0.0,7.682327414500052e-05,0.4901960784313725,188,146.33333333333334,188,611,1173.675831999998,1481.3,N/A,24576,1536,26112,7199900000,43300000,Stage13,stage13_sliding_window_viterbi/results/stage13_final_comparison.csv,CC-C-R12-S-W128-S25-D70,a3a2d63dad2dfa997c1707510a3a7162dc03d0337e9a92e18e66b16ea2bf42c7
R12_SLIDING_BALANCED,R12,Soft Float,Float,Float,N/A,SLIDING_BALANCED,70,128,25,Continuous300,-3.5,1000,0.2101833333333333,0.993,0.2087290750641241,0.2116450136327747,0.9856216845342332,0.9966051315990092,0.0034313725490196104,188,146.33333333333334,188,611,1576.6849000000018,2275.2,N/A,24576,1536,26112,143998000,866000,Stage13,stage13_sliding_window_viterbi/results/stage13_final_comparison.csv,CC-C-R12-S-W128-S25-D70,a3a2d63dad2dfa997c1707510a3a7162dc03d0337e9a92e18e66b16ea2bf42c7
R12_SLIDING_BALANCED,R12,Soft Float,Float,Float,N/A,SLIDING_BALANCED,70,128,25,Continuous300,-1.5,1000,0.01276,0.3449999999999999,0.0123645649011982,0.0131679130216622,0.3161805044877085,0.3750057906428134,0.321078431372549,188,146.33333333333334,188,611,1567.5766,2198.7,N/A,24576,1536,26112,143998000,866000,Stage13,stage13_sliding_window_viterbi/results/stage13_final_comparison.csv,CC-C-R12-S-W128-S25-D70,a3a2d63dad2dfa997c1707510a3a7162dc03d0337e9a92e18e66b16ea2bf42c7
R12_SLIDING_BALANCED,R12,Soft Float,Float,Float,N/A,SLIDING_BALANCED,70,128,25,Continuous300,0.0,10066,0.0003450559639711,0.0198688654877806,0.0003247346044572,0.0003666485344595,0.0173202588029099,0.0227837945202879,0.48045643848638203,188,146.33333333333334,188,611,1718.216987879992,2307.9,N/A,24576,1536,26112,1449483868,8717156,Stage13,stage13_sliding_window_viterbi/results/stage13_final_comparison.csv,CC-C-R12-S-W128-S25-D70,a3a2d63dad2dfa997c1707510a3a7162dc03d0337e9a92e18e66b16ea2bf42c7
R12_SLIDING_BALANCED,R12,Soft Float,Float,Float,N/A,SLIDING_BALANCED,70,128,25,Continuous300,3.5,50000,0.0,0.0,0.0,2.5609718912715457e-07,0.0,7.682327414500052e-05,0.4901960784313725,188,146.33333333333334,188,611,1717.04749399999,2374.5,N/A,24576,1536,26112,7199900000,43300000,Stage13,stage13_sliding_window_viterbi/results/stage13_final_comparison.csv,CC-C-R12-S-W128-S25-D70,a3a2d63dad2dfa997c1707510a3a7162dc03d0337e9a92e18e66b16ea2bf42c7
R12_SLIDING_BALANCED,R12,Soft Float,Float,Float,N/A,SLIDING_BALANCED,70,128,25,Continuous300,5.5,50000,0.0,0.0,0.0,2.5609718912715457e-07,0.0,7.682327414500052e-05,0.4901960784313725,188,146.33333333333334,188,611,1609.1971279999918,2205.1,N/A,24576,1536,26112,7199900000,43300000,Stage13,stage13_sliding_window_viterbi/results/stage13_final_comparison.csv,CC-C-R12-S-W128-S25-D70,a3a2d63dad2dfa997c1707510a3a7162dc03d0337e9a92e18e66b16ea2bf42c7
R12_SLIDING_BALANCED,R12,Soft Float,Float,Float,N/A,SLIDING_BALANCED,70,128,25,Continuous300,7.5,50000,0.0,0.0,0.0,2.5609718912715457e-07,0.0,7.682327414500052e-05,0.4901960784313725,188,146.33333333333334,188,611,1373.4897259999923,1671.3,N/A,24576,1536,26112,7199900000,43300000,Stage13,stage13_sliding_window_viterbi/results/stage13_final_comparison.csv,CC-C-R12-S-W128-S25-D70,a3a2d63dad2dfa997c1707510a3a7162dc03d0337e9a92e18e66b16ea2bf42c7
R12_SLIDING_BALANCED,R12,Soft Float,Float,Float,N/A,SLIDING_BALANCED,70,128,25,Continuous300,9.5,50000,0.0,0.0,0.0,2.5609718912715457e-07,0.0,7.682327414500052e-05,0.4901960784313725,188,146.33333333333334,188,611,1323.7019920000068,1643.8,N/A,24576,1536,26112,7199900000,43300000,Stage13,stage13_sliding_window_viterbi/results/stage13_final_comparison.csv,CC-C-R12-S-W128-S25-D70,a3a2d63dad2dfa997c1707510a3a7162dc03d0337e9a92e18e66b16ea2bf42c7
R12_SLIDING_BALANCED,R12,Soft Float,Float,Float,N/A,SLIDING_BALANCED,70,128,25,Continuous300,10.0,50000,0.0,0.0,0.0,2.5609718912715457e-07,0.0,7.682327414500052e-05,0.4901960784313725,188,146.33333333333334,188,611,1176.0481840000048,1497.0,N/A,24576,1536,26112,7199900000,43300000,Stage13,stage13_sliding_window_viterbi/results/stage13_final_comparison.csv,CC-C-R12-S-W128-S25-D70,a3a2d63dad2dfa997c1707510a3a7162dc03d0337e9a92e18e66b16ea2bf42c7
R12_SLIDING_BALANCED,R12,Soft Float,Float,Float,N/A,SLIDING_BALANCED,70,128,25,Continuous300,-4.0,1000,0.2805099999999999,1.0,0.2789052330664691,0.2821203879401982,0.9961732415144448,1.0,0.0,188,146.33333333333334,188,611,1539.367699999996,2241.8,N/A,24576,1536,26112,143998000,866000,Stage13,stage13_sliding_window_viterbi/results/stage13_final_comparison.csv,CC-C-R12-S-W128-S25-D70,a3a2d63dad2dfa997c1707510a3a7162dc03d0337e9a92e18e66b16ea2bf42c7
R12_SLIDING_BALANCED,R12,Soft Float,Float,Float,N/A,SLIDING_BALANCED,70,128,25,Continuous300,-2.0,1000,0.0343066666666666,0.638,0.0336612837123725,0.0349639757466688,0.6077382275254601,0.6672055871325266,0.17745098039215684,188,146.33333333333334,188,611,1486.9862000000014,2077.4,N/A,24576,1536,26112,143998000,866000,Stage13,stage13_sliding_window_viterbi/results/stage13_final_comparison.csv,CC-C-R12-S-W128-S25-D70,a3a2d63dad2dfa997c1707510a3a7162dc03d0337e9a92e18e66b16ea2bf42c7
R12_SLIDING_BALANCED,R12,Soft Float,Float,Float,N/A,SLIDING_BALANCED,70,128,25,Continuous300,0.5,39747,7.958671933311528e-05,0.005031826301356,7.468185918141196e-05,8.481368732734928e-05,0.0043824441025831,0.0057768743923233,0.4877294969110999,188,146.33333333333334,188,611,1727.7839308627003,2353.3,N/A,24576,1536,26112,5723488506,34420902,Stage13,stage13_sliding_window_viterbi/results/stage13_final_comparison.csv,CC-C-R12-S-W128-S25-D70,a3a2d63dad2dfa997c1707510a3a7162dc03d0337e9a92e18e66b16ea2bf42c7
R12_SLIDING_BALANCED,R12,Soft Float,Float,Float,N/A,SLIDING_BALANCED,70,128,25,Continuous300,2.0,50000,5.333333333333333e-07,4e-05,2.702532928873656e-07,1.0525102897361208e-06,1.0969511301390302e-05,0.0001458476169816,0.4901764705882352,188,146.33333333333334,188,611,1720.1086200000104,2451.9,N/A,24576,1536,26112,7199900000,43300000,Stage13,stage13_sliding_window_viterbi/results/stage13_final_comparison.csv,CC-C-R12-S-W128-S25-D70,a3a2d63dad2dfa997c1707510a3a7162dc03d0337e9a92e18e66b16ea2bf42c7
R12_SLIDING_BALANCED,R12,Soft Float,Float,Float,N/A,SLIDING_BALANCED,70,128,25,Continuous300,4.0,50000,0.0,0.0,0.0,2.5609718912715457e-07,0.0,7.682327414500052e-05,0.4901960784313725,188,146.33333333333334,188,611,1478.6513440000192,1722.7,N/A,24576,1536,26112,7199900000,43300000,Stage13,stage13_sliding_window_viterbi/results/stage13_final_comparison.csv,CC-C-R12-S-W128-S25-D70,a3a2d63dad2dfa997c1707510a3a7162dc03d0337e9a92e18e66b16ea2bf42c7
R12_SLIDING_BALANCED,R12,Soft Float,Float,Float,N/A,SLIDING_BALANCED,70,128,25,Continuous300,6.0,50000,0.0,0.0,0.0,2.5609718912715457e-07,0.0,7.682327414500052e-05,0.4901960784313725,188,146.33333333333334,188,611,1342.5847259999996,1656.4,N/A,24576,1536,26112,7199900000,43300000,Stage13,stage13_sliding_window_viterbi/results/stage13_final_comparison.csv,CC-C-R12-S-W128-S25-D70,a3a2d63dad2dfa997c1707510a3a7162dc03d0337e9a92e18e66b16ea2bf42c7
R12_SLIDING_BALANCED,R12,Soft Float,Float,Float,N/A,SLIDING_BALANCED,70,128,25,Continuous300,8.0,50000,0.0,0.0,0.0,2.5609718912715457e-07,0.0,7.682327414500052e-05,0.4901960784313725,188,146.33333333333334,188,611,1174.6107439999948,1488.9,N/A,24576,1536,26112,7199900000,43300000,Stage13,stage13_sliding_window_viterbi/results/stage13_final_comparison.csv,CC-C-R12-S-W128-S25-D70,a3a2d63dad2dfa997c1707510a3a7162dc03d0337e9a92e18e66b16ea2bf42c7
R12_SLIDING_LATENCY_FIRST,R12,Soft Float,Float,Float,N/A,SLIDING_LATENCY_FIRST,70,96,16,Continuous300,-4.5,1000,0.3434499999999999,1.0,0.3417527805166306,0.3451512286345552,0.9961732415144448,1.0,0.0,170,137.77333333333334,168,611,1954.052200000004,2712.0,N/A,18432,1536,19968,181886000,1286000,Stage13,stage13_sliding_window_viterbi/results/stage13_final_comparison.csv,CC-C-R12-S-W96-S16-D70,a3a2d63dad2dfa997c1707510a3a7162dc03d0337e9a92e18e66b16ea2bf42c7
R12_SLIDING_LATENCY_FIRST,R12,Soft Float,Float,Float,N/A,SLIDING_LATENCY_FIRST,70,96,16,Continuous300,-2.5,1000,0.0771,0.874,0.0761508705982657,0.0780599596159566,0.8519904953398137,0.8931470893129909,0.06176470588235293,170,137.77333333333334,168,611,1909.4793999999995,2627.8,N/A,18432,1536,19968,181886000,1286000,Stage13,stage13_sliding_window_viterbi/results/stage13_final_comparison.csv,CC-C-R12-S-W96-S16-D70,a3a2d63dad2dfa997c1707510a3a7162dc03d0337e9a92e18e66b16ea2bf42c7
R12_SLIDING_LATENCY_FIRST,R12,Soft Float,Float,Float,N/A,SLIDING_LATENCY_FIRST,70,96,16,Continuous300,-0.5,2974,0.0015220802510647,0.0672494956287827,0.0014433063053097,0.001605146674195,0.0587949596001132,0.0768205405550314,0.45723063939765546,170,137.77333333333334,168,611,2181.6610289172845,3024.7,N/A,18432,1536,19968,540928964,3824564,Stage13,stage13_sliding_window_viterbi/results/stage13_final_comparison.csv,CC-C-R12-S-W96-S16-D70,a3a2d63dad2dfa997c1707510a3a7162dc03d0337e9a92e18e66b16ea2bf42c7
R12_SLIDING_LATENCY_FIRST,R12,Soft Float,Float,Float,N/A,SLIDING_LATENCY_FIRST,70,96,16,Continuous300,1.0,50000,1.18e-05,0.0008199999999999,1.018497160935685e-05,1.3671119535876642e-05,0.0006045494158823,0.001112147868093,0.48979411764705877,170,137.77333333333334,168,611,2168.930127999997,2869.4,N/A,18432,1536,19968,9094300000,64300000,Stage13,stage13_sliding_window_viterbi/results/stage13_final_comparison.csv,CC-C-R12-S-W96-S16-D70,a3a2d63dad2dfa997c1707510a3a7162dc03d0337e9a92e18e66b16ea2bf42c7
R12_SLIDING_LATENCY_FIRST,R12,Soft Float,Float,Float,N/A,SLIDING_LATENCY_FIRST,70,96,16,Continuous300,2.5,50000,0.0,0.0,0.0,2.5609718912715457e-07,0.0,7.682327414500052e-05,0.4901960784313725,170,137.77333333333334,168,611,2079.7268960000047,2867.3,N/A,18432,1536,19968,9094300000,64300000,Stage13,stage13_sliding_window_viterbi/results/stage13_final_comparison.csv,CC-C-R12-S-W96-S16-D70,a3a2d63dad2dfa997c1707510a3a7162dc03d0337e9a92e18e66b16ea2bf42c7
R12_SLIDING_LATENCY_FIRST,R12,Soft Float,Float,Float,N/A,SLIDING_LATENCY_FIRST,70,96,16,Continuous300,4.5,50000,0.0,0.0,0.0,2.5609718912715457e-07,0.0,7.682327414500052e-05,0.4901960784313725,170,137.77333333333334,168,611,1785.0956960000065,2133.5,N/A,18432,1536,19968,9094300000,64300000,Stage13,stage13_sliding_window_viterbi/results/stage13_final_comparison.csv,CC-C-R12-S-W96-S16-D70,a3a2d63dad2dfa997c1707510a3a7162dc03d0337e9a92e18e66b16ea2bf42c7
R12_SLIDING_LATENCY_FIRST,R12,Soft Float,Float,Float,N/A,SLIDING_LATENCY_FIRST,70,96,16,Continuous300,6.5,50000,0.0,0.0,0.0,2.5609718912715457e-07,0.0,7.682327414500052e-05,0.4901960784313725,170,137.77333333333334,168,611,1674.970866000012,2073.8,N/A,18432,1536,19968,9094300000,64300000,Stage13,stage13_sliding_window_viterbi/results/stage13_final_comparison.csv,CC-C-R12-S-W96-S16-D70,a3a2d63dad2dfa997c1707510a3a7162dc03d0337e9a92e18e66b16ea2bf42c7
R12_SLIDING_LATENCY_FIRST,R12,Soft Float,Float,Float,N/A,SLIDING_LATENCY_FIRST,70,96,16,Continuous300,8.5,50000,0.0,0.0,0.0,2.5609718912715457e-07,0.0,7.682327414500052e-05,0.4901960784313725,170,137.77333333333334,168,611,1482.0082519999892,1868.8,N/A,18432,1536,19968,9094300000,64300000,Stage13,stage13_sliding_window_viterbi/results/stage13_final_comparison.csv,CC-C-R12-S-W96-S16-D70,a3a2d63dad2dfa997c1707510a3a7162dc03d0337e9a92e18e66b16ea2bf42c7
R12_SLIDING_LATENCY_FIRST,R12,Soft Float,Float,Float,N/A,SLIDING_LATENCY_FIRST,70,96,16,Continuous300,-5.0,1000,0.3907233333333333,1.0,0.3889788028212452,0.3924706623550206,0.9961732415144448,1.0,0.0,170,137.77333333333334,168,611,1922.2136000000007,2632.5,N/A,18432,1536,19968,181886000,1286000,Stage13,stage13_sliding_window_viterbi/results/stage13_final_comparison.csv,CC-C-R12-S-W96-S16-D70,a3a2d63dad2dfa997c1707510a3a7162dc03d0337e9a92e18e66b16ea2bf42c7
R12_SLIDING_LATENCY_FIRST,R12,Soft Float,Float,Float,N/A,SLIDING_LATENCY_FIRST,70,96,16,Continuous300,-3.0,1000,0.14004,0.974,0.138802805760278,0.1412864125984627,0.96217617115731,0.9821960617983836,0.012745098039215695,170,137.77333333333334,168,611,1898.5983000000017,2565.4,N/A,18432,1536,19968,181886000,1286000,Stage13,stage13_sliding_window_viterbi/results/stage13_final_comparison.csv,CC-C-R12-S-W96-S16-D70,a3a2d63dad2dfa997c1707510a3a7162dc03d0337e9a92e18e66b16ea2bf42c7
R12_SLIDING_LATENCY_FIRST,R12,Soft Float,Float,Float,N/A,SLIDING_LATENCY_FIRST,70,96,16,Continuous300,-1.0,1240,0.0046102150537634,0.1629032258064516,0.0043975840131804,0.0048330772761084,0.1433959870451465,0.1844926324637859,0.41034155597722954,170,137.77333333333334,168,611,2019.640403225805,2823.4,N/A,18432,1536,19968,225538640,1594640,Stage13,stage13_sliding_window_viterbi/results/stage13_final_comparison.csv,CC-C-R12-S-W96-S16-D70,a3a2d63dad2dfa997c1707510a3a7162dc03d0337e9a92e18e66b16ea2bf42c7
R12_SLIDING_LATENCY_FIRST,R12,Soft Float,Float,Float,N/A,SLIDING_LATENCY_FIRST,70,96,16,Continuous300,1.5,50000,2.1333333333333334e-06,0.0001399999999999,1.5112241931851212e-06,3.0115385699273595e-06,6.781887437968768e-05,0.0002889828892485,0.4901274509803921,170,137.77333333333334,168,611,2153.807249999995,2863.3,N/A,18432,1536,19968,9094300000,64300000,Stage13,stage13_sliding_window_viterbi/results/stage13_final_comparison.csv,CC-C-R12-S-W96-S16-D70,a3a2d63dad2dfa997c1707510a3a7162dc03d0337e9a92e18e66b16ea2bf42c7
R12_SLIDING_LATENCY_FIRST,R12,Soft Float,Float,Float,N/A,SLIDING_LATENCY_FIRST,70,96,16,Continuous300,3.0,50000,0.0,0.0,0.0,2.5609718912715457e-07,0.0,7.682327414500052e-05,0.4901960784313725,170,137.77333333333334,168,611,2091.9341160000404,2890.1,N/A,18432,1536,19968,9094300000,64300000,Stage13,stage13_sliding_window_viterbi/results/stage13_final_comparison.csv,CC-C-R12-S-W96-S16-D70,a3a2d63dad2dfa997c1707510a3a7162dc03d0337e9a92e18e66b16ea2bf42c7
R12_SLIDING_LATENCY_FIRST,R12,Soft Float,Float,Float,N/A,SLIDING_LATENCY_FIRST,70,96,16,Continuous300,5.0,50000,0.0,0.0,0.0,2.5609718912715457e-07,0.0,7.682327414500052e-05,0.4901960784313725,170,137.77333333333334,168,611,1795.3827600000045,2132.8,N/A,18432,1536,19968,9094300000,64300000,Stage13,stage13_sliding_window_viterbi/results/stage13_final_comparison.csv,CC-C-R12-S-W96-S16-D70,a3a2d63dad2dfa997c1707510a3a7162dc03d0337e9a92e18e66b16ea2bf42c7
R12_SLIDING_LATENCY_FIRST,R12,Soft Float,Float,Float,N/A,SLIDING_LATENCY_FIRST,70,96,16,Continuous300,7.0,50000,0.0,0.0,0.0,2.5609718912715457e-07,0.0,7.682327414500052e-05,0.4901960784313725,170,137.77333333333334,168,611,1672.2473579999914,2074.3,N/A,18432,1536,19968,9094300000,64300000,Stage13,stage13_sliding_window_viterbi/results/stage13_final_comparison.csv,CC-C-R12-S-W96-S16-D70,a3a2d63dad2dfa997c1707510a3a7162dc03d0337e9a92e18e66b16ea2bf42c7
R12_SLIDING_LATENCY_FIRST,R12,Soft Float,Float,Float,N/A,SLIDING_LATENCY_FIRST,70,96,16,Continuous300,9.0,50000,0.0,0.0,0.0,2.5609718912715457e-07,0.0,7.682327414500052e-05,0.4901960784313725,170,137.77333333333334,168,611,1479.8212439999854,1864.3,N/A,18432,1536,19968,9094300000,64300000,Stage13,stage13_sliding_window_viterbi/results/stage13_final_comparison.csv,CC-C-R12-S-W96-S16-D70,a3a2d63dad2dfa997c1707510a3a7162dc03d0337e9a92e18e66b16ea2bf42c7
R12_SLIDING_LATENCY_FIRST,R12,Soft Float,Float,Float,N/A,SLIDING_LATENCY_FIRST,70,96,16,Continuous300,-3.5,1000,0.2102833333333333,0.993,0.2088288193198839,0.2117452668160752,0.9856216845342332,0.9966051315990092,0.0034313725490196104,170,137.77333333333334,168,611,1961.9169,2839.8,N/A,18432,1536,19968,181886000,1286000,Stage13,stage13_sliding_window_viterbi/results/stage13_final_comparison.csv,CC-C-R12-S-W96-S16-D70,a3a2d63dad2dfa997c1707510a3a7162dc03d0337e9a92e18e66b16ea2bf42c7
R12_SLIDING_LATENCY_FIRST,R12,Soft Float,Float,Float,N/A,SLIDING_LATENCY_FIRST,70,96,16,Continuous300,-1.5,1000,0.01277,0.3469999999999999,0.0123744094827708,0.0131780681839957,0.318132958753667,0.3770380293429127,0.32009803921568625,170,137.77333333333334,168,611,1950.7677000000017,2637.7,N/A,18432,1536,19968,181886000,1286000,Stage13,stage13_sliding_window_viterbi/results/stage13_final_comparison.csv,CC-C-R12-S-W96-S16-D70,a3a2d63dad2dfa997c1707510a3a7162dc03d0337e9a92e18e66b16ea2bf42c7
R12_SLIDING_LATENCY_FIRST,R12,Soft Float,Float,Float,N/A,SLIDING_LATENCY_FIRST,70,96,16,Continuous300,0.0,10066,0.0003450559639711,0.0198688654877806,0.0003247346044572,0.0003666485344595,0.0173202588029099,0.0227837945202879,0.48045643848638203,170,137.77333333333334,168,611,2152.3137591893646,2851.7,N/A,18432,1536,19968,1830864476,12944876,Stage13,stage13_sliding_window_viterbi/results/stage13_final_comparison.csv,CC-C-R12-S-W96-S16-D70,a3a2d63dad2dfa997c1707510a3a7162dc03d0337e9a92e18e66b16ea2bf42c7
R12_SLIDING_LATENCY_FIRST,R12,Soft Float,Float,Float,N/A,SLIDING_LATENCY_FIRST,70,96,16,Continuous300,3.5,50000,0.0,0.0,0.0,2.5609718912715457e-07,0.0,7.682327414500052e-05,0.4901960784313725,170,137.77333333333334,168,611,2153.2215459999734,2906.3,N/A,18432,1536,19968,9094300000,64300000,Stage13,stage13_sliding_window_viterbi/results/stage13_final_comparison.csv,CC-C-R12-S-W96-S16-D70,a3a2d63dad2dfa997c1707510a3a7162dc03d0337e9a92e18e66b16ea2bf42c7
R12_SLIDING_LATENCY_FIRST,R12,Soft Float,Float,Float,N/A,SLIDING_LATENCY_FIRST,70,96,16,Continuous300,5.5,50000,0.0,0.0,0.0,2.5609718912715457e-07,0.0,7.682327414500052e-05,0.4901960784313725,170,137.77333333333334,168,611,2029.78164599998,2758.7,N/A,18432,1536,19968,9094300000,64300000,Stage13,stage13_sliding_window_viterbi/results/stage13_final_comparison.csv,CC-C-R12-S-W96-S16-D70,a3a2d63dad2dfa997c1707510a3a7162dc03d0337e9a92e18e66b16ea2bf42c7
R12_SLIDING_LATENCY_FIRST,R12,Soft Float,Float,Float,N/A,SLIDING_LATENCY_FIRST,70,96,16,Continuous300,7.5,50000,0.0,0.0,0.0,2.5609718912715457e-07,0.0,7.682327414500052e-05,0.4901960784313725,170,137.77333333333334,168,611,1726.9985679999966,2089.7,N/A,18432,1536,19968,9094300000,64300000,Stage13,stage13_sliding_window_viterbi/results/stage13_final_comparison.csv,CC-C-R12-S-W96-S16-D70,a3a2d63dad2dfa997c1707510a3a7162dc03d0337e9a92e18e66b16ea2bf42c7
R12_SLIDING_LATENCY_FIRST,R12,Soft Float,Float,Float,N/A,SLIDING_LATENCY_FIRST,70,96,16,Continuous300,9.5,50000,0.0,0.0,0.0,2.5609718912715457e-07,0.0,7.682327414500052e-05,0.4901960784313725,170,137.77333333333334,168,611,1669.9495919999886,2062.5,N/A,18432,1536,19968,9094300000,64300000,Stage13,stage13_sliding_window_viterbi/results/stage13_final_comparison.csv,CC-C-R12-S-W96-S16-D70,a3a2d63dad2dfa997c1707510a3a7162dc03d0337e9a92e18e66b16ea2bf42c7
R12_SLIDING_LATENCY_FIRST,R12,Soft Float,Float,Float,N/A,SLIDING_LATENCY_FIRST,70,96,16,Continuous300,10.0,50000,0.0,0.0,0.0,2.5609718912715457e-07,0.0,7.682327414500052e-05,0.4901960784313725,170,137.77333333333334,168,611,1485.482418000002,1881.6,N/A,18432,1536,19968,9094300000,64300000,Stage13,stage13_sliding_window_viterbi/results/stage13_final_comparison.csv,CC-C-R12-S-W96-S16-D70,a3a2d63dad2dfa997c1707510a3a7162dc03d0337e9a92e18e66b16ea2bf42c7
R12_SLIDING_LATENCY_FIRST,R12,Soft Float,Float,Float,N/A,SLIDING_LATENCY_FIRST,70,96,16,Continuous300,-4.0,1000,0.2811233333333333,1.0,0.2795174881331072,0.2827347838331297,0.9961732415144448,1.0,0.0,170,137.77333333333334,168,611,1972.0904000000023,2685.6,N/A,18432,1536,19968,181886000,1286000,Stage13,stage13_sliding_window_viterbi/results/stage13_final_comparison.csv,CC-C-R12-S-W96-S16-D70,a3a2d63dad2dfa997c1707510a3a7162dc03d0337e9a92e18e66b16ea2bf42c7
R12_SLIDING_LATENCY_FIRST,R12,Soft Float,Float,Float,N/A,SLIDING_LATENCY_FIRST,70,96,16,Continuous300,-2.0,1000,0.0343266666666666,0.639,0.0336811003885864,0.034984158558267,0.6087521629678349,0.6681839981731807,0.17696078431372544,170,137.77333333333334,168,611,1895.4635999999985,2553.2,N/A,18432,1536,19968,181886000,1286000,Stage13,stage13_sliding_window_viterbi/results/stage13_final_comparison.csv,CC-C-R12-S-W96-S16-D70,a3a2d63dad2dfa997c1707510a3a7162dc03d0337e9a92e18e66b16ea2bf42c7
R12_SLIDING_LATENCY_FIRST,R12,Soft Float,Float,Float,N/A,SLIDING_LATENCY_FIRST,70,96,16,Continuous300,0.5,39747,7.958671933311528e-05,0.005031826301356,7.468185918141196e-05,8.481368732734928e-05,0.0043824441025831,0.0057768743923233,0.4877294969110999,170,137.77333333333334,168,611,2176.700133343401,2904.7,N/A,18432,1536,19968,7229422842,51114642,Stage13,stage13_sliding_window_viterbi/results/stage13_final_comparison.csv,CC-C-R12-S-W96-S16-D70,a3a2d63dad2dfa997c1707510a3a7162dc03d0337e9a92e18e66b16ea2bf42c7
R12_SLIDING_LATENCY_FIRST,R12,Soft Float,Float,Float,N/A,SLIDING_LATENCY_FIRST,70,96,16,Continuous300,2.0,50000,5.333333333333333e-07,4e-05,2.702532928873656e-07,1.0525102897361208e-06,1.0969511301390302e-05,0.0001458476169816,0.4901764705882352,170,137.77333333333334,168,611,2159.0418200000145,2985.7,N/A,18432,1536,19968,9094300000,64300000,Stage13,stage13_sliding_window_viterbi/results/stage13_final_comparison.csv,CC-C-R12-S-W96-S16-D70,a3a2d63dad2dfa997c1707510a3a7162dc03d0337e9a92e18e66b16ea2bf42c7
R12_SLIDING_LATENCY_FIRST,R12,Soft Float,Float,Float,N/A,SLIDING_LATENCY_FIRST,70,96,16,Continuous300,4.0,50000,0.0,0.0,0.0,2.5609718912715457e-07,0.0,7.682327414500052e-05,0.4901960784313725,170,137.77333333333334,168,611,1860.331351999984,2156.9,N/A,18432,1536,19968,9094300000,64300000,Stage13,stage13_sliding_window_viterbi/results/stage13_final_comparison.csv,CC-C-R12-S-W96-S16-D70,a3a2d63dad2dfa997c1707510a3a7162dc03d0337e9a92e18e66b16ea2bf42c7
R12_SLIDING_LATENCY_FIRST,R12,Soft Float,Float,Float,N/A,SLIDING_LATENCY_FIRST,70,96,16,Continuous300,6.0,50000,0.0,0.0,0.0,2.5609718912715457e-07,0.0,7.682327414500052e-05,0.4901960784313725,170,137.77333333333334,168,611,1691.327809999996,2073.0,N/A,18432,1536,19968,9094300000,64300000,Stage13,stage13_sliding_window_viterbi/results/stage13_final_comparison.csv,CC-C-R12-S-W96-S16-D70,a3a2d63dad2dfa997c1707510a3a7162dc03d0337e9a92e18e66b16ea2bf42c7
R12_SLIDING_LATENCY_FIRST,R12,Soft Float,Float,Float,N/A,SLIDING_LATENCY_FIRST,70,96,16,Continuous300,8.0,50000,0.0,0.0,0.0,2.5609718912715457e-07,0.0,7.682327414500052e-05,0.4901960784313725,170,137.77333333333334,168,611,1480.8471820000022,1872.2,N/A,18432,1536,19968,9094300000,64300000,Stage13,stage13_sliding_window_viterbi/results/stage13_final_comparison.csv,CC-C-R12-S-W96-S16-D70,a3a2d63dad2dfa997c1707510a3a7162dc03d0337e9a92e18e66b16ea2bf42c7
R23_SLIDING_PERFORMANCE_FIRST,R23,Soft Float,Float,Float,N/A,SLIDING_PERFORMANCE_FIRST,98,128,25,Continuous300,-5.0,1000,0.47313,1.0,0.4713437467772282,0.4749169413472837,0.9961732415144448,1.0,0.0,183,137.66666666666666,181,458,1095.3440000000007,1435.7,N/A,24576,1536,26112,143998000,1090000,Stage13,stage13_sliding_window_viterbi/results/stage13_final_comparison.csv,CC-C-R23-S-W128-S25-D98,a3a2d63dad2dfa997c1707510a3a7162dc03d0337e9a92e18e66b16ea2bf42c7
R23_SLIDING_PERFORMANCE_FIRST,R23,Soft Float,Float,Float,N/A,SLIDING_PERFORMANCE_FIRST,98,128,25,Continuous300,-3.0,1000,0.4034466666666666,1.0,0.4016923962880666,0.4052034097179645,0.9961732415144448,1.0,0.0,183,137.66666666666666,181,458,1083.4969999999994,1403.9,N/A,24576,1536,26112,143998000,1090000,Stage13,stage13_sliding_window_viterbi/results/stage13_final_comparison.csv,CC-C-R23-S-W128-S25-D98,a3a2d63dad2dfa997c1707510a3a7162dc03d0337e9a92e18e66b16ea2bf42c7
R23_SLIDING_PERFORMANCE_FIRST,R23,Soft Float,Float,Float,N/A,SLIDING_PERFORMANCE_FIRST,98,128,25,Continuous300,-1.0,1000,0.1517233333333333,0.953,0.1504440376042431,0.1530115482180362,0.9380600619184716,0.9644728948936154,0.030718954248366036,183,137.66666666666666,181,458,1097.4184000000007,1420.9,N/A,24576,1536,26112,143998000,1090000,Stage13,stage13_sliding_window_viterbi/results/stage13_final_comparison.csv,CC-C-R23-S-W128-S25-D98,a3a2d63dad2dfa997c1707510a3a7162dc03d0337e9a92e18e66b16ea2bf42c7
R23_SLIDING_PERFORMANCE_FIRST,R23,Soft Float,Float,Float,N/A,SLIDING_PERFORMANCE_FIRST,98,128,25,Continuous300,1.5,8299,0.0005988673334136,0.0240992890709724,0.0005692395959113,0.0006300361609478,0.0210134567729009,0.0276254894027682,0.637843601914397,183,137.66666666666666,181,458,1157.5340281961642,1516.8,N/A,24576,1536,26112,1195039402,9045910,Stage13,stage13_sliding_window_viterbi/results/stage13_final_comparison.csv,CC-C-R23-S-W128-S25-D98,a3a2d63dad2dfa997c1707510a3a7162dc03d0337e9a92e18e66b16ea2bf42c7
R23_SLIDING_PERFORMANCE_FIRST,R23,Soft Float,Float,Float,N/A,SLIDING_PERFORMANCE_FIRST,98,128,25,Continuous300,3.0,50000,4.533333333333334e-06,0.0002999999999999,3.576316342010711e-06,5.746445191835263e-06,0.0001818199086819,0.0004949572714985,0.6533986928104575,183,137.66666666666666,181,458,1117.3457600000042,1407.3,N/A,24576,1536,26112,7199900000,54500000,Stage13,stage13_sliding_window_viterbi/results/stage13_final_comparison.csv,CC-C-R23-S-W128-S25-D98,a3a2d63dad2dfa997c1707510a3a7162dc03d0337e9a92e18e66b16ea2bf42c7
R23_SLIDING_PERFORMANCE_FIRST,R23,Soft Float,Float,Float,N/A,SLIDING_PERFORMANCE_FIRST,98,128,25,Continuous300,5.0,50000,0.0,0.0,0.0,2.5609718912715457e-07,0.0,7.682327414500052e-05,0.65359477124183,183,137.66666666666666,181,458,1116.753833999992,1439.8,N/A,24576,1536,26112,7199900000,54500000,Stage13,stage13_sliding_window_viterbi/results/stage13_final_comparison.csv,CC-C-R23-S-W128-S25-D98,a3a2d63dad2dfa997c1707510a3a7162dc03d0337e9a92e18e66b16ea2bf42c7
R23_SLIDING_PERFORMANCE_FIRST,R23,Soft Float,Float,Float,N/A,SLIDING_PERFORMANCE_FIRST,98,128,25,Continuous300,7.0,50000,0.0,0.0,0.0,2.5609718912715457e-07,0.0,7.682327414500052e-05,0.65359477124183,183,137.66666666666666,181,458,1120.1552700000093,1429.8,N/A,24576,1536,26112,7199900000,54500000,Stage13,stage13_sliding_window_viterbi/results/stage13_final_comparison.csv,CC-C-R23-S-W128-S25-D98,a3a2d63dad2dfa997c1707510a3a7162dc03d0337e9a92e18e66b16ea2bf42c7
R23_SLIDING_PERFORMANCE_FIRST,R23,Soft Float,Float,Float,N/A,SLIDING_PERFORMANCE_FIRST,98,128,25,Continuous300,9.0,50000,0.0,0.0,0.0,2.5609718912715457e-07,0.0,7.682327414500052e-05,0.65359477124183,183,137.66666666666666,181,458,1074.6711059999982,1377.7,N/A,24576,1536,26112,7199900000,54500000,Stage13,stage13_sliding_window_viterbi/results/stage13_final_comparison.csv,CC-C-R23-S-W128-S25-D98,a3a2d63dad2dfa997c1707510a3a7162dc03d0337e9a92e18e66b16ea2bf42c7
R23_SLIDING_PERFORMANCE_FIRST,R23,Soft Float,Float,Float,N/A,SLIDING_PERFORMANCE_FIRST,98,128,25,Continuous300,-3.5,1000,0.43113,1.0,0.4293587526882338,0.4329030110309751,0.9961732415144448,1.0,0.0,183,137.66666666666666,181,458,1055.8133000000005,1375.7,N/A,24576,1536,26112,143998000,1090000,Stage13,stage13_sliding_window_viterbi/results/stage13_final_comparison.csv,CC-C-R23-S-W128-S25-D98,a3a2d63dad2dfa997c1707510a3a7162dc03d0337e9a92e18e66b16ea2bf42c7
R23_SLIDING_PERFORMANCE_FIRST,R23,Soft Float,Float,Float,N/A,SLIDING_PERFORMANCE_FIRST,98,128,25,Continuous300,-1.5,1000,0.23089,0.994,0.2293855109195111,0.2324013808254626,0.9869718317581478,0.9972473308581236,0.003921568627450983,183,137.66666666666666,181,458,1064.1492999999991,1366.7,N/A,24576,1536,26112,143998000,1090000,Stage13,stage13_sliding_window_viterbi/results/stage13_final_comparison.csv,CC-C-R23-S-W128-S25-D98,a3a2d63dad2dfa997c1707510a3a7162dc03d0337e9a92e18e66b16ea2bf42c7
R23_SLIDING_PERFORMANCE_FIRST,R23,Soft Float,Float,Float,N/A,SLIDING_PERFORMANCE_FIRST,98,128,25,Continuous300,0.0,1000,0.03432,0.51,0.0336744948232589,0.0349774309609904,0.4790374958045459,0.5408859690257428,0.32026143790849665,183,137.66666666666666,181,458,1114.7191999999995,1457.3,N/A,24576,1536,26112,143998000,1090000,Stage13,stage13_sliding_window_viterbi/results/stage13_final_comparison.csv,CC-C-R23-S-W128-S25-D98,a3a2d63dad2dfa997c1707510a3a7162dc03d0337e9a92e18e66b16ea2bf42c7
R23_SLIDING_PERFORMANCE_FIRST,R23,Soft Float,Float,Float,N/A,SLIDING_PERFORMANCE_FIRST,98,128,25,Continuous300,3.5,50000,2.0000000000000002e-07,2e-05,6.801805083585823e-08,5.880790358524208e-07,3.530499822832098e-06,0.0001132897013912,0.6535816993464051,183,137.66666666666666,181,458,1142.7049499999985,1447.3,N/A,24576,1536,26112,7199900000,54500000,Stage13,stage13_sliding_window_viterbi/results/stage13_final_comparison.csv,CC-C-R23-S-W128-S25-D98,a3a2d63dad2dfa997c1707510a3a7162dc03d0337e9a92e18e66b16ea2bf42c7
R23_SLIDING_PERFORMANCE_FIRST,R23,Soft Float,Float,Float,N/A,SLIDING_PERFORMANCE_FIRST,98,128,25,Continuous300,5.5,50000,0.0,0.0,0.0,2.5609718912715457e-07,0.0,7.682327414500052e-05,0.65359477124183,183,137.66666666666666,181,458,1112.425170000002,1432.9,N/A,24576,1536,26112,7199900000,54500000,Stage13,stage13_sliding_window_viterbi/results/stage13_final_comparison.csv,CC-C-R23-S-W128-S25-D98,a3a2d63dad2dfa997c1707510a3a7162dc03d0337e9a92e18e66b16ea2bf42c7
R23_SLIDING_PERFORMANCE_FIRST,R23,Soft Float,Float,Float,N/A,SLIDING_PERFORMANCE_FIRST,98,128,25,Continuous300,7.5,50000,0.0,0.0,0.0,2.5609718912715457e-07,0.0,7.682327414500052e-05,0.65359477124183,183,137.66666666666666,181,458,1109.8597480000012,1428.1,N/A,24576,1536,26112,7199900000,54500000,Stage13,stage13_sliding_window_viterbi/results/stage13_final_comparison.csv,CC-C-R23-S-W128-S25-D98,a3a2d63dad2dfa997c1707510a3a7162dc03d0337e9a92e18e66b16ea2bf42c7
R23_SLIDING_PERFORMANCE_FIRST,R23,Soft Float,Float,Float,N/A,SLIDING_PERFORMANCE_FIRST,98,128,25,Continuous300,9.5,50000,0.0,0.0,0.0,2.5609718912715457e-07,0.0,7.682327414500052e-05,0.65359477124183,183,137.66666666666666,181,458,1079.1580020000033,1384.1,N/A,24576,1536,26112,7199900000,54500000,Stage13,stage13_sliding_window_viterbi/results/stage13_final_comparison.csv,CC-C-R23-S-W128-S25-D98,a3a2d63dad2dfa997c1707510a3a7162dc03d0337e9a92e18e66b16ea2bf42c7
R23_SLIDING_PERFORMANCE_FIRST,R23,Soft Float,Float,Float,N/A,SLIDING_PERFORMANCE_FIRST,98,128,25,Continuous300,10.0,50000,0.0,0.0,0.0,2.5609718912715457e-07,0.0,7.682327414500052e-05,0.65359477124183,183,137.66666666666666,181,458,1068.2034140000028,1379.9,N/A,24576,1536,26112,7199900000,54500000,Stage13,stage13_sliding_window_viterbi/results/stage13_final_comparison.csv,CC-C-R23-S-W128-S25-D98,a3a2d63dad2dfa997c1707510a3a7162dc03d0337e9a92e18e66b16ea2bf42c7
R23_SLIDING_PERFORMANCE_FIRST,R23,Soft Float,Float,Float,N/A,SLIDING_PERFORMANCE_FIRST,98,128,25,Continuous300,-4.0,1000,0.4489533333333333,1.0,0.4471741529555686,0.450733820985478,0.9961732415144448,1.0,0.0,183,137.66666666666666,181,458,1051.699,1377.0,N/A,24576,1536,26112,143998000,1090000,Stage13,stage13_sliding_window_viterbi/results/stage13_final_comparison.csv,CC-C-R23-S-W128-S25-D98,a3a2d63dad2dfa997c1707510a3a7162dc03d0337e9a92e18e66b16ea2bf42c7
R23_SLIDING_PERFORMANCE_FIRST,R23,Soft Float,Float,Float,N/A,SLIDING_PERFORMANCE_FIRST,98,128,25,Continuous300,-2.0,1000,0.30414,1.0,0.3024963068027288,0.3057887090538746,0.9961732415144448,1.0,0.0,183,137.66666666666666,181,458,1027.8103000000006,1340.7,N/A,24576,1536,26112,143998000,1090000,Stage13,stage13_sliding_window_viterbi/results/stage13_final_comparison.csv,CC-C-R23-S-W128-S25-D98,a3a2d63dad2dfa997c1707510a3a7162dc03d0337e9a92e18e66b16ea2bf42c7
R23_SLIDING_PERFORMANCE_FIRST,R23,Soft Float,Float,Float,N/A,SLIDING_PERFORMANCE_FIRST,98,128,25,Continuous300,0.5,1000,0.0117466666666666,0.261,0.0113673219630587,0.0121385152439912,0.2347311842621723,0.289098006293923,0.4830065359477123,183,137.66666666666666,181,458,1090.7907000000016,1370.3,N/A,24576,1536,26112,143998000,1090000,Stage13,stage13_sliding_window_viterbi/results/stage13_final_comparison.csv,CC-C-R23-S-W128-S25-D98,a3a2d63dad2dfa997c1707510a3a7162dc03d0337e9a92e18e66b16ea2bf42c7
R23_SLIDING_PERFORMANCE_FIRST,R23,Soft Float,Float,Float,N/A,SLIDING_PERFORMANCE_FIRST,98,128,25,Continuous300,2.0,32464,0.0001354320683423,0.0061606702809265,0.0001283182495821,0.0001429402127959,0.0053659708747614,0.00707222768343,0.6495681893588715,183,137.66666666666666,181,458,1124.3508655741805,1414.0,N/A,24576,1536,26112,4674751072,35385760,Stage13,stage13_sliding_window_viterbi/results/stage13_final_comparison.csv,CC-C-R23-S-W128-S25-D98,a3a2d63dad2dfa997c1707510a3a7162dc03d0337e9a92e18e66b16ea2bf42c7
R23_SLIDING_PERFORMANCE_FIRST,R23,Soft Float,Float,Float,N/A,SLIDING_PERFORMANCE_FIRST,98,128,25,Continuous300,4.0,50000,0.0,0.0,0.0,2.5609718912715457e-07,0.0,7.682327414500052e-05,0.65359477124183,183,137.66666666666666,181,458,1108.2619520000014,1431.7,N/A,24576,1536,26112,7199900000,54500000,Stage13,stage13_sliding_window_viterbi/results/stage13_final_comparison.csv,CC-C-R23-S-W128-S25-D98,a3a2d63dad2dfa997c1707510a3a7162dc03d0337e9a92e18e66b16ea2bf42c7
R23_SLIDING_PERFORMANCE_FIRST,R23,Soft Float,Float,Float,N/A,SLIDING_PERFORMANCE_FIRST,98,128,25,Continuous300,6.0,50000,0.0,0.0,0.0,2.5609718912715457e-07,0.0,7.682327414500052e-05,0.65359477124183,183,137.66666666666666,181,458,1117.286215999998,1436.8,N/A,24576,1536,26112,7199900000,54500000,Stage13,stage13_sliding_window_viterbi/results/stage13_final_comparison.csv,CC-C-R23-S-W128-S25-D98,a3a2d63dad2dfa997c1707510a3a7162dc03d0337e9a92e18e66b16ea2bf42c7
R23_SLIDING_PERFORMANCE_FIRST,R23,Soft Float,Float,Float,N/A,SLIDING_PERFORMANCE_FIRST,98,128,25,Continuous300,8.0,50000,0.0,0.0,0.0,2.5609718912715457e-07,0.0,7.682327414500052e-05,0.65359477124183,183,137.66666666666666,181,458,1091.4440019999988,1393.4,N/A,24576,1536,26112,7199900000,54500000,Stage13,stage13_sliding_window_viterbi/results/stage13_final_comparison.csv,CC-C-R23-S-W128-S25-D98,a3a2d63dad2dfa997c1707510a3a7162dc03d0337e9a92e18e66b16ea2bf42c7
R23_SLIDING_PERFORMANCE_FIRST,R23,Soft Float,Float,Float,N/A,SLIDING_PERFORMANCE_FIRST,98,128,25,Continuous300,-4.5,1000,0.4637366666666666,1.0,0.4619526601185584,0.4655216018968945,0.9961732415144448,1.0,0.0,183,137.66666666666666,181,458,1092.0174,1404.5,N/A,24576,1536,26112,143998000,1090000,Stage13,stage13_sliding_window_viterbi/results/stage13_final_comparison.csv,CC-C-R23-S-W128-S25-D98,a3a2d63dad2dfa997c1707510a3a7162dc03d0337e9a92e18e66b16ea2bf42c7
R23_SLIDING_PERFORMANCE_FIRST,R23,Soft Float,Float,Float,N/A,SLIDING_PERFORMANCE_FIRST,98,128,25,Continuous300,-2.5,1000,0.3636166666666666,1.0,0.3618970748574736,0.3653397511708617,0.9961732415144448,1.0,0.0,183,137.66666666666666,181,458,1078.1881000000014,1366.1,N/A,24576,1536,26112,143998000,1090000,Stage13,stage13_sliding_window_viterbi/results/stage13_final_comparison.csv,CC-C-R23-S-W128-S25-D98,a3a2d63dad2dfa997c1707510a3a7162dc03d0337e9a92e18e66b16ea2bf42c7
R23_SLIDING_PERFORMANCE_FIRST,R23,Soft Float,Float,Float,N/A,SLIDING_PERFORMANCE_FIRST,98,128,25,Continuous300,-0.5,1000,0.0818833333333333,0.805,0.0809075316942428,0.0828698426883612,0.77929577121571,0.8283699061081015,0.1274509803921568,183,137.66666666666666,181,458,1082.9282999999998,1382.2,N/A,24576,1536,26112,143998000,1090000,Stage13,stage13_sliding_window_viterbi/results/stage13_final_comparison.csv,CC-C-R23-S-W128-S25-D98,a3a2d63dad2dfa997c1707510a3a7162dc03d0337e9a92e18e66b16ea2bf42c7
R23_SLIDING_PERFORMANCE_FIRST,R23,Soft Float,Float,Float,N/A,SLIDING_PERFORMANCE_FIRST,98,128,25,Continuous300,1.0,2149,0.0030339692880409,0.0935318752908329,0.0029026479733975,0.0031712129329684,0.0819359948487754,0.1065783321853249,0.5924628266072987,183,137.66666666666666,181,458,1120.5875290832976,1409.6,N/A,24576,1536,26112,309451702,2342410,Stage13,stage13_sliding_window_viterbi/results/stage13_final_comparison.csv,CC-C-R23-S-W128-S25-D98,a3a2d63dad2dfa997c1707510a3a7162dc03d0337e9a92e18e66b16ea2bf42c7
R23_SLIDING_PERFORMANCE_FIRST,R23,Soft Float,Float,Float,N/A,SLIDING_PERFORMANCE_FIRST,98,128,25,Continuous300,2.5,50000,3.066666666666667e-05,0.00158,2.798939089792e-05,3.360002391724622e-05,0.0012680687046281,0.0019685118079705,0.6525620915032678,183,137.66666666666666,181,458,1138.0867099999937,1448.8,N/A,24576,1536,26112,7199900000,54500000,Stage13,stage13_sliding_window_viterbi/results/stage13_final_comparison.csv,CC-C-R23-S-W128-S25-D98,a3a2d63dad2dfa997c1707510a3a7162dc03d0337e9a92e18e66b16ea2bf42c7
R23_SLIDING_PERFORMANCE_FIRST,R23,Soft Float,Float,Float,N/A,SLIDING_PERFORMANCE_FIRST,98,128,25,Continuous300,4.5,50000,0.0,0.0,0.0,2.5609718912715457e-07,0.0,7.682327414500052e-05,0.65359477124183,183,137.66666666666666,181,458,1104.676971999996,1406.7,N/A,24576,1536,26112,7199900000,54500000,Stage13,stage13_sliding_window_viterbi/results/stage13_final_comparison.csv,CC-C-R23-S-W128-S25-D98,a3a2d63dad2dfa997c1707510a3a7162dc03d0337e9a92e18e66b16ea2bf42c7
R23_SLIDING_PERFORMANCE_FIRST,R23,Soft Float,Float,Float,N/A,SLIDING_PERFORMANCE_FIRST,98,128,25,Continuous300,6.5,50000,0.0,0.0,0.0,2.5609718912715457e-07,0.0,7.682327414500052e-05,0.65359477124183,183,137.66666666666666,181,458,1115.8285659999913,1456.2,N/A,24576,1536,26112,7199900000,54500000,Stage13,stage13_sliding_window_viterbi/results/stage13_final_comparison.csv,CC-C-R23-S-W128-S25-D98,a3a2d63dad2dfa997c1707510a3a7162dc03d0337e9a92e18e66b16ea2bf42c7
R23_SLIDING_PERFORMANCE_FIRST,R23,Soft Float,Float,Float,N/A,SLIDING_PERFORMANCE_FIRST,98,128,25,Continuous300,8.5,50000,0.0,0.0,0.0,2.5609718912715457e-07,0.0,7.682327414500052e-05,0.65359477124183,183,137.66666666666666,181,458,1103.059547999999,1405.7,N/A,24576,1536,26112,7199900000,54500000,Stage13,stage13_sliding_window_viterbi/results/stage13_final_comparison.csv,CC-C-R23-S-W128-S25-D98,a3a2d63dad2dfa997c1707510a3a7162dc03d0337e9a92e18e66b16ea2bf42c7
R23_SLIDING_BALANCED,R23,Soft Float,Float,Float,N/A,SLIDING_BALANCED,98,128,25,Continuous300,-5.0,1000,0.47313,1.0,0.4713437467772282,0.4749169413472837,0.9961732415144448,1.0,0.0,183,137.66666666666666,181,458,1095.3440000000007,1435.7,N/A,24576,1536,26112,143998000,1090000,Stage13,stage13_sliding_window_viterbi/results/stage13_final_comparison.csv,CC-C-R23-S-W128-S25-D98,a3a2d63dad2dfa997c1707510a3a7162dc03d0337e9a92e18e66b16ea2bf42c7
R23_SLIDING_BALANCED,R23,Soft Float,Float,Float,N/A,SLIDING_BALANCED,98,128,25,Continuous300,-3.0,1000,0.4034466666666666,1.0,0.4016923962880666,0.4052034097179645,0.9961732415144448,1.0,0.0,183,137.66666666666666,181,458,1083.4969999999994,1403.9,N/A,24576,1536,26112,143998000,1090000,Stage13,stage13_sliding_window_viterbi/results/stage13_final_comparison.csv,CC-C-R23-S-W128-S25-D98,a3a2d63dad2dfa997c1707510a3a7162dc03d0337e9a92e18e66b16ea2bf42c7
R23_SLIDING_BALANCED,R23,Soft Float,Float,Float,N/A,SLIDING_BALANCED,98,128,25,Continuous300,-1.0,1000,0.1517233333333333,0.953,0.1504440376042431,0.1530115482180362,0.9380600619184716,0.9644728948936154,0.030718954248366036,183,137.66666666666666,181,458,1097.4184000000007,1420.9,N/A,24576,1536,26112,143998000,1090000,Stage13,stage13_sliding_window_viterbi/results/stage13_final_comparison.csv,CC-C-R23-S-W128-S25-D98,a3a2d63dad2dfa997c1707510a3a7162dc03d0337e9a92e18e66b16ea2bf42c7
R23_SLIDING_BALANCED,R23,Soft Float,Float,Float,N/A,SLIDING_BALANCED,98,128,25,Continuous300,1.5,8299,0.0005988673334136,0.0240992890709724,0.0005692395959113,0.0006300361609478,0.0210134567729009,0.0276254894027682,0.637843601914397,183,137.66666666666666,181,458,1157.5340281961642,1516.8,N/A,24576,1536,26112,1195039402,9045910,Stage13,stage13_sliding_window_viterbi/results/stage13_final_comparison.csv,CC-C-R23-S-W128-S25-D98,a3a2d63dad2dfa997c1707510a3a7162dc03d0337e9a92e18e66b16ea2bf42c7
R23_SLIDING_BALANCED,R23,Soft Float,Float,Float,N/A,SLIDING_BALANCED,98,128,25,Continuous300,3.0,50000,4.533333333333334e-06,0.0002999999999999,3.576316342010711e-06,5.746445191835263e-06,0.0001818199086819,0.0004949572714985,0.6533986928104575,183,137.66666666666666,181,458,1117.3457600000042,1407.3,N/A,24576,1536,26112,7199900000,54500000,Stage13,stage13_sliding_window_viterbi/results/stage13_final_comparison.csv,CC-C-R23-S-W128-S25-D98,a3a2d63dad2dfa997c1707510a3a7162dc03d0337e9a92e18e66b16ea2bf42c7
R23_SLIDING_BALANCED,R23,Soft Float,Float,Float,N/A,SLIDING_BALANCED,98,128,25,Continuous300,5.0,50000,0.0,0.0,0.0,2.5609718912715457e-07,0.0,7.682327414500052e-05,0.65359477124183,183,137.66666666666666,181,458,1116.753833999992,1439.8,N/A,24576,1536,26112,7199900000,54500000,Stage13,stage13_sliding_window_viterbi/results/stage13_final_comparison.csv,CC-C-R23-S-W128-S25-D98,a3a2d63dad2dfa997c1707510a3a7162dc03d0337e9a92e18e66b16ea2bf42c7
R23_SLIDING_BALANCED,R23,Soft Float,Float,Float,N/A,SLIDING_BALANCED,98,128,25,Continuous300,7.0,50000,0.0,0.0,0.0,2.5609718912715457e-07,0.0,7.682327414500052e-05,0.65359477124183,183,137.66666666666666,181,458,1120.1552700000093,1429.8,N/A,24576,1536,26112,7199900000,54500000,Stage13,stage13_sliding_window_viterbi/results/stage13_final_comparison.csv,CC-C-R23-S-W128-S25-D98,a3a2d63dad2dfa997c1707510a3a7162dc03d0337e9a92e18e66b16ea2bf42c7
R23_SLIDING_BALANCED,R23,Soft Float,Float,Float,N/A,SLIDING_BALANCED,98,128,25,Continuous300,9.0,50000,0.0,0.0,0.0,2.5609718912715457e-07,0.0,7.682327414500052e-05,0.65359477124183,183,137.66666666666666,181,458,1074.6711059999982,1377.7,N/A,24576,1536,26112,7199900000,54500000,Stage13,stage13_sliding_window_viterbi/results/stage13_final_comparison.csv,CC-C-R23-S-W128-S25-D98,a3a2d63dad2dfa997c1707510a3a7162dc03d0337e9a92e18e66b16ea2bf42c7
R23_SLIDING_BALANCED,R23,Soft Float,Float,Float,N/A,SLIDING_BALANCED,98,128,25,Continuous300,-3.5,1000,0.43113,1.0,0.4293587526882338,0.4329030110309751,0.9961732415144448,1.0,0.0,183,137.66666666666666,181,458,1055.8133000000005,1375.7,N/A,24576,1536,26112,143998000,1090000,Stage13,stage13_sliding_window_viterbi/results/stage13_final_comparison.csv,CC-C-R23-S-W128-S25-D98,a3a2d63dad2dfa997c1707510a3a7162dc03d0337e9a92e18e66b16ea2bf42c7
R23_SLIDING_BALANCED,R23,Soft Float,Float,Float,N/A,SLIDING_BALANCED,98,128,25,Continuous300,-1.5,1000,0.23089,0.994,0.2293855109195111,0.2324013808254626,0.9869718317581478,0.9972473308581236,0.003921568627450983,183,137.66666666666666,181,458,1064.1492999999991,1366.7,N/A,24576,1536,26112,143998000,1090000,Stage13,stage13_sliding_window_viterbi/results/stage13_final_comparison.csv,CC-C-R23-S-W128-S25-D98,a3a2d63dad2dfa997c1707510a3a7162dc03d0337e9a92e18e66b16ea2bf42c7
R23_SLIDING_BALANCED,R23,Soft Float,Float,Float,N/A,SLIDING_BALANCED,98,128,25,Continuous300,0.0,1000,0.03432,0.51,0.0336744948232589,0.0349774309609904,0.4790374958045459,0.5408859690257428,0.32026143790849665,183,137.66666666666666,181,458,1114.7191999999995,1457.3,N/A,24576,1536,26112,143998000,1090000,Stage13,stage13_sliding_window_viterbi/results/stage13_final_comparison.csv,CC-C-R23-S-W128-S25-D98,a3a2d63dad2dfa997c1707510a3a7162dc03d0337e9a92e18e66b16ea2bf42c7
R23_SLIDING_BALANCED,R23,Soft Float,Float,Float,N/A,SLIDING_BALANCED,98,128,25,Continuous300,3.5,50000,2.0000000000000002e-07,2e-05,6.801805083585823e-08,5.880790358524208e-07,3.530499822832098e-06,0.0001132897013912,0.6535816993464051,183,137.66666666666666,181,458,1142.7049499999985,1447.3,N/A,24576,1536,26112,7199900000,54500000,Stage13,stage13_sliding_window_viterbi/results/stage13_final_comparison.csv,CC-C-R23-S-W128-S25-D98,a3a2d63dad2dfa997c1707510a3a7162dc03d0337e9a92e18e66b16ea2bf42c7
R23_SLIDING_BALANCED,R23,Soft Float,Float,Float,N/A,SLIDING_BALANCED,98,128,25,Continuous300,5.5,50000,0.0,0.0,0.0,2.5609718912715457e-07,0.0,7.682327414500052e-05,0.65359477124183,183,137.66666666666666,181,458,1112.425170000002,1432.9,N/A,24576,1536,26112,7199900000,54500000,Stage13,stage13_sliding_window_viterbi/results/stage13_final_comparison.csv,CC-C-R23-S-W128-S25-D98,a3a2d63dad2dfa997c1707510a3a7162dc03d0337e9a92e18e66b16ea2bf42c7
R23_SLIDING_BALANCED,R23,Soft Float,Float,Float,N/A,SLIDING_BALANCED,98,128,25,Continuous300,7.5,50000,0.0,0.0,0.0,2.5609718912715457e-07,0.0,7.682327414500052e-05,0.65359477124183,183,137.66666666666666,181,458,1109.8597480000012,1428.1,N/A,24576,1536,26112,7199900000,54500000,Stage13,stage13_sliding_window_viterbi/results/stage13_final_comparison.csv,CC-C-R23-S-W128-S25-D98,a3a2d63dad2dfa997c1707510a3a7162dc03d0337e9a92e18e66b16ea2bf42c7
R23_SLIDING_BALANCED,R23,Soft Float,Float,Float,N/A,SLIDING_BALANCED,98,128,25,Continuous300,9.5,50000,0.0,0.0,0.0,2.5609718912715457e-07,0.0,7.682327414500052e-05,0.65359477124183,183,137.66666666666666,181,458,1079.1580020000033,1384.1,N/A,24576,1536,26112,7199900000,54500000,Stage13,stage13_sliding_window_viterbi/results/stage13_final_comparison.csv,CC-C-R23-S-W128-S25-D98,a3a2d63dad2dfa997c1707510a3a7162dc03d0337e9a92e18e66b16ea2bf42c7
R23_SLIDING_BALANCED,R23,Soft Float,Float,Float,N/A,SLIDING_BALANCED,98,128,25,Continuous300,10.0,50000,0.0,0.0,0.0,2.5609718912715457e-07,0.0,7.682327414500052e-05,0.65359477124183,183,137.66666666666666,181,458,1068.2034140000028,1379.9,N/A,24576,1536,26112,7199900000,54500000,Stage13,stage13_sliding_window_viterbi/results/stage13_final_comparison.csv,CC-C-R23-S-W128-S25-D98,a3a2d63dad2dfa997c1707510a3a7162dc03d0337e9a92e18e66b16ea2bf42c7
R23_SLIDING_BALANCED,R23,Soft Float,Float,Float,N/A,SLIDING_BALANCED,98,128,25,Continuous300,-4.0,1000,0.4489533333333333,1.0,0.4471741529555686,0.450733820985478,0.9961732415144448,1.0,0.0,183,137.66666666666666,181,458,1051.699,1377.0,N/A,24576,1536,26112,143998000,1090000,Stage13,stage13_sliding_window_viterbi/results/stage13_final_comparison.csv,CC-C-R23-S-W128-S25-D98,a3a2d63dad2dfa997c1707510a3a7162dc03d0337e9a92e18e66b16ea2bf42c7
R23_SLIDING_BALANCED,R23,Soft Float,Float,Float,N/A,SLIDING_BALANCED,98,128,25,Continuous300,-2.0,1000,0.30414,1.0,0.3024963068027288,0.3057887090538746,0.9961732415144448,1.0,0.0,183,137.66666666666666,181,458,1027.8103000000006,1340.7,N/A,24576,1536,26112,143998000,1090000,Stage13,stage13_sliding_window_viterbi/results/stage13_final_comparison.csv,CC-C-R23-S-W128-S25-D98,a3a2d63dad2dfa997c1707510a3a7162dc03d0337e9a92e18e66b16ea2bf42c7
R23_SLIDING_BALANCED,R23,Soft Float,Float,Float,N/A,SLIDING_BALANCED,98,128,25,Continuous300,0.5,1000,0.0117466666666666,0.261,0.0113673219630587,0.0121385152439912,0.2347311842621723,0.289098006293923,0.4830065359477123,183,137.66666666666666,181,458,1090.7907000000016,1370.3,N/A,24576,1536,26112,143998000,1090000,Stage13,stage13_sliding_window_viterbi/results/stage13_final_comparison.csv,CC-C-R23-S-W128-S25-D98,a3a2d63dad2dfa997c1707510a3a7162dc03d0337e9a92e18e66b16ea2bf42c7
R23_SLIDING_BALANCED,R23,Soft Float,Float,Float,N/A,SLIDING_BALANCED,98,128,25,Continuous300,2.0,32464,0.0001354320683423,0.0061606702809265,0.0001283182495821,0.0001429402127959,0.0053659708747614,0.00707222768343,0.6495681893588715,183,137.66666666666666,181,458,1124.3508655741805,1414.0,N/A,24576,1536,26112,4674751072,35385760,Stage13,stage13_sliding_window_viterbi/results/stage13_final_comparison.csv,CC-C-R23-S-W128-S25-D98,a3a2d63dad2dfa997c1707510a3a7162dc03d0337e9a92e18e66b16ea2bf42c7
R23_SLIDING_BALANCED,R23,Soft Float,Float,Float,N/A,SLIDING_BALANCED,98,128,25,Continuous300,4.0,50000,0.0,0.0,0.0,2.5609718912715457e-07,0.0,7.682327414500052e-05,0.65359477124183,183,137.66666666666666,181,458,1108.2619520000014,1431.7,N/A,24576,1536,26112,7199900000,54500000,Stage13,stage13_sliding_window_viterbi/results/stage13_final_comparison.csv,CC-C-R23-S-W128-S25-D98,a3a2d63dad2dfa997c1707510a3a7162dc03d0337e9a92e18e66b16ea2bf42c7
R23_SLIDING_BALANCED,R23,Soft Float,Float,Float,N/A,SLIDING_BALANCED,98,128,25,Continuous300,6.0,50000,0.0,0.0,0.0,2.5609718912715457e-07,0.0,7.682327414500052e-05,0.65359477124183,183,137.66666666666666,181,458,1117.286215999998,1436.8,N/A,24576,1536,26112,7199900000,54500000,Stage13,stage13_sliding_window_viterbi/results/stage13_final_comparison.csv,CC-C-R23-S-W128-S25-D98,a3a2d63dad2dfa997c1707510a3a7162dc03d0337e9a92e18e66b16ea2bf42c7
R23_SLIDING_BALANCED,R23,Soft Float,Float,Float,N/A,SLIDING_BALANCED,98,128,25,Continuous300,8.0,50000,0.0,0.0,0.0,2.5609718912715457e-07,0.0,7.682327414500052e-05,0.65359477124183,183,137.66666666666666,181,458,1091.4440019999988,1393.4,N/A,24576,1536,26112,7199900000,54500000,Stage13,stage13_sliding_window_viterbi/results/stage13_final_comparison.csv,CC-C-R23-S-W128-S25-D98,a3a2d63dad2dfa997c1707510a3a7162dc03d0337e9a92e18e66b16ea2bf42c7
R23_SLIDING_BALANCED,R23,Soft Float,Float,Float,N/A,SLIDING_BALANCED,98,128,25,Continuous300,-4.5,1000,0.4637366666666666,1.0,0.4619526601185584,0.4655216018968945,0.9961732415144448,1.0,0.0,183,137.66666666666666,181,458,1092.0174,1404.5,N/A,24576,1536,26112,143998000,1090000,Stage13,stage13_sliding_window_viterbi/results/stage13_final_comparison.csv,CC-C-R23-S-W128-S25-D98,a3a2d63dad2dfa997c1707510a3a7162dc03d0337e9a92e18e66b16ea2bf42c7
R23_SLIDING_BALANCED,R23,Soft Float,Float,Float,N/A,SLIDING_BALANCED,98,128,25,Continuous300,-2.5,1000,0.3636166666666666,1.0,0.3618970748574736,0.3653397511708617,0.9961732415144448,1.0,0.0,183,137.66666666666666,181,458,1078.1881000000014,1366.1,N/A,24576,1536,26112,143998000,1090000,Stage13,stage13_sliding_window_viterbi/results/stage13_final_comparison.csv,CC-C-R23-S-W128-S25-D98,a3a2d63dad2dfa997c1707510a3a7162dc03d0337e9a92e18e66b16ea2bf42c7
R23_SLIDING_BALANCED,R23,Soft Float,Float,Float,N/A,SLIDING_BALANCED,98,128,25,Continuous300,-0.5,1000,0.0818833333333333,0.805,0.0809075316942428,0.0828698426883612,0.77929577121571,0.8283699061081015,0.1274509803921568,183,137.66666666666666,181,458,1082.9282999999998,1382.2,N/A,24576,1536,26112,143998000,1090000,Stage13,stage13_sliding_window_viterbi/results/stage13_final_comparison.csv,CC-C-R23-S-W128-S25-D98,a3a2d63dad2dfa997c1707510a3a7162dc03d0337e9a92e18e66b16ea2bf42c7
R23_SLIDING_BALANCED,R23,Soft Float,Float,Float,N/A,SLIDING_BALANCED,98,128,25,Continuous300,1.0,2149,0.0030339692880409,0.0935318752908329,0.0029026479733975,0.0031712129329684,0.0819359948487754,0.1065783321853249,0.5924628266072987,183,137.66666666666666,181,458,1120.5875290832976,1409.6,N/A,24576,1536,26112,309451702,2342410,Stage13,stage13_sliding_window_viterbi/results/stage13_final_comparison.csv,CC-C-R23-S-W128-S25-D98,a3a2d63dad2dfa997c1707510a3a7162dc03d0337e9a92e18e66b16ea2bf42c7
R23_SLIDING_BALANCED,R23,Soft Float,Float,Float,N/A,SLIDING_BALANCED,98,128,25,Continuous300,2.5,50000,3.066666666666667e-05,0.00158,2.798939089792e-05,3.360002391724622e-05,0.0012680687046281,0.0019685118079705,0.6525620915032678,183,137.66666666666666,181,458,1138.0867099999937,1448.8,N/A,24576,1536,26112,7199900000,54500000,Stage13,stage13_sliding_window_viterbi/results/stage13_final_comparison.csv,CC-C-R23-S-W128-S25-D98,a3a2d63dad2dfa997c1707510a3a7162dc03d0337e9a92e18e66b16ea2bf42c7
R23_SLIDING_BALANCED,R23,Soft Float,Float,Float,N/A,SLIDING_BALANCED,98,128,25,Continuous300,4.5,50000,0.0,0.0,0.0,2.5609718912715457e-07,0.0,7.682327414500052e-05,0.65359477124183,183,137.66666666666666,181,458,1104.676971999996,1406.7,N/A,24576,1536,26112,7199900000,54500000,Stage13,stage13_sliding_window_viterbi/results/stage13_final_comparison.csv,CC-C-R23-S-W128-S25-D98,a3a2d63dad2dfa997c1707510a3a7162dc03d0337e9a92e18e66b16ea2bf42c7
R23_SLIDING_BALANCED,R23,Soft Float,Float,Float,N/A,SLIDING_BALANCED,98,128,25,Continuous300,6.5,50000,0.0,0.0,0.0,2.5609718912715457e-07,0.0,7.682327414500052e-05,0.65359477124183,183,137.66666666666666,181,458,1115.8285659999913,1456.2,N/A,24576,1536,26112,7199900000,54500000,Stage13,stage13_sliding_window_viterbi/results/stage13_final_comparison.csv,CC-C-R23-S-W128-S25-D98,a3a2d63dad2dfa997c1707510a3a7162dc03d0337e9a92e18e66b16ea2bf42c7
R23_SLIDING_BALANCED,R23,Soft Float,Float,Float,N/A,SLIDING_BALANCED,98,128,25,Continuous300,8.5,50000,0.0,0.0,0.0,2.5609718912715457e-07,0.0,7.682327414500052e-05,0.65359477124183,183,137.66666666666666,181,458,1103.059547999999,1405.7,N/A,24576,1536,26112,7199900000,54500000,Stage13,stage13_sliding_window_viterbi/results/stage13_final_comparison.csv,CC-C-R23-S-W128-S25-D98,a3a2d63dad2dfa997c1707510a3a7162dc03d0337e9a92e18e66b16ea2bf42c7
R23_SLIDING_LATENCY_FIRST,R23,Soft Float,Float,Float,N/A,SLIDING_LATENCY_FIRST,84,128,25,Continuous300,-5.0,1000,0.4737066666666666,1.0,0.4719202962020667,0.4754937104876927,0.9961732415144448,1.0,0.0,162,123.66666666666669,160,458,1112.2836999999993,1447.7,N/A,24576,1536,26112,143998000,978000,Stage13,stage13_sliding_window_viterbi/results/stage13_final_comparison.csv,CC-C-R23-S-W128-S25-D84,a3a2d63dad2dfa997c1707510a3a7162dc03d0337e9a92e18e66b16ea2bf42c7
R23_SLIDING_LATENCY_FIRST,R23,Soft Float,Float,Float,N/A,SLIDING_LATENCY_FIRST,84,128,25,Continuous300,-3.0,1000,0.4040666666666666,1.0,0.4023119531682499,0.4058238369599547,0.9961732415144448,1.0,0.0,162,123.66666666666669,160,458,1099.2813000000008,1420.9,N/A,24576,1536,26112,143998000,978000,Stage13,stage13_sliding_window_viterbi/results/stage13_final_comparison.csv,CC-C-R23-S-W128-S25-D84,a3a2d63dad2dfa997c1707510a3a7162dc03d0337e9a92e18e66b16ea2bf42c7
R23_SLIDING_LATENCY_FIRST,R23,Soft Float,Float,Float,N/A,SLIDING_LATENCY_FIRST,84,128,25,Continuous300,-1.0,1000,0.1515166666666666,0.954,0.1502380919183827,0.1528041658631722,0.9391877960583808,0.965337507236735,0.030065359477124205,162,123.66666666666669,160,458,1104.3770999999992,1419.1,N/A,24576,1536,26112,143998000,978000,Stage13,stage13_sliding_window_viterbi/results/stage13_final_comparison.csv,CC-C-R23-S-W128-S25-D84,a3a2d63dad2dfa997c1707510a3a7162dc03d0337e9a92e18e66b16ea2bf42c7
R23_SLIDING_LATENCY_FIRST,R23,Soft Float,Float,Float,N/A,SLIDING_LATENCY_FIRST,84,128,25,Continuous300,1.5,8299,0.0005988673334136,0.0240992890709724,0.0005692395959113,0.0006300361609478,0.0210134567729009,0.0276254894027682,0.637843601914397,162,123.66666666666669,160,458,1172.2123388360058,1520.8,N/A,24576,1536,26112,1195039402,8116422,Stage13,stage13_sliding_window_viterbi/results/stage13_final_comparison.csv,CC-C-R23-S-W128-S25-D84,a3a2d63dad2dfa997c1707510a3a7162dc03d0337e9a92e18e66b16ea2bf42c7
R23_SLIDING_LATENCY_FIRST,R23,Soft Float,Float,Float,N/A,SLIDING_LATENCY_FIRST,84,128,25,Continuous300,3.0,50000,4.533333333333334e-06,0.0002999999999999,3.576316342010711e-06,5.746445191835263e-06,0.0001818199086819,0.0004949572714985,0.6533986928104575,162,123.66666666666669,160,458,1132.0692799999945,1418.6,N/A,24576,1536,26112,7199900000,48900000,Stage13,stage13_sliding_window_viterbi/results/stage13_final_comparison.csv,CC-C-R23-S-W128-S25-D84,a3a2d63dad2dfa997c1707510a3a7162dc03d0337e9a92e18e66b16ea2bf42c7
R23_SLIDING_LATENCY_FIRST,R23,Soft Float,Float,Float,N/A,SLIDING_LATENCY_FIRST,84,128,25,Continuous300,5.0,50000,0.0,0.0,0.0,2.5609718912715457e-07,0.0,7.682327414500052e-05,0.65359477124183,162,123.66666666666669,160,458,1132.2777360000057,1449.9,N/A,24576,1536,26112,7199900000,48900000,Stage13,stage13_sliding_window_viterbi/results/stage13_final_comparison.csv,CC-C-R23-S-W128-S25-D84,a3a2d63dad2dfa997c1707510a3a7162dc03d0337e9a92e18e66b16ea2bf42c7
R23_SLIDING_LATENCY_FIRST,R23,Soft Float,Float,Float,N/A,SLIDING_LATENCY_FIRST,84,128,25,Continuous300,7.0,50000,0.0,0.0,0.0,2.5609718912715457e-07,0.0,7.682327414500052e-05,0.65359477124183,162,123.66666666666669,160,458,1135.66773800001,1440.1,N/A,24576,1536,26112,7199900000,48900000,Stage13,stage13_sliding_window_viterbi/results/stage13_final_comparison.csv,CC-C-R23-S-W128-S25-D84,a3a2d63dad2dfa997c1707510a3a7162dc03d0337e9a92e18e66b16ea2bf42c7
R23_SLIDING_LATENCY_FIRST,R23,Soft Float,Float,Float,N/A,SLIDING_LATENCY_FIRST,84,128,25,Continuous300,9.0,50000,0.0,0.0,0.0,2.5609718912715457e-07,0.0,7.682327414500052e-05,0.65359477124183,162,123.66666666666669,160,458,1091.536876000008,1386.9,N/A,24576,1536,26112,7199900000,48900000,Stage13,stage13_sliding_window_viterbi/results/stage13_final_comparison.csv,CC-C-R23-S-W128-S25-D84,a3a2d63dad2dfa997c1707510a3a7162dc03d0337e9a92e18e66b16ea2bf42c7
R23_SLIDING_LATENCY_FIRST,R23,Soft Float,Float,Float,N/A,SLIDING_LATENCY_FIRST,84,128,25,Continuous300,-3.5,1000,0.4305933333333333,1.0,0.4288223610107071,0.4323660831188785,0.9961732415144448,1.0,0.0,162,123.66666666666669,160,458,1079.1316999999976,1389.6,N/A,24576,1536,26112,143998000,978000,Stage13,stage13_sliding_window_viterbi/results/stage13_final_comparison.csv,CC-C-R23-S-W128-S25-D84,a3a2d63dad2dfa997c1707510a3a7162dc03d0337e9a92e18e66b16ea2bf42c7
R23_SLIDING_LATENCY_FIRST,R23,Soft Float,Float,Float,N/A,SLIDING_LATENCY_FIRST,84,128,25,Continuous300,-1.5,1000,0.2305633333333333,0.997,0.2290595955498677,0.2320739712275091,0.9912169859464968,0.9989792161188614,0.0019607843137254915,162,123.66666666666669,160,458,1077.0270999999998,1381.9,N/A,24576,1536,26112,143998000,978000,Stage13,stage13_sliding_window_viterbi/results/stage13_final_comparison.csv,CC-C-R23-S-W128-S25-D84,a3a2d63dad2dfa997c1707510a3a7162dc03d0337e9a92e18e66b16ea2bf42c7
R23_SLIDING_LATENCY_FIRST,R23,Soft Float,Float,Float,N/A,SLIDING_LATENCY_FIRST,84,128,25,Continuous300,0.0,1000,0.0346899999999999,0.517,0.0340411136113976,0.0353508026973747,0.4860223599610876,0.5478475302504034,0.31568627450980385,162,123.66666666666669,160,458,1129.4773000000005,1455.7,N/A,24576,1536,26112,143998000,978000,Stage13,stage13_sliding_window_viterbi/results/stage13_final_comparison.csv,CC-C-R23-S-W128-S25-D84,a3a2d63dad2dfa997c1707510a3a7162dc03d0337e9a92e18e66b16ea2bf42c7
R23_SLIDING_LATENCY_FIRST,R23,Soft Float,Float,Float,N/A,SLIDING_LATENCY_FIRST,84,128,25,Continuous300,3.5,50000,2.0000000000000002e-07,2e-05,6.801805083585823e-08,5.880790358524208e-07,3.530499822832098e-06,0.0001132897013912,0.6535816993464051,162,123.66666666666669,160,458,1156.8960059999938,1456.9,N/A,24576,1536,26112,7199900000,48900000,Stage13,stage13_sliding_window_viterbi/results/stage13_final_comparison.csv,CC-C-R23-S-W128-S25-D84,a3a2d63dad2dfa997c1707510a3a7162dc03d0337e9a92e18e66b16ea2bf42c7
R23_SLIDING_LATENCY_FIRST,R23,Soft Float,Float,Float,N/A,SLIDING_LATENCY_FIRST,84,128,25,Continuous300,5.5,50000,0.0,0.0,0.0,2.5609718912715457e-07,0.0,7.682327414500052e-05,0.65359477124183,162,123.66666666666669,160,458,1127.0283300000008,1447.5,N/A,24576,1536,26112,7199900000,48900000,Stage13,stage13_sliding_window_viterbi/results/stage13_final_comparison.csv,CC-C-R23-S-W128-S25-D84,a3a2d63dad2dfa997c1707510a3a7162dc03d0337e9a92e18e66b16ea2bf42c7
R23_SLIDING_LATENCY_FIRST,R23,Soft Float,Float,Float,N/A,SLIDING_LATENCY_FIRST,84,128,25,Continuous300,7.5,50000,0.0,0.0,0.0,2.5609718912715457e-07,0.0,7.682327414500052e-05,0.65359477124183,162,123.66666666666669,160,458,1124.3989879999956,1437.9,N/A,24576,1536,26112,7199900000,48900000,Stage13,stage13_sliding_window_viterbi/results/stage13_final_comparison.csv,CC-C-R23-S-W128-S25-D84,a3a2d63dad2dfa997c1707510a3a7162dc03d0337e9a92e18e66b16ea2bf42c7
R23_SLIDING_LATENCY_FIRST,R23,Soft Float,Float,Float,N/A,SLIDING_LATENCY_FIRST,84,128,25,Continuous300,9.5,50000,0.0,0.0,0.0,2.5609718912715457e-07,0.0,7.682327414500052e-05,0.65359477124183,162,123.66666666666669,160,458,1094.0210759999932,1394.7,N/A,24576,1536,26112,7199900000,48900000,Stage13,stage13_sliding_window_viterbi/results/stage13_final_comparison.csv,CC-C-R23-S-W128-S25-D84,a3a2d63dad2dfa997c1707510a3a7162dc03d0337e9a92e18e66b16ea2bf42c7
R23_SLIDING_LATENCY_FIRST,R23,Soft Float,Float,Float,N/A,SLIDING_LATENCY_FIRST,84,128,25,Continuous300,10.0,50000,0.0,0.0,0.0,2.5609718912715457e-07,0.0,7.682327414500052e-05,0.65359477124183,162,123.66666666666669,160,458,1085.092330000006,1395.1,N/A,24576,1536,26112,7199900000,48900000,Stage13,stage13_sliding_window_viterbi/results/stage13_final_comparison.csv,CC-C-R23-S-W128-S25-D84,a3a2d63dad2dfa997c1707510a3a7162dc03d0337e9a92e18e66b16ea2bf42c7
R23_SLIDING_LATENCY_FIRST,R23,Soft Float,Float,Float,N/A,SLIDING_LATENCY_FIRST,84,128,25,Continuous300,-4.0,1000,0.4493133333333333,1.0,0.4475340166100172,0.4510939481116463,0.9961732415144448,1.0,0.0,162,123.66666666666669,160,458,1060.1485999999993,1377.2,N/A,24576,1536,26112,143998000,978000,Stage13,stage13_sliding_window_viterbi/results/stage13_final_comparison.csv,CC-C-R23-S-W128-S25-D84,a3a2d63dad2dfa997c1707510a3a7162dc03d0337e9a92e18e66b16ea2bf42c7
R23_SLIDING_LATENCY_FIRST,R23,Soft Float,Float,Float,N/A,SLIDING_LATENCY_FIRST,84,128,25,Continuous300,-2.0,1000,0.30392,1.0,0.3022766449999677,0.3055683764907032,0.9961732415144448,1.0,0.0,162,123.66666666666669,160,458,1047.1841000000004,1369.7,N/A,24576,1536,26112,143998000,978000,Stage13,stage13_sliding_window_viterbi/results/stage13_final_comparison.csv,CC-C-R23-S-W128-S25-D84,a3a2d63dad2dfa997c1707510a3a7162dc03d0337e9a92e18e66b16ea2bf42c7
R23_SLIDING_LATENCY_FIRST,R23,Soft Float,Float,Float,N/A,SLIDING_LATENCY_FIRST,84,128,25,Continuous300,0.5,1000,0.0119799999999999,0.265,0.0115968884411102,0.0123756094570803,0.2385832562597563,0.2932153202284545,0.480392156862745,162,123.66666666666669,160,458,1102.5748000000003,1385.2,N/A,24576,1536,26112,143998000,978000,Stage13,stage13_sliding_window_viterbi/results/stage13_final_comparison.csv,CC-C-R23-S-W128-S25-D84,a3a2d63dad2dfa997c1707510a3a7162dc03d0337e9a92e18e66b16ea2bf42c7
R23_SLIDING_LATENCY_FIRST,R23,Soft Float,Float,Float,N/A,SLIDING_LATENCY_FIRST,84,128,25,Continuous300,2.0,32464,0.0001354320683423,0.0061606702809265,0.0001283182495821,0.0001429402127959,0.0053659708747614,0.00707222768343,0.6495681893588715,162,123.66666666666669,160,458,1137.2442397732932,1422.9,N/A,24576,1536,26112,4674751072,31749792,Stage13,stage13_sliding_window_viterbi/results/stage13_final_comparison.csv,CC-C-R23-S-W128-S25-D84,a3a2d63dad2dfa997c1707510a3a7162dc03d0337e9a92e18e66b16ea2bf42c7
R23_SLIDING_LATENCY_FIRST,R23,Soft Float,Float,Float,N/A,SLIDING_LATENCY_FIRST,84,128,25,Continuous300,4.0,50000,0.0,0.0,0.0,2.5609718912715457e-07,0.0,7.682327414500052e-05,0.65359477124183,162,123.66666666666669,160,458,1123.8452880000018,1443.5,N/A,24576,1536,26112,7199900000,48900000,Stage13,stage13_sliding_window_viterbi/results/stage13_final_comparison.csv,CC-C-R23-S-W128-S25-D84,a3a2d63dad2dfa997c1707510a3a7162dc03d0337e9a92e18e66b16ea2bf42c7
R23_SLIDING_LATENCY_FIRST,R23,Soft Float,Float,Float,N/A,SLIDING_LATENCY_FIRST,84,128,25,Continuous300,6.0,50000,0.0,0.0,0.0,2.5609718912715457e-07,0.0,7.682327414500052e-05,0.65359477124183,162,123.66666666666669,160,458,1131.7858820000013,1445.3,N/A,24576,1536,26112,7199900000,48900000,Stage13,stage13_sliding_window_viterbi/results/stage13_final_comparison.csv,CC-C-R23-S-W128-S25-D84,a3a2d63dad2dfa997c1707510a3a7162dc03d0337e9a92e18e66b16ea2bf42c7
R23_SLIDING_LATENCY_FIRST,R23,Soft Float,Float,Float,N/A,SLIDING_LATENCY_FIRST,84,128,25,Continuous300,8.0,50000,0.0,0.0,0.0,2.5609718912715457e-07,0.0,7.682327414500052e-05,0.65359477124183,162,123.66666666666669,160,458,1106.9772059999973,1404.1,N/A,24576,1536,26112,7199900000,48900000,Stage13,stage13_sliding_window_viterbi/results/stage13_final_comparison.csv,CC-C-R23-S-W128-S25-D84,a3a2d63dad2dfa997c1707510a3a7162dc03d0337e9a92e18e66b16ea2bf42c7
R23_SLIDING_LATENCY_FIRST,R23,Soft Float,Float,Float,N/A,SLIDING_LATENCY_FIRST,84,128,25,Continuous300,-4.5,1000,0.4636199999999999,1.0,0.4618360253525647,0.4654049063173179,0.9961732415144448,1.0,0.0,162,123.66666666666669,160,458,1108.0521,1398.2,N/A,24576,1536,26112,143998000,978000,Stage13,stage13_sliding_window_viterbi/results/stage13_final_comparison.csv,CC-C-R23-S-W128-S25-D84,a3a2d63dad2dfa997c1707510a3a7162dc03d0337e9a92e18e66b16ea2bf42c7
R23_SLIDING_LATENCY_FIRST,R23,Soft Float,Float,Float,N/A,SLIDING_LATENCY_FIRST,84,128,25,Continuous300,-2.5,1000,0.3644999999999999,1.0,0.3627795038579478,0.3662239662154196,0.9961732415144448,1.0,0.0,162,123.66666666666669,160,458,1098.2590999999989,1370.5,N/A,24576,1536,26112,143998000,978000,Stage13,stage13_sliding_window_viterbi/results/stage13_final_comparison.csv,CC-C-R23-S-W128-S25-D84,a3a2d63dad2dfa997c1707510a3a7162dc03d0337e9a92e18e66b16ea2bf42c7
R23_SLIDING_LATENCY_FIRST,R23,Soft Float,Float,Float,N/A,SLIDING_LATENCY_FIRST,84,128,25,Continuous300,-0.5,1000,0.0818533333333333,0.807,0.080877695796415,0.082839679354471,0.7813833838441429,0.8302669864457262,0.12614379084967314,162,123.66666666666669,160,458,1096.068699999999,1393.4,N/A,24576,1536,26112,143998000,978000,Stage13,stage13_sliding_window_viterbi/results/stage13_final_comparison.csv,CC-C-R23-S-W128-S25-D84,a3a2d63dad2dfa997c1707510a3a7162dc03d0337e9a92e18e66b16ea2bf42c7
R23_SLIDING_LATENCY_FIRST,R23,Soft Float,Float,Float,N/A,SLIDING_LATENCY_FIRST,84,128,25,Continuous300,1.0,2149,0.0030805025593299,0.0944625407166123,0.0029481587716199,0.0032187681227882,0.0828104967143509,0.1075618398743364,0.5918545485512337,162,123.66666666666669,160,458,1142.2620288506291,1417.5,N/A,24576,1536,26112,309451702,2101722,Stage13,stage13_sliding_window_viterbi/results/stage13_final_comparison.csv,CC-C-R23-S-W128-S25-D84,a3a2d63dad2dfa997c1707510a3a7162dc03d0337e9a92e18e66b16ea2bf42c7
R23_SLIDING_LATENCY_FIRST,R23,Soft Float,Float,Float,N/A,SLIDING_LATENCY_FIRST,84,128,25,Continuous300,2.5,50000,3.066666666666667e-05,0.00158,2.798939089792e-05,3.360002391724622e-05,0.0012680687046281,0.0019685118079705,0.6525620915032678,162,123.66666666666669,160,458,1152.9204120000063,1460.8,N/A,24576,1536,26112,7199900000,48900000,Stage13,stage13_sliding_window_viterbi/results/stage13_final_comparison.csv,CC-C-R23-S-W128-S25-D84,a3a2d63dad2dfa997c1707510a3a7162dc03d0337e9a92e18e66b16ea2bf42c7
R23_SLIDING_LATENCY_FIRST,R23,Soft Float,Float,Float,N/A,SLIDING_LATENCY_FIRST,84,128,25,Continuous300,4.5,50000,0.0,0.0,0.0,2.5609718912715457e-07,0.0,7.682327414500052e-05,0.65359477124183,162,123.66666666666669,160,458,1119.673103999988,1415.2,N/A,24576,1536,26112,7199900000,48900000,Stage13,stage13_sliding_window_viterbi/results/stage13_final_comparison.csv,CC-C-R23-S-W128-S25-D84,a3a2d63dad2dfa997c1707510a3a7162dc03d0337e9a92e18e66b16ea2bf42c7
R23_SLIDING_LATENCY_FIRST,R23,Soft Float,Float,Float,N/A,SLIDING_LATENCY_FIRST,84,128,25,Continuous300,6.5,50000,0.0,0.0,0.0,2.5609718912715457e-07,0.0,7.682327414500052e-05,0.65359477124183,162,123.66666666666669,160,458,1131.6938719999985,1469.2,N/A,24576,1536,26112,7199900000,48900000,Stage13,stage13_sliding_window_viterbi/results/stage13_final_comparison.csv,CC-C-R23-S-W128-S25-D84,a3a2d63dad2dfa997c1707510a3a7162dc03d0337e9a92e18e66b16ea2bf42c7
R23_SLIDING_LATENCY_FIRST,R23,Soft Float,Float,Float,N/A,SLIDING_LATENCY_FIRST,84,128,25,Continuous300,8.5,50000,0.0,0.0,0.0,2.5609718912715457e-07,0.0,7.682327414500052e-05,0.65359477124183,162,123.66666666666669,160,458,1117.9200500000074,1414.1,N/A,24576,1536,26112,7199900000,48900000,Stage13,stage13_sliding_window_viterbi/results/stage13_final_comparison.csv,CC-C-R23-S-W128-S25-D84,a3a2d63dad2dfa997c1707510a3a7162dc03d0337e9a92e18e66b16ea2bf42c7
R34_SLIDING_PERFORMANCE_FIRST,R34,Soft Float,Float,Float,N/A,SLIDING_PERFORMANCE_FIRST,126,160,25,Continuous300,-3.5,1000,0.4664933333333333,1.0,0.464708601575454,0.4682789231767597,0.9961732415144448,1.0,0.0,200,145.5,199,407,1004.3727000000008,1268.2,N/A,30720,1536,32256,142206000,1062000,Stage13,stage13_sliding_window_viterbi/results/stage13_final_comparison.csv,CC-C-R34-S-W160-S25-D126,a3a2d63dad2dfa997c1707510a3a7162dc03d0337e9a92e18e66b16ea2bf42c7
R34_SLIDING_PERFORMANCE_FIRST,R34,Soft Float,Float,Float,N/A,SLIDING_PERFORMANCE_FIRST,126,160,25,Continuous300,-1.5,1000,0.3744566666666666,1.0,0.372726407942097,0.3761901404803689,0.9961732415144448,1.0,0.0,200,145.5,199,407,1016.7298000000004,1301.6,N/A,30720,1536,32256,142206000,1062000,Stage13,stage13_sliding_window_viterbi/results/stage13_final_comparison.csv,CC-C-R34-S-W160-S25-D126,a3a2d63dad2dfa997c1707510a3a7162dc03d0337e9a92e18e66b16ea2bf42c7
R34_SLIDING_PERFORMANCE_FIRST,R34,Soft Float,Float,Float,N/A,SLIDING_PERFORMANCE_FIRST,126,160,25,Continuous300,0.0,1000,0.1610033333333333,0.935,0.1596924958879359,0.1623228522791342,0.9179944906866292,0.948676229430938,0.04779411764705878,200,145.5,199,407,1000.1059000000002,1265.4,N/A,30720,1536,32256,142206000,1062000,Stage13,stage13_sliding_window_viterbi/results/stage13_final_comparison.csv,CC-C-R34-S-W160-S25-D126,a3a2d63dad2dfa997c1707510a3a7162dc03d0337e9a92e18e66b16ea2bf42c7
R34_SLIDING_PERFORMANCE_FIRST,R34,Soft Float,Float,Float,N/A,SLIDING_PERFORMANCE_FIRST,126,160,25,Continuous300,3.5,50000,3.206666666666667e-05,0.0013799999999999,2.9326203222975056e-05,3.506321087511904e-05,0.0010906821531233,0.001745929088785,0.7342794117647059,200,145.5,199,407,1067.723861999998,1364.8,N/A,30720,1536,32256,7110300000,53100000,Stage13,stage13_sliding_window_viterbi/results/stage13_final_comparison.csv,CC-C-R34-S-W160-S25-D126,a3a2d63dad2dfa997c1707510a3a7162dc03d0337e9a92e18e66b16ea2bf42c7
R34_SLIDING_PERFORMANCE_FIRST,R34,Soft Float,Float,Float,N/A,SLIDING_PERFORMANCE_FIRST,126,160,25,Continuous300,5.5,50000,0.0,0.0,0.0,2.5609718912715457e-07,0.0,7.682327414500052e-05,0.7352941176470588,200,145.5,199,407,1094.6636219999984,1397.6,N/A,30720,1536,32256,7110300000,53100000,Stage13,stage13_sliding_window_viterbi/results/stage13_final_comparison.csv,CC-C-R34-S-W160-S25-D126,a3a2d63dad2dfa997c1707510a3a7162dc03d0337e9a92e18e66b16ea2bf42c7
R34_SLIDING_PERFORMANCE_FIRST,R34,Soft Float,Float,Float,N/A,SLIDING_PERFORMANCE_FIRST,126,160,25,Continuous300,7.5,50000,0.0,0.0,0.0,2.5609718912715457e-07,0.0,7.682327414500052e-05,0.7352941176470588,200,145.5,199,407,1102.7983999999967,1413.5,N/A,30720,1536,32256,7110300000,53100000,Stage13,stage13_sliding_window_viterbi/results/stage13_final_comparison.csv,CC-C-R34-S-W160-S25-D126,a3a2d63dad2dfa997c1707510a3a7162dc03d0337e9a92e18e66b16ea2bf42c7
R34_SLIDING_PERFORMANCE_FIRST,R34,Soft Float,Float,Float,N/A,SLIDING_PERFORMANCE_FIRST,126,160,25,Continuous300,9.5,50000,0.0,0.0,0.0,2.5609718912715457e-07,0.0,7.682327414500052e-05,0.7352941176470588,200,145.5,199,407,964.9029560000052,1303.4,N/A,30720,1536,32256,7110300000,53100000,Stage13,stage13_sliding_window_viterbi/results/stage13_final_comparison.csv,CC-C-R34-S-W160-S25-D126,a3a2d63dad2dfa997c1707510a3a7162dc03d0337e9a92e18e66b16ea2bf42c7
R34_SLIDING_PERFORMANCE_FIRST,R34,Soft Float,Float,Float,N/A,SLIDING_PERFORMANCE_FIRST,126,160,25,Continuous300,10.0,50000,0.0,0.0,0.0,2.5609718912715457e-07,0.0,7.682327414500052e-05,0.7352941176470588,200,145.5,199,407,964.5033020000016,1332.6,N/A,30720,1536,32256,7110300000,53100000,Stage13,stage13_sliding_window_viterbi/results/stage13_final_comparison.csv,CC-C-R34-S-W160-S25-D126,a3a2d63dad2dfa997c1707510a3a7162dc03d0337e9a92e18e66b16ea2bf42c7
R34_SLIDING_PERFORMANCE_FIRST,R34,Soft Float,Float,Float,N/A,SLIDING_PERFORMANCE_FIRST,126,160,25,Continuous300,-4.0,1000,0.4752766666666666,1.0,0.4734899891149501,0.4770639773680552,0.9961732415144448,1.0,0.0,200,145.5,199,407,1012.3711999999996,1355.7,N/A,30720,1536,32256,142206000,1062000,Stage13,stage13_sliding_window_viterbi/results/stage13_final_comparison.csv,CC-C-R34-S-W160-S25-D126,a3a2d63dad2dfa997c1707510a3a7162dc03d0337e9a92e18e66b16ea2bf42c7
R34_SLIDING_PERFORMANCE_FIRST,R34,Soft Float,Float,Float,N/A,SLIDING_PERFORMANCE_FIRST,126,160,25,Continuous300,-2.0,1000,0.4106266666666666,1.0,0.4088674425571618,0.4123881795733948,0.9961732415144448,1.0,0.0,200,145.5,199,407,947.3790999999992,1249.9,N/A,30720,1536,32256,142206000,1062000,Stage13,stage13_sliding_window_viterbi/results/stage13_final_comparison.csv,CC-C-R34-S-W160-S25-D126,a3a2d63dad2dfa997c1707510a3a7162dc03d0337e9a92e18e66b16ea2bf42c7
R34_SLIDING_PERFORMANCE_FIRST,R34,Soft Float,Float,Float,N/A,SLIDING_PERFORMANCE_FIRST,126,160,25,Continuous300,0.5,1000,0.08529,0.754,0.0842958130331198,0.0862948074401366,0.7263681599761741,0.7796878467131639,0.18088235294117647,200,145.5,199,407,1077.5127000000002,1343.5,N/A,30720,1536,32256,142206000,1062000,Stage13,stage13_sliding_window_viterbi/results/stage13_final_comparison.csv,CC-C-R34-S-W160-S25-D126,a3a2d63dad2dfa997c1707510a3a7162dc03d0337e9a92e18e66b16ea2bf42c7
R34_SLIDING_PERFORMANCE_FIRST,R34,Soft Float,Float,Float,N/A,SLIDING_PERFORMANCE_FIRST,126,160,25,Continuous300,2.0,2793,0.0027783745076978,0.0716075904045828,0.0026679262675615,0.0028933818781413,0.0626222549916256,0.0817697188712676,0.6826414776436891,200,145.5,199,407,1096.3638023630513,1377.1,N/A,30720,1536,32256,397181358,2966166,Stage13,stage13_sliding_window_viterbi/results/stage13_final_comparison.csv,CC-C-R34-S-W160-S25-D126,a3a2d63dad2dfa997c1707510a3a7162dc03d0337e9a92e18e66b16ea2bf42c7
R34_SLIDING_PERFORMANCE_FIRST,R34,Soft Float,Float,Float,N/A,SLIDING_PERFORMANCE_FIRST,126,160,25,Continuous300,4.0,50000,7.333333333333333e-06,0.0002799999999999,6.084997747264716e-06,8.837762352436997e-06,0.0001668041917435,0.0004699760613678,0.7350882352941176,200,145.5,199,407,1085.5131220000053,1383.2,N/A,30720,1536,32256,7110300000,53100000,Stage13,stage13_sliding_window_viterbi/results/stage13_final_comparison.csv,CC-C-R34-S-W160-S25-D126,a3a2d63dad2dfa997c1707510a3a7162dc03d0337e9a92e18e66b16ea2bf42c7
R34_SLIDING_PERFORMANCE_FIRST,R34,Soft Float,Float,Float,N/A,SLIDING_PERFORMANCE_FIRST,126,160,25,Continuous300,6.0,50000,0.0,0.0,0.0,2.5609718912715457e-07,0.0,7.682327414500052e-05,0.7352941176470588,200,145.5,199,407,1104.5275460000053,1408.3,N/A,30720,1536,32256,7110300000,53100000,Stage13,stage13_sliding_window_viterbi/results/stage13_final_comparison.csv,CC-C-R34-S-W160-S25-D126,a3a2d63dad2dfa997c1707510a3a7162dc03d0337e9a92e18e66b16ea2bf42c7
R34_SLIDING_PERFORMANCE_FIRST,R34,Soft Float,Float,Float,N/A,SLIDING_PERFORMANCE_FIRST,126,160,25,Continuous300,8.0,50000,0.0,0.0,0.0,2.5609718912715457e-07,0.0,7.682327414500052e-05,0.7352941176470588,200,145.5,199,407,1041.4061919999929,1364.0,N/A,30720,1536,32256,7110300000,53100000,Stage13,stage13_sliding_window_viterbi/results/stage13_final_comparison.csv,CC-C-R34-S-W160-S25-D126,a3a2d63dad2dfa997c1707510a3a7162dc03d0337e9a92e18e66b16ea2bf42c7
R34_SLIDING_PERFORMANCE_FIRST,R34,Soft Float,Float,Float,N/A,SLIDING_PERFORMANCE_FIRST,126,160,25,Continuous300,-4.5,1000,0.4796433333333333,1.0,0.47785589475438,0.4814312932342559,0.9961732415144448,1.0,0.0,200,145.5,199,407,937.6547999999998,1243.4,N/A,30720,1536,32256,142206000,1062000,Stage13,stage13_sliding_window_viterbi/results/stage13_final_comparison.csv,CC-C-R34-S-W160-S25-D126,a3a2d63dad2dfa997c1707510a3a7162dc03d0337e9a92e18e66b16ea2bf42c7
R34_SLIDING_PERFORMANCE_FIRST,R34,Soft Float,Float,Float,N/A,SLIDING_PERFORMANCE_FIRST,126,160,25,Continuous300,-2.5,1000,0.43686,1.0,0.4350859486712094,0.4386356683061517,0.9961732415144448,1.0,0.0,200,145.5,199,407,986.9112,1247.7,N/A,30720,1536,32256,142206000,1062000,Stage13,stage13_sliding_window_viterbi/results/stage13_final_comparison.csv,CC-C-R34-S-W160-S25-D126,a3a2d63dad2dfa997c1707510a3a7162dc03d0337e9a92e18e66b16ea2bf42c7
R34_SLIDING_PERFORMANCE_FIRST,R34,Soft Float,Float,Float,N/A,SLIDING_PERFORMANCE_FIRST,126,160,25,Continuous300,-0.5,1000,0.2481766666666666,0.989,0.2466341954776971,0.2497255868994909,0.9804106042992136,0.9938468259019134,0.008088235294117653,200,145.5,199,407,985.051400000001,1274.0,N/A,30720,1536,32256,142206000,1062000,Stage13,stage13_sliding_window_viterbi/results/stage13_final_comparison.csv,CC-C-R34-S-W160-S25-D126,a3a2d63dad2dfa997c1707510a3a7162dc03d0337e9a92e18e66b16ea2bf42c7
R34_SLIDING_PERFORMANCE_FIRST,R34,Soft Float,Float,Float,N/A,SLIDING_PERFORMANCE_FIRST,126,160,25,Continuous300,1.0,1000,0.0344666666666666,0.466,0.0338198187792224,0.0351254365823153,0.435271029809732,0.4969891897672857,0.3926470588235294,200,145.5,199,407,1009.0477999999996,1289.6,N/A,30720,1536,32256,142206000,1062000,Stage13,stage13_sliding_window_viterbi/results/stage13_final_comparison.csv,CC-C-R34-S-W160-S25-D126,a3a2d63dad2dfa997c1707510a3a7162dc03d0337e9a92e18e66b16ea2bf42c7
R34_SLIDING_PERFORMANCE_FIRST,R34,Soft Float,Float,Float,N/A,SLIDING_PERFORMANCE_FIRST,126,160,25,Continuous300,2.5,9238,0.0006379447210795,0.0216497077289456,0.0006089018289139,0.0006683719504849,0.0188747167998159,0.0248223603054459,0.719375214905187,200,145.5,199,407,1065.4026737389026,1334.6,N/A,30720,1536,32256,1313699028,9810756,Stage13,stage13_sliding_window_viterbi/results/stage13_final_comparison.csv,CC-C-R34-S-W160-S25-D126,a3a2d63dad2dfa997c1707510a3a7162dc03d0337e9a92e18e66b16ea2bf42c7
R34_SLIDING_PERFORMANCE_FIRST,R34,Soft Float,Float,Float,N/A,SLIDING_PERFORMANCE_FIRST,126,160,25,Continuous300,4.5,50000,1.3333333333333334e-06,6e-05,8.631685652831271e-07,2.059594607584856e-06,2.0405619612978105e-05,0.0001764084357391,0.73525,200,145.5,199,407,1072.927807999984,1367.8,N/A,30720,1536,32256,7110300000,53100000,Stage13,stage13_sliding_window_viterbi/results/stage13_final_comparison.csv,CC-C-R34-S-W160-S25-D126,a3a2d63dad2dfa997c1707510a3a7162dc03d0337e9a92e18e66b16ea2bf42c7
R34_SLIDING_PERFORMANCE_FIRST,R34,Soft Float,Float,Float,N/A,SLIDING_PERFORMANCE_FIRST,126,160,25,Continuous300,6.5,50000,0.0,0.0,0.0,2.5609718912715457e-07,0.0,7.682327414500052e-05,0.7352941176470588,200,145.5,199,407,1097.7081899999948,1400.9,N/A,30720,1536,32256,7110300000,53100000,Stage13,stage13_sliding_window_viterbi/results/stage13_final_comparison.csv,CC-C-R34-S-W160-S25-D126,a3a2d63dad2dfa997c1707510a3a7162dc03d0337e9a92e18e66b16ea2bf42c7
R34_SLIDING_PERFORMANCE_FIRST,R34,Soft Float,Float,Float,N/A,SLIDING_PERFORMANCE_FIRST,126,160,25,Continuous300,8.5,50000,0.0,0.0,0.0,2.5609718912715457e-07,0.0,7.682327414500052e-05,0.7352941176470588,200,145.5,199,407,1098.7276680000052,1405.4,N/A,30720,1536,32256,7110300000,53100000,Stage13,stage13_sliding_window_viterbi/results/stage13_final_comparison.csv,CC-C-R34-S-W160-S25-D126,a3a2d63dad2dfa997c1707510a3a7162dc03d0337e9a92e18e66b16ea2bf42c7
R34_SLIDING_PERFORMANCE_FIRST,R34,Soft Float,Float,Float,N/A,SLIDING_PERFORMANCE_FIRST,126,160,25,Continuous300,-5.0,1000,0.4828799999999999,1.0,0.4810920856208016,0.4846683528120842,0.9961732415144448,1.0,0.0,200,145.5,199,407,982.2901999999988,1291.7,N/A,30720,1536,32256,142206000,1062000,Stage13,stage13_sliding_window_viterbi/results/stage13_final_comparison.csv,CC-C-R34-S-W160-S25-D126,a3a2d63dad2dfa997c1707510a3a7162dc03d0337e9a92e18e66b16ea2bf42c7
R34_SLIDING_PERFORMANCE_FIRST,R34,Soft Float,Float,Float,N/A,SLIDING_PERFORMANCE_FIRST,126,160,25,Continuous300,-3.0,1000,0.4551366666666666,1.0,0.4533552751444732,0.4569192071117986,0.9961732415144448,1.0,0.0,200,145.5,199,407,928.4025000000008,1242.1,N/A,30720,1536,32256,142206000,1062000,Stage13,stage13_sliding_window_viterbi/results/stage13_final_comparison.csv,CC-C-R34-S-W160-S25-D126,a3a2d63dad2dfa997c1707510a3a7162dc03d0337e9a92e18e66b16ea2bf42c7
R34_SLIDING_PERFORMANCE_FIRST,R34,Soft Float,Float,Float,N/A,SLIDING_PERFORMANCE_FIRST,126,160,25,Continuous300,-1.0,1000,0.3190766666666666,1.0,0.3174110383059121,0.32074692836499,0.9961732415144448,1.0,0.0,200,145.5,199,407,971.1996000000016,1260.3,N/A,30720,1536,32256,142206000,1062000,Stage13,stage13_sliding_window_viterbi/results/stage13_final_comparison.csv,CC-C-R34-S-W160-S25-D126,a3a2d63dad2dfa997c1707510a3a7162dc03d0337e9a92e18e66b16ea2bf42c7
R34_SLIDING_PERFORMANCE_FIRST,R34,Soft Float,Float,Float,N/A,SLIDING_PERFORMANCE_FIRST,126,160,25,Continuous300,1.5,1000,0.0108533333333333,0.2079999999999999,0.0104887806274276,0.0112304127906842,0.1839846957823808,0.2342501311731833,0.5823529411764705,200,145.5,199,407,1087.5344999999993,1433.3,N/A,30720,1536,32256,142206000,1062000,Stage13,stage13_sliding_window_viterbi/results/stage13_final_comparison.csv,CC-C-R34-S-W160-S25-D126,a3a2d63dad2dfa997c1707510a3a7162dc03d0337e9a92e18e66b16ea2bf42c7
R34_SLIDING_PERFORMANCE_FIRST,R34,Soft Float,Float,Float,N/A,SLIDING_PERFORMANCE_FIRST,126,160,25,Continuous300,3.0,34843,0.0001414918348018,0.0057400338661998,0.0001344627073388,0.0001488883598615,0.0049994677099633,0.0065895728433367,0.7310735045101472,200,145.5,199,407,1064.6773383462953,1359.1,N/A,30720,1536,32256,4954883658,37003266,Stage13,stage13_sliding_window_viterbi/results/stage13_final_comparison.csv,CC-C-R34-S-W160-S25-D126,a3a2d63dad2dfa997c1707510a3a7162dc03d0337e9a92e18e66b16ea2bf42c7
R34_SLIDING_PERFORMANCE_FIRST,R34,Soft Float,Float,Float,N/A,SLIDING_PERFORMANCE_FIRST,126,160,25,Continuous300,5.0,50000,0.0,0.0,0.0,2.5609718912715457e-07,0.0,7.682327414500052e-05,0.7352941176470588,200,145.5,199,407,1078.362996000001,1370.6,N/A,30720,1536,32256,7110300000,53100000,Stage13,stage13_sliding_window_viterbi/results/stage13_final_comparison.csv,CC-C-R34-S-W160-S25-D126,a3a2d63dad2dfa997c1707510a3a7162dc03d0337e9a92e18e66b16ea2bf42c7
R34_SLIDING_PERFORMANCE_FIRST,R34,Soft Float,Float,Float,N/A,SLIDING_PERFORMANCE_FIRST,126,160,25,Continuous300,7.0,50000,0.0,0.0,0.0,2.5609718912715457e-07,0.0,7.682327414500052e-05,0.7352941176470588,200,145.5,199,407,1097.587226000006,1396.2,N/A,30720,1536,32256,7110300000,53100000,Stage13,stage13_sliding_window_viterbi/results/stage13_final_comparison.csv,CC-C-R34-S-W160-S25-D126,a3a2d63dad2dfa997c1707510a3a7162dc03d0337e9a92e18e66b16ea2bf42c7
R34_SLIDING_PERFORMANCE_FIRST,R34,Soft Float,Float,Float,N/A,SLIDING_PERFORMANCE_FIRST,126,160,25,Continuous300,9.0,50000,0.0,0.0,0.0,2.5609718912715457e-07,0.0,7.682327414500052e-05,0.7352941176470588,200,145.5,199,407,1074.7782539999855,1386.5,N/A,30720,1536,32256,7110300000,53100000,Stage13,stage13_sliding_window_viterbi/results/stage13_final_comparison.csv,CC-C-R34-S-W160-S25-D126,a3a2d63dad2dfa997c1707510a3a7162dc03d0337e9a92e18e66b16ea2bf42c7
R34_SLIDING_BALANCED,R34,Soft Float,Float,Float,N/A,SLIDING_BALANCED,126,160,25,Continuous300,-3.5,1000,0.4664933333333333,1.0,0.464708601575454,0.4682789231767597,0.9961732415144448,1.0,0.0,200,145.5,199,407,1004.3727000000008,1268.2,N/A,30720,1536,32256,142206000,1062000,Stage13,stage13_sliding_window_viterbi/results/stage13_final_comparison.csv,CC-C-R34-S-W160-S25-D126,a3a2d63dad2dfa997c1707510a3a7162dc03d0337e9a92e18e66b16ea2bf42c7
R34_SLIDING_BALANCED,R34,Soft Float,Float,Float,N/A,SLIDING_BALANCED,126,160,25,Continuous300,-1.5,1000,0.3744566666666666,1.0,0.372726407942097,0.3761901404803689,0.9961732415144448,1.0,0.0,200,145.5,199,407,1016.7298000000004,1301.6,N/A,30720,1536,32256,142206000,1062000,Stage13,stage13_sliding_window_viterbi/results/stage13_final_comparison.csv,CC-C-R34-S-W160-S25-D126,a3a2d63dad2dfa997c1707510a3a7162dc03d0337e9a92e18e66b16ea2bf42c7
R34_SLIDING_BALANCED,R34,Soft Float,Float,Float,N/A,SLIDING_BALANCED,126,160,25,Continuous300,0.0,1000,0.1610033333333333,0.935,0.1596924958879359,0.1623228522791342,0.9179944906866292,0.948676229430938,0.04779411764705878,200,145.5,199,407,1000.1059000000002,1265.4,N/A,30720,1536,32256,142206000,1062000,Stage13,stage13_sliding_window_viterbi/results/stage13_final_comparison.csv,CC-C-R34-S-W160-S25-D126,a3a2d63dad2dfa997c1707510a3a7162dc03d0337e9a92e18e66b16ea2bf42c7
R34_SLIDING_BALANCED,R34,Soft Float,Float,Float,N/A,SLIDING_BALANCED,126,160,25,Continuous300,3.5,50000,3.206666666666667e-05,0.0013799999999999,2.9326203222975056e-05,3.506321087511904e-05,0.0010906821531233,0.001745929088785,0.7342794117647059,200,145.5,199,407,1067.723861999998,1364.8,N/A,30720,1536,32256,7110300000,53100000,Stage13,stage13_sliding_window_viterbi/results/stage13_final_comparison.csv,CC-C-R34-S-W160-S25-D126,a3a2d63dad2dfa997c1707510a3a7162dc03d0337e9a92e18e66b16ea2bf42c7
R34_SLIDING_BALANCED,R34,Soft Float,Float,Float,N/A,SLIDING_BALANCED,126,160,25,Continuous300,5.5,50000,0.0,0.0,0.0,2.5609718912715457e-07,0.0,7.682327414500052e-05,0.7352941176470588,200,145.5,199,407,1094.6636219999984,1397.6,N/A,30720,1536,32256,7110300000,53100000,Stage13,stage13_sliding_window_viterbi/results/stage13_final_comparison.csv,CC-C-R34-S-W160-S25-D126,a3a2d63dad2dfa997c1707510a3a7162dc03d0337e9a92e18e66b16ea2bf42c7
R34_SLIDING_BALANCED,R34,Soft Float,Float,Float,N/A,SLIDING_BALANCED,126,160,25,Continuous300,7.5,50000,0.0,0.0,0.0,2.5609718912715457e-07,0.0,7.682327414500052e-05,0.7352941176470588,200,145.5,199,407,1102.7983999999967,1413.5,N/A,30720,1536,32256,7110300000,53100000,Stage13,stage13_sliding_window_viterbi/results/stage13_final_comparison.csv,CC-C-R34-S-W160-S25-D126,a3a2d63dad2dfa997c1707510a3a7162dc03d0337e9a92e18e66b16ea2bf42c7
R34_SLIDING_BALANCED,R34,Soft Float,Float,Float,N/A,SLIDING_BALANCED,126,160,25,Continuous300,9.5,50000,0.0,0.0,0.0,2.5609718912715457e-07,0.0,7.682327414500052e-05,0.7352941176470588,200,145.5,199,407,964.9029560000052,1303.4,N/A,30720,1536,32256,7110300000,53100000,Stage13,stage13_sliding_window_viterbi/results/stage13_final_comparison.csv,CC-C-R34-S-W160-S25-D126,a3a2d63dad2dfa997c1707510a3a7162dc03d0337e9a92e18e66b16ea2bf42c7
R34_SLIDING_BALANCED,R34,Soft Float,Float,Float,N/A,SLIDING_BALANCED,126,160,25,Continuous300,10.0,50000,0.0,0.0,0.0,2.5609718912715457e-07,0.0,7.682327414500052e-05,0.7352941176470588,200,145.5,199,407,964.5033020000016,1332.6,N/A,30720,1536,32256,7110300000,53100000,Stage13,stage13_sliding_window_viterbi/results/stage13_final_comparison.csv,CC-C-R34-S-W160-S25-D126,a3a2d63dad2dfa997c1707510a3a7162dc03d0337e9a92e18e66b16ea2bf42c7
R34_SLIDING_BALANCED,R34,Soft Float,Float,Float,N/A,SLIDING_BALANCED,126,160,25,Continuous300,-4.0,1000,0.4752766666666666,1.0,0.4734899891149501,0.4770639773680552,0.9961732415144448,1.0,0.0,200,145.5,199,407,1012.3711999999996,1355.7,N/A,30720,1536,32256,142206000,1062000,Stage13,stage13_sliding_window_viterbi/results/stage13_final_comparison.csv,CC-C-R34-S-W160-S25-D126,a3a2d63dad2dfa997c1707510a3a7162dc03d0337e9a92e18e66b16ea2bf42c7
R34_SLIDING_BALANCED,R34,Soft Float,Float,Float,N/A,SLIDING_BALANCED,126,160,25,Continuous300,-2.0,1000,0.4106266666666666,1.0,0.4088674425571618,0.4123881795733948,0.9961732415144448,1.0,0.0,200,145.5,199,407,947.3790999999992,1249.9,N/A,30720,1536,32256,142206000,1062000,Stage13,stage13_sliding_window_viterbi/results/stage13_final_comparison.csv,CC-C-R34-S-W160-S25-D126,a3a2d63dad2dfa997c1707510a3a7162dc03d0337e9a92e18e66b16ea2bf42c7
R34_SLIDING_BALANCED,R34,Soft Float,Float,Float,N/A,SLIDING_BALANCED,126,160,25,Continuous300,0.5,1000,0.08529,0.754,0.0842958130331198,0.0862948074401366,0.7263681599761741,0.7796878467131639,0.18088235294117647,200,145.5,199,407,1077.5127000000002,1343.5,N/A,30720,1536,32256,142206000,1062000,Stage13,stage13_sliding_window_viterbi/results/stage13_final_comparison.csv,CC-C-R34-S-W160-S25-D126,a3a2d63dad2dfa997c1707510a3a7162dc03d0337e9a92e18e66b16ea2bf42c7
R34_SLIDING_BALANCED,R34,Soft Float,Float,Float,N/A,SLIDING_BALANCED,126,160,25,Continuous300,2.0,2793,0.0027783745076978,0.0716075904045828,0.0026679262675615,0.0028933818781413,0.0626222549916256,0.0817697188712676,0.6826414776436891,200,145.5,199,407,1096.3638023630513,1377.1,N/A,30720,1536,32256,397181358,2966166,Stage13,stage13_sliding_window_viterbi/results/stage13_final_comparison.csv,CC-C-R34-S-W160-S25-D126,a3a2d63dad2dfa997c1707510a3a7162dc03d0337e9a92e18e66b16ea2bf42c7
R34_SLIDING_BALANCED,R34,Soft Float,Float,Float,N/A,SLIDING_BALANCED,126,160,25,Continuous300,4.0,50000,7.333333333333333e-06,0.0002799999999999,6.084997747264716e-06,8.837762352436997e-06,0.0001668041917435,0.0004699760613678,0.7350882352941176,200,145.5,199,407,1085.5131220000053,1383.2,N/A,30720,1536,32256,7110300000,53100000,Stage13,stage13_sliding_window_viterbi/results/stage13_final_comparison.csv,CC-C-R34-S-W160-S25-D126,a3a2d63dad2dfa997c1707510a3a7162dc03d0337e9a92e18e66b16ea2bf42c7
R34_SLIDING_BALANCED,R34,Soft Float,Float,Float,N/A,SLIDING_BALANCED,126,160,25,Continuous300,6.0,50000,0.0,0.0,0.0,2.5609718912715457e-07,0.0,7.682327414500052e-05,0.7352941176470588,200,145.5,199,407,1104.5275460000053,1408.3,N/A,30720,1536,32256,7110300000,53100000,Stage13,stage13_sliding_window_viterbi/results/stage13_final_comparison.csv,CC-C-R34-S-W160-S25-D126,a3a2d63dad2dfa997c1707510a3a7162dc03d0337e9a92e18e66b16ea2bf42c7
R34_SLIDING_BALANCED,R34,Soft Float,Float,Float,N/A,SLIDING_BALANCED,126,160,25,Continuous300,8.0,50000,0.0,0.0,0.0,2.5609718912715457e-07,0.0,7.682327414500052e-05,0.7352941176470588,200,145.5,199,407,1041.4061919999929,1364.0,N/A,30720,1536,32256,7110300000,53100000,Stage13,stage13_sliding_window_viterbi/results/stage13_final_comparison.csv,CC-C-R34-S-W160-S25-D126,a3a2d63dad2dfa997c1707510a3a7162dc03d0337e9a92e18e66b16ea2bf42c7
R34_SLIDING_BALANCED,R34,Soft Float,Float,Float,N/A,SLIDING_BALANCED,126,160,25,Continuous300,-4.5,1000,0.4796433333333333,1.0,0.47785589475438,0.4814312932342559,0.9961732415144448,1.0,0.0,200,145.5,199,407,937.6547999999998,1243.4,N/A,30720,1536,32256,142206000,1062000,Stage13,stage13_sliding_window_viterbi/results/stage13_final_comparison.csv,CC-C-R34-S-W160-S25-D126,a3a2d63dad2dfa997c1707510a3a7162dc03d0337e9a92e18e66b16ea2bf42c7
R34_SLIDING_BALANCED,R34,Soft Float,Float,Float,N/A,SLIDING_BALANCED,126,160,25,Continuous300,-2.5,1000,0.43686,1.0,0.4350859486712094,0.4386356683061517,0.9961732415144448,1.0,0.0,200,145.5,199,407,986.9112,1247.7,N/A,30720,1536,32256,142206000,1062000,Stage13,stage13_sliding_window_viterbi/results/stage13_final_comparison.csv,CC-C-R34-S-W160-S25-D126,a3a2d63dad2dfa997c1707510a3a7162dc03d0337e9a92e18e66b16ea2bf42c7
R34_SLIDING_BALANCED,R34,Soft Float,Float,Float,N/A,SLIDING_BALANCED,126,160,25,Continuous300,-0.5,1000,0.2481766666666666,0.989,0.2466341954776971,0.2497255868994909,0.9804106042992136,0.9938468259019134,0.008088235294117653,200,145.5,199,407,985.051400000001,1274.0,N/A,30720,1536,32256,142206000,1062000,Stage13,stage13_sliding_window_viterbi/results/stage13_final_comparison.csv,CC-C-R34-S-W160-S25-D126,a3a2d63dad2dfa997c1707510a3a7162dc03d0337e9a92e18e66b16ea2bf42c7
R34_SLIDING_BALANCED,R34,Soft Float,Float,Float,N/A,SLIDING_BALANCED,126,160,25,Continuous300,1.0,1000,0.0344666666666666,0.466,0.0338198187792224,0.0351254365823153,0.435271029809732,0.4969891897672857,0.3926470588235294,200,145.5,199,407,1009.0477999999996,1289.6,N/A,30720,1536,32256,142206000,1062000,Stage13,stage13_sliding_window_viterbi/results/stage13_final_comparison.csv,CC-C-R34-S-W160-S25-D126,a3a2d63dad2dfa997c1707510a3a7162dc03d0337e9a92e18e66b16ea2bf42c7
R34_SLIDING_BALANCED,R34,Soft Float,Float,Float,N/A,SLIDING_BALANCED,126,160,25,Continuous300,2.5,9238,0.0006379447210795,0.0216497077289456,0.0006089018289139,0.0006683719504849,0.0188747167998159,0.0248223603054459,0.719375214905187,200,145.5,199,407,1065.4026737389026,1334.6,N/A,30720,1536,32256,1313699028,9810756,Stage13,stage13_sliding_window_viterbi/results/stage13_final_comparison.csv,CC-C-R34-S-W160-S25-D126,a3a2d63dad2dfa997c1707510a3a7162dc03d0337e9a92e18e66b16ea2bf42c7
R34_SLIDING_BALANCED,R34,Soft Float,Float,Float,N/A,SLIDING_BALANCED,126,160,25,Continuous300,4.5,50000,1.3333333333333334e-06,6e-05,8.631685652831271e-07,2.059594607584856e-06,2.0405619612978105e-05,0.0001764084357391,0.73525,200,145.5,199,407,1072.927807999984,1367.8,N/A,30720,1536,32256,7110300000,53100000,Stage13,stage13_sliding_window_viterbi/results/stage13_final_comparison.csv,CC-C-R34-S-W160-S25-D126,a3a2d63dad2dfa997c1707510a3a7162dc03d0337e9a92e18e66b16ea2bf42c7
R34_SLIDING_BALANCED,R34,Soft Float,Float,Float,N/A,SLIDING_BALANCED,126,160,25,Continuous300,6.5,50000,0.0,0.0,0.0,2.5609718912715457e-07,0.0,7.682327414500052e-05,0.7352941176470588,200,145.5,199,407,1097.7081899999948,1400.9,N/A,30720,1536,32256,7110300000,53100000,Stage13,stage13_sliding_window_viterbi/results/stage13_final_comparison.csv,CC-C-R34-S-W160-S25-D126,a3a2d63dad2dfa997c1707510a3a7162dc03d0337e9a92e18e66b16ea2bf42c7
R34_SLIDING_BALANCED,R34,Soft Float,Float,Float,N/A,SLIDING_BALANCED,126,160,25,Continuous300,8.5,50000,0.0,0.0,0.0,2.5609718912715457e-07,0.0,7.682327414500052e-05,0.7352941176470588,200,145.5,199,407,1098.7276680000052,1405.4,N/A,30720,1536,32256,7110300000,53100000,Stage13,stage13_sliding_window_viterbi/results/stage13_final_comparison.csv,CC-C-R34-S-W160-S25-D126,a3a2d63dad2dfa997c1707510a3a7162dc03d0337e9a92e18e66b16ea2bf42c7
R34_SLIDING_BALANCED,R34,Soft Float,Float,Float,N/A,SLIDING_BALANCED,126,160,25,Continuous300,-5.0,1000,0.4828799999999999,1.0,0.4810920856208016,0.4846683528120842,0.9961732415144448,1.0,0.0,200,145.5,199,407,982.2901999999988,1291.7,N/A,30720,1536,32256,142206000,1062000,Stage13,stage13_sliding_window_viterbi/results/stage13_final_comparison.csv,CC-C-R34-S-W160-S25-D126,a3a2d63dad2dfa997c1707510a3a7162dc03d0337e9a92e18e66b16ea2bf42c7
R34_SLIDING_BALANCED,R34,Soft Float,Float,Float,N/A,SLIDING_BALANCED,126,160,25,Continuous300,-3.0,1000,0.4551366666666666,1.0,0.4533552751444732,0.4569192071117986,0.9961732415144448,1.0,0.0,200,145.5,199,407,928.4025000000008,1242.1,N/A,30720,1536,32256,142206000,1062000,Stage13,stage13_sliding_window_viterbi/results/stage13_final_comparison.csv,CC-C-R34-S-W160-S25-D126,a3a2d63dad2dfa997c1707510a3a7162dc03d0337e9a92e18e66b16ea2bf42c7
R34_SLIDING_BALANCED,R34,Soft Float,Float,Float,N/A,SLIDING_BALANCED,126,160,25,Continuous300,-1.0,1000,0.3190766666666666,1.0,0.3174110383059121,0.32074692836499,0.9961732415144448,1.0,0.0,200,145.5,199,407,971.1996000000016,1260.3,N/A,30720,1536,32256,142206000,1062000,Stage13,stage13_sliding_window_viterbi/results/stage13_final_comparison.csv,CC-C-R34-S-W160-S25-D126,a3a2d63dad2dfa997c1707510a3a7162dc03d0337e9a92e18e66b16ea2bf42c7
R34_SLIDING_BALANCED,R34,Soft Float,Float,Float,N/A,SLIDING_BALANCED,126,160,25,Continuous300,1.5,1000,0.0108533333333333,0.2079999999999999,0.0104887806274276,0.0112304127906842,0.1839846957823808,0.2342501311731833,0.5823529411764705,200,145.5,199,407,1087.5344999999993,1433.3,N/A,30720,1536,32256,142206000,1062000,Stage13,stage13_sliding_window_viterbi/results/stage13_final_comparison.csv,CC-C-R34-S-W160-S25-D126,a3a2d63dad2dfa997c1707510a3a7162dc03d0337e9a92e18e66b16ea2bf42c7
R34_SLIDING_BALANCED,R34,Soft Float,Float,Float,N/A,SLIDING_BALANCED,126,160,25,Continuous300,3.0,34843,0.0001414918348018,0.0057400338661998,0.0001344627073388,0.0001488883598615,0.0049994677099633,0.0065895728433367,0.7310735045101472,200,145.5,199,407,1064.6773383462953,1359.1,N/A,30720,1536,32256,4954883658,37003266,Stage13,stage13_sliding_window_viterbi/results/stage13_final_comparison.csv,CC-C-R34-S-W160-S25-D126,a3a2d63dad2dfa997c1707510a3a7162dc03d0337e9a92e18e66b16ea2bf42c7
R34_SLIDING_BALANCED,R34,Soft Float,Float,Float,N/A,SLIDING_BALANCED,126,160,25,Continuous300,5.0,50000,0.0,0.0,0.0,2.5609718912715457e-07,0.0,7.682327414500052e-05,0.7352941176470588,200,145.5,199,407,1078.362996000001,1370.6,N/A,30720,1536,32256,7110300000,53100000,Stage13,stage13_sliding_window_viterbi/results/stage13_final_comparison.csv,CC-C-R34-S-W160-S25-D126,a3a2d63dad2dfa997c1707510a3a7162dc03d0337e9a92e18e66b16ea2bf42c7
R34_SLIDING_BALANCED,R34,Soft Float,Float,Float,N/A,SLIDING_BALANCED,126,160,25,Continuous300,7.0,50000,0.0,0.0,0.0,2.5609718912715457e-07,0.0,7.682327414500052e-05,0.7352941176470588,200,145.5,199,407,1097.587226000006,1396.2,N/A,30720,1536,32256,7110300000,53100000,Stage13,stage13_sliding_window_viterbi/results/stage13_final_comparison.csv,CC-C-R34-S-W160-S25-D126,a3a2d63dad2dfa997c1707510a3a7162dc03d0337e9a92e18e66b16ea2bf42c7
R34_SLIDING_BALANCED,R34,Soft Float,Float,Float,N/A,SLIDING_BALANCED,126,160,25,Continuous300,9.0,50000,0.0,0.0,0.0,2.5609718912715457e-07,0.0,7.682327414500052e-05,0.7352941176470588,200,145.5,199,407,1074.7782539999855,1386.5,N/A,30720,1536,32256,7110300000,53100000,Stage13,stage13_sliding_window_viterbi/results/stage13_final_comparison.csv,CC-C-R34-S-W160-S25-D126,a3a2d63dad2dfa997c1707510a3a7162dc03d0337e9a92e18e66b16ea2bf42c7
R34_SLIDING_LATENCY_FIRST,R34,Soft Float,Float,Float,N/A,SLIDING_LATENCY_FIRST,98,128,25,Continuous300,-3.5,1000,0.4662133333333333,1.0,0.4644286727371244,0.4679988591857207,0.9961732415144448,1.0,0.0,162,122.33333333333331,161,407,995.7810999999992,1268.1,N/A,24576,1536,26112,143998000,1090000,Stage13,stage13_sliding_window_viterbi/results/stage13_final_comparison.csv,CC-C-R34-S-W128-S25-D98,a3a2d63dad2dfa997c1707510a3a7162dc03d0337e9a92e18e66b16ea2bf42c7
R34_SLIDING_LATENCY_FIRST,R34,Soft Float,Float,Float,N/A,SLIDING_LATENCY_FIRST,98,128,25,Continuous300,-1.5,1000,0.3737166666666666,1.0,0.3719871064494192,0.3754494609240008,0.9961732415144448,1.0,0.0,162,122.33333333333331,161,407,1007.5692000000012,1312.3,N/A,24576,1536,26112,143998000,1090000,Stage13,stage13_sliding_window_viterbi/results/stage13_final_comparison.csv,CC-C-R34-S-W128-S25-D98,a3a2d63dad2dfa997c1707510a3a7162dc03d0337e9a92e18e66b16ea2bf42c7
R34_SLIDING_LATENCY_FIRST,R34,Soft Float,Float,Float,N/A,SLIDING_LATENCY_FIRST,98,128,25,Continuous300,0.0,1000,0.1618766666666666,0.941,0.1605629424921661,0.1631990499760301,0.9246390972285408,0.9539857017871995,0.043382352941176504,162,122.33333333333331,161,407,980.411,1263.4,N/A,24576,1536,26112,143998000,1090000,Stage13,stage13_sliding_window_viterbi/results/stage13_final_comparison.csv,CC-C-R34-S-W128-S25-D98,a3a2d63dad2dfa997c1707510a3a7162dc03d0337e9a92e18e66b16ea2bf42c7
R34_SLIDING_LATENCY_FIRST,R34,Soft Float,Float,Float,N/A,SLIDING_LATENCY_FIRST,98,128,25,Continuous300,3.5,50000,3.206666666666667e-05,0.0013799999999999,2.9326203222975056e-05,3.506321087511904e-05,0.0010906821531233,0.001745929088785,0.7342794117647059,162,122.33333333333331,161,407,1051.0830600000056,1360.0,N/A,24576,1536,26112,7199900000,54500000,Stage13,stage13_sliding_window_viterbi/results/stage13_final_comparison.csv,CC-C-R34-S-W128-S25-D98,a3a2d63dad2dfa997c1707510a3a7162dc03d0337e9a92e18e66b16ea2bf42c7
R34_SLIDING_LATENCY_FIRST,R34,Soft Float,Float,Float,N/A,SLIDING_LATENCY_FIRST,98,128,25,Continuous300,5.5,50000,0.0,0.0,0.0,2.5609718912715457e-07,0.0,7.682327414500052e-05,0.7352941176470588,162,122.33333333333331,161,407,1079.3014160000005,1392.9,N/A,24576,1536,26112,7199900000,54500000,Stage13,stage13_sliding_window_viterbi/results/stage13_final_comparison.csv,CC-C-R34-S-W128-S25-D98,a3a2d63dad2dfa997c1707510a3a7162dc03d0337e9a92e18e66b16ea2bf42c7
R34_SLIDING_LATENCY_FIRST,R34,Soft Float,Float,Float,N/A,SLIDING_LATENCY_FIRST,98,128,25,Continuous300,7.5,50000,0.0,0.0,0.0,2.5609718912715457e-07,0.0,7.682327414500052e-05,0.7352941176470588,162,122.33333333333331,161,407,1086.9341920000045,1403.5,N/A,24576,1536,26112,7199900000,54500000,Stage13,stage13_sliding_window_viterbi/results/stage13_final_comparison.csv,CC-C-R34-S-W128-S25-D98,a3a2d63dad2dfa997c1707510a3a7162dc03d0337e9a92e18e66b16ea2bf42c7
R34_SLIDING_LATENCY_FIRST,R34,Soft Float,Float,Float,N/A,SLIDING_LATENCY_FIRST,98,128,25,Continuous300,9.5,50000,0.0,0.0,0.0,2.5609718912715457e-07,0.0,7.682327414500052e-05,0.7352941176470588,162,122.33333333333331,161,407,942.7323580000038,1298.3,N/A,24576,1536,26112,7199900000,54500000,Stage13,stage13_sliding_window_viterbi/results/stage13_final_comparison.csv,CC-C-R34-S-W128-S25-D98,a3a2d63dad2dfa997c1707510a3a7162dc03d0337e9a92e18e66b16ea2bf42c7
R34_SLIDING_LATENCY_FIRST,R34,Soft Float,Float,Float,N/A,SLIDING_LATENCY_FIRST,98,128,25,Continuous300,10.0,50000,0.0,0.0,0.0,2.5609718912715457e-07,0.0,7.682327414500052e-05,0.7352941176470588,162,122.33333333333331,161,407,939.4196900000017,1318.4,N/A,24576,1536,26112,7199900000,54500000,Stage13,stage13_sliding_window_viterbi/results/stage13_final_comparison.csv,CC-C-R34-S-W128-S25-D98,a3a2d63dad2dfa997c1707510a3a7162dc03d0337e9a92e18e66b16ea2bf42c7
R34_SLIDING_LATENCY_FIRST,R34,Soft Float,Float,Float,N/A,SLIDING_LATENCY_FIRST,98,128,25,Continuous300,-4.0,1000,0.4755733333333333,1.0,0.4737865997436782,0.4773606924752058,0.9961732415144448,1.0,0.0,162,122.33333333333331,161,407,986.4313,1309.0,N/A,24576,1536,26112,143998000,1090000,Stage13,stage13_sliding_window_viterbi/results/stage13_final_comparison.csv,CC-C-R34-S-W128-S25-D98,a3a2d63dad2dfa997c1707510a3a7162dc03d0337e9a92e18e66b16ea2bf42c7
R34_SLIDING_LATENCY_FIRST,R34,Soft Float,Float,Float,N/A,SLIDING_LATENCY_FIRST,98,128,25,Continuous300,-2.0,1000,0.4111833333333333,1.0,0.4094237413808233,0.4129451998271687,0.9961732415144448,1.0,0.0,162,122.33333333333331,161,407,931.5397000000002,1254.6,N/A,24576,1536,26112,143998000,1090000,Stage13,stage13_sliding_window_viterbi/results/stage13_final_comparison.csv,CC-C-R34-S-W128-S25-D98,a3a2d63dad2dfa997c1707510a3a7162dc03d0337e9a92e18e66b16ea2bf42c7
R34_SLIDING_LATENCY_FIRST,R34,Soft Float,Float,Float,N/A,SLIDING_LATENCY_FIRST,98,128,25,Continuous300,0.5,1000,0.0854233333333333,0.758,0.0844284366451487,0.086428847080188,0.7304996799200717,0.7835257127013818,0.1779411764705882,162,122.33333333333331,161,407,1059.7255999999993,1352.9,N/A,24576,1536,26112,143998000,1090000,Stage13,stage13_sliding_window_viterbi/results/stage13_final_comparison.csv,CC-C-R34-S-W128-S25-D98,a3a2d63dad2dfa997c1707510a3a7162dc03d0337e9a92e18e66b16ea2bf42c7
R34_SLIDING_LATENCY_FIRST,R34,Soft Float,Float,Float,N/A,SLIDING_LATENCY_FIRST,98,128,25,Continuous300,2.0,2793,0.0028094044635398,0.0723236663086287,0.0026983303570012,0.0029250374158654,0.0632935351454313,0.0825286234665419,0.6821149512436553,162,122.33333333333331,161,407,1081.4575008950956,1374.8,N/A,24576,1536,26112,402186414,3044370,Stage13,stage13_sliding_window_viterbi/results/stage13_final_comparison.csv,CC-C-R34-S-W128-S25-D98,a3a2d63dad2dfa997c1707510a3a7162dc03d0337e9a92e18e66b16ea2bf42c7
R34_SLIDING_LATENCY_FIRST,R34,Soft Float,Float,Float,N/A,SLIDING_LATENCY_FIRST,98,128,25,Continuous300,4.0,50000,7.333333333333333e-06,0.0002799999999999,6.084997747264716e-06,8.837762352436997e-06,0.0001668041917435,0.0004699760613678,0.7350882352941176,162,122.33333333333331,161,407,1070.5257440000016,1379.3,N/A,24576,1536,26112,7199900000,54500000,Stage13,stage13_sliding_window_viterbi/results/stage13_final_comparison.csv,CC-C-R34-S-W128-S25-D98,a3a2d63dad2dfa997c1707510a3a7162dc03d0337e9a92e18e66b16ea2bf42c7
R34_SLIDING_LATENCY_FIRST,R34,Soft Float,Float,Float,N/A,SLIDING_LATENCY_FIRST,98,128,25,Continuous300,6.0,50000,0.0,0.0,0.0,2.5609718912715457e-07,0.0,7.682327414500052e-05,0.7352941176470588,162,122.33333333333331,161,407,1089.5345519999987,1402.8,N/A,24576,1536,26112,7199900000,54500000,Stage13,stage13_sliding_window_viterbi/results/stage13_final_comparison.csv,CC-C-R34-S-W128-S25-D98,a3a2d63dad2dfa997c1707510a3a7162dc03d0337e9a92e18e66b16ea2bf42c7
R34_SLIDING_LATENCY_FIRST,R34,Soft Float,Float,Float,N/A,SLIDING_LATENCY_FIRST,98,128,25,Continuous300,8.0,50000,0.0,0.0,0.0,2.5609718912715457e-07,0.0,7.682327414500052e-05,0.7352941176470588,162,122.33333333333331,161,407,1022.523804000002,1356.5,N/A,24576,1536,26112,7199900000,54500000,Stage13,stage13_sliding_window_viterbi/results/stage13_final_comparison.csv,CC-C-R34-S-W128-S25-D98,a3a2d63dad2dfa997c1707510a3a7162dc03d0337e9a92e18e66b16ea2bf42c7
R34_SLIDING_LATENCY_FIRST,R34,Soft Float,Float,Float,N/A,SLIDING_LATENCY_FIRST,98,128,25,Continuous300,-4.5,1000,0.4793166666666666,1.0,0.4775292802834175,0.4811045827376216,0.9961732415144448,1.0,0.0,162,122.33333333333331,161,407,916.8939,1237.1,N/A,24576,1536,26112,143998000,1090000,Stage13,stage13_sliding_window_viterbi/results/stage13_final_comparison.csv,CC-C-R34-S-W128-S25-D98,a3a2d63dad2dfa997c1707510a3a7162dc03d0337e9a92e18e66b16ea2bf42c7
R34_SLIDING_LATENCY_FIRST,R34,Soft Float,Float,Float,N/A,SLIDING_LATENCY_FIRST,98,128,25,Continuous300,-2.5,1000,0.4366999999999999,1.0,0.4349260236964813,0.4384755973783832,0.9961732415144448,1.0,0.0,162,122.33333333333331,161,407,960.6922,1243.0,N/A,24576,1536,26112,143998000,1090000,Stage13,stage13_sliding_window_viterbi/results/stage13_final_comparison.csv,CC-C-R34-S-W128-S25-D98,a3a2d63dad2dfa997c1707510a3a7162dc03d0337e9a92e18e66b16ea2bf42c7
R34_SLIDING_LATENCY_FIRST,R34,Soft Float,Float,Float,N/A,SLIDING_LATENCY_FIRST,98,128,25,Continuous300,-0.5,1000,0.2481833333333333,0.991,0.2466408481518916,0.2497322673879004,0.982984183834662,0.9952579393325228,0.0066176470588235345,162,122.33333333333331,161,407,968.1509000000004,1258.4,N/A,24576,1536,26112,143998000,1090000,Stage13,stage13_sliding_window_viterbi/results/stage13_final_comparison.csv,CC-C-R34-S-W128-S25-D98,a3a2d63dad2dfa997c1707510a3a7162dc03d0337e9a92e18e66b16ea2bf42c7
R34_SLIDING_LATENCY_FIRST,R34,Soft Float,Float,Float,N/A,SLIDING_LATENCY_FIRST,98,128,25,Continuous300,1.0,1000,0.0348899999999999,0.4779999999999999,0.0342392942693698,0.035552616917523,0.4471836295005325,0.5089847478728318,0.3838235294117647,162,122.33333333333331,161,407,994.2637999999992,1289.3,N/A,24576,1536,26112,143998000,1090000,Stage13,stage13_sliding_window_viterbi/results/stage13_final_comparison.csv,CC-C-R34-S-W128-S25-D98,a3a2d63dad2dfa997c1707510a3a7162dc03d0337e9a92e18e66b16ea2bf42c7
R34_SLIDING_LATENCY_FIRST,R34,Soft Float,Float,Float,N/A,SLIDING_LATENCY_FIRST,98,128,25,Continuous300,2.5,9238,0.0006379447210795,0.0216497077289456,0.0006089018289139,0.0006683719504849,0.0188747167998159,0.0248223603054459,0.719375214905187,162,122.33333333333331,161,407,1047.523857977915,1331.2,N/A,24576,1536,26112,1330253524,10069420,Stage13,stage13_sliding_window_viterbi/results/stage13_final_comparison.csv,CC-C-R34-S-W128-S25-D98,a3a2d63dad2dfa997c1707510a3a7162dc03d0337e9a92e18e66b16ea2bf42c7
R34_SLIDING_LATENCY_FIRST,R34,Soft Float,Float,Float,N/A,SLIDING_LATENCY_FIRST,98,128,25,Continuous300,4.5,50000,1.3333333333333334e-06,6e-05,8.631685652831271e-07,2.059594607584856e-06,2.0405619612978105e-05,0.0001764084357391,0.73525,162,122.33333333333331,161,407,1056.1941559999957,1362.7,N/A,24576,1536,26112,7199900000,54500000,Stage13,stage13_sliding_window_viterbi/results/stage13_final_comparison.csv,CC-C-R34-S-W128-S25-D98,a3a2d63dad2dfa997c1707510a3a7162dc03d0337e9a92e18e66b16ea2bf42c7
R34_SLIDING_LATENCY_FIRST,R34,Soft Float,Float,Float,N/A,SLIDING_LATENCY_FIRST,98,128,25,Continuous300,6.5,50000,0.0,0.0,0.0,2.5609718912715457e-07,0.0,7.682327414500052e-05,0.7352941176470588,162,122.33333333333331,161,407,1081.1846620000028,1392.3,N/A,24576,1536,26112,7199900000,54500000,Stage13,stage13_sliding_window_viterbi/results/stage13_final_comparison.csv,CC-C-R34-S-W128-S25-D98,a3a2d63dad2dfa997c1707510a3a7162dc03d0337e9a92e18e66b16ea2bf42c7
R34_SLIDING_LATENCY_FIRST,R34,Soft Float,Float,Float,N/A,SLIDING_LATENCY_FIRST,98,128,25,Continuous300,8.5,50000,0.0,0.0,0.0,2.5609718912715457e-07,0.0,7.682327414500052e-05,0.7352941176470588,162,122.33333333333331,161,407,1084.561494000003,1405.2,N/A,24576,1536,26112,7199900000,54500000,Stage13,stage13_sliding_window_viterbi/results/stage13_final_comparison.csv,CC-C-R34-S-W128-S25-D98,a3a2d63dad2dfa997c1707510a3a7162dc03d0337e9a92e18e66b16ea2bf42c7
R34_SLIDING_LATENCY_FIRST,R34,Soft Float,Float,Float,N/A,SLIDING_LATENCY_FIRST,98,128,25,Continuous300,-5.0,1000,0.4830566666666666,1.0,0.4812687284789907,0.4848450387629017,0.9961732415144448,1.0,0.0,162,122.33333333333331,161,407,964.4081,1297.2,N/A,24576,1536,26112,143998000,1090000,Stage13,stage13_sliding_window_viterbi/results/stage13_final_comparison.csv,CC-C-R34-S-W128-S25-D98,a3a2d63dad2dfa997c1707510a3a7162dc03d0337e9a92e18e66b16ea2bf42c7
R34_SLIDING_LATENCY_FIRST,R34,Soft Float,Float,Float,N/A,SLIDING_LATENCY_FIRST,98,128,25,Continuous300,-3.0,1000,0.4551266666666666,1.0,0.4533452784965922,0.4569092040157737,0.9961732415144448,1.0,0.0,162,122.33333333333331,161,407,913.2444000000008,1248.1,N/A,24576,1536,26112,143998000,1090000,Stage13,stage13_sliding_window_viterbi/results/stage13_final_comparison.csv,CC-C-R34-S-W128-S25-D98,a3a2d63dad2dfa997c1707510a3a7162dc03d0337e9a92e18e66b16ea2bf42c7
R34_SLIDING_LATENCY_FIRST,R34,Soft Float,Float,Float,N/A,SLIDING_LATENCY_FIRST,98,128,25,Continuous300,-1.0,1000,0.3189466666666666,1.0,0.3172812206045324,0.3206167493955913,0.9961732415144448,1.0,0.0,162,122.33333333333331,161,407,953.1178000000002,1255.1,N/A,24576,1536,26112,143998000,1090000,Stage13,stage13_sliding_window_viterbi/results/stage13_final_comparison.csv,CC-C-R34-S-W128-S25-D98,a3a2d63dad2dfa997c1707510a3a7162dc03d0337e9a92e18e66b16ea2bf42c7
R34_SLIDING_LATENCY_FIRST,R34,Soft Float,Float,Float,N/A,SLIDING_LATENCY_FIRST,98,128,25,Continuous300,1.5,1000,0.0109033333333333,0.2129999999999999,0.0105379364612026,0.0112812556764393,0.1887469568409867,0.2394496025297218,0.5786764705882353,162,122.33333333333331,161,407,1065.4664999999998,1403.5,N/A,24576,1536,26112,143998000,1090000,Stage13,stage13_sliding_window_viterbi/results/stage13_final_comparison.csv,CC-C-R34-S-W128-S25-D98,a3a2d63dad2dfa997c1707510a3a7162dc03d0337e9a92e18e66b16ea2bf42c7
R34_SLIDING_LATENCY_FIRST,R34,Soft Float,Float,Float,N/A,SLIDING_LATENCY_FIRST,98,128,25,Continuous300,3.0,34843,0.0001409178314152,0.0057400338661998,0.0001339033379314,0.0001482997229176,0.0049994677099633,0.0065895728433367,0.7310735045101472,162,122.33333333333331,161,407,1048.393835203634,1359.6,N/A,24576,1536,26112,5017322314,37978870,Stage13,stage13_sliding_window_viterbi/results/stage13_final_comparison.csv,CC-C-R34-S-W128-S25-D98,a3a2d63dad2dfa997c1707510a3a7162dc03d0337e9a92e18e66b16ea2bf42c7
R34_SLIDING_LATENCY_FIRST,R34,Soft Float,Float,Float,N/A,SLIDING_LATENCY_FIRST,98,128,25,Continuous300,5.0,50000,0.0,0.0,0.0,2.5609718912715457e-07,0.0,7.682327414500052e-05,0.7352941176470588,162,122.33333333333331,161,407,1061.6941279999985,1367.5,N/A,24576,1536,26112,7199900000,54500000,Stage13,stage13_sliding_window_viterbi/results/stage13_final_comparison.csv,CC-C-R34-S-W128-S25-D98,a3a2d63dad2dfa997c1707510a3a7162dc03d0337e9a92e18e66b16ea2bf42c7
R34_SLIDING_LATENCY_FIRST,R34,Soft Float,Float,Float,N/A,SLIDING_LATENCY_FIRST,98,128,25,Continuous300,7.0,50000,0.0,0.0,0.0,2.5609718912715457e-07,0.0,7.682327414500052e-05,0.7352941176470588,162,122.33333333333331,161,407,1081.6734780000015,1391.7,N/A,24576,1536,26112,7199900000,54500000,Stage13,stage13_sliding_window_viterbi/results/stage13_final_comparison.csv,CC-C-R34-S-W128-S25-D98,a3a2d63dad2dfa997c1707510a3a7162dc03d0337e9a92e18e66b16ea2bf42c7
R34_SLIDING_LATENCY_FIRST,R34,Soft Float,Float,Float,N/A,SLIDING_LATENCY_FIRST,98,128,25,Continuous300,9.0,50000,0.0,0.0,0.0,2.5609718912715457e-07,0.0,7.682327414500052e-05,0.7352941176470588,162,122.33333333333331,161,407,1058.2036299999947,1381.6,N/A,24576,1536,26112,7199900000,54500000,Stage13,stage13_sliding_window_viterbi/results/stage13_final_comparison.csv,CC-C-R34-S-W128-S25-D98,a3a2d63dad2dfa997c1707510a3a7162dc03d0337e9a92e18e66b16ea2bf42c7
R12_BLOCK_STAGE14,R12,Soft Float,Float,Float,N/A,Full traceback,306,306,300,A_BLOCK_300,-5.0,1000,0.3901733333333333,1.0,0.3884292518143857,0.3919202274470488,0.9961732415144448,1.0,0.0,610,311.0,580,611,436.7818,617.9,N/A,N/A,N/A,59776,39168000,306000,Stage14,stage14_block_continuous_comparison/results/stage14_online_slot_formal_results.csv,CC-O-R12-A_BLOCK_300,62cccc049bd05c8b7adc65465fa590b84e5e7f8784bfc6d404890243d3ce70e1
R12_BLOCK_STAGE14,R12,Soft Float,Float,Float,N/A,Full traceback,306,306,300,A_BLOCK_300,-4.5,1000,0.34693,1.0,0.3452286811179388,0.3486352389125436,0.9961732415144448,1.0,0.0,610,311.0,580,611,443.90790000000015,605.4,N/A,N/A,N/A,59776,39168000,306000,Stage14,stage14_block_continuous_comparison/results/stage14_online_slot_formal_results.csv,CC-O-R12-A_BLOCK_300,62cccc049bd05c8b7adc65465fa590b84e5e7f8784bfc6d404890243d3ce70e1
R12_BLOCK_STAGE14,R12,Soft Float,Float,Float,N/A,Full traceback,306,306,300,A_BLOCK_300,-4.0,1000,0.2886,1.0,0.2869813061162624,0.2902241077103788,0.9961732415144448,1.0,0.0,610,311.0,580,611,446.9946000000002,659.5,N/A,N/A,N/A,59776,39168000,306000,Stage14,stage14_block_continuous_comparison/results/stage14_online_slot_formal_results.csv,CC-O-R12-A_BLOCK_300,62cccc049bd05c8b7adc65465fa590b84e5e7f8784bfc6d404890243d3ce70e1
R12_BLOCK_STAGE14,R12,Soft Float,Float,Float,N/A,Full traceback,306,306,300,A_BLOCK_300,-3.5,1000,0.21504,0.997,0.2135734725531653,0.2165138251007594,0.9912169859464968,0.9989792161188614,0.0014705882352941,610,311.0,580,611,442.6954000000002,630.1,N/A,N/A,N/A,59776,39168000,306000,Stage14,stage14_block_continuous_comparison/results/stage14_online_slot_formal_results.csv,CC-O-R12-A_BLOCK_300,62cccc049bd05c8b7adc65465fa590b84e5e7f8784bfc6d404890243d3ce70e1
R12_BLOCK_STAGE14,R12,Soft Float,Float,Float,N/A,Full traceback,306,306,300,A_BLOCK_300,-3.0,1000,0.1383366666666666,0.971,0.1371058475991816,0.1395767477142329,0.9586616416633058,0.9797335518433012,0.0142156862745098,610,311.0,580,611,453.1860999999998,609.2,N/A,N/A,N/A,59776,39168000,306000,Stage14,stage14_block_continuous_comparison/results/stage14_online_slot_formal_results.csv,CC-O-R12-A_BLOCK_300,62cccc049bd05c8b7adc65465fa590b84e5e7f8784bfc6d404890243d3ce70e1
R12_BLOCK_STAGE14,R12,Soft Float,Float,Float,N/A,Full traceback,306,306,300,A_BLOCK_300,-2.5,1000,0.0780499999999999,0.8649999999999999,0.0770954903242065,0.0790153155610881,0.8424178447972049,0.8847886215083399,0.0661764705882352,610,311.0,580,611,465.6588999999996,652.5,N/A,N/A,N/A,59776,39168000,306000,Stage14,stage14_block_continuous_comparison/results/stage14_online_slot_formal_results.csv,CC-O-R12-A_BLOCK_300,62cccc049bd05c8b7adc65465fa590b84e5e7f8784bfc6d404890243d3ce70e1
R12_BLOCK_STAGE14,R12,Soft Float,Float,Float,N/A,Full traceback,306,306,300,A_BLOCK_300,-2.0,1000,0.0357499999999999,0.633,0.0350915364885397,0.0364203526742711,0.6026706264751108,0.6623114557677315,0.1799019607843137,610,311.0,580,611,457.5328999999999,630.6,N/A,N/A,N/A,59776,39168000,306000,Stage14,stage14_block_continuous_comparison/results/stage14_online_slot_formal_results.csv,CC-O-R12-A_BLOCK_300,62cccc049bd05c8b7adc65465fa590b84e5e7f8784bfc6d404890243d3ce70e1
R12_BLOCK_STAGE14,R12,Soft Float,Float,Float,N/A,Full traceback,306,306,300,A_BLOCK_300,-1.5,1000,0.0141899999999999,0.391,0.0137729487902231,0.0146194925111988,0.3612277495046385,0.4216064838452124,0.2985294117647058,610,311.0,580,611,468.45499999999953,655.0,N/A,N/A,N/A,59776,39168000,306000,Stage14,stage14_block_continuous_comparison/results/stage14_online_slot_formal_results.csv,CC-O-R12-A_BLOCK_300,62cccc049bd05c8b7adc65465fa590b84e5e7f8784bfc6d404890243d3ce70e1
R12_BLOCK_STAGE14,R12,Soft Float,Float,Float,N/A,Full traceback,306,306,300,A_BLOCK_300,-1.0,1092,0.0051037851037851,0.1831501831501831,0.0048655086336242,0.0053536678079972,0.1613332631071269,0.2071885295026307,0.400416576887165,610,311.0,580,611,425.826007326007,559.9,N/A,N/A,N/A,59776,42771456,334152,Stage14,stage14_block_continuous_comparison/results/stage14_online_slot_formal_results.csv,CC-O-R12-A_BLOCK_300,62cccc049bd05c8b7adc65465fa590b84e5e7f8784bfc6d404890243d3ce70e1
R12_BLOCK_STAGE14,R12,Soft Float,Float,Float,N/A,Full traceback,306,306,300,A_BLOCK_300,-0.5,3368,0.0013420427553444,0.0593824228028503,0.0012725308676431,0.0014153463428191,0.0518914376638513,0.0678773782050709,0.4610870476456616,610,311.0,580,611,416.8630344418051,542.7,N/A,N/A,N/A,59776,131917824,1030608,Stage14,stage14_block_continuous_comparison/results/stage14_online_slot_formal_results.csv,CC-O-R12-A_BLOCK_300,62cccc049bd05c8b7adc65465fa590b84e5e7f8784bfc6d404890243d3ce70e1
R12_BLOCK_STAGE14,R12,Soft Float,Float,Float,N/A,Full traceback,306,306,300,A_BLOCK_300,0.0,11368,0.0003187309406521,0.0175932441942294,0.0003003407047178,0.0003382468526692,0.0153344118367768,0.0201779948638502,0.4815719391204758,610,311.0,580,611,453.9741819141456,609.6,N/A,N/A,N/A,59776,445261824,3478608,Stage14,stage14_block_continuous_comparison/results/stage14_online_slot_formal_results.csv,CC-O-R12-A_BLOCK_300,62cccc049bd05c8b7adc65465fa590b84e5e7f8784bfc6d404890243d3ce70e1
R12_BLOCK_STAGE14,R12,Soft Float,Float,Float,N/A,Full traceback,306,306,300,A_BLOCK_300,0.5,39060,8.18399044205496e-05,0.0051203277009728,7.68217193575539e-05,8.718586118454609e-05,0.0044595477795002,0.0058784385459461,0.4876861138720721,610,311.0,580,611,491.565153609833,748.0,N/A,N/A,N/A,59776,1529902080,11952360,Stage14,stage14_block_continuous_comparison/results/stage14_online_slot_formal_results.csv,CC-O-R12-A_BLOCK_300,62cccc049bd05c8b7adc65465fa590b84e5e7f8784bfc6d404890243d3ce70e1
R12_BLOCK_STAGE14,R12,Soft Float,Float,Float,N/A,Full traceback,306,306,300,A_BLOCK_300,1.0,50000,1.6866666666666666e-05,0.0012199999999999,1.4912445731913985e-05,1.9076976151534653e-05,0.0009499701980316,0.0015666656273244,0.4895980392156862,610,311.0,580,611,482.4724319999988,724.6,N/A,N/A,N/A,59776,1958400000,15300000,Stage14,stage14_block_continuous_comparison/results/stage14_online_slot_formal_results.csv,CC-O-R12-A_BLOCK_300,62cccc049bd05c8b7adc65465fa590b84e5e7f8784bfc6d404890243d3ce70e1
R12_BLOCK_STAGE14,R12,Soft Float,Float,Float,N/A,Full traceback,306,306,300,A_BLOCK_300,1.5,50000,3.6666666666666666e-06,0.00024,2.817260596548265e-06,4.77216804786617e-06,0.0001373003274447,0.0004194860715286,0.4900784313725489,610,311.0,580,611,484.7282839999981,730.5,N/A,N/A,N/A,59776,1958400000,15300000,Stage14,stage14_block_continuous_comparison/results/stage14_online_slot_formal_results.csv,CC-O-R12-A_BLOCK_300,62cccc049bd05c8b7adc65465fa590b84e5e7f8784bfc6d404890243d3ce70e1
R12_BLOCK_STAGE14,R12,Soft Float,Float,Float,N/A,Full traceback,306,306,300,A_BLOCK_300,2.0,50000,4.0000000000000003e-07,2e-05,1.833236003476189e-07,8.727733839017842e-07,3.530499822832098e-06,0.0001132897013912,0.4901862745098039,610,311.0,580,611,476.59843200000455,710.6,N/A,N/A,N/A,59776,1958400000,15300000,Stage14,stage14_block_continuous_comparison/results/stage14_online_slot_formal_results.csv,CC-O-R12-A_BLOCK_300,62cccc049bd05c8b7adc65465fa590b84e5e7f8784bfc6d404890243d3ce70e1
R12_BLOCK_STAGE14,R12,Soft Float,Float,Float,N/A,Full traceback,306,306,300,A_BLOCK_300,2.5,50000,0.0,0.0,0.0,2.5609718912715457e-07,0.0,7.682327414500052e-05,0.4901960784313725,610,311.0,580,611,438.79143800000014,589.1,N/A,N/A,N/A,59776,1958400000,15300000,Stage14,stage14_block_continuous_comparison/results/stage14_online_slot_formal_results.csv,CC-O-R12-A_BLOCK_300,62cccc049bd05c8b7adc65465fa590b84e5e7f8784bfc6d404890243d3ce70e1
R12_BLOCK_STAGE14,R12,Soft Float,Float,Float,N/A,Full traceback,306,306,300,A_BLOCK_300,3.0,50000,0.0,0.0,0.0,2.5609718912715457e-07,0.0,7.682327414500052e-05,0.4901960784313725,610,311.0,580,611,532.6126980000022,906.8,N/A,N/A,N/A,59776,1958400000,15300000,Stage14,stage14_block_continuous_comparison/results/stage14_online_slot_formal_results.csv,CC-O-R12-A_BLOCK_300,62cccc049bd05c8b7adc65465fa590b84e5e7f8784bfc6d404890243d3ce70e1
R12_BLOCK_STAGE14,R12,Soft Float,Float,Float,N/A,Full traceback,306,306,300,A_BLOCK_300,3.5,50000,0.0,0.0,0.0,2.5609718912715457e-07,0.0,7.682327414500052e-05,0.4901960784313725,610,311.0,580,611,532.566665999999,902.7,N/A,N/A,N/A,59776,1958400000,15300000,Stage14,stage14_block_continuous_comparison/results/stage14_online_slot_formal_results.csv,CC-O-R12-A_BLOCK_300,62cccc049bd05c8b7adc65465fa590b84e5e7f8784bfc6d404890243d3ce70e1
R12_BLOCK_STAGE14,R12,Soft Float,Float,Float,N/A,Full traceback,306,306,300,A_BLOCK_300,4.0,50000,0.0,0.0,0.0,2.5609718912715457e-07,0.0,7.682327414500052e-05,0.4901960784313725,610,311.0,580,611,531.4899880000016,894.2999999999998,N/A,N/A,N/A,59776,1958400000,15300000,Stage14,stage14_block_continuous_comparison/results/stage14_online_slot_formal_results.csv,CC-O-R12-A_BLOCK_300,62cccc049bd05c8b7adc65465fa590b84e5e7f8784bfc6d404890243d3ce70e1
R12_BLOCK_STAGE14,R12,Soft Float,Float,Float,N/A,Full traceback,306,306,300,A_BLOCK_300,4.5,50000,0.0,0.0,0.0,2.5609718912715457e-07,0.0,7.682327414500052e-05,0.4901960784313725,610,311.0,580,611,533.3141499999979,902.5,N/A,N/A,N/A,59776,1958400000,15300000,Stage14,stage14_block_continuous_comparison/results/stage14_online_slot_formal_results.csv,CC-O-R12-A_BLOCK_300,62cccc049bd05c8b7adc65465fa590b84e5e7f8784bfc6d404890243d3ce70e1
R12_BLOCK_STAGE14,R12,Soft Float,Float,Float,N/A,Full traceback,306,306,300,A_BLOCK_300,5.0,50000,0.0,0.0,0.0,2.5609718912715457e-07,0.0,7.682327414500052e-05,0.4901960784313725,610,311.0,580,611,531.1831040000036,904.8,N/A,N/A,N/A,59776,1958400000,15300000,Stage14,stage14_block_continuous_comparison/results/stage14_online_slot_formal_results.csv,CC-O-R12-A_BLOCK_300,62cccc049bd05c8b7adc65465fa590b84e5e7f8784bfc6d404890243d3ce70e1
R12_BLOCK_STAGE14,R12,Soft Float,Float,Float,N/A,Full traceback,306,306,300,A_BLOCK_300,5.5,50000,0.0,0.0,0.0,2.5609718912715457e-07,0.0,7.682327414500052e-05,0.4901960784313725,610,311.0,580,611,533.4816859999971,900.5,N/A,N/A,N/A,59776,1958400000,15300000,Stage14,stage14_block_continuous_comparison/results/stage14_online_slot_formal_results.csv,CC-O-R12-A_BLOCK_300,62cccc049bd05c8b7adc65465fa590b84e5e7f8784bfc6d404890243d3ce70e1
R12_BLOCK_STAGE14,R12,Soft Float,Float,Float,N/A,Full traceback,306,306,300,A_BLOCK_300,6.0,50000,0.0,0.0,0.0,2.5609718912715457e-07,0.0,7.682327414500052e-05,0.4901960784313725,610,311.0,580,611,528.986662,895.2,N/A,N/A,N/A,59776,1958400000,15300000,Stage14,stage14_block_continuous_comparison/results/stage14_online_slot_formal_results.csv,CC-O-R12-A_BLOCK_300,62cccc049bd05c8b7adc65465fa590b84e5e7f8784bfc6d404890243d3ce70e1
R12_BLOCK_STAGE14,R12,Soft Float,Float,Float,N/A,Full traceback,306,306,300,A_BLOCK_300,6.5,50000,0.0,0.0,0.0,2.5609718912715457e-07,0.0,7.682327414500052e-05,0.4901960784313725,610,311.0,580,611,532.0768179999957,904.7,N/A,N/A,N/A,59776,1958400000,15300000,Stage14,stage14_block_continuous_comparison/results/stage14_online_slot_formal_results.csv,CC-O-R12-A_BLOCK_300,62cccc049bd05c8b7adc65465fa590b84e5e7f8784bfc6d404890243d3ce70e1
R12_BLOCK_STAGE14,R12,Soft Float,Float,Float,N/A,Full traceback,306,306,300,A_BLOCK_300,7.0,50000,0.0,0.0,0.0,2.5609718912715457e-07,0.0,7.682327414500052e-05,0.4901960784313725,610,311.0,580,611,553.4604620000033,977.2,N/A,N/A,N/A,59776,1958400000,15300000,Stage14,stage14_block_continuous_comparison/results/stage14_online_slot_formal_results.csv,CC-O-R12-A_BLOCK_300,62cccc049bd05c8b7adc65465fa590b84e5e7f8784bfc6d404890243d3ce70e1
R12_BLOCK_STAGE14,R12,Soft Float,Float,Float,N/A,Full traceback,306,306,300,A_BLOCK_300,7.5,50000,0.0,0.0,0.0,2.5609718912715457e-07,0.0,7.682327414500052e-05,0.4901960784313725,610,311.0,580,611,553.2215520000043,981.7,N/A,N/A,N/A,59776,1958400000,15300000,Stage14,stage14_block_continuous_comparison/results/stage14_online_slot_formal_results.csv,CC-O-R12-A_BLOCK_300,62cccc049bd05c8b7adc65465fa590b84e5e7f8784bfc6d404890243d3ce70e1
R12_BLOCK_STAGE14,R12,Soft Float,Float,Float,N/A,Full traceback,306,306,300,A_BLOCK_300,8.0,50000,0.0,0.0,0.0,2.5609718912715457e-07,0.0,7.682327414500052e-05,0.4901960784313725,610,311.0,580,611,553.5745720000032,984.3,N/A,N/A,N/A,59776,1958400000,15300000,Stage14,stage14_block_continuous_comparison/results/stage14_online_slot_formal_results.csv,CC-O-R12-A_BLOCK_300,62cccc049bd05c8b7adc65465fa590b84e5e7f8784bfc6d404890243d3ce70e1
R12_BLOCK_STAGE14,R12,Soft Float,Float,Float,N/A,Full traceback,306,306,300,A_BLOCK_300,8.5,50000,0.0,0.0,0.0,2.5609718912715457e-07,0.0,7.682327414500052e-05,0.4901960784313725,610,311.0,580,611,556.6996119999967,988.1,N/A,N/A,N/A,59776,1958400000,15300000,Stage14,stage14_block_continuous_comparison/results/stage14_online_slot_formal_results.csv,CC-O-R12-A_BLOCK_300,62cccc049bd05c8b7adc65465fa590b84e5e7f8784bfc6d404890243d3ce70e1
R12_BLOCK_STAGE14,R12,Soft Float,Float,Float,N/A,Full traceback,306,306,300,A_BLOCK_300,9.0,50000,0.0,0.0,0.0,2.5609718912715457e-07,0.0,7.682327414500052e-05,0.4901960784313725,610,311.0,580,611,555.5914720000039,992.0,N/A,N/A,N/A,59776,1958400000,15300000,Stage14,stage14_block_continuous_comparison/results/stage14_online_slot_formal_results.csv,CC-O-R12-A_BLOCK_300,62cccc049bd05c8b7adc65465fa590b84e5e7f8784bfc6d404890243d3ce70e1
R12_BLOCK_STAGE14,R12,Soft Float,Float,Float,N/A,Full traceback,306,306,300,A_BLOCK_300,9.5,50000,0.0,0.0,0.0,2.5609718912715457e-07,0.0,7.682327414500052e-05,0.4901960784313725,610,311.0,580,611,554.0883980000024,993.5,N/A,N/A,N/A,59776,1958400000,15300000,Stage14,stage14_block_continuous_comparison/results/stage14_online_slot_formal_results.csv,CC-O-R12-A_BLOCK_300,62cccc049bd05c8b7adc65465fa590b84e5e7f8784bfc6d404890243d3ce70e1
R12_BLOCK_STAGE14,R12,Soft Float,Float,Float,N/A,Full traceback,306,306,300,A_BLOCK_300,10.0,50000,0.0,0.0,0.0,2.5609718912715457e-07,0.0,7.682327414500052e-05,0.4901960784313725,610,311.0,580,611,553.1499219999994,986.8,N/A,N/A,N/A,59776,1958400000,15300000,Stage14,stage14_block_continuous_comparison/results/stage14_online_slot_formal_results.csv,CC-O-R12-A_BLOCK_300,62cccc049bd05c8b7adc65465fa590b84e5e7f8784bfc6d404890243d3ce70e1
R23_BLOCK_STAGE14,R23,Soft Float,Float,Float,N/A,Full traceback,306,306,300,A_BLOCK_300,-5.0,1000,0.4726733333333333,1.0,0.4708871746511355,0.4744601918350014,0.9961732415144448,1.0,0.0,457,233.0,435,458,592.9779000000005,1205.6,N/A,N/A,N/A,59776,39168000,306000,Stage14,stage14_block_continuous_comparison/results/stage14_online_slot_formal_results.csv,CC-O-R23-A_BLOCK_300,62cccc049bd05c8b7adc65465fa590b84e5e7f8784bfc6d404890243d3ce70e1
R23_BLOCK_STAGE14,R23,Soft Float,Float,Float,N/A,Full traceback,306,306,300,A_BLOCK_300,-4.5,1000,0.4648966666666666,1.0,0.4631123482752588,0.4666818840332929,0.9961732415144448,1.0,0.0,457,233.0,435,458,510.3397000000001,874.2999999999998,N/A,N/A,N/A,59776,39168000,306000,Stage14,stage14_block_continuous_comparison/results/stage14_online_slot_formal_results.csv,CC-O-R23-A_BLOCK_300,62cccc049bd05c8b7adc65465fa590b84e5e7f8784bfc6d404890243d3ce70e1
R23_BLOCK_STAGE14,R23,Soft Float,Float,Float,N/A,Full traceback,306,306,300,A_BLOCK_300,-4.0,1000,0.4527866666666666,1.0,0.4510060828182631,0.4545684596200931,0.9961732415144448,1.0,0.0,457,233.0,435,458,526.4767000000003,970.3,N/A,N/A,N/A,59776,39168000,306000,Stage14,stage14_block_continuous_comparison/results/stage14_online_slot_formal_results.csv,CC-O-R23-A_BLOCK_300,62cccc049bd05c8b7adc65465fa590b84e5e7f8784bfc6d404890243d3ce70e1
R23_BLOCK_STAGE14,R23,Soft Float,Float,Float,N/A,Full traceback,306,306,300,A_BLOCK_300,-3.5,1000,0.4339199999999999,1.0,0.4321473572448123,0.4356943350241774,0.9961732415144448,1.0,0.0,457,233.0,435,458,538.7685999999998,1005.5,N/A,N/A,N/A,59776,39168000,306000,Stage14,stage14_block_continuous_comparison/results/stage14_online_slot_formal_results.csv,CC-O-R23-A_BLOCK_300,62cccc049bd05c8b7adc65465fa590b84e5e7f8784bfc6d404890243d3ce70e1
R23_BLOCK_STAGE14,R23,Soft Float,Float,Float,N/A,Full traceback,306,306,300,A_BLOCK_300,-3.0,1000,0.40587,1.0,0.4041140141771139,0.4076283964354772,0.9961732415144448,1.0,0.0,457,233.0,435,458,520.6872999999995,911.5,N/A,N/A,N/A,59776,39168000,306000,Stage14,stage14_block_continuous_comparison/results/stage14_online_slot_formal_results.csv,CC-O-R23-A_BLOCK_300,62cccc049bd05c8b7adc65465fa590b84e5e7f8784bfc6d404890243d3ce70e1
R23_BLOCK_STAGE14,R23,Soft Float,Float,Float,N/A,Full traceback,306,306,300,A_BLOCK_300,-2.5,1000,0.3649466666666666,1.0,0.3632257156233695,0.3666710763444671,0.9961732415144448,1.0,0.0,457,233.0,435,458,535.1726000000002,1038.3,N/A,N/A,N/A,59776,39168000,306000,Stage14,stage14_block_continuous_comparison/results/stage14_online_slot_formal_results.csv,CC-O-R23-A_BLOCK_300,62cccc049bd05c8b7adc65465fa590b84e5e7f8784bfc6d404890243d3ce70e1
R23_BLOCK_STAGE14,R23,Soft Float,Float,Float,N/A,Full traceback,306,306,300,A_BLOCK_300,-2.0,1000,0.3052066666666666,1.0,0.3035613400253411,0.3068569818479048,0.9961732415144448,1.0,0.0,457,233.0,435,458,535.9224999999999,1015.6,N/A,N/A,N/A,59776,39168000,306000,Stage14,stage14_block_continuous_comparison/results/stage14_online_slot_formal_results.csv,CC-O-R23-A_BLOCK_300,62cccc049bd05c8b7adc65465fa590b84e5e7f8784bfc6d404890243d3ce70e1
R23_BLOCK_STAGE14,R23,Soft Float,Float,Float,N/A,Full traceback,306,306,300,A_BLOCK_300,-1.5,1000,0.2282566666666666,0.993,0.2267582704308731,0.2297620220855141,0.9856216845342332,0.9966051315990092,0.0045751633986928,457,233.0,435,458,552.4264000000002,1006.4,N/A,N/A,N/A,59776,39168000,306000,Stage14,stage14_block_continuous_comparison/results/stage14_online_slot_formal_results.csv,CC-O-R23-A_BLOCK_300,62cccc049bd05c8b7adc65465fa590b84e5e7f8784bfc6d404890243d3ce70e1
R23_BLOCK_STAGE14,R23,Soft Float,Float,Float,N/A,Full traceback,306,306,300,A_BLOCK_300,-1.0,1000,0.14924,0.936,0.1479694228406088,0.1505195599116745,0.9190992674988256,0.9495637991017704,0.041830065359477,457,233.0,435,458,557.9036000000003,1143.5,N/A,N/A,N/A,59776,39168000,306000,Stage14,stage14_block_continuous_comparison/results/stage14_online_slot_formal_results.csv,CC-O-R23-A_BLOCK_300,62cccc049bd05c8b7adc65465fa590b84e5e7f8784bfc6d404890243d3ce70e1
R23_BLOCK_STAGE14,R23,Soft Float,Float,Float,N/A,Full traceback,306,306,300,A_BLOCK_300,-0.5,1000,0.0770933333333333,0.75,0.0761442418373599,0.0780532552142583,0.7222397197409139,0.7758469010163086,0.1633986928104575,457,233.0,435,458,526.5392999999998,928.6,N/A,N/A,N/A,59776,39168000,306000,Stage14,stage14_block_continuous_comparison/results/stage14_online_slot_formal_results.csv,CC-O-R23-A_BLOCK_300,62cccc049bd05c8b7adc65465fa590b84e5e7f8784bfc6d404890243d3ce70e1
R23_BLOCK_STAGE14,R23,Soft Float,Float,Float,N/A,Full traceback,306,306,300,A_BLOCK_300,0.0,1000,0.0327133333333333,0.4759999999999999,0.0320827501665335,0.0333558834301479,0.445196958428318,0.5069867259789885,0.3424836601307189,457,233.0,435,458,533.828,952.0,N/A,N/A,N/A,59776,39168000,306000,Stage14,stage14_block_continuous_comparison/results/stage14_online_slot_formal_results.csv,CC-O-R23-A_BLOCK_300,62cccc049bd05c8b7adc65465fa590b84e5e7f8784bfc6d404890243d3ce70e1
R23_BLOCK_STAGE14,R23,Soft Float,Float,Float,N/A,Full traceback,306,306,300,A_BLOCK_300,0.5,1000,0.01078,0.229,0.0104166890438381,0.0111558395856295,0.2040231297505251,0.2560509733486457,0.5039215686274509,457,233.0,435,458,520.9863999999999,940.0,N/A,N/A,N/A,59776,39168000,306000,Stage14,stage14_block_continuous_comparison/results/stage14_online_slot_formal_results.csv,CC-O-R23-A_BLOCK_300,62cccc049bd05c8b7adc65465fa590b84e5e7f8784bfc6d404890243d3ce70e1
R23_BLOCK_STAGE14,R23,Soft Float,Float,Float,N/A,Full traceback,306,306,300,A_BLOCK_300,1.0,2268,0.0030981775426219,0.0881834215167548,0.0029689014602714,0.0032330644924385,0.0771987805663823,0.1005607445328412,0.5959585480282648,457,233.0,435,458,569.6778659611994,1081.7,N/A,N/A,N/A,59776,88833024,694008,Stage14,stage14_block_continuous_comparison/results/stage14_online_slot_formal_results.csv,CC-O-R23-A_BLOCK_300,62cccc049bd05c8b7adc65465fa590b84e5e7f8784bfc6d404890243d3ce70e1
R23_BLOCK_STAGE14,R23,Soft Float,Float,Float,N/A,Full traceback,306,306,300,A_BLOCK_300,1.5,7121,0.0007536394701118,0.0280859429855357,0.0007177273689311,0.0007913470409239,0.0244955975577115,0.0321851666606599,0.6352379457610877,457,233.0,435,458,543.8260356691477,955.0,N/A,N/A,N/A,59776,278915328,2179026,Stage14,stage14_block_continuous_comparison/results/stage14_online_slot_formal_results.csv,CC-O-R23-A_BLOCK_300,62cccc049bd05c8b7adc65465fa590b84e5e7f8784bfc6d404890243d3ce70e1
R23_BLOCK_STAGE14,R23,Soft Float,Float,Float,N/A,Full traceback,306,306,300,A_BLOCK_300,2.0,29834,0.0001544099573193,0.0067037608098143,0.0001464814536562,0.0001627675319366,0.0058391966701276,0.0076953433326415,0.6492132282288796,457,233.0,435,458,539.3587685191432,933.4,N/A,N/A,N/A,59776,1168538112,9129204,Stage14,stage14_block_continuous_comparison/results/stage14_online_slot_formal_results.csv,CC-O-R23-A_BLOCK_300,62cccc049bd05c8b7adc65465fa590b84e5e7f8784bfc6d404890243d3ce70e1
R23_BLOCK_STAGE14,R23,Soft Float,Float,Float,N/A,Full traceback,306,306,300,A_BLOCK_300,2.5,50000,2.8266666666666668e-05,0.00158,2.570115946218144e-05,3.10882565822513e-05,0.0012680687046281,0.0019685118079705,0.6525620915032679,457,233.0,435,458,530.0771340000052,912.4,N/A,N/A,N/A,59776,1958400000,15300000,Stage14,stage14_block_continuous_comparison/results/stage14_online_slot_formal_results.csv,CC-O-R23-A_BLOCK_300,62cccc049bd05c8b7adc65465fa590b84e5e7f8784bfc6d404890243d3ce70e1
R23_BLOCK_STAGE14,R23,Soft Float,Float,Float,N/A,Full traceback,306,306,300,A_BLOCK_300,3.0,50000,3.533333333333333e-06,0.00024,2.7015530444120528e-06,4.6212090016282975e-06,0.0001373003274447,0.0004194860715286,0.653437908496732,457,233.0,435,458,557.2875059999988,989.3,N/A,N/A,N/A,59776,1958400000,15300000,Stage14,stage14_block_continuous_comparison/results/stage14_online_slot_formal_results.csv,CC-O-R23-A_BLOCK_300,62cccc049bd05c8b7adc65465fa590b84e5e7f8784bfc6d404890243d3ce70e1
R23_BLOCK_STAGE14,R23,Soft Float,Float,Float,N/A,Full traceback,306,306,300,A_BLOCK_300,3.5,50000,5.333333333333333e-07,4e-05,2.702532928873656e-07,1.0525102897361208e-06,1.0969511301390302e-05,0.0001458476169816,0.6535686274509803,457,233.0,435,458,532.0370220000035,911.0,N/A,N/A,N/A,59776,1958400000,15300000,Stage14,stage14_block_continuous_comparison/results/stage14_online_slot_formal_results.csv,CC-O-R23-A_BLOCK_300,62cccc049bd05c8b7adc65465fa590b84e5e7f8784bfc6d404890243d3ce70e1
R23_BLOCK_STAGE14,R23,Soft Float,Float,Float,N/A,Full traceback,306,306,300,A_BLOCK_300,4.0,50000,0.0,0.0,0.0,2.5609718912715457e-07,0.0,7.682327414500052e-05,0.65359477124183,457,233.0,435,458,535.0906240000021,919.1,N/A,N/A,N/A,59776,1958400000,15300000,Stage14,stage14_block_continuous_comparison/results/stage14_online_slot_formal_results.csv,CC-O-R23-A_BLOCK_300,62cccc049bd05c8b7adc65465fa590b84e5e7f8784bfc6d404890243d3ce70e1
R23_BLOCK_STAGE14,R23,Soft Float,Float,Float,N/A,Full traceback,306,306,300,A_BLOCK_300,4.5,50000,0.0,0.0,0.0,2.5609718912715457e-07,0.0,7.682327414500052e-05,0.65359477124183,457,233.0,435,458,530.4555100000016,908.8,N/A,N/A,N/A,59776,1958400000,15300000,Stage14,stage14_block_continuous_comparison/results/stage14_online_slot_formal_results.csv,CC-O-R23-A_BLOCK_300,62cccc049bd05c8b7adc65465fa590b84e5e7f8784bfc6d404890243d3ce70e1
R23_BLOCK_STAGE14,R23,Soft Float,Float,Float,N/A,Full traceback,306,306,300,A_BLOCK_300,5.0,50000,0.0,0.0,0.0,2.5609718912715457e-07,0.0,7.682327414500052e-05,0.65359477124183,457,233.0,435,458,533.986219999998,909.0,N/A,N/A,N/A,59776,1958400000,15300000,Stage14,stage14_block_continuous_comparison/results/stage14_online_slot_formal_results.csv,CC-O-R23-A_BLOCK_300,62cccc049bd05c8b7adc65465fa590b84e5e7f8784bfc6d404890243d3ce70e1
R23_BLOCK_STAGE14,R23,Soft Float,Float,Float,N/A,Full traceback,306,306,300,A_BLOCK_300,5.5,50000,0.0,0.0,0.0,2.5609718912715457e-07,0.0,7.682327414500052e-05,0.65359477124183,457,233.0,435,458,530.3842559999996,905.6,N/A,N/A,N/A,59776,1958400000,15300000,Stage14,stage14_block_continuous_comparison/results/stage14_online_slot_formal_results.csv,CC-O-R23-A_BLOCK_300,62cccc049bd05c8b7adc65465fa590b84e5e7f8784bfc6d404890243d3ce70e1
R23_BLOCK_STAGE14,R23,Soft Float,Float,Float,N/A,Full traceback,306,306,300,A_BLOCK_300,6.0,50000,0.0,0.0,0.0,2.5609718912715457e-07,0.0,7.682327414500052e-05,0.65359477124183,457,233.0,435,458,522.8115620000016,886.1,N/A,N/A,N/A,59776,1958400000,15300000,Stage14,stage14_block_continuous_comparison/results/stage14_online_slot_formal_results.csv,CC-O-R23-A_BLOCK_300,62cccc049bd05c8b7adc65465fa590b84e5e7f8784bfc6d404890243d3ce70e1
R23_BLOCK_STAGE14,R23,Soft Float,Float,Float,N/A,Full traceback,306,306,300,A_BLOCK_300,6.5,50000,0.0,0.0,0.0,2.5609718912715457e-07,0.0,7.682327414500052e-05,0.65359477124183,457,233.0,435,458,534.7656200000017,921.5,N/A,N/A,N/A,59776,1958400000,15300000,Stage14,stage14_block_continuous_comparison/results/stage14_online_slot_formal_results.csv,CC-O-R23-A_BLOCK_300,62cccc049bd05c8b7adc65465fa590b84e5e7f8784bfc6d404890243d3ce70e1
R23_BLOCK_STAGE14,R23,Soft Float,Float,Float,N/A,Full traceback,306,306,300,A_BLOCK_300,7.0,50000,0.0,0.0,0.0,2.5609718912715457e-07,0.0,7.682327414500052e-05,0.65359477124183,457,233.0,435,458,534.7516959999988,921.9,N/A,N/A,N/A,59776,1958400000,15300000,Stage14,stage14_block_continuous_comparison/results/stage14_online_slot_formal_results.csv,CC-O-R23-A_BLOCK_300,62cccc049bd05c8b7adc65465fa590b84e5e7f8784bfc6d404890243d3ce70e1
R23_BLOCK_STAGE14,R23,Soft Float,Float,Float,N/A,Full traceback,306,306,300,A_BLOCK_300,7.5,50000,0.0,0.0,0.0,2.5609718912715457e-07,0.0,7.682327414500052e-05,0.65359477124183,457,233.0,435,458,535.4830639999991,912.0,N/A,N/A,N/A,59776,1958400000,15300000,Stage14,stage14_block_continuous_comparison/results/stage14_online_slot_formal_results.csv,CC-O-R23-A_BLOCK_300,62cccc049bd05c8b7adc65465fa590b84e5e7f8784bfc6d404890243d3ce70e1
R23_BLOCK_STAGE14,R23,Soft Float,Float,Float,N/A,Full traceback,306,306,300,A_BLOCK_300,8.0,50000,0.0,0.0,0.0,2.5609718912715457e-07,0.0,7.682327414500052e-05,0.65359477124183,457,233.0,435,458,534.0420380000014,918.0,N/A,N/A,N/A,59776,1958400000,15300000,Stage14,stage14_block_continuous_comparison/results/stage14_online_slot_formal_results.csv,CC-O-R23-A_BLOCK_300,62cccc049bd05c8b7adc65465fa590b84e5e7f8784bfc6d404890243d3ce70e1
R23_BLOCK_STAGE14,R23,Soft Float,Float,Float,N/A,Full traceback,306,306,300,A_BLOCK_300,8.5,50000,0.0,0.0,0.0,2.5609718912715457e-07,0.0,7.682327414500052e-05,0.65359477124183,457,233.0,435,458,529.6956940000023,912.4,N/A,N/A,N/A,59776,1958400000,15300000,Stage14,stage14_block_continuous_comparison/results/stage14_online_slot_formal_results.csv,CC-O-R23-A_BLOCK_300,62cccc049bd05c8b7adc65465fa590b84e5e7f8784bfc6d404890243d3ce70e1
R23_BLOCK_STAGE14,R23,Soft Float,Float,Float,N/A,Full traceback,306,306,300,A_BLOCK_300,9.0,50000,0.0,0.0,0.0,2.5609718912715457e-07,0.0,7.682327414500052e-05,0.65359477124183,457,233.0,435,458,535.8466860000009,921.6,N/A,N/A,N/A,59776,1958400000,15300000,Stage14,stage14_block_continuous_comparison/results/stage14_online_slot_formal_results.csv,CC-O-R23-A_BLOCK_300,62cccc049bd05c8b7adc65465fa590b84e5e7f8784bfc6d404890243d3ce70e1
R23_BLOCK_STAGE14,R23,Soft Float,Float,Float,N/A,Full traceback,306,306,300,A_BLOCK_300,9.5,50000,0.0,0.0,0.0,2.5609718912715457e-07,0.0,7.682327414500052e-05,0.65359477124183,457,233.0,435,458,527.7022040000007,897.7999999999998,N/A,N/A,N/A,59776,1958400000,15300000,Stage14,stage14_block_continuous_comparison/results/stage14_online_slot_formal_results.csv,CC-O-R23-A_BLOCK_300,62cccc049bd05c8b7adc65465fa590b84e5e7f8784bfc6d404890243d3ce70e1
R23_BLOCK_STAGE14,R23,Soft Float,Float,Float,N/A,Full traceback,306,306,300,A_BLOCK_300,10.0,50000,0.0,0.0,0.0,2.5609718912715457e-07,0.0,7.682327414500052e-05,0.65359477124183,457,233.0,435,458,529.3532319999986,897.1,N/A,N/A,N/A,59776,1958400000,15300000,Stage14,stage14_block_continuous_comparison/results/stage14_online_slot_formal_results.csv,CC-O-R23-A_BLOCK_300,62cccc049bd05c8b7adc65465fa590b84e5e7f8784bfc6d404890243d3ce70e1
R34_BLOCK_STAGE14,R34,Soft Float,Float,Float,N/A,Full traceback,306,306,300,A_BLOCK_300,-5.0,1000,0.4851366666666666,1.0,0.4833484649908786,0.4869252489834668,0.9961732415144448,1.0,0.0,406,207.0,386,407,517.7783999999992,947.5,N/A,N/A,N/A,59776,39168000,306000,Stage14,stage14_block_continuous_comparison/results/stage14_online_slot_formal_results.csv,CC-O-R34-A_BLOCK_300,62cccc049bd05c8b7adc65465fa590b84e5e7f8784bfc6d404890243d3ce70e1
R34_BLOCK_STAGE14,R34,Soft Float,Float,Float,N/A,Full traceback,306,306,300,A_BLOCK_300,-4.5,1000,0.4814833333333333,1.0,0.4796956150534731,0.4832715258138713,0.9961732415144448,1.0,0.0,406,207.0,386,407,517.8328000000002,904.2,N/A,N/A,N/A,59776,39168000,306000,Stage14,stage14_block_continuous_comparison/results/stage14_online_slot_formal_results.csv,CC-O-R34-A_BLOCK_300,62cccc049bd05c8b7adc65465fa590b84e5e7f8784bfc6d404890243d3ce70e1
R34_BLOCK_STAGE14,R34,Soft Float,Float,Float,N/A,Full traceback,306,306,300,A_BLOCK_300,-4.0,1000,0.47631,1.0,0.4745231299935184,0.4780974766931094,0.9961732415144448,1.0,0.0,406,207.0,386,407,501.0416000000001,896.0,N/A,N/A,N/A,59776,39168000,306000,Stage14,stage14_block_continuous_comparison/results/stage14_online_slot_formal_results.csv,CC-O-R34-A_BLOCK_300,62cccc049bd05c8b7adc65465fa590b84e5e7f8784bfc6d404890243d3ce70e1
R34_BLOCK_STAGE14,R34,Soft Float,Float,Float,N/A,Full traceback,306,306,300,A_BLOCK_300,-3.5,1000,0.4679533333333333,1.0,0.4661682396686782,0.4697392476938151,0.9961732415144448,1.0,0.0,406,207.0,386,407,513.3811000000003,889.0,N/A,N/A,N/A,59776,39168000,306000,Stage14,stage14_block_continuous_comparison/results/stage14_online_slot_formal_results.csv,CC-O-R34-A_BLOCK_300,62cccc049bd05c8b7adc65465fa590b84e5e7f8784bfc6d404890243d3ce70e1
R34_BLOCK_STAGE14,R34,Soft Float,Float,Float,N/A,Full traceback,306,306,300,A_BLOCK_300,-3.0,1000,0.4558233333333333,1.0,0.4540417133647647,0.4576060846397209,0.9961732415144448,1.0,0.0,406,207.0,386,407,491.6008000000004,819.2999999999998,N/A,N/A,N/A,59776,39168000,306000,Stage14,stage14_block_continuous_comparison/results/stage14_online_slot_formal_results.csv,CC-O-R34-A_BLOCK_300,62cccc049bd05c8b7adc65465fa590b84e5e7f8784bfc6d404890243d3ce70e1
R34_BLOCK_STAGE14,R34,Soft Float,Float,Float,N/A,Full traceback,306,306,300,A_BLOCK_300,-2.5,1000,0.4400933333333333,1.0,0.4383178060562522,0.4418703947840567,0.9961732415144448,1.0,0.0,406,207.0,386,407,497.29999999999967,847.5,N/A,N/A,N/A,59776,39168000,306000,Stage14,stage14_block_continuous_comparison/results/stage14_online_slot_formal_results.csv,CC-O-R34-A_BLOCK_300,62cccc049bd05c8b7adc65465fa590b84e5e7f8784bfc6d404890243d3ce70e1
R34_BLOCK_STAGE14,R34,Soft Float,Float,Float,N/A,Full traceback,306,306,300,A_BLOCK_300,-2.0,1000,0.4153999999999999,1.0,0.4136376971629833,0.4171644693920491,0.9961732415144448,1.0,0.0,406,207.0,386,407,467.3280999999992,689.1,N/A,N/A,N/A,59776,39168000,306000,Stage14,stage14_block_continuous_comparison/results/stage14_online_slot_formal_results.csv,CC-O-R34-A_BLOCK_300,62cccc049bd05c8b7adc65465fa590b84e5e7f8784bfc6d404890243d3ce70e1
R34_BLOCK_STAGE14,R34,Soft Float,Float,Float,N/A,Full traceback,306,306,300,A_BLOCK_300,-1.5,1000,0.3716433333333333,1.0,0.3699157532532475,0.3733742005503235,0.9961732415144448,1.0,0.0,406,207.0,386,407,521.6397999999997,945.4,N/A,N/A,N/A,59776,39168000,306000,Stage14,stage14_block_continuous_comparison/results/stage14_online_slot_formal_results.csv,CC-O-R34-A_BLOCK_300,62cccc049bd05c8b7adc65465fa590b84e5e7f8784bfc6d404890243d3ce70e1
R34_BLOCK_STAGE14,R34,Soft Float,Float,Float,N/A,Full traceback,306,306,300,A_BLOCK_300,-1.0,1000,0.3185933333333333,1.0,0.3169283835041605,0.3202629288779503,0.9961732415144448,1.0,0.0,406,207.0,386,407,498.8270999999998,809.2,N/A,N/A,N/A,59776,39168000,306000,Stage14,stage14_block_continuous_comparison/results/stage14_online_slot_formal_results.csv,CC-O-R34-A_BLOCK_300,62cccc049bd05c8b7adc65465fa590b84e5e7f8784bfc6d404890243d3ce70e1
R34_BLOCK_STAGE14,R34,Soft Float,Float,Float,N/A,Full traceback,306,306,300,A_BLOCK_300,-0.5,1000,0.2436366666666666,0.987,0.2421038396173353,0.2451760590265176,0.9778855576244204,0.9923871796106488,0.0095588235294117,406,207.0,386,407,515.1404,908.1,N/A,N/A,N/A,59776,39168000,306000,Stage14,stage14_block_continuous_comparison/results/stage14_online_slot_formal_results.csv,CC-O-R34-A_BLOCK_300,62cccc049bd05c8b7adc65465fa590b84e5e7f8784bfc6d404890243d3ce70e1
R34_BLOCK_STAGE14,R34,Soft Float,Float,Float,N/A,Full traceback,306,306,300,A_BLOCK_300,0.0,1000,0.1511433333333333,0.918,0.1498660631040592,0.1524295375716708,0.8993527833262955,0.9334480465797804,0.0602941176470587,406,207.0,386,407,487.82290000000006,785.7999999999998,N/A,N/A,N/A,59776,39168000,306000,Stage14,stage14_block_continuous_comparison/results/stage14_online_slot_formal_results.csv,CC-O-R34-A_BLOCK_300,62cccc049bd05c8b7adc65465fa590b84e5e7f8784bfc6d404890243d3ce70e1
R34_BLOCK_STAGE14,R34,Soft Float,Float,Float,N/A,Full traceback,306,306,300,A_BLOCK_300,0.5,1000,0.07731,0.7189999999999999,0.0763596776376798,0.078271147198569,0.6903436580897933,0.7459802216935335,0.2066176470588235,406,207.0,386,407,487.4946000000005,772.7,N/A,N/A,N/A,59776,39168000,306000,Stage14,stage14_block_continuous_comparison/results/stage14_online_slot_formal_results.csv,CC-O-R34-A_BLOCK_300,62cccc049bd05c8b7adc65465fa590b84e5e7f8784bfc6d404890243d3ce70e1
R34_BLOCK_STAGE14,R34,Soft Float,Float,Float,N/A,Full traceback,306,306,300,A_BLOCK_300,1.0,1000,0.0319533333333333,0.454,0.0313299499093762,0.0325887031504474,0.4233763038248614,0.4849757579558096,0.4014705882352941,406,207.0,386,407,500.37840000000006,765.9,N/A,N/A,N/A,59776,39168000,306000,Stage14,stage14_block_continuous_comparison/results/stage14_online_slot_formal_results.csv,CC-O-R34-A_BLOCK_300,62cccc049bd05c8b7adc65465fa590b84e5e7f8784bfc6d404890243d3ce70e1
R34_BLOCK_STAGE14,R34,Soft Float,Float,Float,N/A,Full traceback,306,306,300,A_BLOCK_300,1.5,1000,0.0108866666666666,0.214,0.0105215509608189,0.0112643082703129,0.1897000852144518,0.2404888206392857,0.5779411764705882,406,207.0,386,407,539.5377,920.7,N/A,N/A,N/A,59776,39168000,306000,Stage14,stage14_block_continuous_comparison/results/stage14_online_slot_formal_results.csv,CC-O-R34-A_BLOCK_300,62cccc049bd05c8b7adc65465fa590b84e5e7f8784bfc6d404890243d3ce70e1
R34_BLOCK_STAGE14,R34,Soft Float,Float,Float,N/A,Full traceback,306,306,300,A_BLOCK_300,2.0,2758,0.0029199903311578,0.0725163161711385,0.0028060113243366,0.0030385850100174,0.0634205698842027,0.0828012407598934,0.6819732969329864,406,207.0,386,407,522.6193255982596,847.1,N/A,N/A,N/A,59776,108025344,843948,Stage14,stage14_block_continuous_comparison/results/stage14_online_slot_formal_results.csv,CC-O-R34-A_BLOCK_300,62cccc049bd05c8b7adc65465fa590b84e5e7f8784bfc6d404890243d3ce70e1
R34_BLOCK_STAGE14,R34,Soft Float,Float,Float,N/A,Full traceback,306,306,300,A_BLOCK_300,2.5,8719,0.0007175899376839,0.0229384103681614,0.0006858633090137,0.000750783072453,0.0199998084952735,0.0262971992776148,0.7184276394351754,406,207.0,386,407,520.2788851932543,885.1,N/A,N/A,N/A,59776,341505792,2668014,Stage14,stage14_block_continuous_comparison/results/stage14_online_slot_formal_results.csv,CC-O-R34-A_BLOCK_300,62cccc049bd05c8b7adc65465fa590b84e5e7f8784bfc6d404890243d3ce70e1
R34_BLOCK_STAGE14,R34,Soft Float,Float,Float,N/A,Full traceback,306,306,300,A_BLOCK_300,3.0,33331,0.00015511085776,0.006000420029402,0.0001475816814077,0.0001630240875602,0.0052263416195912,0.0068883540305911,0.7308820440960279,406,207.0,386,407,516.2206504455299,853.5,N/A,N/A,N/A,59776,1305508608,10199286,Stage14,stage14_block_continuous_comparison/results/stage14_online_slot_formal_results.csv,CC-O-R34-A_BLOCK_300,62cccc049bd05c8b7adc65465fa590b84e5e7f8784bfc6d404890243d3ce70e1
R34_BLOCK_STAGE14,R34,Soft Float,Float,Float,N/A,Full traceback,306,306,300,A_BLOCK_300,3.5,50000,3.16e-05,0.0014599999999999,2.888044330106961e-05,3.4575637702715185e-05,0.0011614537039255,0.0018351452462589,0.7342205882352941,406,207.0,386,407,537.6661119999974,922.3,N/A,N/A,N/A,59776,1958400000,15300000,Stage14,stage14_block_continuous_comparison/results/stage14_online_slot_formal_results.csv,CC-O-R34-A_BLOCK_300,62cccc049bd05c8b7adc65465fa590b84e5e7f8784bfc6d404890243d3ce70e1
R34_BLOCK_STAGE14,R34,Soft Float,Float,Float,N/A,Full traceback,306,306,300,A_BLOCK_300,4.0,50000,2.9333333333333333e-06,0.00018,2.185246216725993e-06,3.937516136630985e-06,9.470426823108522e-05,0.0003420913495352,0.7351617647058823,406,207.0,386,407,519.7593560000022,877.6,N/A,N/A,N/A,59776,1958400000,15300000,Stage14,stage14_block_continuous_comparison/results/stage14_online_slot_formal_results.csv,CC-O-R34-A_BLOCK_300,62cccc049bd05c8b7adc65465fa590b84e5e7f8784bfc6d404890243d3ce70e1
R34_BLOCK_STAGE14,R34,Soft Float,Float,Float,N/A,Full traceback,306,306,300,A_BLOCK_300,4.5,50000,1.1333333333333334e-06,4e-05,7.076312242834572e-07,1.8151320510234024e-06,1.0969511301390302e-05,0.0001458476169816,0.7352647058823529,406,207.0,386,407,519.0091200000031,866.7,N/A,N/A,N/A,59776,1958400000,15300000,Stage14,stage14_block_continuous_comparison/results/stage14_online_slot_formal_results.csv,CC-O-R34-A_BLOCK_300,62cccc049bd05c8b7adc65465fa590b84e5e7f8784bfc6d404890243d3ce70e1
R34_BLOCK_STAGE14,R34,Soft Float,Float,Float,N/A,Full traceback,306,306,300,A_BLOCK_300,5.0,50000,0.0,0.0,0.0,2.5609718912715457e-07,0.0,7.682327414500052e-05,0.7352941176470588,406,207.0,386,407,521.5631980000037,880.2,N/A,N/A,N/A,59776,1958400000,15300000,Stage14,stage14_block_continuous_comparison/results/stage14_online_slot_formal_results.csv,CC-O-R34-A_BLOCK_300,62cccc049bd05c8b7adc65465fa590b84e5e7f8784bfc6d404890243d3ce70e1
R34_BLOCK_STAGE14,R34,Soft Float,Float,Float,N/A,Full traceback,306,306,300,A_BLOCK_300,5.5,50000,0.0,0.0,0.0,2.5609718912715457e-07,0.0,7.682327414500052e-05,0.7352941176470588,406,207.0,386,407,522.9708239999976,878.1,N/A,N/A,N/A,59776,1958400000,15300000,Stage14,stage14_block_continuous_comparison/results/stage14_online_slot_formal_results.csv,CC-O-R34-A_BLOCK_300,62cccc049bd05c8b7adc65465fa590b84e5e7f8784bfc6d404890243d3ce70e1
R34_BLOCK_STAGE14,R34,Soft Float,Float,Float,N/A,Full traceback,306,306,300,A_BLOCK_300,6.0,50000,0.0,0.0,0.0,2.5609718912715457e-07,0.0,7.682327414500052e-05,0.7352941176470588,406,207.0,386,407,519.2798299999994,862.2,N/A,N/A,N/A,59776,1958400000,15300000,Stage14,stage14_block_continuous_comparison/results/stage14_online_slot_formal_results.csv,CC-O-R34-A_BLOCK_300,62cccc049bd05c8b7adc65465fa590b84e5e7f8784bfc6d404890243d3ce70e1
R34_BLOCK_STAGE14,R34,Soft Float,Float,Float,N/A,Full traceback,306,306,300,A_BLOCK_300,6.5,50000,0.0,0.0,0.0,2.5609718912715457e-07,0.0,7.682327414500052e-05,0.7352941176470588,406,207.0,386,407,503.4448699999982,806.1,N/A,N/A,N/A,59776,1958400000,15300000,Stage14,stage14_block_continuous_comparison/results/stage14_online_slot_formal_results.csv,CC-O-R34-A_BLOCK_300,62cccc049bd05c8b7adc65465fa590b84e5e7f8784bfc6d404890243d3ce70e1
R34_BLOCK_STAGE14,R34,Soft Float,Float,Float,N/A,Full traceback,306,306,300,A_BLOCK_300,7.0,50000,0.0,0.0,0.0,2.5609718912715457e-07,0.0,7.682327414500052e-05,0.7352941176470588,406,207.0,386,407,510.7306999999976,842.7999999999998,N/A,N/A,N/A,59776,1958400000,15300000,Stage14,stage14_block_continuous_comparison/results/stage14_online_slot_formal_results.csv,CC-O-R34-A_BLOCK_300,62cccc049bd05c8b7adc65465fa590b84e5e7f8784bfc6d404890243d3ce70e1
R34_BLOCK_STAGE14,R34,Soft Float,Float,Float,N/A,Full traceback,306,306,300,A_BLOCK_300,7.5,50000,0.0,0.0,0.0,2.5609718912715457e-07,0.0,7.682327414500052e-05,0.7352941176470588,406,207.0,386,407,519.7406820000032,872.1,N/A,N/A,N/A,59776,1958400000,15300000,Stage14,stage14_block_continuous_comparison/results/stage14_online_slot_formal_results.csv,CC-O-R34-A_BLOCK_300,62cccc049bd05c8b7adc65465fa590b84e5e7f8784bfc6d404890243d3ce70e1
R34_BLOCK_STAGE14,R34,Soft Float,Float,Float,N/A,Full traceback,306,306,300,A_BLOCK_300,8.0,50000,0.0,0.0,0.0,2.5609718912715457e-07,0.0,7.682327414500052e-05,0.7352941176470588,406,207.0,386,407,488.0982520000016,761.2,N/A,N/A,N/A,59776,1958400000,15300000,Stage14,stage14_block_continuous_comparison/results/stage14_online_slot_formal_results.csv,CC-O-R34-A_BLOCK_300,62cccc049bd05c8b7adc65465fa590b84e5e7f8784bfc6d404890243d3ce70e1
R34_BLOCK_STAGE14,R34,Soft Float,Float,Float,N/A,Full traceback,306,306,300,A_BLOCK_300,8.5,50000,0.0,0.0,0.0,2.5609718912715457e-07,0.0,7.682327414500052e-05,0.7352941176470588,406,207.0,386,407,488.1350200000021,761.0,N/A,N/A,N/A,59776,1958400000,15300000,Stage14,stage14_block_continuous_comparison/results/stage14_online_slot_formal_results.csv,CC-O-R34-A_BLOCK_300,62cccc049bd05c8b7adc65465fa590b84e5e7f8784bfc6d404890243d3ce70e1
R34_BLOCK_STAGE14,R34,Soft Float,Float,Float,N/A,Full traceback,306,306,300,A_BLOCK_300,9.0,50000,0.0,0.0,0.0,2.5609718912715457e-07,0.0,7.682327414500052e-05,0.7352941176470588,406,207.0,386,407,487.16261800000177,763.1,N/A,N/A,N/A,59776,1958400000,15300000,Stage14,stage14_block_continuous_comparison/results/stage14_online_slot_formal_results.csv,CC-O-R34-A_BLOCK_300,62cccc049bd05c8b7adc65465fa590b84e5e7f8784bfc6d404890243d3ce70e1
R34_BLOCK_STAGE14,R34,Soft Float,Float,Float,N/A,Full traceback,306,306,300,A_BLOCK_300,9.5,50000,0.0,0.0,0.0,2.5609718912715457e-07,0.0,7.682327414500052e-05,0.7352941176470588,406,207.0,386,407,489.1314440000007,771.2999999999998,N/A,N/A,N/A,59776,1958400000,15300000,Stage14,stage14_block_continuous_comparison/results/stage14_online_slot_formal_results.csv,CC-O-R34-A_BLOCK_300,62cccc049bd05c8b7adc65465fa590b84e5e7f8784bfc6d404890243d3ce70e1
R34_BLOCK_STAGE14,R34,Soft Float,Float,Float,N/A,Full traceback,306,306,300,A_BLOCK_300,10.0,50000,0.0,0.0,0.0,2.5609718912715457e-07,0.0,7.682327414500052e-05,0.7352941176470588,406,207.0,386,407,467.1522319999972,709.3,N/A,N/A,N/A,59776,1958400000,15300000,Stage14,stage14_block_continuous_comparison/results/stage14_online_slot_formal_results.csv,CC-O-R34-A_BLOCK_300,62cccc049bd05c8b7adc65465fa590b84e5e7f8784bfc6d404890243d3ce70e1
R12_SLIDING_BALANCED_B_CONT_50x6,R12,Soft Float,Float,Float,N/A,True sliding-window,70,128,25,B_CONT_50x6,-5.0,1000,0.3913266666666666,1.0,0.3895816463022762,0.3930744700896531,0.9961732415144448,1.0,0.0,298,231.0,342,611,1534.6474999999982,2052.5,N/A,N/A,N/A,26112,143998000,866000,Stage14,stage14_block_continuous_comparison/results/stage14_online_slot_formal_results.csv,CC-O-R12-B_CONT_50x6,62cccc049bd05c8b7adc65465fa590b84e5e7f8784bfc6d404890243d3ce70e1
R12_SLIDING_BALANCED_B_CONT_50x6,R12,Soft Float,Float,Float,N/A,True sliding-window,70,128,25,B_CONT_50x6,-4.5,1000,0.34686,1.0,0.3451587625847058,0.3485651592384344,0.9961732415144448,1.0,0.0,298,231.0,342,611,1551.163600000002,2124.1,N/A,N/A,N/A,26112,143998000,866000,Stage14,stage14_block_continuous_comparison/results/stage14_online_slot_formal_results.csv,CC-O-R12-B_CONT_50x6,62cccc049bd05c8b7adc65465fa590b84e5e7f8784bfc6d404890243d3ce70e1
R12_SLIDING_BALANCED_B_CONT_50x6,R12,Soft Float,Float,Float,N/A,True sliding-window,70,128,25,B_CONT_50x6,-4.0,1000,0.2883133333333333,1.0,0.2866951220966754,0.2899369657379931,0.9961732415144448,1.0,0.0,298,231.0,342,611,1544.9835000000005,2178.5,N/A,N/A,N/A,26112,143998000,866000,Stage14,stage14_block_continuous_comparison/results/stage14_online_slot_formal_results.csv,CC-O-R12-B_CONT_50x6,62cccc049bd05c8b7adc65465fa590b84e5e7f8784bfc6d404890243d3ce70e1
R12_SLIDING_BALANCED_B_CONT_50x6,R12,Soft Float,Float,Float,N/A,True sliding-window,70,128,25,B_CONT_50x6,-3.5,1000,0.2154466666666666,0.997,0.213979125786383,0.2169214947863867,0.9912169859464968,0.9989792161188614,0.0014705882352941,298,231.0,342,611,1558.7870000000005,2077.7,N/A,N/A,N/A,26112,143998000,866000,Stage14,stage14_block_continuous_comparison/results/stage14_online_slot_formal_results.csv,CC-O-R12-B_CONT_50x6,62cccc049bd05c8b7adc65465fa590b84e5e7f8784bfc6d404890243d3ce70e1
R12_SLIDING_BALANCED_B_CONT_50x6,R12,Soft Float,Float,Float,N/A,True sliding-window,70,128,25,B_CONT_50x6,-3.0,1000,0.1393133333333333,0.973,0.1380788511830952,0.1405570524518077,0.9610012692469598,0.981378617225705,0.013235294117647,298,231.0,342,611,1596.6224999999995,2031.8,N/A,N/A,N/A,26112,143998000,866000,Stage14,stage14_block_continuous_comparison/results/stage14_online_slot_formal_results.csv,CC-O-R12-B_CONT_50x6,62cccc049bd05c8b7adc65465fa590b84e5e7f8784bfc6d404890243d3ce70e1
R12_SLIDING_BALANCED_B_CONT_50x6,R12,Soft Float,Float,Float,N/A,True sliding-window,70,128,25,B_CONT_50x6,-2.5,1000,0.0781466666666666,0.871,0.0771916118806186,0.0791125248624343,0.8487959904982231,0.890364554705495,0.063235294117647,298,231.0,342,611,1619.130600000006,2059.7,N/A,N/A,N/A,26112,143998000,866000,Stage14,stage14_block_continuous_comparison/results/stage14_online_slot_formal_results.csv,CC-O-R12-B_CONT_50x6,62cccc049bd05c8b7adc65465fa590b84e5e7f8784bfc6d404890243d3ce70e1
R12_SLIDING_BALANCED_B_CONT_50x6,R12,Soft Float,Float,Float,N/A,True sliding-window,70,128,25,B_CONT_50x6,-2.0,1000,0.0356599999999999,0.636,0.0350023434439008,0.0363295480237558,0.6057107726047039,0.6652483490872249,0.1784313725490195,298,231.0,342,611,1627.5757000000017,2058.7,N/A,N/A,N/A,26112,143998000,866000,Stage14,stage14_block_continuous_comparison/results/stage14_online_slot_formal_results.csv,CC-O-R12-B_CONT_50x6,62cccc049bd05c8b7adc65465fa590b84e5e7f8784bfc6d404890243d3ce70e1
R12_SLIDING_BALANCED_B_CONT_50x6,R12,Soft Float,Float,Float,N/A,True sliding-window,70,128,25,B_CONT_50x6,-1.5,1000,0.0142633333333333,0.392,0.0138452048985276,0.0146939011915386,0.3622102251883648,0.4226163546445151,0.2980392156862745,298,231.0,342,611,1633.643899999999,2105.7,N/A,N/A,N/A,26112,143998000,866000,Stage14,stage14_block_continuous_comparison/results/stage14_online_slot_formal_results.csv,CC-O-R12-B_CONT_50x6,62cccc049bd05c8b7adc65465fa590b84e5e7f8784bfc6d404890243d3ce70e1
R12_SLIDING_BALANCED_B_CONT_50x6,R12,Soft Float,Float,Float,N/A,True sliding-window,70,128,25,B_CONT_50x6,-1.0,1092,0.0051037851037851,0.1831501831501831,0.0048655086336242,0.0053536678079972,0.1613332631071269,0.2071885295026307,0.400416576887165,298,231.0,342,611,1515.097527472528,1898.9,N/A,N/A,N/A,26112,157245816,945672,Stage14,stage14_block_continuous_comparison/results/stage14_online_slot_formal_results.csv,CC-O-R12-B_CONT_50x6,62cccc049bd05c8b7adc65465fa590b84e5e7f8784bfc6d404890243d3ce70e1
R12_SLIDING_BALANCED_B_CONT_50x6,R12,Soft Float,Float,Float,N/A,True sliding-window,70,128,25,B_CONT_50x6,-0.5,3368,0.0013420427553444,0.0593824228028503,0.0012725308676431,0.0014153463428191,0.0518914376638513,0.0678773782050709,0.4610870476456616,298,231.0,342,611,1469.4881828978582,1790.9,N/A,N/A,N/A,26112,484985264,2916688,Stage14,stage14_block_continuous_comparison/results/stage14_online_slot_formal_results.csv,CC-O-R12-B_CONT_50x6,62cccc049bd05c8b7adc65465fa590b84e5e7f8784bfc6d404890243d3ce70e1
R12_SLIDING_BALANCED_B_CONT_50x6,R12,Soft Float,Float,Float,N/A,True sliding-window,70,128,25,B_CONT_50x6,0.0,11368,0.0003187309406521,0.0175932441942294,0.0003003407047178,0.0003382468526692,0.0153344118367768,0.0201779948638502,0.4815719391204758,298,231.0,342,611,1603.3937368050686,1988.2,N/A,N/A,N/A,26112,1636969264,9844688,Stage14,stage14_block_continuous_comparison/results/stage14_online_slot_formal_results.csv,CC-O-R12-B_CONT_50x6,62cccc049bd05c8b7adc65465fa590b84e5e7f8784bfc6d404890243d3ce70e1
R12_SLIDING_BALANCED_B_CONT_50x6,R12,Soft Float,Float,Float,N/A,True sliding-window,70,128,25,B_CONT_50x6,0.5,39060,8.18399044205496e-05,0.0051203277009728,7.68217193575539e-05,8.718586118454609e-05,0.0044595477795002,0.0058784385459461,0.4876861138720721,298,231.0,342,611,1730.8635765488907,2383.5,N/A,N/A,N/A,26112,5624561880,33825960,Stage14,stage14_block_continuous_comparison/results/stage14_online_slot_formal_results.csv,CC-O-R12-B_CONT_50x6,62cccc049bd05c8b7adc65465fa590b84e5e7f8784bfc6d404890243d3ce70e1
R12_SLIDING_BALANCED_B_CONT_50x6,R12,Soft Float,Float,Float,N/A,True sliding-window,70,128,25,B_CONT_50x6,1.0,50000,1.6866666666666666e-05,0.0012199999999999,1.4912445731913985e-05,1.9076976151534653e-05,0.0009499701980316,0.0015666656273244,0.4895980392156862,298,231.0,342,611,1697.8393900000092,2305.3,N/A,N/A,N/A,26112,7199900000,43300000,Stage14,stage14_block_continuous_comparison/results/stage14_online_slot_formal_results.csv,CC-O-R12-B_CONT_50x6,62cccc049bd05c8b7adc65465fa590b84e5e7f8784bfc6d404890243d3ce70e1
R12_SLIDING_BALANCED_B_CONT_50x6,R12,Soft Float,Float,Float,N/A,True sliding-window,70,128,25,B_CONT_50x6,1.5,50000,3.6666666666666666e-06,0.00024,2.817260596548265e-06,4.77216804786617e-06,0.0001373003274447,0.0004194860715286,0.4900784313725489,298,231.0,342,611,1707.4271919999985,2320.2,N/A,N/A,N/A,26112,7199900000,43300000,Stage14,stage14_block_continuous_comparison/results/stage14_online_slot_formal_results.csv,CC-O-R12-B_CONT_50x6,62cccc049bd05c8b7adc65465fa590b84e5e7f8784bfc6d404890243d3ce70e1
R12_SLIDING_BALANCED_B_CONT_50x6,R12,Soft Float,Float,Float,N/A,True sliding-window,70,128,25,B_CONT_50x6,2.0,50000,4.0000000000000003e-07,2e-05,1.833236003476189e-07,8.727733839017842e-07,3.530499822832098e-06,0.0001132897013912,0.4901862745098039,298,231.0,342,611,1680.211200000011,2282.2,N/A,N/A,N/A,26112,7199900000,43300000,Stage14,stage14_block_continuous_comparison/results/stage14_online_slot_formal_results.csv,CC-O-R12-B_CONT_50x6,62cccc049bd05c8b7adc65465fa590b84e5e7f8784bfc6d404890243d3ce70e1
R12_SLIDING_BALANCED_B_CONT_50x6,R12,Soft Float,Float,Float,N/A,True sliding-window,70,128,25,B_CONT_50x6,2.5,50000,0.0,0.0,0.0,2.5609718912715457e-07,0.0,7.682327414500052e-05,0.4901960784313725,298,231.0,342,611,1551.66286199999,1936.8,N/A,N/A,N/A,26112,7199900000,43300000,Stage14,stage14_block_continuous_comparison/results/stage14_online_slot_formal_results.csv,CC-O-R12-B_CONT_50x6,62cccc049bd05c8b7adc65465fa590b84e5e7f8784bfc6d404890243d3ce70e1
R12_SLIDING_BALANCED_B_CONT_50x6,R12,Soft Float,Float,Float,N/A,True sliding-window,70,128,25,B_CONT_50x6,3.0,50000,0.0,0.0,0.0,2.5609718912715457e-07,0.0,7.682327414500052e-05,0.4901960784313725,298,231.0,342,611,1897.6235199999865,2821.3,N/A,N/A,N/A,26112,7199900000,43300000,Stage14,stage14_block_continuous_comparison/results/stage14_online_slot_formal_results.csv,CC-O-R12-B_CONT_50x6,62cccc049bd05c8b7adc65465fa590b84e5e7f8784bfc6d404890243d3ce70e1
R12_SLIDING_BALANCED_B_CONT_50x6,R12,Soft Float,Float,Float,N/A,True sliding-window,70,128,25,B_CONT_50x6,3.5,50000,0.0,0.0,0.0,2.5609718912715457e-07,0.0,7.682327414500052e-05,0.4901960784313725,298,231.0,342,611,1886.0276240000096,2781.0,N/A,N/A,N/A,26112,7199900000,43300000,Stage14,stage14_block_continuous_comparison/results/stage14_online_slot_formal_results.csv,CC-O-R12-B_CONT_50x6,62cccc049bd05c8b7adc65465fa590b84e5e7f8784bfc6d404890243d3ce70e1
R12_SLIDING_BALANCED_B_CONT_50x6,R12,Soft Float,Float,Float,N/A,True sliding-window,70,128,25,B_CONT_50x6,4.0,50000,0.0,0.0,0.0,2.5609718912715457e-07,0.0,7.682327414500052e-05,0.4901960784313725,298,231.0,342,611,1881.784384000004,2784.9,N/A,N/A,N/A,26112,7199900000,43300000,Stage14,stage14_block_continuous_comparison/results/stage14_online_slot_formal_results.csv,CC-O-R12-B_CONT_50x6,62cccc049bd05c8b7adc65465fa590b84e5e7f8784bfc6d404890243d3ce70e1
R12_SLIDING_BALANCED_B_CONT_50x6,R12,Soft Float,Float,Float,N/A,True sliding-window,70,128,25,B_CONT_50x6,4.5,50000,0.0,0.0,0.0,2.5609718912715457e-07,0.0,7.682327414500052e-05,0.4901960784313725,298,231.0,342,611,1883.3250920000085,2782.1,N/A,N/A,N/A,26112,7199900000,43300000,Stage14,stage14_block_continuous_comparison/results/stage14_online_slot_formal_results.csv,CC-O-R12-B_CONT_50x6,62cccc049bd05c8b7adc65465fa590b84e5e7f8784bfc6d404890243d3ce70e1
R12_SLIDING_BALANCED_B_CONT_50x6,R12,Soft Float,Float,Float,N/A,True sliding-window,70,128,25,B_CONT_50x6,5.0,50000,0.0,0.0,0.0,2.5609718912715457e-07,0.0,7.682327414500052e-05,0.4901960784313725,298,231.0,342,611,1878.2701560000007,2774.8,N/A,N/A,N/A,26112,7199900000,43300000,Stage14,stage14_block_continuous_comparison/results/stage14_online_slot_formal_results.csv,CC-O-R12-B_CONT_50x6,62cccc049bd05c8b7adc65465fa590b84e5e7f8784bfc6d404890243d3ce70e1
R12_SLIDING_BALANCED_B_CONT_50x6,R12,Soft Float,Float,Float,N/A,True sliding-window,70,128,25,B_CONT_50x6,5.5,50000,0.0,0.0,0.0,2.5609718912715457e-07,0.0,7.682327414500052e-05,0.4901960784313725,298,231.0,342,611,1878.933405999992,2775.5,N/A,N/A,N/A,26112,7199900000,43300000,Stage14,stage14_block_continuous_comparison/results/stage14_online_slot_formal_results.csv,CC-O-R12-B_CONT_50x6,62cccc049bd05c8b7adc65465fa590b84e5e7f8784bfc6d404890243d3ce70e1
R12_SLIDING_BALANCED_B_CONT_50x6,R12,Soft Float,Float,Float,N/A,True sliding-window,70,128,25,B_CONT_50x6,6.0,50000,0.0,0.0,0.0,2.5609718912715457e-07,0.0,7.682327414500052e-05,0.4901960784313725,298,231.0,342,611,1868.8449139999927,2762.8,N/A,N/A,N/A,26112,7199900000,43300000,Stage14,stage14_block_continuous_comparison/results/stage14_online_slot_formal_results.csv,CC-O-R12-B_CONT_50x6,62cccc049bd05c8b7adc65465fa590b84e5e7f8784bfc6d404890243d3ce70e1
R12_SLIDING_BALANCED_B_CONT_50x6,R12,Soft Float,Float,Float,N/A,True sliding-window,70,128,25,B_CONT_50x6,6.5,50000,0.0,0.0,0.0,2.5609718912715457e-07,0.0,7.682327414500052e-05,0.4901960784313725,298,231.0,342,611,1875.418115999992,2759.7,N/A,N/A,N/A,26112,7199900000,43300000,Stage14,stage14_block_continuous_comparison/results/stage14_online_slot_formal_results.csv,CC-O-R12-B_CONT_50x6,62cccc049bd05c8b7adc65465fa590b84e5e7f8784bfc6d404890243d3ce70e1
R12_SLIDING_BALANCED_B_CONT_50x6,R12,Soft Float,Float,Float,N/A,True sliding-window,70,128,25,B_CONT_50x6,7.0,50000,0.0,0.0,0.0,2.5609718912715457e-07,0.0,7.682327414500052e-05,0.4901960784313725,298,231.0,342,611,1962.060661999976,3028.3,N/A,N/A,N/A,26112,7199900000,43300000,Stage14,stage14_block_continuous_comparison/results/stage14_online_slot_formal_results.csv,CC-O-R12-B_CONT_50x6,62cccc049bd05c8b7adc65465fa590b84e5e7f8784bfc6d404890243d3ce70e1
R12_SLIDING_BALANCED_B_CONT_50x6,R12,Soft Float,Float,Float,N/A,True sliding-window,70,128,25,B_CONT_50x6,7.5,50000,0.0,0.0,0.0,2.5609718912715457e-07,0.0,7.682327414500052e-05,0.4901960784313725,298,231.0,342,611,1949.7813160000069,3000.4,N/A,N/A,N/A,26112,7199900000,43300000,Stage14,stage14_block_continuous_comparison/results/stage14_online_slot_formal_results.csv,CC-O-R12-B_CONT_50x6,62cccc049bd05c8b7adc65465fa590b84e5e7f8784bfc6d404890243d3ce70e1
R12_SLIDING_BALANCED_B_CONT_50x6,R12,Soft Float,Float,Float,N/A,True sliding-window,70,128,25,B_CONT_50x6,8.0,50000,0.0,0.0,0.0,2.5609718912715457e-07,0.0,7.682327414500052e-05,0.4901960784313725,298,231.0,342,611,1954.583771999984,3016.7,N/A,N/A,N/A,26112,7199900000,43300000,Stage14,stage14_block_continuous_comparison/results/stage14_online_slot_formal_results.csv,CC-O-R12-B_CONT_50x6,62cccc049bd05c8b7adc65465fa590b84e5e7f8784bfc6d404890243d3ce70e1
R12_SLIDING_BALANCED_B_CONT_50x6,R12,Soft Float,Float,Float,N/A,True sliding-window,70,128,25,B_CONT_50x6,8.5,50000,0.0,0.0,0.0,2.5609718912715457e-07,0.0,7.682327414500052e-05,0.4901960784313725,298,231.0,342,611,1947.3708440000323,2988.9,N/A,N/A,N/A,26112,7199900000,43300000,Stage14,stage14_block_continuous_comparison/results/stage14_online_slot_formal_results.csv,CC-O-R12-B_CONT_50x6,62cccc049bd05c8b7adc65465fa590b84e5e7f8784bfc6d404890243d3ce70e1
R12_SLIDING_BALANCED_B_CONT_50x6,R12,Soft Float,Float,Float,N/A,True sliding-window,70,128,25,B_CONT_50x6,9.0,50000,0.0,0.0,0.0,2.5609718912715457e-07,0.0,7.682327414500052e-05,0.4901960784313725,298,231.0,342,611,1960.7505460000127,3034.6,N/A,N/A,N/A,26112,7199900000,43300000,Stage14,stage14_block_continuous_comparison/results/stage14_online_slot_formal_results.csv,CC-O-R12-B_CONT_50x6,62cccc049bd05c8b7adc65465fa590b84e5e7f8784bfc6d404890243d3ce70e1
R12_SLIDING_BALANCED_B_CONT_50x6,R12,Soft Float,Float,Float,N/A,True sliding-window,70,128,25,B_CONT_50x6,9.5,50000,0.0,0.0,0.0,2.5609718912715457e-07,0.0,7.682327414500052e-05,0.4901960784313725,298,231.0,342,611,1956.915273999982,3020.4,N/A,N/A,N/A,26112,7199900000,43300000,Stage14,stage14_block_continuous_comparison/results/stage14_online_slot_formal_results.csv,CC-O-R12-B_CONT_50x6,62cccc049bd05c8b7adc65465fa590b84e5e7f8784bfc6d404890243d3ce70e1
R12_SLIDING_BALANCED_B_CONT_50x6,R12,Soft Float,Float,Float,N/A,True sliding-window,70,128,25,B_CONT_50x6,10.0,50000,0.0,0.0,0.0,2.5609718912715457e-07,0.0,7.682327414500052e-05,0.4901960784313725,298,231.0,342,611,1949.6084859999887,3017.1,N/A,N/A,N/A,26112,7199900000,43300000,Stage14,stage14_block_continuous_comparison/results/stage14_online_slot_formal_results.csv,CC-O-R12-B_CONT_50x6,62cccc049bd05c8b7adc65465fa590b84e5e7f8784bfc6d404890243d3ce70e1
R23_SLIDING_BALANCED_B_CONT_50x6,R23,Soft Float,Float,Float,N/A,True sliding-window,98,128,25,B_CONT_50x6,-5.0,1000,0.4732666666666666,1.0,0.4714803854421641,0.4750536325157302,0.9961732415144448,1.0,0.0,223,173.0,256,458,2068.2413000000006,3633.1,N/A,N/A,N/A,26112,143998000,1090000,Stage14,stage14_block_continuous_comparison/results/stage14_online_slot_formal_results.csv,CC-O-R23-B_CONT_50x6,62cccc049bd05c8b7adc65465fa590b84e5e7f8784bfc6d404890243d3ce70e1
R23_SLIDING_BALANCED_B_CONT_50x6,R23,Soft Float,Float,Float,N/A,True sliding-window,98,128,25,B_CONT_50x6,-4.5,1000,0.4645633333333333,1.0,0.4627791035584968,0.4663484706198541,0.9961732415144448,1.0,0.0,223,173.0,256,458,1760.2645000000011,2794.0,N/A,N/A,N/A,26112,143998000,1090000,Stage14,stage14_block_continuous_comparison/results/stage14_online_slot_formal_results.csv,CC-O-R23-B_CONT_50x6,62cccc049bd05c8b7adc65465fa590b84e5e7f8784bfc6d404890243d3ce70e1
R23_SLIDING_BALANCED_B_CONT_50x6,R23,Soft Float,Float,Float,N/A,True sliding-window,98,128,25,B_CONT_50x6,-4.0,1000,0.4525766666666666,1.0,0.4507961569423059,0.4543583908740237,0.9961732415144448,1.0,0.0,223,173.0,256,458,1809.2420000000025,2867.5,N/A,N/A,N/A,26112,143998000,1090000,Stage14,stage14_block_continuous_comparison/results/stage14_online_slot_formal_results.csv,CC-O-R23-B_CONT_50x6,62cccc049bd05c8b7adc65465fa590b84e5e7f8784bfc6d404890243d3ce70e1
R23_SLIDING_BALANCED_B_CONT_50x6,R23,Soft Float,Float,Float,N/A,True sliding-window,98,128,25,B_CONT_50x6,-3.5,1000,0.4346866666666666,1.0,0.432913650480431,0.4364613554880206,0.9961732415144448,1.0,0.0,223,173.0,256,458,1790.7265000000004,2868.0,N/A,N/A,N/A,26112,143998000,1090000,Stage14,stage14_block_continuous_comparison/results/stage14_online_slot_formal_results.csv,CC-O-R23-B_CONT_50x6,62cccc049bd05c8b7adc65465fa590b84e5e7f8784bfc6d404890243d3ce70e1
R23_SLIDING_BALANCED_B_CONT_50x6,R23,Soft Float,Float,Float,N/A,True sliding-window,98,128,25,B_CONT_50x6,-3.0,1000,0.40533,1.0,0.4035743925896409,0.4070880318520248,0.9961732415144448,1.0,0.0,223,173.0,256,458,1769.5186999999985,2735.8,N/A,N/A,N/A,26112,143998000,1090000,Stage14,stage14_block_continuous_comparison/results/stage14_online_slot_formal_results.csv,CC-O-R23-B_CONT_50x6,62cccc049bd05c8b7adc65465fa590b84e5e7f8784bfc6d404890243d3ce70e1
R23_SLIDING_BALANCED_B_CONT_50x6,R23,Soft Float,Float,Float,N/A,True sliding-window,98,128,25,B_CONT_50x6,-2.5,1000,0.3652699999999999,1.0,0.3635487206606813,0.36699472969345,0.9961732415144448,1.0,0.0,223,173.0,256,458,1837.6613999999995,2974.7,N/A,N/A,N/A,26112,143998000,1090000,Stage14,stage14_block_continuous_comparison/results/stage14_online_slot_formal_results.csv,CC-O-R23-B_CONT_50x6,62cccc049bd05c8b7adc65465fa590b84e5e7f8784bfc6d404890243d3ce70e1
R23_SLIDING_BALANCED_B_CONT_50x6,R23,Soft Float,Float,Float,N/A,True sliding-window,98,128,25,B_CONT_50x6,-2.0,1000,0.3044733333333333,1.0,0.3028291285632592,0.306122545423545,0.9961732415144448,1.0,0.0,223,173.0,256,458,1842.3328,3042.1,N/A,N/A,N/A,26112,143998000,1090000,Stage14,stage14_block_continuous_comparison/results/stage14_online_slot_formal_results.csv,CC-O-R23-B_CONT_50x6,62cccc049bd05c8b7adc65465fa590b84e5e7f8784bfc6d404890243d3ce70e1
R23_SLIDING_BALANCED_B_CONT_50x6,R23,Soft Float,Float,Float,N/A,True sliding-window,98,128,25,B_CONT_50x6,-1.5,1000,0.2273666666666666,0.994,0.2258703485783236,0.2288699667304273,0.9869718317581478,0.9972473308581236,0.0039215686274509,223,173.0,256,458,1835.485700000001,3077.7,N/A,N/A,N/A,26112,143998000,1090000,Stage14,stage14_block_continuous_comparison/results/stage14_online_slot_formal_results.csv,CC-O-R23-B_CONT_50x6,62cccc049bd05c8b7adc65465fa590b84e5e7f8784bfc6d404890243d3ce70e1
R23_SLIDING_BALANCED_B_CONT_50x6,R23,Soft Float,Float,Float,N/A,True sliding-window,98,128,25,B_CONT_50x6,-1.0,1000,0.1489433333333333,0.94,0.1476738058261788,0.1502218511902258,0.9235289252086432,0.953103527324068,0.0392156862745098,223,173.0,256,458,1904.3565000000008,3182.4,N/A,N/A,N/A,26112,143998000,1090000,Stage14,stage14_block_continuous_comparison/results/stage14_online_slot_formal_results.csv,CC-O-R23-B_CONT_50x6,62cccc049bd05c8b7adc65465fa590b84e5e7f8784bfc6d404890243d3ce70e1
R23_SLIDING_BALANCED_B_CONT_50x6,R23,Soft Float,Float,Float,N/A,True sliding-window,98,128,25,B_CONT_50x6,-0.5,1000,0.0777933333333333,0.762,0.076840273122595,0.078757206002445,0.7346343310291412,0.787360447524428,0.1555555555555555,223,173.0,256,458,1812.487199999999,2777.4,N/A,N/A,N/A,26112,143998000,1090000,Stage14,stage14_block_continuous_comparison/results/stage14_online_slot_formal_results.csv,CC-O-R23-B_CONT_50x6,62cccc049bd05c8b7adc65465fa590b84e5e7f8784bfc6d404890243d3ce70e1
R23_SLIDING_BALANCED_B_CONT_50x6,R23,Soft Float,Float,Float,N/A,True sliding-window,98,128,25,B_CONT_50x6,0.0,1000,0.0327799999999999,0.4789999999999999,0.032148789701058,0.0334231755216636,0.4481771504618108,0.5099835733945823,0.3405228758169934,223,173.0,256,458,1833.0904000000007,2776.4,N/A,N/A,N/A,26112,143998000,1090000,Stage14,stage14_block_continuous_comparison/results/stage14_online_slot_formal_results.csv,CC-O-R23-B_CONT_50x6,62cccc049bd05c8b7adc65465fa590b84e5e7f8784bfc6d404890243d3ce70e1
R23_SLIDING_BALANCED_B_CONT_50x6,R23,Soft Float,Float,Float,N/A,True sliding-window,98,128,25,B_CONT_50x6,0.5,1000,0.0108266666666666,0.23,0.0104625650036341,0.0112032957640616,0.2049796937202305,0.2570867558619692,0.5032679738562091,223,173.0,256,458,1798.130600000001,2751.2,N/A,N/A,N/A,26112,143998000,1090000,Stage14,stage14_block_continuous_comparison/results/stage14_online_slot_formal_results.csv,CC-O-R23-B_CONT_50x6,62cccc049bd05c8b7adc65465fa590b84e5e7f8784bfc6d404890243d3ce70e1
R23_SLIDING_BALANCED_B_CONT_50x6,R23,Soft Float,Float,Float,N/A,True sliding-window,98,128,25,B_CONT_50x6,1.0,2268,0.0031407995296884,0.0890652557319223,0.0030106210335401,0.0032765884120279,0.0780268168947869,0.1014933944461942,0.5953821857961292,223,173.0,256,458,1943.480335097004,3254.8,N/A,N/A,N/A,26112,326587464,2472120,Stage14,stage14_block_continuous_comparison/results/stage14_online_slot_formal_results.csv,CC-O-R23-B_CONT_50x6,62cccc049bd05c8b7adc65465fa590b84e5e7f8784bfc6d404890243d3ce70e1
R23_SLIDING_BALANCED_B_CONT_50x6,R23,Soft Float,Float,Float,N/A,True sliding-window,98,128,25,B_CONT_50x6,1.5,7121,0.0007536394701118,0.0280859429855357,0.0007177273689311,0.0007913470409239,0.0244955975577115,0.0321851666606599,0.6352379457610877,223,173.0,256,458,1862.6778823198963,2865.3,N/A,N/A,N/A,26112,1025409758,7761890,Stage14,stage14_block_continuous_comparison/results/stage14_online_slot_formal_results.csv,CC-O-R23-B_CONT_50x6,62cccc049bd05c8b7adc65465fa590b84e5e7f8784bfc6d404890243d3ce70e1
R23_SLIDING_BALANCED_B_CONT_50x6,R23,Soft Float,Float,Float,N/A,True sliding-window,98,128,25,B_CONT_50x6,2.0,29834,0.0001544099573193,0.0067037608098143,0.0001464814536562,0.0001627675319366,0.0058391966701276,0.0076953433326415,0.6492132282288796,223,173.0,256,458,1853.3823590534464,2763.1,N/A,N/A,N/A,26112,4296036332,32519060,Stage14,stage14_block_continuous_comparison/results/stage14_online_slot_formal_results.csv,CC-O-R23-B_CONT_50x6,62cccc049bd05c8b7adc65465fa590b84e5e7f8784bfc6d404890243d3ce70e1
R23_SLIDING_BALANCED_B_CONT_50x6,R23,Soft Float,Float,Float,N/A,True sliding-window,98,128,25,B_CONT_50x6,2.5,50000,2.8266666666666668e-05,0.00158,2.570115946218144e-05,3.10882565822513e-05,0.0012680687046281,0.0019685118079705,0.6525620915032679,223,173.0,256,458,1820.1105939999984,2699.1,N/A,N/A,N/A,26112,7199900000,54500000,Stage14,stage14_block_continuous_comparison/results/stage14_online_slot_formal_results.csv,CC-O-R23-B_CONT_50x6,62cccc049bd05c8b7adc65465fa590b84e5e7f8784bfc6d404890243d3ce70e1
R23_SLIDING_BALANCED_B_CONT_50x6,R23,Soft Float,Float,Float,N/A,True sliding-window,98,128,25,B_CONT_50x6,3.0,50000,3.533333333333333e-06,0.00024,2.7015530444120528e-06,4.6212090016282975e-06,0.0001373003274447,0.0004194860715286,0.653437908496732,223,173.0,256,458,1921.6016359999967,2967.1,N/A,N/A,N/A,26112,7199900000,54500000,Stage14,stage14_block_continuous_comparison/results/stage14_online_slot_formal_results.csv,CC-O-R23-B_CONT_50x6,62cccc049bd05c8b7adc65465fa590b84e5e7f8784bfc6d404890243d3ce70e1
R23_SLIDING_BALANCED_B_CONT_50x6,R23,Soft Float,Float,Float,N/A,True sliding-window,98,128,25,B_CONT_50x6,3.5,50000,5.333333333333333e-07,4e-05,2.702532928873656e-07,1.0525102897361208e-06,1.0969511301390302e-05,0.0001458476169816,0.6535686274509803,223,173.0,256,458,1833.3442939999973,2708.6,N/A,N/A,N/A,26112,7199900000,54500000,Stage14,stage14_block_continuous_comparison/results/stage14_online_slot_formal_results.csv,CC-O-R23-B_CONT_50x6,62cccc049bd05c8b7adc65465fa590b84e5e7f8784bfc6d404890243d3ce70e1
R23_SLIDING_BALANCED_B_CONT_50x6,R23,Soft Float,Float,Float,N/A,True sliding-window,98,128,25,B_CONT_50x6,4.0,50000,0.0,0.0,0.0,2.5609718912715457e-07,0.0,7.682327414500052e-05,0.65359477124183,223,173.0,256,458,1832.7499400000145,2714.0,N/A,N/A,N/A,26112,7199900000,54500000,Stage14,stage14_block_continuous_comparison/results/stage14_online_slot_formal_results.csv,CC-O-R23-B_CONT_50x6,62cccc049bd05c8b7adc65465fa590b84e5e7f8784bfc6d404890243d3ce70e1
R23_SLIDING_BALANCED_B_CONT_50x6,R23,Soft Float,Float,Float,N/A,True sliding-window,98,128,25,B_CONT_50x6,4.5,50000,0.0,0.0,0.0,2.5609718912715457e-07,0.0,7.682327414500052e-05,0.65359477124183,223,173.0,256,458,1828.871793999995,2717.9,N/A,N/A,N/A,26112,7199900000,54500000,Stage14,stage14_block_continuous_comparison/results/stage14_online_slot_formal_results.csv,CC-O-R23-B_CONT_50x6,62cccc049bd05c8b7adc65465fa590b84e5e7f8784bfc6d404890243d3ce70e1
R23_SLIDING_BALANCED_B_CONT_50x6,R23,Soft Float,Float,Float,N/A,True sliding-window,98,128,25,B_CONT_50x6,5.0,50000,0.0,0.0,0.0,2.5609718912715457e-07,0.0,7.682327414500052e-05,0.65359477124183,223,173.0,256,458,1822.585330000006,2675.4,N/A,N/A,N/A,26112,7199900000,54500000,Stage14,stage14_block_continuous_comparison/results/stage14_online_slot_formal_results.csv,CC-O-R23-B_CONT_50x6,62cccc049bd05c8b7adc65465fa590b84e5e7f8784bfc6d404890243d3ce70e1
R23_SLIDING_BALANCED_B_CONT_50x6,R23,Soft Float,Float,Float,N/A,True sliding-window,98,128,25,B_CONT_50x6,5.5,50000,0.0,0.0,0.0,2.5609718912715457e-07,0.0,7.682327414500052e-05,0.65359477124183,223,173.0,256,458,1818.190071999991,2686.0,N/A,N/A,N/A,26112,7199900000,54500000,Stage14,stage14_block_continuous_comparison/results/stage14_online_slot_formal_results.csv,CC-O-R23-B_CONT_50x6,62cccc049bd05c8b7adc65465fa590b84e5e7f8784bfc6d404890243d3ce70e1
R23_SLIDING_BALANCED_B_CONT_50x6,R23,Soft Float,Float,Float,N/A,True sliding-window,98,128,25,B_CONT_50x6,6.0,50000,0.0,0.0,0.0,2.5609718912715457e-07,0.0,7.682327414500052e-05,0.65359477124183,223,173.0,256,458,1796.0105379999948,2600.9,N/A,N/A,N/A,26112,7199900000,54500000,Stage14,stage14_block_continuous_comparison/results/stage14_online_slot_formal_results.csv,CC-O-R23-B_CONT_50x6,62cccc049bd05c8b7adc65465fa590b84e5e7f8784bfc6d404890243d3ce70e1
R23_SLIDING_BALANCED_B_CONT_50x6,R23,Soft Float,Float,Float,N/A,True sliding-window,98,128,25,B_CONT_50x6,6.5,50000,0.0,0.0,0.0,2.5609718912715457e-07,0.0,7.682327414500052e-05,0.65359477124183,223,173.0,256,458,1833.2831880000056,2694.8,N/A,N/A,N/A,26112,7199900000,54500000,Stage14,stage14_block_continuous_comparison/results/stage14_online_slot_formal_results.csv,CC-O-R23-B_CONT_50x6,62cccc049bd05c8b7adc65465fa590b84e5e7f8784bfc6d404890243d3ce70e1
R23_SLIDING_BALANCED_B_CONT_50x6,R23,Soft Float,Float,Float,N/A,True sliding-window,98,128,25,B_CONT_50x6,7.0,50000,0.0,0.0,0.0,2.5609718912715457e-07,0.0,7.682327414500052e-05,0.65359477124183,223,173.0,256,458,1827.3699000000104,2701.5,N/A,N/A,N/A,26112,7199900000,54500000,Stage14,stage14_block_continuous_comparison/results/stage14_online_slot_formal_results.csv,CC-O-R23-B_CONT_50x6,62cccc049bd05c8b7adc65465fa590b84e5e7f8784bfc6d404890243d3ce70e1
R23_SLIDING_BALANCED_B_CONT_50x6,R23,Soft Float,Float,Float,N/A,True sliding-window,98,128,25,B_CONT_50x6,7.5,50000,0.0,0.0,0.0,2.5609718912715457e-07,0.0,7.682327414500052e-05,0.65359477124183,223,173.0,256,458,1837.7638060000008,2699.7,N/A,N/A,N/A,26112,7199900000,54500000,Stage14,stage14_block_continuous_comparison/results/stage14_online_slot_formal_results.csv,CC-O-R23-B_CONT_50x6,62cccc049bd05c8b7adc65465fa590b84e5e7f8784bfc6d404890243d3ce70e1
R23_SLIDING_BALANCED_B_CONT_50x6,R23,Soft Float,Float,Float,N/A,True sliding-window,98,128,25,B_CONT_50x6,8.0,50000,0.0,0.0,0.0,2.5609718912715457e-07,0.0,7.682327414500052e-05,0.65359477124183,223,173.0,256,458,1829.144401999994,2680.6,N/A,N/A,N/A,26112,7199900000,54500000,Stage14,stage14_block_continuous_comparison/results/stage14_online_slot_formal_results.csv,CC-O-R23-B_CONT_50x6,62cccc049bd05c8b7adc65465fa590b84e5e7f8784bfc6d404890243d3ce70e1
R23_SLIDING_BALANCED_B_CONT_50x6,R23,Soft Float,Float,Float,N/A,True sliding-window,98,128,25,B_CONT_50x6,8.5,50000,0.0,0.0,0.0,2.5609718912715457e-07,0.0,7.682327414500052e-05,0.65359477124183,223,173.0,256,458,1820.6982219999925,2658.4,N/A,N/A,N/A,26112,7199900000,54500000,Stage14,stage14_block_continuous_comparison/results/stage14_online_slot_formal_results.csv,CC-O-R23-B_CONT_50x6,62cccc049bd05c8b7adc65465fa590b84e5e7f8784bfc6d404890243d3ce70e1
R23_SLIDING_BALANCED_B_CONT_50x6,R23,Soft Float,Float,Float,N/A,True sliding-window,98,128,25,B_CONT_50x6,9.0,50000,0.0,0.0,0.0,2.5609718912715457e-07,0.0,7.682327414500052e-05,0.65359477124183,223,173.0,256,458,1825.1638639999967,2672.4,N/A,N/A,N/A,26112,7199900000,54500000,Stage14,stage14_block_continuous_comparison/results/stage14_online_slot_formal_results.csv,CC-O-R23-B_CONT_50x6,62cccc049bd05c8b7adc65465fa590b84e5e7f8784bfc6d404890243d3ce70e1
R23_SLIDING_BALANCED_B_CONT_50x6,R23,Soft Float,Float,Float,N/A,True sliding-window,98,128,25,B_CONT_50x6,9.5,50000,0.0,0.0,0.0,2.5609718912715457e-07,0.0,7.682327414500052e-05,0.65359477124183,223,173.0,256,458,1808.627648,2646.1,N/A,N/A,N/A,26112,7199900000,54500000,Stage14,stage14_block_continuous_comparison/results/stage14_online_slot_formal_results.csv,CC-O-R23-B_CONT_50x6,62cccc049bd05c8b7adc65465fa590b84e5e7f8784bfc6d404890243d3ce70e1
R23_SLIDING_BALANCED_B_CONT_50x6,R23,Soft Float,Float,Float,N/A,True sliding-window,98,128,25,B_CONT_50x6,10.0,50000,0.0,0.0,0.0,2.5609718912715457e-07,0.0,7.682327414500052e-05,0.65359477124183,223,173.0,256,458,1808.6544279999955,2636.5,N/A,N/A,N/A,26112,7199900000,54500000,Stage14,stage14_block_continuous_comparison/results/stage14_online_slot_formal_results.csv,CC-O-R23-B_CONT_50x6,62cccc049bd05c8b7adc65465fa590b84e5e7f8784bfc6d404890243d3ce70e1
R34_SLIDING_BALANCED_B_CONT_50x6,R34,Soft Float,Float,Float,N/A,True sliding-window,126,160,25,B_CONT_50x6,-5.0,1000,0.4846966666666666,1.0,0.4829085181428049,0.4864852070996755,0.9961732415144448,1.0,0.0,265,171.16666666666666,262,407,1676.0035999999998,2550.8,N/A,N/A,N/A,32256,142206000,1062000,Stage14,stage14_block_continuous_comparison/results/stage14_online_slot_formal_results.csv,CC-O-R34-B_CONT_50x6,62cccc049bd05c8b7adc65465fa590b84e5e7f8784bfc6d404890243d3ce70e1
R34_SLIDING_BALANCED_B_CONT_50x6,R34,Soft Float,Float,Float,N/A,True sliding-window,126,160,25,B_CONT_50x6,-4.5,1000,0.4813033333333333,1.0,0.4795156413439487,0.4830915041330874,0.9961732415144448,1.0,0.0,265,171.16666666666666,262,407,1682.4743999999998,2587.7,N/A,N/A,N/A,32256,142206000,1062000,Stage14,stage14_block_continuous_comparison/results/stage14_online_slot_formal_results.csv,CC-O-R34-B_CONT_50x6,62cccc049bd05c8b7adc65465fa590b84e5e7f8784bfc6d404890243d3ce70e1
R34_SLIDING_BALANCED_B_CONT_50x6,R34,Soft Float,Float,Float,N/A,True sliding-window,126,160,25,B_CONT_50x6,-4.0,1000,0.47652,1.0,0.4747330918192719,0.4783075094893825,0.9961732415144448,1.0,0.0,265,171.16666666666666,262,407,1603.476699999999,2362.1,N/A,N/A,N/A,32256,142206000,1062000,Stage14,stage14_block_continuous_comparison/results/stage14_online_slot_formal_results.csv,CC-O-R34-B_CONT_50x6,62cccc049bd05c8b7adc65465fa590b84e5e7f8784bfc6d404890243d3ce70e1
R34_SLIDING_BALANCED_B_CONT_50x6,R34,Soft Float,Float,Float,N/A,True sliding-window,126,160,25,B_CONT_50x6,-3.5,1000,0.4682433333333333,1.0,0.4664581696106091,0.4700293103251589,0.9961732415144448,1.0,0.0,265,171.16666666666666,262,407,1690.6858999999988,2583.7,N/A,N/A,N/A,32256,142206000,1062000,Stage14,stage14_block_continuous_comparison/results/stage14_online_slot_formal_results.csv,CC-O-R34-B_CONT_50x6,62cccc049bd05c8b7adc65465fa590b84e5e7f8784bfc6d404890243d3ce70e1
R34_SLIDING_BALANCED_B_CONT_50x6,R34,Soft Float,Float,Float,N/A,True sliding-window,126,160,25,B_CONT_50x6,-3.0,1000,0.4547333333333333,1.0,0.4529520775879193,0.4565157483308095,0.9961732415144448,1.0,0.0,265,171.16666666666666,262,407,1620.9328999999973,2304.6,N/A,N/A,N/A,32256,142206000,1062000,Stage14,stage14_block_continuous_comparison/results/stage14_online_slot_formal_results.csv,CC-O-R34-B_CONT_50x6,62cccc049bd05c8b7adc65465fa590b84e5e7f8784bfc6d404890243d3ce70e1
R34_SLIDING_BALANCED_B_CONT_50x6,R34,Soft Float,Float,Float,N/A,True sliding-window,126,160,25,B_CONT_50x6,-2.5,1000,0.44072,1.0,0.4389441955140261,0.4424973226110604,0.9961732415144448,1.0,0.0,265,171.16666666666666,262,407,1629.8585000000005,2360.7,N/A,N/A,N/A,32256,142206000,1062000,Stage14,stage14_block_continuous_comparison/results/stage14_online_slot_formal_results.csv,CC-O-R34-B_CONT_50x6,62cccc049bd05c8b7adc65465fa590b84e5e7f8784bfc6d404890243d3ce70e1
R34_SLIDING_BALANCED_B_CONT_50x6,R34,Soft Float,Float,Float,N/A,True sliding-window,126,160,25,B_CONT_50x6,-2.0,1000,0.4144833333333333,1.0,0.4127216084920634,0.4162472482049167,0.9961732415144448,1.0,0.0,265,171.16666666666666,262,407,1562.1831,2122.2,N/A,N/A,N/A,32256,142206000,1062000,Stage14,stage14_block_continuous_comparison/results/stage14_online_slot_formal_results.csv,CC-O-R34-B_CONT_50x6,62cccc049bd05c8b7adc65465fa590b84e5e7f8784bfc6d404890243d3ce70e1
R34_SLIDING_BALANCED_B_CONT_50x6,R34,Soft Float,Float,Float,N/A,True sliding-window,126,160,25,B_CONT_50x6,-1.5,1000,0.37208,1.0,0.3703520000525701,0.3738112759015641,0.9961732415144448,1.0,0.0,265,171.16666666666666,262,407,1773.2823,2882.7,N/A,N/A,N/A,32256,142206000,1062000,Stage14,stage14_block_continuous_comparison/results/stage14_online_slot_formal_results.csv,CC-O-R34-B_CONT_50x6,62cccc049bd05c8b7adc65465fa590b84e5e7f8784bfc6d404890243d3ce70e1
R34_SLIDING_BALANCED_B_CONT_50x6,R34,Soft Float,Float,Float,N/A,True sliding-window,126,160,25,B_CONT_50x6,-1.0,1000,0.31773,1.0,0.3160662673114255,0.3193984005134653,0.9961732415144448,1.0,0.0,265,171.16666666666666,262,407,1618.588800000001,2301.7,N/A,N/A,N/A,32256,142206000,1062000,Stage14,stage14_block_continuous_comparison/results/stage14_online_slot_formal_results.csv,CC-O-R34-B_CONT_50x6,62cccc049bd05c8b7adc65465fa590b84e5e7f8784bfc6d404890243d3ce70e1
R34_SLIDING_BALANCED_B_CONT_50x6,R34,Soft Float,Float,Float,N/A,True sliding-window,126,160,25,B_CONT_50x6,-0.5,1000,0.2419966666666666,0.987,0.2404673804828042,0.2435325601604606,0.9778855576244204,0.9923871796106488,0.0095588235294117,265,171.16666666666666,262,407,1730.6101999999985,2589.2,N/A,N/A,N/A,32256,142206000,1062000,Stage14,stage14_block_continuous_comparison/results/stage14_online_slot_formal_results.csv,CC-O-R34-B_CONT_50x6,62cccc049bd05c8b7adc65465fa590b84e5e7f8784bfc6d404890243d3ce70e1
R34_SLIDING_BALANCED_B_CONT_50x6,R34,Soft Float,Float,Float,N/A,True sliding-window,126,160,25,B_CONT_50x6,0.0,1000,0.1519266666666666,0.925,0.1506466623930868,0.1532155848886151,0.9069990602607456,0.9397481950265328,0.0551470588235293,265,171.16666666666666,262,407,1608.2839999999983,2263.5,N/A,N/A,N/A,32256,142206000,1062000,Stage14,stage14_block_continuous_comparison/results/stage14_online_slot_formal_results.csv,CC-O-R34-B_CONT_50x6,62cccc049bd05c8b7adc65465fa590b84e5e7f8784bfc6d404890243d3ce70e1
R34_SLIDING_BALANCED_B_CONT_50x6,R34,Soft Float,Float,Float,N/A,True sliding-window,126,160,25,B_CONT_50x6,0.5,1000,0.0775366666666666,0.7199999999999999,0.0765850589877642,0.0784990933770212,0.691369927078949,0.7469462991874067,0.2058823529411765,265,171.16666666666666,262,407,1635.1142999999984,2340.8,N/A,N/A,N/A,32256,142206000,1062000,Stage14,stage14_block_continuous_comparison/results/stage14_online_slot_formal_results.csv,CC-O-R34-B_CONT_50x6,62cccc049bd05c8b7adc65465fa590b84e5e7f8784bfc6d404890243d3ce70e1
R34_SLIDING_BALANCED_B_CONT_50x6,R34,Soft Float,Float,Float,N/A,True sliding-window,126,160,25,B_CONT_50x6,1.0,1000,0.0321333333333333,0.458,0.0315082362448672,0.0327704122052647,0.4273392207850265,0.4889822269277601,0.3985294117647059,265,171.16666666666666,262,407,1650.9859999999985,2372.0,N/A,N/A,N/A,32256,142206000,1062000,Stage14,stage14_block_continuous_comparison/results/stage14_online_slot_formal_results.csv,CC-O-R34-B_CONT_50x6,62cccc049bd05c8b7adc65465fa590b84e5e7f8784bfc6d404890243d3ce70e1
R34_SLIDING_BALANCED_B_CONT_50x6,R34,Soft Float,Float,Float,N/A,True sliding-window,126,160,25,B_CONT_50x6,1.5,1000,0.0109333333333333,0.215,0.0105674309204577,0.0113117604489023,0.1906534362913797,0.2415278160453867,0.5772058823529412,265,171.16666666666666,262,407,1771.8644000000006,2708.5,N/A,N/A,N/A,32256,142206000,1062000,Stage14,stage14_block_continuous_comparison/results/stage14_online_slot_formal_results.csv,CC-O-R34-B_CONT_50x6,62cccc049bd05c8b7adc65465fa590b84e5e7f8784bfc6d404890243d3ce70e1
R34_SLIDING_BALANCED_B_CONT_50x6,R34,Soft Float,Float,Float,N/A,True sliding-window,126,160,25,B_CONT_50x6,2.0,2758,0.0029405366207396,0.0732414793328498,0.0028261504782715,0.0030595382444621,0.0641004299479621,0.0835696897535656,0.6814400887258457,265,171.16666666666666,262,407,1701.4259245830317,2458.2,N/A,N/A,N/A,32256,392204148,2928996,Stage14,stage14_block_continuous_comparison/results/stage14_online_slot_formal_results.csv,CC-O-R34-B_CONT_50x6,62cccc049bd05c8b7adc65465fa590b84e5e7f8784bfc6d404890243d3ce70e1
R34_SLIDING_BALANCED_B_CONT_50x6,R34,Soft Float,Float,Float,N/A,True sliding-window,126,160,25,B_CONT_50x6,2.5,8719,0.0007198837787208,0.0231677944718431,0.000688105371408,0.0007531286853948,0.0202138335450654,0.0265417403979044,0.7182589746530565,265,171.16666666666666,262,407,1743.4180295905487,2542.0,N/A,N/A,N/A,32256,1239894114,9259578,Stage14,stage14_block_continuous_comparison/results/stage14_online_slot_formal_results.csv,CC-O-R34-B_CONT_50x6,62cccc049bd05c8b7adc65465fa590b84e5e7f8784bfc6d404890243d3ce70e1
R34_SLIDING_BALANCED_B_CONT_50x6,R34,Soft Float,Float,Float,N/A,True sliding-window,126,160,25,B_CONT_50x6,3.0,33331,0.00015511085776,0.006000420029402,0.0001475816814077,0.0001630240875602,0.0052263416195912,0.0068883540305911,0.7308820440960279,265,171.16666666666666,262,407,1716.0530887162026,2497.6,N/A,N/A,N/A,32256,4739868186,35397522,Stage14,stage14_block_continuous_comparison/results/stage14_online_slot_formal_results.csv,CC-O-R34-B_CONT_50x6,62cccc049bd05c8b7adc65465fa590b84e5e7f8784bfc6d404890243d3ce70e1
R34_SLIDING_BALANCED_B_CONT_50x6,R34,Soft Float,Float,Float,N/A,True sliding-window,126,160,25,B_CONT_50x6,3.5,50000,3.16e-05,0.0014599999999999,2.888044330106961e-05,3.4575637702715185e-05,0.0011614537039255,0.0018351452462589,0.7342205882352941,265,171.16666666666666,262,407,1800.408975999988,2655.2,N/A,N/A,N/A,32256,7110300000,53100000,Stage14,stage14_block_continuous_comparison/results/stage14_online_slot_formal_results.csv,CC-O-R34-B_CONT_50x6,62cccc049bd05c8b7adc65465fa590b84e5e7f8784bfc6d404890243d3ce70e1
R34_SLIDING_BALANCED_B_CONT_50x6,R34,Soft Float,Float,Float,N/A,True sliding-window,126,160,25,B_CONT_50x6,4.0,50000,2.9333333333333333e-06,0.00018,2.185246216725993e-06,3.937516136630985e-06,9.470426823108522e-05,0.0003420913495352,0.7351617647058823,265,171.16666666666666,262,407,1735.193213999995,2503.8,N/A,N/A,N/A,32256,7110300000,53100000,Stage14,stage14_block_continuous_comparison/results/stage14_online_slot_formal_results.csv,CC-O-R34-B_CONT_50x6,62cccc049bd05c8b7adc65465fa590b84e5e7f8784bfc6d404890243d3ce70e1
R34_SLIDING_BALANCED_B_CONT_50x6,R34,Soft Float,Float,Float,N/A,True sliding-window,126,160,25,B_CONT_50x6,4.5,50000,1.1333333333333334e-06,4e-05,7.076312242834572e-07,1.8151320510234024e-06,1.0969511301390302e-05,0.0001458476169816,0.7352647058823529,265,171.16666666666666,262,407,1732.573835999994,2502.4,N/A,N/A,N/A,32256,7110300000,53100000,Stage14,stage14_block_continuous_comparison/results/stage14_online_slot_formal_results.csv,CC-O-R34-B_CONT_50x6,62cccc049bd05c8b7adc65465fa590b84e5e7f8784bfc6d404890243d3ce70e1
R34_SLIDING_BALANCED_B_CONT_50x6,R34,Soft Float,Float,Float,N/A,True sliding-window,126,160,25,B_CONT_50x6,5.0,50000,0.0,0.0,0.0,2.5609718912715457e-07,0.0,7.682327414500052e-05,0.7352941176470588,265,171.16666666666666,262,407,1733.659838000014,2528.8,N/A,N/A,N/A,32256,7110300000,53100000,Stage14,stage14_block_continuous_comparison/results/stage14_online_slot_formal_results.csv,CC-O-R34-B_CONT_50x6,62cccc049bd05c8b7adc65465fa590b84e5e7f8784bfc6d404890243d3ce70e1
R34_SLIDING_BALANCED_B_CONT_50x6,R34,Soft Float,Float,Float,N/A,True sliding-window,126,160,25,B_CONT_50x6,5.5,50000,0.0,0.0,0.0,2.5609718912715457e-07,0.0,7.682327414500052e-05,0.7352941176470588,265,171.16666666666666,262,407,1734.8905359999949,2519.1,N/A,N/A,N/A,32256,7110300000,53100000,Stage14,stage14_block_continuous_comparison/results/stage14_online_slot_formal_results.csv,CC-O-R34-B_CONT_50x6,62cccc049bd05c8b7adc65465fa590b84e5e7f8784bfc6d404890243d3ce70e1
R34_SLIDING_BALANCED_B_CONT_50x6,R34,Soft Float,Float,Float,N/A,True sliding-window,126,160,25,B_CONT_50x6,6.0,50000,0.0,0.0,0.0,2.5609718912715457e-07,0.0,7.682327414500052e-05,0.7352941176470588,265,171.16666666666666,262,407,1731.8211959999956,2498.7,N/A,N/A,N/A,32256,7110300000,53100000,Stage14,stage14_block_continuous_comparison/results/stage14_online_slot_formal_results.csv,CC-O-R34-B_CONT_50x6,62cccc049bd05c8b7adc65465fa590b84e5e7f8784bfc6d404890243d3ce70e1
R34_SLIDING_BALANCED_B_CONT_50x6,R34,Soft Float,Float,Float,N/A,True sliding-window,126,160,25,B_CONT_50x6,6.5,50000,0.0,0.0,0.0,2.5609718912715457e-07,0.0,7.682327414500052e-05,0.7352941176470588,265,171.16666666666666,262,407,1680.6849779999998,2361.9,N/A,N/A,N/A,32256,7110300000,53100000,Stage14,stage14_block_continuous_comparison/results/stage14_online_slot_formal_results.csv,CC-O-R34-B_CONT_50x6,62cccc049bd05c8b7adc65465fa590b84e5e7f8784bfc6d404890243d3ce70e1
R34_SLIDING_BALANCED_B_CONT_50x6,R34,Soft Float,Float,Float,N/A,True sliding-window,126,160,25,B_CONT_50x6,7.0,50000,0.0,0.0,0.0,2.5609718912715457e-07,0.0,7.682327414500052e-05,0.7352941176470588,265,171.16666666666666,262,407,1702.2352119999916,2420.5,N/A,N/A,N/A,32256,7110300000,53100000,Stage14,stage14_block_continuous_comparison/results/stage14_online_slot_formal_results.csv,CC-O-R34-B_CONT_50x6,62cccc049bd05c8b7adc65465fa590b84e5e7f8784bfc6d404890243d3ce70e1
R34_SLIDING_BALANCED_B_CONT_50x6,R34,Soft Float,Float,Float,N/A,True sliding-window,126,160,25,B_CONT_50x6,7.5,50000,0.0,0.0,0.0,2.5609718912715457e-07,0.0,7.682327414500052e-05,0.7352941176470588,265,171.16666666666666,262,407,1736.5380299999963,2509.0,N/A,N/A,N/A,32256,7110300000,53100000,Stage14,stage14_block_continuous_comparison/results/stage14_online_slot_formal_results.csv,CC-O-R34-B_CONT_50x6,62cccc049bd05c8b7adc65465fa590b84e5e7f8784bfc6d404890243d3ce70e1
R34_SLIDING_BALANCED_B_CONT_50x6,R34,Soft Float,Float,Float,N/A,True sliding-window,126,160,25,B_CONT_50x6,8.0,50000,0.0,0.0,0.0,2.5609718912715457e-07,0.0,7.682327414500052e-05,0.7352941176470588,265,171.16666666666666,262,407,1628.1411219999993,2247.3,N/A,N/A,N/A,32256,7110300000,53100000,Stage14,stage14_block_continuous_comparison/results/stage14_online_slot_formal_results.csv,CC-O-R34-B_CONT_50x6,62cccc049bd05c8b7adc65465fa590b84e5e7f8784bfc6d404890243d3ce70e1
R34_SLIDING_BALANCED_B_CONT_50x6,R34,Soft Float,Float,Float,N/A,True sliding-window,126,160,25,B_CONT_50x6,8.5,50000,0.0,0.0,0.0,2.5609718912715457e-07,0.0,7.682327414500052e-05,0.7352941176470588,265,171.16666666666666,262,407,1624.549554000006,2249.2,N/A,N/A,N/A,32256,7110300000,53100000,Stage14,stage14_block_continuous_comparison/results/stage14_online_slot_formal_results.csv,CC-O-R34-B_CONT_50x6,62cccc049bd05c8b7adc65465fa590b84e5e7f8784bfc6d404890243d3ce70e1
R34_SLIDING_BALANCED_B_CONT_50x6,R34,Soft Float,Float,Float,N/A,True sliding-window,126,160,25,B_CONT_50x6,9.0,50000,0.0,0.0,0.0,2.5609718912715457e-07,0.0,7.682327414500052e-05,0.7352941176470588,265,171.16666666666666,262,407,1616.4609720000014,2238.7,N/A,N/A,N/A,32256,7110300000,53100000,Stage14,stage14_block_continuous_comparison/results/stage14_online_slot_formal_results.csv,CC-O-R34-B_CONT_50x6,62cccc049bd05c8b7adc65465fa590b84e5e7f8784bfc6d404890243d3ce70e1
R34_SLIDING_BALANCED_B_CONT_50x6,R34,Soft Float,Float,Float,N/A,True sliding-window,126,160,25,B_CONT_50x6,9.5,50000,0.0,0.0,0.0,2.5609718912715457e-07,0.0,7.682327414500052e-05,0.7352941176470588,265,171.16666666666666,262,407,1610.4684940000009,2226.0,N/A,N/A,N/A,32256,7110300000,53100000,Stage14,stage14_block_continuous_comparison/results/stage14_online_slot_formal_results.csv,CC-O-R34-B_CONT_50x6,62cccc049bd05c8b7adc65465fa590b84e5e7f8784bfc6d404890243d3ce70e1
R34_SLIDING_BALANCED_B_CONT_50x6,R34,Soft Float,Float,Float,N/A,True sliding-window,126,160,25,B_CONT_50x6,10.0,50000,0.0,0.0,0.0,2.5609718912715457e-07,0.0,7.682327414500052e-05,0.7352941176470588,265,171.16666666666666,262,407,1545.670533999999,2144.1,N/A,N/A,N/A,32256,7110300000,53100000,Stage14,stage14_block_continuous_comparison/results/stage14_online_slot_formal_results.csv,CC-O-R34-B_CONT_50x6,62cccc049bd05c8b7adc65465fa590b84e5e7f8784bfc6d404890243d3ce70e1
