stage,mode,caseName,payloadLength,encodedLength,organization,correctionCapabilityT,burstLength,relativeStartInSubblock,interleaverMode,payloadCount,legalStartCountPerPayload,totalPatterns,processedFrames,processedBits,bitErrors,frameErrors,BER,FER,trueSuccessRate,reportedSuccessRate,decoderFailureRate,miscorrectionRate,explicitFailureWithWrongPayloadPatterns,averageTouchedSubblocks,averageMaximumSubblockErrorWeight,fractionAllSubblocksWithinGuaranteedRegion,averageSubblocksWithOneError,averageSubblocksWithMoreThanOneError,minimumFailingStart,maximumSuccessfulStart,allStartsGuaranteedCorrect,theoreticalGuaranteedRegion,ferWilson95Low,ferWilson95High,masterSeed,caseSeed,lengthSeed,randomStartSeed,stopReason,runtimeSeconds,configHash,permutationHash,inversePermutationHash,errorWeightConserved,pairedFrameCount
s2-07d,smoke,BCH-S200,200,285,SEGMENTED,1,0,,NONE,500,1,500,500,100000,0,0,0,0,1,1,0,0,0,0,0,1,0,0,,0,true,true,4.3368086899420177e-19,0.0076243404615522412,2026072607,4017947825915577414,6142472192736942299,6142472192736942299,MAXIMUM_FRAMES,0.0052310999999999998,e3c52da59ef63d04,0c676aafaea3bec0,0c676aafaea3bec0,true,500
s2-07d,smoke,BCH-S200,200,285,SEGMENTED,1,0,,FIXED_RANDOM,500,1,500,500,100000,0,0,0,0,1,1,0,0,0,0,0,1,0,0,,0,true,true,4.3368086899420177e-19,0.0076243404615522412,2026072607,4017947825915577414,6142472192736942299,6142472192736942299,MAXIMUM_FRAMES,0.0052310999999999998,e3c52da59ef63d04,086532f4a013163c,273ca9cc3e6ed03c,true,500
s2-07d,smoke,BCH-S200,200,285,SEGMENTED,1,1,,NONE,500,285,500,500,100000,0,0,0,0,1,1,0,0,0,1,1,1,1,0,,283,true,true,4.3368086899420177e-19,0.0076243404615522412,2026072607,4017947825915577414,9621336497066466428,9621336497066466428,MAXIMUM_FRAMES,0.0048561999999999998,37c29e4279c04446,0c676aafaea3bec0,0c676aafaea3bec0,true,500
s2-07d,smoke,BCH-S200,200,285,SEGMENTED,1,1,,FIXED_RANDOM,500,285,500,500,100000,0,0,0,0,1,1,0,0,0,1,1,1,1,0,,283,true,true,4.3368086899420177e-19,0.0076243404615522412,2026072607,4017947825915577414,9621336497066466428,9621336497066466428,MAXIMUM_FRAMES,0.0048561999999999998,37c29e4279c04446,086532f4a013163c,273ca9cc3e6ed03c,true,500
s2-07d,smoke,BCH-S200,200,285,SEGMENTED,1,2,,NONE,500,284,500,500,100000,1005,453,0.01005,0.90600000000000003,0.094,1,0,0.90600000000000003,0,1.0600000000000001,1.9399999999999999,0.059999999999999998,0.12,0.93999999999999995,1,283,false,false,0.87723544413744092,0.92857359140777873,2026072607,4017947825915577414,5640354087230502487,5640354087230502487,MAXIMUM_FRAMES,0.0047727500000000001,58f579949d6218a6,0c676aafaea3bec0,0c676aafaea3bec0,true,500
s2-07d,smoke,BCH-S200,200,285,SEGMENTED,1,2,,FIXED_RANDOM,500,284,500,500,100000,55,23,0.00055000000000000003,0.045999999999999999,0.95399999999999996,1,0,0.045999999999999999,0,1.954,1.046,0.95399999999999996,1.9079999999999999,0.045999999999999999,112,283,false,false,0.030845108370816204,0.068077792768273235,2026072607,4017947825915577414,5640354087230502487,5640354087230502487,MAXIMUM_FRAMES,0.0047727500000000001,58f579949d6218a6,086532f4a013163c,273ca9cc3e6ed03c,true,500
s2-07d,smoke,BCH-S200,200,285,SEGMENTED,1,3,,NONE,500,283,500,500,100000,1337,485,0.01337,0.96999999999999997,0.029999999999999999,1,0,0.96999999999999997,0,1.1439999999999999,2.8559999999999999,0,0.14399999999999999,1,0,282,false,false,0.95109633316405429,0.98173678680208654,2026072607,4017947825915577414,16030843550405113190,16030843550405113190,MAXIMUM_FRAMES,0.0048807499999999997,ed64c16fcab996a8,0c676aafaea3bec0,0c676aafaea3bec0,true,500
s2-07d,smoke,BCH-S200,200,285,SEGMENTED,1,3,,FIXED_RANDOM,500,283,500,500,100000,125,63,0.00125,0.126,0.874,1,0,0.126,0,2.8740000000000001,1.1259999999999999,0.874,2.7480000000000002,0.126,56,282,false,false,0.09973528894537706,0.15796771771986404,2026072607,4017947825915577414,16030843550405113190,16030843550405113190,MAXIMUM_FRAMES,0.0048807499999999997,ed64c16fcab996a8,086532f4a013163c,273ca9cc3e6ed03c,true,500
s2-07d,smoke,BCH-S200,200,285,SEGMENTED,1,4,,NONE,500,282,500,500,100000,1718,485,0.017180000000000001,0.96999999999999997,0.029999999999999999,1,0,0.96999999999999997,0,1.196,3.7519999999999998,0,0.14399999999999999,1.052,0,281,false,false,0.95109633316405429,0.98173678680208654,2026072607,4017947825915577414,1735388984397293476,1735388984397293476,MAXIMUM_FRAMES,0.0050352499999999998,ba81f6913420ec54,0c676aafaea3bec0,0c676aafaea3bec0,true,500
s2-07d,smoke,BCH-S200,200,285,SEGMENTED,1,4,,FIXED_RANDOM,500,282,500,500,100000,295,128,0.0029499999999999999,0.25600000000000001,0.74399999999999999,1,0,0.25600000000000001,0,3.7240000000000002,1.258,0.74399999999999999,3.4500000000000002,0.27400000000000002,9,281,false,false,0.21970770819171886,0.29601296995351872,2026072607,4017947825915577414,1735388984397293476,1735388984397293476,MAXIMUM_FRAMES,0.0050352499999999998,ba81f6913420ec54,086532f4a013163c,273ca9cc3e6ed03c,true,500
s2-07d,smoke,BCH-S200,200,285,SEGMENTED,1,5,,NONE,500,281,500,500,100000,2102,482,0.02102,0.96399999999999997,0.035999999999999997,1,0,0.96399999999999997,0,1.242,4.6360000000000001,0,0.12,1.1220000000000001,0,280,false,false,0.94381567303197222,0.97710893901970719,2026072607,4017947825915577414,11725738326003446633,11725738326003446633,MAXIMUM_FRAMES,0.0051878000000000002,51b485d5500cf03a,0c676aafaea3bec0,0c676aafaea3bec0,true,500
s2-07d,smoke,BCH-S200,200,285,SEGMENTED,1,5,,FIXED_RANDOM,500,281,500,500,100000,438,182,0.0043800000000000002,0.36399999999999999,0.63600000000000001,1,0,0.36399999999999999,0,4.5999999999999996,1.3680000000000001,0.63400000000000001,4.202,0.39800000000000002,9,280,false,false,0.32301143591892645,0.40706238468661582,2026072607,4017947825915577414,11725738326003446633,11725738326003446633,MAXIMUM_FRAMES,0.0051878000000000002,51b485d5500cf03a,086532f4a013163c,273ca9cc3e6ed03c,true,500
s2-07d,smoke,BCH-S200,200,285,SEGMENTED,1,6,,NONE,500,280,500,500,100000,2461,490,0.02461,0.97999999999999998,0.02,1,0,0.97999999999999998,0,1.292,5.4960000000000004,0,0.126,1.1659999999999999,0,279,false,false,0.96357981675312077,0.98910081640378922,2026072607,4017947825915577414,3413198687404197003,3413198687404197003,MAXIMUM_FRAMES,0.0049316999999999998,ea5c14027b1f3499,0c676aafaea3bec0,0c676aafaea3bec0,true,500
s2-07d,smoke,BCH-S200,200,285,SEGMENTED,1,6,,FIXED_RANDOM,500,280,500,500,100000,552,240,0.0055199999999999997,0.47999999999999998,0.52000000000000002,1,0,0.47999999999999998,0,5.4299999999999997,1.506,0.51000000000000001,4.8760000000000003,0.55400000000000005,7,276,false,false,0.43652842657373225,0.52377654704472987,2026072607,4017947825915577414,3413198687404197003,3413198687404197003,MAXIMUM_FRAMES,0.0049316999999999998,ea5c14027b1f3499,086532f4a013163c,273ca9cc3e6ed03c,true,500
s2-07d,smoke,BCH-S200,200,285,SEGMENTED,1,7,,NONE,500,279,500,500,100000,2365,489,0.023650000000000001,0.97799999999999998,0.021999999999999999,1,0,0.97799999999999998,0,1.3580000000000001,6.2859999999999996,0,0.12,1.238,1,278,false,false,0.96103913878868363,0.98767199173007247,2026072607,4017947825915577414,578442061327463775,578442061327463775,MAXIMUM_FRAMES,0.0048910999999999998,a4fc32eba59cd09a,0c676aafaea3bec0,0c676aafaea3bec0,true,500
s2-07d,smoke,BCH-S200,200,285,SEGMENTED,1,7,,FIXED_RANDOM,500,279,500,500,100000,859,319,0.0085900000000000004,0.63800000000000001,0.36199999999999999,1,0,0.63800000000000001,0,6.1100000000000003,1.698,0.34599999999999997,5.2640000000000002,0.84599999999999997,6,276,false,false,0.59497172621079741,0.67892395582181431,2026072607,4017947825915577414,578442061327463775,578442061327463775,MAXIMUM_FRAMES,0.0048910999999999998,a4fc32eba59cd09a,086532f4a013163c,273ca9cc3e6ed03c,true,500
s2-07d,smoke,BCH-S200,200,285,SEGMENTED,1,8,,NONE,500,278,500,500,100000,3127,491,0.031269999999999999,0.98199999999999998,0.017999999999999999,1,0,0.98199999999999998,0,1.4319999999999999,7.0540000000000003,0,0.13800000000000001,1.294,0,274,false,false,0.96614832909126069,0.99050180670380295,2026072607,4017947825915577414,17252338351945625033,17252338351945625033,MAXIMUM_FRAMES,0.0053682000000000001,05dfd8a088b81c31,0c676aafaea3bec0,0c676aafaea3bec0,true,500
s2-07d,smoke,BCH-S200,200,285,SEGMENTED,1,8,,FIXED_RANDOM,500,278,500,500,100000,1111,394,0.01111,0.78800000000000003,0.21199999999999999,1,0,0.78800000000000003,0,6.8879999999999999,1.8480000000000001,0.20399999999999999,5.8280000000000003,1.0600000000000001,5,266,false,false,0.7500478841824445,0.82156049571170153,2026072607,4017947825915577414,17252338351945625033,17252338351945625033,MAXIMUM_FRAMES,0.0053682000000000001,05dfd8a088b81c31,086532f4a013163c,273ca9cc3e6ed03c,true,500
s2-07d,smoke,BCH-S200,200,285,SEGMENTED,1,9,,NONE,500,277,500,500,100000,3191,486,0.031910000000000001,0.97199999999999998,0.028000000000000001,1,0,0.97199999999999998,0,1.482,7.7359999999999998,0,0.114,1.3680000000000001,0,276,false,false,0.95355359732505107,0.98324902527924363,2026072607,4017947825915577414,7180172080264513663,7180172080264513663,MAXIMUM_FRAMES,0.0058126000000000002,10fe5c5daea5c15a,0c676aafaea3bec0,0c676aafaea3bec0,true,500
s2-07d,smoke,BCH-S200,200,285,SEGMENTED,1,9,,FIXED_RANDOM,500,277,500,500,100000,1374,432,0.01374,0.86399999999999999,0.13600000000000001,1,0,0.86399999999999999,0,7.6079999999999997,1.9319999999999999,0.13600000000000001,6.2839999999999998,1.3240000000000001,6,257,false,false,0.83116492355122717,0.89128455659276284,2026072607,4017947825915577414,7180172080264513663,7180172080264513663,MAXIMUM_FRAMES,0.0058126000000000002,10fe5c5daea5c15a,086532f4a013163c,273ca9cc3e6ed03c,true,500
s2-07d,smoke,BCH-S200,200,285,SEGMENTED,1,10,,NONE,500,276,500,500,100000,3607,490,0.036069999999999998,0.97999999999999998,0.02,1,0,0.97999999999999998,0,1.556,8.5399999999999991,0,0.13200000000000001,1.4239999999999999,2,275,false,false,0.96357981675312077,0.98910081640378922,2026072607,4017947825915577414,6418771243946054147,6418771243946054147,MAXIMUM_FRAMES,0.0052505,73306189f9405f07,0c676aafaea3bec0,0c676aafaea3bec0,true,500
s2-07d,smoke,BCH-S200,200,285,SEGMENTED,1,10,,FIXED_RANDOM,500,276,500,500,100000,1825,482,0.018249999999999999,0.96399999999999997,0.035999999999999997,1,0,0.96399999999999997,0,8.0860000000000003,2.1339999999999999,0.035999999999999997,6.3419999999999996,1.744,4,227,false,false,0.94381567303197222,0.97710893901970719,2026072607,4017947825915577414,6418771243946054147,6418771243946054147,MAXIMUM_FRAMES,0.0052505,73306189f9405f07,086532f4a013163c,273ca9cc3e6ed03c,true,500
s2-07d,smoke,BCH-S200,200,285,SEGMENTED,1,11,,NONE,500,275,500,500,100000,3882,496,0.03882,0.99199999999999999,0.0080000000000000002,1,0,0.99199999999999999,0,1.6539999999999999,9.0280000000000005,0,0.14199999999999999,1.512,0,274,false,false,0.97961296416589483,0.99688468481993775,2026072607,4017947825915577414,14600472746167648424,14600472746167648424,MAXIMUM_FRAMES,0.0050230500000000003,2bfcfc33f637bb0c,0c676aafaea3bec0,0c676aafaea3bec0,true,500
s2-07d,smoke,BCH-S200,200,285,SEGMENTED,1,11,,FIXED_RANDOM,500,275,500,500,100000,2202,492,0.022020000000000001,0.98399999999999999,0.016,1,0,0.98399999999999999,0,8.6899999999999995,2.194,0.016,6.5999999999999996,2.0899999999999999,2,226,false,false,0.96874889146660581,0.9918707469666117,2026072607,4017947825915577414,14600472746167648424,14600472746167648424,MAXIMUM_FRAMES,0.0050230500000000003,2bfcfc33f637bb0c,086532f4a013163c,273ca9cc3e6ed03c,true,500
s2-07d,smoke,BCH-S200,200,285,SEGMENTED,1,12,,NONE,500,274,500,500,100000,4160,497,0.041599999999999998,0.99399999999999999,0.0060000000000000001,1,0,0.99399999999999999,0,1.728,9.6240000000000006,0,0.13600000000000001,1.5920000000000001,0,273,false,false,0.98250974789594669,0.99795740372803976,2026072607,4017947825915577414,11557029430521675905,11557029430521675905,MAXIMUM_FRAMES,0.0049843999999999999,f2b80feacd60ede6,0c676aafaea3bec0,0c676aafaea3bec0,true,500
s2-07d,smoke,BCH-S200,200,285,SEGMENTED,1,12,,FIXED_RANDOM,500,274,500,500,100000,2515,492,0.025149999999999999,0.98399999999999999,0.016,1,0,0.98399999999999999,0,9.3140000000000001,2.2400000000000002,0.016,6.8940000000000001,2.4199999999999999,1,225,false,false,0.96874889146660581,0.9918707469666117,2026072607,4017947825915577414,11557029430521675905,11557029430521675905,MAXIMUM_FRAMES,0.0049843999999999999,f2b80feacd60ede6,086532f4a013163c,273ca9cc3e6ed03c,true,500
s2-07d,smoke,BCH-S200,200,285,SEGMENTED,1,13,,NONE,500,273,500,500,100000,4624,498,0.046240000000000003,0.996,0.0040000000000000001,1,0,0.996,0,1.786,10.196,0,0.126,1.6599999999999999,0,272,false,false,0.98553428478482308,0.99890236947731725,2026072607,4017947825915577414,9040976471269520663,9040976471269520663,MAXIMUM_FRAMES,0.0057981500000000002,3775debd6a375b8d,0c676aafaea3bec0,0c676aafaea3bec0,true,500
s2-07d,smoke,BCH-S200,200,285,SEGMENTED,1,13,,FIXED_RANDOM,500,273,500,500,100000,2965,500,0.029649999999999999,1,0,1,0,1,0,9.7780000000000005,2.4279999999999999,0,7.0140000000000002,2.7639999999999998,0,0,false,false,0.99237565953844786,1,2026072607,4017947825915577414,9040976471269520663,9040976471269520663,MAXIMUM_FRAMES,0.0057981500000000002,3775debd6a375b8d,086532f4a013163c,273ca9cc3e6ed03c,true,500
s2-07d,smoke,BCH-S200,200,285,SEGMENTED,1,14,,NONE,500,272,500,500,100000,4964,500,0.049639999999999997,1,0,1,0,1,0,1.8640000000000001,10.722,0,0.13200000000000001,1.732,1,0,false,false,0.99237565953844786,1,2026072607,4017947825915577414,6497595084431888241,6497595084431888241,MAXIMUM_FRAMES,0.0062313000000000004,c88a402039d26ebf,0c676aafaea3bec0,0c676aafaea3bec0,true,500
s2-07d,smoke,BCH-S200,200,285,SEGMENTED,1,14,,FIXED_RANDOM,500,272,500,500,100000,3386,500,0.033860000000000001,1,0,1,0,1,0,10.257999999999999,2.54,0,7.1159999999999997,3.1419999999999999,1,0,false,false,0.99237565953844786,1,2026072607,4017947825915577414,6497595084431888241,6497595084431888241,MAXIMUM_FRAMES,0.0062313000000000004,c88a402039d26ebf,086532f4a013163c,273ca9cc3e6ed03c,true,500
s2-07d,smoke,BCH-S200,200,285,SEGMENTED,1,15,,NONE,500,271,500,500,100000,5316,500,0.053159999999999999,1,0,1,0,1,0,1.9379999999999999,11.244,0,0.13800000000000001,1.8,0,0,false,false,0.99237565953844786,1,2026072607,4017947825915577414,2459639486198168758,2459639486198168758,MAXIMUM_FRAMES,0.0051104999999999996,c363f2dfe657e60a,0c676aafaea3bec0,0c676aafaea3bec0,true,500
s2-07d,smoke,BCH-S200,200,285,SEGMENTED,1,15,,FIXED_RANDOM,500,271,500,500,100000,3809,500,0.038089999999999999,1,0,1,0,1,0,10.708,2.6739999999999999,0,7.1559999999999997,3.552,0,0,false,false,0.99237565953844786,1,2026072607,4017947825915577414,2459639486198168758,2459639486198168758,MAXIMUM_FRAMES,0.0051104999999999996,c363f2dfe657e60a,086532f4a013163c,273ca9cc3e6ed03c,true,500
s2-07d,smoke,BCH-S200,200,285,SEGMENTED,1,16,,NONE,500,270,500,500,100000,5724,500,0.057239999999999999,1,0,1,0,1,0,2,11.798,0,0.13400000000000001,1.8660000000000001,0,0,false,false,0.99237565953844786,1,2026072607,4017947825915577414,13444753107843355724,13444753107843355724,MAXIMUM_FRAMES,0.0054167499999999997,df218e2f35914430,0c676aafaea3bec0,0c676aafaea3bec0,true,500
s2-07d,smoke,BCH-S200,200,285,SEGMENTED,1,16,,FIXED_RANDOM,500,270,500,500,100000,4267,500,0.04267,1,0,1,0,1,0,11.196,2.7240000000000002,0,7.2539999999999996,3.9420000000000002,0,0,false,false,0.99237565953844786,1,2026072607,4017947825915577414,13444753107843355724,13444753107843355724,MAXIMUM_FRAMES,0.0054167499999999997,df218e2f35914430,086532f4a013163c,273ca9cc3e6ed03c,true,500
s2-07d,smoke,BCH-S200,200,285,SEGMENTED,1,17,,NONE,500,269,500,500,100000,6093,500,0.060929999999999998,1,0,1,0,1,0,2.0659999999999998,12.02,0,0.13200000000000001,1.9339999999999999,0,0,false,false,0.99237565953844786,1,2026072607,4017947825915577414,14648268934729853250,14648268934729853250,MAXIMUM_FRAMES,0.0050974000000000002,34c4dcbced1d724c,0c676aafaea3bec0,0c676aafaea3bec0,true,500
s2-07d,smoke,BCH-S200,200,285,SEGMENTED,1,17,,FIXED_RANDOM,500,269,500,500,100000,4663,500,0.046629999999999998,1,0,1,0,1,0,11.602,2.8940000000000001,0,7.282,4.3200000000000003,0,0,false,false,0.99237565953844786,1,2026072607,4017947825915577414,14648268934729853250,14648268934729853250,MAXIMUM_FRAMES,0.0050974000000000002,34c4dcbced1d724c,086532f4a013163c,273ca9cc3e6ed03c,true,500
s2-07d,smoke,BCH-S200,200,285,SEGMENTED,1,18,,NONE,500,268,500,500,100000,6439,500,0.064390000000000003,1,0,1,0,1,0,2.1339999999999999,12.518000000000001,0,0.13400000000000001,2,0,0,false,false,0.99237565953844786,1,2026072607,4017947825915577414,1128042961755240235,1128042961755240235,MAXIMUM_FRAMES,0.0052473499999999996,99318c1a107cda1f,0c676aafaea3bec0,0c676aafaea3bec0,true,500
s2-07d,smoke,BCH-S200,200,285,SEGMENTED,1,18,,FIXED_RANDOM,500,268,500,500,100000,5091,500,0.050909999999999997,1,0,1,0,1,0,12.06,3.004,0,7.4320000000000004,4.6280000000000001,0,0,false,false,0.99237565953844786,1,2026072607,4017947825915577414,1128042961755240235,1128042961755240235,MAXIMUM_FRAMES,0.0052473499999999996,99318c1a107cda1f,086532f4a013163c,273ca9cc3e6ed03c,true,500
s2-07d,smoke,BCH-S200,200,285,SEGMENTED,1,19,,NONE,500,267,500,500,100000,6837,500,0.06837,1,0,1,0,1,0,2.1840000000000002,12.896000000000001,0,0.13800000000000001,2.0459999999999998,0,0,false,false,0.99237565953844786,1,2026072607,4017947825915577414,16847999186951001930,16847999186951001930,MAXIMUM_FRAMES,0.0056950500000000001,b4b4cc51630e4ec7,0c676aafaea3bec0,0c676aafaea3bec0,true,500
s2-07d,smoke,BCH-S200,200,285,SEGMENTED,1,19,,FIXED_RANDOM,500,267,500,500,100000,5602,500,0.05602,1,0,1,0,1,0,12.442,3.1040000000000001,0,7.3440000000000003,5.0979999999999999,0,0,false,false,0.99237565953844786,1,2026072607,4017947825915577414,16847999186951001930,16847999186951001930,MAXIMUM_FRAMES,0.0056950500000000001,b4b4cc51630e4ec7,086532f4a013163c,273ca9cc3e6ed03c,true,500
s2-07d,smoke,BCH-S200,200,285,SEGMENTED,1,20,,NONE,500,266,500,500,100000,7162,500,0.071620000000000003,1,0,1,0,1,0,2.2519999999999998,13.35,0,0.126,2.1259999999999999,2,0,false,false,0.99237565953844786,1,2026072607,4017947825915577414,4505438467468810773,4505438467468810773,MAXIMUM_FRAMES,0.0051866500000000001,b06607f9a9f0404e,0c676aafaea3bec0,0c676aafaea3bec0,true,500
s2-07d,smoke,BCH-S200,200,285,SEGMENTED,1,20,,FIXED_RANDOM,500,266,500,500,100000,6073,500,0.060729999999999999,1,0,1,0,1,0,12.728,3.262,0,7.2699999999999996,5.4580000000000002,2,0,false,false,0.99237565953844786,1,2026072607,4017947825915577414,4505438467468810773,4505438467468810773,MAXIMUM_FRAMES,0.0051866500000000001,b06607f9a9f0404e,086532f4a013163c,273ca9cc3e6ed03c,true,500
s2-07d,smoke,BCH-S200,200,285,SEGMENTED,1,21,,NONE,500,265,500,500,100000,7540,500,0.075399999999999995,1,0,1,0,1,0,2.3599999999999999,13.714,0,0.16800000000000001,2.1920000000000002,0,0,false,false,0.99237565953844786,1,2026072607,4017947825915577414,16685222875482826997,16685222875482826997,MAXIMUM_FRAMES,0.0055209500000000002,c6c4ff50e29fded7,0c676aafaea3bec0,0c676aafaea3bec0,true,500
s2-07d,smoke,BCH-S200,200,285,SEGMENTED,1,21,,FIXED_RANDOM,500,265,500,500,100000,6611,500,0.066110000000000002,1,0,1,0,1,0,13.212,3.2440000000000002,0,7.3280000000000003,5.8840000000000003,0,0,false,false,0.99237565953844786,1,2026072607,4017947825915577414,16685222875482826997,16685222875482826997,MAXIMUM_FRAMES,0.0055209500000000002,c6c4ff50e29fded7,086532f4a013163c,273ca9cc3e6ed03c,true,500
s2-07d,smoke,BCH-S200,200,285,SEGMENTED,1,22,,NONE,500,264,500,500,100000,7901,500,0.079009999999999997,1,0,1,0,1,0,2.3919999999999999,13.906000000000001,0,0.14999999999999999,2.242,1,0,false,false,0.99237565953844786,1,2026072607,4017947825915577414,12788309044484753256,12788309044484753256,MAXIMUM_FRAMES,0.0060568499999999999,2be90e66446f5564,0c676aafaea3bec0,0c676aafaea3bec0,true,500
s2-07d,smoke,BCH-S200,200,285,SEGMENTED,1,22,,FIXED_RANDOM,500,264,500,500,100000,6958,500,0.069580000000000003,1,0,1,0,1,0,13.518000000000001,3.4399999999999999,0,7.3499999999999996,6.1680000000000001,1,0,false,false,0.99237565953844786,1,2026072607,4017947825915577414,12788309044484753256,12788309044484753256,MAXIMUM_FRAMES,0.0060568499999999999,2be90e66446f5564,086532f4a013163c,273ca9cc3e6ed03c,true,500
s2-07d,smoke,BCH-S200,200,285,SEGMENTED,1,23,,NONE,500,263,500,500,100000,8326,500,0.083260000000000001,1,0,1,0,1,0,2.4359999999999999,14.172000000000001,0,0.13400000000000001,2.302,0,0,false,false,0.99237565953844786,1,2026072607,4017947825915577414,13740447012808603300,13740447012808603300,MAXIMUM_FRAMES,0.0054637499999999999,ec01134e055bb335,0c676aafaea3bec0,0c676aafaea3bec0,true,500
s2-07d,smoke,BCH-S200,200,285,SEGMENTED,1,23,,FIXED_RANDOM,500,263,500,500,100000,7625,500,0.076249999999999998,1,0,1,0,1,0,13.778,3.4420000000000002,0,7.0620000000000003,6.7160000000000002,0,0,false,false,0.99237565953844786,1,2026072607,4017947825915577414,13740447012808603300,13740447012808603300,MAXIMUM_FRAMES,0.0054637499999999999,ec01134e055bb335,086532f4a013163c,273ca9cc3e6ed03c,true,500
s2-07d,smoke,BCH-S200,200,285,SEGMENTED,1,24,,NONE,500,262,500,500,100000,8650,500,0.086499999999999994,1,0,1,0,1,0,2.508,14.34,0,0.13200000000000001,2.3759999999999999,0,0,false,false,0.99237565953844786,1,2026072607,4017947825915577414,13570371751912539011,13570371751912539011,MAXIMUM_FRAMES,0.0055528499999999998,7bd595607fbbc23b,0c676aafaea3bec0,0c676aafaea3bec0,true,500
s2-07d,smoke,BCH-S200,200,285,SEGMENTED,1,24,,FIXED_RANDOM,500,262,500,500,100000,8060,500,0.080600000000000005,1,0,1,0,1,0,14.146000000000001,3.5600000000000001,0,7.0780000000000003,7.0679999999999996,0,0,false,false,0.99237565953844786,1,2026072607,4017947825915577414,13570371751912539011,13570371751912539011,MAXIMUM_FRAMES,0.0055528499999999998,7bd595607fbbc23b,086532f4a013163c,273ca9cc3e6ed03c,true,500
s2-07d,smoke,BCH-S200,200,285,SEGMENTED,1,25,,NONE,500,261,500,500,100000,8996,500,0.089959999999999998,1,0,1,0,1,0,2.5800000000000001,14.558,0,0.104,2.476,0,0,false,false,0.99237565953844786,1,2026072607,4017947825915577414,6210781106370100180,6210781106370100180,MAXIMUM_FRAMES,0.0052759,022f9f961e69d706,0c676aafaea3bec0,0c676aafaea3bec0,true,500
s2-07d,smoke,BCH-S200,200,285,SEGMENTED,1,25,,FIXED_RANDOM,500,261,500,500,100000,8561,500,0.085610000000000006,1,0,1,0,1,0,14.432,3.6240000000000001,0,6.984,7.4480000000000004,0,0,false,false,0.99237565953844786,1,2026072607,4017947825915577414,6210781106370100180,6210781106370100180,MAXIMUM_FRAMES,0.0052759,022f9f961e69d706,086532f4a013163c,273ca9cc3e6ed03c,true,500
s2-07d,smoke,BCH-S200,200,285,SEGMENTED,1,26,,NONE,500,260,500,500,100000,9401,500,0.094009999999999996,1,0,1,0,1,0,2.6419999999999999,14.651999999999999,0,0.13600000000000001,2.5059999999999998,0,0,false,false,0.99237565953844786,1,2026072607,4017947825915577414,4458853196323289160,4458853196323289160,MAXIMUM_FRAMES,0.00539655,538a12882af7d354,0c676aafaea3bec0,0c676aafaea3bec0,true,500
s2-07d,smoke,BCH-S200,200,285,SEGMENTED,1,26,,FIXED_RANDOM,500,260,500,500,100000,8934,500,0.089340000000000003,1,0,1,0,1,0,14.772,3.6840000000000002,0,7.1219999999999999,7.6500000000000004,0,0,false,false,0.99237565953844786,1,2026072607,4017947825915577414,4458853196323289160,4458853196323289160,MAXIMUM_FRAMES,0.00539655,538a12882af7d354,086532f4a013163c,273ca9cc3e6ed03c,true,500
s2-07d,smoke,BCH-S200,200,285,SEGMENTED,1,27,,NONE,500,259,500,500,100000,9755,500,0.097549999999999998,1,0,1,0,1,0,2.7280000000000002,14.874000000000001,0,0.14399999999999999,2.5840000000000001,0,0,false,false,0.99237565953844786,1,2026072607,4017947825915577414,17364629354612930581,17364629354612930581,MAXIMUM_FRAMES,0.0055031500000000001,408f14e566e3abd7,0c676aafaea3bec0,0c676aafaea3bec0,true,500
s2-07d,smoke,BCH-S200,200,285,SEGMENTED,1,27,,FIXED_RANDOM,500,259,500,500,100000,9562,500,0.095619999999999997,1,0,1,0,1,0,15.02,3.73,0,6.8099999999999996,8.2100000000000009,0,0,false,false,0.99237565953844786,1,2026072607,4017947825915577414,17364629354612930581,17364629354612930581,MAXIMUM_FRAMES,0.0055031500000000001,408f14e566e3abd7,086532f4a013163c,273ca9cc3e6ed03c,true,500
s2-07d,smoke,BCH-S200,200,285,SEGMENTED,1,28,,NONE,500,258,500,500,100000,10063,500,0.10063,1,0,1,0,1,0,2.7719999999999998,14.928000000000001,0,0.114,2.6579999999999999,0,0,false,false,0.99237565953844786,1,2026072607,4017947825915577414,2441686258686618187,2441686258686618187,MAXIMUM_FRAMES,0.0056893999999999998,28722973e08797c9,0c676aafaea3bec0,0c676aafaea3bec0,true,500
s2-07d,smoke,BCH-S200,200,285,SEGMENTED,1,28,,FIXED_RANDOM,500,258,500,500,100000,9865,500,0.098650000000000002,1,0,1,0,1,0,15.18,3.8740000000000001,0,6.7699999999999996,8.4100000000000001,0,0,false,false,0.99237565953844786,1,2026072607,4017947825915577414,2441686258686618187,2441686258686618187,MAXIMUM_FRAMES,0.0056893999999999998,28722973e08797c9,086532f4a013163c,273ca9cc3e6ed03c,true,500
s2-07d,smoke,BCH-S200,200,285,SEGMENTED,1,29,,NONE,500,257,500,500,100000,10450,500,0.1045,1,0,1,0,1,0,2.8580000000000001,15,0,0.16200000000000001,2.6960000000000002,0,0,false,false,0.99237565953844786,1,2026072607,4017947825915577414,18067399469375152267,18067399469375152267,MAXIMUM_FRAMES,0.0059128999999999996,4700495e1b32f21c,0c676aafaea3bec0,0c676aafaea3bec0,true,500
s2-07d,smoke,BCH-S200,200,285,SEGMENTED,1,29,,FIXED_RANDOM,500,257,500,500,100000,10457,500,0.10457,1,0,1,0,1,0,15.481999999999999,3.9180000000000001,0,6.5579999999999998,8.9239999999999995,0,0,false,false,0.99237565953844786,1,2026072607,4017947825915577414,18067399469375152267,18067399469375152267,MAXIMUM_FRAMES,0.0059128999999999996,4700495e1b32f21c,086532f4a013163c,273ca9cc3e6ed03c,true,500
s2-07d,smoke,BCH-S200,200,285,SEGMENTED,1,30,,NONE,500,256,500,500,100000,10809,500,0.10809000000000001,1,0,1,0,1,0,2.9260000000000002,15,0,0.128,2.798,0,0,false,false,0.99237565953844786,1,2026072607,4017947825915577414,7734322170232722805,7734322170232722805,MAXIMUM_FRAMES,0.00552025,ae8db48a17d9caeb,0c676aafaea3bec0,0c676aafaea3bec0,true,500
s2-07d,smoke,BCH-S200,200,285,SEGMENTED,1,30,,FIXED_RANDOM,500,256,500,500,100000,10921,500,0.10921,1,0,1,0,1,0,15.66,4.0679999999999996,0,6.5060000000000002,9.1539999999999999,0,0,false,false,0.99237565953844786,1,2026072607,4017947825915577414,7734322170232722805,7734322170232722805,MAXIMUM_FRAMES,0.00552025,ae8db48a17d9caeb,086532f4a013163c,273ca9cc3e6ed03c,true,500
s2-07d,smoke,BCH-S200,200,285,SEGMENTED,1,31,,NONE,500,255,500,500,100000,11221,500,0.11221,1,0,1,0,1,0,3,15,0,0.14000000000000001,2.8599999999999999,0,0,false,false,0.99237565953844786,1,2026072607,4017947825915577414,14320159573572120405,14320159573572120405,MAXIMUM_FRAMES,0.00581935,7ca6b53e77ffa13a,0c676aafaea3bec0,0c676aafaea3bec0,true,500
s2-07d,smoke,BCH-S200,200,285,SEGMENTED,1,31,,FIXED_RANDOM,500,255,500,500,100000,11379,500,0.11379,1,0,1,0,1,0,16.012,4.1120000000000001,0,6.4400000000000004,9.5719999999999992,0,0,false,false,0.99237565953844786,1,2026072607,4017947825915577414,14320159573572120405,14320159573572120405,MAXIMUM_FRAMES,0.00581935,7ca6b53e77ffa13a,086532f4a013163c,273ca9cc3e6ed03c,true,500
s2-07d,smoke,BCH-S200,200,285,SEGMENTED,1,32,,NONE,500,254,500,500,100000,11590,500,0.1159,1,0,1,0,1,0,3.0619999999999998,15,0,0.124,2.9380000000000002,0,0,false,false,0.99237565953844786,1,2026072607,4017947825915577414,14121150518197644850,14121150518197644850,MAXIMUM_FRAMES,0.0063842999999999999,584342f19977a1f5,0c676aafaea3bec0,0c676aafaea3bec0,true,500
s2-07d,smoke,BCH-S200,200,285,SEGMENTED,1,32,,FIXED_RANDOM,500,254,500,500,100000,11813,500,0.11813,1,0,1,0,1,0,16.202000000000002,4.1459999999999999,0,6.3300000000000001,9.8719999999999999,0,0,false,false,0.99237565953844786,1,2026072607,4017947825915577414,14121150518197644850,14121150518197644850,MAXIMUM_FRAMES,0.0063842999999999999,584342f19977a1f5,086532f4a013163c,273ca9cc3e6ed03c,true,500
s2-07d,smoke,BCH-S200,200,285,SEGMENTED,1,40,,NONE,500,246,500,500,100000,14473,500,0.14473,1,0,1,0,1,0,3.5760000000000001,15,0,0.122,3.4540000000000002,0,0,false,false,0.99237565953844786,1,2026072607,4017947825915577414,1794124450668431439,1794124450668431439,MAXIMUM_FRAMES,0.0059109999999999996,6235390fe26877ea,0c676aafaea3bec0,0c676aafaea3bec0,true,500
s2-07d,smoke,BCH-S200,200,285,SEGMENTED,1,40,,FIXED_RANDOM,500,246,500,500,100000,15816,500,0.15816,1,0,1,0,1,0,17.361999999999998,4.7939999999999996,0,4.9699999999999998,12.391999999999999,0,0,false,false,0.99237565953844786,1,2026072607,4017947825915577414,1794124450668431439,1794124450668431439,MAXIMUM_FRAMES,0.0059109999999999996,6235390fe26877ea,086532f4a013163c,273ca9cc3e6ed03c,true,500
s2-07d,smoke,BCH-S200,200,285,SEGMENTED,1,48,,NONE,500,238,500,500,100000,17392,500,0.17391999999999999,1,0,1,0,1,0,4.1260000000000003,15,0,0.126,4,0,0,false,false,0.99237565953844786,1,2026072607,4017947825915577414,17540642567548662910,17540642567548662910,MAXIMUM_FRAMES,0.0055659999999999998,e5537a669f6e23c5,0c676aafaea3bec0,0c676aafaea3bec0,true,500
s2-07d,smoke,BCH-S200,200,285,SEGMENTED,1,48,,FIXED_RANDOM,500,238,500,500,100000,19133,500,0.19133,1,0,1,0,1,0,18.074000000000002,5.3479999999999999,0,3.9700000000000002,14.103999999999999,0,0,false,false,0.99237565953844786,1,2026072607,4017947825915577414,17540642567548662910,17540642567548662910,MAXIMUM_FRAMES,0.0055659999999999998,e5537a669f6e23c5,086532f4a013163c,273ca9cc3e6ed03c,true,500
s2-07d,smoke,BCH-S200,200,285,SEGMENTED,1,56,,NONE,500,230,500,500,100000,20379,500,0.20379,1,0,1,0,1,0,4.6779999999999999,15,0,0.16200000000000001,4.516,0,0,false,false,0.99237565953844786,1,2026072607,4017947825915577414,15161388665748272528,15161388665748272528,MAXIMUM_FRAMES,0.0057463999999999996,0e4086356a702200,0c676aafaea3bec0,0c676aafaea3bec0,true,500
s2-07d,smoke,BCH-S200,200,285,SEGMENTED,1,56,,FIXED_RANDOM,500,230,500,500,100000,22654,500,0.22653999999999999,1,0,1,0,1,0,18.449999999999999,5.79,0,2.6779999999999999,15.772,0,0,false,false,0.99237565953844786,1,2026072607,4017947825915577414,15161388665748272528,15161388665748272528,MAXIMUM_FRAMES,0.0057463999999999996,0e4086356a702200,086532f4a013163c,273ca9cc3e6ed03c,true,500
s2-07d,smoke,BCH-S200,200,285,SEGMENTED,1,64,,NONE,500,222,500,500,100000,23291,500,0.23291000000000001,1,0,1,0,1,0,5.1980000000000004,15,0,0.14399999999999999,5.0540000000000003,0,0,false,false,0.99237565953844786,1,2026072607,4017947825915577414,7491526243118355287,7491526243118355287,MAXIMUM_FRAMES,0.0054927500000000002,6027acfc98afa7c5,0c676aafaea3bec0,0c676aafaea3bec0,true,500
s2-07d,smoke,BCH-S200,200,285,SEGMENTED,1,64,,FIXED_RANDOM,500,222,500,500,100000,25726,500,0.25725999999999999,1,0,1,0,1,0,18.75,6.4000000000000004,0,1.806,16.943999999999999,0,0,false,false,0.99237565953844786,1,2026072607,4017947825915577414,7491526243118355287,7491526243118355287,MAXIMUM_FRAMES,0.0054927500000000002,6027acfc98afa7c5,086532f4a013163c,273ca9cc3e6ed03c,true,500
s2-07d,smoke,BCH-B200,200,248,WHOLE_BLOCK_SHORTENED,6,0,,NONE,500,1,500,500,100000,0,0,0,0,1,1,0,0,0,0,0,1,0,0,,0,true,true,4.3368086899420177e-19,0.0076243404615522412,2026072607,1634736261696657812,8526850842712178510,8526850842712178510,MAXIMUM_FRAMES,0.0076699000000000003,deb543204c5d568b,a2046895accb2c03,a2046895accb2c03,true,500
s2-07d,smoke,BCH-B200,200,248,WHOLE_BLOCK_SHORTENED,6,0,,FIXED_RANDOM,500,1,500,500,100000,0,0,0,0,1,1,0,0,0,0,0,1,0,0,,0,true,true,4.3368086899420177e-19,0.0076243404615522412,2026072607,1634736261696657812,8526850842712178510,8526850842712178510,MAXIMUM_FRAMES,0.0076699000000000003,deb543204c5d568b,05db3d652ddf6163,85688e52470db023,true,500
s2-07d,smoke,BCH-B200,200,248,WHOLE_BLOCK_SHORTENED,6,1,,NONE,500,248,500,500,100000,0,0,0,0,1,1,0,0,0,1,1,1,1,0,,247,true,true,4.3368086899420177e-19,0.0076243404615522412,2026072607,1634736261696657812,889119839000955771,889119839000955771,MAXIMUM_FRAMES,0.0076623999999999998,16afbff803e11994,a2046895accb2c03,a2046895accb2c03,true,500
s2-07d,smoke,BCH-B200,200,248,WHOLE_BLOCK_SHORTENED,6,1,,FIXED_RANDOM,500,248,500,500,100000,0,0,0,0,1,1,0,0,0,1,1,1,1,0,,247,true,true,4.3368086899420177e-19,0.0076243404615522412,2026072607,1634736261696657812,889119839000955771,889119839000955771,MAXIMUM_FRAMES,0.0076623999999999998,16afbff803e11994,05db3d652ddf6163,85688e52470db023,true,500
s2-07d,smoke,BCH-B200,200,248,WHOLE_BLOCK_SHORTENED,6,2,,NONE,500,247,500,500,100000,0,0,0,0,1,1,0,0,0,1,2,1,0,1,,246,true,true,4.3368086899420177e-19,0.0076243404615522412,2026072607,1634736261696657812,3316911228337861567,3316911228337861567,MAXIMUM_FRAMES,0.00820275,3af01a80991e496b,a2046895accb2c03,a2046895accb2c03,true,500
s2-07d,smoke,BCH-B200,200,248,WHOLE_BLOCK_SHORTENED,6,2,,FIXED_RANDOM,500,247,500,500,100000,0,0,0,0,1,1,0,0,0,1,2,1,0,1,,246,true,true,4.3368086899420177e-19,0.0076243404615522412,2026072607,1634736261696657812,3316911228337861567,3316911228337861567,MAXIMUM_FRAMES,0.00820275,3af01a80991e496b,05db3d652ddf6163,85688e52470db023,true,500
s2-07d,smoke,BCH-B200,200,248,WHOLE_BLOCK_SHORTENED,6,3,,NONE,500,246,500,500,100000,0,0,0,0,1,1,0,0,0,1,3,1,0,1,,245,true,true,4.3368086899420177e-19,0.0076243404615522412,2026072607,1634736261696657812,14070308680367686239,14070308680367686239,MAXIMUM_FRAMES,0.0091091499999999999,130a76379aa02c4e,a2046895accb2c03,a2046895accb2c03,true,500
s2-07d,smoke,BCH-B200,200,248,WHOLE_BLOCK_SHORTENED,6,3,,FIXED_RANDOM,500,246,500,500,100000,0,0,0,0,1,1,0,0,0,1,3,1,0,1,,245,true,true,4.3368086899420177e-19,0.0076243404615522412,2026072607,1634736261696657812,14070308680367686239,14070308680367686239,MAXIMUM_FRAMES,0.0091091499999999999,130a76379aa02c4e,05db3d652ddf6163,85688e52470db023,true,500
s2-07d,smoke,BCH-B200,200,248,WHOLE_BLOCK_SHORTENED,6,4,,NONE,500,245,500,500,100000,0,0,0,0,1,1,0,0,0,1,4,1,0,1,,244,true,true,4.3368086899420177e-19,0.0076243404615522412,2026072607,1634736261696657812,17305703104608333416,17305703104608333416,MAXIMUM_FRAMES,0.0092324999999999994,df00c6472d7efd8a,a2046895accb2c03,a2046895accb2c03,true,500
s2-07d,smoke,BCH-B200,200,248,WHOLE_BLOCK_SHORTENED,6,4,,FIXED_RANDOM,500,245,500,500,100000,0,0,0,0,1,1,0,0,0,1,4,1,0,1,,244,true,true,4.3368086899420177e-19,0.0076243404615522412,2026072607,1634736261696657812,17305703104608333416,17305703104608333416,MAXIMUM_FRAMES,0.0092324999999999994,df00c6472d7efd8a,05db3d652ddf6163,85688e52470db023,true,500
s2-07d,smoke,BCH-B200,200,248,WHOLE_BLOCK_SHORTENED,6,5,,NONE,500,244,500,500,100000,0,0,0,0,1,1,0,0,0,1,5,1,0,1,,242,true,true,4.3368086899420177e-19,0.0076243404615522412,2026072607,1634736261696657812,900375294139292588,900375294139292588,MAXIMUM_FRAMES,0.0094982999999999995,e164fe1ad4acff90,a2046895accb2c03,a2046895accb2c03,true,500
s2-07d,smoke,BCH-B200,200,248,WHOLE_BLOCK_SHORTENED,6,5,,FIXED_RANDOM,500,244,500,500,100000,0,0,0,0,1,1,0,0,0,1,5,1,0,1,,242,true,true,4.3368086899420177e-19,0.0076243404615522412,2026072607,1634736261696657812,900375294139292588,900375294139292588,MAXIMUM_FRAMES,0.0094982999999999995,e164fe1ad4acff90,05db3d652ddf6163,85688e52470db023,true,500
s2-07d,smoke,BCH-B200,200,248,WHOLE_BLOCK_SHORTENED,6,6,,NONE,500,243,500,500,100000,0,0,0,0,1,1,0,0,0,1,6,1,0,1,,242,true,true,4.3368086899420177e-19,0.0076243404615522412,2026072607,1634736261696657812,5804698399771143140,5804698399771143140,MAXIMUM_FRAMES,0.0112975,dcb71d9b60832140,a2046895accb2c03,a2046895accb2c03,true,500
s2-07d,smoke,BCH-B200,200,248,WHOLE_BLOCK_SHORTENED,6,6,,FIXED_RANDOM,500,243,500,500,100000,0,0,0,0,1,1,0,0,0,1,6,1,0,1,,242,true,true,4.3368086899420177e-19,0.0076243404615522412,2026072607,1634736261696657812,5804698399771143140,5804698399771143140,MAXIMUM_FRAMES,0.0112975,dcb71d9b60832140,05db3d652ddf6163,85688e52470db023,true,500
s2-07d,smoke,BCH-B200,200,248,WHOLE_BLOCK_SHORTENED,6,7,,NONE,500,242,500,500,100000,2837,413,0.028369999999999999,0.82599999999999996,0.17399999999999999,0,1,0,413,1,7,0,0,1,0,241,false,false,0.79031840210013216,0.85671052791893576,2026072607,1634736261696657812,6925745749846358003,6925745749846358003,MAXIMUM_FRAMES,0.01123615,be980ceec31a9839,a2046895accb2c03,a2046895accb2c03,true,500
s2-07d,smoke,BCH-B200,200,248,WHOLE_BLOCK_SHORTENED,6,7,,FIXED_RANDOM,500,242,500,500,100000,2825,500,0.028250000000000001,1,0,0.01,0.98999999999999999,0.01,495,1,7,0,0,1,0,0,false,false,0.99237565953844786,1,2026072607,1634736261696657812,6925745749846358003,6925745749846358003,MAXIMUM_FRAMES,0.01123615,be980ceec31a9839,05db3d652ddf6163,85688e52470db023,true,500
s2-07d,smoke,BCH-B200,200,248,WHOLE_BLOCK_SHORTENED,6,8,,NONE,500,241,500,500,100000,3208,408,0.032079999999999997,0.81599999999999995,0.184,0,1,0,408,1,8,0,0,1,0,240,false,false,0.77967089620645957,0.8475105206218394,2026072607,1634736261696657812,16532632599329836257,16532632599329836257,MAXIMUM_FRAMES,0.01079625,a15e4476118933f3,a2046895accb2c03,a2046895accb2c03,true,500
s2-07d,smoke,BCH-B200,200,248,WHOLE_BLOCK_SHORTENED,6,8,,FIXED_RANDOM,500,241,500,500,100000,3214,500,0.032140000000000002,1,0,0.002,0.998,0.002,499,1,8,0,0,1,0,0,false,false,0.99237565953844786,1,2026072607,1634736261696657812,16532632599329836257,16532632599329836257,MAXIMUM_FRAMES,0.01079625,a15e4476118933f3,05db3d652ddf6163,85688e52470db023,true,500
s2-07d,smoke,BCH-B200,200,248,WHOLE_BLOCK_SHORTENED,6,9,,NONE,500,240,500,500,100000,3672,415,0.036720000000000003,0.82999999999999996,0.17000000000000001,0,1,0,415,1,9,0,0,1,0,239,false,false,0.79458830139933667,0.86037963389603878,2026072607,1634736261696657812,9853511454458455286,9853511454458455286,MAXIMUM_FRAMES,0.010170999999999999,b3698d4aeb70ff8c,a2046895accb2c03,a2046895accb2c03,true,500
s2-07d,smoke,BCH-B200,200,248,WHOLE_BLOCK_SHORTENED,6,9,,FIXED_RANDOM,500,240,500,500,100000,3675,500,0.036749999999999998,1,0,0,1,0,500,1,9,0,0,1,0,0,false,false,0.99237565953844786,1,2026072607,1634736261696657812,9853511454458455286,9853511454458455286,MAXIMUM_FRAMES,0.010170999999999999,b3698d4aeb70ff8c,05db3d652ddf6163,85688e52470db023,true,500
s2-07d,smoke,BCH-B200,200,248,WHOLE_BLOCK_SHORTENED,6,10,,NONE,500,239,500,500,100000,4258,432,0.04258,0.86399999999999999,0.13600000000000001,0,1,0,432,1,10,0,0,1,0,238,false,false,0.83116492355122717,0.89128455659276284,2026072607,1634736261696657812,3643475383375755839,3643475383375755839,MAXIMUM_FRAMES,0.01139985,d2cb540fcf5c8eea,a2046895accb2c03,a2046895accb2c03,true,500
s2-07d,smoke,BCH-B200,200,248,WHOLE_BLOCK_SHORTENED,6,10,,FIXED_RANDOM,500,239,500,500,100000,4016,500,0.040160000000000001,1,0,0,1,0,500,1,10,0,0,1,0,0,false,false,0.99237565953844786,1,2026072607,1634736261696657812,3643475383375755839,3643475383375755839,MAXIMUM_FRAMES,0.01139985,d2cb540fcf5c8eea,05db3d652ddf6163,85688e52470db023,true,500
s2-07d,smoke,BCH-B200,200,248,WHOLE_BLOCK_SHORTENED,6,11,,NONE,500,238,500,500,100000,4499,416,0.044990000000000002,0.83199999999999996,0.16800000000000001,0,1,0,416,1,11,0,0,1,0,237,false,false,0.7967256709103735,0.86221176702315583,2026072607,1634736261696657812,15431653708041872298,15431653708041872298,MAXIMUM_FRAMES,0.01036055,c4578b8ab07c9a06,a2046895accb2c03,a2046895accb2c03,true,500
s2-07d,smoke,BCH-B200,200,248,WHOLE_BLOCK_SHORTENED,6,11,,FIXED_RANDOM,500,238,500,500,100000,4429,500,0.044290000000000003,1,0,0,1,0,500,1,11,0,0,1,0,0,false,false,0.99237565953844786,1,2026072607,1634736261696657812,15431653708041872298,15431653708041872298,MAXIMUM_FRAMES,0.01036055,c4578b8ab07c9a06,05db3d652ddf6163,85688e52470db023,true,500
s2-07d,smoke,BCH-B200,200,248,WHOLE_BLOCK_SHORTENED,6,12,,NONE,500,237,500,500,100000,4926,423,0.049259999999999998,0.84599999999999997,0.154,0,1,0,423,1,12,0,0,1,0,236,false,false,0.81173463667894596,0.87498931972165983,2026072607,1634736261696657812,13433694996622906046,13433694996622906046,MAXIMUM_FRAMES,0.011367449999999999,ed3d88acc237ceeb,a2046895accb2c03,a2046895accb2c03,true,500
s2-07d,smoke,BCH-B200,200,248,WHOLE_BLOCK_SHORTENED,6,12,,FIXED_RANDOM,500,237,500,500,100000,4869,500,0.048689999999999997,1,0,0.0060000000000000001,0.99399999999999999,0.0060000000000000001,497,1,12,0,0,1,0,0,false,false,0.99237565953844786,1,2026072607,1634736261696657812,13433694996622906046,13433694996622906046,MAXIMUM_FRAMES,0.011367449999999999,ed3d88acc237ceeb,05db3d652ddf6163,85688e52470db023,true,500
s2-07d,smoke,BCH-B200,200,248,WHOLE_BLOCK_SHORTENED,6,13,,NONE,500,236,500,500,100000,5340,423,0.053400000000000003,0.84599999999999997,0.154,0,1,0,423,1,13,0,0,1,0,235,false,false,0.81173463667894596,0.87498931972165983,2026072607,1634736261696657812,1245156857434951663,1245156857434951663,MAXIMUM_FRAMES,0.0116466,34694c38b65cd2f8,a2046895accb2c03,a2046895accb2c03,true,500
s2-07d,smoke,BCH-B200,200,248,WHOLE_BLOCK_SHORTENED,6,13,,FIXED_RANDOM,500,236,500,500,100000,5257,500,0.052569999999999999,1,0,0,1,0,500,1,13,0,0,1,0,0,false,false,0.99237565953844786,1,2026072607,1634736261696657812,1245156857434951663,1245156857434951663,MAXIMUM_FRAMES,0.0116466,34694c38b65cd2f8,05db3d652ddf6163,85688e52470db023,true,500
s2-07d,smoke,BCH-B200,200,248,WHOLE_BLOCK_SHORTENED,6,14,,NONE,500,235,500,500,100000,5789,424,0.057889999999999997,0.84799999999999998,0.152,0,1,0,424,1,14,0,0,1,0,234,false,false,0.81388585171256134,0.87680760732619833,2026072607,1634736261696657812,6640213034729549405,6640213034729549405,MAXIMUM_FRAMES,0.011432350000000001,9fb9df2a4449a43d,a2046895accb2c03,a2046895accb2c03,true,500
s2-07d,smoke,BCH-B200,200,248,WHOLE_BLOCK_SHORTENED,6,14,,FIXED_RANDOM,500,235,500,500,100000,5628,500,0.056279999999999997,1,0,0,1,0,500,1,14,0,0,1,0,0,false,false,0.99237565953844786,1,2026072607,1634736261696657812,6640213034729549405,6640213034729549405,MAXIMUM_FRAMES,0.011432350000000001,9fb9df2a4449a43d,05db3d652ddf6163,85688e52470db023,true,500
s2-07d,smoke,BCH-B200,200,248,WHOLE_BLOCK_SHORTENED,6,15,,NONE,500,234,500,500,100000,6262,431,0.062619999999999995,0.86199999999999999,0.13800000000000001,0,1,0,431,1,15,0,0,1,0,233,false,false,0.82899798640471989,0.88948199110111625,2026072607,1634736261696657812,15333615203300855710,15333615203300855710,MAXIMUM_FRAMES,0.010706,f16a02c2e7b3448f,a2046895accb2c03,a2046895accb2c03,true,500
s2-07d,smoke,BCH-B200,200,248,WHOLE_BLOCK_SHORTENED,6,15,,FIXED_RANDOM,500,234,500,500,100000,6027,500,0.060269999999999997,1,0,0,1,0,500,1,15,0,0,1,0,0,false,false,0.99237565953844786,1,2026072607,1634736261696657812,15333615203300855710,15333615203300855710,MAXIMUM_FRAMES,0.010706,f16a02c2e7b3448f,05db3d652ddf6163,85688e52470db023,true,500
s2-07d,smoke,BCH-B200,200,248,WHOLE_BLOCK_SHORTENED,6,16,,NONE,500,233,500,500,100000,6552,424,0.065519999999999995,0.84799999999999998,0.152,0,1,0,424,1,16,0,0,1,1,232,false,false,0.81388585171256134,0.87680760732619833,2026072607,1634736261696657812,7883189826616155763,7883189826616155763,MAXIMUM_FRAMES,0.0106383,aea99fb4292cbcf8,a2046895accb2c03,a2046895accb2c03,true,500
s2-07d,smoke,BCH-B200,200,248,WHOLE_BLOCK_SHORTENED,6,16,,FIXED_RANDOM,500,233,500,500,100000,6462,500,0.064619999999999997,1,0,0,1,0,500,1,16,0,0,1,1,0,false,false,0.99237565953844786,1,2026072607,1634736261696657812,7883189826616155763,7883189826616155763,MAXIMUM_FRAMES,0.0106383,aea99fb4292cbcf8,05db3d652ddf6163,85688e52470db023,true,500
s2-07d,smoke,BCH-B200,200,248,WHOLE_BLOCK_SHORTENED,6,17,,NONE,500,232,500,500,100000,6978,424,0.069779999999999995,0.84799999999999998,0.152,0,1,0,424,1,17,0,0,1,1,231,false,false,0.81388585171256134,0.87680760732619833,2026072607,1634736261696657812,15821748624210019375,15821748624210019375,MAXIMUM_FRAMES,0.01038945,e5f0b54d159b5b31,a2046895accb2c03,a2046895accb2c03,true,500
s2-07d,smoke,BCH-B200,200,248,WHOLE_BLOCK_SHORTENED,6,17,,FIXED_RANDOM,500,232,500,500,100000,6878,500,0.068779999999999994,1,0,0,1,0,500,1,17,0,0,1,1,0,false,false,0.99237565953844786,1,2026072607,1634736261696657812,15821748624210019375,15821748624210019375,MAXIMUM_FRAMES,0.01038945,e5f0b54d159b5b31,05db3d652ddf6163,85688e52470db023,true,500
s2-07d,smoke,BCH-B200,200,248,WHOLE_BLOCK_SHORTENED,6,18,,NONE,500,231,500,500,100000,7428,429,0.074279999999999999,0.85799999999999998,0.14199999999999999,0,1,0,429,1,18,0,0,1,0,230,false,false,0.8246703326752246,0.88587063955430401,2026072607,1634736261696657812,7202995624115547621,7202995624115547621,MAXIMUM_FRAMES,0.010653899999999999,bc379ad820b7cbcb,a2046895accb2c03,a2046895accb2c03,true,500
s2-07d,smoke,BCH-B200,200,248,WHOLE_BLOCK_SHORTENED,6,18,,FIXED_RANDOM,500,231,500,500,100000,7296,500,0.072959999999999997,1,0,0,1,0,500,1,18,0,0,1,0,0,false,false,0.99237565953844786,1,2026072607,1634736261696657812,7202995624115547621,7202995624115547621,MAXIMUM_FRAMES,0.010653899999999999,bc379ad820b7cbcb,05db3d652ddf6163,85688e52470db023,true,500
s2-07d,smoke,BCH-B200,200,248,WHOLE_BLOCK_SHORTENED,6,19,,NONE,500,230,500,500,100000,8017,438,0.080170000000000005,0.876,0.124,0,1,0,438,1,19,0,0,1,0,228,false,false,0.84421258711221625,0.90205390886069658,2026072607,1634736261696657812,2680486099467224081,2680486099467224081,MAXIMUM_FRAMES,0.010784149999999999,1ee7f1cd9f32755a,a2046895accb2c03,a2046895accb2c03,true,500
s2-07d,smoke,BCH-B200,200,248,WHOLE_BLOCK_SHORTENED,6,19,,FIXED_RANDOM,500,230,500,500,100000,7649,500,0.076490000000000002,1,0,0,1,0,500,1,19,0,0,1,0,0,false,false,0.99237565953844786,1,2026072607,1634736261696657812,2680486099467224081,2680486099467224081,MAXIMUM_FRAMES,0.010784149999999999,1ee7f1cd9f32755a,05db3d652ddf6163,85688e52470db023,true,500
s2-07d,smoke,BCH-B200,200,248,WHOLE_BLOCK_SHORTENED,6,20,,NONE,500,229,500,500,100000,8030,425,0.080299999999999996,0.84999999999999998,0.14999999999999999,0,1,0,425,1,20,0,0,1,0,228,false,false,0.81603891936830164,0.87862404230861191,2026072607,1634736261696657812,5572942300075720172,5572942300075720172,MAXIMUM_FRAMES,0.01050595,e1793bab5569caff,a2046895accb2c03,a2046895accb2c03,true,500
s2-07d,smoke,BCH-B200,200,248,WHOLE_BLOCK_SHORTENED,6,20,,FIXED_RANDOM,500,229,500,500,100000,8080,500,0.080799999999999997,1,0,0,1,0,500,1,20,0,0,1,0,0,false,false,0.99237565953844786,1,2026072607,1634736261696657812,5572942300075720172,5572942300075720172,MAXIMUM_FRAMES,0.01050595,e1793bab5569caff,05db3d652ddf6163,85688e52470db023,true,500
s2-07d,smoke,BCH-B200,200,248,WHOLE_BLOCK_SHORTENED,6,21,,NONE,500,228,500,500,100000,8962,445,0.089620000000000005,0.89000000000000001,0.11,0,1,0,445,1,21,0,0,1,0,227,false,false,0.85954442959659239,0.91450858484339692,2026072607,1634736261696657812,18391603491479309251,18391603491479309251,MAXIMUM_FRAMES,0.0108308,e803d78ead01db84,a2046895accb2c03,a2046895accb2c03,true,500
s2-07d,smoke,BCH-B200,200,248,WHOLE_BLOCK_SHORTENED,6,21,,FIXED_RANDOM,500,228,500,500,100000,8503,500,0.085029999999999994,1,0,0,1,0,500,1,21,0,0,1,0,0,false,false,0.99237565953844786,1,2026072607,1634736261696657812,18391603491479309251,18391603491479309251,MAXIMUM_FRAMES,0.0108308,e803d78ead01db84,05db3d652ddf6163,85688e52470db023,true,500
s2-07d,smoke,BCH-B200,200,248,WHOLE_BLOCK_SHORTENED,6,22,,NONE,500,227,500,500,100000,9258,448,0.092579999999999996,0.89600000000000002,0.104,0,1,0,448,1,22,0,0,1,0,226,false,false,0.86615572912434169,0.91980579323010903,2026072607,1634736261696657812,5669168345862602884,5669168345862602884,MAXIMUM_FRAMES,0.0106695,5ab0d8b8bf0ea206,a2046895accb2c03,a2046895accb2c03,true,500
s2-07d,smoke,BCH-B200,200,248,WHOLE_BLOCK_SHORTENED,6,22,,FIXED_RANDOM,500,227,500,500,100000,8897,500,0.088969999999999994,1,0,0,1,0,500,1,22,0,0,1,0,0,false,false,0.99237565953844786,1,2026072607,1634736261696657812,5669168345862602884,5669168345862602884,MAXIMUM_FRAMES,0.0106695,5ab0d8b8bf0ea206,05db3d652ddf6163,85688e52470db023,true,500
s2-07d,smoke,BCH-B200,200,248,WHOLE_BLOCK_SHORTENED,6,23,,NONE,500,226,500,500,100000,9866,448,0.098659999999999998,0.89600000000000002,0.104,0,1,0,448,1,23,0,0,1,0,224,false,false,0.86615572912434169,0.91980579323010903,2026072607,1634736261696657812,6482890094346497744,6482890094346497744,MAXIMUM_FRAMES,0.0100141,8f23129cc71655d7,a2046895accb2c03,a2046895accb2c03,true,500
s2-07d,smoke,BCH-B200,200,248,WHOLE_BLOCK_SHORTENED,6,23,,FIXED_RANDOM,500,226,500,500,100000,9345,500,0.093450000000000005,1,0,0,1,0,500,1,23,0,0,1,0,0,false,false,0.99237565953844786,1,2026072607,1634736261696657812,6482890094346497744,6482890094346497744,MAXIMUM_FRAMES,0.0100141,8f23129cc71655d7,05db3d652ddf6163,85688e52470db023,true,500
s2-07d,smoke,BCH-B200,200,248,WHOLE_BLOCK_SHORTENED,6,24,,NONE,500,225,500,500,100000,10282,456,0.10281999999999999,0.91200000000000003,0.087999999999999995,0,1,0,456,1,24,0,0,1,0,224,false,false,0.88392352793460993,0.93379401552507113,2026072607,1634736261696657812,17474955019914270772,17474955019914270772,MAXIMUM_FRAMES,0.0101908,9b012cbbd9385f43,a2046895accb2c03,a2046895accb2c03,true,500
s2-07d,smoke,BCH-B200,200,248,WHOLE_BLOCK_SHORTENED,6,24,,FIXED_RANDOM,500,225,500,500,100000,9677,500,0.096769999999999995,1,0,0.002,0.998,0.002,499,1,24,0,0,1,0,0,false,false,0.99237565953844786,1,2026072607,1634736261696657812,17474955019914270772,17474955019914270772,MAXIMUM_FRAMES,0.0101908,9b012cbbd9385f43,05db3d652ddf6163,85688e52470db023,true,500
s2-07d,smoke,BCH-B200,200,248,WHOLE_BLOCK_SHORTENED,6,25,,NONE,500,224,500,500,100000,10502,449,0.10502,0.89800000000000002,0.10199999999999999,0,1,0,449,1,25,0,0,1,1,223,false,false,0.86836537709577399,0.9215656478968306,2026072607,1634736261696657812,6053644079452194627,6053644079452194627,MAXIMUM_FRAMES,0.01017065,7e74ccb930429630,a2046895accb2c03,a2046895accb2c03,true,500
s2-07d,smoke,BCH-B200,200,248,WHOLE_BLOCK_SHORTENED,6,25,,FIXED_RANDOM,500,224,500,500,100000,10133,500,0.10133,1,0,0,1,0,500,1,25,0,0,1,1,0,false,false,0.99237565953844786,1,2026072607,1634736261696657812,6053644079452194627,6053644079452194627,MAXIMUM_FRAMES,0.01017065,7e74ccb930429630,05db3d652ddf6163,85688e52470db023,true,500
s2-07d,smoke,BCH-B200,200,248,WHOLE_BLOCK_SHORTENED,6,26,,NONE,500,223,500,500,100000,10930,444,0.10929999999999999,0.88800000000000001,0.112,0,1,0,444,1,26,0,0,1,0,222,false,false,0.8573463119959378,0.91273719980589785,2026072607,1634736261696657812,14117135710608366585,14117135710608366585,MAXIMUM_FRAMES,0.0117549,0dfbbea3932306ca,a2046895accb2c03,a2046895accb2c03,true,500
s2-07d,smoke,BCH-B200,200,248,WHOLE_BLOCK_SHORTENED,6,26,,FIXED_RANDOM,500,223,500,500,100000,10561,500,0.10561,1,0,0,1,0,500,1,26,0,0,1,0,0,false,false,0.99237565953844786,1,2026072607,1634736261696657812,14117135710608366585,14117135710608366585,MAXIMUM_FRAMES,0.0117549,0dfbbea3932306ca,05db3d652ddf6163,85688e52470db023,true,500
s2-07d,smoke,BCH-B200,200,248,WHOLE_BLOCK_SHORTENED,6,27,,NONE,500,222,500,500,100000,11512,452,0.11512,0.90400000000000003,0.096000000000000002,0,1,0,452,1,27,0,0,1,0,221,false,false,0.87501303757248494,0.92682649533458106,2026072607,1634736261696657812,16764453155028255964,16764453155028255964,MAXIMUM_FRAMES,0.01233325,2338f8795a284993,a2046895accb2c03,a2046895accb2c03,true,500
s2-07d,smoke,BCH-B200,200,248,WHOLE_BLOCK_SHORTENED,6,27,,FIXED_RANDOM,500,222,500,500,100000,10960,500,0.1096,1,0,0,1,0,500,1,27,0,0,1,0,0,false,false,0.99237565953844786,1,2026072607,1634736261696657812,16764453155028255964,16764453155028255964,MAXIMUM_FRAMES,0.01233325,2338f8795a284993,05db3d652ddf6163,85688e52470db023,true,500
s2-07d,smoke,BCH-B200,200,248,WHOLE_BLOCK_SHORTENED,6,28,,NONE,500,221,500,500,100000,11833,452,0.11833,0.90400000000000003,0.096000000000000002,0,1,0,452,1,28,0,0,1,0,220,false,false,0.87501303757248494,0.92682649533458106,2026072607,1634736261696657812,16366176056192114911,16366176056192114911,MAXIMUM_FRAMES,0.011547150000000001,01eb689b6a6fab5c,a2046895accb2c03,a2046895accb2c03,true,500
s2-07d,smoke,BCH-B200,200,248,WHOLE_BLOCK_SHORTENED,6,28,,FIXED_RANDOM,500,221,500,500,100000,11299,500,0.11298999999999999,1,0,0,1,0,500,1,28,0,0,1,0,0,false,false,0.99237565953844786,1,2026072607,1634736261696657812,16366176056192114911,16366176056192114911,MAXIMUM_FRAMES,0.011547150000000001,01eb689b6a6fab5c,05db3d652ddf6163,85688e52470db023,true,500
s2-07d,smoke,BCH-B200,200,248,WHOLE_BLOCK_SHORTENED,6,29,,NONE,500,220,500,500,100000,12261,456,0.12261,0.91200000000000003,0.087999999999999995,0,1,0,456,1,29,0,0,1,0,219,false,false,0.88392352793460993,0.93379401552507113,2026072607,1634736261696657812,10663575175875396789,10663575175875396789,MAXIMUM_FRAMES,0.011220900000000001,3a92c18ab5cf1b0d,a2046895accb2c03,a2046895accb2c03,true,500
s2-07d,smoke,BCH-B200,200,248,WHOLE_BLOCK_SHORTENED,6,29,,FIXED_RANDOM,500,220,500,500,100000,11743,500,0.11743000000000001,1,0,0.0060000000000000001,0.99399999999999999,0.0060000000000000001,497,1,29,0,0,1,0,0,false,false,0.99237565953844786,1,2026072607,1634736261696657812,10663575175875396789,10663575175875396789,MAXIMUM_FRAMES,0.011220900000000001,3a92c18ab5cf1b0d,05db3d652ddf6163,85688e52470db023,true,500
s2-07d,smoke,BCH-B200,200,248,WHOLE_BLOCK_SHORTENED,6,30,,NONE,500,219,500,500,100000,12374,452,0.12374,0.90400000000000003,0.096000000000000002,0,1,0,452,1,30,0,0,1,1,218,false,false,0.87501303757248494,0.92682649533458106,2026072607,1634736261696657812,2728908726662535201,2728908726662535201,MAXIMUM_FRAMES,0.011498299999999999,f33a5ea1598cada9,a2046895accb2c03,a2046895accb2c03,true,500
s2-07d,smoke,BCH-B200,200,248,WHOLE_BLOCK_SHORTENED,6,30,,FIXED_RANDOM,500,219,500,500,100000,12153,500,0.12153,1,0,0,1,0,500,1,30,0,0,1,1,0,false,false,0.99237565953844786,1,2026072607,1634736261696657812,2728908726662535201,2728908726662535201,MAXIMUM_FRAMES,0.011498299999999999,f33a5ea1598cada9,05db3d652ddf6163,85688e52470db023,true,500
s2-07d,smoke,BCH-B200,200,248,WHOLE_BLOCK_SHORTENED,6,31,,NONE,500,218,500,500,100000,13557,463,0.13557,0.92600000000000005,0.073999999999999996,0,1,0,463,1,31,0,0,1,0,217,false,false,0.89966524667776948,0.94583881524898805,2026072607,1634736261696657812,8865605509543407729,8865605509543407729,MAXIMUM_FRAMES,0.01094665,e19d0c111d47d7e0,a2046895accb2c03,a2046895accb2c03,true,500
s2-07d,smoke,BCH-B200,200,248,WHOLE_BLOCK_SHORTENED,6,31,,FIXED_RANDOM,500,218,500,500,100000,12535,500,0.12534999999999999,1,0,0,1,0,500,1,31,0,0,1,0,0,false,false,0.99237565953844786,1,2026072607,1634736261696657812,8865605509543407729,8865605509543407729,MAXIMUM_FRAMES,0.01094665,e19d0c111d47d7e0,05db3d652ddf6163,85688e52470db023,true,500
s2-07d,smoke,BCH-B200,200,248,WHOLE_BLOCK_SHORTENED,6,32,,NONE,500,217,500,500,100000,13449,456,0.13449,0.91200000000000003,0.087999999999999995,0,1,0,456,1,32,0,0,1,0,216,false,false,0.88392352793460993,0.93379401552507113,2026072607,1634736261696657812,2018497159131731907,2018497159131731907,MAXIMUM_FRAMES,0.0117596,37b9a5a44afef3ed,a2046895accb2c03,a2046895accb2c03,true,500
s2-07d,smoke,BCH-B200,200,248,WHOLE_BLOCK_SHORTENED,6,32,,FIXED_RANDOM,500,217,500,500,100000,12878,500,0.12878000000000001,1,0,0,1,0,500,1,32,0,0,1,0,0,false,false,0.99237565953844786,1,2026072607,1634736261696657812,2018497159131731907,2018497159131731907,MAXIMUM_FRAMES,0.0117596,37b9a5a44afef3ed,05db3d652ddf6163,85688e52470db023,true,500
s2-07d,smoke,BCH-B200,200,248,WHOLE_BLOCK_SHORTENED,6,40,,NONE,500,209,500,500,100000,17227,479,0.17227000000000001,0.95799999999999996,0.042000000000000003,0,1,0,479,1,40,0,0,1,0,208,false,false,0.93664841424566991,0.97236768989154831,2026072607,1634736261696657812,8151700446292320112,8151700446292320112,MAXIMUM_FRAMES,0.010832100000000001,1c4e225cc8d1a043,a2046895accb2c03,a2046895accb2c03,true,500
s2-07d,smoke,BCH-B200,200,248,WHOLE_BLOCK_SHORTENED,6,40,,FIXED_RANDOM,500,209,500,500,100000,16047,500,0.16047,1,0,0,1,0,500,1,40,0,0,1,0,0,false,false,0.99237565953844786,1,2026072607,1634736261696657812,8151700446292320112,8151700446292320112,MAXIMUM_FRAMES,0.010832100000000001,1c4e225cc8d1a043,05db3d652ddf6163,85688e52470db023,true,500
s2-07d,smoke,BCH-B200,200,248,WHOLE_BLOCK_SHORTENED,6,48,,NONE,500,201,500,500,100000,20958,491,0.20957999999999999,0.98199999999999998,0.017999999999999999,0,1,0,491,1,48,0,0,1,0,200,false,false,0.96614832909126069,0.99050180670380295,2026072607,1634736261696657812,12549285428816689792,12549285428816689792,MAXIMUM_FRAMES,0.01086255,61dd72ac325f90ef,a2046895accb2c03,a2046895accb2c03,true,500
s2-07d,smoke,BCH-B200,200,248,WHOLE_BLOCK_SHORTENED,6,48,,FIXED_RANDOM,500,201,500,500,100000,19317,500,0.19317000000000001,1,0,0,1,0,500,1,48,0,0,1,0,0,false,false,0.99237565953844786,1,2026072607,1634736261696657812,12549285428816689792,12549285428816689792,MAXIMUM_FRAMES,0.01086255,61dd72ac325f90ef,05db3d652ddf6163,85688e52470db023,true,500
s2-07d,smoke,BCH-B200,200,248,WHOLE_BLOCK_SHORTENED,6,56,,NONE,500,193,500,500,100000,24695,500,0.24695,1,0,0,1,0,500,1,56,0,0,1,0,0,false,false,0.99237565953844786,1,2026072607,1634736261696657812,13289492695586729036,13289492695586729036,MAXIMUM_FRAMES,0.011709300000000001,92753e879fc1cf4c,a2046895accb2c03,a2046895accb2c03,true,500
s2-07d,smoke,BCH-B200,200,248,WHOLE_BLOCK_SHORTENED,6,56,,FIXED_RANDOM,500,193,500,500,100000,22522,500,0.22522,1,0,0,1,0,500,1,56,0,0,1,0,0,false,false,0.99237565953844786,1,2026072607,1634736261696657812,13289492695586729036,13289492695586729036,MAXIMUM_FRAMES,0.011709300000000001,92753e879fc1cf4c,05db3d652ddf6163,85688e52470db023,true,500
s2-07d,smoke,BCH-B200,200,248,WHOLE_BLOCK_SHORTENED,6,64,,NONE,500,185,500,500,100000,28963,500,0.28963,1,0,0,1,0,500,1,64,0,0,1,0,0,false,false,0.99237565953844786,1,2026072607,1634736261696657812,6147047225019566975,6147047225019566975,MAXIMUM_FRAMES,0.010843749999999999,556e09c152d71ab0,a2046895accb2c03,a2046895accb2c03,true,500
s2-07d,smoke,BCH-B200,200,248,WHOLE_BLOCK_SHORTENED,6,64,,FIXED_RANDOM,500,185,500,500,100000,25620,500,0.25619999999999998,1,0,0,1,0,500,1,64,0,0,1,0,0,false,false,0.99237565953844786,1,2026072607,1634736261696657812,6147047225019566975,6147047225019566975,MAXIMUM_FRAMES,0.010843749999999999,556e09c152d71ab0,05db3d652ddf6163,85688e52470db023,true,500
s2-07d,smoke,BCH-S300,300,420,SEGMENTED,1,0,,NONE,500,1,500,500,150000,0,0,0,0,1,1,0,0,0,0,0,1,0,0,,0,true,true,4.3368086899420177e-19,0.0076243404615522412,2026072607,10005808911069659570,12945100786885778195,12945100786885778195,MAXIMUM_FRAMES,0.0072978000000000001,2604a9d36a2c2882,dfcbe7a21278659f,dfcbe7a21278659f,true,500
s2-07d,smoke,BCH-S300,300,420,SEGMENTED,1,0,,FIXED_RANDOM,500,1,500,500,150000,0,0,0,0,1,1,0,0,0,0,0,1,0,0,,0,true,true,4.3368086899420177e-19,0.0076243404615522412,2026072607,10005808911069659570,12945100786885778195,12945100786885778195,MAXIMUM_FRAMES,0.0072978000000000001,2604a9d36a2c2882,5c10f48ddd14cd1f,c5689bc5aef68813,true,500
s2-07d,smoke,BCH-S300,300,420,SEGMENTED,1,1,,NONE,500,420,500,500,150000,0,0,0,0,1,1,0,0,0,1,1,1,1,0,,419,true,true,4.3368086899420177e-19,0.0076243404615522412,2026072607,10005808911069659570,10848967929944152390,10848967929944152390,MAXIMUM_FRAMES,0.0068814999999999996,8adbc6310abec1b2,dfcbe7a21278659f,dfcbe7a21278659f,true,500
s2-07d,smoke,BCH-S300,300,420,SEGMENTED,1,1,,FIXED_RANDOM,500,420,500,500,150000,0,0,0,0,1,1,0,0,0,1,1,1,1,0,,419,true,true,4.3368086899420177e-19,0.0076243404615522412,2026072607,10005808911069659570,10848967929944152390,10848967929944152390,MAXIMUM_FRAMES,0.0068814999999999996,8adbc6310abec1b2,5c10f48ddd14cd1f,c5689bc5aef68813,true,500
s2-07d,smoke,BCH-S300,300,420,SEGMENTED,1,2,,NONE,500,419,500,500,150000,1066,461,0.0071066666666666665,0.92200000000000004,0.078,1,0,0.92200000000000004,0,1.0600000000000001,1.9399999999999999,0.059999999999999998,0.12,0.93999999999999995,0,418,false,false,0.89514645012661154,0.94241860652383846,2026072607,10005808911069659570,13533003870586228306,13533003870586228306,MAXIMUM_FRAMES,0.0075970999999999999,fecf58e86d92d453,dfcbe7a21278659f,dfcbe7a21278659f,true,500
s2-07d,smoke,BCH-S300,300,420,SEGMENTED,1,2,,FIXED_RANDOM,500,419,500,500,150000,40,18,0.00026666666666666668,0.035999999999999997,0.96399999999999997,1,0,0.035999999999999997,0,1.958,1.042,0.95799999999999996,1.9159999999999999,0.042000000000000003,38,418,false,false,0.02289106098029272,0.056184326968027755,2026072607,10005808911069659570,13533003870586228306,13533003870586228306,MAXIMUM_FRAMES,0.0075970999999999999,fecf58e86d92d453,5c10f48ddd14cd1f,c5689bc5aef68813,true,500
s2-07d,smoke,BCH-S300,300,420,SEGMENTED,1,3,,NONE,500,418,500,500,150000,1381,491,0.0092066666666666668,0.98199999999999998,0.017999999999999999,1,0,0.98199999999999998,0,1.1100000000000001,2.8900000000000001,0,0.11,1,1,417,false,false,0.96614832909126069,0.99050180670380295,2026072607,10005808911069659570,18142870433938997793,18142870433938997793,MAXIMUM_FRAMES,0.0069221999999999999,39df3825000beae4,dfcbe7a21278659f,dfcbe7a21278659f,true,500
s2-07d,smoke,BCH-S300,300,420,SEGMENTED,1,3,,FIXED_RANDOM,500,418,500,500,150000,101,46,0.00067333333333333329,0.091999999999999998,0.90800000000000003,1,0,0.091999999999999998,0,2.8999999999999999,1.1000000000000001,0.90000000000000002,2.7999999999999998,0.10000000000000001,1,417,false,false,0.069682723680452072,0.12053873813617456,2026072607,10005808911069659570,18142870433938997793,18142870433938997793,MAXIMUM_FRAMES,0.0069221999999999999,39df3825000beae4,5c10f48ddd14cd1f,c5689bc5aef68813,true,500
s2-07d,smoke,BCH-S300,300,420,SEGMENTED,1,4,,NONE,500,417,500,500,150000,1788,492,0.01192,0.98399999999999999,0.016,1,0,0.98399999999999999,0,1.1819999999999999,3.7559999999999998,0,0.12,1.0620000000000001,0,413,false,false,0.96874889146660581,0.9918707469666117,2026072607,10005808911069659570,17786800579348279966,17786800579348279966,MAXIMUM_FRAMES,0.0071845499999999996,29ec59531d14acbb,dfcbe7a21278659f,dfcbe7a21278659f,true,500
s2-07d,smoke,BCH-S300,300,420,SEGMENTED,1,4,,FIXED_RANDOM,500,417,500,500,150000,228,93,0.0015200000000000001,0.186,0.81399999999999995,1,0,0.186,0,3.794,1.2,0.80000000000000004,3.5880000000000001,0.20599999999999999,0,416,false,false,0.1543339917500702,0.22245409405978459,2026072607,10005808911069659570,17786800579348279966,17786800579348279966,MAXIMUM_FRAMES,0.0071845499999999996,29ec59531d14acbb,5c10f48ddd14cd1f,c5689bc5aef68813,true,500
s2-07d,smoke,BCH-S300,300,420,SEGMENTED,1,5,,NONE,500,416,500,500,150000,2183,496,0.014553333333333333,0.99199999999999999,0.0080000000000000002,1,0,0.99199999999999999,0,1.27,4.6059999999999999,0,0.14599999999999999,1.1240000000000001,2,413,false,false,0.97961296416589483,0.99688468481993775,2026072607,10005808911069659570,3922052907045332478,3922052907045332478,MAXIMUM_FRAMES,0.0075345500000000001,6bfd801ffdf059bb,dfcbe7a21278659f,dfcbe7a21278659f,true,500
s2-07d,smoke,BCH-S300,300,420,SEGMENTED,1,5,,FIXED_RANDOM,500,416,500,500,150000,386,154,0.0025733333333333333,0.308,0.69199999999999995,1,0,0.308,0,4.6479999999999997,1.3260000000000001,0.68000000000000005,4.3019999999999996,0.34599999999999997,2,413,false,false,0.26912574805455886,0.34980199868267731,2026072607,10005808911069659570,3922052907045332478,3922052907045332478,MAXIMUM_FRAMES,0.0075345500000000001,6bfd801ffdf059bb,5c10f48ddd14cd1f,c5689bc5aef68813,true,500
s2-07d,smoke,BCH-S300,300,420,SEGMENTED,1,6,,NONE,500,415,500,500,150000,2510,495,0.016733333333333333,0.98999999999999999,0.01,1,0,0.98999999999999999,0,1.3580000000000001,5.3239999999999998,0,0.122,1.236,0,414,false,false,0.9768069002442693,0.99572124610340962,2026072607,10005808911069659570,11550230368595441278,11550230368595441278,MAXIMUM_FRAMES,0.0071882999999999999,8c347f36e997ca8f,dfcbe7a21278659f,dfcbe7a21278659f,true,500
s2-07d,smoke,BCH-S300,300,420,SEGMENTED,1,6,,FIXED_RANDOM,500,415,500,500,150000,588,224,0.0039199999999999999,0.44800000000000001,0.55200000000000005,1,0,0.44800000000000001,0,5.4340000000000002,1.5,0.52600000000000002,4.8940000000000001,0.54000000000000004,0,414,false,false,0.40497266941861743,0.49182026198938411,2026072607,10005808911069659570,11550230368595441278,11550230368595441278,MAXIMUM_FRAMES,0.0071882999999999999,8c347f36e997ca8f,5c10f48ddd14cd1f,c5689bc5aef68813,true,500
s2-07d,smoke,BCH-S300,300,420,SEGMENTED,1,7,,NONE,500,414,500,500,150000,2390,489,0.015933333333333334,0.97799999999999998,0.021999999999999999,1,0,0.97799999999999998,0,1.3939999999999999,6.226,0,0.14999999999999999,1.244,0,411,false,false,0.96103913878868363,0.98767199173007247,2026072607,10005808911069659570,4958808046588775833,4958808046588775833,MAXIMUM_FRAMES,0.0079667000000000002,fd28e2e0c102bdfc,dfcbe7a21278659f,dfcbe7a21278659f,true,500
s2-07d,smoke,BCH-S300,300,420,SEGMENTED,1,7,,FIXED_RANDOM,500,414,500,500,150000,838,288,0.0055866666666666669,0.57599999999999996,0.42399999999999999,1,0,0.57599999999999996,0,6.2300000000000004,1.6479999999999999,0.40600000000000003,5.5140000000000002,0.71599999999999997,0,406,false,false,0.53226521804370797,0.61857588220613602,2026072607,10005808911069659570,4958808046588775833,4958808046588775833,MAXIMUM_FRAMES,0.0079667000000000002,fd28e2e0c102bdfc,5c10f48ddd14cd1f,c5689bc5aef68813,true,500
s2-07d,smoke,BCH-S300,300,420,SEGMENTED,1,8,,NONE,500,413,500,500,150000,3184,494,0.021226666666666668,0.98799999999999999,0.012,1,0,0.98799999999999999,0,1.45,6.9000000000000004,0,0.11799999999999999,1.3320000000000001,0,410,false,false,0.97406963888355269,0.99448900482597236,2026072607,10005808911069659570,13693728842573621080,13693728842573621080,MAXIMUM_FRAMES,0.0078907000000000005,cabea65e803be3a5,dfcbe7a21278659f,dfcbe7a21278659f,true,500
s2-07d,smoke,BCH-S300,300,420,SEGMENTED,1,8,,FIXED_RANDOM,500,413,500,500,150000,1008,318,0.0067200000000000003,0.63600000000000001,0.36399999999999999,1,0,0.63600000000000001,0,7.0800000000000001,1.718,0.34799999999999998,6.226,0.85399999999999998,0,395,false,false,0.59293761531338429,0.67698856408107355,2026072607,10005808911069659570,13693728842573621080,13693728842573621080,MAXIMUM_FRAMES,0.0078907000000000005,cabea65e803be3a5,5c10f48ddd14cd1f,c5689bc5aef68813,true,500
s2-07d,smoke,BCH-S300,300,420,SEGMENTED,1,9,,NONE,500,412,500,500,150000,3224,496,0.021493333333333333,0.99199999999999999,0.0080000000000000002,1,0,0.99199999999999999,0,1.52,7.6779999999999999,0,0.11600000000000001,1.4039999999999999,1,411,false,false,0.97961296416589483,0.99688468481993775,2026072607,10005808911069659570,1077535610364462312,1077535610364462312,MAXIMUM_FRAMES,0.0073315000000000003,6f887ef0e6262a8d,dfcbe7a21278659f,dfcbe7a21278659f,true,500
s2-07d,smoke,BCH-S300,300,420,SEGMENTED,1,9,,FIXED_RANDOM,500,412,500,500,150000,1285,387,0.0085666666666666669,0.77400000000000002,0.22600000000000001,1,0,0.77400000000000002,0,7.8460000000000001,1.8600000000000001,0.21199999999999999,6.7640000000000002,1.0820000000000001,1,396,false,false,0.73533164229262349,0.80849021913444608,2026072607,10005808911069659570,1077535610364462312,1077535610364462312,MAXIMUM_FRAMES,0.0073315000000000003,6f887ef0e6262a8d,5c10f48ddd14cd1f,c5689bc5aef68813,true,500
s2-07d,smoke,BCH-S300,300,420,SEGMENTED,1,10,,NONE,500,411,500,500,150000,3705,496,0.0247,0.99199999999999999,0.0080000000000000002,1,0,0.99199999999999999,0,1.6040000000000001,8.3219999999999992,0,0.124,1.48,0,410,false,false,0.97961296416589483,0.99688468481993775,2026072607,10005808911069659570,9322268736733304657,9322268736733304657,MAXIMUM_FRAMES,0.0073520499999999997,392c5b79ad66eb41,dfcbe7a21278659f,dfcbe7a21278659f,true,500
s2-07d,smoke,BCH-S300,300,420,SEGMENTED,1,10,,FIXED_RANDOM,500,411,500,500,150000,1495,419,0.0099666666666666671,0.83799999999999997,0.16200000000000001,1,0,0.83799999999999997,0,8.6340000000000003,1.972,0.152,7.3920000000000003,1.242,0,393,false,false,0.80314773423782992,0.86769821161016081,2026072607,10005808911069659570,9322268736733304657,9322268736733304657,MAXIMUM_FRAMES,0.0073520499999999997,392c5b79ad66eb41,5c10f48ddd14cd1f,c5689bc5aef68813,true,500
s2-07d,smoke,BCH-S300,300,420,SEGMENTED,1,11,,NONE,500,410,500,500,150000,3943,497,0.026286666666666667,0.99399999999999999,0.0060000000000000001,1,0,0.99399999999999999,0,1.6699999999999999,9,0,0.13600000000000001,1.534,0,409,false,false,0.98250974789594669,0.99795740372803976,2026072607,10005808911069659570,15332883568349115657,15332883568349115657,MAXIMUM_FRAMES,0.0079938500000000003,f6bbaee0392ac5d2,dfcbe7a21278659f,dfcbe7a21278659f,true,500
s2-07d,smoke,BCH-S300,300,420,SEGMENTED,1,11,,FIXED_RANDOM,500,410,500,500,150000,1923,447,0.01282,0.89400000000000002,0.106,1,0,0.89400000000000002,0,9.2140000000000004,2.0579999999999998,0.091999999999999998,7.5800000000000001,1.6339999999999999,0,370,false,false,0.86394906998926713,0.91804294972702971,2026072607,10005808911069659570,15332883568349115657,15332883568349115657,MAXIMUM_FRAMES,0.0079938500000000003,f6bbaee0392ac5d2,5c10f48ddd14cd1f,c5689bc5aef68813,true,500
s2-07d,smoke,BCH-S300,300,420,SEGMENTED,1,12,,NONE,500,409,500,500,150000,4194,497,0.027959999999999999,0.99399999999999999,0.0060000000000000001,1,0,0.99399999999999999,0,1.732,9.6199999999999992,0,0.13200000000000001,1.6000000000000001,0,408,false,false,0.98250974789594669,0.99795740372803976,2026072607,10005808911069659570,9936353396393369976,9936353396393369976,MAXIMUM_FRAMES,0.0085369,211474b11d2f8eac,dfcbe7a21278659f,dfcbe7a21278659f,true,500
s2-07d,smoke,BCH-S300,300,420,SEGMENTED,1,12,,FIXED_RANDOM,500,409,500,500,150000,2216,472,0.014773333333333333,0.94399999999999995,0.056000000000000001,1,0,0.94399999999999995,0,9.9359999999999999,2.1499999999999999,0.048000000000000001,8.0760000000000005,1.8600000000000001,0,337,false,false,0.92025520635329305,0.96097437931684848,2026072607,10005808911069659570,9936353396393369976,9936353396393369976,MAXIMUM_FRAMES,0.0085369,211474b11d2f8eac,5c10f48ddd14cd1f,c5689bc5aef68813,true,500
s2-07d,smoke,BCH-S300,300,420,SEGMENTED,1,13,,NONE,500,408,500,500,150000,4670,500,0.031133333333333332,1,0,1,0,1,0,1.788,10.208,0,0.13400000000000001,1.6539999999999999,1,0,false,false,0.99237565953844786,1,2026072607,10005808911069659570,568125826331953805,568125826331953805,MAXIMUM_FRAMES,0.0076353999999999997,4a5d4da02f5a2def,dfcbe7a21278659f,dfcbe7a21278659f,true,500
s2-07d,smoke,BCH-S300,300,420,SEGMENTED,1,13,,FIXED_RANDOM,500,408,500,500,150000,2542,475,0.016946666666666665,0.94999999999999996,0.050000000000000003,1,0,0.94999999999999996,0,10.568,2.2360000000000002,0.048000000000000001,8.4359999999999999,2.1320000000000001,1,336,false,false,0.92723183882845239,0.96590625475615055,2026072607,10005808911069659570,568125826331953805,568125826331953805,MAXIMUM_FRAMES,0.0076353999999999997,4a5d4da02f5a2def,5c10f48ddd14cd1f,c5689bc5aef68813,true,500
s2-07d,smoke,BCH-S300,300,420,SEGMENTED,1,14,,NONE,500,407,500,500,150000,5053,500,0.033686666666666663,1,0,1,0,1,0,1.8420000000000001,10.84,0,0.126,1.716,0,0,false,false,0.99237565953844786,1,2026072607,10005808911069659570,12480292504368282952,12480292504368282952,MAXIMUM_FRAMES,0.0084443999999999995,cad4f706f58b4a6f,dfcbe7a21278659f,dfcbe7a21278659f,true,500
s2-07d,smoke,BCH-S300,300,420,SEGMENTED,1,14,,FIXED_RANDOM,500,407,500,500,150000,2937,490,0.01958,0.97999999999999998,0.02,1,0,0.97999999999999998,0,11.166,2.306,0.02,8.6880000000000006,2.4780000000000002,0,270,false,false,0.96357981675312077,0.98910081640378922,2026072607,10005808911069659570,12480292504368282952,12480292504368282952,MAXIMUM_FRAMES,0.0084443999999999995,cad4f706f58b4a6f,5c10f48ddd14cd1f,c5689bc5aef68813,true,500
s2-07d,smoke,BCH-S300,300,420,SEGMENTED,1,15,,NONE,500,406,500,500,150000,5430,500,0.036200000000000003,1,0,1,0,1,0,1.9239999999999999,11.414,0,0.154,1.77,0,0,false,false,0.99237565953844786,1,2026072607,10005808911069659570,7153744158337532346,7153744158337532346,MAXIMUM_FRAMES,0.0076278500000000003,173c4aeb27d804a7,dfcbe7a21278659f,dfcbe7a21278659f,true,500
s2-07d,smoke,BCH-S300,300,420,SEGMENTED,1,15,,FIXED_RANDOM,500,406,500,500,150000,3298,486,0.021986666666666668,0.97199999999999998,0.028000000000000001,1,0,0.97199999999999998,0,11.808,2.3719999999999999,0.028000000000000001,9.0540000000000003,2.754,0,269,false,false,0.95355359732505107,0.98324902527924363,2026072607,10005808911069659570,7153744158337532346,7153744158337532346,MAXIMUM_FRAMES,0.0076278500000000003,173c4aeb27d804a7,5c10f48ddd14cd1f,c5689bc5aef68813,true,500
s2-07d,smoke,BCH-S300,300,420,SEGMENTED,1,16,,NONE,500,405,500,500,150000,5814,500,0.038760000000000003,1,0,1,0,1,0,2,11.837999999999999,0,0.152,1.8480000000000001,1,0,false,false,0.99237565953844786,1,2026072607,10005808911069659570,13012080238363114636,13012080238363114636,MAXIMUM_FRAMES,0.0076747500000000001,76085818e257c185,dfcbe7a21278659f,dfcbe7a21278659f,true,500
s2-07d,smoke,BCH-S300,300,420,SEGMENTED,1,16,,FIXED_RANDOM,500,405,500,500,150000,3588,493,0.02392,0.98599999999999999,0.014,1,0,0.98599999999999999,0,12.484,2.4359999999999999,0.014,9.468,3.016,1,268,false,false,0.97138693086221473,0.99320221020915644,2026072607,10005808911069659570,13012080238363114636,13012080238363114636,MAXIMUM_FRAMES,0.0076747500000000001,76085818e257c185,5c10f48ddd14cd1f,c5689bc5aef68813,true,500
s2-07d,smoke,BCH-S300,300,420,SEGMENTED,1,17,,NONE,500,404,500,500,150000,6144,500,0.040960000000000003,1,0,1,0,1,0,2.0739999999999998,12.172000000000001,0,0.14799999999999999,1.9259999999999999,1,0,false,false,0.99237565953844786,1,2026072607,10005808911069659570,15383346833692189589,15383346833692189589,MAXIMUM_FRAMES,0.0079506000000000004,c74e54c5ff50a5a0,dfcbe7a21278659f,dfcbe7a21278659f,true,500
s2-07d,smoke,BCH-S300,300,420,SEGMENTED,1,17,,FIXED_RANDOM,500,404,500,500,150000,4069,498,0.027126666666666667,0.996,0.0040000000000000001,1,0,0.996,0,13.006,2.536,0.0040000000000000001,9.6280000000000001,3.3780000000000001,1,267,false,false,0.98553428478482308,0.99890236947731725,2026072607,10005808911069659570,15383346833692189589,15383346833692189589,MAXIMUM_FRAMES,0.0079506000000000004,c74e54c5ff50a5a0,5c10f48ddd14cd1f,c5689bc5aef68813,true,500
s2-07d,smoke,BCH-S300,300,420,SEGMENTED,1,18,,NONE,500,403,500,500,150000,6432,500,0.042880000000000001,1,0,1,0,1,0,2.1320000000000001,12.576000000000001,0,0.13200000000000001,2,1,0,false,false,0.99237565953844786,1,2026072607,10005808911069659570,12595887830436951153,12595887830436951153,MAXIMUM_FRAMES,0.0080876999999999998,9308ebd127cab90f,dfcbe7a21278659f,dfcbe7a21278659f,true,500
s2-07d,smoke,BCH-S300,300,420,SEGMENTED,1,18,,FIXED_RANDOM,500,403,500,500,150000,4480,500,0.029866666666666666,1,0,1,0,1,0,13.468,2.6539999999999999,0,9.7260000000000009,3.742,1,0,false,false,0.99237565953844786,1,2026072607,10005808911069659570,12595887830436951153,12595887830436951153,MAXIMUM_FRAMES,0.0080876999999999998,9308ebd127cab90f,5c10f48ddd14cd1f,c5689bc5aef68813,true,500
s2-07d,smoke,BCH-S300,300,420,SEGMENTED,1,19,,NONE,500,402,500,500,150000,6906,500,0.046039999999999998,1,0,1,0,1,0,2.1920000000000002,12.965999999999999,0,0.13,2.0619999999999998,0,0,false,false,0.99237565953844786,1,2026072607,10005808911069659570,14846543798863526297,14846543798863526297,MAXIMUM_FRAMES,0.0076651000000000002,1c76f7afc06310dd,dfcbe7a21278659f,dfcbe7a21278659f,true,500
s2-07d,smoke,BCH-S300,300,420,SEGMENTED,1,19,,FIXED_RANDOM,500,402,500,500,150000,4716,500,0.031440000000000003,1,0,1,0,1,0,14.15,2.7320000000000002,0,10.212,3.9380000000000002,0,0,false,false,0.99237565953844786,1,2026072607,10005808911069659570,14846543798863526297,14846543798863526297,MAXIMUM_FRAMES,0.0076651000000000002,1c76f7afc06310dd,5c10f48ddd14cd1f,c5689bc5aef68813,true,500
s2-07d,smoke,BCH-S300,300,420,SEGMENTED,1,20,,NONE,500,401,500,500,150000,7223,500,0.048153333333333333,1,0,1,0,1,0,2.2519999999999998,13.24,0,0.13600000000000001,2.1160000000000001,0,0,false,false,0.99237565953844786,1,2026072607,10005808911069659570,1854904982085590202,1854904982085590202,MAXIMUM_FRAMES,0.0091193999999999997,6004d0369b5e7d5d,dfcbe7a21278659f,dfcbe7a21278659f,true,500
s2-07d,smoke,BCH-S300,300,420,SEGMENTED,1,20,,FIXED_RANDOM,500,401,500,500,150000,5326,500,0.035506666666666666,1,0,1,0,1,0,14.522,2.8199999999999998,0,10.096,4.4260000000000002,0,0,false,false,0.99237565953844786,1,2026072607,10005808911069659570,1854904982085590202,1854904982085590202,MAXIMUM_FRAMES,0.0091193999999999997,6004d0369b5e7d5d,5c10f48ddd14cd1f,c5689bc5aef68813,true,500
s2-07d,smoke,BCH-S300,300,420,SEGMENTED,1,21,,NONE,500,400,500,500,150000,7596,500,0.050639999999999998,1,0,1,0,1,0,2.2719999999999998,13.558,0,0.096000000000000002,2.1760000000000002,0,0,false,false,0.99237565953844786,1,2026072607,10005808911069659570,14337885963671678849,14337885963671678849,MAXIMUM_FRAMES,0.0075624000000000004,8416fa16a28472fe,dfcbe7a21278659f,dfcbe7a21278659f,true,500
s2-07d,smoke,BCH-S300,300,420,SEGMENTED,1,21,,FIXED_RANDOM,500,400,500,500,150000,5628,500,0.037519999999999998,1,0,1,0,1,0,15.08,2.8660000000000001,0,10.356,4.7240000000000002,0,0,false,false,0.99237565953844786,1,2026072607,10005808911069659570,14337885963671678849,14337885963671678849,MAXIMUM_FRAMES,0.0075624000000000004,8416fa16a28472fe,5c10f48ddd14cd1f,c5689bc5aef68813,true,500
s2-07d,smoke,BCH-S300,300,420,SEGMENTED,1,22,,NONE,500,399,500,500,150000,8011,500,0.053406666666666665,1,0,1,0,1,0,2.4079999999999999,13.946,0,0.12,2.2879999999999998,0,0,false,false,0.99237565953844786,1,2026072607,10005808911069659570,5601236450870155005,5601236450870155005,MAXIMUM_FRAMES,0.0080366499999999993,ea26d0b0dfcbda6b,dfcbe7a21278659f,dfcbe7a21278659f,true,500
s2-07d,smoke,BCH-S300,300,420,SEGMENTED,1,22,,FIXED_RANDOM,500,399,500,500,150000,6110,500,0.040733333333333337,1,0,1,0,1,0,15.608000000000001,2.9540000000000002,0,10.56,5.048,0,0,false,false,0.99237565953844786,1,2026072607,10005808911069659570,5601236450870155005,5601236450870155005,MAXIMUM_FRAMES,0.0080366499999999993,ea26d0b0dfcbda6b,5c10f48ddd14cd1f,c5689bc5aef68813,true,500
s2-07d,smoke,BCH-S300,300,420,SEGMENTED,1,23,,NONE,500,398,500,500,150000,8362,500,0.055746666666666667,1,0,1,0,1,0,2.4220000000000002,14.196,0,0.158,2.2639999999999998,0,0,false,false,0.99237565953844786,1,2026072607,10005808911069659570,2434939610171538647,2434939610171538647,MAXIMUM_FRAMES,0.0080847499999999999,36591dd91375466c,dfcbe7a21278659f,dfcbe7a21278659f,true,500
s2-07d,smoke,BCH-S300,300,420,SEGMENTED,1,23,,FIXED_RANDOM,500,398,500,500,150000,6559,500,0.043726666666666664,1,0,1,0,1,0,16.123999999999999,2.9620000000000002,0,10.683999999999999,5.4400000000000004,0,0,false,false,0.99237565953844786,1,2026072607,10005808911069659570,2434939610171538647,2434939610171538647,MAXIMUM_FRAMES,0.0080847499999999999,36591dd91375466c,5c10f48ddd14cd1f,c5689bc5aef68813,true,500
s2-07d,smoke,BCH-S300,300,420,SEGMENTED,1,24,,NONE,500,397,500,500,150000,8724,500,0.058160000000000003,1,0,1,0,1,0,2.5419999999999998,14.364000000000001,0,0.14599999999999999,2.3959999999999999,2,0,false,false,0.99237565953844786,1,2026072607,10005808911069659570,11487366702018243304,11487366702018243304,MAXIMUM_FRAMES,0.0081842000000000008,4a6fbd9d24b2eff7,dfcbe7a21278659f,dfcbe7a21278659f,true,500
s2-07d,smoke,BCH-S300,300,420,SEGMENTED,1,24,,FIXED_RANDOM,500,397,500,500,150000,7036,500,0.046906666666666666,1,0,1,0,1,0,16.521999999999998,3.032,0,10.676,5.8460000000000001,2,0,false,false,0.99237565953844786,1,2026072607,10005808911069659570,11487366702018243304,11487366702018243304,MAXIMUM_FRAMES,0.0081842000000000008,4a6fbd9d24b2eff7,5c10f48ddd14cd1f,c5689bc5aef68813,true,500
s2-07d,smoke,BCH-S300,300,420,SEGMENTED,1,25,,NONE,500,396,500,500,150000,9037,500,0.060246666666666664,1,0,1,0,1,0,2.6280000000000001,14.602,0,0.13200000000000001,2.496,0,0,false,false,0.99237565953844786,1,2026072607,10005808911069659570,13190804214753277864,13190804214753277864,MAXIMUM_FRAMES,0.0087226500000000002,75a45afdbfd98302,dfcbe7a21278659f,dfcbe7a21278659f,true,500
s2-07d,smoke,BCH-S300,300,420,SEGMENTED,1,25,,FIXED_RANDOM,500,396,500,500,150000,7523,500,0.050153333333333334,1,0,1,0,1,0,16.957999999999998,3.1219999999999999,0,10.731999999999999,6.226,0,0,false,false,0.99237565953844786,1,2026072607,10005808911069659570,13190804214753277864,13190804214753277864,MAXIMUM_FRAMES,0.0087226500000000002,75a45afdbfd98302,5c10f48ddd14cd1f,c5689bc5aef68813,true,500
s2-07d,smoke,BCH-S300,300,420,SEGMENTED,1,26,,NONE,500,395,500,500,150000,9477,500,0.06318,1,0,1,0,1,0,2.6499999999999999,14.710000000000001,0,0.13600000000000001,2.5139999999999998,0,0,false,false,0.99237565953844786,1,2026072607,10005808911069659570,13264869540255875875,13264869540255875875,MAXIMUM_FRAMES,0.00865725,e8591dddb86c6204,dfcbe7a21278659f,dfcbe7a21278659f,true,500
s2-07d,smoke,BCH-S300,300,420,SEGMENTED,1,26,,FIXED_RANDOM,500,395,500,500,150000,7989,500,0.053260000000000002,1,0,1,0,1,0,17.347999999999999,3.246,0,10.795999999999999,6.5519999999999996,0,0,false,false,0.99237565953844786,1,2026072607,10005808911069659570,13264869540255875875,13264869540255875875,MAXIMUM_FRAMES,0.00865725,e8591dddb86c6204,5c10f48ddd14cd1f,c5689bc5aef68813,true,500
s2-07d,smoke,BCH-S300,300,420,SEGMENTED,1,27,,NONE,500,394,500,500,150000,9827,500,0.06551333333333334,1,0,1,0,1,0,2.7320000000000002,14.869999999999999,0,0.11,2.6219999999999999,0,0,false,false,0.99237565953844786,1,2026072607,10005808911069659570,8635780724249552868,8635780724249552868,MAXIMUM_FRAMES,0.0080539500000000007,586bd34b75dc20b4,dfcbe7a21278659f,dfcbe7a21278659f,true,500
s2-07d,smoke,BCH-S300,300,420,SEGMENTED,1,27,,FIXED_RANDOM,500,394,500,500,150000,8504,500,0.056693333333333332,1,0,1,0,1,0,17.762,3.3199999999999998,0,10.786,6.976,0,0,false,false,0.99237565953844786,1,2026072607,10005808911069659570,8635780724249552868,8635780724249552868,MAXIMUM_FRAMES,0.0080539500000000007,586bd34b75dc20b4,5c10f48ddd14cd1f,c5689bc5aef68813,true,500
s2-07d,smoke,BCH-S300,300,420,SEGMENTED,1,28,,NONE,500,393,500,500,150000,10193,500,0.067953333333333338,1,0,1,0,1,0,2.8039999999999998,14.922000000000001,0,0.108,2.6960000000000002,0,0,false,false,0.99237565953844786,1,2026072607,10005808911069659570,499839465572491057,499839465572491057,MAXIMUM_FRAMES,0.0079700499999999994,d3ff2c6a10a39e92,dfcbe7a21278659f,dfcbe7a21278659f,true,500
s2-07d,smoke,BCH-S300,300,420,SEGMENTED,1,28,,FIXED_RANDOM,500,393,500,500,150000,8862,500,0.059080000000000001,1,0,1,0,1,0,18.251999999999999,3.3140000000000001,0,10.928000000000001,7.3239999999999998,0,0,false,false,0.99237565953844786,1,2026072607,10005808911069659570,499839465572491057,499839465572491057,MAXIMUM_FRAMES,0.0079700499999999994,d3ff2c6a10a39e92,5c10f48ddd14cd1f,c5689bc5aef68813,true,500
s2-07d,smoke,BCH-S300,300,420,SEGMENTED,1,29,,NONE,500,392,500,500,150000,10554,500,0.070360000000000006,1,0,1,0,1,0,2.8660000000000001,15,0,0.126,2.7400000000000002,0,0,false,false,0.99237565953844786,1,2026072607,10005808911069659570,7895473000134931628,7895473000134931628,MAXIMUM_FRAMES,0.0091465999999999995,6c08bccb28738448,dfcbe7a21278659f,dfcbe7a21278659f,true,500
s2-07d,smoke,BCH-S300,300,420,SEGMENTED,1,29,,FIXED_RANDOM,500,392,500,500,150000,9458,500,0.063053333333333336,1,0,1,0,1,0,18.481999999999999,3.464,0,10.752000000000001,7.7300000000000004,0,0,false,false,0.99237565953844786,1,2026072607,10005808911069659570,7895473000134931628,7895473000134931628,MAXIMUM_FRAMES,0.0091465999999999995,6c08bccb28738448,5c10f48ddd14cd1f,c5689bc5aef68813,true,500
s2-07d,smoke,BCH-S300,300,420,SEGMENTED,1,30,,NONE,500,391,500,500,150000,10916,500,0.072773333333333329,1,0,1,0,1,0,2.9260000000000002,15,0,0.13400000000000001,2.7919999999999998,4,0,false,false,0.99237565953844786,1,2026072607,10005808911069659570,14161951804318349618,14161951804318349618,MAXIMUM_FRAMES,0.0080026999999999997,2db5f061e8212dec,dfcbe7a21278659f,dfcbe7a21278659f,true,500
s2-07d,smoke,BCH-S300,300,420,SEGMENTED,1,30,,FIXED_RANDOM,500,391,500,500,150000,9827,500,0.06551333333333334,1,0,1,0,1,0,18.952000000000002,3.5139999999999998,0,10.874000000000001,8.0779999999999994,4,0,false,false,0.99237565953844786,1,2026072607,10005808911069659570,14161951804318349618,14161951804318349618,MAXIMUM_FRAMES,0.0080026999999999997,2db5f061e8212dec,5c10f48ddd14cd1f,c5689bc5aef68813,true,500
s2-07d,smoke,BCH-S300,300,420,SEGMENTED,1,31,,NONE,500,390,500,500,150000,11339,500,0.075593333333333332,1,0,1,0,1,0,3,15,0,0.11600000000000001,2.8839999999999999,0,0,false,false,0.99237565953844786,1,2026072607,10005808911069659570,2494909341792388279,2494909341792388279,MAXIMUM_FRAMES,0.0091479999999999999,d0995c4dd7a9010a,dfcbe7a21278659f,dfcbe7a21278659f,true,500
s2-07d,smoke,BCH-S300,300,420,SEGMENTED,1,31,,FIXED_RANDOM,500,390,500,500,150000,10360,500,0.069066666666666665,1,0,1,0,1,0,19.361999999999998,3.5859999999999999,0,10.901999999999999,8.4600000000000009,0,0,false,false,0.99237565953844786,1,2026072607,10005808911069659570,2494909341792388279,2494909341792388279,MAXIMUM_FRAMES,0.0091479999999999999,d0995c4dd7a9010a,5c10f48ddd14cd1f,c5689bc5aef68813,true,500
s2-07d,smoke,BCH-S300,300,420,SEGMENTED,1,32,,NONE,500,389,500,500,150000,11601,500,0.077340000000000006,1,0,1,0,1,0,3.0720000000000001,15,0,0.14399999999999999,2.9279999999999999,0,0,false,false,0.99237565953844786,1,2026072607,10005808911069659570,18303092197681472753,18303092197681472753,MAXIMUM_FRAMES,0.01025995,b1e699e9b907d3dd,dfcbe7a21278659f,dfcbe7a21278659f,true,500
s2-07d,smoke,BCH-S300,300,420,SEGMENTED,1,32,,FIXED_RANDOM,500,389,500,500,150000,10638,500,0.070919999999999997,1,0,1,0,1,0,19.844000000000001,3.6720000000000002,0,11.066000000000001,8.7780000000000005,0,0,false,false,0.99237565953844786,1,2026072607,10005808911069659570,18303092197681472753,18303092197681472753,MAXIMUM_FRAMES,0.01025995,b1e699e9b907d3dd,5c10f48ddd14cd1f,c5689bc5aef68813,true,500
s2-07d,smoke,BCH-S300,300,420,SEGMENTED,1,40,,NONE,500,381,500,500,150000,14541,500,0.096939999999999998,1,0,1,0,1,0,3.5859999999999999,15,0,0.13600000000000001,3.4500000000000002,0,0,false,false,0.99237565953844786,1,2026072607,10005808911069659570,680755992109332004,680755992109332004,MAXIMUM_FRAMES,0.0091611499999999998,c7f25ffc7204676e,dfcbe7a21278659f,dfcbe7a21278659f,true,500
s2-07d,smoke,BCH-S300,300,420,SEGMENTED,1,40,,FIXED_RANDOM,500,381,500,500,150000,14882,500,0.099213333333333334,1,0,1,0,1,0,22.170000000000002,4.1660000000000004,0,10.052,12.118,0,0,false,false,0.99237565953844786,1,2026072607,10005808911069659570,680755992109332004,680755992109332004,MAXIMUM_FRAMES,0.0091611499999999998,c7f25ffc7204676e,5c10f48ddd14cd1f,c5689bc5aef68813,true,500
s2-07d,smoke,BCH-S300,300,420,SEGMENTED,1,48,,NONE,500,373,500,500,150000,17492,500,0.11661333333333333,1,0,1,0,1,0,4.1639999999999997,15,0,0.16400000000000001,4,0,0,false,false,0.99237565953844786,1,2026072607,10005808911069659570,4439355219841685429,4439355219841685429,MAXIMUM_FRAMES,0.00778095,30a9b3e3a7582bed,dfcbe7a21278659f,dfcbe7a21278659f,true,500
s2-07d,smoke,BCH-S300,300,420,SEGMENTED,1,48,,FIXED_RANDOM,500,373,500,500,150000,18590,500,0.12393333333333334,1,0,1,0,1,0,24,4.4980000000000002,0,9.0660000000000007,14.933999999999999,0,0,false,false,0.99237565953844786,1,2026072607,10005808911069659570,4439355219841685429,4439355219841685429,MAXIMUM_FRAMES,0.00778095,30a9b3e3a7582bed,5c10f48ddd14cd1f,c5689bc5aef68813,true,500
s2-07d,smoke,BCH-S300,300,420,SEGMENTED,1,56,,NONE,500,365,500,500,150000,20436,500,0.13624,1,0,1,0,1,0,4.6699999999999999,15,0,0.14799999999999999,4.5220000000000002,0,0,false,false,0.99237565953844786,1,2026072607,10005808911069659570,16039142509864767733,16039142509864767733,MAXIMUM_FRAMES,0.0077659499999999998,6ffa15f083519197,dfcbe7a21278659f,dfcbe7a21278659f,true,500
s2-07d,smoke,BCH-S300,300,420,SEGMENTED,1,56,,FIXED_RANDOM,500,365,500,500,150000,22339,500,0.14892666666666668,1,0,1,0,1,0,25.295999999999999,4.944,0,7.75,17.545999999999999,0,0,false,false,0.99237565953844786,1,2026072607,10005808911069659570,16039142509864767733,16039142509864767733,MAXIMUM_FRAMES,0.0077659499999999998,6ffa15f083519197,5c10f48ddd14cd1f,c5689bc5aef68813,true,500
s2-07d,smoke,BCH-S300,300,420,SEGMENTED,1,64,,NONE,500,357,500,500,150000,23303,500,0.15535333333333334,1,0,1,0,1,0,5.1799999999999997,15,0,0.106,5.0739999999999998,1,0,false,false,0.99237565953844786,1,2026072607,10005808911069659570,4446976463689758971,4446976463689758971,MAXIMUM_FRAMES,0.0081879499999999994,13184f597d650580,dfcbe7a21278659f,dfcbe7a21278659f,true,500
s2-07d,smoke,BCH-S300,300,420,SEGMENTED,1,64,,FIXED_RANDOM,500,357,500,500,150000,25731,500,0.17154,1,0,1,0,1,0,26.155999999999999,5.3200000000000003,0,6.3200000000000003,19.835999999999999,1,0,false,false,0.99237565953844786,1,2026072607,10005808911069659570,4446976463689758971,4446976463689758971,MAXIMUM_FRAMES,0.0081879499999999994,13184f597d650580,5c10f48ddd14cd1f,c5689bc5aef68813,true,500
s2-07d,smoke,BCH-B300,300,390,WHOLE_BLOCK_SHORTENED,10,0,,NONE,500,1,500,500,150000,0,0,0,0,1,1,0,0,0,0,0,1,0,0,,0,true,true,4.3368086899420177e-19,0.0076243404615522412,2026072607,16952284447138302587,9283658908215209779,9283658908215209779,MAXIMUM_FRAMES,0.015777949999999999,cc1ab8a52bff98f3,b68a989ea78bd8ca,b68a989ea78bd8ca,true,500
s2-07d,smoke,BCH-B300,300,390,WHOLE_BLOCK_SHORTENED,10,0,,FIXED_RANDOM,500,1,500,500,150000,0,0,0,0,1,1,0,0,0,0,0,1,0,0,,0,true,true,4.3368086899420177e-19,0.0076243404615522412,2026072607,16952284447138302587,9283658908215209779,9283658908215209779,MAXIMUM_FRAMES,0.015777949999999999,cc1ab8a52bff98f3,1e102dea679dcaf2,42d21fbe2eb4ada2,true,500
s2-07d,smoke,BCH-B300,300,390,WHOLE_BLOCK_SHORTENED,10,1,,NONE,500,390,500,500,150000,0,0,0,0,1,1,0,0,0,1,1,1,1,0,,389,true,true,4.3368086899420177e-19,0.0076243404615522412,2026072607,16952284447138302587,17537140417558812087,17537140417558812087,MAXIMUM_FRAMES,0.01726695,eb429ce33b0eca7b,b68a989ea78bd8ca,b68a989ea78bd8ca,true,500
s2-07d,smoke,BCH-B300,300,390,WHOLE_BLOCK_SHORTENED,10,1,,FIXED_RANDOM,500,390,500,500,150000,0,0,0,0,1,1,0,0,0,1,1,1,1,0,,389,true,true,4.3368086899420177e-19,0.0076243404615522412,2026072607,16952284447138302587,17537140417558812087,17537140417558812087,MAXIMUM_FRAMES,0.01726695,eb429ce33b0eca7b,1e102dea679dcaf2,42d21fbe2eb4ada2,true,500
s2-07d,smoke,BCH-B300,300,390,WHOLE_BLOCK_SHORTENED,10,2,,NONE,500,389,500,500,150000,0,0,0,0,1,1,0,0,0,1,2,1,0,1,,388,true,true,4.3368086899420177e-19,0.0076243404615522412,2026072607,16952284447138302587,3276565547809796431,3276565547809796431,MAXIMUM_FRAMES,0.018054049999999999,4be680936380ea21,b68a989ea78bd8ca,b68a989ea78bd8ca,true,500
s2-07d,smoke,BCH-B300,300,390,WHOLE_BLOCK_SHORTENED,10,2,,FIXED_RANDOM,500,389,500,500,150000,0,0,0,0,1,1,0,0,0,1,2,1,0,1,,388,true,true,4.3368086899420177e-19,0.0076243404615522412,2026072607,16952284447138302587,3276565547809796431,3276565547809796431,MAXIMUM_FRAMES,0.018054049999999999,4be680936380ea21,1e102dea679dcaf2,42d21fbe2eb4ada2,true,500
s2-07d,smoke,BCH-B300,300,390,WHOLE_BLOCK_SHORTENED,10,3,,NONE,500,388,500,500,150000,0,0,0,0,1,1,0,0,0,1,3,1,0,1,,387,true,true,4.3368086899420177e-19,0.0076243404615522412,2026072607,16952284447138302587,1620067162763893191,1620067162763893191,MAXIMUM_FRAMES,0.018285650000000001,9fd7bc507c03e337,b68a989ea78bd8ca,b68a989ea78bd8ca,true,500
s2-07d,smoke,BCH-B300,300,390,WHOLE_BLOCK_SHORTENED,10,3,,FIXED_RANDOM,500,388,500,500,150000,0,0,0,0,1,1,0,0,0,1,3,1,0,1,,387,true,true,4.3368086899420177e-19,0.0076243404615522412,2026072607,16952284447138302587,1620067162763893191,1620067162763893191,MAXIMUM_FRAMES,0.018285650000000001,9fd7bc507c03e337,1e102dea679dcaf2,42d21fbe2eb4ada2,true,500
s2-07d,smoke,BCH-B300,300,390,WHOLE_BLOCK_SHORTENED,10,4,,NONE,500,387,500,500,150000,0,0,0,0,1,1,0,0,0,1,4,1,0,1,,385,true,true,4.3368086899420177e-19,0.0076243404615522412,2026072607,16952284447138302587,18202572081130162372,18202572081130162372,MAXIMUM_FRAMES,0.019937449999999999,f02c48a910aa97ab,b68a989ea78bd8ca,b68a989ea78bd8ca,true,500
s2-07d,smoke,BCH-B300,300,390,WHOLE_BLOCK_SHORTENED,10,4,,FIXED_RANDOM,500,387,500,500,150000,0,0,0,0,1,1,0,0,0,1,4,1,0,1,,385,true,true,4.3368086899420177e-19,0.0076243404615522412,2026072607,16952284447138302587,18202572081130162372,18202572081130162372,MAXIMUM_FRAMES,0.019937449999999999,f02c48a910aa97ab,1e102dea679dcaf2,42d21fbe2eb4ada2,true,500
s2-07d,smoke,BCH-B300,300,390,WHOLE_BLOCK_SHORTENED,10,5,,NONE,500,386,500,500,150000,0,0,0,0,1,1,0,0,0,1,5,1,0,1,,385,true,true,4.3368086899420177e-19,0.0076243404615522412,2026072607,16952284447138302587,15562383142359888273,15562383142359888273,MAXIMUM_FRAMES,0.021717050000000002,8f91433b755fc1a0,b68a989ea78bd8ca,b68a989ea78bd8ca,true,500
s2-07d,smoke,BCH-B300,300,390,WHOLE_BLOCK_SHORTENED,10,5,,FIXED_RANDOM,500,386,500,500,150000,0,0,0,0,1,1,0,0,0,1,5,1,0,1,,385,true,true,4.3368086899420177e-19,0.0076243404615522412,2026072607,16952284447138302587,15562383142359888273,15562383142359888273,MAXIMUM_FRAMES,0.021717050000000002,8f91433b755fc1a0,1e102dea679dcaf2,42d21fbe2eb4ada2,true,500
s2-07d,smoke,BCH-B300,300,390,WHOLE_BLOCK_SHORTENED,10,6,,NONE,500,385,500,500,150000,0,0,0,0,1,1,0,0,0,1,6,1,0,1,,384,true,true,4.3368086899420177e-19,0.0076243404615522412,2026072607,16952284447138302587,2670513084709447748,2670513084709447748,MAXIMUM_FRAMES,0.022273049999999999,e0f5b71a5869d9f2,b68a989ea78bd8ca,b68a989ea78bd8ca,true,500
s2-07d,smoke,BCH-B300,300,390,WHOLE_BLOCK_SHORTENED,10,6,,FIXED_RANDOM,500,385,500,500,150000,0,0,0,0,1,1,0,0,0,1,6,1,0,1,,384,true,true,4.3368086899420177e-19,0.0076243404615522412,2026072607,16952284447138302587,2670513084709447748,2670513084709447748,MAXIMUM_FRAMES,0.022273049999999999,e0f5b71a5869d9f2,1e102dea679dcaf2,42d21fbe2eb4ada2,true,500
s2-07d,smoke,BCH-B300,300,390,WHOLE_BLOCK_SHORTENED,10,7,,NONE,500,384,500,500,150000,0,0,0,0,1,1,0,0,0,1,7,1,0,1,,383,true,true,4.3368086899420177e-19,0.0076243404615522412,2026072607,16952284447138302587,10502330708316180716,10502330708316180716,MAXIMUM_FRAMES,0.0224637,2f58df597280e5b4,b68a989ea78bd8ca,b68a989ea78bd8ca,true,500
s2-07d,smoke,BCH-B300,300,390,WHOLE_BLOCK_SHORTENED,10,7,,FIXED_RANDOM,500,384,500,500,150000,0,0,0,0,1,1,0,0,0,1,7,1,0,1,,383,true,true,4.3368086899420177e-19,0.0076243404615522412,2026072607,16952284447138302587,10502330708316180716,10502330708316180716,MAXIMUM_FRAMES,0.0224637,2f58df597280e5b4,1e102dea679dcaf2,42d21fbe2eb4ada2,true,500
s2-07d,smoke,BCH-B300,300,390,WHOLE_BLOCK_SHORTENED,10,8,,NONE,500,383,500,500,150000,0,0,0,0,1,1,0,0,0,1,8,1,0,1,,382,true,true,4.3368086899420177e-19,0.0076243404615522412,2026072607,16952284447138302587,6042575356317848957,6042575356317848957,MAXIMUM_FRAMES,0.027547200000000001,ab6f491c3e7a4428,b68a989ea78bd8ca,b68a989ea78bd8ca,true,500
s2-07d,smoke,BCH-B300,300,390,WHOLE_BLOCK_SHORTENED,10,8,,FIXED_RANDOM,500,383,500,500,150000,0,0,0,0,1,1,0,0,0,1,8,1,0,1,,382,true,true,4.3368086899420177e-19,0.0076243404615522412,2026072607,16952284447138302587,6042575356317848957,6042575356317848957,MAXIMUM_FRAMES,0.027547200000000001,ab6f491c3e7a4428,1e102dea679dcaf2,42d21fbe2eb4ada2,true,500
s2-07d,smoke,BCH-B300,300,390,WHOLE_BLOCK_SHORTENED,10,9,,NONE,500,382,500,500,150000,0,0,0,0,1,1,0,0,0,1,9,1,0,1,,381,true,true,4.3368086899420177e-19,0.0076243404615522412,2026072607,16952284447138302587,7854607056820044166,7854607056820044166,MAXIMUM_FRAMES,0.026199400000000001,396f8633aa814a7e,b68a989ea78bd8ca,b68a989ea78bd8ca,true,500
s2-07d,smoke,BCH-B300,300,390,WHOLE_BLOCK_SHORTENED,10,9,,FIXED_RANDOM,500,382,500,500,150000,0,0,0,0,1,1,0,0,0,1,9,1,0,1,,381,true,true,4.3368086899420177e-19,0.0076243404615522412,2026072607,16952284447138302587,7854607056820044166,7854607056820044166,MAXIMUM_FRAMES,0.026199400000000001,396f8633aa814a7e,1e102dea679dcaf2,42d21fbe2eb4ada2,true,500
s2-07d,smoke,BCH-B300,300,390,WHOLE_BLOCK_SHORTENED,10,10,,NONE,500,381,500,500,150000,0,0,0,0,1,1,0,0,0,1,10,1,0,1,,380,true,true,4.3368086899420177e-19,0.0076243404615522412,2026072607,16952284447138302587,11688912896537032140,11688912896537032140,MAXIMUM_FRAMES,0.02831885,3abfff72be511e2e,b68a989ea78bd8ca,b68a989ea78bd8ca,true,500
s2-07d,smoke,BCH-B300,300,390,WHOLE_BLOCK_SHORTENED,10,10,,FIXED_RANDOM,500,381,500,500,150000,0,0,0,0,1,1,0,0,0,1,10,1,0,1,,380,true,true,4.3368086899420177e-19,0.0076243404615522412,2026072607,16952284447138302587,11688912896537032140,11688912896537032140,MAXIMUM_FRAMES,0.02831885,3abfff72be511e2e,1e102dea679dcaf2,42d21fbe2eb4ada2,true,500
s2-07d,smoke,BCH-B300,300,390,WHOLE_BLOCK_SHORTENED,10,11,,NONE,500,380,500,500,150000,4179,386,0.027859999999999999,0.77200000000000002,0.22800000000000001,0,1,0,386,1,11,0,0,1,1,379,false,false,0.73323412790391629,0.8066182308849994,2026072607,16952284447138302587,17042706257638449857,17042706257638449857,MAXIMUM_FRAMES,0.028917999999999999,1b4bf25ce256bf1f,b68a989ea78bd8ca,b68a989ea78bd8ca,true,500
s2-07d,smoke,BCH-B300,300,390,WHOLE_BLOCK_SHORTENED,10,11,,FIXED_RANDOM,500,380,500,500,150000,4187,500,0.027913333333333332,1,0,0,1,0,500,1,11,0,0,1,1,0,false,false,0.99237565953844786,1,2026072607,16952284447138302587,17042706257638449857,17042706257638449857,MAXIMUM_FRAMES,0.028917999999999999,1b4bf25ce256bf1f,1e102dea679dcaf2,42d21fbe2eb4ada2,true,500
s2-07d,smoke,BCH-B300,300,390,WHOLE_BLOCK_SHORTENED,10,12,,NONE,500,379,500,500,150000,4515,379,0.030099999999999998,0.75800000000000001,0.24199999999999999,0,1,0,379,1,12,0,0,1,0,378,false,false,0.71858364887296766,0.79348219144887133,2026072607,16952284447138302587,5852064647851745440,5852064647851745440,MAXIMUM_FRAMES,0.031897950000000001,aaa680fcf1505ab1,b68a989ea78bd8ca,b68a989ea78bd8ca,true,500
s2-07d,smoke,BCH-B300,300,390,WHOLE_BLOCK_SHORTENED,10,12,,FIXED_RANDOM,500,379,500,500,150000,4534,500,0.030226666666666666,1,0,0,1,0,500,1,12,0,0,1,0,0,false,false,0.99237565953844786,1,2026072607,16952284447138302587,5852064647851745440,5852064647851745440,MAXIMUM_FRAMES,0.031897950000000001,aaa680fcf1505ab1,1e102dea679dcaf2,42d21fbe2eb4ada2,true,500
s2-07d,smoke,BCH-B300,300,390,WHOLE_BLOCK_SHORTENED,10,13,,NONE,500,378,500,500,150000,5208,407,0.034720000000000001,0.81399999999999995,0.186,0,1,0,407,1,13,0,0,1,1,377,false,false,0.77754590594021533,0.84566600824992977,2026072607,16952284447138302587,14721185324884221006,14721185324884221006,MAXIMUM_FRAMES,0.030236249999999999,ecbe291b4157b0ad,b68a989ea78bd8ca,b68a989ea78bd8ca,true,500
s2-07d,smoke,BCH-B300,300,390,WHOLE_BLOCK_SHORTENED,10,13,,FIXED_RANDOM,500,378,500,500,150000,4988,500,0.033253333333333336,1,0,0,1,0,500,1,13,0,0,1,1,0,false,false,0.99237565953844786,1,2026072607,16952284447138302587,14721185324884221006,14721185324884221006,MAXIMUM_FRAMES,0.030236249999999999,ecbe291b4157b0ad,1e102dea679dcaf2,42d21fbe2eb4ada2,true,500
s2-07d,smoke,BCH-B300,300,390,WHOLE_BLOCK_SHORTENED,10,14,,NONE,500,377,500,500,150000,5492,401,0.036613333333333331,0.80200000000000005,0.19800000000000001,0,1,0,401,1,14,0,0,1,0,376,false,false,0.76482602093041596,0.83456887743080654,2026072607,16952284447138302587,1513869932821122325,1513869932821122325,MAXIMUM_FRAMES,0.030666200000000001,0a0c2a413e58ab6d,b68a989ea78bd8ca,b68a989ea78bd8ca,true,500
s2-07d,smoke,BCH-B300,300,390,WHOLE_BLOCK_SHORTENED,10,14,,FIXED_RANDOM,500,377,500,500,150000,5379,500,0.035860000000000003,1,0,0,1,0,500,1,14,0,0,1,0,0,false,false,0.99237565953844786,1,2026072607,16952284447138302587,1513869932821122325,1513869932821122325,MAXIMUM_FRAMES,0.030666200000000001,0a0c2a413e58ab6d,1e102dea679dcaf2,42d21fbe2eb4ada2,true,500
s2-07d,smoke,BCH-B300,300,390,WHOLE_BLOCK_SHORTENED,10,15,,NONE,500,376,500,500,150000,6060,414,0.040399999999999998,0.82799999999999996,0.17199999999999999,0,1,0,414,1,15,0,0,1,0,375,false,false,0.7924525525008731,0.8585458801563487,2026072607,16952284447138302587,12404653343203574246,12404653343203574246,MAXIMUM_FRAMES,0.032982299999999999,43af46d1314b8f84,b68a989ea78bd8ca,b68a989ea78bd8ca,true,500
s2-07d,smoke,BCH-B300,300,390,WHOLE_BLOCK_SHORTENED,10,15,,FIXED_RANDOM,500,376,500,500,150000,5780,500,0.038533333333333336,1,0,0,1,0,500,1,15,0,0,1,0,0,false,false,0.99237565953844786,1,2026072607,16952284447138302587,12404653343203574246,12404653343203574246,MAXIMUM_FRAMES,0.032982299999999999,43af46d1314b8f84,1e102dea679dcaf2,42d21fbe2eb4ada2,true,500
s2-07d,smoke,BCH-B300,300,390,WHOLE_BLOCK_SHORTENED,10,16,,NONE,500,375,500,500,150000,6516,415,0.043439999999999999,0.82999999999999996,0.17000000000000001,0,1,0,415,1,16,0,0,1,1,373,false,false,0.79458830139933667,0.86037963389603878,2026072607,16952284447138302587,10985607443237393461,10985607443237393461,MAXIMUM_FRAMES,0.030825749999999999,2731090795bc59ea,b68a989ea78bd8ca,b68a989ea78bd8ca,true,500
s2-07d,smoke,BCH-B300,300,390,WHOLE_BLOCK_SHORTENED,10,16,,FIXED_RANDOM,500,375,500,500,150000,6120,500,0.040800000000000003,1,0,0,1,0,500,1,16,0,0,1,1,0,false,false,0.99237565953844786,1,2026072607,16952284447138302587,10985607443237393461,10985607443237393461,MAXIMUM_FRAMES,0.030825749999999999,2731090795bc59ea,1e102dea679dcaf2,42d21fbe2eb4ada2,true,500
s2-07d,smoke,BCH-B300,300,390,WHOLE_BLOCK_SHORTENED,10,17,,NONE,500,374,500,500,150000,6569,393,0.04379333333333333,0.78600000000000003,0.214,0,1,0,393,1,17,0,0,1,0,373,false,false,0.74794187724358741,0.81969700001240475,2026072607,16952284447138302587,10569124204798522705,10569124204798522705,MAXIMUM_FRAMES,0.031665350000000002,7639fd8bfb44f07d,b68a989ea78bd8ca,b68a989ea78bd8ca,true,500
s2-07d,smoke,BCH-B300,300,390,WHOLE_BLOCK_SHORTENED,10,17,,FIXED_RANDOM,500,374,500,500,150000,6370,500,0.042466666666666666,1,0,0,1,0,500,1,17,0,0,1,0,0,false,false,0.99237565953844786,1,2026072607,16952284447138302587,10569124204798522705,10569124204798522705,MAXIMUM_FRAMES,0.031665350000000002,7639fd8bfb44f07d,1e102dea679dcaf2,42d21fbe2eb4ada2,true,500
s2-07d,smoke,BCH-B300,300,390,WHOLE_BLOCK_SHORTENED,10,18,,NONE,500,373,500,500,150000,7023,399,0.046820000000000001,0.79800000000000004,0.20200000000000001,0,1,0,399,1,18,0,0,1,1,372,false,false,0.76059711376049366,0.83085877932442131,2026072607,16952284447138302587,4916468921906678432,4916468921906678432,MAXIMUM_FRAMES,0.030231850000000001,cb2771c67e9f9ffc,b68a989ea78bd8ca,b68a989ea78bd8ca,true,500
s2-07d,smoke,BCH-B300,300,390,WHOLE_BLOCK_SHORTENED,10,18,,FIXED_RANDOM,500,373,500,500,150000,6874,500,0.045826666666666668,1,0,0,1,0,500,1,18,0,0,1,1,0,false,false,0.99237565953844786,1,2026072607,16952284447138302587,4916468921906678432,4916468921906678432,MAXIMUM_FRAMES,0.030231850000000001,cb2771c67e9f9ffc,1e102dea679dcaf2,42d21fbe2eb4ada2,true,500
s2-07d,smoke,BCH-B300,300,390,WHOLE_BLOCK_SHORTENED,10,19,,NONE,500,372,500,500,150000,7588,409,0.050586666666666669,0.81799999999999995,0.182,0,1,0,409,1,19,0,0,1,0,370,false,false,0.78179736467060834,0.84935355479584429,2026072607,16952284447138302587,4648041761809459575,4648041761809459575,MAXIMUM_FRAMES,0.0338889,b71545bfab817891,b68a989ea78bd8ca,b68a989ea78bd8ca,true,500
s2-07d,smoke,BCH-B300,300,390,WHOLE_BLOCK_SHORTENED,10,19,,FIXED_RANDOM,500,372,500,500,150000,7264,500,0.048426666666666666,1,0,0,1,0,500,1,19,0,0,1,0,0,false,false,0.99237565953844786,1,2026072607,16952284447138302587,4648041761809459575,4648041761809459575,MAXIMUM_FRAMES,0.0338889,b71545bfab817891,1e102dea679dcaf2,42d21fbe2eb4ada2,true,500
s2-07d,smoke,BCH-B300,300,390,WHOLE_BLOCK_SHORTENED,10,20,,NONE,500,371,500,500,150000,7938,409,0.052920000000000002,0.81799999999999995,0.182,0,1,0,409,1,20,0,0,1,0,368,false,false,0.78179736467060834,0.84935355479584429,2026072607,16952284447138302587,17050025772123467777,17050025772123467777,MAXIMUM_FRAMES,0.029940499999999998,32b8697a7ae5c075,b68a989ea78bd8ca,b68a989ea78bd8ca,true,500
s2-07d,smoke,BCH-B300,300,390,WHOLE_BLOCK_SHORTENED,10,20,,FIXED_RANDOM,500,371,500,500,150000,7611,500,0.05074,1,0,0,1,0,500,1,20,0,0,1,0,0,false,false,0.99237565953844786,1,2026072607,16952284447138302587,17050025772123467777,17050025772123467777,MAXIMUM_FRAMES,0.029940499999999998,32b8697a7ae5c075,1e102dea679dcaf2,42d21fbe2eb4ada2,true,500
s2-07d,smoke,BCH-B300,300,390,WHOLE_BLOCK_SHORTENED,10,21,,NONE,500,370,500,500,150000,8558,423,0.057053333333333331,0.84599999999999997,0.154,0,1,0,423,1,21,0,0,1,0,368,false,false,0.81173463667894596,0.87498931972165983,2026072607,16952284447138302587,9282478297028561939,9282478297028561939,MAXIMUM_FRAMES,0.030274949999999998,70315b2d183e8ce5,b68a989ea78bd8ca,b68a989ea78bd8ca,true,500
s2-07d,smoke,BCH-B300,300,390,WHOLE_BLOCK_SHORTENED,10,21,,FIXED_RANDOM,500,370,500,500,150000,8050,500,0.053666666666666668,1,0,0,1,0,500,1,21,0,0,1,0,0,false,false,0.99237565953844786,1,2026072607,16952284447138302587,9282478297028561939,9282478297028561939,MAXIMUM_FRAMES,0.030274949999999998,70315b2d183e8ce5,1e102dea679dcaf2,42d21fbe2eb4ada2,true,500
s2-07d,smoke,BCH-B300,300,390,WHOLE_BLOCK_SHORTENED,10,22,,NONE,500,369,500,500,150000,8768,412,0.058453333333333336,0.82399999999999995,0.17599999999999999,0,1,0,412,1,22,0,0,1,1,368,false,false,0.78818582871064002,0.85487359867027402,2026072607,16952284447138302587,422407953427556055,422407953427556055,MAXIMUM_FRAMES,0.028653399999999999,c046401c01681d60,b68a989ea78bd8ca,b68a989ea78bd8ca,true,500
s2-07d,smoke,BCH-B300,300,390,WHOLE_BLOCK_SHORTENED,10,22,,FIXED_RANDOM,500,369,500,500,150000,8412,500,0.056079999999999998,1,0,0,1,0,500,1,22,0,0,1,1,0,false,false,0.99237565953844786,1,2026072607,16952284447138302587,422407953427556055,422407953427556055,MAXIMUM_FRAMES,0.028653399999999999,c046401c01681d60,1e102dea679dcaf2,42d21fbe2eb4ada2,true,500
s2-07d,smoke,BCH-B300,300,390,WHOLE_BLOCK_SHORTENED,10,23,,NONE,500,368,500,500,150000,8951,405,0.059673333333333335,0.81000000000000005,0.19,0,1,0,405,1,23,0,0,1,1,367,false,false,0.77330028774356685,0.84197262117027094,2026072607,16952284447138302587,12208843904676198212,12208843904676198212,MAXIMUM_FRAMES,0.0296119,ea3b88911ab38db4,b68a989ea78bd8ca,b68a989ea78bd8ca,true,500
s2-07d,smoke,BCH-B300,300,390,WHOLE_BLOCK_SHORTENED,10,23,,FIXED_RANDOM,500,368,500,500,150000,8699,500,0.057993333333333334,1,0,0,1,0,500,1,23,0,0,1,1,0,false,false,0.99237565953844786,1,2026072607,16952284447138302587,12208843904676198212,12208843904676198212,MAXIMUM_FRAMES,0.0296119,ea3b88911ab38db4,1e102dea679dcaf2,42d21fbe2eb4ada2,true,500
s2-07d,smoke,BCH-B300,300,390,WHOLE_BLOCK_SHORTENED,10,24,,NONE,500,367,500,500,150000,9429,407,0.062859999999999999,0.81399999999999995,0.186,0,1,0,407,1,24,0,0,1,2,366,false,false,0.77754590594021533,0.84566600824992977,2026072607,16952284447138302587,8858242677514882731,8858242677514882731,MAXIMUM_FRAMES,0.035293650000000003,4ecd14dc993666ac,b68a989ea78bd8ca,b68a989ea78bd8ca,true,500
s2-07d,smoke,BCH-B300,300,390,WHOLE_BLOCK_SHORTENED,10,24,,FIXED_RANDOM,500,367,500,500,150000,9180,500,0.061199999999999997,1,0,0,1,0,500,1,24,0,0,1,2,0,false,false,0.99237565953844786,1,2026072607,16952284447138302587,8858242677514882731,8858242677514882731,MAXIMUM_FRAMES,0.035293650000000003,4ecd14dc993666ac,1e102dea679dcaf2,42d21fbe2eb4ada2,true,500
s2-07d,smoke,BCH-B300,300,390,WHOLE_BLOCK_SHORTENED,10,25,,NONE,500,366,500,500,150000,9900,412,0.066000000000000003,0.82399999999999995,0.17599999999999999,0,1,0,412,1,25,0,0,1,0,364,false,false,0.78818582871064002,0.85487359867027402,2026072607,16952284447138302587,7259074468034662258,7259074468034662258,MAXIMUM_FRAMES,0.030066249999999999,522c3d7b95dec36c,b68a989ea78bd8ca,b68a989ea78bd8ca,true,500
s2-07d,smoke,BCH-B300,300,390,WHOLE_BLOCK_SHORTENED,10,25,,FIXED_RANDOM,500,366,500,500,150000,9470,500,0.063133333333333333,1,0,0,1,0,500,1,25,0,0,1,0,0,false,false,0.99237565953844786,1,2026072607,16952284447138302587,7259074468034662258,7259074468034662258,MAXIMUM_FRAMES,0.030066249999999999,522c3d7b95dec36c,1e102dea679dcaf2,42d21fbe2eb4ada2,true,500
s2-07d,smoke,BCH-B300,300,390,WHOLE_BLOCK_SHORTENED,10,26,,NONE,500,365,500,500,150000,10095,403,0.067299999999999999,0.80600000000000005,0.19400000000000001,0,1,0,403,1,26,0,0,1,0,363,false,false,0.7690603702807669,0.83827353335676336,2026072607,16952284447138302587,13566985282438307240,13566985282438307240,MAXIMUM_FRAMES,0.028573100000000001,9a71ad67d5b211e9,b68a989ea78bd8ca,b68a989ea78bd8ca,true,500
s2-07d,smoke,BCH-B300,300,390,WHOLE_BLOCK_SHORTENED,10,26,,FIXED_RANDOM,500,365,500,500,150000,9854,500,0.06569333333333334,1,0,0,1,0,500,1,26,0,0,1,0,0,false,false,0.99237565953844786,1,2026072607,16952284447138302587,13566985282438307240,13566985282438307240,MAXIMUM_FRAMES,0.028573100000000001,9a71ad67d5b211e9,1e102dea679dcaf2,42d21fbe2eb4ada2,true,500
s2-07d,smoke,BCH-B300,300,390,WHOLE_BLOCK_SHORTENED,10,27,,NONE,500,364,500,500,150000,10859,422,0.072393333333333337,0.84399999999999997,0.156,0,1,0,422,1,27,0,0,1,1,363,false,false,0.80958524516629704,0.8731692085961551,2026072607,16952284447138302587,2791902003479814781,2791902003479814781,MAXIMUM_FRAMES,0.02843335,2cc32e4812a19af3,b68a989ea78bd8ca,b68a989ea78bd8ca,true,500
s2-07d,smoke,BCH-B300,300,390,WHOLE_BLOCK_SHORTENED,10,27,,FIXED_RANDOM,500,364,500,500,150000,10322,500,0.068813333333333337,1,0,0,1,0,500,1,27,0,0,1,1,0,false,false,0.99237565953844786,1,2026072607,16952284447138302587,2791902003479814781,2791902003479814781,MAXIMUM_FRAMES,0.02843335,2cc32e4812a19af3,1e102dea679dcaf2,42d21fbe2eb4ada2,true,500
s2-07d,smoke,BCH-B300,300,390,WHOLE_BLOCK_SHORTENED,10,28,,NONE,500,363,500,500,150000,11569,432,0.077126666666666663,0.86399999999999999,0.13600000000000001,0,1,0,432,1,28,0,0,1,1,362,false,false,0.83116492355122717,0.89128455659276284,2026072607,16952284447138302587,17108349791230840235,17108349791230840235,MAXIMUM_FRAMES,0.030677099999999999,889f4723ec2ad4f4,b68a989ea78bd8ca,b68a989ea78bd8ca,true,500
s2-07d,smoke,BCH-B300,300,390,WHOLE_BLOCK_SHORTENED,10,28,,FIXED_RANDOM,500,363,500,500,150000,10687,500,0.071246666666666666,1,0,0,1,0,500,1,28,0,0,1,1,0,false,false,0.99237565953844786,1,2026072607,16952284447138302587,17108349791230840235,17108349791230840235,MAXIMUM_FRAMES,0.030677099999999999,889f4723ec2ad4f4,1e102dea679dcaf2,42d21fbe2eb4ada2,true,500
s2-07d,smoke,BCH-B300,300,390,WHOLE_BLOCK_SHORTENED,10,29,,NONE,500,362,500,500,150000,11348,411,0.075653333333333336,0.82199999999999995,0.17799999999999999,0,1,0,411,1,29,0,0,1,0,361,false,false,0.78605481145009559,0.85303511329266479,2026072607,16952284447138302587,8288127915223933164,8288127915223933164,MAXIMUM_FRAMES,0.029273299999999999,8fb9d051fb5c4c6e,b68a989ea78bd8ca,b68a989ea78bd8ca,true,500
s2-07d,smoke,BCH-B300,300,390,WHOLE_BLOCK_SHORTENED,10,29,,FIXED_RANDOM,500,362,500,500,150000,11126,500,0.074173333333333327,1,0,0,1,0,500,1,29,0,0,1,0,0,false,false,0.99237565953844786,1,2026072607,16952284447138302587,8288127915223933164,8288127915223933164,MAXIMUM_FRAMES,0.029273299999999999,8fb9d051fb5c4c6e,1e102dea679dcaf2,42d21fbe2eb4ada2,true,500
s2-07d,smoke,BCH-B300,300,390,WHOLE_BLOCK_SHORTENED,10,30,,NONE,500,361,500,500,150000,12188,423,0.08125333333333333,0.84599999999999997,0.154,0,1,0,423,1,30,0,0,1,0,360,false,false,0.81173463667894596,0.87498931972165983,2026072607,16952284447138302587,8274444404074462216,8274444404074462216,MAXIMUM_FRAMES,0.027776100000000001,d138444574e3fd83,b68a989ea78bd8ca,b68a989ea78bd8ca,true,500
s2-07d,smoke,BCH-B300,300,390,WHOLE_BLOCK_SHORTENED,10,30,,FIXED_RANDOM,500,361,500,500,150000,11371,500,0.075806666666666661,1,0,0,1,0,500,1,30,0,0,1,0,0,false,false,0.99237565953844786,1,2026072607,16952284447138302587,8274444404074462216,8274444404074462216,MAXIMUM_FRAMES,0.027776100000000001,d138444574e3fd83,1e102dea679dcaf2,42d21fbe2eb4ada2,true,500
s2-07d,smoke,BCH-B300,300,390,WHOLE_BLOCK_SHORTENED,10,31,,NONE,500,360,500,500,150000,12911,436,0.086073333333333335,0.872,0.128,0,1,0,436,1,31,0,0,1,1,357,false,false,0.83985431469184169,0.8984731760047634,2026072607,16952284447138302587,4714847432003687444,4714847432003687444,MAXIMUM_FRAMES,0.02886855,fec51fd6ee40075a,b68a989ea78bd8ca,b68a989ea78bd8ca,true,500
s2-07d,smoke,BCH-B300,300,390,WHOLE_BLOCK_SHORTENED,10,31,,FIXED_RANDOM,500,360,500,500,150000,11862,500,0.079079999999999998,1,0,0,1,0,500,1,31,0,0,1,1,0,false,false,0.99237565953844786,1,2026072607,16952284447138302587,4714847432003687444,4714847432003687444,MAXIMUM_FRAMES,0.02886855,fec51fd6ee40075a,1e102dea679dcaf2,42d21fbe2eb4ada2,true,500
s2-07d,smoke,BCH-B300,300,390,WHOLE_BLOCK_SHORTENED,10,32,,NONE,500,359,500,500,150000,12917,419,0.086113333333333333,0.83799999999999997,0.16200000000000001,0,1,0,419,1,32,0,0,1,0,358,false,false,0.80314773423782992,0.86769821161016081,2026072607,16952284447138302587,10356046737019070119,10356046737019070119,MAXIMUM_FRAMES,0.028813350000000001,38a5c142fffb8415,b68a989ea78bd8ca,b68a989ea78bd8ca,true,500
s2-07d,smoke,BCH-B300,300,390,WHOLE_BLOCK_SHORTENED,10,32,,FIXED_RANDOM,500,359,500,500,150000,12218,500,0.081453333333333336,1,0,0,1,0,500,1,32,0,0,1,0,0,false,false,0.99237565953844786,1,2026072607,16952284447138302587,10356046737019070119,10356046737019070119,MAXIMUM_FRAMES,0.028813350000000001,38a5c142fffb8415,1e102dea679dcaf2,42d21fbe2eb4ada2,true,500
s2-07d,smoke,BCH-B300,300,390,WHOLE_BLOCK_SHORTENED,10,40,,NONE,500,351,500,500,150000,16613,436,0.11075333333333333,0.872,0.128,0,1,0,436,1,40,0,0,1,0,349,false,false,0.83985431469184169,0.8984731760047634,2026072607,16952284447138302587,204553324131581423,204553324131581423,MAXIMUM_FRAMES,0.030274949999999998,f88aa0d6b98ca79e,b68a989ea78bd8ca,b68a989ea78bd8ca,true,500
s2-07d,smoke,BCH-B300,300,390,WHOLE_BLOCK_SHORTENED,10,40,,FIXED_RANDOM,500,351,500,500,150000,15216,500,0.10144,1,0,0,1,0,500,1,40,0,0,1,0,0,false,false,0.99237565953844786,1,2026072607,16952284447138302587,204553324131581423,204553324131581423,MAXIMUM_FRAMES,0.030274949999999998,f88aa0d6b98ca79e,1e102dea679dcaf2,42d21fbe2eb4ada2,true,500
s2-07d,smoke,BCH-B300,300,390,WHOLE_BLOCK_SHORTENED,10,48,,NONE,500,343,500,500,150000,19441,443,0.12960666666666668,0.88600000000000001,0.114,0,1,0,443,1,48,0,0,1,0,342,false,false,0.85515091015768452,0.91096309900599726,2026072607,16952284447138302587,8708101892671737655,8708101892671737655,MAXIMUM_FRAMES,0.031254999999999998,2fb246de78e30648,b68a989ea78bd8ca,b68a989ea78bd8ca,true,500
s2-07d,smoke,BCH-B300,300,390,WHOLE_BLOCK_SHORTENED,10,48,,FIXED_RANDOM,500,343,500,500,150000,18395,500,0.12263333333333333,1,0,0,1,0,500,1,48,0,0,1,0,0,false,false,0.99237565953844786,1,2026072607,16952284447138302587,8708101892671737655,8708101892671737655,MAXIMUM_FRAMES,0.031254999999999998,2fb246de78e30648,1e102dea679dcaf2,42d21fbe2eb4ada2,true,500
s2-07d,smoke,BCH-B300,300,390,WHOLE_BLOCK_SHORTENED,10,56,,NONE,500,335,500,500,150000,22504,455,0.15002666666666667,0.91000000000000003,0.089999999999999997,0,1,0,455,1,56,0,0,1,0,334,false,false,0.88169058871066663,0.93205745211086055,2026072607,16952284447138302587,9046015495558126301,9046015495558126301,MAXIMUM_FRAMES,0.029905999999999999,a9ca8a53afb57caf,b68a989ea78bd8ca,b68a989ea78bd8ca,true,500
s2-07d,smoke,BCH-B300,300,390,WHOLE_BLOCK_SHORTENED,10,56,,FIXED_RANDOM,500,335,500,500,150000,21291,500,0.14194000000000001,1,0,0,1,0,500,1,56,0,0,1,0,0,false,false,0.99237565953844786,1,2026072607,16952284447138302587,9046015495558126301,9046015495558126301,MAXIMUM_FRAMES,0.029905999999999999,a9ca8a53afb57caf,1e102dea679dcaf2,42d21fbe2eb4ada2,true,500
s2-07d,smoke,BCH-B300,300,390,WHOLE_BLOCK_SHORTENED,10,64,,NONE,500,327,500,500,150000,27124,470,0.18082666666666666,0.93999999999999995,0.059999999999999998,0,1,0,470,1,64,0,0,1,0,326,false,false,0.91563893687478015,0.95765164351905385,2026072607,16952284447138302587,9089343722097231647,9089343722097231647,MAXIMUM_FRAMES,0.03050945,5d285547b85aae43,b68a989ea78bd8ca,b68a989ea78bd8ca,true,500
s2-07d,smoke,BCH-B300,300,390,WHOLE_BLOCK_SHORTENED,10,64,,FIXED_RANDOM,500,327,500,500,150000,24550,500,0.16366666666666665,1,0,0,1,0,500,1,64,0,0,1,0,0,false,false,0.99237565953844786,1,2026072607,16952284447138302587,9089343722097231647,9089343722097231647,MAXIMUM_FRAMES,0.03050945,5d285547b85aae43,1e102dea679dcaf2,42d21fbe2eb4ada2,true,500
s2-07d,smoke,BCH-B300-426,300,426,WHOLE_BLOCK_SHORTENED,14,0,,NONE,500,1,500,500,150000,0,0,0,0,1,1,0,0,0,0,0,1,0,0,,0,true,true,4.3368086899420177e-19,0.0076243404615522412,2026072607,7510885276443798771,17810022656746853395,17810022656746853395,MAXIMUM_FRAMES,0.022573599999999999,23802c3e63504b5f,0118cc44fa6c75d6,0118cc44fa6c75d6,true,500
s2-07d,smoke,BCH-B300-426,300,426,WHOLE_BLOCK_SHORTENED,14,0,,FIXED_RANDOM,500,1,500,500,150000,0,0,0,0,1,1,0,0,0,0,0,1,0,0,,0,true,true,4.3368086899420177e-19,0.0076243404615522412,2026072607,7510885276443798771,17810022656746853395,17810022656746853395,MAXIMUM_FRAMES,0.022573599999999999,23802c3e63504b5f,2917cde6155cf7d6,4bad4fe864af70da,true,500
s2-07d,smoke,BCH-B300-426,300,426,WHOLE_BLOCK_SHORTENED,14,1,,NONE,500,426,500,500,150000,0,0,0,0,1,1,0,0,0,1,1,1,1,0,,425,true,true,4.3368086899420177e-19,0.0076243404615522412,2026072607,7510885276443798771,3763484601920886686,3763484601920886686,MAXIMUM_FRAMES,0.025583000000000002,683c065d5324ecf3,0118cc44fa6c75d6,0118cc44fa6c75d6,true,500
s2-07d,smoke,BCH-B300-426,300,426,WHOLE_BLOCK_SHORTENED,14,1,,FIXED_RANDOM,500,426,500,500,150000,0,0,0,0,1,1,0,0,0,1,1,1,1,0,,425,true,true,4.3368086899420177e-19,0.0076243404615522412,2026072607,7510885276443798771,3763484601920886686,3763484601920886686,MAXIMUM_FRAMES,0.025583000000000002,683c065d5324ecf3,2917cde6155cf7d6,4bad4fe864af70da,true,500
s2-07d,smoke,BCH-B300-426,300,426,WHOLE_BLOCK_SHORTENED,14,2,,NONE,500,425,500,500,150000,0,0,0,0,1,1,0,0,0,1,2,1,0,1,,424,true,true,4.3368086899420177e-19,0.0076243404615522412,2026072607,7510885276443798771,10054490400502027264,10054490400502027264,MAXIMUM_FRAMES,0.027532750000000002,f5798735267769eb,0118cc44fa6c75d6,0118cc44fa6c75d6,true,500
s2-07d,smoke,BCH-B300-426,300,426,WHOLE_BLOCK_SHORTENED,14,2,,FIXED_RANDOM,500,425,500,500,150000,0,0,0,0,1,1,0,0,0,1,2,1,0,1,,424,true,true,4.3368086899420177e-19,0.0076243404615522412,2026072607,7510885276443798771,10054490400502027264,10054490400502027264,MAXIMUM_FRAMES,0.027532750000000002,f5798735267769eb,2917cde6155cf7d6,4bad4fe864af70da,true,500
s2-07d,smoke,BCH-B300-426,300,426,WHOLE_BLOCK_SHORTENED,14,3,,NONE,500,424,500,500,150000,0,0,0,0,1,1,0,0,0,1,3,1,0,1,,423,true,true,4.3368086899420177e-19,0.0076243404615522412,2026072607,7510885276443798771,16562908793513699548,16562908793513699548,MAXIMUM_FRAMES,0.024991849999999999,b681a4b6b7e500da,0118cc44fa6c75d6,0118cc44fa6c75d6,true,500
s2-07d,smoke,BCH-B300-426,300,426,WHOLE_BLOCK_SHORTENED,14,3,,FIXED_RANDOM,500,424,500,500,150000,0,0,0,0,1,1,0,0,0,1,3,1,0,1,,423,true,true,4.3368086899420177e-19,0.0076243404615522412,2026072607,7510885276443798771,16562908793513699548,16562908793513699548,MAXIMUM_FRAMES,0.024991849999999999,b681a4b6b7e500da,2917cde6155cf7d6,4bad4fe864af70da,true,500
s2-07d,smoke,BCH-B300-426,300,426,WHOLE_BLOCK_SHORTENED,14,4,,NONE,500,423,500,500,150000,0,0,0,0,1,1,0,0,0,1,4,1,0,1,,422,true,true,4.3368086899420177e-19,0.0076243404615522412,2026072607,7510885276443798771,8971788553540185734,8971788553540185734,MAXIMUM_FRAMES,0.029521849999999999,4e5f3245432d6830,0118cc44fa6c75d6,0118cc44fa6c75d6,true,500
s2-07d,smoke,BCH-B300-426,300,426,WHOLE_BLOCK_SHORTENED,14,4,,FIXED_RANDOM,500,423,500,500,150000,0,0,0,0,1,1,0,0,0,1,4,1,0,1,,422,true,true,4.3368086899420177e-19,0.0076243404615522412,2026072607,7510885276443798771,8971788553540185734,8971788553540185734,MAXIMUM_FRAMES,0.029521849999999999,4e5f3245432d6830,2917cde6155cf7d6,4bad4fe864af70da,true,500
s2-07d,smoke,BCH-B300-426,300,426,WHOLE_BLOCK_SHORTENED,14,5,,NONE,500,422,500,500,150000,0,0,0,0,1,1,0,0,0,1,5,1,0,1,,421,true,true,4.3368086899420177e-19,0.0076243404615522412,2026072607,7510885276443798771,5656068013923657751,5656068013923657751,MAXIMUM_FRAMES,0.026815950000000002,3e3fbfd0a7ce8d27,0118cc44fa6c75d6,0118cc44fa6c75d6,true,500
s2-07d,smoke,BCH-B300-426,300,426,WHOLE_BLOCK_SHORTENED,14,5,,FIXED_RANDOM,500,422,500,500,150000,0,0,0,0,1,1,0,0,0,1,5,1,0,1,,421,true,true,4.3368086899420177e-19,0.0076243404615522412,2026072607,7510885276443798771,5656068013923657751,5656068013923657751,MAXIMUM_FRAMES,0.026815950000000002,3e3fbfd0a7ce8d27,2917cde6155cf7d6,4bad4fe864af70da,true,500
s2-07d,smoke,BCH-B300-426,300,426,WHOLE_BLOCK_SHORTENED,14,6,,NONE,500,421,500,500,150000,0,0,0,0,1,1,0,0,0,1,6,1,0,1,,420,true,true,4.3368086899420177e-19,0.0076243404615522412,2026072607,7510885276443798771,718654216858233107,718654216858233107,MAXIMUM_FRAMES,0.029401699999999999,e292d2507ae789b9,0118cc44fa6c75d6,0118cc44fa6c75d6,true,500
s2-07d,smoke,BCH-B300-426,300,426,WHOLE_BLOCK_SHORTENED,14,6,,FIXED_RANDOM,500,421,500,500,150000,0,0,0,0,1,1,0,0,0,1,6,1,0,1,,420,true,true,4.3368086899420177e-19,0.0076243404615522412,2026072607,7510885276443798771,718654216858233107,718654216858233107,MAXIMUM_FRAMES,0.029401699999999999,e292d2507ae789b9,2917cde6155cf7d6,4bad4fe864af70da,true,500
s2-07d,smoke,BCH-B300-426,300,426,WHOLE_BLOCK_SHORTENED,14,7,,NONE,500,420,500,500,150000,0,0,0,0,1,1,0,0,0,1,7,1,0,1,,417,true,true,4.3368086899420177e-19,0.0076243404615522412,2026072607,7510885276443798771,4982631758806761783,4982631758806761783,MAXIMUM_FRAMES,0.029787950000000001,f60554a40e17eabf,0118cc44fa6c75d6,0118cc44fa6c75d6,true,500
s2-07d,smoke,BCH-B300-426,300,426,WHOLE_BLOCK_SHORTENED,14,7,,FIXED_RANDOM,500,420,500,500,150000,0,0,0,0,1,1,0,0,0,1,7,1,0,1,,417,true,true,4.3368086899420177e-19,0.0076243404615522412,2026072607,7510885276443798771,4982631758806761783,4982631758806761783,MAXIMUM_FRAMES,0.029787950000000001,f60554a40e17eabf,2917cde6155cf7d6,4bad4fe864af70da,true,500
s2-07d,smoke,BCH-B300-426,300,426,WHOLE_BLOCK_SHORTENED,14,8,,NONE,500,419,500,500,150000,0,0,0,0,1,1,0,0,0,1,8,1,0,1,,418,true,true,4.3368086899420177e-19,0.0076243404615522412,2026072607,7510885276443798771,4736875035363291713,4736875035363291713,MAXIMUM_FRAMES,0.029462249999999999,cccd6d93754e6235,0118cc44fa6c75d6,0118cc44fa6c75d6,true,500
s2-07d,smoke,BCH-B300-426,300,426,WHOLE_BLOCK_SHORTENED,14,8,,FIXED_RANDOM,500,419,500,500,150000,0,0,0,0,1,1,0,0,0,1,8,1,0,1,,418,true,true,4.3368086899420177e-19,0.0076243404615522412,2026072607,7510885276443798771,4736875035363291713,4736875035363291713,MAXIMUM_FRAMES,0.029462249999999999,cccd6d93754e6235,2917cde6155cf7d6,4bad4fe864af70da,true,500
s2-07d,smoke,BCH-B300-426,300,426,WHOLE_BLOCK_SHORTENED,14,9,,NONE,500,418,500,500,150000,0,0,0,0,1,1,0,0,0,1,9,1,0,1,,417,true,true,4.3368086899420177e-19,0.0076243404615522412,2026072607,7510885276443798771,633494553417600891,633494553417600891,MAXIMUM_FRAMES,0.031345900000000003,9b33c020f4403ba8,0118cc44fa6c75d6,0118cc44fa6c75d6,true,500
s2-07d,smoke,BCH-B300-426,300,426,WHOLE_BLOCK_SHORTENED,14,9,,FIXED_RANDOM,500,418,500,500,150000,0,0,0,0,1,1,0,0,0,1,9,1,0,1,,417,true,true,4.3368086899420177e-19,0.0076243404615522412,2026072607,7510885276443798771,633494553417600891,633494553417600891,MAXIMUM_FRAMES,0.031345900000000003,9b33c020f4403ba8,2917cde6155cf7d6,4bad4fe864af70da,true,500
s2-07d,smoke,BCH-B300-426,300,426,WHOLE_BLOCK_SHORTENED,14,10,,NONE,500,417,500,500,150000,0,0,0,0,1,1,0,0,0,1,10,1,0,1,,416,true,true,4.3368086899420177e-19,0.0076243404615522412,2026072607,7510885276443798771,8720385479975185265,8720385479975185265,MAXIMUM_FRAMES,0.034442750000000001,b387f7bcea8cef5e,0118cc44fa6c75d6,0118cc44fa6c75d6,true,500
s2-07d,smoke,BCH-B300-426,300,426,WHOLE_BLOCK_SHORTENED,14,10,,FIXED_RANDOM,500,417,500,500,150000,0,0,0,0,1,1,0,0,0,1,10,1,0,1,,416,true,true,4.3368086899420177e-19,0.0076243404615522412,2026072607,7510885276443798771,8720385479975185265,8720385479975185265,MAXIMUM_FRAMES,0.034442750000000001,b387f7bcea8cef5e,2917cde6155cf7d6,4bad4fe864af70da,true,500
s2-07d,smoke,BCH-B300-426,300,426,WHOLE_BLOCK_SHORTENED,14,11,,NONE,500,416,500,500,150000,0,0,0,0,1,1,0,0,0,1,11,1,0,1,,414,true,true,4.3368086899420177e-19,0.0076243404615522412,2026072607,7510885276443798771,13734885556109611399,13734885556109611399,MAXIMUM_FRAMES,0.037640699999999999,6af259ff10a1dca6,0118cc44fa6c75d6,0118cc44fa6c75d6,true,500
s2-07d,smoke,BCH-B300-426,300,426,WHOLE_BLOCK_SHORTENED,14,11,,FIXED_RANDOM,500,416,500,500,150000,0,0,0,0,1,1,0,0,0,1,11,1,0,1,,414,true,true,4.3368086899420177e-19,0.0076243404615522412,2026072607,7510885276443798771,13734885556109611399,13734885556109611399,MAXIMUM_FRAMES,0.037640699999999999,6af259ff10a1dca6,2917cde6155cf7d6,4bad4fe864af70da,true,500
s2-07d,smoke,BCH-B300-426,300,426,WHOLE_BLOCK_SHORTENED,14,12,,NONE,500,415,500,500,150000,0,0,0,0,1,1,0,0,0,1,12,1,0,1,,413,true,true,4.3368086899420177e-19,0.0076243404615522412,2026072607,7510885276443798771,2534722152600708689,2534722152600708689,MAXIMUM_FRAMES,0.038464150000000003,76cdcc4e4bf1246e,0118cc44fa6c75d6,0118cc44fa6c75d6,true,500
s2-07d,smoke,BCH-B300-426,300,426,WHOLE_BLOCK_SHORTENED,14,12,,FIXED_RANDOM,500,415,500,500,150000,0,0,0,0,1,1,0,0,0,1,12,1,0,1,,413,true,true,4.3368086899420177e-19,0.0076243404615522412,2026072607,7510885276443798771,2534722152600708689,2534722152600708689,MAXIMUM_FRAMES,0.038464150000000003,76cdcc4e4bf1246e,2917cde6155cf7d6,4bad4fe864af70da,true,500
s2-07d,smoke,BCH-B300-426,300,426,WHOLE_BLOCK_SHORTENED,14,13,,NONE,500,414,500,500,150000,0,0,0,0,1,1,0,0,0,1,13,1,0,1,,413,true,true,4.3368086899420177e-19,0.0076243404615522412,2026072607,7510885276443798771,14589809818307253858,14589809818307253858,MAXIMUM_FRAMES,0.0390345,8f8fbdc9e8daedbf,0118cc44fa6c75d6,0118cc44fa6c75d6,true,500
s2-07d,smoke,BCH-B300-426,300,426,WHOLE_BLOCK_SHORTENED,14,13,,FIXED_RANDOM,500,414,500,500,150000,0,0,0,0,1,1,0,0,0,1,13,1,0,1,,413,true,true,4.3368086899420177e-19,0.0076243404615522412,2026072607,7510885276443798771,14589809818307253858,14589809818307253858,MAXIMUM_FRAMES,0.0390345,8f8fbdc9e8daedbf,2917cde6155cf7d6,4bad4fe864af70da,true,500
s2-07d,smoke,BCH-B300-426,300,426,WHOLE_BLOCK_SHORTENED,14,14,,NONE,500,413,500,500,150000,0,0,0,0,1,1,0,0,0,1,14,1,0,1,,410,true,true,4.3368086899420177e-19,0.0076243404615522412,2026072607,7510885276443798771,6034819324162017319,6034819324162017319,MAXIMUM_FRAMES,0.040621499999999998,a90c980842b1a502,0118cc44fa6c75d6,0118cc44fa6c75d6,true,500
s2-07d,smoke,BCH-B300-426,300,426,WHOLE_BLOCK_SHORTENED,14,14,,FIXED_RANDOM,500,413,500,500,150000,0,0,0,0,1,1,0,0,0,1,14,1,0,1,,410,true,true,4.3368086899420177e-19,0.0076243404615522412,2026072607,7510885276443798771,6034819324162017319,6034819324162017319,MAXIMUM_FRAMES,0.040621499999999998,a90c980842b1a502,2917cde6155cf7d6,4bad4fe864af70da,true,500
s2-07d,smoke,BCH-B300-426,300,426,WHOLE_BLOCK_SHORTENED,14,15,,NONE,500,412,500,500,150000,5334,364,0.035560000000000001,0.72799999999999998,0.27200000000000002,0,1,0,364,1,15,0,0,1,2,411,false,false,0.68736739295475258,0.7651559077947796,2026072607,7510885276443798771,2084174413355467986,2084174413355467986,MAXIMUM_FRAMES,0.040903000000000002,cbf30b495411330d,0118cc44fa6c75d6,0118cc44fa6c75d6,true,500
s2-07d,smoke,BCH-B300-426,300,426,WHOLE_BLOCK_SHORTENED,14,15,,FIXED_RANDOM,500,412,500,500,150000,5216,500,0.034773333333333337,1,0,0,1,0,500,1,15,0,0,1,2,0,false,false,0.99237565953844786,1,2026072607,7510885276443798771,2084174413355467986,2084174413355467986,MAXIMUM_FRAMES,0.040903000000000002,cbf30b495411330d,2917cde6155cf7d6,4bad4fe864af70da,true,500
s2-07d,smoke,BCH-B300-426,300,426,WHOLE_BLOCK_SHORTENED,14,16,,NONE,500,411,500,500,150000,5851,377,0.039006666666666669,0.754,0.246,0,1,0,377,1,16,0,0,1,0,410,false,false,0.71440782673120218,0.78971900831432928,2026072607,7510885276443798771,5646826909968960669,5646826909968960669,MAXIMUM_FRAMES,0.041143600000000002,358b8aa8a3c39414,0118cc44fa6c75d6,0118cc44fa6c75d6,true,500
s2-07d,smoke,BCH-B300-426,300,426,WHOLE_BLOCK_SHORTENED,14,16,,FIXED_RANDOM,500,411,500,500,150000,5572,500,0.037146666666666668,1,0,0,1,0,500,1,16,0,0,1,0,0,false,false,0.99237565953844786,1,2026072607,7510885276443798771,5646826909968960669,5646826909968960669,MAXIMUM_FRAMES,0.041143600000000002,358b8aa8a3c39414,2917cde6155cf7d6,4bad4fe864af70da,true,500
s2-07d,smoke,BCH-B300-426,300,426,WHOLE_BLOCK_SHORTENED,14,17,,NONE,500,410,500,500,150000,6304,384,0.042026666666666664,0.76800000000000002,0.23200000000000001,0,1,0,384,1,17,0,0,1,2,409,false,false,0.72904259196532273,0.80287076154728543,2026072607,7510885276443798771,1224088375890242075,1224088375890242075,MAXIMUM_FRAMES,0.03966625,7838677c696be634,0118cc44fa6c75d6,0118cc44fa6c75d6,true,500
s2-07d,smoke,BCH-B300-426,300,426,WHOLE_BLOCK_SHORTENED,14,17,,FIXED_RANDOM,500,410,500,500,150000,5894,500,0.039293333333333333,1,0,0,1,0,500,1,17,0,0,1,2,0,false,false,0.99237565953844786,1,2026072607,7510885276443798771,1224088375890242075,1224088375890242075,MAXIMUM_FRAMES,0.03966625,7838677c696be634,2917cde6155cf7d6,4bad4fe864af70da,true,500
s2-07d,smoke,BCH-B300-426,300,426,WHOLE_BLOCK_SHORTENED,14,18,,NONE,500,409,500,500,150000,6441,370,0.042939999999999999,0.73999999999999999,0.26000000000000001,0,1,0,370,1,18,0,0,1,0,407,false,false,0.69982603976383784,0.77651427681461715,2026072607,7510885276443798771,10578172557001759332,10578172557001759332,MAXIMUM_FRAMES,0.040828150000000001,38839f6a1f32f287,0118cc44fa6c75d6,0118cc44fa6c75d6,true,500
s2-07d,smoke,BCH-B300-426,300,426,WHOLE_BLOCK_SHORTENED,14,18,,FIXED_RANDOM,500,409,500,500,150000,6236,500,0.04157333333333333,1,0,0,1,0,500,1,18,0,0,1,0,0,false,false,0.99237565953844786,1,2026072607,7510885276443798771,10578172557001759332,10578172557001759332,MAXIMUM_FRAMES,0.040828150000000001,38839f6a1f32f287,2917cde6155cf7d6,4bad4fe864af70da,true,500
s2-07d,smoke,BCH-B300-426,300,426,WHOLE_BLOCK_SHORTENED,14,19,,NONE,500,408,500,500,150000,6862,371,0.045746666666666665,0.74199999999999999,0.25800000000000001,0,1,0,371,1,19,0,0,1,0,407,false,false,0.70190601943942177,0.77840379977718688,2026072607,7510885276443798771,6492510219370277762,6492510219370277762,MAXIMUM_FRAMES,0.039298949999999999,80de759fc0995cbb,0118cc44fa6c75d6,0118cc44fa6c75d6,true,500
s2-07d,smoke,BCH-B300-426,300,426,WHOLE_BLOCK_SHORTENED,14,19,,FIXED_RANDOM,500,408,500,500,150000,6646,500,0.044306666666666668,1,0,0,1,0,500,1,19,0,0,1,0,0,false,false,0.99237565953844786,1,2026072607,7510885276443798771,6492510219370277762,6492510219370277762,MAXIMUM_FRAMES,0.039298949999999999,80de759fc0995cbb,2917cde6155cf7d6,4bad4fe864af70da,true,500
s2-07d,smoke,BCH-B300-426,300,426,WHOLE_BLOCK_SHORTENED,14,20,,NONE,500,407,500,500,150000,7181,365,0.04787333333333333,0.72999999999999998,0.27000000000000002,0,1,0,365,1,20,0,0,1,0,406,false,false,0.68944134259079171,0.76705146079689435,2026072607,7510885276443798771,12815101001341532571,12815101001341532571,MAXIMUM_FRAMES,0.040007800000000003,adca2c229a82080a,0118cc44fa6c75d6,0118cc44fa6c75d6,true,500
s2-07d,smoke,BCH-B300-426,300,426,WHOLE_BLOCK_SHORTENED,14,20,,FIXED_RANDOM,500,407,500,500,150000,6974,500,0.046493333333333331,1,0,0,1,0,500,1,20,0,0,1,0,0,false,false,0.99237565953844786,1,2026072607,7510885276443798771,12815101001341532571,12815101001341532571,MAXIMUM_FRAMES,0.040007800000000003,adca2c229a82080a,2917cde6155cf7d6,4bad4fe864af70da,true,500
s2-07d,smoke,BCH-B300-426,300,426,WHOLE_BLOCK_SHORTENED,14,21,,NONE,500,406,500,500,150000,7482,367,0.049880000000000001,0.73399999999999999,0.26600000000000001,0,1,0,367,1,21,0,0,1,1,405,false,false,0.69359221048446462,0.77083959817952896,2026072607,7510885276443798771,4261332282620850844,4261332282620850844,MAXIMUM_FRAMES,0.040506599999999997,16c85d2c24a50a08,0118cc44fa6c75d6,0118cc44fa6c75d6,true,500
s2-07d,smoke,BCH-B300-426,300,426,WHOLE_BLOCK_SHORTENED,14,21,,FIXED_RANDOM,500,406,500,500,150000,7377,500,0.049180000000000001,1,0,0,1,0,500,1,21,0,0,1,1,0,false,false,0.99237565953844786,1,2026072607,7510885276443798771,4261332282620850844,4261332282620850844,MAXIMUM_FRAMES,0.040506599999999997,16c85d2c24a50a08,2917cde6155cf7d6,4bad4fe864af70da,true,500
s2-07d,smoke,BCH-B300-426,300,426,WHOLE_BLOCK_SHORTENED,14,22,,NONE,500,405,500,500,150000,8071,380,0.053806666666666669,0.76000000000000001,0.23999999999999999,0,1,0,380,1,22,0,0,1,0,404,false,false,0.72067320299337378,0.79536213996661909,2026072607,7510885276443798771,15870235581497528493,15870235581497528493,MAXIMUM_FRAMES,0.03878645,e87ffbef8c6c895e,0118cc44fa6c75d6,0118cc44fa6c75d6,true,500
s2-07d,smoke,BCH-B300-426,300,426,WHOLE_BLOCK_SHORTENED,14,22,,FIXED_RANDOM,500,405,500,500,150000,7710,500,0.051400000000000001,1,0,0,1,0,500,1,22,0,0,1,0,0,false,false,0.99237565953844786,1,2026072607,7510885276443798771,15870235581497528493,15870235581497528493,MAXIMUM_FRAMES,0.03878645,e87ffbef8c6c895e,2917cde6155cf7d6,4bad4fe864af70da,true,500
s2-07d,smoke,BCH-B300-426,300,426,WHOLE_BLOCK_SHORTENED,14,23,,NONE,500,404,500,500,150000,8546,387,0.056973333333333334,0.77400000000000002,0.22600000000000001,0,1,0,387,1,23,0,0,1,0,403,false,false,0.73533164229262349,0.80849021913444608,2026072607,7510885276443798771,14446364376598713023,14446364376598713023,MAXIMUM_FRAMES,0.040188799999999997,704b7e7768843ce0,0118cc44fa6c75d6,0118cc44fa6c75d6,true,500
s2-07d,smoke,BCH-B300-426,300,426,WHOLE_BLOCK_SHORTENED,14,23,,FIXED_RANDOM,500,404,500,500,150000,7977,500,0.053179999999999998,1,0,0,1,0,500,1,23,0,0,1,0,0,false,false,0.99237565953844786,1,2026072607,7510885276443798771,14446364376598713023,14446364376598713023,MAXIMUM_FRAMES,0.040188799999999997,704b7e7768843ce0,2917cde6155cf7d6,4bad4fe864af70da,true,500
s2-07d,smoke,BCH-B300-426,300,426,WHOLE_BLOCK_SHORTENED,14,24,,NONE,500,403,500,500,150000,8967,393,0.05978,0.78600000000000003,0.214,0,1,0,393,1,24,0,0,1,0,402,false,false,0.74794187724358741,0.81969700001240475,2026072607,7510885276443798771,8103940132285985259,8103940132285985259,MAXIMUM_FRAMES,0.040102499999999999,38fd295c35cfab80,0118cc44fa6c75d6,0118cc44fa6c75d6,true,500
s2-07d,smoke,BCH-B300-426,300,426,WHOLE_BLOCK_SHORTENED,14,24,,FIXED_RANDOM,500,403,500,500,150000,8288,500,0.055253333333333335,1,0,0,1,0,500,1,24,0,0,1,0,0,false,false,0.99237565953844786,1,2026072607,7510885276443798771,8103940132285985259,8103940132285985259,MAXIMUM_FRAMES,0.040102499999999999,38fd295c35cfab80,2917cde6155cf7d6,4bad4fe864af70da,true,500
s2-07d,smoke,BCH-B300-426,300,426,WHOLE_BLOCK_SHORTENED,14,25,,NONE,500,402,500,500,150000,8919,368,0.059459999999999999,0.73599999999999999,0.26400000000000001,0,1,0,368,1,25,0,0,1,0,401,false,false,0.69566914271519931,0.77273216858694815,2026072607,7510885276443798771,3422638208122765458,3422638208122765458,MAXIMUM_FRAMES,0.038237449999999999,e9fa907b65f60af1,0118cc44fa6c75d6,0118cc44fa6c75d6,true,500
s2-07d,smoke,BCH-B300-426,300,426,WHOLE_BLOCK_SHORTENED,14,25,,FIXED_RANDOM,500,402,500,500,150000,8791,500,0.058606666666666668,1,0,0,1,0,500,1,25,0,0,1,0,0,false,false,0.99237565953844786,1,2026072607,7510885276443798771,3422638208122765458,3422638208122765458,MAXIMUM_FRAMES,0.038237449999999999,e9fa907b65f60af1,2917cde6155cf7d6,4bad4fe864af70da,true,500
s2-07d,smoke,BCH-B300-426,300,426,WHOLE_BLOCK_SHORTENED,14,26,,NONE,500,401,500,500,150000,9025,362,0.060166666666666667,0.72399999999999998,0.27600000000000002,0,1,0,362,1,26,0,0,1,0,400,false,false,0.68322242841662262,0.76136186705660203,2026072607,7510885276443798771,6132516441831817811,6132516441831817811,MAXIMUM_FRAMES,0.039690700000000002,a91ecd4f62801477,0118cc44fa6c75d6,0118cc44fa6c75d6,true,500
s2-07d,smoke,BCH-B300-426,300,426,WHOLE_BLOCK_SHORTENED,14,26,,FIXED_RANDOM,500,401,500,500,150000,9077,500,0.060513333333333336,1,0,0,1,0,500,1,26,0,0,1,0,0,false,false,0.99237565953844786,1,2026072607,7510885276443798771,6132516441831817811,6132516441831817811,MAXIMUM_FRAMES,0.039690700000000002,a91ecd4f62801477,2917cde6155cf7d6,4bad4fe864af70da,true,500
s2-07d,smoke,BCH-B300-426,300,426,WHOLE_BLOCK_SHORTENED,14,27,,NONE,500,400,500,500,150000,10136,392,0.067573333333333332,0.78400000000000003,0.216,0,1,0,392,1,27,0,0,1,0,398,false,false,0.74583711947203257,0.81783225514580593,2026072607,7510885276443798771,2245335506218405759,2245335506218405759,MAXIMUM_FRAMES,0.040364450000000003,80bd50770cf2bc5f,0118cc44fa6c75d6,0118cc44fa6c75d6,true,500
s2-07d,smoke,BCH-B300-426,300,426,WHOLE_BLOCK_SHORTENED,14,27,,FIXED_RANDOM,500,400,500,500,150000,9387,500,0.062579999999999997,1,0,0,1,0,500,1,27,0,0,1,0,0,false,false,0.99237565953844786,1,2026072607,7510885276443798771,2245335506218405759,2245335506218405759,MAXIMUM_FRAMES,0.040364450000000003,80bd50770cf2bc5f,2917cde6155cf7d6,4bad4fe864af70da,true,500
s2-07d,smoke,BCH-B300-426,300,426,WHOLE_BLOCK_SHORTENED,14,28,,NONE,500,399,500,500,150000,10464,391,0.069760000000000003,0.78200000000000003,0.218,0,1,0,391,1,28,0,0,1,0,398,false,false,0.74373359841567299,0.81596627356401163,2026072607,7510885276443798771,15116289617953189197,15116289617953189197,MAXIMUM_FRAMES,0.0401911,d72687b01faca5a5,0118cc44fa6c75d6,0118cc44fa6c75d6,true,500
s2-07d,smoke,BCH-B300-426,300,426,WHOLE_BLOCK_SHORTENED,14,28,,FIXED_RANDOM,500,399,500,500,150000,9696,500,0.064640000000000003,1,0,0,1,0,500,1,28,0,0,1,0,0,false,false,0.99237565953844786,1,2026072607,7510885276443798771,15116289617953189197,15116289617953189197,MAXIMUM_FRAMES,0.0401911,d72687b01faca5a5,2917cde6155cf7d6,4bad4fe864af70da,true,500
s2-07d,smoke,BCH-B300-426,300,426,WHOLE_BLOCK_SHORTENED,14,29,,NONE,500,398,500,500,150000,10261,369,0.068406666666666671,0.73799999999999999,0.26200000000000001,0,1,0,369,1,29,0,0,1,0,397,false,false,0.69774708335753877,0.77462373058276235,2026072607,7510885276443798771,4313037778703338183,4313037778703338183,MAXIMUM_FRAMES,0.0402584,a36e6ef7d7e66278,0118cc44fa6c75d6,0118cc44fa6c75d6,true,500
s2-07d,smoke,BCH-B300-426,300,426,WHOLE_BLOCK_SHORTENED,14,29,,FIXED_RANDOM,500,398,500,500,150000,10114,500,0.067426666666666663,1,0,0,1,0,500,1,29,0,0,1,0,0,false,false,0.99237565953844786,1,2026072607,7510885276443798771,4313037778703338183,4313037778703338183,MAXIMUM_FRAMES,0.0402584,a36e6ef7d7e66278,2917cde6155cf7d6,4bad4fe864af70da,true,500
s2-07d,smoke,BCH-B300-426,300,426,WHOLE_BLOCK_SHORTENED,14,30,,NONE,500,397,500,500,150000,11070,383,0.073800000000000004,0.76600000000000001,0.23400000000000001,0,1,0,383,1,30,0,0,1,0,396,false,false,0.72694854946848764,0.80099530140596664,2026072607,7510885276443798771,10683400234126725580,10683400234126725580,MAXIMUM_FRAMES,0.040299300000000003,23d68943336a5cbe,0118cc44fa6c75d6,0118cc44fa6c75d6,true,500
s2-07d,smoke,BCH-B300-426,300,426,WHOLE_BLOCK_SHORTENED,14,30,,FIXED_RANDOM,500,397,500,500,150000,10423,500,0.069486666666666669,1,0,0,1,0,500,1,30,0,0,1,0,0,false,false,0.99237565953844786,1,2026072607,7510885276443798771,10683400234126725580,10683400234126725580,MAXIMUM_FRAMES,0.040299300000000003,23d68943336a5cbe,2917cde6155cf7d6,4bad4fe864af70da,true,500
s2-07d,smoke,BCH-B300-426,300,426,WHOLE_BLOCK_SHORTENED,14,31,,NONE,500,396,500,500,150000,11291,388,0.075273333333333331,0.77600000000000002,0.224,0,1,0,388,1,31,0,0,1,0,393,false,false,0.73743033532513147,0.81036102874009175,2026072607,7510885276443798771,8990922439178936661,8990922439178936661,MAXIMUM_FRAMES,0.039841300000000003,6bbe59e7c1da6876,0118cc44fa6c75d6,0118cc44fa6c75d6,true,500
s2-07d,smoke,BCH-B300-426,300,426,WHOLE_BLOCK_SHORTENED,14,31,,FIXED_RANDOM,500,396,500,500,150000,10662,500,0.071080000000000004,1,0,0,1,0,500,1,31,0,0,1,0,0,false,false,0.99237565953844786,1,2026072607,7510885276443798771,8990922439178936661,8990922439178936661,MAXIMUM_FRAMES,0.039841300000000003,6bbe59e7c1da6876,2917cde6155cf7d6,4bad4fe864af70da,true,500
s2-07d,smoke,BCH-B300-426,300,426,WHOLE_BLOCK_SHORTENED,14,32,,NONE,500,395,500,500,150000,11525,377,0.076833333333333337,0.754,0.246,0,1,0,377,1,32,0,0,1,0,394,false,false,0.71440782673120218,0.78971900831432928,2026072607,7510885276443798771,10396681913087024063,10396681913087024063,MAXIMUM_FRAMES,0.03997415,ceb502d8d62fec0a,0118cc44fa6c75d6,0118cc44fa6c75d6,true,500
s2-07d,smoke,BCH-B300-426,300,426,WHOLE_BLOCK_SHORTENED,14,32,,FIXED_RANDOM,500,395,500,500,150000,11142,500,0.074279999999999999,1,0,0,1,0,500,1,32,0,0,1,0,0,false,false,0.99237565953844786,1,2026072607,7510885276443798771,10396681913087024063,10396681913087024063,MAXIMUM_FRAMES,0.03997415,ceb502d8d62fec0a,2917cde6155cf7d6,4bad4fe864af70da,true,500
s2-07d,smoke,BCH-B300-426,300,426,WHOLE_BLOCK_SHORTENED,14,40,,NONE,500,387,500,500,150000,14843,397,0.098953333333333338,0.79400000000000004,0.20599999999999999,0,1,0,397,1,40,0,0,1,0,386,false,false,0.75637352908197464,0.8271433587266328,2026072607,7510885276443798771,18047686038419339106,18047686038419339106,MAXIMUM_FRAMES,0.040776300000000001,4d823135403072a8,0118cc44fa6c75d6,0118cc44fa6c75d6,true,500
s2-07d,smoke,BCH-B300-426,300,426,WHOLE_BLOCK_SHORTENED,14,40,,FIXED_RANDOM,500,387,500,500,150000,13739,500,0.091593333333333332,1,0,0,1,0,500,1,40,0,0,1,0,0,false,false,0.99237565953844786,1,2026072607,7510885276443798771,18047686038419339106,18047686038419339106,MAXIMUM_FRAMES,0.040776300000000001,4d823135403072a8,2917cde6155cf7d6,4bad4fe864af70da,true,500
s2-07d,smoke,BCH-B300-426,300,426,WHOLE_BLOCK_SHORTENED,14,48,,NONE,500,379,500,500,150000,17520,397,0.1168,0.79400000000000004,0.20599999999999999,0,1,0,397,1,48,0,0,1,1,378,false,false,0.75637352908197464,0.8271433587266328,2026072607,7510885276443798771,15934446312929348588,15934446312929348588,MAXIMUM_FRAMES,0.040717749999999997,3731f38fa351c945,0118cc44fa6c75d6,0118cc44fa6c75d6,true,500
s2-07d,smoke,BCH-B300-426,300,426,WHOLE_BLOCK_SHORTENED,14,48,,FIXED_RANDOM,500,379,500,500,150000,16661,500,0.11107333333333333,1,0,0,1,0,500,1,48,0,0,1,1,0,false,false,0.99237565953844786,1,2026072607,7510885276443798771,15934446312929348588,15934446312929348588,MAXIMUM_FRAMES,0.040717749999999997,3731f38fa351c945,2917cde6155cf7d6,4bad4fe864af70da,true,500
s2-07d,smoke,BCH-B300-426,300,426,WHOLE_BLOCK_SHORTENED,14,56,,NONE,500,371,500,500,150000,19797,392,0.13197999999999999,0.78400000000000003,0.216,0,1,0,392,1,56,0,0,1,0,370,false,false,0.74583711947203257,0.81783225514580593,2026072607,7510885276443798771,12297252868144764385,12297252868144764385,MAXIMUM_FRAMES,0.04060515,d37c80e93cc87ce1,0118cc44fa6c75d6,0118cc44fa6c75d6,true,500
s2-07d,smoke,BCH-B300-426,300,426,WHOLE_BLOCK_SHORTENED,14,56,,FIXED_RANDOM,500,371,500,500,150000,19384,500,0.12922666666666666,1,0,0,1,0,500,1,56,0,0,1,0,0,false,false,0.99237565953844786,1,2026072607,7510885276443798771,12297252868144764385,12297252868144764385,MAXIMUM_FRAMES,0.04060515,d37c80e93cc87ce1,2917cde6155cf7d6,4bad4fe864af70da,true,500
s2-07d,smoke,BCH-B300-426,300,426,WHOLE_BLOCK_SHORTENED,14,64,,NONE,500,363,500,500,150000,23777,410,0.15851333333333334,0.81999999999999995,0.17999999999999999,0,1,0,410,1,64,0,0,1,3,362,false,false,0.78392533001736553,0.85119509208724098,2026072607,7510885276443798771,6042050043068714660,6042050043068714660,MAXIMUM_FRAMES,0.041011100000000002,6529fe472965a47e,0118cc44fa6c75d6,0118cc44fa6c75d6,true,500
s2-07d,smoke,BCH-B300-426,300,426,WHOLE_BLOCK_SHORTENED,14,64,,FIXED_RANDOM,500,363,500,500,150000,22018,500,0.14678666666666668,1,0,0,1,0,500,1,64,0,0,1,3,0,false,false,0.99237565953844786,1,2026072607,7510885276443798771,6042050043068714660,6042050043068714660,MAXIMUM_FRAMES,0.041011100000000002,6529fe472965a47e,2917cde6155cf7d6,4bad4fe864af70da,true,500
