schemaVersion,stage,channelType,caseName,organization,decoderType,payloadLength,encodedLength,frameRate,sourcePayloadEbN0Db,snrDb,noisePolicyVersion,initialPhaseDeg,frameRotationDeg,compensationMode,attenuationDb,completeBlockage,blockageLength,blockageStartPolicy,burstMode,burstLength,burstStartPolicy,burstInjectionDomain,backgroundAwgnEnabled,processedFrames,processedPayloadBits,channelHardBitErrors,channelHardFrameErrors,channelHardBER,decodedBitErrors,decodedFrameErrors,BER,FER,trueSuccessFrames,trueSuccessRate,reportedSuccessFrames,reportedSuccessRate,miscorrectedFrames,miscorrectionRate,decoderFailureFrames,decoderFailureRate,avgDecodeTimeUs,p50DecodeTimeUs,p95DecodeTimeUs,p99DecodeTimeUs,maxDecodeTimeUs,avgTotalReceiverTimeUs,minFrames,targetFrameErrors,maxFrames,stopReason,checkpointCount,resumeCount,shardIndex,shardCount,configHash,gitCommit
bch.s2.impairment.result.v1,S2_07,BURST,BCH-S200,SEGMENTED,SYNDROME_LOOKUP,200,285,0.70175438596491224,0,-1.5381486434452905,2,0,0,NONE,0,0,1,UNIFORM_RANDOM,PURE,1,FRAME_START,POST_HARD_DECISION_BIT_FLIP,0,5000,1000000,5000,5000,0.0035087719298245615,0,0,0,0,5000,1,5000,1,0,0,0,0,14.349420000000048,11.300000000000001,22.399999999999999,28.501000000000023,349.80000000000001,15.752999999999997,0,0,0,FIXED_FRAMES_REACHED,0,0,0,1,e8827688d86d7b81f530cf0c24df351636f71373e494f2d2a4e0dd5f7786b6c3,WORKTREE
bch.s2.impairment.result.v1,S2_07,BURST,BCH-S200,SEGMENTED,SYNDROME_LOOKUP,200,285,0.70175438596491224,0,-1.5381486434452905,2,0,0,NONE,0,0,1,UNIFORM_RANDOM,PURE,1,FRAME_END,POST_HARD_DECISION_BIT_FLIP,0,5000,1000000,5000,5000,0.0035087719298245615,0,0,0,0,5000,1,5000,1,0,0,0,0,17.76749999999992,16.600000000000001,24.5,51.903000000000063,3003.8000000000002,19.378940000000011,0,0,0,FIXED_FRAMES_REACHED,0,0,0,1,d47854b6b4238e784146f68c50eb907aaf142648ec7a832812ba41d91ac78fd8,WORKTREE
bch.s2.impairment.result.v1,S2_07,BURST,BCH-S200,SEGMENTED,SYNDROME_LOOKUP,200,285,0.70175438596491224,0,-1.5381486434452905,2,0,0,NONE,0,0,1,UNIFORM_RANDOM,PURE,1,SEGMENT_INTERIOR,POST_HARD_DECISION_BIT_FLIP,0,5000,1000000,5000,5000,0.0035087719298245615,0,0,0,0,5000,1,5000,1,0,0,0,0,23.265640000000079,17.699999999999999,26.800000000000001,88.804000000000073,12284.700000000001,25.177739999999957,0,0,0,FIXED_FRAMES_REACHED,0,0,0,1,ef5cd183cc4a477584796b552e5a4d0391fa2ab6aa05d8549eb396d5dbbd5d5f,WORKTREE
bch.s2.impairment.result.v1,S2_07,BURST,BCH-S200,SEGMENTED,SYNDROME_LOOKUP,200,285,0.70175438596491224,0,-1.5381486434452905,2,0,0,NONE,0,0,1,UNIFORM_RANDOM,PURE,1,ONE_BEFORE_SEGMENT_BOUNDARY,POST_HARD_DECISION_BIT_FLIP,0,5000,1000000,5000,5000,0.0035087719298245615,0,0,0,0,5000,1,5000,1,0,0,0,0,19.508059999999926,17.5,27.405000000000015,74.50400000000009,772.79999999999995,21.577279999999934,0,0,0,FIXED_FRAMES_REACHED,0,0,0,1,4bfa350784b2d165135231c89e3a6b3e7190004ccf9ed47cd53cee4714c0ebab,WORKTREE
bch.s2.impairment.result.v1,S2_07,BURST,BCH-S200,SEGMENTED,SYNDROME_LOOKUP,200,285,0.70175438596491224,0,-1.5381486434452905,2,0,0,NONE,0,0,1,UNIFORM_RANDOM,PURE,1,ON_SEGMENT_BOUNDARY,POST_HARD_DECISION_BIT_FLIP,0,5000,1000000,5000,5000,0.0035087719298245615,0,0,0,0,5000,1,5000,1,0,0,0,0,16.898700000000002,16.699999999999999,23.899999999999999,39.402000000000037,853.89999999999998,18.517140000000047,0,0,0,FIXED_FRAMES_REACHED,0,0,0,1,4db4001c32b3957a6bfece8368124567070e826601d502a4be44b869c5f688b9,WORKTREE
bch.s2.impairment.result.v1,S2_07,BURST,BCH-S200,SEGMENTED,SYNDROME_LOOKUP,200,285,0.70175438596491224,0,-1.5381486434452905,2,0,0,NONE,0,0,1,UNIFORM_RANDOM,PURE,1,UNIFORM_RANDOM,POST_HARD_DECISION_BIT_FLIP,0,5000,1000000,5000,5000,0.0035087719298245615,0,0,0,0,5000,1,5000,1,0,0,0,0,20.756380000000011,16.800000000000001,24.600000000000001,77.942000000000917,6592.8999999999996,22.857819999999951,0,0,0,FIXED_FRAMES_REACHED,0,0,0,1,2b4d4b3b641136a7cdc313b8f0d0c54ca7e21d370c1f1c61e633671fb112bca4,WORKTREE
bch.s2.impairment.result.v1,S2_07,BURST,BCH-S200,SEGMENTED,SYNDROME_LOOKUP,200,285,0.70175438596491224,0,-1.5381486434452905,2,0,0,NONE,0,0,1,UNIFORM_RANDOM,PURE,2,FRAME_START,POST_HARD_DECISION_BIT_FLIP,0,5000,1000000,10000,5000,0.0070175438596491229,10000,5000,0.01,1,0,0,5000,1,5000,1,0,0,23.321160000000024,18,37.110000000000042,130.91000000000022,3754.3000000000002,25.406100000000144,0,0,0,FIXED_FRAMES_REACHED,0,0,0,1,19da17f52ad00021247040f383dfd7a11c8b320c6266d59bad14cdd0d19ef999,WORKTREE
bch.s2.impairment.result.v1,S2_07,BURST,BCH-S200,SEGMENTED,SYNDROME_LOOKUP,200,285,0.70175438596491224,0,-1.5381486434452905,2,0,0,NONE,0,0,1,UNIFORM_RANDOM,PURE,2,FRAME_END,POST_HARD_DECISION_BIT_FLIP,0,5000,1000000,10000,5000,0.0070175438596491229,0,0,0,0,5000,1,5000,1,0,0,0,0,14.933139999999977,12.6,22,32.502000000000045,293.5,16.419900000000013,0,0,0,FIXED_FRAMES_REACHED,0,0,0,1,29b512912a2a5c6d375dfbd49777f2e605fddf5689333d86e80a12adf9ecd17d,WORKTREE
bch.s2.impairment.result.v1,S2_07,BURST,BCH-S200,SEGMENTED,SYNDROME_LOOKUP,200,285,0.70175438596491224,0,-1.5381486434452905,2,0,0,NONE,0,0,1,UNIFORM_RANDOM,PURE,2,SEGMENT_INTERIOR,POST_HARD_DECISION_BIT_FLIP,0,5000,1000000,10000,5000,0.0070175438596491229,15000,5000,0.014999999999999999,1,0,0,5000,1,5000,1,0,0,16.597059999999971,16.899999999999999,23,34.405000000000108,321.60000000000002,18.206019999999981,0,0,0,FIXED_FRAMES_REACHED,0,0,0,1,ed18f564b2f5130ff6e19020f230e3c58a9041df23ae1fa00d264d687d434941,WORKTREE
bch.s2.impairment.result.v1,S2_07,BURST,BCH-S200,SEGMENTED,SYNDROME_LOOKUP,200,285,0.70175438596491224,0,-1.5381486434452905,2,0,0,NONE,0,0,1,UNIFORM_RANDOM,PURE,2,ONE_BEFORE_SEGMENT_BOUNDARY,POST_HARD_DECISION_BIT_FLIP,0,5000,1000000,10000,5000,0.0070175438596491229,0,0,0,0,5000,1,5000,1,0,0,0,0,15.143299999999986,12.4,23.199999999999999,33.209000000000195,244.69999999999999,16.727300000000021,0,0,0,FIXED_FRAMES_REACHED,0,0,0,1,98ecdc6d90197a1bccca4f3f102c44eeeb1d6480f4c958917e644eae829217ce,WORKTREE
bch.s2.impairment.result.v1,S2_07,BURST,BCH-S200,SEGMENTED,SYNDROME_LOOKUP,200,285,0.70175438596491224,0,-1.5381486434452905,2,0,0,NONE,0,0,1,UNIFORM_RANDOM,PURE,2,ON_SEGMENT_BOUNDARY,POST_HARD_DECISION_BIT_FLIP,0,5000,1000000,10000,5000,0.0070175438596491229,10000,5000,0.01,1,0,0,5000,1,5000,1,0,0,19.999699999999955,18,29.199999999999999,75.002000000000038,453.19999999999999,22.121600000000061,0,0,0,FIXED_FRAMES_REACHED,0,0,0,1,5a013c7db9a78cb75de7b376172a443576a523e5bf78dc38ffa464fce268c386,WORKTREE
bch.s2.impairment.result.v1,S2_07,BURST,BCH-S200,SEGMENTED,SYNDROME_LOOKUP,200,285,0.70175438596491224,0,-1.5381486434452905,2,0,0,NONE,0,0,1,UNIFORM_RANDOM,PURE,2,UNIFORM_RANDOM,POST_HARD_DECISION_BIT_FLIP,0,5000,1000000,10000,5000,0.0070175438596491229,10222,4529,0.010222,0.90580000000000005,471,0.094200000000000006,5000,1,4529,0.90580000000000005,0,0,23.643399999999929,19.399999999999999,43.005000000000017,113.41000000000022,1286.9000000000001,26.402779999999957,0,0,0,FIXED_FRAMES_REACHED,0,0,0,1,3a4f47031fb67382450ef4ad871db68f4b2d107918a28ee38f2141d1160f3a37,WORKTREE
bch.s2.impairment.result.v1,S2_07,BURST,BCH-S200,SEGMENTED,SYNDROME_LOOKUP,200,285,0.70175438596491224,0,-1.5381486434452905,2,0,0,NONE,0,0,1,UNIFORM_RANDOM,PURE,3,FRAME_START,POST_HARD_DECISION_BIT_FLIP,0,5000,1000000,15000,5000,0.010526315789473684,20000,5000,0.02,1,0,0,5000,1,5000,1,0,0,14.69284000000008,11.4,23.199999999999999,29.699999999999999,451.19999999999999,16.136280000000035,0,0,0,FIXED_FRAMES_REACHED,0,0,0,1,e007bea1436730e2b87c8a2260bdec476527703999356d223205e3c48264070b,WORKTREE
bch.s2.impairment.result.v1,S2_07,BURST,BCH-S200,SEGMENTED,SYNDROME_LOOKUP,200,285,0.70175438596491224,0,-1.5381486434452905,2,0,0,NONE,0,0,1,UNIFORM_RANDOM,PURE,3,FRAME_END,POST_HARD_DECISION_BIT_FLIP,0,5000,1000000,15000,5000,0.010526315789473684,0,0,0,0,5000,1,5000,1,0,0,0,0,16.515219999999889,16,23.5,46.205000000000112,486,18.042599999999954,0,0,0,FIXED_FRAMES_REACHED,0,0,0,1,7408b6f592e7b355dee93f70700154d85b827d8eeeb0783780ff5ac91528cbad,WORKTREE
bch.s2.impairment.result.v1,S2_07,BURST,BCH-S200,SEGMENTED,SYNDROME_LOOKUP,200,285,0.70175438596491224,0,-1.5381486434452905,2,0,0,NONE,0,0,1,UNIFORM_RANDOM,PURE,3,SEGMENT_INTERIOR,POST_HARD_DECISION_BIT_FLIP,0,5000,1000000,15000,5000,0.010526315789473684,15000,5000,0.014999999999999999,1,0,0,5000,1,5000,1,0,0,13.965620000000083,10.9,19.905000000000015,28.201000000000018,406.5,15.29993999999998,0,0,0,FIXED_FRAMES_REACHED,0,0,0,1,a52297484d8d1e9f6e1639950da5785d116fe29ef7a7e10ba675884f64e7a9f8,WORKTREE
bch.s2.impairment.result.v1,S2_07,BURST,BCH-S200,SEGMENTED,SYNDROME_LOOKUP,200,285,0.70175438596491224,0,-1.5381486434452905,2,0,0,NONE,0,0,1,UNIFORM_RANDOM,PURE,3,ONE_BEFORE_SEGMENT_BOUNDARY,POST_HARD_DECISION_BIT_FLIP,0,5000,1000000,15000,5000,0.010526315789473684,10000,5000,0.01,1,0,0,5000,1,5000,1,0,0,15.791939999999979,16,22.899999999999999,32.802000000000042,224.59999999999999,17.408920000000066,0,0,0,FIXED_FRAMES_REACHED,0,0,0,1,b1aefb09af0c93f354055e2c03c91f0d5ee6999238617be661deb1fdd200771c,WORKTREE
bch.s2.impairment.result.v1,S2_07,BURST,BCH-S200,SEGMENTED,SYNDROME_LOOKUP,200,285,0.70175438596491224,0,-1.5381486434452905,2,0,0,NONE,0,0,1,UNIFORM_RANDOM,PURE,3,ON_SEGMENT_BOUNDARY,POST_HARD_DECISION_BIT_FLIP,0,5000,1000000,15000,5000,0.010526315789473684,20000,5000,0.02,1,0,0,5000,1,5000,1,0,0,27.518599999999935,18.5,54.399999999999999,186.91900000000044,2551.6999999999998,30.566599999999937,0,0,0,FIXED_FRAMES_REACHED,0,0,0,1,a65df72f3fc065fd7f01253c11904de28b1675738f7cba5110f34a0e9a9db0ff,WORKTREE
bch.s2.impairment.result.v1,S2_07,BURST,BCH-S200,SEGMENTED,SYNDROME_LOOKUP,200,285,0.70175438596491224,0,-1.5381486434452905,2,0,0,NONE,0,0,1,UNIFORM_RANDOM,PURE,3,UNIFORM_RANDOM,POST_HARD_DECISION_BIT_FLIP,0,5000,1000000,15000,5000,0.010526315789473684,13605,4859,0.013605000000000001,0.9718,141,0.028199999999999999,5000,1,4859,0.9718,0,0,20.883179999999953,19.300000000000001,29.600000000000001,76.202000000000055,461.19999999999999,22.835240000000006,0,0,0,FIXED_FRAMES_REACHED,0,0,0,1,10dfae49f592e5cfd070bcbf467fff4543728b4f6f91fed4a524ab5f00e71629,WORKTREE
bch.s2.impairment.result.v1,S2_07,BURST,BCH-S200,SEGMENTED,SYNDROME_LOOKUP,200,285,0.70175438596491224,0,-1.5381486434452905,2,0,0,NONE,0,0,1,UNIFORM_RANDOM,PURE,4,FRAME_START,POST_HARD_DECISION_BIT_FLIP,0,5000,1000000,20000,5000,0.014035087719298246,25000,5000,0.025000000000000001,1,0,0,5000,1,5000,1,0,0,17.597280000000019,16.5,24.5,59.710000000000221,808.5,19.363719999999965,0,0,0,FIXED_FRAMES_REACHED,0,0,0,1,701deef2ef381e2f44626b393bcb3d34cad1ae372f64b631586de97059a8dad1,WORKTREE
bch.s2.impairment.result.v1,S2_07,BURST,BCH-S200,SEGMENTED,SYNDROME_LOOKUP,200,285,0.70175438596491224,0,-1.5381486434452905,2,0,0,NONE,0,0,1,UNIFORM_RANDOM,PURE,4,FRAME_END,POST_HARD_DECISION_BIT_FLIP,0,5000,1000000,20000,5000,0.014035087719298246,0,0,0,0,5000,1,5000,1,0,0,0,0,14.151540000000013,11.300000000000001,20.399999999999999,27.699999999999999,588.29999999999995,15.543339999999974,0,0,0,FIXED_FRAMES_REACHED,0,0,0,1,699d6f7edc3cbd2ca6153af9d4acc05906dba33388aed13557ff1647c2b7529c,WORKTREE
bch.s2.impairment.result.v1,S2_07,BURST,BCH-S200,SEGMENTED,SYNDROME_LOOKUP,200,285,0.70175438596491224,0,-1.5381486434452905,2,0,0,NONE,0,0,1,UNIFORM_RANDOM,PURE,4,SEGMENT_INTERIOR,POST_HARD_DECISION_BIT_FLIP,0,5000,1000000,20000,5000,0.014035087719298246,20000,5000,0.02,1,0,0,5000,1,5000,1,0,0,17.905020000000032,16.699999999999999,26.800000000000001,53.21100000000024,652.39999999999998,19.599859999999968,0,0,0,FIXED_FRAMES_REACHED,0,0,0,1,f05911a72373c9ceed19f16d8271ee74a8ed6a7e79a1cad05ac002bc0376f2d5,WORKTREE
bch.s2.impairment.result.v1,S2_07,BURST,BCH-S200,SEGMENTED,SYNDROME_LOOKUP,200,285,0.70175438596491224,0,-1.5381486434452905,2,0,0,NONE,0,0,1,UNIFORM_RANDOM,PURE,4,ONE_BEFORE_SEGMENT_BOUNDARY,POST_HARD_DECISION_BIT_FLIP,0,5000,1000000,20000,5000,0.014035087719298246,20000,5000,0.02,1,0,0,5000,1,5000,1,0,0,16.978559999999991,16.699999999999999,26,42.706000000000131,372.60000000000002,18.732940000000017,0,0,0,FIXED_FRAMES_REACHED,0,0,0,1,efc3e92afdd04bfe7d72d8c0d5c9d121feb76924d3feec47dd44f6e3dbde701d,WORKTREE
bch.s2.impairment.result.v1,S2_07,BURST,BCH-S200,SEGMENTED,SYNDROME_LOOKUP,200,285,0.70175438596491224,0,-1.5381486434452905,2,0,0,NONE,0,0,1,UNIFORM_RANDOM,PURE,4,ON_SEGMENT_BOUNDARY,POST_HARD_DECISION_BIT_FLIP,0,5000,1000000,20000,5000,0.014035087719298246,25000,5000,0.025000000000000001,1,0,0,5000,1,5000,1,0,0,25.663780000000006,19,44.605000000000018,157.71200000000024,3937,28.69967999999993,0,0,0,FIXED_FRAMES_REACHED,0,0,0,1,4718f4d68cf2541a89754adff3d4ea5ec93729c66da1d47d22322e9ddba46561,WORKTREE
bch.s2.impairment.result.v1,S2_07,BURST,BCH-S200,SEGMENTED,SYNDROME_LOOKUP,200,285,0.70175438596491224,0,-1.5381486434452905,2,0,0,NONE,0,0,1,UNIFORM_RANDOM,PURE,4,UNIFORM_RANDOM,POST_HARD_DECISION_BIT_FLIP,0,5000,1000000,20000,5000,0.014035087719298246,17278,4845,0.017278000000000002,0.96899999999999997,155,0.031,5000,1,4845,0.96899999999999997,0,0,16.975419999999961,16.399999999999999,23.600000000000001,47.810000000000215,508,18.621040000000029,0,0,0,FIXED_FRAMES_REACHED,0,0,0,1,3fff4764881d8c65fbeac3eb7c6f8092f707b190711a1f217ed08d69fc090052,WORKTREE
bch.s2.impairment.result.v1,S2_07,BURST,BCH-S200,SEGMENTED,SYNDROME_LOOKUP,200,285,0.70175438596491224,0,-1.5381486434452905,2,0,0,NONE,0,0,1,UNIFORM_RANDOM,PURE,5,FRAME_START,POST_HARD_DECISION_BIT_FLIP,0,5000,1000000,25000,5000,0.017543859649122806,25000,5000,0.025000000000000001,1,0,0,5000,1,5000,1,0,0,15.488660000000001,15.800000000000001,21.399999999999999,31.902000000000044,355.69999999999999,17.016799999999975,0,0,0,FIXED_FRAMES_REACHED,0,0,0,1,295f646361e28b842efd6717f48101bc476db44ed347b966f0ef721a04cdec6b,WORKTREE
bch.s2.impairment.result.v1,S2_07,BURST,BCH-S200,SEGMENTED,SYNDROME_LOOKUP,200,285,0.70175438596491224,0,-1.5381486434452905,2,0,0,NONE,0,0,1,UNIFORM_RANDOM,PURE,5,FRAME_END,POST_HARD_DECISION_BIT_FLIP,0,5000,1000000,25000,5000,0.017543859649122806,0,0,0,0,5000,1,5000,1,0,0,0,0,16.880799999999983,15.800000000000001,24.100000000000001,60.402000000000037,434.19999999999999,18.63838000000003,0,0,0,FIXED_FRAMES_REACHED,0,0,0,1,2f03669be576363916b6fafcf089c8d3b690f8eee03e40b9bac9d66d7cf1a361,WORKTREE
bch.s2.impairment.result.v1,S2_07,BURST,BCH-S200,SEGMENTED,SYNDROME_LOOKUP,200,285,0.70175438596491224,0,-1.5381486434452905,2,0,0,NONE,0,0,1,UNIFORM_RANDOM,PURE,5,SEGMENT_INTERIOR,POST_HARD_DECISION_BIT_FLIP,0,5000,1000000,25000,5000,0.017543859649122806,25000,5000,0.025000000000000001,1,0,0,5000,1,5000,1,0,0,18.267679999999945,17.100000000000001,26.699999999999999,64.101000000000013,967.5,20.109479999999909,0,0,0,FIXED_FRAMES_REACHED,0,0,0,1,af3932d2876fba4a4fee376ba8e97f4470c62fe5eb5f4f745116f5bcf2688d3f,WORKTREE
bch.s2.impairment.result.v1,S2_07,BURST,BCH-S200,SEGMENTED,SYNDROME_LOOKUP,200,285,0.70175438596491224,0,-1.5381486434452905,2,0,0,NONE,0,0,1,UNIFORM_RANDOM,PURE,5,ONE_BEFORE_SEGMENT_BOUNDARY,POST_HARD_DECISION_BIT_FLIP,0,5000,1000000,25000,5000,0.017543859649122806,25000,5000,0.025000000000000001,1,0,0,5000,1,5000,1,0,0,15.359839999999956,12.1,24.699999999999999,45.205000000000112,409.39999999999998,16.987779999999958,0,0,0,FIXED_FRAMES_REACHED,0,0,0,1,997927f0573a8e677e54d319300fd186d77d6db16a1f1889f6a4bb0d4e61dc03,WORKTREE
bch.s2.impairment.result.v1,S2_07,BURST,BCH-S200,SEGMENTED,SYNDROME_LOOKUP,200,285,0.70175438596491224,0,-1.5381486434452905,2,0,0,NONE,0,0,1,UNIFORM_RANDOM,PURE,5,ON_SEGMENT_BOUNDARY,POST_HARD_DECISION_BIT_FLIP,0,5000,1000000,25000,5000,0.017543859649122806,25000,5000,0.025000000000000001,1,0,0,5000,1,5000,1,0,0,16.163239999999988,13.5,25.600000000000001,41.910000000000217,400,17.875699999999952,0,0,0,FIXED_FRAMES_REACHED,0,0,0,1,ca636136256cd7d6dd5b0d313d20ab76d06b954ca1b851f427c6a8331575c017,WORKTREE
bch.s2.impairment.result.v1,S2_07,BURST,BCH-S200,SEGMENTED,SYNDROME_LOOKUP,200,285,0.70175438596491224,0,-1.5381486434452905,2,0,0,NONE,0,0,1,UNIFORM_RANDOM,PURE,5,UNIFORM_RANDOM,POST_HARD_DECISION_BIT_FLIP,0,5000,1000000,25000,5000,0.017543859649122806,21685,4873,0.021684999999999999,0.97460000000000002,127,0.025399999999999999,5000,1,4873,0.97460000000000002,0,0,15.098199999999956,15.4,21.699999999999999,30.70700000000015,190.80000000000001,16.697700000000012,0,0,0,FIXED_FRAMES_REACHED,0,0,0,1,4c8cf92dec39f0f5a6251969679d186690f7b5e671e99d3b181d3a68ee71d568,WORKTREE
bch.s2.impairment.result.v1,S2_07,BURST,BCH-S200,SEGMENTED,SYNDROME_LOOKUP,200,285,0.70175438596491224,0,-1.5381486434452905,2,0,0,NONE,0,0,1,UNIFORM_RANDOM,PURE,6,FRAME_START,POST_HARD_DECISION_BIT_FLIP,0,5000,1000000,30000,5000,0.021052631578947368,30000,5000,0.029999999999999999,1,0,0,5000,1,5000,1,0,0,14.309120000000053,11.1,20.605000000000022,30.001000000000023,325.30000000000001,15.801280000000052,0,0,0,FIXED_FRAMES_REACHED,0,0,0,1,405bd50421b40db3769db2102a02caf7398adffdf8d4de148ec245236f6ee613,WORKTREE
bch.s2.impairment.result.v1,S2_07,BURST,BCH-S200,SEGMENTED,SYNDROME_LOOKUP,200,285,0.70175438596491224,0,-1.5381486434452905,2,0,0,NONE,0,0,1,UNIFORM_RANDOM,PURE,6,FRAME_END,POST_HARD_DECISION_BIT_FLIP,0,5000,1000000,30000,5000,0.021052631578947368,0,0,0,0,5000,1,5000,1,0,0,0,0,15.301580000000065,14,23,31.11000000000022,412.30000000000001,16.809739999999977,0,0,0,FIXED_FRAMES_REACHED,0,0,0,1,1a92b4694d23d93b45e6fee90dcaa387bf20251667156d7dcd0e1d346786f54f,WORKTREE
bch.s2.impairment.result.v1,S2_07,BURST,BCH-S200,SEGMENTED,SYNDROME_LOOKUP,200,285,0.70175438596491224,0,-1.5381486434452905,2,0,0,NONE,0,0,1,UNIFORM_RANDOM,PURE,6,SEGMENT_INTERIOR,POST_HARD_DECISION_BIT_FLIP,0,5000,1000000,30000,5000,0.021052631578947368,25000,5000,0.025000000000000001,1,0,0,5000,1,5000,1,0,0,14.789360000000018,11.699999999999999,21,32.802000000000042,403.30000000000001,16.224359999999979,0,0,0,FIXED_FRAMES_REACHED,0,0,0,1,7a265f0bab3e17ba57d6eb66a938a378ffc451550906ec4e4f8e4f9633fbd59c,WORKTREE
bch.s2.impairment.result.v1,S2_07,BURST,BCH-S200,SEGMENTED,SYNDROME_LOOKUP,200,285,0.70175438596491224,0,-1.5381486434452905,2,0,0,NONE,0,0,1,UNIFORM_RANDOM,PURE,6,ONE_BEFORE_SEGMENT_BOUNDARY,POST_HARD_DECISION_BIT_FLIP,0,5000,1000000,30000,5000,0.021052631578947368,25000,5000,0.025000000000000001,1,0,0,5000,1,5000,1,0,0,16.534719999999993,16,24.505000000000017,50.319000000000415,526,18.209979999999966,0,0,0,FIXED_FRAMES_REACHED,0,0,0,1,fa85011cd7f0e1e9f0982ac451213cfdf1184e9521806d9aa72e9b3e9612a982,WORKTREE
bch.s2.impairment.result.v1,S2_07,BURST,BCH-S200,SEGMENTED,SYNDROME_LOOKUP,200,285,0.70175438596491224,0,-1.5381486434452905,2,0,0,NONE,0,0,1,UNIFORM_RANDOM,PURE,6,ON_SEGMENT_BOUNDARY,POST_HARD_DECISION_BIT_FLIP,0,5000,1000000,30000,5000,0.021052631578947368,30000,5000,0.029999999999999999,1,0,0,5000,1,5000,1,0,0,22.798200000000012,19.399999999999999,33.799999999999997,91.801000000000016,703.39999999999998,25.063739999999996,0,0,0,FIXED_FRAMES_REACHED,0,0,0,1,9a315450ae3637acf7771d86744db5b38a36b60daedf7305c77933a7154d7502,WORKTREE
bch.s2.impairment.result.v1,S2_07,BURST,BCH-S200,SEGMENTED,SYNDROME_LOOKUP,200,285,0.70175438596491224,0,-1.5381486434452905,2,0,0,NONE,0,0,1,UNIFORM_RANDOM,PURE,6,UNIFORM_RANDOM,POST_HARD_DECISION_BIT_FLIP,0,5000,1000000,30000,5000,0.021052631578947368,24646,4907,0.024646000000000001,0.98140000000000005,93,0.018599999999999998,5000,1,4907,0.98140000000000005,0,0,15.993320000000097,15.5,23.699999999999999,44.5,401.30000000000001,17.626680000000011,0,0,0,FIXED_FRAMES_REACHED,0,0,0,1,c83eb03cd8e2fd5758bddbdf727780a421d29d89aa9f9e0a34ca972c82a05eed,WORKTREE
bch.s2.impairment.result.v1,S2_07,BURST,BCH-S200,SEGMENTED,SYNDROME_LOOKUP,200,285,0.70175438596491224,0,-1.5381486434452905,2,0,0,NONE,0,0,1,UNIFORM_RANDOM,PURE,7,FRAME_START,POST_HARD_DECISION_BIT_FLIP,0,5000,1000000,35000,5000,0.02456140350877193,30000,5000,0.029999999999999999,1,0,0,5000,1,5000,1,0,0,16.735859999999999,16.300000000000001,23.899999999999999,50.404000000000082,615.20000000000005,18.392299999999974,0,0,0,FIXED_FRAMES_REACHED,0,0,0,1,75493345a8d5a49dab50bc1a48d821ec10ce535bde8191c93b63230f56f0af6f,WORKTREE
bch.s2.impairment.result.v1,S2_07,BURST,BCH-S200,SEGMENTED,SYNDROME_LOOKUP,200,285,0.70175438596491224,0,-1.5381486434452905,2,0,0,NONE,0,0,1,UNIFORM_RANDOM,PURE,7,FRAME_END,POST_HARD_DECISION_BIT_FLIP,0,5000,1000000,35000,5000,0.02456140350877193,0,0,0,0,5000,1,5000,1,0,0,0,0,19.162059999999947,18,26.800000000000001,61.509000000000199,1802.2,20.90786000000006,0,0,0,FIXED_FRAMES_REACHED,0,0,0,1,cce8dc12155f3653315d35e53497fee09b6a13416d00778bb0369769650745a0,WORKTREE
bch.s2.impairment.result.v1,S2_07,BURST,BCH-S200,SEGMENTED,SYNDROME_LOOKUP,200,285,0.70175438596491224,0,-1.5381486434452905,2,0,0,NONE,0,0,1,UNIFORM_RANDOM,PURE,7,SEGMENT_INTERIOR,POST_HARD_DECISION_BIT_FLIP,0,5000,1000000,35000,5000,0.02456140350877193,15000,5000,0.014999999999999999,1,0,0,5000,1,5000,1,0,0,16.02782000000003,16.5,22.300000000000001,37.303000000000061,237.09999999999999,17.609999999999971,0,0,0,FIXED_FRAMES_REACHED,0,0,0,1,2493c0a75a3cd10e8ceb630bb59e8300ad7b4beedbc9bf09b5e9ffcdbf0375a4,WORKTREE
bch.s2.impairment.result.v1,S2_07,BURST,BCH-S200,SEGMENTED,SYNDROME_LOOKUP,200,285,0.70175438596491224,0,-1.5381486434452905,2,0,0,NONE,0,0,1,UNIFORM_RANDOM,PURE,7,ONE_BEFORE_SEGMENT_BOUNDARY,POST_HARD_DECISION_BIT_FLIP,0,5000,1000000,35000,5000,0.02456140350877193,30000,5000,0.029999999999999999,1,0,0,5000,1,5000,1,0,0,15.859140000000041,13.1,25.5,45.105000000000111,310.19999999999999,17.50216,0,0,0,FIXED_FRAMES_REACHED,0,0,0,1,f88407be260948c2b0fee21a0d41394d84faf28e7bb8e866c56fa217fbe5e42f,WORKTREE
bch.s2.impairment.result.v1,S2_07,BURST,BCH-S200,SEGMENTED,SYNDROME_LOOKUP,200,285,0.70175438596491224,0,-1.5381486434452905,2,0,0,NONE,0,0,1,UNIFORM_RANDOM,PURE,7,ON_SEGMENT_BOUNDARY,POST_HARD_DECISION_BIT_FLIP,0,5000,1000000,35000,5000,0.02456140350877193,30000,5000,0.029999999999999999,1,0,0,5000,1,5000,1,0,0,15.296280000000008,12.4,24,41.502000000000045,315.39999999999998,17.01401999999996,0,0,0,FIXED_FRAMES_REACHED,0,0,0,1,3573486dc4fb39e48c771e6002d69c40cdb2a70be827031d0b9a91561ff47760,WORKTREE
bch.s2.impairment.result.v1,S2_07,BURST,BCH-S200,SEGMENTED,SYNDROME_LOOKUP,200,285,0.70175438596491224,0,-1.5381486434452905,2,0,0,NONE,0,0,1,UNIFORM_RANDOM,PURE,7,UNIFORM_RANDOM,POST_HARD_DECISION_BIT_FLIP,0,5000,1000000,35000,5000,0.02456140350877193,23723,4887,0.023723000000000001,0.97740000000000005,113,0.022599999999999999,5000,1,4887,0.97740000000000005,0,0,14.257620000000022,11.300000000000001,20.5,27.401000000000021,119.2,15.794620000000018,0,0,0,FIXED_FRAMES_REACHED,0,0,0,1,954d3b2e8921f461b8ecf9707e71c574a01b43b46deb6caff9ee1bfa30a34bd2,WORKTREE
bch.s2.impairment.result.v1,S2_07,BURST,BCH-S200,SEGMENTED,SYNDROME_LOOKUP,200,285,0.70175438596491224,0,-1.5381486434452905,2,0,0,NONE,0,0,1,UNIFORM_RANDOM,PURE,8,FRAME_START,POST_HARD_DECISION_BIT_FLIP,0,5000,1000000,40000,5000,0.028070175438596492,45000,5000,0.044999999999999998,1,0,0,5000,1,5000,1,0,0,15.289760000000026,13.5,21.5,38.302000000000042,601.10000000000002,16.772779999999951,0,0,0,FIXED_FRAMES_REACHED,0,0,0,1,d12171160ab839e94b0c5ecf8190c4267390e5783db41b833e0a6d1b3af3ef00,WORKTREE
bch.s2.impairment.result.v1,S2_07,BURST,BCH-S200,SEGMENTED,SYNDROME_LOOKUP,200,285,0.70175438596491224,0,-1.5381486434452905,2,0,0,NONE,0,0,1,UNIFORM_RANDOM,PURE,8,FRAME_END,POST_HARD_DECISION_BIT_FLIP,0,5000,1000000,40000,5000,0.028070175438596492,5000,5000,0.0050000000000000001,1,0,0,5000,1,5000,1,0,0,15.359659999999968,13.4,22.800000000000001,45.810000000000215,628.20000000000005,16.869319999999941,0,0,0,FIXED_FRAMES_REACHED,0,0,0,1,12a46e93986a1586b4ec879dc06d30314cf580fda78bd68a7774162cbe7d247e,WORKTREE
bch.s2.impairment.result.v1,S2_07,BURST,BCH-S200,SEGMENTED,SYNDROME_LOOKUP,200,285,0.70175438596491224,0,-1.5381486434452905,2,0,0,NONE,0,0,1,UNIFORM_RANDOM,PURE,8,SEGMENT_INTERIOR,POST_HARD_DECISION_BIT_FLIP,0,5000,1000000,40000,5000,0.028070175438596492,25000,5000,0.025000000000000001,1,0,0,5000,1,5000,1,0,0,15.836599999999947,15.300000000000001,23.699999999999999,44.302000000000042,462.60000000000002,17.387059999999977,0,0,0,FIXED_FRAMES_REACHED,0,0,0,1,d9f6bc43c45aa3287686551ad0c66482f2ae9add2e8f38100c2ad377a1826c4c,WORKTREE
bch.s2.impairment.result.v1,S2_07,BURST,BCH-S200,SEGMENTED,SYNDROME_LOOKUP,200,285,0.70175438596491224,0,-1.5381486434452905,2,0,0,NONE,0,0,1,UNIFORM_RANDOM,PURE,8,ONE_BEFORE_SEGMENT_BOUNDARY,POST_HARD_DECISION_BIT_FLIP,0,5000,1000000,40000,5000,0.028070175438596492,30000,5000,0.029999999999999999,1,0,0,5000,1,5000,1,0,0,16.218379999999993,14.6,25.5,41.103000000000073,257.60000000000002,17.875100000000064,0,0,0,FIXED_FRAMES_REACHED,0,0,0,1,ff62e087036f6aa3caca759a4fd2ef4c66a79f820eba445c492ab09ca8e990fc,WORKTREE
bch.s2.impairment.result.v1,S2_07,BURST,BCH-S200,SEGMENTED,SYNDROME_LOOKUP,200,285,0.70175438596491224,0,-1.5381486434452905,2,0,0,NONE,0,0,1,UNIFORM_RANDOM,PURE,8,ON_SEGMENT_BOUNDARY,POST_HARD_DECISION_BIT_FLIP,0,5000,1000000,40000,5000,0.028070175438596492,45000,5000,0.044999999999999998,1,0,0,5000,1,5000,1,0,0,14.628700000000055,11.300000000000001,24.600000000000001,35.006000000000128,338.69999999999999,16.199199999999973,0,0,0,FIXED_FRAMES_REACHED,0,0,0,1,b9a7947e1fda2b5669527f8d9709e3146a15690913600eb7b5012866b8491778,WORKTREE
bch.s2.impairment.result.v1,S2_07,BURST,BCH-S200,SEGMENTED,SYNDROME_LOOKUP,200,285,0.70175438596491224,0,-1.5381486434452905,2,0,0,NONE,0,0,1,UNIFORM_RANDOM,PURE,8,UNIFORM_RANDOM,POST_HARD_DECISION_BIT_FLIP,0,5000,1000000,40000,5000,0.028070175438596492,30978,4940,0.030977999999999999,0.98799999999999999,60,0.012,5000,1,4940,0.98799999999999999,0,0,14.927519999999943,14.800000000000001,20.399999999999999,29.101000000000024,225.40000000000001,16.497400000000027,0,0,0,FIXED_FRAMES_REACHED,0,0,0,1,546c1cf4594b8f30552c10a693908cd83ed317451d436295ba250a3a350a9e93,WORKTREE
bch.s2.impairment.result.v1,S2_07,BURST,BCH-S200,SEGMENTED,SYNDROME_LOOKUP,200,285,0.70175438596491224,0,-1.5381486434452905,2,0,0,NONE,0,0,1,UNIFORM_RANDOM,PURE,10,FRAME_START,POST_HARD_DECISION_BIT_FLIP,0,5000,1000000,50000,5000,0.035087719298245612,45000,5000,0.044999999999999998,1,0,0,5000,1,5000,1,0,0,16.367339999999949,15.800000000000001,23.699999999999999,47.101000000000028,489.89999999999998,17.989920000000073,0,0,0,FIXED_FRAMES_REACHED,0,0,0,1,66cb588d4eebed9af2dd5018fd41496a0a282cfa5c925c1ed8b6bb999eacbe5b,WORKTREE
bch.s2.impairment.result.v1,S2_07,BURST,BCH-S200,SEGMENTED,SYNDROME_LOOKUP,200,285,0.70175438596491224,0,-1.5381486434452905,2,0,0,NONE,0,0,1,UNIFORM_RANDOM,PURE,10,FRAME_END,POST_HARD_DECISION_BIT_FLIP,0,5000,1000000,50000,5000,0.035087719298245612,0,0,0,0,5000,1,5000,1,0,0,0,0,17.017039999999977,17,23.899999999999999,44.013000000000282,538.79999999999995,18.639719999999937,0,0,0,FIXED_FRAMES_REACHED,0,0,0,1,828541af6c9580eb98b3907da2a9ca04b38d9caeb456405133ab47f2011658fc,WORKTREE
bch.s2.impairment.result.v1,S2_07,BURST,BCH-S200,SEGMENTED,SYNDROME_LOOKUP,200,285,0.70175438596491224,0,-1.5381486434452905,2,0,0,NONE,0,0,1,UNIFORM_RANDOM,PURE,10,SEGMENT_INTERIOR,POST_HARD_DECISION_BIT_FLIP,0,5000,1000000,50000,5000,0.035087719298245612,35000,5000,0.035000000000000003,1,0,0,5000,1,5000,1,0,0,14.549480000000013,12.300000000000001,20.105000000000022,27.699999999999999,113.90000000000001,16.00322000000002,0,0,0,FIXED_FRAMES_REACHED,0,0,0,1,c8dfe4554a467ab7ee89fecbd572f95f90c8efa3c626c684193282b5d274f9a1,WORKTREE
bch.s2.impairment.result.v1,S2_07,BURST,BCH-S200,SEGMENTED,SYNDROME_LOOKUP,200,285,0.70175438596491224,0,-1.5381486434452905,2,0,0,NONE,0,0,1,UNIFORM_RANDOM,PURE,10,ONE_BEFORE_SEGMENT_BOUNDARY,POST_HARD_DECISION_BIT_FLIP,0,5000,1000000,50000,5000,0.035087719298245612,40000,5000,0.040000000000000001,1,0,0,5000,1,5000,1,0,0,18.027819999999977,17.100000000000001,26.199999999999999,57.204000000000086,554.79999999999995,19.911879999999972,0,0,0,FIXED_FRAMES_REACHED,0,0,0,1,5ab4b0b180fba95069ee26193e42bbaa8883ebe524c18e832a4d0fe942906dbc,WORKTREE
bch.s2.impairment.result.v1,S2_07,BURST,BCH-S200,SEGMENTED,SYNDROME_LOOKUP,200,285,0.70175438596491224,0,-1.5381486434452905,2,0,0,NONE,0,0,1,UNIFORM_RANDOM,PURE,10,ON_SEGMENT_BOUNDARY,POST_HARD_DECISION_BIT_FLIP,0,5000,1000000,50000,5000,0.035087719298245612,45000,5000,0.044999999999999998,1,0,0,5000,1,5000,1,0,0,15.677100000000003,12.5,25.600000000000001,46.505000000000109,367.10000000000002,17.448920000000008,0,0,0,FIXED_FRAMES_REACHED,0,0,0,1,4c40c6e20ee5c68238363931694a35be4ed9b1d2a3c2f88ad65209fb50caa397,WORKTREE
bch.s2.impairment.result.v1,S2_07,BURST,BCH-S200,SEGMENTED,SYNDROME_LOOKUP,200,285,0.70175438596491224,0,-1.5381486434452905,2,0,0,NONE,0,0,1,UNIFORM_RANDOM,PURE,10,UNIFORM_RANDOM,POST_HARD_DECISION_BIT_FLIP,0,5000,1000000,50000,5000,0.035087719298245612,36172,4929,0.036172000000000003,0.98580000000000001,71,0.014200000000000001,5000,1,4929,0.98580000000000001,0,0,20.17044000000001,17.399999999999999,27.399999999999999,74.403000000000063,3624.4000000000001,22.141479999999955,0,0,0,FIXED_FRAMES_REACHED,0,0,0,1,495087c2b301ea5c83b18fa6ec20efe9154c5cdccb4d0ea771d6bfdca6c8eb49,WORKTREE
bch.s2.impairment.result.v1,S2_07,BURST,BCH-S200,SEGMENTED,SYNDROME_LOOKUP,200,285,0.70175438596491224,0,-1.5381486434452905,2,0,0,NONE,0,0,1,UNIFORM_RANDOM,PURE,12,FRAME_START,POST_HARD_DECISION_BIT_FLIP,0,5000,1000000,60000,5000,0.042105263157894736,50000,5000,0.050000000000000003,1,0,0,5000,1,5000,1,0,0,28.683340000000001,18.800000000000001,51.805000000000014,211.52500000000055,3076.1999999999998,31.188739999999985,0,0,0,FIXED_FRAMES_REACHED,0,0,0,1,ff0069ee0e84de4d760b067f3b2702ddb8d26e9a2d9a030860b78cddb9c63064,WORKTREE
bch.s2.impairment.result.v1,S2_07,BURST,BCH-S200,SEGMENTED,SYNDROME_LOOKUP,200,285,0.70175438596491224,0,-1.5381486434452905,2,0,0,NONE,0,0,1,UNIFORM_RANDOM,PURE,12,FRAME_END,POST_HARD_DECISION_BIT_FLIP,0,5000,1000000,60000,5000,0.042105263157894736,0,0,0,0,5000,1,5000,1,0,0,0,0,19.850340000000084,17.300000000000001,28.5,80.414000000000314,1255.3,21.821000000000002,0,0,0,FIXED_FRAMES_REACHED,0,0,0,1,eeeb577c4aea6f8be49afce2e8fbc1b0101dd3d34c63aabcbbe1b87890c1a105,WORKTREE
bch.s2.impairment.result.v1,S2_07,BURST,BCH-S200,SEGMENTED,SYNDROME_LOOKUP,200,285,0.70175438596491224,0,-1.5381486434452905,2,0,0,NONE,0,0,1,UNIFORM_RANDOM,PURE,12,SEGMENT_INTERIOR,POST_HARD_DECISION_BIT_FLIP,0,5000,1000000,60000,5000,0.042105263157894736,50000,5000,0.050000000000000003,1,0,0,5000,1,5000,1,0,0,17.455680000000029,17.5,24.699999999999999,49.401000000000018,361.60000000000002,19.317119999999981,0,0,0,FIXED_FRAMES_REACHED,0,0,0,1,f09ef6d9a2b23aab2c8f31eaa5332eee5b08e3c36e567f8260a84c1f06f5b549,WORKTREE
bch.s2.impairment.result.v1,S2_07,BURST,BCH-S200,SEGMENTED,SYNDROME_LOOKUP,200,285,0.70175438596491224,0,-1.5381486434452905,2,0,0,NONE,0,0,1,UNIFORM_RANDOM,PURE,12,ONE_BEFORE_SEGMENT_BOUNDARY,POST_HARD_DECISION_BIT_FLIP,0,5000,1000000,60000,5000,0.042105263157894736,50000,5000,0.050000000000000003,1,0,0,5000,1,5000,1,0,0,14.85110000000002,11.4,23,36.703000000000067,296.39999999999998,16.437059999999995,0,0,0,FIXED_FRAMES_REACHED,0,0,0,1,a8eecfacd05d78a7470ff6ea14ec727a34ad01f363f98346c7426dbeb9f57ce5,WORKTREE
bch.s2.impairment.result.v1,S2_07,BURST,BCH-S200,SEGMENTED,SYNDROME_LOOKUP,200,285,0.70175438596491224,0,-1.5381486434452905,2,0,0,NONE,0,0,1,UNIFORM_RANDOM,PURE,12,ON_SEGMENT_BOUNDARY,POST_HARD_DECISION_BIT_FLIP,0,5000,1000000,60000,5000,0.042105263157894736,50000,5000,0.050000000000000003,1,0,0,5000,1,5000,1,0,0,17.663539999999983,17.100000000000001,25.305000000000021,55.911000000000236,404.19999999999999,19.493699999999997,0,0,0,FIXED_FRAMES_REACHED,0,0,0,1,9f89068e00a3a37c26184bf56e5b1223d6193474655f04c4129dcf114408ea7c,WORKTREE
bch.s2.impairment.result.v1,S2_07,BURST,BCH-S200,SEGMENTED,SYNDROME_LOOKUP,200,285,0.70175438596491224,0,-1.5381486434452905,2,0,0,NONE,0,0,1,UNIFORM_RANDOM,PURE,12,UNIFORM_RANDOM,POST_HARD_DECISION_BIT_FLIP,0,5000,1000000,60000,5000,0.042105263157894736,41984,4967,0.041984,0.99339999999999995,33,0.0066,5000,1,4967,0.99339999999999995,0,0,26.642620000000026,19.600000000000001,44.905000000000015,121.41000000000022,6449.6999999999998,29.452979999999968,0,0,0,FIXED_FRAMES_REACHED,0,0,0,1,a5a39c56ba2f62dff47c14093e8c0d51e3ea6aacb9c60ddec7c9480b30228c4d,WORKTREE
bch.s2.impairment.result.v1,S2_07,BURST,BCH-S200,SEGMENTED,SYNDROME_LOOKUP,200,285,0.70175438596491224,0,-1.5381486434452905,2,0,0,NONE,0,0,1,UNIFORM_RANDOM,PURE,14,FRAME_START,POST_HARD_DECISION_BIT_FLIP,0,5000,1000000,70000,5000,0.04912280701754386,55000,5000,0.055,1,0,0,5000,1,5000,1,0,0,21.500279999999993,18,28.199999999999999,93.619000000000412,3656.4000000000001,23.953500000000059,0,0,0,FIXED_FRAMES_REACHED,0,0,0,1,86889e1ae10a749984cfac8551f011555a9f1a81e61bd1285a15ee1841b83cde,WORKTREE
bch.s2.impairment.result.v1,S2_07,BURST,BCH-S200,SEGMENTED,SYNDROME_LOOKUP,200,285,0.70175438596491224,0,-1.5381486434452905,2,0,0,NONE,0,0,1,UNIFORM_RANDOM,PURE,14,FRAME_END,POST_HARD_DECISION_BIT_FLIP,0,5000,1000000,70000,5000,0.04912280701754386,10000,5000,0.01,1,0,0,5000,1,5000,1,0,0,17.823299999999954,16.600000000000001,26,66.619000000000412,518.20000000000005,19.542339999999907,0,0,0,FIXED_FRAMES_REACHED,0,0,0,1,d41ed8281d6881a9165bbcc2283d0829ad6afb34a7281448fc185107fcb9f9c1,WORKTREE
bch.s2.impairment.result.v1,S2_07,BURST,BCH-S200,SEGMENTED,SYNDROME_LOOKUP,200,285,0.70175438596491224,0,-1.5381486434452905,2,0,0,NONE,0,0,1,UNIFORM_RANDOM,PURE,14,SEGMENT_INTERIOR,POST_HARD_DECISION_BIT_FLIP,0,5000,1000000,70000,5000,0.04912280701754386,55000,5000,0.055,1,0,0,5000,1,5000,1,0,0,14.450399999999956,11.300000000000001,20.199999999999999,28.402000000000044,443,15.88762000000003,0,0,0,FIXED_FRAMES_REACHED,0,0,0,1,0e5882746aab5ebdd4a5b1938c47a93e905eadadc276527a439da8a9a0b8fd08,WORKTREE
bch.s2.impairment.result.v1,S2_07,BURST,BCH-S200,SEGMENTED,SYNDROME_LOOKUP,200,285,0.70175438596491224,0,-1.5381486434452905,2,0,0,NONE,0,0,1,UNIFORM_RANDOM,PURE,14,ONE_BEFORE_SEGMENT_BOUNDARY,POST_HARD_DECISION_BIT_FLIP,0,5000,1000000,70000,5000,0.04912280701754386,50000,5000,0.050000000000000003,1,0,0,5000,1,5000,1,0,0,17.963760000000022,17.199999999999999,24.600000000000001,59.611000000000246,619.79999999999995,19.732780000000048,0,0,0,FIXED_FRAMES_REACHED,0,0,0,1,6bb765a907160beea9bcafbdebc1389dfa5a5d89adfdd14614fabb36a3c43c56,WORKTREE
bch.s2.impairment.result.v1,S2_07,BURST,BCH-S200,SEGMENTED,SYNDROME_LOOKUP,200,285,0.70175438596491224,0,-1.5381486434452905,2,0,0,NONE,0,0,1,UNIFORM_RANDOM,PURE,14,ON_SEGMENT_BOUNDARY,POST_HARD_DECISION_BIT_FLIP,0,5000,1000000,70000,5000,0.04912280701754386,55000,5000,0.055,1,0,0,5000,1,5000,1,0,0,15.533119999999981,15.199999999999999,22.600000000000001,37.21500000000033,354.60000000000002,17.145280000000003,0,0,0,FIXED_FRAMES_REACHED,0,0,0,1,2bf75f84956f9024ec5c015adc202010d451b7a8a343ff0ac26eb478d4dd3b2e,WORKTREE
bch.s2.impairment.result.v1,S2_07,BURST,BCH-S200,SEGMENTED,SYNDROME_LOOKUP,200,285,0.70175438596491224,0,-1.5381486434452905,2,0,0,NONE,0,0,1,UNIFORM_RANDOM,PURE,14,UNIFORM_RANDOM,POST_HARD_DECISION_BIT_FLIP,0,5000,1000000,70000,5000,0.04912280701754386,49930,5000,0.049930000000000002,1,0,0,5000,1,5000,1,0,0,15.018539999999978,11.9,24.605000000000022,37.9140000000003,374.19999999999999,16.726479999999999,0,0,0,FIXED_FRAMES_REACHED,0,0,0,1,d838e02f4ff71e5bb792bcd17df335113b34d88e1d9e9a669166323f540f388a,WORKTREE
bch.s2.impairment.result.v1,S2_07,BURST,BCH-S200,SEGMENTED,SYNDROME_LOOKUP,200,285,0.70175438596491224,0,-1.5381486434452905,2,0,0,NONE,0,0,1,UNIFORM_RANDOM,PURE,15,FRAME_START,POST_HARD_DECISION_BIT_FLIP,0,5000,1000000,75000,5000,0.052631578947368418,55000,5000,0.055,1,0,0,5000,1,5000,1,0,0,26.035719999999891,18.800000000000001,44.399999999999999,162.11800000000036,4524.6999999999998,29.599599999999981,0,0,0,FIXED_FRAMES_REACHED,0,0,0,1,b42d472cc381d80754ac45a0c3e54b9d24114e27105875f52bed46bcb6c1f40e,WORKTREE
bch.s2.impairment.result.v1,S2_07,BURST,BCH-S200,SEGMENTED,SYNDROME_LOOKUP,200,285,0.70175438596491224,0,-1.5381486434452905,2,0,0,NONE,0,0,1,UNIFORM_RANDOM,PURE,15,FRAME_END,POST_HARD_DECISION_BIT_FLIP,0,5000,1000000,75000,5000,0.052631578947368418,10000,5000,0.01,1,0,0,5000,1,5000,1,0,0,19.919139999999953,17.600000000000001,26.705000000000016,71.217000000000382,1222.2,21.979819999999997,0,0,0,FIXED_FRAMES_REACHED,0,0,0,1,8a5cf330b912ac96ace903e6ee26664d3331dbbec5aed28b3f177a8f356e7334,WORKTREE
bch.s2.impairment.result.v1,S2_07,BURST,BCH-S200,SEGMENTED,SYNDROME_LOOKUP,200,285,0.70175438596491224,0,-1.5381486434452905,2,0,0,NONE,0,0,1,UNIFORM_RANDOM,PURE,15,SEGMENT_INTERIOR,POST_HARD_DECISION_BIT_FLIP,0,5000,1000000,75000,5000,0.052631578947368418,55000,5000,0.055,1,0,0,5000,1,5000,1,0,0,21.265740000000029,17.899999999999999,29.605000000000022,97.618000000000393,3992.3000000000002,23.274460000000047,0,0,0,FIXED_FRAMES_REACHED,0,0,0,1,32c8b2dc8922c30b0ea62f1e77f188f8cdea3391f8ecb6702d9d2305c761f206,WORKTREE
bch.s2.impairment.result.v1,S2_07,BURST,BCH-S200,SEGMENTED,SYNDROME_LOOKUP,200,285,0.70175438596491224,0,-1.5381486434452905,2,0,0,NONE,0,0,1,UNIFORM_RANDOM,PURE,15,ONE_BEFORE_SEGMENT_BOUNDARY,POST_HARD_DECISION_BIT_FLIP,0,5000,1000000,75000,5000,0.052631578947368418,55000,5000,0.055,1,0,0,5000,1,5000,1,0,0,22.97702000000006,18.899999999999999,34.505000000000017,101.80700000000014,2716.5,25.256719999999891,0,0,0,FIXED_FRAMES_REACHED,0,0,0,1,636bcd632084ca09f6c13e15fbc28d491f902b0698c43ddf07472997c70b0802,WORKTREE
bch.s2.impairment.result.v1,S2_07,BURST,BCH-S200,SEGMENTED,SYNDROME_LOOKUP,200,285,0.70175438596491224,0,-1.5381486434452905,2,0,0,NONE,0,0,1,UNIFORM_RANDOM,PURE,15,ON_SEGMENT_BOUNDARY,POST_HARD_DECISION_BIT_FLIP,0,5000,1000000,75000,5000,0.052631578947368418,55000,5000,0.055,1,0,0,5000,1,5000,1,0,0,24.618000000000009,18,32.010000000000034,118.26200000000136,7333.3000000000002,27.316459999999974,0,0,0,FIXED_FRAMES_REACHED,0,0,0,1,e3d8e87a34dc9b59c5ad94c464981413fd7277d6574e27e25e6a5b69256c84ab,WORKTREE
bch.s2.impairment.result.v1,S2_07,BURST,BCH-S200,SEGMENTED,SYNDROME_LOOKUP,200,285,0.70175438596491224,0,-1.5381486434452905,2,0,0,NONE,0,0,1,UNIFORM_RANDOM,PURE,15,UNIFORM_RANDOM,POST_HARD_DECISION_BIT_FLIP,0,5000,1000000,75000,5000,0.052631578947368418,53522,5000,0.053522,1,0,0,5000,1,5000,1,0,0,26.144579999999998,19.399999999999999,39.205000000000027,127.4320000000007,3496.1999999999998,28.857680000000098,0,0,0,FIXED_FRAMES_REACHED,0,0,0,1,aec6bb36dbce8fc9af0d8779df1667183c8e1c9841a04d133e7456bfde3b0437,WORKTREE
bch.s2.impairment.result.v1,S2_07,BURST,BCH-S200,SEGMENTED,SYNDROME_LOOKUP,200,285,0.70175438596491224,0,-1.5381486434452905,2,0,0,NONE,0,0,1,UNIFORM_RANDOM,PURE,16,FRAME_START,POST_HARD_DECISION_BIT_FLIP,0,5000,1000000,80000,5000,0.056140350877192984,55000,5000,0.055,1,0,0,5000,1,5000,1,0,0,25.721699999999995,19.5,39,114.40800000000017,5704.5,28.630939999999985,0,0,0,FIXED_FRAMES_REACHED,0,0,0,1,5e9efc54d075947df1344ea642252d79ae878c4d8c81e26e375dd069a6d44eef,WORKTREE
bch.s2.impairment.result.v1,S2_07,BURST,BCH-S200,SEGMENTED,SYNDROME_LOOKUP,200,285,0.70175438596491224,0,-1.5381486434452905,2,0,0,NONE,0,0,1,UNIFORM_RANDOM,PURE,16,FRAME_END,POST_HARD_DECISION_BIT_FLIP,0,5000,1000000,80000,5000,0.056140350877192984,10000,5000,0.01,1,0,0,5000,1,5000,1,0,0,20.89750000000009,18,27.5,77.611000000000232,1032.4000000000001,23.057319999999979,0,0,0,FIXED_FRAMES_REACHED,0,0,0,1,206945f530c564e3b3ad8628bf0ec593554e38b59c4b34e88e91e2d0502152e6,WORKTREE
bch.s2.impairment.result.v1,S2_07,BURST,BCH-S200,SEGMENTED,SYNDROME_LOOKUP,200,285,0.70175438596491224,0,-1.5381486434452905,2,0,0,NONE,0,0,1,UNIFORM_RANDOM,PURE,16,SEGMENT_INTERIOR,POST_HARD_DECISION_BIT_FLIP,0,5000,1000000,80000,5000,0.056140350877192984,70000,5000,0.070000000000000007,1,0,0,5000,1,5000,1,0,0,22.119440000000182,18,29.205000000000016,84.703000000000074,3866.1999999999998,24.171240000000065,0,0,0,FIXED_FRAMES_REACHED,0,0,0,1,1d5f1406d6b914b79b731b38718659139f264aefb3b600ff3a19498f24a505fe,WORKTREE
bch.s2.impairment.result.v1,S2_07,BURST,BCH-S200,SEGMENTED,SYNDROME_LOOKUP,200,285,0.70175438596491224,0,-1.5381486434452905,2,0,0,NONE,0,0,1,UNIFORM_RANDOM,PURE,16,ONE_BEFORE_SEGMENT_BOUNDARY,POST_HARD_DECISION_BIT_FLIP,0,5000,1000000,80000,5000,0.056140350877192984,55000,5000,0.055,1,0,0,5000,1,5000,1,0,0,16.506959999999985,16.100000000000001,23.699999999999999,49.906000000000127,1530.0999999999999,18.245920000000009,0,0,0,FIXED_FRAMES_REACHED,0,0,0,1,e87d7720b3908aa1972be382cbf59f2722d6fb2ea3155130f4d06e1798ca3345,WORKTREE
bch.s2.impairment.result.v1,S2_07,BURST,BCH-S200,SEGMENTED,SYNDROME_LOOKUP,200,285,0.70175438596491224,0,-1.5381486434452905,2,0,0,NONE,0,0,1,UNIFORM_RANDOM,PURE,16,ON_SEGMENT_BOUNDARY,POST_HARD_DECISION_BIT_FLIP,0,5000,1000000,80000,5000,0.056140350877192984,55000,5000,0.055,1,0,0,5000,1,5000,1,0,0,22.261179999999957,18,30.205000000000016,95.526000000000565,2491.9000000000001,24.435800000000018,0,0,0,FIXED_FRAMES_REACHED,0,0,0,1,4f7b0db00f0e018248fb07a4d151036e5e682ac0db11f8029d491e6d32894019,WORKTREE
bch.s2.impairment.result.v1,S2_07,BURST,BCH-S200,SEGMENTED,SYNDROME_LOOKUP,200,285,0.70175438596491224,0,-1.5381486434452905,2,0,0,NONE,0,0,1,UNIFORM_RANDOM,PURE,16,UNIFORM_RANDOM,POST_HARD_DECISION_BIT_FLIP,0,5000,1000000,80000,5000,0.056140350877192984,57192,5000,0.057192,1,0,0,5000,1,5000,1,0,0,27.874300000000041,19.5,45.405000000000015,160.4180000000004,4170.1999999999998,30.468559999999897,0,0,0,FIXED_FRAMES_REACHED,0,0,0,1,89c414bcd9168c42a6acb61c1351d09e080b29dad2f5f8d04b44c7896063b118,WORKTREE
bch.s2.impairment.result.v1,S2_07,BURST,BCH-S200,SEGMENTED,SYNDROME_LOOKUP,200,285,0.70175438596491224,0,-1.5381486434452905,2,0,0,NONE,0,0,1,UNIFORM_RANDOM,PURE,20,FRAME_START,POST_HARD_DECISION_BIT_FLIP,0,5000,1000000,100000,5000,0.070175438596491224,80000,5000,0.080000000000000002,1,0,0,5000,1,5000,1,0,0,19.642579999999988,17.899999999999999,27.5,72.003000000000071,738.89999999999998,21.655519999999946,0,0,0,FIXED_FRAMES_REACHED,0,0,0,1,6bb071a81e262035fab0f3c38dfe781ca5a79e8cd10caac6a39d930b668faaa6,WORKTREE
bch.s2.impairment.result.v1,S2_07,BURST,BCH-S200,SEGMENTED,SYNDROME_LOOKUP,200,285,0.70175438596491224,0,-1.5381486434452905,2,0,0,NONE,0,0,1,UNIFORM_RANDOM,PURE,20,FRAME_END,POST_HARD_DECISION_BIT_FLIP,0,5000,1000000,100000,5000,0.070175438596491224,20000,5000,0.02,1,0,0,5000,1,5000,1,0,0,16.892919999999986,16.600000000000001,25.699999999999999,45.903000000000063,197,18.686380000000003,0,0,0,FIXED_FRAMES_REACHED,0,0,0,1,8ca46240d4cc853ee9aaf12afb354104f5d07b55dd048a8b23d48090da7fc132,WORKTREE
bch.s2.impairment.result.v1,S2_07,BURST,BCH-S200,SEGMENTED,SYNDROME_LOOKUP,200,285,0.70175438596491224,0,-1.5381486434452905,2,0,0,NONE,0,0,1,UNIFORM_RANDOM,PURE,20,SEGMENT_INTERIOR,POST_HARD_DECISION_BIT_FLIP,0,5000,1000000,100000,5000,0.070175438596491224,75000,5000,0.074999999999999997,1,0,0,5000,1,5000,1,0,0,18.087739999999958,17.300000000000001,24.399999999999999,45.410000000000217,699,19.911920000000002,0,0,0,FIXED_FRAMES_REACHED,0,0,0,1,fca4eafda546499ca15630da1300898a3f65ad1acc4563736ea8bd0811ddc524,WORKTREE
bch.s2.impairment.result.v1,S2_07,BURST,BCH-S200,SEGMENTED,SYNDROME_LOOKUP,200,285,0.70175438596491224,0,-1.5381486434452905,2,0,0,NONE,0,0,1,UNIFORM_RANDOM,PURE,20,ONE_BEFORE_SEGMENT_BOUNDARY,POST_HARD_DECISION_BIT_FLIP,0,5000,1000000,100000,5000,0.070175438596491224,80000,5000,0.080000000000000002,1,0,0,5000,1,5000,1,0,0,33.588319999999989,19.100000000000001,51.010000000000034,277.71800000000036,10778.200000000001,36.107539999999965,0,0,0,FIXED_FRAMES_REACHED,0,0,0,1,afc787ecd4d007dcb74a1919e2b4fc84601dee0b4e1e230e17362d656d776420,WORKTREE
bch.s2.impairment.result.v1,S2_07,BURST,BCH-S200,SEGMENTED,SYNDROME_LOOKUP,200,285,0.70175438596491224,0,-1.5381486434452905,2,0,0,NONE,0,0,1,UNIFORM_RANDOM,PURE,20,ON_SEGMENT_BOUNDARY,POST_HARD_DECISION_BIT_FLIP,0,5000,1000000,100000,5000,0.070175438596491224,80000,5000,0.080000000000000002,1,0,0,5000,1,5000,1,0,0,26.102740000000022,19.399999999999999,52.305000000000014,158.97600000000168,1437.4000000000001,28.848320000000054,0,0,0,FIXED_FRAMES_REACHED,0,0,0,1,94730ff9ab26b57d00ee03baa23d9512b62ede74b344940718dbc7e24befce9c,WORKTREE
bch.s2.impairment.result.v1,S2_07,BURST,BCH-S200,SEGMENTED,SYNDROME_LOOKUP,200,285,0.70175438596491224,0,-1.5381486434452905,2,0,0,NONE,0,0,1,UNIFORM_RANDOM,PURE,20,UNIFORM_RANDOM,POST_HARD_DECISION_BIT_FLIP,0,5000,1000000,100000,5000,0.070175438596491224,72057,5000,0.072056999999999996,1,0,0,5000,1,5000,1,0,0,20.502999999999929,17.600000000000001,26.800000000000001,69.22800000000062,4968.8000000000002,24.112560000000034,0,0,0,FIXED_FRAMES_REACHED,0,0,0,1,659af9463246335c797187c08627e9fce1726d0bbb4f0d0845bb4659db927e73,WORKTREE
bch.s2.impairment.result.v1,S2_07,BURST,BCH-S200,SEGMENTED,SYNDROME_LOOKUP,200,285,0.70175438596491224,0,-1.5381486434452905,2,0,0,NONE,0,0,1,UNIFORM_RANDOM,PURE,24,FRAME_START,POST_HARD_DECISION_BIT_FLIP,0,5000,1000000,120000,5000,0.084210526315789472,95000,5000,0.095000000000000001,1,0,0,5000,1,5000,1,0,0,20.651260000000075,17.800000000000001,27.105000000000022,84.003000000000071,1043,22.792820000000003,0,0,0,FIXED_FRAMES_REACHED,0,0,0,1,928ec626f3474c43b197f581f7ff86f766ff15f0b3ce71abb8b61d82f04b201e,WORKTREE
bch.s2.impairment.result.v1,S2_07,BURST,BCH-S200,SEGMENTED,SYNDROME_LOOKUP,200,285,0.70175438596491224,0,-1.5381486434452905,2,0,0,NONE,0,0,1,UNIFORM_RANDOM,PURE,24,FRAME_END,POST_HARD_DECISION_BIT_FLIP,0,5000,1000000,120000,5000,0.084210526315789472,35000,5000,0.035000000000000003,1,0,0,5000,1,5000,1,0,0,19.539580000000086,18.100000000000001,27.199999999999999,57.307000000000151,697.29999999999995,21.617759999999965,0,0,0,FIXED_FRAMES_REACHED,0,0,0,1,b7e61a9f2fbe148beec336cb9b7e0d0c016dca1d77064b3147a784fb7f580fc7,WORKTREE
bch.s2.impairment.result.v1,S2_07,BURST,BCH-S200,SEGMENTED,SYNDROME_LOOKUP,200,285,0.70175438596491224,0,-1.5381486434452905,2,0,0,NONE,0,0,1,UNIFORM_RANDOM,PURE,24,SEGMENT_INTERIOR,POST_HARD_DECISION_BIT_FLIP,0,5000,1000000,120000,5000,0.084210526315789472,80000,5000,0.080000000000000002,1,0,0,5000,1,5000,1,0,0,17.497699999999998,16.699999999999999,24.600000000000001,43.600000000000001,1760.4000000000001,19.250479999999982,0,0,0,FIXED_FRAMES_REACHED,0,0,0,1,d9925a5b683367bf4ca3fb70a7279a6d9065e9e26ada4f5bf53b68f8d8a77a27,WORKTREE
bch.s2.impairment.result.v1,S2_07,BURST,BCH-S200,SEGMENTED,SYNDROME_LOOKUP,200,285,0.70175438596491224,0,-1.5381486434452905,2,0,0,NONE,0,0,1,UNIFORM_RANDOM,PURE,24,ONE_BEFORE_SEGMENT_BOUNDARY,POST_HARD_DECISION_BIT_FLIP,0,5000,1000000,120000,5000,0.084210526315789472,100000,5000,0.10000000000000001,1,0,0,5000,1,5000,1,0,0,26.906320000000054,18.899999999999999,50.905000000000015,163.42200000000051,2287.8000000000002,30.125840000000004,0,0,0,FIXED_FRAMES_REACHED,0,0,0,1,c9f2a75348f3af917c914eee824322a02f80b21e2e75553b2044c7543a0ae880,WORKTREE
bch.s2.impairment.result.v1,S2_07,BURST,BCH-S200,SEGMENTED,SYNDROME_LOOKUP,200,285,0.70175438596491224,0,-1.5381486434452905,2,0,0,NONE,0,0,1,UNIFORM_RANDOM,PURE,24,ON_SEGMENT_BOUNDARY,POST_HARD_DECISION_BIT_FLIP,0,5000,1000000,120000,5000,0.084210526315789472,95000,5000,0.095000000000000001,1,0,0,5000,1,5000,1,0,0,20.541300000000035,17.600000000000001,26.905000000000015,70.517000000000365,1154.9000000000001,24.303059999999952,0,0,0,FIXED_FRAMES_REACHED,0,0,0,1,8489d1122134a30775cf75214cd59ef8394c0536959d8530ec9fc680a4a617cd,WORKTREE
bch.s2.impairment.result.v1,S2_07,BURST,BCH-S200,SEGMENTED,SYNDROME_LOOKUP,200,285,0.70175438596491224,0,-1.5381486434452905,2,0,0,NONE,0,0,1,UNIFORM_RANDOM,PURE,24,UNIFORM_RANDOM,POST_HARD_DECISION_BIT_FLIP,0,5000,1000000,120000,5000,0.084210526315789472,86574,5000,0.086573999999999998,1,0,0,5000,1,5000,1,0,0,18.778120000000005,17.5,25.100000000000001,58.801000000000023,574.70000000000005,20.704560000000004,0,0,0,FIXED_FRAMES_REACHED,0,0,0,1,6fcd5786c19b68594ea8f7be1bc1c1881a316e027d1ff098b96d5da968ecc985,WORKTREE
bch.s2.impairment.result.v1,S2_07,BURST,BCH-S200,SEGMENTED,SYNDROME_LOOKUP,200,285,0.70175438596491224,0,-1.5381486434452905,2,0,0,NONE,0,0,1,UNIFORM_RANDOM,PURE,29,FRAME_START,POST_HARD_DECISION_BIT_FLIP,0,5000,1000000,145000,5000,0.10175438596491228,110000,5000,0.11,1,0,0,5000,1,5000,1,0,0,18.698459999999969,17.399999999999999,26.100000000000001,50.003000000000064,1402.8,20.651060000000022,0,0,0,FIXED_FRAMES_REACHED,0,0,0,1,6e2ea37d6c65028c7d19978a5ef1f63f5adbb018f7a595ccdab7443c8d1085ac,WORKTREE
bch.s2.impairment.result.v1,S2_07,BURST,BCH-S200,SEGMENTED,SYNDROME_LOOKUP,200,285,0.70175438596491224,0,-1.5381486434452905,2,0,0,NONE,0,0,1,UNIFORM_RANDOM,PURE,29,FRAME_END,POST_HARD_DECISION_BIT_FLIP,0,5000,1000000,145000,5000,0.10175438596491228,65000,5000,0.065000000000000002,1,0,0,5000,1,5000,1,0,0,27.591759999999969,19.100000000000001,41.5,144.60200000000003,4704.6000000000004,30.782139999999966,0,0,0,FIXED_FRAMES_REACHED,0,0,0,1,65d3320f3cbd36159ea6bff1969f58f5f5063ab7773320c8aa49b37e1830a89f,WORKTREE
bch.s2.impairment.result.v1,S2_07,BURST,BCH-S200,SEGMENTED,SYNDROME_LOOKUP,200,285,0.70175438596491224,0,-1.5381486434452905,2,0,0,NONE,0,0,1,UNIFORM_RANDOM,PURE,29,SEGMENT_INTERIOR,POST_HARD_DECISION_BIT_FLIP,0,5000,1000000,145000,5000,0.10175438596491228,110000,5000,0.11,1,0,0,5000,1,5000,1,0,0,28.936600000000031,19.5,46.100000000000001,192.01400000000029,3679.6999999999998,31.379660000000069,0,0,0,FIXED_FRAMES_REACHED,0,0,0,1,9080e1c4b0ec93eeb6e277b6d2e821b56f49926a9eb2ccce8cd48db35dbbeab0,WORKTREE
bch.s2.impairment.result.v1,S2_07,BURST,BCH-S200,SEGMENTED,SYNDROME_LOOKUP,200,285,0.70175438596491224,0,-1.5381486434452905,2,0,0,NONE,0,0,1,UNIFORM_RANDOM,PURE,29,ONE_BEFORE_SEGMENT_BOUNDARY,POST_HARD_DECISION_BIT_FLIP,0,5000,1000000,145000,5000,0.10175438596491228,105000,5000,0.105,1,0,0,5000,1,5000,1,0,0,19.412700000000058,17.899999999999999,25.899999999999999,57.417000000000364,1163.2,21.368279999999956,0,0,0,FIXED_FRAMES_REACHED,0,0,0,1,b77bd303b9adc6390200ab99ba014413e5144b50ab33472be41d6ad1e3b4671a,WORKTREE
bch.s2.impairment.result.v1,S2_07,BURST,BCH-S200,SEGMENTED,SYNDROME_LOOKUP,200,285,0.70175438596491224,0,-1.5381486434452905,2,0,0,NONE,0,0,1,UNIFORM_RANDOM,PURE,29,ON_SEGMENT_BOUNDARY,POST_HARD_DECISION_BIT_FLIP,0,5000,1000000,145000,5000,0.10175438596491228,110000,5000,0.11,1,0,0,5000,1,5000,1,0,0,26.558339999999955,17.399999999999999,26.005000000000017,66.507000000000147,36200.199999999997,28.582339999999981,0,0,0,FIXED_FRAMES_REACHED,0,0,0,1,a05c001146af1125658f63de537bfb5d021151ded2f4d7503a132e4f32bdfb27,WORKTREE
bch.s2.impairment.result.v1,S2_07,BURST,BCH-S200,SEGMENTED,SYNDROME_LOOKUP,200,285,0.70175438596491224,0,-1.5381486434452905,2,0,0,NONE,0,0,1,UNIFORM_RANDOM,PURE,29,UNIFORM_RANDOM,POST_HARD_DECISION_BIT_FLIP,0,5000,1000000,145000,5000,0.10175438596491228,105009,5000,0.10500900000000001,1,0,0,5000,1,5000,1,0,0,21.395740000000004,19.100000000000001,28.5,73.313000000000272,535.39999999999998,23.740800000000021,0,0,0,FIXED_FRAMES_REACHED,0,0,0,1,fd6eea836eb64cbdd9f9066ba9db8b454ce83a77292bc6bf1774b004fdce443d,WORKTREE
bch.s2.impairment.result.v1,S2_07,BURST,BCH-S200,SEGMENTED,SYNDROME_LOOKUP,200,285,0.70175438596491224,0,-1.5381486434452905,2,0,0,NONE,0,0,1,UNIFORM_RANDOM,PURE,30,FRAME_START,POST_HARD_DECISION_BIT_FLIP,0,5000,1000000,150000,5000,0.10526315789473684,110000,5000,0.11,1,0,0,5000,1,5000,1,0,0,15.287180000000001,12.699999999999999,23.005000000000017,36.706000000000131,579.70000000000005,16.971180000000015,0,0,0,FIXED_FRAMES_REACHED,0,0,0,1,379581873a525f005f4b0fe8efe4fac86093896f3c94d5c6563a0603bd2dcf78,WORKTREE
bch.s2.impairment.result.v1,S2_07,BURST,BCH-S200,SEGMENTED,SYNDROME_LOOKUP,200,285,0.70175438596491224,0,-1.5381486434452905,2,0,0,NONE,0,0,1,UNIFORM_RANDOM,PURE,30,FRAME_END,POST_HARD_DECISION_BIT_FLIP,0,5000,1000000,150000,5000,0.10526315789473684,65000,5000,0.065000000000000002,1,0,0,5000,1,5000,1,0,0,17.078060000000026,15.949999999999999,26.5,48.603000000000073,459.60000000000002,18.91840000000002,0,0,0,FIXED_FRAMES_REACHED,0,0,0,1,35ba7c9bbe258e22be5d5644ff368784e9e98ebcc33ee89884431f9e5b5276b7,WORKTREE
bch.s2.impairment.result.v1,S2_07,BURST,BCH-S200,SEGMENTED,SYNDROME_LOOKUP,200,285,0.70175438596491224,0,-1.5381486434452905,2,0,0,NONE,0,0,1,UNIFORM_RANDOM,PURE,30,SEGMENT_INTERIOR,POST_HARD_DECISION_BIT_FLIP,0,5000,1000000,150000,5000,0.10526315789473684,110000,5000,0.11,1,0,0,5000,1,5000,1,0,0,16.146879999999999,15.6,24.800000000000001,42.406000000000127,566.70000000000005,17.897560000000002,0,0,0,FIXED_FRAMES_REACHED,0,0,0,1,b7e499fbf97ad7a6ef764220e554b3a2e1e5cacd3783cf2ac60384834de32035,WORKTREE
bch.s2.impairment.result.v1,S2_07,BURST,BCH-S200,SEGMENTED,SYNDROME_LOOKUP,200,285,0.70175438596491224,0,-1.5381486434452905,2,0,0,NONE,0,0,1,UNIFORM_RANDOM,PURE,30,ONE_BEFORE_SEGMENT_BOUNDARY,POST_HARD_DECISION_BIT_FLIP,0,5000,1000000,150000,5000,0.10526315789473684,110000,5000,0.11,1,0,0,5000,1,5000,1,0,0,15.810520000000041,16.100000000000001,21.899999999999999,30.701000000000018,277.69999999999999,17.520179999999947,0,0,0,FIXED_FRAMES_REACHED,0,0,0,1,53dd16abbb17f0f96b015208b7d0c8c39531f35c1a2795d10092b1fbcebae38c,WORKTREE
bch.s2.impairment.result.v1,S2_07,BURST,BCH-S200,SEGMENTED,SYNDROME_LOOKUP,200,285,0.70175438596491224,0,-1.5381486434452905,2,0,0,NONE,0,0,1,UNIFORM_RANDOM,PURE,30,ON_SEGMENT_BOUNDARY,POST_HARD_DECISION_BIT_FLIP,0,5000,1000000,150000,5000,0.10526315789473684,110000,5000,0.11,1,0,0,5000,1,5000,1,0,0,16.958719999999978,16.5,24.199999999999999,45.005000000000109,513.29999999999995,18.861639999999966,0,0,0,FIXED_FRAMES_REACHED,0,0,0,1,bbc3850a99339de79e8980bbb95ac69e05c207cabe4b582e0a3091273e53dd8a,WORKTREE
bch.s2.impairment.result.v1,S2_07,BURST,BCH-S200,SEGMENTED,SYNDROME_LOOKUP,200,285,0.70175438596491224,0,-1.5381486434452905,2,0,0,NONE,0,0,1,UNIFORM_RANDOM,PURE,30,UNIFORM_RANDOM,POST_HARD_DECISION_BIT_FLIP,0,5000,1000000,150000,5000,0.10526315789473684,108388,5000,0.108388,1,0,0,5000,1,5000,1,0,0,15.210720000000016,14.800000000000001,21.300000000000001,32.802000000000042,172.09999999999999,16.917159999999932,0,0,0,FIXED_FRAMES_REACHED,0,0,0,1,8e35d4c6c0c054f59dd5df0e1a5ee3cc061f72df505ae8bc0cde8e003de7299b,WORKTREE
bch.s2.impairment.result.v1,S2_07,BURST,BCH-S200,SEGMENTED,SYNDROME_LOOKUP,200,285,0.70175438596491224,0,-1.5381486434452905,2,0,0,NONE,0,0,1,UNIFORM_RANDOM,PURE,31,FRAME_START,POST_HARD_DECISION_BIT_FLIP,0,5000,1000000,155000,5000,0.10877192982456141,110000,5000,0.11,1,0,0,5000,1,5000,1,0,0,16.843239999999966,16.699999999999999,23.300000000000001,37.201000000000022,1033.9000000000001,18.666600000000063,0,0,0,FIXED_FRAMES_REACHED,0,0,0,1,2f570a0e0f7e72d65ec0a0a11dc631cf635a80765744fed11b2cdf79f6519c16,WORKTREE
bch.s2.impairment.result.v1,S2_07,BURST,BCH-S200,SEGMENTED,SYNDROME_LOOKUP,200,285,0.70175438596491224,0,-1.5381486434452905,2,0,0,NONE,0,0,1,UNIFORM_RANDOM,PURE,31,FRAME_END,POST_HARD_DECISION_BIT_FLIP,0,5000,1000000,155000,5000,0.10877192982456141,65000,5000,0.065000000000000002,1,0,0,5000,1,5000,1,0,0,15.969479999999935,12.9,25.399999999999999,42.314000000000306,569,17.656860000000041,0,0,0,FIXED_FRAMES_REACHED,0,0,0,1,9f712e33704e331ccf2b2e91278e08c2c75c1f26541cd190755d334c091ff82b,WORKTREE
bch.s2.impairment.result.v1,S2_07,BURST,BCH-S200,SEGMENTED,SYNDROME_LOOKUP,200,285,0.70175438596491224,0,-1.5381486434452905,2,0,0,NONE,0,0,1,UNIFORM_RANDOM,PURE,31,SEGMENT_INTERIOR,POST_HARD_DECISION_BIT_FLIP,0,5000,1000000,155000,5000,0.10877192982456141,125000,5000,0.125,1,0,0,5000,1,5000,1,0,0,15.719620000000027,14.6,24,35.399999999999999,336.5,17.402280000000015,0,0,0,FIXED_FRAMES_REACHED,0,0,0,1,596e5ec567bbc359e1773a49160906159134bbf42f726b271a6fe5d7400f5ec0,WORKTREE
bch.s2.impairment.result.v1,S2_07,BURST,BCH-S200,SEGMENTED,SYNDROME_LOOKUP,200,285,0.70175438596491224,0,-1.5381486434452905,2,0,0,NONE,0,0,1,UNIFORM_RANDOM,PURE,31,ONE_BEFORE_SEGMENT_BOUNDARY,POST_HARD_DECISION_BIT_FLIP,0,5000,1000000,155000,5000,0.10877192982456141,110000,5000,0.11,1,0,0,5000,1,5000,1,0,0,17.020420000000087,16.199999999999999,23.399999999999999,42.508000000000173,1842.5999999999999,18.764840000000088,0,0,0,FIXED_FRAMES_REACHED,0,0,0,1,d1e439ed3e4cdb90e101b83a316612c71f77079dcf87c01d87a0852e71606e93,WORKTREE
bch.s2.impairment.result.v1,S2_07,BURST,BCH-S200,SEGMENTED,SYNDROME_LOOKUP,200,285,0.70175438596491224,0,-1.5381486434452905,2,0,0,NONE,0,0,1,UNIFORM_RANDOM,PURE,31,ON_SEGMENT_BOUNDARY,POST_HARD_DECISION_BIT_FLIP,0,5000,1000000,155000,5000,0.10877192982456141,110000,5000,0.11,1,0,0,5000,1,5000,1,0,0,16.773140000000016,16.399999999999999,24.399999999999999,49.705000000000112,304,18.649560000000104,0,0,0,FIXED_FRAMES_REACHED,0,0,0,1,e205f829af1fa85b3e2a4d10b98b1fb8236be06ff048c7c9c3d814735805287d,WORKTREE
bch.s2.impairment.result.v1,S2_07,BURST,BCH-S200,SEGMENTED,SYNDROME_LOOKUP,200,285,0.70175438596491224,0,-1.5381486434452905,2,0,0,NONE,0,0,1,UNIFORM_RANDOM,PURE,31,UNIFORM_RANDOM,POST_HARD_DECISION_BIT_FLIP,0,5000,1000000,155000,5000,0.10877192982456141,112106,5000,0.112106,1,0,0,5000,1,5000,1,0,0,14.796459999999948,12.4,20.800000000000001,27.699999999999999,420.60000000000002,16.382260000000041,0,0,0,FIXED_FRAMES_REACHED,0,0,0,1,3fbe7409240cbb4af2afa99e99396e100d7e69e634333bb28a1153c28148b632,WORKTREE
bch.s2.impairment.result.v1,S2_07,BURST,BCH-S200,SEGMENTED,SYNDROME_LOOKUP,200,285,0.70175438596491224,0,-1.5381486434452905,2,0,0,NONE,0,0,1,UNIFORM_RANDOM,PURE,32,FRAME_START,POST_HARD_DECISION_BIT_FLIP,0,5000,1000000,160000,5000,0.11228070175438597,120000,5000,0.12,1,0,0,5000,1,5000,1,0,0,19.322600000000016,17,24.899999999999999,70.105000000000103,1597.3,21.15157999999996,0,0,0,FIXED_FRAMES_REACHED,0,0,0,1,33de7bb81b6041d3e21ffa508e8fcf8525c87705de0fa704d236e6fed5028ddd,WORKTREE
bch.s2.impairment.result.v1,S2_07,BURST,BCH-S200,SEGMENTED,SYNDROME_LOOKUP,200,285,0.70175438596491224,0,-1.5381486434452905,2,0,0,NONE,0,0,1,UNIFORM_RANDOM,PURE,32,FRAME_END,POST_HARD_DECISION_BIT_FLIP,0,5000,1000000,160000,5000,0.11228070175438597,70000,5000,0.070000000000000007,1,0,0,5000,1,5000,1,0,0,21.377999999999957,18.600000000000001,27,79.601000000000013,2735.9000000000001,23.529220000000038,0,0,0,FIXED_FRAMES_REACHED,0,0,0,1,6804999a63f3275e2c989f56f3518dd295f9035184023d735adf24636c67d935,WORKTREE
bch.s2.impairment.result.v1,S2_07,BURST,BCH-S200,SEGMENTED,SYNDROME_LOOKUP,200,285,0.70175438596491224,0,-1.5381486434452905,2,0,0,NONE,0,0,1,UNIFORM_RANDOM,PURE,32,SEGMENT_INTERIOR,POST_HARD_DECISION_BIT_FLIP,0,5000,1000000,160000,5000,0.11228070175438597,120000,5000,0.12,1,0,0,5000,1,5000,1,0,0,15.566920000000003,12.9,25.505000000000017,39.115000000000329,254.5,17.219059999999995,0,0,0,FIXED_FRAMES_REACHED,0,0,0,1,37ba2e8262fcdbdf6868b5062e01683baf8f840fe02221d43bfd54ff3843bc8b,WORKTREE
bch.s2.impairment.result.v1,S2_07,BURST,BCH-S200,SEGMENTED,SYNDROME_LOOKUP,200,285,0.70175438596491224,0,-1.5381486434452905,2,0,0,NONE,0,0,1,UNIFORM_RANDOM,PURE,32,ONE_BEFORE_SEGMENT_BOUNDARY,POST_HARD_DECISION_BIT_FLIP,0,5000,1000000,160000,5000,0.11228070175438597,110000,5000,0.11,1,0,0,5000,1,5000,1,0,0,19.053560000000015,17.300000000000001,27.110000000000039,74.102000000000046,712.10000000000002,20.995680000000014,0,0,0,FIXED_FRAMES_REACHED,0,0,0,1,b33651a50ea80c82e4de047b6a182aaf6e6b85d1b2c0fdaadafa8ed078180860,WORKTREE
bch.s2.impairment.result.v1,S2_07,BURST,BCH-S200,SEGMENTED,SYNDROME_LOOKUP,200,285,0.70175438596491224,0,-1.5381486434452905,2,0,0,NONE,0,0,1,UNIFORM_RANDOM,PURE,32,ON_SEGMENT_BOUNDARY,POST_HARD_DECISION_BIT_FLIP,0,5000,1000000,160000,5000,0.11228070175438597,120000,5000,0.12,1,0,0,5000,1,5000,1,0,0,15.527799999999999,15.6,21.905000000000015,32.600000000000001,338.69999999999999,17.180780000000045,0,0,0,FIXED_FRAMES_REACHED,0,0,0,1,763e587828f907749997af35914e5312bb531d8a0f78c3563560c612c16c7eed,WORKTREE
bch.s2.impairment.result.v1,S2_07,BURST,BCH-S200,SEGMENTED,SYNDROME_LOOKUP,200,285,0.70175438596491224,0,-1.5381486434452905,2,0,0,NONE,0,0,1,UNIFORM_RANDOM,PURE,32,UNIFORM_RANDOM,POST_HARD_DECISION_BIT_FLIP,0,5000,1000000,160000,5000,0.11228070175438597,115831,5000,0.115831,1,0,0,5000,1,5000,1,0,0,15.176439999999987,11.800000000000001,22.800000000000001,37.101000000000028,299,16.805399999999967,0,0,0,FIXED_FRAMES_REACHED,0,0,0,1,9887ca9c8867cc14382b30702ab2a15328fc4fa7165e9b71a972b6650b15806e,WORKTREE
bch.s2.impairment.result.v1,S2_07,BURST,BCH-S200,SEGMENTED,SYNDROME_LOOKUP,200,285,0.70175438596491224,0,-1.5381486434452905,2,0,0,NONE,0,0,1,UNIFORM_RANDOM,PURE,48,FRAME_START,POST_HARD_DECISION_BIT_FLIP,0,5000,1000000,240000,5000,0.16842105263157894,185000,5000,0.185,1,0,0,5000,1,5000,1,0,0,14.986219999999982,14.5,21.100000000000001,28.802000000000046,340.39999999999998,16.590920000000022,0,0,0,FIXED_FRAMES_REACHED,0,0,0,1,3765e453effc19f2b5c98d0406f4d85cd782f598dfe14c5992dd38654a071d67,WORKTREE
bch.s2.impairment.result.v1,S2_07,BURST,BCH-S200,SEGMENTED,SYNDROME_LOOKUP,200,285,0.70175438596491224,0,-1.5381486434452905,2,0,0,NONE,0,0,1,UNIFORM_RANDOM,PURE,48,FRAME_END,POST_HARD_DECISION_BIT_FLIP,0,5000,1000000,240000,5000,0.16842105263157894,125000,5000,0.125,1,0,0,5000,1,5000,1,0,0,14.558740000000007,11.300000000000001,21.899999999999999,32.915000000000326,752.10000000000002,16.069740000000039,0,0,0,FIXED_FRAMES_REACHED,0,0,0,1,6342ad2f69141889215eb8d36b08a152e148e3c12ba42e35e8142ac15c39a5d5,WORKTREE
bch.s2.impairment.result.v1,S2_07,BURST,BCH-S200,SEGMENTED,SYNDROME_LOOKUP,200,285,0.70175438596491224,0,-1.5381486434452905,2,0,0,NONE,0,0,1,UNIFORM_RANDOM,PURE,48,SEGMENT_INTERIOR,POST_HARD_DECISION_BIT_FLIP,0,5000,1000000,240000,5000,0.16842105263157894,180000,5000,0.17999999999999999,1,0,0,5000,1,5000,1,0,0,14.301219999999986,11.4,23.100000000000001,30.5,378.39999999999998,15.914860000000035,0,0,0,FIXED_FRAMES_REACHED,0,0,0,1,6d3ba1c90f76444577c1e0470bc276af5c3f2f9a538c02e2d8b08ca638f1838d,WORKTREE
bch.s2.impairment.result.v1,S2_07,BURST,BCH-S200,SEGMENTED,SYNDROME_LOOKUP,200,285,0.70175438596491224,0,-1.5381486434452905,2,0,0,NONE,0,0,1,UNIFORM_RANDOM,PURE,48,ONE_BEFORE_SEGMENT_BOUNDARY,POST_HARD_DECISION_BIT_FLIP,0,5000,1000000,240000,5000,0.16842105263157894,175000,5000,0.17499999999999999,1,0,0,5000,1,5000,1,0,0,15.053519999999986,14,21.100000000000001,33.708000000000176,450.89999999999998,16.652220000000032,0,0,0,FIXED_FRAMES_REACHED,0,0,0,1,94f248d4855c4703d5e38cd0e809cfe5f12c01d4feac7ec8b2836aeb946d412e,WORKTREE
bch.s2.impairment.result.v1,S2_07,BURST,BCH-S200,SEGMENTED,SYNDROME_LOOKUP,200,285,0.70175438596491224,0,-1.5381486434452905,2,0,0,NONE,0,0,1,UNIFORM_RANDOM,PURE,48,ON_SEGMENT_BOUNDARY,POST_HARD_DECISION_BIT_FLIP,0,5000,1000000,240000,5000,0.16842105263157894,185000,5000,0.185,1,0,0,5000,1,5000,1,0,0,15.80649999999995,15.800000000000001,21.800000000000001,44.101000000000028,307.19999999999999,17.500279999999982,0,0,0,FIXED_FRAMES_REACHED,0,0,0,1,078feb95290bc63679efa01d1a4bac98a7d32b5e07d0659d04e00f3b40661f76,WORKTREE
bch.s2.impairment.result.v1,S2_07,BURST,BCH-S200,SEGMENTED,SYNDROME_LOOKUP,200,285,0.70175438596491224,0,-1.5381486434452905,2,0,0,NONE,0,0,1,UNIFORM_RANDOM,PURE,48,UNIFORM_RANDOM,POST_HARD_DECISION_BIT_FLIP,0,5000,1000000,240000,5000,0.16842105263157894,174369,5000,0.174369,1,0,0,5000,1,5000,1,0,0,16.349279999999904,16.699999999999999,23.800000000000001,46.802000000000042,266.60000000000002,18.158859999999976,0,0,0,FIXED_FRAMES_REACHED,0,0,0,1,43eff47bf31c5664de9b410df323cff8dc4365e72b2da0c8f5c50d1c9253a049,WORKTREE
bch.s2.impairment.result.v1,S2_07,BURST,BCH-S200,SEGMENTED,SYNDROME_LOOKUP,200,285,0.70175438596491224,0,-1.5381486434452905,2,0,0,NONE,0,0,1,UNIFORM_RANDOM,PURE,64,FRAME_START,POST_HARD_DECISION_BIT_FLIP,0,5000,1000000,320000,5000,0.22456140350877193,245000,5000,0.245,1,0,0,5000,1,5000,1,0,0,16.287420000000008,12.9,24.800000000000001,51.802000000000042,498.30000000000001,18.012080000000044,0,0,0,FIXED_FRAMES_REACHED,0,0,0,1,930c8cbb557f05c0f1828da100c04fa0391be5ee14f61fde91f42386238b73cf,WORKTREE
bch.s2.impairment.result.v1,S2_07,BURST,BCH-S200,SEGMENTED,SYNDROME_LOOKUP,200,285,0.70175438596491224,0,-1.5381486434452905,2,0,0,NONE,0,0,1,UNIFORM_RANDOM,PURE,64,FRAME_END,POST_HARD_DECISION_BIT_FLIP,0,5000,1000000,320000,5000,0.22456140350877193,180000,5000,0.17999999999999999,1,0,0,5000,1,5000,1,0,0,17.066799999999965,15.5,26.600000000000001,48.299999999999997,733.29999999999995,18.981380000000044,0,0,0,FIXED_FRAMES_REACHED,0,0,0,1,44ac12b4a545b3ff9d18a546a68ea4f795827ada91ded4232119e6d1fea7b74b,WORKTREE
bch.s2.impairment.result.v1,S2_07,BURST,BCH-S200,SEGMENTED,SYNDROME_LOOKUP,200,285,0.70175438596491224,0,-1.5381486434452905,2,0,0,NONE,0,0,1,UNIFORM_RANDOM,PURE,64,SEGMENT_INTERIOR,POST_HARD_DECISION_BIT_FLIP,0,5000,1000000,320000,5000,0.22456140350877193,240000,5000,0.23999999999999999,1,0,0,5000,1,5000,1,0,0,26.330539999999985,18,45.015000000000057,149.10300000000004,12079.1,30.449579999999987,0,0,0,FIXED_FRAMES_REACHED,0,0,0,1,2cbbb60500254b62351729510b456e6c3bcbb45584dcb5b2963b7a73c3e52491,WORKTREE
bch.s2.impairment.result.v1,S2_07,BURST,BCH-S200,SEGMENTED,SYNDROME_LOOKUP,200,285,0.70175438596491224,0,-1.5381486434452905,2,0,0,NONE,0,0,1,UNIFORM_RANDOM,PURE,64,ONE_BEFORE_SEGMENT_BOUNDARY,POST_HARD_DECISION_BIT_FLIP,0,5000,1000000,320000,5000,0.22456140350877193,240000,5000,0.23999999999999999,1,0,0,5000,1,5000,1,0,0,19.387819999999973,18.100000000000001,27.300000000000001,59.607000000000156,694.20000000000005,21.504340000000028,0,0,0,FIXED_FRAMES_REACHED,0,0,0,1,c6803cca860046c0c82ac0199ab4ad606dfe4d38dd3c6e31ad53a079339ff1a3,WORKTREE
bch.s2.impairment.result.v1,S2_07,BURST,BCH-S200,SEGMENTED,SYNDROME_LOOKUP,200,285,0.70175438596491224,0,-1.5381486434452905,2,0,0,NONE,0,0,1,UNIFORM_RANDOM,PURE,64,ON_SEGMENT_BOUNDARY,POST_HARD_DECISION_BIT_FLIP,0,5000,1000000,320000,5000,0.22456140350877193,245000,5000,0.245,1,0,0,5000,1,5000,1,0,0,18.017879999999987,16.699999999999999,25.305000000000021,65.210000000000221,473.60000000000002,19.862920000000013,0,0,0,FIXED_FRAMES_REACHED,0,0,0,1,5eb2be77f932a1d301d50262a8ea27a4fce384b23658bb56f6931bcbc3884447,WORKTREE
bch.s2.impairment.result.v1,S2_07,BURST,BCH-S200,SEGMENTED,SYNDROME_LOOKUP,200,285,0.70175438596491224,0,-1.5381486434452905,2,0,0,NONE,0,0,1,UNIFORM_RANDOM,PURE,64,UNIFORM_RANDOM,POST_HARD_DECISION_BIT_FLIP,0,5000,1000000,320000,5000,0.22456140350877193,232882,5000,0.23288200000000001,1,0,0,5000,1,5000,1,0,0,14.875419999999911,12,21.199999999999999,30.803000000000068,347.30000000000001,16.531019999999991,0,0,0,FIXED_FRAMES_REACHED,0,0,0,1,e353ea655428d7f2a0575d165a1a33138c34240f0401fe8430efc3bd11385a0c,WORKTREE
bch.s2.impairment.result.v1,S2_07,BURST,BCH-B200,WHOLE_BLOCK_SHORTENED,BERLEKAMP_MASSEY_CHIEN,200,248,0.80645161290322576,0,-0.93421685162235091,2,0,0,NONE,0,0,1,UNIFORM_RANDOM,PURE,1,FRAME_START,POST_HARD_DECISION_BIT_FLIP,0,5000,1000000,5000,5000,0.0040322580645161289,0,0,0,0,5000,1,5000,1,0,0,0,0,23.494760000000056,20.399999999999999,33.899999999999999,55.912000000000255,410.39999999999998,24.834319999999991,0,0,0,FIXED_FRAMES_REACHED,0,0,0,1,e16ac99ef163d018a2d8c4ef1d0726205224934efd02d256d2ad25cb9e6eac3a,WORKTREE
bch.s2.impairment.result.v1,S2_07,BURST,BCH-B200,WHOLE_BLOCK_SHORTENED,BERLEKAMP_MASSEY_CHIEN,200,248,0.80645161290322576,0,-0.93421685162235091,2,0,0,NONE,0,0,1,UNIFORM_RANDOM,PURE,1,FRAME_END,POST_HARD_DECISION_BIT_FLIP,0,5000,1000000,5000,5000,0.0040322580645161289,0,0,0,0,5000,1,5000,1,0,0,0,0,27.064339999999966,26.100000000000001,35.899999999999999,64.908000000000172,846,29.157159999999926,0,0,0,FIXED_FRAMES_REACHED,0,0,0,1,67a1f36b16ef7649b2fe597a5bdd9ec8ddc080d5057e6cf8fdd8572249b55bb2,WORKTREE
bch.s2.impairment.result.v1,S2_07,BURST,BCH-B200,WHOLE_BLOCK_SHORTENED,BERLEKAMP_MASSEY_CHIEN,200,248,0.80645161290322576,0,-0.93421685162235091,2,0,0,NONE,0,0,1,UNIFORM_RANDOM,PURE,1,SEGMENT_INTERIOR,POST_HARD_DECISION_BIT_FLIP,0,5000,1000000,5000,5000,0.0040322580645161289,0,0,0,0,5000,1,5000,1,0,0,0,0,32.094780000000029,27.399999999999999,41.705000000000027,135.00100000000003,2139.0999999999999,33.864240000000038,0,0,0,FIXED_FRAMES_REACHED,0,0,0,1,17cc22a213f3d1efdaad9113960c97afa006a2fe84f5f340730f832c7d92c259,WORKTREE
bch.s2.impairment.result.v1,S2_07,BURST,BCH-B200,WHOLE_BLOCK_SHORTENED,BERLEKAMP_MASSEY_CHIEN,200,248,0.80645161290322576,0,-0.93421685162235091,2,0,0,NONE,0,0,1,UNIFORM_RANDOM,PURE,1,ONE_BEFORE_SEGMENT_BOUNDARY,POST_HARD_DECISION_BIT_FLIP,0,5000,1000000,5000,5000,0.0040322580645161289,0,0,0,0,5000,1,5000,1,0,0,0,0,30.468520000000055,27.300000000000001,44.205000000000027,109.61000000000021,604.5,32.277440000000063,0,0,0,FIXED_FRAMES_REACHED,0,0,0,1,be97df9f4b1d2eaafde7e8ede0b7f503b954bf5507957203349e5f9dbf369839,WORKTREE
bch.s2.impairment.result.v1,S2_07,BURST,BCH-B200,WHOLE_BLOCK_SHORTENED,BERLEKAMP_MASSEY_CHIEN,200,248,0.80645161290322576,0,-0.93421685162235091,2,0,0,NONE,0,0,1,UNIFORM_RANDOM,PURE,1,ON_SEGMENT_BOUNDARY,POST_HARD_DECISION_BIT_FLIP,0,5000,1000000,5000,5000,0.0040322580645161289,0,0,0,0,5000,1,5000,1,0,0,0,0,24.56595999999994,21.199999999999999,33.600000000000001,62.505000000000109,374.60000000000002,25.980260000000005,0,0,0,FIXED_FRAMES_REACHED,0,0,0,1,56e36999e78727e81040d1ed9f85d5684c1a1be3f52768ecf2eb86d6c6795476,WORKTREE
bch.s2.impairment.result.v1,S2_07,BURST,BCH-B200,WHOLE_BLOCK_SHORTENED,BERLEKAMP_MASSEY_CHIEN,200,248,0.80645161290322576,0,-0.93421685162235091,2,0,0,NONE,0,0,1,UNIFORM_RANDOM,PURE,1,UNIFORM_RANDOM,POST_HARD_DECISION_BIT_FLIP,0,5000,1000000,5000,5000,0.0040322580645161289,0,0,0,0,5000,1,5000,1,0,0,0,0,41.754499999999922,28.199999999999999,71.610000000000028,287.73900000000083,3572.3000000000002,44.273260000000001,0,0,0,FIXED_FRAMES_REACHED,0,0,0,1,942a9e5866b58003505175481fc158b0a7f85ad27e8945e6674085b070ca312b,WORKTREE
bch.s2.impairment.result.v1,S2_07,BURST,BCH-B200,WHOLE_BLOCK_SHORTENED,BERLEKAMP_MASSEY_CHIEN,200,248,0.80645161290322576,0,-0.93421685162235091,2,0,0,NONE,0,0,1,UNIFORM_RANDOM,PURE,2,FRAME_START,POST_HARD_DECISION_BIT_FLIP,0,5000,1000000,10000,5000,0.0080645161290322578,0,0,0,0,5000,1,5000,1,0,0,0,0,28.663139999999867,28,38.200000000000003,65.401000000000025,540.79999999999995,30.151019999999932,0,0,0,FIXED_FRAMES_REACHED,0,0,0,1,89a4747b9f4d1a3768a6b78fa132f2562c39d3fd10a73ca4b57fd3b51c7d9440,WORKTREE
bch.s2.impairment.result.v1,S2_07,BURST,BCH-B200,WHOLE_BLOCK_SHORTENED,BERLEKAMP_MASSEY_CHIEN,200,248,0.80645161290322576,0,-0.93421685162235091,2,0,0,NONE,0,0,1,UNIFORM_RANDOM,PURE,2,FRAME_END,POST_HARD_DECISION_BIT_FLIP,0,5000,1000000,10000,5000,0.0080645161290322578,0,0,0,0,5000,1,5000,1,0,0,0,0,28.1782,27.199999999999999,37.399999999999999,63.517000000000372,390.69999999999999,29.599659999999979,0,0,0,FIXED_FRAMES_REACHED,0,0,0,1,ce6a09a1e6363c195d6670cca59f122f378209528340f404695c0f24ba02c74a,WORKTREE
bch.s2.impairment.result.v1,S2_07,BURST,BCH-B200,WHOLE_BLOCK_SHORTENED,BERLEKAMP_MASSEY_CHIEN,200,248,0.80645161290322576,0,-0.93421685162235091,2,0,0,NONE,0,0,1,UNIFORM_RANDOM,PURE,2,SEGMENT_INTERIOR,POST_HARD_DECISION_BIT_FLIP,0,5000,1000000,10000,5000,0.0080645161290322578,0,0,0,0,5000,1,5000,1,0,0,0,0,26.720380000000052,24.399999999999999,36.899999999999999,54.503000000000064,407.69999999999999,28.098199999999952,0,0,0,FIXED_FRAMES_REACHED,0,0,0,1,5a6ad0e63e49e00c25751afd2071c276e4085781f7de355fe9915adf728ddc55,WORKTREE
bch.s2.impairment.result.v1,S2_07,BURST,BCH-B200,WHOLE_BLOCK_SHORTENED,BERLEKAMP_MASSEY_CHIEN,200,248,0.80645161290322576,0,-0.93421685162235091,2,0,0,NONE,0,0,1,UNIFORM_RANDOM,PURE,2,ONE_BEFORE_SEGMENT_BOUNDARY,POST_HARD_DECISION_BIT_FLIP,0,5000,1000000,10000,5000,0.0080645161290322578,0,0,0,0,5000,1,5000,1,0,0,0,0,32.594320000000124,29.199999999999999,45.399999999999999,105.71000000000022,822,34.658819999999984,0,0,0,FIXED_FRAMES_REACHED,0,0,0,1,cd46635ff890d4a43af68e0c3239152a4ef8ce1794c93172c43cbddc1e6c501d,WORKTREE
bch.s2.impairment.result.v1,S2_07,BURST,BCH-B200,WHOLE_BLOCK_SHORTENED,BERLEKAMP_MASSEY_CHIEN,200,248,0.80645161290322576,0,-0.93421685162235091,2,0,0,NONE,0,0,1,UNIFORM_RANDOM,PURE,2,ON_SEGMENT_BOUNDARY,POST_HARD_DECISION_BIT_FLIP,0,5000,1000000,10000,5000,0.0080645161290322578,0,0,0,0,5000,1,5000,1,0,0,0,0,37.69102000000008,30.600000000000001,67.210000000000036,190.72100000000046,1877.3,40.07215999999994,0,0,0,FIXED_FRAMES_REACHED,0,0,0,1,db777fc6bd0a9160c21e3c837249ae5046c8bb6467caf14e942ede4c5dd0dc33,WORKTREE
bch.s2.impairment.result.v1,S2_07,BURST,BCH-B200,WHOLE_BLOCK_SHORTENED,BERLEKAMP_MASSEY_CHIEN,200,248,0.80645161290322576,0,-0.93421685162235091,2,0,0,NONE,0,0,1,UNIFORM_RANDOM,PURE,2,UNIFORM_RANDOM,POST_HARD_DECISION_BIT_FLIP,0,5000,1000000,10000,5000,0.0080645161290322578,0,0,0,0,5000,1,5000,1,0,0,0,0,27.282739999999944,25.699999999999999,36.899999999999999,59.301000000000023,676.79999999999995,28.748819999999913,0,0,0,FIXED_FRAMES_REACHED,0,0,0,1,2ebcc77107670c9601717be4a7314ffedb67f3192c895a2c2944c00480c0138d,WORKTREE
bch.s2.impairment.result.v1,S2_07,BURST,BCH-B200,WHOLE_BLOCK_SHORTENED,BERLEKAMP_MASSEY_CHIEN,200,248,0.80645161290322576,0,-0.93421685162235091,2,0,0,NONE,0,0,1,UNIFORM_RANDOM,PURE,3,FRAME_START,POST_HARD_DECISION_BIT_FLIP,0,5000,1000000,15000,5000,0.012096774193548387,0,0,0,0,5000,1,5000,1,0,0,0,0,30.416760000000078,28.699999999999999,39.200000000000003,75.603000000000065,1041.7,31.810739999999967,0,0,0,FIXED_FRAMES_REACHED,0,0,0,1,26aa0a49cf4595e60eaef5510fad9e87beb2322c98bd74dd38df73bd5bc84349,WORKTREE
bch.s2.impairment.result.v1,S2_07,BURST,BCH-B200,WHOLE_BLOCK_SHORTENED,BERLEKAMP_MASSEY_CHIEN,200,248,0.80645161290322576,0,-0.93421685162235091,2,0,0,NONE,0,0,1,UNIFORM_RANDOM,PURE,3,FRAME_END,POST_HARD_DECISION_BIT_FLIP,0,5000,1000000,15000,5000,0.012096774193548387,0,0,0,0,5000,1,5000,1,0,0,0,0,28.667959999999976,27.199999999999999,38.5,64.009000000000199,401.89999999999998,30.058799999999994,0,0,0,FIXED_FRAMES_REACHED,0,0,0,1,cab7f099a74761a7e8adfdb517b1e9c6696ef5fc30217c1ff1a2a8b595514d0a,WORKTREE
bch.s2.impairment.result.v1,S2_07,BURST,BCH-B200,WHOLE_BLOCK_SHORTENED,BERLEKAMP_MASSEY_CHIEN,200,248,0.80645161290322576,0,-0.93421685162235091,2,0,0,NONE,0,0,1,UNIFORM_RANDOM,PURE,3,SEGMENT_INTERIOR,POST_HARD_DECISION_BIT_FLIP,0,5000,1000000,15000,5000,0.012096774193548387,0,0,0,0,5000,1,5000,1,0,0,0,0,38.506299999999975,31.399999999999999,58.725000000000094,169.91400000000033,3043.5,40.493539999999967,0,0,0,FIXED_FRAMES_REACHED,0,0,0,1,3653f65e086838785934ff6bf8d7a277913b16dbd599a5401cf8af453e60390c,WORKTREE
bch.s2.impairment.result.v1,S2_07,BURST,BCH-B200,WHOLE_BLOCK_SHORTENED,BERLEKAMP_MASSEY_CHIEN,200,248,0.80645161290322576,0,-0.93421685162235091,2,0,0,NONE,0,0,1,UNIFORM_RANDOM,PURE,3,ONE_BEFORE_SEGMENT_BOUNDARY,POST_HARD_DECISION_BIT_FLIP,0,5000,1000000,15000,5000,0.012096774193548387,0,0,0,0,5000,1,5000,1,0,0,0,0,35.268100000000032,31,57.005000000000017,136.601,974.89999999999998,37.078460000000071,0,0,0,FIXED_FRAMES_REACHED,0,0,0,1,fbdbc57567fbca0e2a9278c457959b03f1c06b06f9906c54b9e1cb82d50885a4,WORKTREE
bch.s2.impairment.result.v1,S2_07,BURST,BCH-B200,WHOLE_BLOCK_SHORTENED,BERLEKAMP_MASSEY_CHIEN,200,248,0.80645161290322576,0,-0.93421685162235091,2,0,0,NONE,0,0,1,UNIFORM_RANDOM,PURE,3,ON_SEGMENT_BOUNDARY,POST_HARD_DECISION_BIT_FLIP,0,5000,1000000,15000,5000,0.012096774193548387,0,0,0,0,5000,1,5000,1,0,0,0,0,31.823040000000077,30.600000000000001,41.100000000000001,83.503000000000071,559.89999999999998,33.401620000000015,0,0,0,FIXED_FRAMES_REACHED,0,0,0,1,bbf3080a76500a23dc281caa9b71234888784739d42dc499a6dae5f837626ae9,WORKTREE
bch.s2.impairment.result.v1,S2_07,BURST,BCH-B200,WHOLE_BLOCK_SHORTENED,BERLEKAMP_MASSEY_CHIEN,200,248,0.80645161290322576,0,-0.93421685162235091,2,0,0,NONE,0,0,1,UNIFORM_RANDOM,PURE,3,UNIFORM_RANDOM,POST_HARD_DECISION_BIT_FLIP,0,5000,1000000,15000,5000,0.012096774193548387,0,0,0,0,5000,1,5000,1,0,0,0,0,29.516100000000023,25.199999999999999,39.799999999999997,81.639000000000848,765.70000000000005,30.965299999999917,0,0,0,FIXED_FRAMES_REACHED,0,0,0,1,c8da27a0b318b9c0f8c6ddfa19678cb1e339b16292e960f4f9b27ba412330886,WORKTREE
bch.s2.impairment.result.v1,S2_07,BURST,BCH-B200,WHOLE_BLOCK_SHORTENED,BERLEKAMP_MASSEY_CHIEN,200,248,0.80645161290322576,0,-0.93421685162235091,2,0,0,NONE,0,0,1,UNIFORM_RANDOM,PURE,4,FRAME_START,POST_HARD_DECISION_BIT_FLIP,0,5000,1000000,20000,5000,0.016129032258064516,0,0,0,0,5000,1,5000,1,0,0,0,0,34.943719999999885,32.799999999999997,46.005000000000017,102.00800000000018,526.70000000000005,36.551380000000023,0,0,0,FIXED_FRAMES_REACHED,0,0,0,1,9ef8955e798daafd1544752604038d6307145b07a9a1d6985828ad32d812f932,WORKTREE
bch.s2.impairment.result.v1,S2_07,BURST,BCH-B200,WHOLE_BLOCK_SHORTENED,BERLEKAMP_MASSEY_CHIEN,200,248,0.80645161290322576,0,-0.93421685162235091,2,0,0,NONE,0,0,1,UNIFORM_RANDOM,PURE,4,FRAME_END,POST_HARD_DECISION_BIT_FLIP,0,5000,1000000,20000,5000,0.016129032258064516,0,0,0,0,5000,1,5000,1,0,0,0,0,32.557879999999962,30.600000000000001,43.205000000000027,77.415000000000333,541.79999999999995,34.028040000000004,0,0,0,FIXED_FRAMES_REACHED,0,0,0,1,ba6671144246a0cb42aafadbb80fe2d2dee5961a2adba7f0cac8ffa77de3c95c,WORKTREE
bch.s2.impairment.result.v1,S2_07,BURST,BCH-B200,WHOLE_BLOCK_SHORTENED,BERLEKAMP_MASSEY_CHIEN,200,248,0.80645161290322576,0,-0.93421685162235091,2,0,0,NONE,0,0,1,UNIFORM_RANDOM,PURE,4,SEGMENT_INTERIOR,POST_HARD_DECISION_BIT_FLIP,0,5000,1000000,20000,5000,0.016129032258064516,0,0,0,0,5000,1,5000,1,0,0,0,0,49.881439999999984,35.799999999999997,87.299999999999997,253.73300000000287,5276,52.585420000000092,0,0,0,FIXED_FRAMES_REACHED,0,0,0,1,29c30514ec8b114677872c5d7477abe304bf659c0f5b7dc20f841e97d47aa876,WORKTREE
bch.s2.impairment.result.v1,S2_07,BURST,BCH-B200,WHOLE_BLOCK_SHORTENED,BERLEKAMP_MASSEY_CHIEN,200,248,0.80645161290322576,0,-0.93421685162235091,2,0,0,NONE,0,0,1,UNIFORM_RANDOM,PURE,4,ONE_BEFORE_SEGMENT_BOUNDARY,POST_HARD_DECISION_BIT_FLIP,0,5000,1000000,20000,5000,0.016129032258064516,0,0,0,0,5000,1,5000,1,0,0,0,0,31.199520000000053,27.5,41.700000000000003,67.901000000000025,426.5,32.571580000000047,0,0,0,FIXED_FRAMES_REACHED,0,0,0,1,488fea8cc68ad5b86937314d49fdf3da5d785132bd1ab2ca9ef1aadda50bf5c8,WORKTREE
bch.s2.impairment.result.v1,S2_07,BURST,BCH-B200,WHOLE_BLOCK_SHORTENED,BERLEKAMP_MASSEY_CHIEN,200,248,0.80645161290322576,0,-0.93421685162235091,2,0,0,NONE,0,0,1,UNIFORM_RANDOM,PURE,4,ON_SEGMENT_BOUNDARY,POST_HARD_DECISION_BIT_FLIP,0,5000,1000000,20000,5000,0.016129032258064516,0,0,0,0,5000,1,5000,1,0,0,0,0,32.612500000000061,31.899999999999999,41.399999999999999,61.121000000000464,871.89999999999998,34.065480000000129,0,0,0,FIXED_FRAMES_REACHED,0,0,0,1,9543ab4c3a0e3d750bba6aaa4b123751124037438035983967d2ef0606a2f025,WORKTREE
bch.s2.impairment.result.v1,S2_07,BURST,BCH-B200,WHOLE_BLOCK_SHORTENED,BERLEKAMP_MASSEY_CHIEN,200,248,0.80645161290322576,0,-0.93421685162235091,2,0,0,NONE,0,0,1,UNIFORM_RANDOM,PURE,4,UNIFORM_RANDOM,POST_HARD_DECISION_BIT_FLIP,0,5000,1000000,20000,5000,0.016129032258064516,0,0,0,0,5000,1,5000,1,0,0,0,0,36.57867999999992,33.399999999999999,51.615000000000059,125.13900000000085,788.5,38.432360000000003,0,0,0,FIXED_FRAMES_REACHED,0,0,0,1,544252cf36f0185ecec18dd2f68cc593a0c29ce5346ec78b0e93f42ccd2d7ab0,WORKTREE
bch.s2.impairment.result.v1,S2_07,BURST,BCH-B200,WHOLE_BLOCK_SHORTENED,BERLEKAMP_MASSEY_CHIEN,200,248,0.80645161290322576,0,-0.93421685162235091,2,0,0,NONE,0,0,1,UNIFORM_RANDOM,PURE,5,FRAME_START,POST_HARD_DECISION_BIT_FLIP,0,5000,1000000,25000,5000,0.020161290322580645,0,0,0,0,5000,1,5000,1,0,0,0,0,33.664419999999957,29.100000000000001,46.700000000000003,83.916000000000352,642.10000000000002,35.113339999999994,0,0,0,FIXED_FRAMES_REACHED,0,0,0,1,be06dcbcea1b7ffde18f8f32b6c8133e561ba6e1e5534c92b4c3b2a56814ef67,WORKTREE
bch.s2.impairment.result.v1,S2_07,BURST,BCH-B200,WHOLE_BLOCK_SHORTENED,BERLEKAMP_MASSEY_CHIEN,200,248,0.80645161290322576,0,-0.93421685162235091,2,0,0,NONE,0,0,1,UNIFORM_RANDOM,PURE,5,FRAME_END,POST_HARD_DECISION_BIT_FLIP,0,5000,1000000,25000,5000,0.020161290322580645,0,0,0,0,5000,1,5000,1,0,0,0,0,35.599300000000063,33,47.799999999999997,99.203000000000074,777,37.269019999999955,0,0,0,FIXED_FRAMES_REACHED,0,0,0,1,cfa8eecec44fa215447908034caf0acce3419a87c86afb4058e72acbd60d1b1c,WORKTREE
bch.s2.impairment.result.v1,S2_07,BURST,BCH-B200,WHOLE_BLOCK_SHORTENED,BERLEKAMP_MASSEY_CHIEN,200,248,0.80645161290322576,0,-0.93421685162235091,2,0,0,NONE,0,0,1,UNIFORM_RANDOM,PURE,5,SEGMENT_INTERIOR,POST_HARD_DECISION_BIT_FLIP,0,5000,1000000,25000,5000,0.020161290322580645,0,0,0,0,5000,1,5000,1,0,0,0,0,33.223880000000086,31.800000000000001,43.700000000000003,57.805000000000106,627.79999999999995,34.5639800000002,0,0,0,FIXED_FRAMES_REACHED,0,0,0,1,e2893f8c0a2e8c9b9edafe6235131f5744a3f1883cc768bd286486d0167dd6be,WORKTREE
bch.s2.impairment.result.v1,S2_07,BURST,BCH-B200,WHOLE_BLOCK_SHORTENED,BERLEKAMP_MASSEY_CHIEN,200,248,0.80645161290322576,0,-0.93421685162235091,2,0,0,NONE,0,0,1,UNIFORM_RANDOM,PURE,5,ONE_BEFORE_SEGMENT_BOUNDARY,POST_HARD_DECISION_BIT_FLIP,0,5000,1000000,25000,5000,0.020161290322580645,0,0,0,0,5000,1,5000,1,0,0,0,0,32.900240000000004,30,43.5,58.728000000000613,532.70000000000005,34.241560000000007,0,0,0,FIXED_FRAMES_REACHED,0,0,0,1,ca50794c63d4bdad62aff7e8532199b5aeb0bacb7658794987abc5dd379bbe50,WORKTREE
bch.s2.impairment.result.v1,S2_07,BURST,BCH-B200,WHOLE_BLOCK_SHORTENED,BERLEKAMP_MASSEY_CHIEN,200,248,0.80645161290322576,0,-0.93421685162235091,2,0,0,NONE,0,0,1,UNIFORM_RANDOM,PURE,5,ON_SEGMENT_BOUNDARY,POST_HARD_DECISION_BIT_FLIP,0,5000,1000000,25000,5000,0.020161290322580645,0,0,0,0,5000,1,5000,1,0,0,0,0,34.002740000000031,33.600000000000001,44.700000000000003,64.602000000000046,271.19999999999999,35.456100000000035,0,0,0,FIXED_FRAMES_REACHED,0,0,0,1,9218ab91252b6c90cbc827810f9ed676b2463a6da5c45f3ed4f8c0937b5b7126,WORKTREE
bch.s2.impairment.result.v1,S2_07,BURST,BCH-B200,WHOLE_BLOCK_SHORTENED,BERLEKAMP_MASSEY_CHIEN,200,248,0.80645161290322576,0,-0.93421685162235091,2,0,0,NONE,0,0,1,UNIFORM_RANDOM,PURE,5,UNIFORM_RANDOM,POST_HARD_DECISION_BIT_FLIP,0,5000,1000000,25000,5000,0.020161290322580645,0,0,0,0,5000,1,5000,1,0,0,0,0,35.861899999999991,34.75,47,85.604000000000084,765,37.47555999999993,0,0,0,FIXED_FRAMES_REACHED,0,0,0,1,b21c1a1f603511789db8a85a18bd1f78dd485d1cf0adfb8941ce763ab183455b,WORKTREE
bch.s2.impairment.result.v1,S2_07,BURST,BCH-B200,WHOLE_BLOCK_SHORTENED,BERLEKAMP_MASSEY_CHIEN,200,248,0.80645161290322576,0,-0.93421685162235091,2,0,0,NONE,0,0,1,UNIFORM_RANDOM,PURE,6,FRAME_START,POST_HARD_DECISION_BIT_FLIP,0,5000,1000000,30000,5000,0.024193548387096774,0,0,0,0,5000,1,5000,1,0,0,0,0,49.225980000000021,41.799999999999997,75.410000000000053,225.50400000000229,2481.6999999999998,52.026659999999893,0,0,0,FIXED_FRAMES_REACHED,0,0,0,1,ffa11aafa56e4c918e263d253d277e4cb8b5c8f9a3df93d57949cf324778413e,WORKTREE
bch.s2.impairment.result.v1,S2_07,BURST,BCH-B200,WHOLE_BLOCK_SHORTENED,BERLEKAMP_MASSEY_CHIEN,200,248,0.80645161290322576,0,-0.93421685162235091,2,0,0,NONE,0,0,1,UNIFORM_RANDOM,PURE,6,FRAME_END,POST_HARD_DECISION_BIT_FLIP,0,5000,1000000,30000,5000,0.024193548387096774,0,0,0,0,5000,1,5000,1,0,0,0,0,36.942020000000028,36.700000000000003,48.100000000000001,74.900000000000006,346.89999999999998,38.396859999999904,0,0,0,FIXED_FRAMES_REACHED,0,0,0,1,019a2e85a253998e5bbb9bea5e35277b2aedc73a7e6eb617fc8750f8cfb975d8,WORKTREE
bch.s2.impairment.result.v1,S2_07,BURST,BCH-B200,WHOLE_BLOCK_SHORTENED,BERLEKAMP_MASSEY_CHIEN,200,248,0.80645161290322576,0,-0.93421685162235091,2,0,0,NONE,0,0,1,UNIFORM_RANDOM,PURE,6,SEGMENT_INTERIOR,POST_HARD_DECISION_BIT_FLIP,0,5000,1000000,30000,5000,0.024193548387096774,0,0,0,0,5000,1,5000,1,0,0,0,0,42.619840000000082,38.700000000000003,62.600000000000001,160.74800000000104,674.60000000000002,44.318020000000011,0,0,0,FIXED_FRAMES_REACHED,0,0,0,1,b54578b45509c2378091712fe5e38a48b2e6b86b4977139defceefa7d9e87a28,WORKTREE
bch.s2.impairment.result.v1,S2_07,BURST,BCH-B200,WHOLE_BLOCK_SHORTENED,BERLEKAMP_MASSEY_CHIEN,200,248,0.80645161290322576,0,-0.93421685162235091,2,0,0,NONE,0,0,1,UNIFORM_RANDOM,PURE,6,ONE_BEFORE_SEGMENT_BOUNDARY,POST_HARD_DECISION_BIT_FLIP,0,5000,1000000,30000,5000,0.024193548387096774,0,0,0,0,5000,1,5000,1,0,0,0,0,36.291579999999932,33.700000000000003,48.100000000000001,78.108000000000175,801.60000000000002,37.755840000000063,0,0,0,FIXED_FRAMES_REACHED,0,0,0,1,f62d927f1d6dd856299bdc857f82cbcb960cee52f651547c7d2c04a99f758619,WORKTREE
bch.s2.impairment.result.v1,S2_07,BURST,BCH-B200,WHOLE_BLOCK_SHORTENED,BERLEKAMP_MASSEY_CHIEN,200,248,0.80645161290322576,0,-0.93421685162235091,2,0,0,NONE,0,0,1,UNIFORM_RANDOM,PURE,6,ON_SEGMENT_BOUNDARY,POST_HARD_DECISION_BIT_FLIP,0,5000,1000000,30000,5000,0.024193548387096774,0,0,0,0,5000,1,5000,1,0,0,0,0,36.775700000000057,33.100000000000001,50.305000000000014,84.804000000000073,446.39999999999998,38.29201999999998,0,0,0,FIXED_FRAMES_REACHED,0,0,0,1,40be4f3051d6e8e4ec04c533079b71919a8ee9fe6b045b1cc0f5081bd4da6a3a,WORKTREE
bch.s2.impairment.result.v1,S2_07,BURST,BCH-B200,WHOLE_BLOCK_SHORTENED,BERLEKAMP_MASSEY_CHIEN,200,248,0.80645161290322576,0,-0.93421685162235091,2,0,0,NONE,0,0,1,UNIFORM_RANDOM,PURE,6,UNIFORM_RANDOM,POST_HARD_DECISION_BIT_FLIP,0,5000,1000000,30000,5000,0.024193548387096774,0,0,0,0,5000,1,5000,1,0,0,0,0,36.178060000000102,34,48.799999999999997,76.104000000000084,477.89999999999998,37.713359999999994,0,0,0,FIXED_FRAMES_REACHED,0,0,0,1,14d8b78761e974efbb478e2e63d82191a13e0dd4939a390c9bc3e549df904c08,WORKTREE
bch.s2.impairment.result.v1,S2_07,BURST,BCH-B200,WHOLE_BLOCK_SHORTENED,BERLEKAMP_MASSEY_CHIEN,200,248,0.80645161290322576,0,-0.93421685162235091,2,0,0,NONE,0,0,1,UNIFORM_RANDOM,PURE,7,FRAME_START,POST_HARD_DECISION_BIT_FLIP,0,5000,1000000,35000,5000,0.028225806451612902,35000,5000,0.035000000000000003,1,0,0,0,0,0,0,5000,1,33.918900000000015,30.300000000000001,45.200000000000003,63.904000000000082,290.5,35.264839999999879,0,0,0,FIXED_FRAMES_REACHED,0,0,0,1,f14e5e5fc21cdcae6232afebbb3933fdd40b88f46652fe5dc308161c974139c5,WORKTREE
bch.s2.impairment.result.v1,S2_07,BURST,BCH-B200,WHOLE_BLOCK_SHORTENED,BERLEKAMP_MASSEY_CHIEN,200,248,0.80645161290322576,0,-0.93421685162235091,2,0,0,NONE,0,0,1,UNIFORM_RANDOM,PURE,7,FRAME_END,POST_HARD_DECISION_BIT_FLIP,0,5000,1000000,35000,5000,0.028225806451612902,0,0,0,0,5000,1,0,0,0,0,5000,1,34.969600000000064,30.800000000000001,46.399999999999999,90.805000000000106,700.20000000000005,36.452019999999997,0,0,0,FIXED_FRAMES_REACHED,0,0,0,1,7362518eecbbfc1025800a49feb29e757c593c105bf82bf84ff3e7b4fdfb211b,WORKTREE
bch.s2.impairment.result.v1,S2_07,BURST,BCH-B200,WHOLE_BLOCK_SHORTENED,BERLEKAMP_MASSEY_CHIEN,200,248,0.80645161290322576,0,-0.93421685162235091,2,0,0,NONE,0,0,1,UNIFORM_RANDOM,PURE,7,SEGMENT_INTERIOR,POST_HARD_DECISION_BIT_FLIP,0,5000,1000000,35000,5000,0.028225806451612902,35000,5000,0.035000000000000003,1,0,0,0,0,0,0,5000,1,36.784360000000078,36.5,48.700000000000003,88.403000000000063,290.5,38.319779999999973,0,0,0,FIXED_FRAMES_REACHED,0,0,0,1,57a2906cc77b0b99b79b2a26e5d8267a8d58685bb744ec0703baedacd5ef6763,WORKTREE
bch.s2.impairment.result.v1,S2_07,BURST,BCH-B200,WHOLE_BLOCK_SHORTENED,BERLEKAMP_MASSEY_CHIEN,200,248,0.80645161290322576,0,-0.93421685162235091,2,0,0,NONE,0,0,1,UNIFORM_RANDOM,PURE,7,ONE_BEFORE_SEGMENT_BOUNDARY,POST_HARD_DECISION_BIT_FLIP,0,5000,1000000,35000,5000,0.028225806451612902,35000,5000,0.035000000000000003,1,0,0,0,0,0,0,5000,1,36.084020000000173,33.399999999999999,48.805000000000014,79.299999999999997,649.29999999999995,37.712360000000153,0,0,0,FIXED_FRAMES_REACHED,0,0,0,1,e9643d7448edbebee4ab82d1bd96305a579ff54ef6782aaf8eae9daf52f9328d,WORKTREE
bch.s2.impairment.result.v1,S2_07,BURST,BCH-B200,WHOLE_BLOCK_SHORTENED,BERLEKAMP_MASSEY_CHIEN,200,248,0.80645161290322576,0,-0.93421685162235091,2,0,0,NONE,0,0,1,UNIFORM_RANDOM,PURE,7,ON_SEGMENT_BOUNDARY,POST_HARD_DECISION_BIT_FLIP,0,5000,1000000,35000,5000,0.028225806451612902,35000,5000,0.035000000000000003,1,0,0,0,0,0,0,5000,1,34.223500000000023,29.600000000000001,47.700000000000003,72.202000000000055,508.30000000000001,35.629940000000005,0,0,0,FIXED_FRAMES_REACHED,0,0,0,1,12798fefda4c9743f008e7f8bb73c498fe977afdecc48d352b33afe8aaa730a0,WORKTREE
bch.s2.impairment.result.v1,S2_07,BURST,BCH-B200,WHOLE_BLOCK_SHORTENED,BERLEKAMP_MASSEY_CHIEN,200,248,0.80645161290322576,0,-0.93421685162235091,2,0,0,NONE,0,0,1,UNIFORM_RANDOM,PURE,7,UNIFORM_RANDOM,POST_HARD_DECISION_BIT_FLIP,0,5000,1000000,35000,5000,0.028225806451612902,28697,4165,0.028697,0.83299999999999996,835,0.16700000000000001,0,0,0,0,5000,1,34.800960000000096,31.699999999999999,46.005000000000017,80.314000000000291,365.39999999999998,36.361499999999822,0,0,0,FIXED_FRAMES_REACHED,0,0,0,1,40e9903ba195b2fc61881dd2ff14d3367bde0a370dc08ce17ff7c056a9297768,WORKTREE
bch.s2.impairment.result.v1,S2_07,BURST,BCH-B200,WHOLE_BLOCK_SHORTENED,BERLEKAMP_MASSEY_CHIEN,200,248,0.80645161290322576,0,-0.93421685162235091,2,0,0,NONE,0,0,1,UNIFORM_RANDOM,PURE,8,FRAME_START,POST_HARD_DECISION_BIT_FLIP,0,5000,1000000,40000,5000,0.032258064516129031,40000,5000,0.040000000000000001,1,0,0,0,0,0,0,5000,1,38.743859999999991,36.5,50.399999999999999,107.10200000000005,1391.7,40.386199999999988,0,0,0,FIXED_FRAMES_REACHED,0,0,0,1,bcd284685027124e2df77f355a8ed5fb23e70fa34e629c3034c8d6964433dec3,WORKTREE
bch.s2.impairment.result.v1,S2_07,BURST,BCH-B200,WHOLE_BLOCK_SHORTENED,BERLEKAMP_MASSEY_CHIEN,200,248,0.80645161290322576,0,-0.93421685162235091,2,0,0,NONE,0,0,1,UNIFORM_RANDOM,PURE,8,FRAME_END,POST_HARD_DECISION_BIT_FLIP,0,5000,1000000,40000,5000,0.032258064516129031,0,0,0,0,5000,1,0,0,0,0,5000,1,33.999380000000066,29.300000000000001,46.005000000000017,69.602000000000046,335.39999999999998,35.417580000000008,0,0,0,FIXED_FRAMES_REACHED,0,0,0,1,241a058958073d42b80f5705fb9d5217023fc3fc8b79f9585a2ff9d0ec659e88,WORKTREE
bch.s2.impairment.result.v1,S2_07,BURST,BCH-B200,WHOLE_BLOCK_SHORTENED,BERLEKAMP_MASSEY_CHIEN,200,248,0.80645161290322576,0,-0.93421685162235091,2,0,0,NONE,0,0,1,UNIFORM_RANDOM,PURE,8,SEGMENT_INTERIOR,POST_HARD_DECISION_BIT_FLIP,0,5000,1000000,40000,5000,0.032258064516129031,40000,5000,0.040000000000000001,1,0,0,0,0,0,0,5000,1,38.04342000000004,36.399999999999999,50.399999999999999,102.00100000000002,564.89999999999998,39.619199999999957,0,0,0,FIXED_FRAMES_REACHED,0,0,0,1,993f200396fba59187f35863501500797bf1bcba0a90766edccc1a8132be2250,WORKTREE
bch.s2.impairment.result.v1,S2_07,BURST,BCH-B200,WHOLE_BLOCK_SHORTENED,BERLEKAMP_MASSEY_CHIEN,200,248,0.80645161290322576,0,-0.93421685162235091,2,0,0,NONE,0,0,1,UNIFORM_RANDOM,PURE,8,ONE_BEFORE_SEGMENT_BOUNDARY,POST_HARD_DECISION_BIT_FLIP,0,5000,1000000,40000,5000,0.032258064516129031,40000,5000,0.040000000000000001,1,0,0,0,0,0,0,5000,1,35.842720000000106,32.5,48.600000000000001,79.601000000000013,419.69999999999999,37.415259999999932,0,0,0,FIXED_FRAMES_REACHED,0,0,0,1,113fb1aa0ae52d56a14769dbd5f0e1f820b6da877fb03bbd655921d99412f93f,WORKTREE
bch.s2.impairment.result.v1,S2_07,BURST,BCH-B200,WHOLE_BLOCK_SHORTENED,BERLEKAMP_MASSEY_CHIEN,200,248,0.80645161290322576,0,-0.93421685162235091,2,0,0,NONE,0,0,1,UNIFORM_RANDOM,PURE,8,ON_SEGMENT_BOUNDARY,POST_HARD_DECISION_BIT_FLIP,0,5000,1000000,40000,5000,0.032258064516129031,40000,5000,0.040000000000000001,1,0,0,0,0,0,0,5000,1,44.106520000000103,37.600000000000001,63.200000000000003,182.50900000000019,1965.4000000000001,46.144879999999937,0,0,0,FIXED_FRAMES_REACHED,0,0,0,1,78e488b55175c793756025302abf16ab143c48064494c7199f23f982d238e792,WORKTREE
bch.s2.impairment.result.v1,S2_07,BURST,BCH-B200,WHOLE_BLOCK_SHORTENED,BERLEKAMP_MASSEY_CHIEN,200,248,0.80645161290322576,0,-0.93421685162235091,2,0,0,NONE,0,0,1,UNIFORM_RANDOM,PURE,8,UNIFORM_RANDOM,POST_HARD_DECISION_BIT_FLIP,0,5000,1000000,40000,5000,0.032258064516129031,32365,4117,0.032364999999999998,0.82340000000000002,883,0.17660000000000001,0,0,0,0,5000,1,46.190960000000018,39.200000000000003,75.005000000000024,193.12700000000058,2521.5999999999999,48.450899999999876,0,0,0,FIXED_FRAMES_REACHED,0,0,0,1,ae383cd4a479b82303ead319073984325152b729dc66fe589dc6e87ef20f33aa,WORKTREE
bch.s2.impairment.result.v1,S2_07,BURST,BCH-B200,WHOLE_BLOCK_SHORTENED,BERLEKAMP_MASSEY_CHIEN,200,248,0.80645161290322576,0,-0.93421685162235091,2,0,0,NONE,0,0,1,UNIFORM_RANDOM,PURE,10,FRAME_START,POST_HARD_DECISION_BIT_FLIP,0,5000,1000000,50000,5000,0.040322580645161289,50000,5000,0.050000000000000003,1,0,0,0,0,0,0,5000,1,41.833420000000039,38.799999999999997,54.200000000000003,112.70600000000015,1627.3,43.529599999999853,0,0,0,FIXED_FRAMES_REACHED,0,0,0,1,f5b33d2e1fc30b8db4f222426eb5f38853e4f05559a18f416f250272bed43844,WORKTREE
bch.s2.impairment.result.v1,S2_07,BURST,BCH-B200,WHOLE_BLOCK_SHORTENED,BERLEKAMP_MASSEY_CHIEN,200,248,0.80645161290322576,0,-0.93421685162235091,2,0,0,NONE,0,0,1,UNIFORM_RANDOM,PURE,10,FRAME_END,POST_HARD_DECISION_BIT_FLIP,0,5000,1000000,50000,5000,0.040322580645161289,0,0,0,0,5000,1,0,0,0,0,5000,1,36.054940000000101,34.100000000000001,47.505000000000017,76.819000000000401,927.70000000000005,37.493419999999958,0,0,0,FIXED_FRAMES_REACHED,0,0,0,1,7525997cab05c2ab866e447626bc473206d1ab98d550cff79024f51c4b499ee6,WORKTREE
bch.s2.impairment.result.v1,S2_07,BURST,BCH-B200,WHOLE_BLOCK_SHORTENED,BERLEKAMP_MASSEY_CHIEN,200,248,0.80645161290322576,0,-0.93421685162235091,2,0,0,NONE,0,0,1,UNIFORM_RANDOM,PURE,10,SEGMENT_INTERIOR,POST_HARD_DECISION_BIT_FLIP,0,5000,1000000,50000,5000,0.040322580645161289,50000,5000,0.050000000000000003,1,0,0,0,0,0,0,5000,1,37.35593999999999,35.25,49.705000000000027,91.319000000000401,634.5,38.864019999999911,0,0,0,FIXED_FRAMES_REACHED,0,0,0,1,9b7a4f5e3d83255b013c8892200e30ba870fbc4a542774326fe18934378243be,WORKTREE
bch.s2.impairment.result.v1,S2_07,BURST,BCH-B200,WHOLE_BLOCK_SHORTENED,BERLEKAMP_MASSEY_CHIEN,200,248,0.80645161290322576,0,-0.93421685162235091,2,0,0,NONE,0,0,1,UNIFORM_RANDOM,PURE,10,ONE_BEFORE_SEGMENT_BOUNDARY,POST_HARD_DECISION_BIT_FLIP,0,5000,1000000,50000,5000,0.040322580645161289,50000,5000,0.050000000000000003,1,0,0,0,0,0,0,5000,1,51.80538000000012,41.200000000000003,88.40500000000003,263.08600000000405,8350.1000000000004,54.844920000000087,0,0,0,FIXED_FRAMES_REACHED,0,0,0,1,46c81920d142a569bbe4a5102cd505af885d2e8282ebc0c0bf452ec1387c4bec,WORKTREE
bch.s2.impairment.result.v1,S2_07,BURST,BCH-B200,WHOLE_BLOCK_SHORTENED,BERLEKAMP_MASSEY_CHIEN,200,248,0.80645161290322576,0,-0.93421685162235091,2,0,0,NONE,0,0,1,UNIFORM_RANDOM,PURE,10,ON_SEGMENT_BOUNDARY,POST_HARD_DECISION_BIT_FLIP,0,5000,1000000,50000,5000,0.040322580645161289,50000,5000,0.050000000000000003,1,0,0,0,0,0,0,5000,1,44.373419999999996,40.100000000000001,59.899999999999999,137.70400000000009,1569.0999999999999,46.682219999999866,0,0,0,FIXED_FRAMES_REACHED,0,0,0,1,e9ee0aa6ba15875a17cda652d0dcd4e1f66e3a93dec66180e898b5eb750b23e0,WORKTREE
bch.s2.impairment.result.v1,S2_07,BURST,BCH-B200,WHOLE_BLOCK_SHORTENED,BERLEKAMP_MASSEY_CHIEN,200,248,0.80645161290322576,0,-0.93421685162235091,2,0,0,NONE,0,0,1,UNIFORM_RANDOM,PURE,10,UNIFORM_RANDOM,POST_HARD_DECISION_BIT_FLIP,0,5000,1000000,50000,5000,0.040322580645161289,41284,4225,0.041284000000000001,0.84499999999999997,775,0.155,0,0,0,0,5000,1,37.668819999999954,37.700000000000003,49.600000000000001,83.109000000000194,533.60000000000002,39.360820000000096,0,0,0,FIXED_FRAMES_REACHED,0,0,0,1,8b0ef3f7e848375d63e544cbd2aef8d95386c75cd124ac3fd9179d19c69e14c0,WORKTREE
bch.s2.impairment.result.v1,S2_07,BURST,BCH-B200,WHOLE_BLOCK_SHORTENED,BERLEKAMP_MASSEY_CHIEN,200,248,0.80645161290322576,0,-0.93421685162235091,2,0,0,NONE,0,0,1,UNIFORM_RANDOM,PURE,12,FRAME_START,POST_HARD_DECISION_BIT_FLIP,0,5000,1000000,60000,5000,0.048387096774193547,60000,5000,0.059999999999999998,1,0,0,0,0,0,0,5000,1,36.862620000000142,35.100000000000001,48.399999999999999,98.607000000000156,783.60000000000002,38.37988,0,0,0,FIXED_FRAMES_REACHED,0,0,0,1,2f5e360ccc46fe8c44739ea55792486d992768e8f923ec672690c6b55f6bafcb,WORKTREE
bch.s2.impairment.result.v1,S2_07,BURST,BCH-B200,WHOLE_BLOCK_SHORTENED,BERLEKAMP_MASSEY_CHIEN,200,248,0.80645161290322576,0,-0.93421685162235091,2,0,0,NONE,0,0,1,UNIFORM_RANDOM,PURE,12,FRAME_END,POST_HARD_DECISION_BIT_FLIP,0,5000,1000000,60000,5000,0.048387096774193547,0,0,0,0,5000,1,0,0,0,0,5000,1,37.121779999999966,35.299999999999997,49.799999999999997,102.10100000000001,665.89999999999998,38.702080000000002,0,0,0,FIXED_FRAMES_REACHED,0,0,0,1,42a138024cb0cf2bbb9657febd8b5ddfce1aeec737aaadea448e389c5fc0a655,WORKTREE
bch.s2.impairment.result.v1,S2_07,BURST,BCH-B200,WHOLE_BLOCK_SHORTENED,BERLEKAMP_MASSEY_CHIEN,200,248,0.80645161290322576,0,-0.93421685162235091,2,0,0,NONE,0,0,1,UNIFORM_RANDOM,PURE,12,SEGMENT_INTERIOR,POST_HARD_DECISION_BIT_FLIP,0,5000,1000000,60000,5000,0.048387096774193547,60000,5000,0.059999999999999998,1,0,0,0,0,0,0,5000,1,34.883299999999956,30.699999999999999,48.5,77.503000000000071,378.39999999999998,36.300320000000092,0,0,0,FIXED_FRAMES_REACHED,0,0,0,1,510b1307242534f5b70cf454c0963384b49fa9ebd040596b5ab631dc06e2f1a8,WORKTREE
bch.s2.impairment.result.v1,S2_07,BURST,BCH-B200,WHOLE_BLOCK_SHORTENED,BERLEKAMP_MASSEY_CHIEN,200,248,0.80645161290322576,0,-0.93421685162235091,2,0,0,NONE,0,0,1,UNIFORM_RANDOM,PURE,12,ONE_BEFORE_SEGMENT_BOUNDARY,POST_HARD_DECISION_BIT_FLIP,0,5000,1000000,60000,5000,0.048387096774193547,60000,5000,0.059999999999999998,1,0,0,0,0,0,0,5000,1,51.322640000000064,40,92.205000000000027,316.30900000000025,3639.9000000000001,54.007979999999876,0,0,0,FIXED_FRAMES_REACHED,0,0,0,1,35061c702cf2e62edf75c0c7e2a33dc5e86964ca81647830c2f122fcf68066e7,WORKTREE
bch.s2.impairment.result.v1,S2_07,BURST,BCH-B200,WHOLE_BLOCK_SHORTENED,BERLEKAMP_MASSEY_CHIEN,200,248,0.80645161290322576,0,-0.93421685162235091,2,0,0,NONE,0,0,1,UNIFORM_RANDOM,PURE,12,ON_SEGMENT_BOUNDARY,POST_HARD_DECISION_BIT_FLIP,0,5000,1000000,60000,5000,0.048387096774193547,60000,5000,0.059999999999999998,1,0,0,0,0,0,0,5000,1,49.221459999999936,40.200000000000003,85.020000000000067,217.601,2848.9000000000001,51.256600000000113,0,0,0,FIXED_FRAMES_REACHED,0,0,0,1,19af325e402dd7c20fc14b31f8c166c4f4165f22f2b797e9dee8aa16ff372254,WORKTREE
bch.s2.impairment.result.v1,S2_07,BURST,BCH-B200,WHOLE_BLOCK_SHORTENED,BERLEKAMP_MASSEY_CHIEN,200,248,0.80645161290322576,0,-0.93421685162235091,2,0,0,NONE,0,0,1,UNIFORM_RANDOM,PURE,12,UNIFORM_RANDOM,POST_HARD_DECISION_BIT_FLIP,0,5000,1000000,60000,5000,0.048387096774193547,49270,4227,0.049270000000000001,0.84540000000000004,773,0.15459999999999999,0,0,0,0,5000,1,40.683700000000094,38.299999999999997,51.5,106.4040000000001,1724.2,42.740899999999939,0,0,0,FIXED_FRAMES_REACHED,0,0,0,1,f7da1e5cc017d3301fddb2846d877cfae565d5e32f2dbdaab654cf1014046a2c,WORKTREE
bch.s2.impairment.result.v1,S2_07,BURST,BCH-B200,WHOLE_BLOCK_SHORTENED,BERLEKAMP_MASSEY_CHIEN,200,248,0.80645161290322576,0,-0.93421685162235091,2,0,0,NONE,0,0,1,UNIFORM_RANDOM,PURE,14,FRAME_START,POST_HARD_DECISION_BIT_FLIP,0,5000,1000000,70000,5000,0.056451612903225805,70000,5000,0.070000000000000007,1,0,0,0,0,0,0,5000,1,47.718099999999943,39.700000000000003,77.010000000000034,213.70700000000014,2587.0999999999999,49.762260000000047,0,0,0,FIXED_FRAMES_REACHED,0,0,0,1,762eda1de55285d48ed2fb9026635f1e25b6b3ab4cd037db86f2cc60cdbef16d,WORKTREE
bch.s2.impairment.result.v1,S2_07,BURST,BCH-B200,WHOLE_BLOCK_SHORTENED,BERLEKAMP_MASSEY_CHIEN,200,248,0.80645161290322576,0,-0.93421685162235091,2,0,0,NONE,0,0,1,UNIFORM_RANDOM,PURE,14,FRAME_END,POST_HARD_DECISION_BIT_FLIP,0,5000,1000000,70000,5000,0.056451612903225805,0,0,0,0,5000,1,0,0,0,0,5000,1,64.816540000000202,42.200000000000003,114.31000000000003,452.21500000000032,10095.200000000001,67.574419999999975,0,0,0,FIXED_FRAMES_REACHED,0,0,0,1,db836593fefa934afbee757df5c289e658e41debc73e63ac18308dc237b578bb,WORKTREE
bch.s2.impairment.result.v1,S2_07,BURST,BCH-B200,WHOLE_BLOCK_SHORTENED,BERLEKAMP_MASSEY_CHIEN,200,248,0.80645161290322576,0,-0.93421685162235091,2,0,0,NONE,0,0,1,UNIFORM_RANDOM,PURE,14,SEGMENT_INTERIOR,POST_HARD_DECISION_BIT_FLIP,0,5000,1000000,70000,5000,0.056451612903225805,70000,5000,0.070000000000000007,1,0,0,0,0,0,0,5000,1,50.980299999999886,42.200000000000003,83.220000000000084,253.17400000000379,2363.5999999999999,53.286339999999946,0,0,0,FIXED_FRAMES_REACHED,0,0,0,1,34d80f67d93af865e4ba60387f4ccd2473db2fa3828563294451ff1fcb6a66cd,WORKTREE
bch.s2.impairment.result.v1,S2_07,BURST,BCH-B200,WHOLE_BLOCK_SHORTENED,BERLEKAMP_MASSEY_CHIEN,200,248,0.80645161290322576,0,-0.93421685162235091,2,0,0,NONE,0,0,1,UNIFORM_RANDOM,PURE,14,ONE_BEFORE_SEGMENT_BOUNDARY,POST_HARD_DECISION_BIT_FLIP,0,5000,1000000,70000,5000,0.056451612903225805,70000,5000,0.070000000000000007,1,0,0,0,0,0,0,5000,1,47.580239999999918,39.5,66.805000000000007,176.1050000000001,8014.3000000000002,49.580440000000031,0,0,0,FIXED_FRAMES_REACHED,0,0,0,1,f930fd29bc1b6ac5ba7118ee3c31c4a19433992d34380d6784475dd25a8f549d,WORKTREE
bch.s2.impairment.result.v1,S2_07,BURST,BCH-B200,WHOLE_BLOCK_SHORTENED,BERLEKAMP_MASSEY_CHIEN,200,248,0.80645161290322576,0,-0.93421685162235091,2,0,0,NONE,0,0,1,UNIFORM_RANDOM,PURE,14,ON_SEGMENT_BOUNDARY,POST_HARD_DECISION_BIT_FLIP,0,5000,1000000,70000,5000,0.056451612903225805,70000,5000,0.070000000000000007,1,0,0,0,0,0,0,5000,1,39.454979999999928,37.5,51.5,113.30400000000007,2598.6999999999998,41.108060000000059,0,0,0,FIXED_FRAMES_REACHED,0,0,0,1,e3a5a59e6ee5a5a33b8deb77b3b5a7faf442ab04802390fae9c49ddbff941eaa,WORKTREE
bch.s2.impairment.result.v1,S2_07,BURST,BCH-B200,WHOLE_BLOCK_SHORTENED,BERLEKAMP_MASSEY_CHIEN,200,248,0.80645161290322576,0,-0.93421685162235091,2,0,0,NONE,0,0,1,UNIFORM_RANDOM,PURE,14,UNIFORM_RANDOM,POST_HARD_DECISION_BIT_FLIP,0,5000,1000000,70000,5000,0.056451612903225805,57771,4255,0.057771000000000003,0.85099999999999998,745,0.14899999999999999,0,0,0,0,5000,1,41.906280000000145,37.899999999999999,61.899999999999999,153.70400000000009,896.89999999999998,43.839899999999822,0,0,0,FIXED_FRAMES_REACHED,0,0,0,1,fa2fe36b269f1f97234b7cbc6b73bde03ad86c2aeea55ba3dc597bbca2672ade,WORKTREE
bch.s2.impairment.result.v1,S2_07,BURST,BCH-B200,WHOLE_BLOCK_SHORTENED,BERLEKAMP_MASSEY_CHIEN,200,248,0.80645161290322576,0,-0.93421685162235091,2,0,0,NONE,0,0,1,UNIFORM_RANDOM,PURE,15,FRAME_START,POST_HARD_DECISION_BIT_FLIP,0,5000,1000000,75000,5000,0.060483870967741937,75000,5000,0.074999999999999997,1,0,0,0,0,0,0,5000,1,66.446919999999906,41.100000000000001,129.56000000000023,528.69900000000223,7199.3999999999996,72.358299999999957,0,0,0,FIXED_FRAMES_REACHED,0,0,0,1,dd09e504fd1a933b1d10048cea7198d3f157739b869fd0c167578f11fd5d5060,WORKTREE
bch.s2.impairment.result.v1,S2_07,BURST,BCH-B200,WHOLE_BLOCK_SHORTENED,BERLEKAMP_MASSEY_CHIEN,200,248,0.80645161290322576,0,-0.93421685162235091,2,0,0,NONE,0,0,1,UNIFORM_RANDOM,PURE,15,FRAME_END,POST_HARD_DECISION_BIT_FLIP,0,5000,1000000,75000,5000,0.060483870967741937,0,0,0,0,5000,1,0,0,0,0,5000,1,44.798959999999994,40,59.710000000000043,168.65300000000113,1147.7,47.193400000000118,0,0,0,FIXED_FRAMES_REACHED,0,0,0,1,21ec20b0056c7f1d23d4aa43cc7543ee6199505558706d560d2ee80829f25bb3,WORKTREE
bch.s2.impairment.result.v1,S2_07,BURST,BCH-B200,WHOLE_BLOCK_SHORTENED,BERLEKAMP_MASSEY_CHIEN,200,248,0.80645161290322576,0,-0.93421685162235091,2,0,0,NONE,0,0,1,UNIFORM_RANDOM,PURE,15,SEGMENT_INTERIOR,POST_HARD_DECISION_BIT_FLIP,0,5000,1000000,75000,5000,0.060483870967741937,75000,5000,0.074999999999999997,1,0,0,0,0,0,0,5000,1,38.037639999999939,37.100000000000001,51.299999999999997,85.200000000000003,424.89999999999998,39.762339999999952,0,0,0,FIXED_FRAMES_REACHED,0,0,0,1,cfe406177fe7d51b2ab96e6400c69f9f44ff397a28b7ce4e0cf0ed7dc6222fe4,WORKTREE
bch.s2.impairment.result.v1,S2_07,BURST,BCH-B200,WHOLE_BLOCK_SHORTENED,BERLEKAMP_MASSEY_CHIEN,200,248,0.80645161290322576,0,-0.93421685162235091,2,0,0,NONE,0,0,1,UNIFORM_RANDOM,PURE,15,ONE_BEFORE_SEGMENT_BOUNDARY,POST_HARD_DECISION_BIT_FLIP,0,5000,1000000,75000,5000,0.060483870967741937,75000,5000,0.074999999999999997,1,0,0,0,0,0,0,5000,1,41.674300000000088,39,53.605000000000018,121.60100000000001,785.10000000000002,43.399380000000086,0,0,0,FIXED_FRAMES_REACHED,0,0,0,1,ff3c5803c5b4bccf3548cb3a0e0838cac4ada16f86816dff62f9fdaa56533122,WORKTREE
bch.s2.impairment.result.v1,S2_07,BURST,BCH-B200,WHOLE_BLOCK_SHORTENED,BERLEKAMP_MASSEY_CHIEN,200,248,0.80645161290322576,0,-0.93421685162235091,2,0,0,NONE,0,0,1,UNIFORM_RANDOM,PURE,15,ON_SEGMENT_BOUNDARY,POST_HARD_DECISION_BIT_FLIP,0,5000,1000000,75000,5000,0.060483870967741937,75000,5000,0.074999999999999997,1,0,0,0,0,0,0,5000,1,66.761559999999989,42.200000000000003,129.43000000000012,501.21200000000243,8983,70.378779999999935,0,0,0,FIXED_FRAMES_REACHED,0,0,0,1,66e16eca60752cc72dc5402a78465b73378a689cd78ef5ace1538835054ee5ca,WORKTREE
bch.s2.impairment.result.v1,S2_07,BURST,BCH-B200,WHOLE_BLOCK_SHORTENED,BERLEKAMP_MASSEY_CHIEN,200,248,0.80645161290322576,0,-0.93421685162235091,2,0,0,NONE,0,0,1,UNIFORM_RANDOM,PURE,15,UNIFORM_RANDOM,POST_HARD_DECISION_BIT_FLIP,0,5000,1000000,75000,5000,0.060483870967741937,62580,4303,0.062579999999999997,0.86060000000000003,697,0.1394,0,0,0,0,5000,1,50.958159999999864,40.5,78.700000000000003,245.21300000000028,6283.1000000000004,53.163239999999966,0,0,0,FIXED_FRAMES_REACHED,0,0,0,1,7afc62c46ae36a7f5b84e67c3a3d71869da958073e0ced05e9d316bc79fc8250,WORKTREE
bch.s2.impairment.result.v1,S2_07,BURST,BCH-B200,WHOLE_BLOCK_SHORTENED,BERLEKAMP_MASSEY_CHIEN,200,248,0.80645161290322576,0,-0.93421685162235091,2,0,0,NONE,0,0,1,UNIFORM_RANDOM,PURE,16,FRAME_START,POST_HARD_DECISION_BIT_FLIP,0,5000,1000000,80000,5000,0.064516129032258063,80000,5000,0.080000000000000002,1,0,0,0,0,0,0,5000,1,44.183380000000071,39.399999999999999,58.005000000000017,142.2050000000001,1202.3,46.148320000000034,0,0,0,FIXED_FRAMES_REACHED,0,0,0,1,7db006171951a162d84e1bf6ff4d1c3d40ec22943166e970657f4d42bf1d09f2,WORKTREE
bch.s2.impairment.result.v1,S2_07,BURST,BCH-B200,WHOLE_BLOCK_SHORTENED,BERLEKAMP_MASSEY_CHIEN,200,248,0.80645161290322576,0,-0.93421685162235091,2,0,0,NONE,0,0,1,UNIFORM_RANDOM,PURE,16,FRAME_END,POST_HARD_DECISION_BIT_FLIP,0,5000,1000000,80000,5000,0.064516129032258063,0,0,0,0,5000,1,0,0,0,0,5000,1,42.470320000000122,39.299999999999997,58.805000000000014,132.02000000000044,644.79999999999995,44.427239999999877,0,0,0,FIXED_FRAMES_REACHED,0,0,0,1,9d0f87627c82075bc6944d58836a5f38fa5e98f9e06b5761a1aa02e5fc8b735e,WORKTREE
bch.s2.impairment.result.v1,S2_07,BURST,BCH-B200,WHOLE_BLOCK_SHORTENED,BERLEKAMP_MASSEY_CHIEN,200,248,0.80645161290322576,0,-0.93421685162235091,2,0,0,NONE,0,0,1,UNIFORM_RANDOM,PURE,16,SEGMENT_INTERIOR,POST_HARD_DECISION_BIT_FLIP,0,5000,1000000,80000,5000,0.064516129032258063,80000,5000,0.080000000000000002,1,0,0,0,0,0,0,5000,1,51.221500000000056,39.799999999999997,79.40500000000003,296.50700000000018,3222.5999999999999,53.661000000000058,0,0,0,FIXED_FRAMES_REACHED,0,0,0,1,9dfffef2e8421ac729734992130673ae05185acc56d9f30362bdbe5a8c796730,WORKTREE
bch.s2.impairment.result.v1,S2_07,BURST,BCH-B200,WHOLE_BLOCK_SHORTENED,BERLEKAMP_MASSEY_CHIEN,200,248,0.80645161290322576,0,-0.93421685162235091,2,0,0,NONE,0,0,1,UNIFORM_RANDOM,PURE,16,ONE_BEFORE_SEGMENT_BOUNDARY,POST_HARD_DECISION_BIT_FLIP,0,5000,1000000,80000,5000,0.064516129032258063,80000,5000,0.080000000000000002,1,0,0,0,0,0,0,5000,1,51.428259999999923,40.700000000000003,75.540000000000148,261.73300000000069,4189.1000000000004,53.641640000000017,0,0,0,FIXED_FRAMES_REACHED,0,0,0,1,72ee948412ead012baa9427d956698748091efa3c9595fc0f010077162032513,WORKTREE
bch.s2.impairment.result.v1,S2_07,BURST,BCH-B200,WHOLE_BLOCK_SHORTENED,BERLEKAMP_MASSEY_CHIEN,200,248,0.80645161290322576,0,-0.93421685162235091,2,0,0,NONE,0,0,1,UNIFORM_RANDOM,PURE,16,ON_SEGMENT_BOUNDARY,POST_HARD_DECISION_BIT_FLIP,0,5000,1000000,80000,5000,0.064516129032258063,80000,5000,0.080000000000000002,1,0,0,0,0,0,0,5000,1,41.043679999999839,38.299999999999997,53.005000000000017,109.25900000000129,1928.3,42.786320000000032,0,0,0,FIXED_FRAMES_REACHED,0,0,0,1,dbfa5b0e8a8b86f8f8ee927329bd7baea8a9466f443aa0aabc9663920b6f4321,WORKTREE
bch.s2.impairment.result.v1,S2_07,BURST,BCH-B200,WHOLE_BLOCK_SHORTENED,BERLEKAMP_MASSEY_CHIEN,200,248,0.80645161290322576,0,-0.93421685162235091,2,0,0,NONE,0,0,1,UNIFORM_RANDOM,PURE,16,UNIFORM_RANDOM,POST_HARD_DECISION_BIT_FLIP,0,5000,1000000,80000,5000,0.064516129032258063,65955,4305,0.065955,0.86099999999999999,695,0.13900000000000001,0,0,0,0,5000,1,40.358539999999977,38.700000000000003,52.205000000000027,100.21900000000042,808,42.335280000000019,0,0,0,FIXED_FRAMES_REACHED,0,0,0,1,ee79c58c11af745537498d41b28c0879b7d178f9fec1e3c5e6b2ad87b102cf1d,WORKTREE
bch.s2.impairment.result.v1,S2_07,BURST,BCH-B200,WHOLE_BLOCK_SHORTENED,BERLEKAMP_MASSEY_CHIEN,200,248,0.80645161290322576,0,-0.93421685162235091,2,0,0,NONE,0,0,1,UNIFORM_RANDOM,PURE,20,FRAME_START,POST_HARD_DECISION_BIT_FLIP,0,5000,1000000,100000,5000,0.080645161290322578,100000,5000,0.10000000000000001,1,0,0,0,0,0,0,5000,1,71.334879999999984,42.950000000000003,132.90000000000001,541.88200000000404,8681.2999999999993,74.877500000000239,0,0,0,FIXED_FRAMES_REACHED,0,0,0,1,2bdfa2c5f703a094bd51015d5e386eab99294eda809de8d4eede9649da1260f0,WORKTREE
bch.s2.impairment.result.v1,S2_07,BURST,BCH-B200,WHOLE_BLOCK_SHORTENED,BERLEKAMP_MASSEY_CHIEN,200,248,0.80645161290322576,0,-0.93421685162235091,2,0,0,NONE,0,0,1,UNIFORM_RANDOM,PURE,20,FRAME_END,POST_HARD_DECISION_BIT_FLIP,0,5000,1000000,100000,5000,0.080645161290322578,0,0,0,0,5000,1,0,0,0,0,5000,1,46.238020000000063,39.700000000000003,69.010000000000034,205.31400000000031,1763,48.275900000000114,0,0,0,FIXED_FRAMES_REACHED,0,0,0,1,715b0c0f6187b124f074c0003e3acc99a6f16c0ca65b281e126b49196aa281ce,WORKTREE
bch.s2.impairment.result.v1,S2_07,BURST,BCH-B200,WHOLE_BLOCK_SHORTENED,BERLEKAMP_MASSEY_CHIEN,200,248,0.80645161290322576,0,-0.93421685162235091,2,0,0,NONE,0,0,1,UNIFORM_RANDOM,PURE,20,SEGMENT_INTERIOR,POST_HARD_DECISION_BIT_FLIP,0,5000,1000000,100000,5000,0.080645161290322578,100000,5000,0.10000000000000001,1,0,0,0,0,0,0,5000,1,45.805040000000155,38.700000000000003,56.305000000000014,128.15600000000123,18416.400000000001,47.883280000000177,0,0,0,FIXED_FRAMES_REACHED,0,0,0,1,610f4fe88666271037608cd2782d08e51b2a979177a1bc2953415d928cce8408,WORKTREE
bch.s2.impairment.result.v1,S2_07,BURST,BCH-B200,WHOLE_BLOCK_SHORTENED,BERLEKAMP_MASSEY_CHIEN,200,248,0.80645161290322576,0,-0.93421685162235091,2,0,0,NONE,0,0,1,UNIFORM_RANDOM,PURE,20,ONE_BEFORE_SEGMENT_BOUNDARY,POST_HARD_DECISION_BIT_FLIP,0,5000,1000000,100000,5000,0.080645161290322578,100000,5000,0.10000000000000001,1,0,0,0,0,0,0,5000,1,42.241719999999887,39.299999999999997,55.399999999999999,103.32200000000047,634.29999999999995,44.241299999999995,0,0,0,FIXED_FRAMES_REACHED,0,0,0,1,04a697bf2e9e58ecc2faed955e1da7b9370a280d87aa27be9ec02544750e859b,WORKTREE
bch.s2.impairment.result.v1,S2_07,BURST,BCH-B200,WHOLE_BLOCK_SHORTENED,BERLEKAMP_MASSEY_CHIEN,200,248,0.80645161290322576,0,-0.93421685162235091,2,0,0,NONE,0,0,1,UNIFORM_RANDOM,PURE,20,ON_SEGMENT_BOUNDARY,POST_HARD_DECISION_BIT_FLIP,0,5000,1000000,100000,5000,0.080645161290322578,100000,5000,0.10000000000000001,1,0,0,0,0,0,0,5000,1,39.905220000000128,38,53.299999999999997,115.93000000000066,902,41.670719999999953,0,0,0,FIXED_FRAMES_REACHED,0,0,0,1,7148b080f13f75e1446aea775f0f8be64cbbed4174892124ea70175fdcabf69a,WORKTREE
bch.s2.impairment.result.v1,S2_07,BURST,BCH-B200,WHOLE_BLOCK_SHORTENED,BERLEKAMP_MASSEY_CHIEN,200,248,0.80645161290322576,0,-0.93421685162235091,2,0,0,NONE,0,0,1,UNIFORM_RANDOM,PURE,20,UNIFORM_RANDOM,POST_HARD_DECISION_BIT_FLIP,0,5000,1000000,100000,5000,0.080645161290322578,83325,4365,0.083324999999999996,0.873,635,0.127,0,0,0,0,5000,1,37.426480000000119,34.150000000000006,51.805000000000014,86.613000000000284,572.5,39.232000000000006,0,0,0,FIXED_FRAMES_REACHED,0,0,0,1,8767534d2a8635ac1edce647210499953595f802d71837d1579a875023587cce,WORKTREE
bch.s2.impairment.result.v1,S2_07,BURST,BCH-B200,WHOLE_BLOCK_SHORTENED,BERLEKAMP_MASSEY_CHIEN,200,248,0.80645161290322576,0,-0.93421685162235091,2,0,0,NONE,0,0,1,UNIFORM_RANDOM,PURE,24,FRAME_START,POST_HARD_DECISION_BIT_FLIP,0,5000,1000000,120000,5000,0.096774193548387094,120000,5000,0.12,1,0,0,0,0,0,0,5000,1,38.454219999999978,36.899999999999999,51.905000000000015,99.301000000000016,583,40.101000000000049,0,0,0,FIXED_FRAMES_REACHED,0,0,0,1,a89c1948a4da5bd78b259787349607fa6ac8d61e725e4c19c5ef1488198a25fd,WORKTREE
bch.s2.impairment.result.v1,S2_07,BURST,BCH-B200,WHOLE_BLOCK_SHORTENED,BERLEKAMP_MASSEY_CHIEN,200,248,0.80645161290322576,0,-0.93421685162235091,2,0,0,NONE,0,0,1,UNIFORM_RANDOM,PURE,24,FRAME_END,POST_HARD_DECISION_BIT_FLIP,0,5000,1000000,120000,5000,0.096774193548387094,0,0,0,0,5000,1,0,0,0,0,5000,1,40.003740000000022,37.399999999999999,53.805000000000014,140.51000000000022,806.10000000000002,41.681380000000011,0,0,0,FIXED_FRAMES_REACHED,0,0,0,1,314ad7596a61ba80a0accfdb940b15659809d13e0e88e655f530bf90612999f0,WORKTREE
bch.s2.impairment.result.v1,S2_07,BURST,BCH-B200,WHOLE_BLOCK_SHORTENED,BERLEKAMP_MASSEY_CHIEN,200,248,0.80645161290322576,0,-0.93421685162235091,2,0,0,NONE,0,0,1,UNIFORM_RANDOM,PURE,24,SEGMENT_INTERIOR,POST_HARD_DECISION_BIT_FLIP,0,5000,1000000,120000,5000,0.096774193548387094,120000,5000,0.12,1,0,0,0,0,0,0,5000,1,37.222140000000003,35.899999999999999,50.899999999999999,85.405000000000115,661,38.735620000000111,0,0,0,FIXED_FRAMES_REACHED,0,0,0,1,adebd5ba775e2297319d7be9b801586da8064025b4a35f093c6a55152b74921c,WORKTREE
bch.s2.impairment.result.v1,S2_07,BURST,BCH-B200,WHOLE_BLOCK_SHORTENED,BERLEKAMP_MASSEY_CHIEN,200,248,0.80645161290322576,0,-0.93421685162235091,2,0,0,NONE,0,0,1,UNIFORM_RANDOM,PURE,24,ONE_BEFORE_SEGMENT_BOUNDARY,POST_HARD_DECISION_BIT_FLIP,0,5000,1000000,120000,5000,0.096774193548387094,120000,5000,0.12,1,0,0,0,0,0,0,5000,1,37.381199999999964,36.700000000000003,51.100000000000001,87.200000000000003,497.39999999999998,38.968800000000066,0,0,0,FIXED_FRAMES_REACHED,0,0,0,1,456c02a9f0ccc3362221539d9dc9ba98c7f03b3ee483c5d49e0dd02243b35f8d,WORKTREE
bch.s2.impairment.result.v1,S2_07,BURST,BCH-B200,WHOLE_BLOCK_SHORTENED,BERLEKAMP_MASSEY_CHIEN,200,248,0.80645161290322576,0,-0.93421685162235091,2,0,0,NONE,0,0,1,UNIFORM_RANDOM,PURE,24,ON_SEGMENT_BOUNDARY,POST_HARD_DECISION_BIT_FLIP,0,5000,1000000,120000,5000,0.096774193548387094,120000,5000,0.12,1,0,0,0,0,0,0,5000,1,37.413879999999914,33.299999999999997,49.799999999999997,82.108000000000175,1598.4000000000001,39.028400000000019,0,0,0,FIXED_FRAMES_REACHED,0,0,0,1,d3cf31fbd94a952111546a005d376b2751b5acae0aaff395bfa971d57c71f832,WORKTREE
bch.s2.impairment.result.v1,S2_07,BURST,BCH-B200,WHOLE_BLOCK_SHORTENED,BERLEKAMP_MASSEY_CHIEN,200,248,0.80645161290322576,0,-0.93421685162235091,2,0,0,NONE,0,0,1,UNIFORM_RANDOM,PURE,24,UNIFORM_RANDOM,POST_HARD_DECISION_BIT_FLIP,0,5000,1000000,120000,5000,0.096774193548387094,101554,4494,0.10155400000000001,0.89880000000000004,506,0.1012,0,0,0,0,5000,1,36.256959999999985,32.5,50.005000000000017,81.301000000000016,396.80000000000001,37.890639999999969,0,0,0,FIXED_FRAMES_REACHED,0,0,0,1,90b7052f2013d3f130aca2f58fc04f61a90fc16402c23d58052f00ac8a3614c4,WORKTREE
bch.s2.impairment.result.v1,S2_07,BURST,BCH-B200,WHOLE_BLOCK_SHORTENED,BERLEKAMP_MASSEY_CHIEN,200,248,0.80645161290322576,0,-0.93421685162235091,2,0,0,NONE,0,0,1,UNIFORM_RANDOM,PURE,29,FRAME_START,POST_HARD_DECISION_BIT_FLIP,0,5000,1000000,145000,5000,0.11693548387096774,145000,5000,0.14499999999999999,1,0,0,0,0,0,0,5000,1,38.597740000000023,37.299999999999997,51.705000000000027,103.70200000000006,636.20000000000005,40.182180000000109,0,0,0,FIXED_FRAMES_REACHED,0,0,0,1,e523cb87c8d6c2e0aa6224dd84f30cd2d64a210b511e8333cdb2f35dcd728bef,WORKTREE
bch.s2.impairment.result.v1,S2_07,BURST,BCH-B200,WHOLE_BLOCK_SHORTENED,BERLEKAMP_MASSEY_CHIEN,200,248,0.80645161290322576,0,-0.93421685162235091,2,0,0,NONE,0,0,1,UNIFORM_RANDOM,PURE,29,FRAME_END,POST_HARD_DECISION_BIT_FLIP,0,5000,1000000,145000,5000,0.11693548387096774,0,0,0,0,5000,1,0,0,0,0,5000,1,36.743200000000016,36.600000000000001,50.799999999999997,67.806000000000125,382.39999999999998,38.345239999999912,0,0,0,FIXED_FRAMES_REACHED,0,0,0,1,b79c6c3ee3f4386ef2d720f444549788cccd3ebbc25f0d2c691ab59e3db12af6,WORKTREE
bch.s2.impairment.result.v1,S2_07,BURST,BCH-B200,WHOLE_BLOCK_SHORTENED,BERLEKAMP_MASSEY_CHIEN,200,248,0.80645161290322576,0,-0.93421685162235091,2,0,0,NONE,0,0,1,UNIFORM_RANDOM,PURE,29,SEGMENT_INTERIOR,POST_HARD_DECISION_BIT_FLIP,0,5000,1000000,145000,5000,0.11693548387096774,145000,5000,0.14499999999999999,1,0,0,0,0,0,0,5000,1,40.633060000000121,37.299999999999997,54.799999999999997,143.98700000000193,766.10000000000002,42.326319999999946,0,0,0,FIXED_FRAMES_REACHED,0,0,0,1,11ac24430d8d41a44d071df01f7701ff1d84cbbf94190b4b2c3d5f1c9f87e380,WORKTREE
bch.s2.impairment.result.v1,S2_07,BURST,BCH-B200,WHOLE_BLOCK_SHORTENED,BERLEKAMP_MASSEY_CHIEN,200,248,0.80645161290322576,0,-0.93421685162235091,2,0,0,NONE,0,0,1,UNIFORM_RANDOM,PURE,29,ONE_BEFORE_SEGMENT_BOUNDARY,POST_HARD_DECISION_BIT_FLIP,0,5000,1000000,145000,5000,0.11693548387096774,145000,5000,0.14499999999999999,1,0,0,0,0,0,0,5000,1,43.034480000000023,39.299999999999997,56.305000000000014,129.57200000000157,2209.5999999999999,45.046200000000034,0,0,0,FIXED_FRAMES_REACHED,0,0,0,1,8f4a3dc8f38977bc2e143444cf5386bd502b67cc65b2d2ab0f726a0b157d440b,WORKTREE
bch.s2.impairment.result.v1,S2_07,BURST,BCH-B200,WHOLE_BLOCK_SHORTENED,BERLEKAMP_MASSEY_CHIEN,200,248,0.80645161290322576,0,-0.93421685162235091,2,0,0,NONE,0,0,1,UNIFORM_RANDOM,PURE,29,ON_SEGMENT_BOUNDARY,POST_HARD_DECISION_BIT_FLIP,0,5000,1000000,145000,5000,0.11693548387096774,145000,5000,0.14499999999999999,1,0,0,0,0,0,0,5000,1,35.19645999999986,30.399999999999999,49.405000000000015,76.108000000000175,486,36.771160000000059,0,0,0,FIXED_FRAMES_REACHED,0,0,0,1,31ae16629c2e0c5017cf4f92ce0fa2ee8f1ebcefa68d00832ff7931dfa560399,WORKTREE
bch.s2.impairment.result.v1,S2_07,BURST,BCH-B200,WHOLE_BLOCK_SHORTENED,BERLEKAMP_MASSEY_CHIEN,200,248,0.80645161290322576,0,-0.93421685162235091,2,0,0,NONE,0,0,1,UNIFORM_RANDOM,PURE,29,UNIFORM_RANDOM,POST_HARD_DECISION_BIT_FLIP,0,5000,1000000,145000,5000,0.11693548387096774,121703,4509,0.12170300000000001,0.90180000000000005,491,0.098199999999999996,0,0,0,0,5000,1,39.679280000000013,37.700000000000003,52.299999999999997,102.80100000000002,972.60000000000002,41.57908000000004,0,0,0,FIXED_FRAMES_REACHED,0,0,0,1,fba6a3ecdd82121f1814455410b76421b0098410937ad79517689ca5a21a1929,WORKTREE
bch.s2.impairment.result.v1,S2_07,BURST,BCH-B200,WHOLE_BLOCK_SHORTENED,BERLEKAMP_MASSEY_CHIEN,200,248,0.80645161290322576,0,-0.93421685162235091,2,0,0,NONE,0,0,1,UNIFORM_RANDOM,PURE,30,FRAME_START,POST_HARD_DECISION_BIT_FLIP,0,5000,1000000,150000,5000,0.12096774193548387,150000,5000,0.14999999999999999,1,0,0,0,0,0,0,5000,1,34.956239999999987,30.300000000000001,48.299999999999997,80.006000000000128,902.70000000000005,36.467759999999963,0,0,0,FIXED_FRAMES_REACHED,0,0,0,1,3710846fed1abb489d69c02adb917567c1512b29f03ac5c25ef0edeb88aaaeeb,WORKTREE
bch.s2.impairment.result.v1,S2_07,BURST,BCH-B200,WHOLE_BLOCK_SHORTENED,BERLEKAMP_MASSEY_CHIEN,200,248,0.80645161290322576,0,-0.93421685162235091,2,0,0,NONE,0,0,1,UNIFORM_RANDOM,PURE,30,FRAME_END,POST_HARD_DECISION_BIT_FLIP,0,5000,1000000,150000,5000,0.12096774193548387,0,0,0,0,5000,1,0,0,0,0,5000,1,35.045059999999907,30.699999999999999,48.799999999999997,80.015000000000327,566.89999999999998,36.495519999999964,0,0,0,FIXED_FRAMES_REACHED,0,0,0,1,342acaab2b4c15b8a105ead66d0c6a0dd73d532b03f4903ffdcdddc8282f91d0,WORKTREE
bch.s2.impairment.result.v1,S2_07,BURST,BCH-B200,WHOLE_BLOCK_SHORTENED,BERLEKAMP_MASSEY_CHIEN,200,248,0.80645161290322576,0,-0.93421685162235091,2,0,0,NONE,0,0,1,UNIFORM_RANDOM,PURE,30,SEGMENT_INTERIOR,POST_HARD_DECISION_BIT_FLIP,0,5000,1000000,150000,5000,0.12096774193548387,150000,5000,0.14999999999999999,1,0,0,0,0,0,0,5000,1,34.226720000000043,29.699999999999999,48.899999999999999,74.202000000000055,371.10000000000002,35.694700000000118,0,0,0,FIXED_FRAMES_REACHED,0,0,0,1,ff1b3ae483aebf04179dd20fe12d4ad04b0244683d3179917f0746b485ddb181,WORKTREE
bch.s2.impairment.result.v1,S2_07,BURST,BCH-B200,WHOLE_BLOCK_SHORTENED,BERLEKAMP_MASSEY_CHIEN,200,248,0.80645161290322576,0,-0.93421685162235091,2,0,0,NONE,0,0,1,UNIFORM_RANDOM,PURE,30,ONE_BEFORE_SEGMENT_BOUNDARY,POST_HARD_DECISION_BIT_FLIP,0,5000,1000000,150000,5000,0.12096774193548387,150000,5000,0.14999999999999999,1,0,0,0,0,0,0,5000,1,33.34904000000008,29.399999999999999,46.600000000000001,73.202000000000055,467.89999999999998,34.843759999999953,0,0,0,FIXED_FRAMES_REACHED,0,0,0,1,e95f9710bbb16575a8ad374cd329dd107f9c963e2547cd65bd8400963a3bbf3b,WORKTREE
bch.s2.impairment.result.v1,S2_07,BURST,BCH-B200,WHOLE_BLOCK_SHORTENED,BERLEKAMP_MASSEY_CHIEN,200,248,0.80645161290322576,0,-0.93421685162235091,2,0,0,NONE,0,0,1,UNIFORM_RANDOM,PURE,30,ON_SEGMENT_BOUNDARY,POST_HARD_DECISION_BIT_FLIP,0,5000,1000000,150000,5000,0.12096774193548387,150000,5000,0.14999999999999999,1,0,0,0,0,0,0,5000,1,33.959500000000006,29.399999999999999,47.100000000000001,70.605000000000103,606.10000000000002,35.428539999999984,0,0,0,FIXED_FRAMES_REACHED,0,0,0,1,b774cd845a25088772ee9b8af93fe061f3f43ef96b200f7e45d32404af22b8f6,WORKTREE
bch.s2.impairment.result.v1,S2_07,BURST,BCH-B200,WHOLE_BLOCK_SHORTENED,BERLEKAMP_MASSEY_CHIEN,200,248,0.80645161290322576,0,-0.93421685162235091,2,0,0,NONE,0,0,1,UNIFORM_RANDOM,PURE,30,UNIFORM_RANDOM,POST_HARD_DECISION_BIT_FLIP,0,5000,1000000,150000,5000,0.12096774193548387,127325,4574,0.12732499999999999,0.91479999999999995,426,0.085199999999999998,0,0,0,0,5000,1,36.941999999999908,35.899999999999999,50.205000000000027,94.214000000000311,831.20000000000005,39.136620000000029,0,0,0,FIXED_FRAMES_REACHED,0,0,0,1,e012a9ef69fb34245511ada67e5da13647e22774718d62c610c490a5874bfdad,WORKTREE
bch.s2.impairment.result.v1,S2_07,BURST,BCH-B200,WHOLE_BLOCK_SHORTENED,BERLEKAMP_MASSEY_CHIEN,200,248,0.80645161290322576,0,-0.93421685162235091,2,0,0,NONE,0,0,1,UNIFORM_RANDOM,PURE,31,FRAME_START,POST_HARD_DECISION_BIT_FLIP,0,5000,1000000,155000,5000,0.125,155000,5000,0.155,1,0,0,0,0,0,0,5000,1,38.19016000000007,35.799999999999997,50.505000000000017,105.70200000000006,1794.3,39.969440000000027,0,0,0,FIXED_FRAMES_REACHED,0,0,0,1,c2344801151ea1efe96c671808cf9ee72cd26c3ee3084fe16e739e26bef8bb65,WORKTREE
bch.s2.impairment.result.v1,S2_07,BURST,BCH-B200,WHOLE_BLOCK_SHORTENED,BERLEKAMP_MASSEY_CHIEN,200,248,0.80645161290322576,0,-0.93421685162235091,2,0,0,NONE,0,0,1,UNIFORM_RANDOM,PURE,31,FRAME_END,POST_HARD_DECISION_BIT_FLIP,0,5000,1000000,155000,5000,0.125,0,0,0,0,5000,1,0,0,0,0,5000,1,37.54192000000004,34,51,91.913000000000281,656.10000000000002,39.168060000000054,0,0,0,FIXED_FRAMES_REACHED,0,0,0,1,72adc66e0a7f16731534018a9e0742c8f4c1404ede942bd4234dcafa2f56022a,WORKTREE
bch.s2.impairment.result.v1,S2_07,BURST,BCH-B200,WHOLE_BLOCK_SHORTENED,BERLEKAMP_MASSEY_CHIEN,200,248,0.80645161290322576,0,-0.93421685162235091,2,0,0,NONE,0,0,1,UNIFORM_RANDOM,PURE,31,SEGMENT_INTERIOR,POST_HARD_DECISION_BIT_FLIP,0,5000,1000000,155000,5000,0.125,155000,5000,0.155,1,0,0,0,0,0,0,5000,1,53.945679999999889,39.700000000000003,87.90500000000003,285.71800000000036,8453.6000000000004,56.766119999999951,0,0,0,FIXED_FRAMES_REACHED,0,0,0,1,bfbbc2467075a839d9bede24d90e81fd8bccdce11fef4a882eb8b27a3339abcf,WORKTREE
bch.s2.impairment.result.v1,S2_07,BURST,BCH-B200,WHOLE_BLOCK_SHORTENED,BERLEKAMP_MASSEY_CHIEN,200,248,0.80645161290322576,0,-0.93421685162235091,2,0,0,NONE,0,0,1,UNIFORM_RANDOM,PURE,31,ONE_BEFORE_SEGMENT_BOUNDARY,POST_HARD_DECISION_BIT_FLIP,0,5000,1000000,155000,5000,0.125,155000,5000,0.155,1,0,0,0,0,0,0,5000,1,40.035840000000086,37.700000000000003,53.600000000000001,108.70600000000015,615.39999999999998,41.838759999999873,0,0,0,FIXED_FRAMES_REACHED,0,0,0,1,97dc455ca1c6fb157fcafb7bf6448843843a663ba5a82c649f79568d8c4dffc6,WORKTREE
bch.s2.impairment.result.v1,S2_07,BURST,BCH-B200,WHOLE_BLOCK_SHORTENED,BERLEKAMP_MASSEY_CHIEN,200,248,0.80645161290322576,0,-0.93421685162235091,2,0,0,NONE,0,0,1,UNIFORM_RANDOM,PURE,31,ON_SEGMENT_BOUNDARY,POST_HARD_DECISION_BIT_FLIP,0,5000,1000000,155000,5000,0.125,155000,5000,0.155,1,0,0,0,0,0,0,5000,1,36.578259999999915,34.849999999999994,49.605000000000018,79.707000000000164,717.20000000000005,38.182080000000006,0,0,0,FIXED_FRAMES_REACHED,0,0,0,1,63a8a5550b7743c600939f402a98e3cc9bf260202c861c3de59907a67119cbfb,WORKTREE
bch.s2.impairment.result.v1,S2_07,BURST,BCH-B200,WHOLE_BLOCK_SHORTENED,BERLEKAMP_MASSEY_CHIEN,200,248,0.80645161290322576,0,-0.93421685162235091,2,0,0,NONE,0,0,1,UNIFORM_RANDOM,PURE,31,UNIFORM_RANDOM,POST_HARD_DECISION_BIT_FLIP,0,5000,1000000,155000,5000,0.125,132215,4606,0.132215,0.92120000000000002,394,0.078799999999999995,0,0,0,0,5000,1,34.429419999999872,30.699999999999999,46.299999999999997,70.002000000000038,477.80000000000001,35.984039999999887,0,0,0,FIXED_FRAMES_REACHED,0,0,0,1,dc3545ea0c45473b2cf2af9e4cf692050ff58d2698598218145b8d64413559e2,WORKTREE
bch.s2.impairment.result.v1,S2_07,BURST,BCH-B200,WHOLE_BLOCK_SHORTENED,BERLEKAMP_MASSEY_CHIEN,200,248,0.80645161290322576,0,-0.93421685162235091,2,0,0,NONE,0,0,1,UNIFORM_RANDOM,PURE,32,FRAME_START,POST_HARD_DECISION_BIT_FLIP,0,5000,1000000,160000,5000,0.12903225806451613,160000,5000,0.16,1,0,0,0,0,0,0,5000,1,39.572320000000005,37.200000000000003,54.600000000000001,127.31700000000036,817.60000000000002,41.243979999999979,0,0,0,FIXED_FRAMES_REACHED,0,0,0,1,a853e1ac4196574344fdafc0e39ea53ecb662642625e458d988076d1f041577a,WORKTREE
bch.s2.impairment.result.v1,S2_07,BURST,BCH-B200,WHOLE_BLOCK_SHORTENED,BERLEKAMP_MASSEY_CHIEN,200,248,0.80645161290322576,0,-0.93421685162235091,2,0,0,NONE,0,0,1,UNIFORM_RANDOM,PURE,32,FRAME_END,POST_HARD_DECISION_BIT_FLIP,0,5000,1000000,160000,5000,0.12903225806451613,0,0,0,0,5000,1,0,0,0,0,5000,1,33.868880000000019,29.199999999999999,46.799999999999997,75.904000000000096,516.10000000000002,35.306600000000095,0,0,0,FIXED_FRAMES_REACHED,0,0,0,1,821960afe17735e0c82ff6408be3393da0e6c032a25bafe9b3bded01ffc509f9,WORKTREE
bch.s2.impairment.result.v1,S2_07,BURST,BCH-B200,WHOLE_BLOCK_SHORTENED,BERLEKAMP_MASSEY_CHIEN,200,248,0.80645161290322576,0,-0.93421685162235091,2,0,0,NONE,0,0,1,UNIFORM_RANDOM,PURE,32,SEGMENT_INTERIOR,POST_HARD_DECISION_BIT_FLIP,0,5000,1000000,160000,5000,0.12903225806451613,160000,5000,0.16,1,0,0,0,0,0,0,5000,1,49.190680000000057,38.600000000000001,82.825000000000088,240.7600000000013,3163.5,51.364239999999917,0,0,0,FIXED_FRAMES_REACHED,0,0,0,1,b842a631beea3ed932cc5c916cfd0c6781a70736bb11a0b63ecb61dbbb20544c,WORKTREE
bch.s2.impairment.result.v1,S2_07,BURST,BCH-B200,WHOLE_BLOCK_SHORTENED,BERLEKAMP_MASSEY_CHIEN,200,248,0.80645161290322576,0,-0.93421685162235091,2,0,0,NONE,0,0,1,UNIFORM_RANDOM,PURE,32,ONE_BEFORE_SEGMENT_BOUNDARY,POST_HARD_DECISION_BIT_FLIP,0,5000,1000000,160000,5000,0.12903225806451613,160000,5000,0.16,1,0,0,0,0,0,0,5000,1,37.150559999999949,34.799999999999997,51.100000000000001,99.400000000000006,770.20000000000005,38.742439999999924,0,0,0,FIXED_FRAMES_REACHED,0,0,0,1,2dace97ffcce196b2259b5b5cbc01a95827b4e050ca1d4b2b50387ecab744a51,WORKTREE
bch.s2.impairment.result.v1,S2_07,BURST,BCH-B200,WHOLE_BLOCK_SHORTENED,BERLEKAMP_MASSEY_CHIEN,200,248,0.80645161290322576,0,-0.93421685162235091,2,0,0,NONE,0,0,1,UNIFORM_RANDOM,PURE,32,ON_SEGMENT_BOUNDARY,POST_HARD_DECISION_BIT_FLIP,0,5000,1000000,160000,5000,0.12903225806451613,160000,5000,0.16,1,0,0,0,0,0,0,5000,1,35.762259999999991,32.600000000000001,49.799999999999997,73.50800000000018,586.60000000000002,37.289980000000021,0,0,0,FIXED_FRAMES_REACHED,0,0,0,1,89182d686aff48f4b6978fe969b0cad87b16c20f14cb26ba739a86b02f1c5c87,WORKTREE
bch.s2.impairment.result.v1,S2_07,BURST,BCH-B200,WHOLE_BLOCK_SHORTENED,BERLEKAMP_MASSEY_CHIEN,200,248,0.80645161290322576,0,-0.93421685162235091,2,0,0,NONE,0,0,1,UNIFORM_RANDOM,PURE,32,UNIFORM_RANDOM,POST_HARD_DECISION_BIT_FLIP,0,5000,1000000,160000,5000,0.12903225806451613,136958,4628,0.136958,0.92559999999999998,372,0.074399999999999994,0,0,0,0,5000,1,36.555839999999826,35.899999999999999,49.705000000000027,75.507000000000147,352.5,38.194399999999987,0,0,0,FIXED_FRAMES_REACHED,0,0,0,1,428a9b7554585e9369e16200d35a7ea5813437bdb16fe6e0dfe61b7012798e64,WORKTREE
bch.s2.impairment.result.v1,S2_07,BURST,BCH-B200,WHOLE_BLOCK_SHORTENED,BERLEKAMP_MASSEY_CHIEN,200,248,0.80645161290322576,0,-0.93421685162235091,2,0,0,NONE,0,0,1,UNIFORM_RANDOM,PURE,48,FRAME_START,POST_HARD_DECISION_BIT_FLIP,0,5000,1000000,240000,5000,0.19354838709677419,240000,5000,0.23999999999999999,1,0,0,0,0,0,0,5000,1,34.123199999999898,29.399999999999999,47.399999999999999,68.104000000000084,440.80000000000001,35.587160000000111,0,0,0,FIXED_FRAMES_REACHED,0,0,0,1,575a34c411f86fc0545cc45c80cb4e0273ce36ac202fd4f053b6bfd2c45f1eab,WORKTREE
bch.s2.impairment.result.v1,S2_07,BURST,BCH-B200,WHOLE_BLOCK_SHORTENED,BERLEKAMP_MASSEY_CHIEN,200,248,0.80645161290322576,0,-0.93421685162235091,2,0,0,NONE,0,0,1,UNIFORM_RANDOM,PURE,48,FRAME_END,POST_HARD_DECISION_BIT_FLIP,0,5000,1000000,240000,5000,0.19354838709677419,0,0,0,0,5000,1,0,0,0,0,5000,1,37.966960000000014,36.100000000000001,50.700000000000003,100.01100000000024,1288.7,39.569339999999848,0,0,0,FIXED_FRAMES_REACHED,0,0,0,1,0ed57ed63b8519aa0eba0aa638691c7b2b28b6780c685a0314f20279b3844d6c,WORKTREE
bch.s2.impairment.result.v1,S2_07,BURST,BCH-B200,WHOLE_BLOCK_SHORTENED,BERLEKAMP_MASSEY_CHIEN,200,248,0.80645161290322576,0,-0.93421685162235091,2,0,0,NONE,0,0,1,UNIFORM_RANDOM,PURE,48,SEGMENT_INTERIOR,POST_HARD_DECISION_BIT_FLIP,0,5000,1000000,240000,5000,0.19354838709677419,240000,5000,0.23999999999999999,1,0,0,0,0,0,0,5000,1,45.760619999999754,38,73.299999999999997,205.52600000000058,9298.2000000000007,47.986259999999994,0,0,0,FIXED_FRAMES_REACHED,0,0,0,1,e271a7a4924cb92fdb65a1b83663dfdf3c52a949efd7e9fe7ac20bec1b7deb7b,WORKTREE
bch.s2.impairment.result.v1,S2_07,BURST,BCH-B200,WHOLE_BLOCK_SHORTENED,BERLEKAMP_MASSEY_CHIEN,200,248,0.80645161290322576,0,-0.93421685162235091,2,0,0,NONE,0,0,1,UNIFORM_RANDOM,PURE,48,ONE_BEFORE_SEGMENT_BOUNDARY,POST_HARD_DECISION_BIT_FLIP,0,5000,1000000,240000,5000,0.19354838709677419,240000,5000,0.23999999999999999,1,0,0,0,0,0,0,5000,1,35.269920000000091,33.799999999999997,47.905000000000015,62.906000000000127,607.39999999999998,36.809240000000095,0,0,0,FIXED_FRAMES_REACHED,0,0,0,1,ef802d79f8e4e524e89127e3a229f37ac4c78bfe7231e7300c96507a8f016961,WORKTREE
bch.s2.impairment.result.v1,S2_07,BURST,BCH-B200,WHOLE_BLOCK_SHORTENED,BERLEKAMP_MASSEY_CHIEN,200,248,0.80645161290322576,0,-0.93421685162235091,2,0,0,NONE,0,0,1,UNIFORM_RANDOM,PURE,48,ON_SEGMENT_BOUNDARY,POST_HARD_DECISION_BIT_FLIP,0,5000,1000000,240000,5000,0.19354838709677419,240000,5000,0.23999999999999999,1,0,0,0,0,0,0,5000,1,36.87279999999997,35.399999999999999,50.5,91.839000000000837,614.70000000000005,38.533200000000029,0,0,0,FIXED_FRAMES_REACHED,0,0,0,1,88d03940bdce0654fc2e83d896d0c126f1f87dd5326a1e3ae49b99212b326c37,WORKTREE
bch.s2.impairment.result.v1,S2_07,BURST,BCH-B200,WHOLE_BLOCK_SHORTENED,BERLEKAMP_MASSEY_CHIEN,200,248,0.80645161290322576,0,-0.93421685162235091,2,0,0,NONE,0,0,1,UNIFORM_RANDOM,PURE,48,UNIFORM_RANDOM,POST_HARD_DECISION_BIT_FLIP,0,5000,1000000,240000,5000,0.19354838709677419,210524,4968,0.21052399999999999,0.99360000000000004,32,0.0064000000000000003,0,0,0,0,5000,1,38.518339999999974,37.399999999999999,50.700000000000003,107.41600000000035,1222.5999999999999,40.363899999999916,0,0,0,FIXED_FRAMES_REACHED,0,0,0,1,a5aca9e5420e15ebc853bef011b8299c5569450cdbf9b0b6c9417d84cc689026,WORKTREE
bch.s2.impairment.result.v1,S2_07,BURST,BCH-B200,WHOLE_BLOCK_SHORTENED,BERLEKAMP_MASSEY_CHIEN,200,248,0.80645161290322576,0,-0.93421685162235091,2,0,0,NONE,0,0,1,UNIFORM_RANDOM,PURE,64,FRAME_START,POST_HARD_DECISION_BIT_FLIP,0,5000,1000000,320000,5000,0.25806451612903225,320000,5000,0.32000000000000001,1,0,0,0,0,0,0,5000,1,57.36542000000005,39.5,104.61500000000004,386.67500000000166,4659.6999999999998,59.870840000000221,0,0,0,FIXED_FRAMES_REACHED,0,0,0,1,5226b6249c5780e9a99b47733c4dc85727b983e535ed59c35831a31133f2647b,WORKTREE
bch.s2.impairment.result.v1,S2_07,BURST,BCH-B200,WHOLE_BLOCK_SHORTENED,BERLEKAMP_MASSEY_CHIEN,200,248,0.80645161290322576,0,-0.93421685162235091,2,0,0,NONE,0,0,1,UNIFORM_RANDOM,PURE,64,FRAME_END,POST_HARD_DECISION_BIT_FLIP,0,5000,1000000,320000,5000,0.25806451612903225,80000,5000,0.080000000000000002,1,0,0,0,0,0,0,5000,1,45.381979999999764,38.899999999999999,70.305000000000007,198.25800000000126,1376.9000000000001,47.459060000000065,0,0,0,FIXED_FRAMES_REACHED,0,0,0,1,4a5274241db2f0259d987d9a25f8bb9cd5aaec349159e89addc125ed55fd54b4,WORKTREE
bch.s2.impairment.result.v1,S2_07,BURST,BCH-B200,WHOLE_BLOCK_SHORTENED,BERLEKAMP_MASSEY_CHIEN,200,248,0.80645161290322576,0,-0.93421685162235091,2,0,0,NONE,0,0,1,UNIFORM_RANDOM,PURE,64,SEGMENT_INTERIOR,POST_HARD_DECISION_BIT_FLIP,0,5000,1000000,320000,5000,0.25806451612903225,320000,5000,0.32000000000000001,1,0,0,0,0,0,0,5000,1,38.902279999999884,37.399999999999999,50.899999999999999,102.01600000000035,935.20000000000005,40.563020000000016,0,0,0,FIXED_FRAMES_REACHED,0,0,0,1,27983950813d548c9b154482ee68cfbf81611d836974674115cbda7b3fa04d6a,WORKTREE
bch.s2.impairment.result.v1,S2_07,BURST,BCH-B200,WHOLE_BLOCK_SHORTENED,BERLEKAMP_MASSEY_CHIEN,200,248,0.80645161290322576,0,-0.93421685162235091,2,0,0,NONE,0,0,1,UNIFORM_RANDOM,PURE,64,ONE_BEFORE_SEGMENT_BOUNDARY,POST_HARD_DECISION_BIT_FLIP,0,5000,1000000,320000,5000,0.25806451612903225,320000,5000,0.32000000000000001,1,0,0,0,0,0,0,5000,1,39.935340000000089,37.600000000000001,52.899999999999999,113.9040000000001,1215.5,41.662140000000008,0,0,0,FIXED_FRAMES_REACHED,0,0,0,1,2d0959575708a2b8441e0d5ebd0b25307d2bdba88f63b5ebf632a56cc36c6d68,WORKTREE
bch.s2.impairment.result.v1,S2_07,BURST,BCH-B200,WHOLE_BLOCK_SHORTENED,BERLEKAMP_MASSEY_CHIEN,200,248,0.80645161290322576,0,-0.93421685162235091,2,0,0,NONE,0,0,1,UNIFORM_RANDOM,PURE,64,ON_SEGMENT_BOUNDARY,POST_HARD_DECISION_BIT_FLIP,0,5000,1000000,320000,5000,0.25806451612903225,320000,5000,0.32000000000000001,1,0,0,0,0,0,0,5000,1,50.867819999999952,39.399999999999999,87.299999999999997,286.70900000000017,4758.3000000000002,53.271519999999981,0,0,0,FIXED_FRAMES_REACHED,0,0,0,1,4e8b819964747cdbd2ef8fc7807ac7617ded1b38953d69b355802d6628f30be1,WORKTREE
bch.s2.impairment.result.v1,S2_07,BURST,BCH-B200,WHOLE_BLOCK_SHORTENED,BERLEKAMP_MASSEY_CHIEN,200,248,0.80645161290322576,0,-0.93421685162235091,2,0,0,NONE,0,0,1,UNIFORM_RANDOM,PURE,64,UNIFORM_RANDOM,POST_HARD_DECISION_BIT_FLIP,0,5000,1000000,320000,5000,0.25806451612903225,288315,5000,0.28831499999999999,1,0,0,0,0,0,0,5000,1,69.608160000000098,40.799999999999997,106.55000000000018,407.10700000000014,20759.799999999999,72.807299999999998,0,0,0,FIXED_FRAMES_REACHED,0,0,0,1,47c2e293489d18a787639619f36dedcabfc4e63b64995b4ef9ff109f772a38d9,WORKTREE
bch.s2.impairment.result.v1,S2_07,BURST,BCH-S300,SEGMENTED,SYNDROME_LOOKUP,300,420,0.7142857142857143,0,-1.46128035678238,2,0,0,NONE,0,0,1,UNIFORM_RANDOM,PURE,1,FRAME_START,POST_HARD_DECISION_BIT_FLIP,0,5000,1500000,5000,5000,0.0023809523809523812,0,0,0,0,5000,1,5000,1,0,0,0,0,20.763399999999951,16.899999999999999,32.200000000000003,44.102000000000046,333,22.540160000000025,0,0,0,FIXED_FRAMES_REACHED,0,0,0,1,4b53519d33d18c7cec4d9ce34a44173b1bb59e65c934a1c383482a8f5fbd3794,WORKTREE
bch.s2.impairment.result.v1,S2_07,BURST,BCH-S300,SEGMENTED,SYNDROME_LOOKUP,300,420,0.7142857142857143,0,-1.46128035678238,2,0,0,NONE,0,0,1,UNIFORM_RANDOM,PURE,1,FRAME_END,POST_HARD_DECISION_BIT_FLIP,0,5000,1500000,5000,5000,0.0023809523809523812,0,0,0,0,5000,1,5000,1,0,0,0,0,27.349620000000094,24.800000000000001,35.100000000000001,90.102000000000046,2084.1999999999998,29.668140000000019,0,0,0,FIXED_FRAMES_REACHED,0,0,0,1,94d73afaad24892293d2646e938caf3971a9fbf2ce08b3d211a3cd97ea0dfd97,WORKTREE
bch.s2.impairment.result.v1,S2_07,BURST,BCH-S300,SEGMENTED,SYNDROME_LOOKUP,300,420,0.7142857142857143,0,-1.46128035678238,2,0,0,NONE,0,0,1,UNIFORM_RANDOM,PURE,1,SEGMENT_INTERIOR,POST_HARD_DECISION_BIT_FLIP,0,5000,1500000,5000,5000,0.0023809523809523812,0,0,0,0,5000,1,5000,1,0,0,0,0,28.153419999999972,25.699999999999999,37.005000000000017,101.30100000000002,596.70000000000005,30.650920000000003,0,0,0,FIXED_FRAMES_REACHED,0,0,0,1,d9280fd4335115f346052ca4f5ead8f1373c91472deef9c07b8fd383ff5ddffe,WORKTREE
bch.s2.impairment.result.v1,S2_07,BURST,BCH-S300,SEGMENTED,SYNDROME_LOOKUP,300,420,0.7142857142857143,0,-1.46128035678238,2,0,0,NONE,0,0,1,UNIFORM_RANDOM,PURE,1,ONE_BEFORE_SEGMENT_BOUNDARY,POST_HARD_DECISION_BIT_FLIP,0,5000,1500000,5000,5000,0.0023809523809523812,0,0,0,0,5000,1,5000,1,0,0,0,0,29.260520000000117,26.699999999999999,38.600000000000001,92.916000000000352,927.89999999999998,31.756979999999992,0,0,0,FIXED_FRAMES_REACHED,0,0,0,1,6d5381f19d9dd1b2269b5f272b7e5e1d71b2a26a6255ae864f585fd279699f67,WORKTREE
bch.s2.impairment.result.v1,S2_07,BURST,BCH-S300,SEGMENTED,SYNDROME_LOOKUP,300,420,0.7142857142857143,0,-1.46128035678238,2,0,0,NONE,0,0,1,UNIFORM_RANDOM,PURE,1,ON_SEGMENT_BOUNDARY,POST_HARD_DECISION_BIT_FLIP,0,5000,1500000,5000,5000,0.0023809523809523812,0,0,0,0,5000,1,5000,1,0,0,0,0,23.739740000000015,20,35.200000000000003,87.404000000000096,867.70000000000005,25.992200000000082,0,0,0,FIXED_FRAMES_REACHED,0,0,0,1,19f53bb459734280367db989b632499937e1113d1e0f9c9e4a850c71e1db780d,WORKTREE
bch.s2.impairment.result.v1,S2_07,BURST,BCH-S300,SEGMENTED,SYNDROME_LOOKUP,300,420,0.7142857142857143,0,-1.46128035678238,2,0,0,NONE,0,0,1,UNIFORM_RANDOM,PURE,1,UNIFORM_RANDOM,POST_HARD_DECISION_BIT_FLIP,0,5000,1500000,5000,5000,0.0023809523809523812,0,0,0,0,5000,1,5000,1,0,0,0,0,32.496520000000039,26.399999999999999,58.799999999999997,180.90200000000007,1868.4000000000001,35.396859999999997,0,0,0,FIXED_FRAMES_REACHED,0,0,0,1,bd862ab4a1e42e0af266013a6545bf8604f7cb3691779460305457d1c9b44455,WORKTREE
bch.s2.impairment.result.v1,S2_07,BURST,BCH-S300,SEGMENTED,SYNDROME_LOOKUP,300,420,0.7142857142857143,0,-1.46128035678238,2,0,0,NONE,0,0,1,UNIFORM_RANDOM,PURE,2,FRAME_START,POST_HARD_DECISION_BIT_FLIP,0,5000,1500000,10000,5000,0.0047619047619047623,10000,5000,0.0066666666666666671,1,0,0,5000,1,5000,1,0,0,20.844400000000022,17.100000000000001,31.899999999999999,40.501000000000019,304.69999999999999,22.65839999999999,0,0,0,FIXED_FRAMES_REACHED,0,0,0,1,3b6835f03ef395730aae36ef107d257178f7cb584ce1146e0f2cc1bf5530686e,WORKTREE
bch.s2.impairment.result.v1,S2_07,BURST,BCH-S300,SEGMENTED,SYNDROME_LOOKUP,300,420,0.7142857142857143,0,-1.46128035678238,2,0,0,NONE,0,0,1,UNIFORM_RANDOM,PURE,2,FRAME_END,POST_HARD_DECISION_BIT_FLIP,0,5000,1500000,10000,5000,0.0047619047619047623,0,0,0,0,5000,1,5000,1,0,0,0,0,22.265860000000028,20.850000000000001,32,57.801000000000023,459.89999999999998,24.237199999999977,0,0,0,FIXED_FRAMES_REACHED,0,0,0,1,a388dd418a8669ac658820279f3649dc7f0c69cd0b8f09791878a7a89831fe5a,WORKTREE
bch.s2.impairment.result.v1,S2_07,BURST,BCH-S300,SEGMENTED,SYNDROME_LOOKUP,300,420,0.7142857142857143,0,-1.46128035678238,2,0,0,NONE,0,0,1,UNIFORM_RANDOM,PURE,2,SEGMENT_INTERIOR,POST_HARD_DECISION_BIT_FLIP,0,5000,1500000,10000,5000,0.0047619047619047623,15000,5000,0.01,1,0,0,5000,1,5000,1,0,0,24.523460000000064,22.800000000000001,36.805000000000014,64.804000000000073,893.29999999999995,26.667419999999968,0,0,0,FIXED_FRAMES_REACHED,0,0,0,1,565a2bd5333fcaaba317d59494aa824c1e1aeb2294915acce96d83b3bf6e087c,WORKTREE
bch.s2.impairment.result.v1,S2_07,BURST,BCH-S300,SEGMENTED,SYNDROME_LOOKUP,300,420,0.7142857142857143,0,-1.46128035678238,2,0,0,NONE,0,0,1,UNIFORM_RANDOM,PURE,2,ONE_BEFORE_SEGMENT_BOUNDARY,POST_HARD_DECISION_BIT_FLIP,0,5000,1500000,10000,5000,0.0047619047619047623,0,0,0,0,5000,1,5000,1,0,0,0,0,37.038899999999963,28.100000000000001,70.5,230.01000000000022,1983.5,40.014439999999993,0,0,0,FIXED_FRAMES_REACHED,0,0,0,1,b42df49c6ad1fafd27bb67eecc95d0c81e9ff7ff40ff88bc02082613019ce150,WORKTREE
bch.s2.impairment.result.v1,S2_07,BURST,BCH-S300,SEGMENTED,SYNDROME_LOOKUP,300,420,0.7142857142857143,0,-1.46128035678238,2,0,0,NONE,0,0,1,UNIFORM_RANDOM,PURE,2,ON_SEGMENT_BOUNDARY,POST_HARD_DECISION_BIT_FLIP,0,5000,1500000,10000,5000,0.0047619047619047623,10000,5000,0.0066666666666666671,1,0,0,5000,1,5000,1,0,0,23.81630000000002,23.100000000000001,33.105000000000018,64.116000000000341,920.70000000000005,26.087879999999991,0,0,0,FIXED_FRAMES_REACHED,0,0,0,1,781ef50002877b80aa5b19891d930a83b4aa4fab8bb17676e03f0d49baf7ee13,WORKTREE
bch.s2.impairment.result.v1,S2_07,BURST,BCH-S300,SEGMENTED,SYNDROME_LOOKUP,300,420,0.7142857142857143,0,-1.46128035678238,2,0,0,NONE,0,0,1,UNIFORM_RANDOM,PURE,2,UNIFORM_RANDOM,POST_HARD_DECISION_BIT_FLIP,0,5000,1500000,10000,5000,0.0047619047619047623,10417,4587,0.0069446666666666667,0.91739999999999999,413,0.082600000000000007,5000,1,4587,0.91739999999999999,0,0,23.789040000000028,23,35.305000000000014,63.901000000000018,788.10000000000002,26.019200000000044,0,0,0,FIXED_FRAMES_REACHED,0,0,0,1,e0e56594555d5efe3685c3baf1e28a1c93484a4c7e18c8108138a1781d3b09cb,WORKTREE
bch.s2.impairment.result.v1,S2_07,BURST,BCH-S300,SEGMENTED,SYNDROME_LOOKUP,300,420,0.7142857142857143,0,-1.46128035678238,2,0,0,NONE,0,0,1,UNIFORM_RANDOM,PURE,3,FRAME_START,POST_HARD_DECISION_BIT_FLIP,0,5000,1500000,15000,5000,0.0071428571428571426,20000,5000,0.013333333333333334,1,0,0,5000,1,5000,1,0,0,21.337620000000069,17.199999999999999,34.100000000000001,44.401000000000018,401.10000000000002,23.197539999999954,0,0,0,FIXED_FRAMES_REACHED,0,0,0,1,e926209e9be6f7843fff5baa188f70eda7e47b43ceda534a2a5e9e53211bec4f,WORKTREE
bch.s2.impairment.result.v1,S2_07,BURST,BCH-S300,SEGMENTED,SYNDROME_LOOKUP,300,420,0.7142857142857143,0,-1.46128035678238,2,0,0,NONE,0,0,1,UNIFORM_RANDOM,PURE,3,FRAME_END,POST_HARD_DECISION_BIT_FLIP,0,5000,1500000,15000,5000,0.0071428571428571426,0,0,0,0,5000,1,5000,1,0,0,0,0,23.523940000000007,23.899999999999999,32.005000000000017,58.909000000000191,418.19999999999999,25.535920000000001,0,0,0,FIXED_FRAMES_REACHED,0,0,0,1,b893616fade979358ba4009c795b18b987de6a77b58ed28ed6d2e16f98fc6896,WORKTREE
bch.s2.impairment.result.v1,S2_07,BURST,BCH-S300,SEGMENTED,SYNDROME_LOOKUP,300,420,0.7142857142857143,0,-1.46128035678238,2,0,0,NONE,0,0,1,UNIFORM_RANDOM,PURE,3,SEGMENT_INTERIOR,POST_HARD_DECISION_BIT_FLIP,0,5000,1500000,15000,5000,0.0071428571428571426,15000,5000,0.01,1,0,0,5000,1,5000,1,0,0,35.109839999999956,26.199999999999999,61.310000000000031,202.62600000000054,6086.6999999999998,37.886059999999901,0,0,0,FIXED_FRAMES_REACHED,0,0,0,1,a09ef601d13880825085caf7d1c24a4fe09ab868acbe52f52cd1dd88a5469b53,WORKTREE
bch.s2.impairment.result.v1,S2_07,BURST,BCH-S300,SEGMENTED,SYNDROME_LOOKUP,300,420,0.7142857142857143,0,-1.46128035678238,2,0,0,NONE,0,0,1,UNIFORM_RANDOM,PURE,3,ONE_BEFORE_SEGMENT_BOUNDARY,POST_HARD_DECISION_BIT_FLIP,0,5000,1500000,15000,5000,0.0071428571428571426,10000,5000,0.0066666666666666671,1,0,0,5000,1,5000,1,0,0,27.948919999999962,26.199999999999999,38.105000000000018,84.93100000000068,792.20000000000005,30.430440000000019,0,0,0,FIXED_FRAMES_REACHED,0,0,0,1,caaf0d9b4043ecbeeaca29eefd6c4e43175f01240d3af8321c5d1d6044fa6b74,WORKTREE
bch.s2.impairment.result.v1,S2_07,BURST,BCH-S300,SEGMENTED,SYNDROME_LOOKUP,300,420,0.7142857142857143,0,-1.46128035678238,2,0,0,NONE,0,0,1,UNIFORM_RANDOM,PURE,3,ON_SEGMENT_BOUNDARY,POST_HARD_DECISION_BIT_FLIP,0,5000,1500000,15000,5000,0.0071428571428571426,20000,5000,0.013333333333333334,1,0,0,5000,1,5000,1,0,0,22.424300000000031,17.649999999999999,33.899999999999999,59.303000000000061,584.89999999999998,24.428839999999951,0,0,0,FIXED_FRAMES_REACHED,0,0,0,1,4a5d5b3460ba1938f9e3ca716ac78eeb145f691c7a0a859333a9154bfb863a11,WORKTREE
bch.s2.impairment.result.v1,S2_07,BURST,BCH-S300,SEGMENTED,SYNDROME_LOOKUP,300,420,0.7142857142857143,0,-1.46128035678238,2,0,0,NONE,0,0,1,UNIFORM_RANDOM,PURE,3,UNIFORM_RANDOM,POST_HARD_DECISION_BIT_FLIP,0,5000,1500000,15000,5000,0.0071428571428571426,13742,4931,0.0091613333333333338,0.98619999999999997,69,0.0138,5000,1,4931,0.98619999999999997,0,0,21.90824000000006,21.300000000000001,31.5,52.217000000000375,333,23.936740000000004,0,0,0,FIXED_FRAMES_REACHED,0,0,0,1,09e0fcdac2c5a8b2a0ff479340d9cce951f7bae1f24621d92de42ae762239f0b,WORKTREE
bch.s2.impairment.result.v1,S2_07,BURST,BCH-S300,SEGMENTED,SYNDROME_LOOKUP,300,420,0.7142857142857143,0,-1.46128035678238,2,0,0,NONE,0,0,1,UNIFORM_RANDOM,PURE,4,FRAME_START,POST_HARD_DECISION_BIT_FLIP,0,5000,1500000,20000,5000,0.0095238095238095247,25000,5000,0.016666666666666666,1,0,0,5000,1,5000,1,0,0,24.391839999999995,23.300000000000001,35.700000000000003,68.304000000000073,621.29999999999995,26.549279999999953,0,0,0,FIXED_FRAMES_REACHED,0,0,0,1,525441f35d57fd9f4f546d79e7b3f156cbadbf7f8723ebea8988e7060a830b12,WORKTREE
bch.s2.impairment.result.v1,S2_07,BURST,BCH-S300,SEGMENTED,SYNDROME_LOOKUP,300,420,0.7142857142857143,0,-1.46128035678238,2,0,0,NONE,0,0,1,UNIFORM_RANDOM,PURE,4,FRAME_END,POST_HARD_DECISION_BIT_FLIP,0,5000,1500000,20000,5000,0.0095238095238095247,5000,5000,0.0033333333333333335,1,0,0,5000,1,5000,1,0,0,32.510460000000009,26.050000000000001,51.005000000000017,150.00800000000018,5733.6999999999998,35.687759999999862,0,0,0,FIXED_FRAMES_REACHED,0,0,0,1,0b15fbec69e22b854423437c57750a41f2a4fdef14e7e82dea1fad8c23e78087,WORKTREE
bch.s2.impairment.result.v1,S2_07,BURST,BCH-S300,SEGMENTED,SYNDROME_LOOKUP,300,420,0.7142857142857143,0,-1.46128035678238,2,0,0,NONE,0,0,1,UNIFORM_RANDOM,PURE,4,SEGMENT_INTERIOR,POST_HARD_DECISION_BIT_FLIP,0,5000,1500000,20000,5000,0.0095238095238095247,20000,5000,0.013333333333333334,1,0,0,5000,1,5000,1,0,0,24.467040000000072,23.300000000000001,36.299999999999997,74.102000000000046,735.5,26.666700000000077,0,0,0,FIXED_FRAMES_REACHED,0,0,0,1,3dc31f487285f19965aa3ffa64ce6e4549f6124b2b052370d5d28845efa0e4b7,WORKTREE
bch.s2.impairment.result.v1,S2_07,BURST,BCH-S300,SEGMENTED,SYNDROME_LOOKUP,300,420,0.7142857142857143,0,-1.46128035678238,2,0,0,NONE,0,0,1,UNIFORM_RANDOM,PURE,4,ONE_BEFORE_SEGMENT_BOUNDARY,POST_HARD_DECISION_BIT_FLIP,0,5000,1500000,20000,5000,0.0095238095238095247,20000,5000,0.013333333333333334,1,0,0,5000,1,5000,1,0,0,23.098520000000022,23,32.399999999999999,60,531.29999999999995,25.159739999999964,0,0,0,FIXED_FRAMES_REACHED,0,0,0,1,cbfbe77253616972e6d51665e9aa19c8dc0da1d99e1bc118ad182a4c9ed092ee,WORKTREE
bch.s2.impairment.result.v1,S2_07,BURST,BCH-S300,SEGMENTED,SYNDROME_LOOKUP,300,420,0.7142857142857143,0,-1.46128035678238,2,0,0,NONE,0,0,1,UNIFORM_RANDOM,PURE,4,ON_SEGMENT_BOUNDARY,POST_HARD_DECISION_BIT_FLIP,0,5000,1500000,20000,5000,0.0095238095238095247,25000,5000,0.016666666666666666,1,0,0,5000,1,5000,1,0,0,25.456920000000029,23.899999999999999,36.805000000000014,87.310000000000215,625.5,27.874820000000017,0,0,0,FIXED_FRAMES_REACHED,0,0,0,1,d612013b7f0ae396429e2a99a36c269ebbb51b734d0e9f0cdb0e31d5d874887c,WORKTREE
bch.s2.impairment.result.v1,S2_07,BURST,BCH-S300,SEGMENTED,SYNDROME_LOOKUP,300,420,0.7142857142857143,0,-1.46128035678238,2,0,0,NONE,0,0,1,UNIFORM_RANDOM,PURE,4,UNIFORM_RANDOM,POST_HARD_DECISION_BIT_FLIP,0,5000,1500000,20000,5000,0.0095238095238095247,17625,4932,0.01175,0.98640000000000005,68,0.013599999999999999,5000,1,4932,0.98640000000000005,0,0,25.575700000000019,24.300000000000001,36.600000000000001,68.601000000000013,664.60000000000002,27.964080000000056,0,0,0,FIXED_FRAMES_REACHED,0,0,0,1,fa09f9f713618d204eb3fdee7c04bf8c2bdd90285b5d7cadc7a225dbb79cb3e3,WORKTREE
bch.s2.impairment.result.v1,S2_07,BURST,BCH-S300,SEGMENTED,SYNDROME_LOOKUP,300,420,0.7142857142857143,0,-1.46128035678238,2,0,0,NONE,0,0,1,UNIFORM_RANDOM,PURE,5,FRAME_START,POST_HARD_DECISION_BIT_FLIP,0,5000,1500000,25000,5000,0.011904761904761904,25000,5000,0.016666666666666666,1,0,0,5000,1,5000,1,0,0,20.451200000000028,16.100000000000001,31,51.402000000000037,761.89999999999998,22.365179999999928,0,0,0,FIXED_FRAMES_REACHED,0,0,0,1,9128cd0f4c0a6e18dcd410f7b5fcb548b9dce35c6f71fe1be62e2331ba3d5ba2,WORKTREE
bch.s2.impairment.result.v1,S2_07,BURST,BCH-S300,SEGMENTED,SYNDROME_LOOKUP,300,420,0.7142857142857143,0,-1.46128035678238,2,0,0,NONE,0,0,1,UNIFORM_RANDOM,PURE,5,FRAME_END,POST_HARD_DECISION_BIT_FLIP,0,5000,1500000,25000,5000,0.011904761904761904,0,0,0,0,5000,1,5000,1,0,0,0,0,22.472280000000005,22.300000000000001,31.300000000000001,54.101000000000028,405,24.395819999999983,0,0,0,FIXED_FRAMES_REACHED,0,0,0,1,fed8e03d60647ab8eaa26fa62866ff5fa63886803dfd77ed04b9a7a0c3d6c706,WORKTREE
bch.s2.impairment.result.v1,S2_07,BURST,BCH-S300,SEGMENTED,SYNDROME_LOOKUP,300,420,0.7142857142857143,0,-1.46128035678238,2,0,0,NONE,0,0,1,UNIFORM_RANDOM,PURE,5,SEGMENT_INTERIOR,POST_HARD_DECISION_BIT_FLIP,0,5000,1500000,25000,5000,0.011904761904761904,25000,5000,0.016666666666666666,1,0,0,5000,1,5000,1,0,0,21.057480000000034,16.399999999999999,33,44.304000000000087,357.10000000000002,22.940199999999979,0,0,0,FIXED_FRAMES_REACHED,0,0,0,1,b8caa784073cbf896c99120b38c53c32353be0f0090c9c1c4c9df39d86f4b12b,WORKTREE
bch.s2.impairment.result.v1,S2_07,BURST,BCH-S300,SEGMENTED,SYNDROME_LOOKUP,300,420,0.7142857142857143,0,-1.46128035678238,2,0,0,NONE,0,0,1,UNIFORM_RANDOM,PURE,5,ONE_BEFORE_SEGMENT_BOUNDARY,POST_HARD_DECISION_BIT_FLIP,0,5000,1500000,25000,5000,0.011904761904761904,25000,5000,0.016666666666666666,1,0,0,5000,1,5000,1,0,0,23.277000000000012,22.600000000000001,34.899999999999999,49.702000000000048,260.80000000000001,25.34941999999997,0,0,0,FIXED_FRAMES_REACHED,0,0,0,1,f89b52533bbd5c423c779ceeb14686fb1b07a820adfbf8e940907de4dab19c70,WORKTREE
bch.s2.impairment.result.v1,S2_07,BURST,BCH-S300,SEGMENTED,SYNDROME_LOOKUP,300,420,0.7142857142857143,0,-1.46128035678238,2,0,0,NONE,0,0,1,UNIFORM_RANDOM,PURE,5,ON_SEGMENT_BOUNDARY,POST_HARD_DECISION_BIT_FLIP,0,5000,1500000,25000,5000,0.011904761904761904,25000,5000,0.016666666666666666,1,0,0,5000,1,5000,1,0,0,20.980159999999959,16.399999999999999,30.600000000000001,41.303000000000061,304.39999999999998,22.936439999999997,0,0,0,FIXED_FRAMES_REACHED,0,0,0,1,de576a829463636bd0de0d51a214757c6316b3182ed8707379955abb6ab6bb06,WORKTREE
bch.s2.impairment.result.v1,S2_07,BURST,BCH-S300,SEGMENTED,SYNDROME_LOOKUP,300,420,0.7142857142857143,0,-1.46128035678238,2,0,0,NONE,0,0,1,UNIFORM_RANDOM,PURE,5,UNIFORM_RANDOM,POST_HARD_DECISION_BIT_FLIP,0,5000,1500000,25000,5000,0.011904761904761904,22398,4943,0.014932000000000001,0.98860000000000003,57,0.0114,5000,1,4943,0.98860000000000003,0,0,28.347359999999924,25.699999999999999,41.200000000000003,98.513000000000289,907,30.995460000000069,0,0,0,FIXED_FRAMES_REACHED,0,0,0,1,481d2ffaca18eb4911bbad9116b70229d1320a8e8952777e21d1059850cbda5b,WORKTREE
bch.s2.impairment.result.v1,S2_07,BURST,BCH-S300,SEGMENTED,SYNDROME_LOOKUP,300,420,0.7142857142857143,0,-1.46128035678238,2,0,0,NONE,0,0,1,UNIFORM_RANDOM,PURE,6,FRAME_START,POST_HARD_DECISION_BIT_FLIP,0,5000,1500000,30000,5000,0.014285714285714285,30000,5000,0.02,1,0,0,5000,1,5000,1,0,0,27.732059999999969,24.5,39.899999999999999,133.63000000000065,807.60000000000002,30.066819999999886,0,0,0,FIXED_FRAMES_REACHED,0,0,0,1,d9bc585d371aa1b50becb8213e60f5508611f5e73c3a9ee970613a23cd12ff2a,WORKTREE
bch.s2.impairment.result.v1,S2_07,BURST,BCH-S300,SEGMENTED,SYNDROME_LOOKUP,300,420,0.7142857142857143,0,-1.46128035678238,2,0,0,NONE,0,0,1,UNIFORM_RANDOM,PURE,6,FRAME_END,POST_HARD_DECISION_BIT_FLIP,0,5000,1500000,30000,5000,0.014285714285714285,0,0,0,0,5000,1,5000,1,0,0,0,0,21.906999999999993,20.649999999999999,32.20500000000002,51.420000000000435,487.69999999999999,23.930900000000054,0,0,0,FIXED_FRAMES_REACHED,0,0,0,1,2525ec5ce420b77cfb66ba48e6bfaa057d90e6ef4094ecae456ed639fc9d9c74,WORKTREE
bch.s2.impairment.result.v1,S2_07,BURST,BCH-S300,SEGMENTED,SYNDROME_LOOKUP,300,420,0.7142857142857143,0,-1.46128035678238,2,0,0,NONE,0,0,1,UNIFORM_RANDOM,PURE,6,SEGMENT_INTERIOR,POST_HARD_DECISION_BIT_FLIP,0,5000,1500000,30000,5000,0.014285714285714285,25000,5000,0.016666666666666666,1,0,0,5000,1,5000,1,0,0,25.863480000000052,24.600000000000001,36.200000000000003,80.509000000000199,555.79999999999995,28.156340000000053,0,0,0,FIXED_FRAMES_REACHED,0,0,0,1,3c3cb84d1345f940d115cc60ec5fa8a4f9c88cc51ed72a0caeb56fcd071f420b,WORKTREE
bch.s2.impairment.result.v1,S2_07,BURST,BCH-S300,SEGMENTED,SYNDROME_LOOKUP,300,420,0.7142857142857143,0,-1.46128035678238,2,0,0,NONE,0,0,1,UNIFORM_RANDOM,PURE,6,ONE_BEFORE_SEGMENT_BOUNDARY,POST_HARD_DECISION_BIT_FLIP,0,5000,1500000,30000,5000,0.014285714285714285,25000,5000,0.016666666666666666,1,0,0,5000,1,5000,1,0,0,23.223939999999931,21.5,34,60.806000000000132,792.60000000000002,25.213800000000074,0,0,0,FIXED_FRAMES_REACHED,0,0,0,1,434e015716dfc867beb59b5503fa370215dd244f5f8eca92e13a75bf70035059,WORKTREE
bch.s2.impairment.result.v1,S2_07,BURST,BCH-S300,SEGMENTED,SYNDROME_LOOKUP,300,420,0.7142857142857143,0,-1.46128035678238,2,0,0,NONE,0,0,1,UNIFORM_RANDOM,PURE,6,ON_SEGMENT_BOUNDARY,POST_HARD_DECISION_BIT_FLIP,0,5000,1500000,30000,5000,0.014285714285714285,30000,5000,0.02,1,0,0,5000,1,5000,1,0,0,22.432119999999969,19.199999999999999,34.799999999999997,57.814000000000306,282,24.627199999999984,0,0,0,FIXED_FRAMES_REACHED,0,0,0,1,71cfa3ce39b1d1d54897a6307283211b3668c17438501cfb36b4b5cbc0ca07d1,WORKTREE
bch.s2.impairment.result.v1,S2_07,BURST,BCH-S300,SEGMENTED,SYNDROME_LOOKUP,300,420,0.7142857142857143,0,-1.46128035678238,2,0,0,NONE,0,0,1,UNIFORM_RANDOM,PURE,6,UNIFORM_RANDOM,POST_HARD_DECISION_BIT_FLIP,0,5000,1500000,30000,5000,0.014285714285714285,25004,4944,0.016669333333333335,0.98880000000000001,56,0.0112,5000,1,4944,0.98880000000000001,0,0,21.355660000000029,17,30.399999999999999,43.501000000000019,718.29999999999995,23.345939999999999,0,0,0,FIXED_FRAMES_REACHED,0,0,0,1,1cb1e055e0fe1a6f665824493e25674dcf648d23da32a4c664cda4085d0803c7,WORKTREE
bch.s2.impairment.result.v1,S2_07,BURST,BCH-S300,SEGMENTED,SYNDROME_LOOKUP,300,420,0.7142857142857143,0,-1.46128035678238,2,0,0,NONE,0,0,1,UNIFORM_RANDOM,PURE,7,FRAME_START,POST_HARD_DECISION_BIT_FLIP,0,5000,1500000,35000,5000,0.016666666666666666,30000,5000,0.02,1,0,0,5000,1,5000,1,0,0,22.080920000000049,20.600000000000001,31.5,43.806000000000132,594.60000000000002,23.924579999999988,0,0,0,FIXED_FRAMES_REACHED,0,0,0,1,bd71f51371e24197454b09a903506159e074988ab37522b0a0556f642d508f6d,WORKTREE
bch.s2.impairment.result.v1,S2_07,BURST,BCH-S300,SEGMENTED,SYNDROME_LOOKUP,300,420,0.7142857142857143,0,-1.46128035678238,2,0,0,NONE,0,0,1,UNIFORM_RANDOM,PURE,7,FRAME_END,POST_HARD_DECISION_BIT_FLIP,0,5000,1500000,35000,5000,0.016666666666666666,0,0,0,0,5000,1,5000,1,0,0,0,0,22.647500000000054,21.25,34.605000000000018,51.913000000000281,327.10000000000002,24.750340000000062,0,0,0,FIXED_FRAMES_REACHED,0,0,0,1,f08aec2fdf7a057ca1831d8f9ef9a942f6b8bffbaddaf7b30dcd180ba0e37d9a,WORKTREE
bch.s2.impairment.result.v1,S2_07,BURST,BCH-S300,SEGMENTED,SYNDROME_LOOKUP,300,420,0.7142857142857143,0,-1.46128035678238,2,0,0,NONE,0,0,1,UNIFORM_RANDOM,PURE,7,SEGMENT_INTERIOR,POST_HARD_DECISION_BIT_FLIP,0,5000,1500000,35000,5000,0.016666666666666666,15000,5000,0.01,1,0,0,5000,1,5000,1,0,0,24.365459999999977,24.100000000000001,33.405000000000015,65.701000000000036,686.60000000000002,26.431120000000043,0,0,0,FIXED_FRAMES_REACHED,0,0,0,1,01df834a49ae5a0ae3661204f3145aba3c8b8d40a9a76fa505f1659fb6f3394a,WORKTREE
bch.s2.impairment.result.v1,S2_07,BURST,BCH-S300,SEGMENTED,SYNDROME_LOOKUP,300,420,0.7142857142857143,0,-1.46128035678238,2,0,0,NONE,0,0,1,UNIFORM_RANDOM,PURE,7,ONE_BEFORE_SEGMENT_BOUNDARY,POST_HARD_DECISION_BIT_FLIP,0,5000,1500000,35000,5000,0.016666666666666666,30000,5000,0.02,1,0,0,5000,1,5000,1,0,0,22.86104000000001,20.800000000000001,34.399999999999999,53.104000000000092,603,25.25147999999993,0,0,0,FIXED_FRAMES_REACHED,0,0,0,1,b32a7f0ead42f742fdfec006d36ae68169d08dd3cb7701cacffc702e04aba382,WORKTREE
bch.s2.impairment.result.v1,S2_07,BURST,BCH-S300,SEGMENTED,SYNDROME_LOOKUP,300,420,0.7142857142857143,0,-1.46128035678238,2,0,0,NONE,0,0,1,UNIFORM_RANDOM,PURE,7,ON_SEGMENT_BOUNDARY,POST_HARD_DECISION_BIT_FLIP,0,5000,1500000,35000,5000,0.016666666666666666,30000,5000,0.02,1,0,0,5000,1,5000,1,0,0,21.022560000000055,16.5,32.799999999999997,49.209000000000195,448.89999999999998,23.003839999999997,0,0,0,FIXED_FRAMES_REACHED,0,0,0,1,cbe5fc4a6a832cd74e2be1105a9a89954e36975408980646a20f58bc86520c35,WORKTREE
bch.s2.impairment.result.v1,S2_07,BURST,BCH-S300,SEGMENTED,SYNDROME_LOOKUP,300,420,0.7142857142857143,0,-1.46128035678238,2,0,0,NONE,0,0,1,UNIFORM_RANDOM,PURE,7,UNIFORM_RANDOM,POST_HARD_DECISION_BIT_FLIP,0,5000,1500000,35000,5000,0.016666666666666666,24157,4915,0.016104666666666666,0.98299999999999998,85,0.017000000000000001,5000,1,4915,0.98299999999999998,0,0,21.627419999999947,22.800000000000001,28.800000000000001,38.601000000000028,423.10000000000002,23.588459999999991,0,0,0,FIXED_FRAMES_REACHED,0,0,0,1,e05ad492dcc457e56c56b17622544ffc439de409fcd2ad95800ab667efc35ace,WORKTREE
bch.s2.impairment.result.v1,S2_07,BURST,BCH-S300,SEGMENTED,SYNDROME_LOOKUP,300,420,0.7142857142857143,0,-1.46128035678238,2,0,0,NONE,0,0,1,UNIFORM_RANDOM,PURE,8,FRAME_START,POST_HARD_DECISION_BIT_FLIP,0,5000,1500000,40000,5000,0.019047619047619049,45000,5000,0.029999999999999999,1,0,0,5000,1,5000,1,0,0,24.346900000000041,23.699999999999999,35,57.806000000000132,474.10000000000002,26.478040000000068,0,0,0,FIXED_FRAMES_REACHED,0,0,0,1,26274cabc3cf84f9ff456f73e678336e9d6dd907e3b9fcb8a1f25a91e57123b5,WORKTREE
bch.s2.impairment.result.v1,S2_07,BURST,BCH-S300,SEGMENTED,SYNDROME_LOOKUP,300,420,0.7142857142857143,0,-1.46128035678238,2,0,0,NONE,0,0,1,UNIFORM_RANDOM,PURE,8,FRAME_END,POST_HARD_DECISION_BIT_FLIP,0,5000,1500000,40000,5000,0.019047619047619049,5000,5000,0.0033333333333333335,1,0,0,5000,1,5000,1,0,0,22.067239999999998,20,32.5,56.904000000000082,401.80000000000001,23.942659999999979,0,0,0,FIXED_FRAMES_REACHED,0,0,0,1,2170cbb3fa5e97c03080a0538479fd58f5c887ac1087d62ff124e98edd5038bf,WORKTREE
bch.s2.impairment.result.v1,S2_07,BURST,BCH-S300,SEGMENTED,SYNDROME_LOOKUP,300,420,0.7142857142857143,0,-1.46128035678238,2,0,0,NONE,0,0,1,UNIFORM_RANDOM,PURE,8,SEGMENT_INTERIOR,POST_HARD_DECISION_BIT_FLIP,0,5000,1500000,40000,5000,0.019047619047619049,25000,5000,0.016666666666666666,1,0,0,5000,1,5000,1,0,0,24.020379999999971,22.399999999999999,35.005000000000017,71.706000000000145,522.10000000000002,26.34990000000003,0,0,0,FIXED_FRAMES_REACHED,0,0,0,1,777420fdedbb8b8d015e138441b46a2eb0aa87095d409bf89a361d2270a01ecc,WORKTREE
bch.s2.impairment.result.v1,S2_07,BURST,BCH-S300,SEGMENTED,SYNDROME_LOOKUP,300,420,0.7142857142857143,0,-1.46128035678238,2,0,0,NONE,0,0,1,UNIFORM_RANDOM,PURE,8,ONE_BEFORE_SEGMENT_BOUNDARY,POST_HARD_DECISION_BIT_FLIP,0,5000,1500000,40000,5000,0.019047619047619049,30000,5000,0.02,1,0,0,5000,1,5000,1,0,0,22.655840000000012,19.300000000000001,34.399999999999999,64.905000000000115,443.60000000000002,24.796120000000069,0,0,0,FIXED_FRAMES_REACHED,0,0,0,1,3dba44c702a95ddabb4f1809c47e98b46db99af880ec7300a08cf684bcb86b0b,WORKTREE
bch.s2.impairment.result.v1,S2_07,BURST,BCH-S300,SEGMENTED,SYNDROME_LOOKUP,300,420,0.7142857142857143,0,-1.46128035678238,2,0,0,NONE,0,0,1,UNIFORM_RANDOM,PURE,8,ON_SEGMENT_BOUNDARY,POST_HARD_DECISION_BIT_FLIP,0,5000,1500000,40000,5000,0.019047619047619049,45000,5000,0.029999999999999999,1,0,0,5000,1,5000,1,0,0,25.500379999999961,24.600000000000001,35.899999999999999,84,776.60000000000002,27.93171999999991,0,0,0,FIXED_FRAMES_REACHED,0,0,0,1,b2eb5f19f80b2db636c9498239e7db3f0a25d1f522519cc58fffc5b488dd6fd2,WORKTREE
bch.s2.impairment.result.v1,S2_07,BURST,BCH-S300,SEGMENTED,SYNDROME_LOOKUP,300,420,0.7142857142857143,0,-1.46128035678238,2,0,0,NONE,0,0,1,UNIFORM_RANDOM,PURE,8,UNIFORM_RANDOM,POST_HARD_DECISION_BIT_FLIP,0,5000,1500000,40000,5000,0.019047619047619049,31022,4948,0.020681333333333333,0.98960000000000004,52,0.0104,5000,1,4948,0.98960000000000004,0,0,37.132379999999898,27.5,58.510000000000034,202.80100000000002,9474.5,40.088100000000033,0,0,0,FIXED_FRAMES_REACHED,0,0,0,1,a614b0aeff56a6724d2992bb630a31844a177a46e2719eddf910aaa657777bde,WORKTREE
bch.s2.impairment.result.v1,S2_07,BURST,BCH-S300,SEGMENTED,SYNDROME_LOOKUP,300,420,0.7142857142857143,0,-1.46128035678238,2,0,0,NONE,0,0,1,UNIFORM_RANDOM,PURE,10,FRAME_START,POST_HARD_DECISION_BIT_FLIP,0,5000,1500000,50000,5000,0.023809523809523808,45000,5000,0.029999999999999999,1,0,0,5000,1,5000,1,0,0,27.443580000000022,24.899999999999999,37.899999999999999,100.81400000000029,809,29.794119999999925,0,0,0,FIXED_FRAMES_REACHED,0,0,0,1,fc26c37be0c491bf7da74ecf3a98c68e231ce38563da650dc30b23cbe895f4d2,WORKTREE
bch.s2.impairment.result.v1,S2_07,BURST,BCH-S300,SEGMENTED,SYNDROME_LOOKUP,300,420,0.7142857142857143,0,-1.46128035678238,2,0,0,NONE,0,0,1,UNIFORM_RANDOM,PURE,10,FRAME_END,POST_HARD_DECISION_BIT_FLIP,0,5000,1500000,50000,5000,0.023809523809523808,0,0,0,0,5000,1,5000,1,0,0,0,0,24.065100000000022,23.699999999999999,34,57.811000000000242,1009.2,26.131619999999938,0,0,0,FIXED_FRAMES_REACHED,0,0,0,1,69fb59e74f71f07d35d4fc9d85c2d201b387e0234c298b1dae985dc93000bbc8,WORKTREE
bch.s2.impairment.result.v1,S2_07,BURST,BCH-S300,SEGMENTED,SYNDROME_LOOKUP,300,420,0.7142857142857143,0,-1.46128035678238,2,0,0,NONE,0,0,1,UNIFORM_RANDOM,PURE,10,SEGMENT_INTERIOR,POST_HARD_DECISION_BIT_FLIP,0,5000,1500000,50000,5000,0.023809523809523808,35000,5000,0.023333333333333334,1,0,0,5000,1,5000,1,0,0,21.499500000000033,17.100000000000001,33.705000000000027,55.905000000000108,445.10000000000002,23.416660000000043,0,0,0,FIXED_FRAMES_REACHED,0,0,0,1,619a063df77a81649737be7b64b7c3d19657854a3852dafbd12cf1bfa9cac3f3,WORKTREE
bch.s2.impairment.result.v1,S2_07,BURST,BCH-S300,SEGMENTED,SYNDROME_LOOKUP,300,420,0.7142857142857143,0,-1.46128035678238,2,0,0,NONE,0,0,1,UNIFORM_RANDOM,PURE,10,ONE_BEFORE_SEGMENT_BOUNDARY,POST_HARD_DECISION_BIT_FLIP,0,5000,1500000,50000,5000,0.023809523809523808,40000,5000,0.026666666666666668,1,0,0,5000,1,5000,1,0,0,26.275420000000029,25.199999999999999,37,75.602000000000046,562.70000000000005,28.659179999999864,0,0,0,FIXED_FRAMES_REACHED,0,0,0,1,c4b8d7b4d93add211d4f6c636f375f5a1683b3a9e43e58c5dae6516275c29d79,WORKTREE
bch.s2.impairment.result.v1,S2_07,BURST,BCH-S300,SEGMENTED,SYNDROME_LOOKUP,300,420,0.7142857142857143,0,-1.46128035678238,2,0,0,NONE,0,0,1,UNIFORM_RANDOM,PURE,10,ON_SEGMENT_BOUNDARY,POST_HARD_DECISION_BIT_FLIP,0,5000,1500000,50000,5000,0.023809523809523808,45000,5000,0.029999999999999999,1,0,0,5000,1,5000,1,0,0,35.209240000000001,27.399999999999999,58.810000000000031,164.70200000000003,4917.1000000000004,38.445339999999987,0,0,0,FIXED_FRAMES_REACHED,0,0,0,1,b6a53506c9c2e0dfcbaa074ff794859b500cdafc51c44bec968b2f3f961f3b86,WORKTREE
bch.s2.impairment.result.v1,S2_07,BURST,BCH-S300,SEGMENTED,SYNDROME_LOOKUP,300,420,0.7142857142857143,0,-1.46128035678238,2,0,0,NONE,0,0,1,UNIFORM_RANDOM,PURE,10,UNIFORM_RANDOM,POST_HARD_DECISION_BIT_FLIP,0,5000,1500000,50000,5000,0.023809523809523808,36643,4962,0.024428666666666668,0.99239999999999995,38,0.0076,5000,1,4962,0.99239999999999995,0,0,27.505360000000014,25.199999999999999,37.899999999999999,94.210000000000221,695.89999999999998,30.006499999999932,0,0,0,FIXED_FRAMES_REACHED,0,0,0,1,ae2efd68dabed86a20dce6eeb7b3edb04e6491f0ba1e9ffad387fe5199d914e5,WORKTREE
bch.s2.impairment.result.v1,S2_07,BURST,BCH-S300,SEGMENTED,SYNDROME_LOOKUP,300,420,0.7142857142857143,0,-1.46128035678238,2,0,0,NONE,0,0,1,UNIFORM_RANDOM,PURE,12,FRAME_START,POST_HARD_DECISION_BIT_FLIP,0,5000,1500000,60000,5000,0.028571428571428571,50000,5000,0.033333333333333333,1,0,0,5000,1,5000,1,0,0,20.4315,16.199999999999999,29.199999999999999,42.205000000000112,352.39999999999998,22.195260000000022,0,0,0,FIXED_FRAMES_REACHED,0,0,0,1,2575785d083daaf09f5bb6af97ea7d5d110d4bbb28d46aca2538ab97af60213c,WORKTREE
bch.s2.impairment.result.v1,S2_07,BURST,BCH-S300,SEGMENTED,SYNDROME_LOOKUP,300,420,0.7142857142857143,0,-1.46128035678238,2,0,0,NONE,0,0,1,UNIFORM_RANDOM,PURE,12,FRAME_END,POST_HARD_DECISION_BIT_FLIP,0,5000,1500000,60000,5000,0.028571428571428571,0,0,0,0,5000,1,5000,1,0,0,0,0,25.625419999999959,23.899999999999999,36.600000000000001,83.7360000000008,783.20000000000005,27.942480000000039,0,0,0,FIXED_FRAMES_REACHED,0,0,0,1,1fecbcbe5d8ee6fddd82e4487aadeb056030f3c197047cc2dcdf1e88f2b9c69f,WORKTREE
bch.s2.impairment.result.v1,S2_07,BURST,BCH-S300,SEGMENTED,SYNDROME_LOOKUP,300,420,0.7142857142857143,0,-1.46128035678238,2,0,0,NONE,0,0,1,UNIFORM_RANDOM,PURE,12,SEGMENT_INTERIOR,POST_HARD_DECISION_BIT_FLIP,0,5000,1500000,60000,5000,0.028571428571428571,50000,5000,0.033333333333333333,1,0,0,5000,1,5000,1,0,0,22.163339999999934,20.699999999999999,31,50.201000000000022,851.20000000000005,24.144819999999953,0,0,0,FIXED_FRAMES_REACHED,0,0,0,1,271af3753ee8d2992173c8c7517b0cd4dc30e244393fa740c5fc574bd4cbdbf4,WORKTREE
bch.s2.impairment.result.v1,S2_07,BURST,BCH-S300,SEGMENTED,SYNDROME_LOOKUP,300,420,0.7142857142857143,0,-1.46128035678238,2,0,0,NONE,0,0,1,UNIFORM_RANDOM,PURE,12,ONE_BEFORE_SEGMENT_BOUNDARY,POST_HARD_DECISION_BIT_FLIP,0,5000,1500000,60000,5000,0.028571428571428571,50000,5000,0.033333333333333333,1,0,0,5000,1,5000,1,0,0,21.575060000000075,17.100000000000001,32.505000000000017,55.008000000000173,566.79999999999995,23.501039999999918,0,0,0,FIXED_FRAMES_REACHED,0,0,0,1,3f4efc900b6e9849de043bc358b000ea6d5010f39cb9d92bbf46e29fb036f508,WORKTREE
bch.s2.impairment.result.v1,S2_07,BURST,BCH-S300,SEGMENTED,SYNDROME_LOOKUP,300,420,0.7142857142857143,0,-1.46128035678238,2,0,0,NONE,0,0,1,UNIFORM_RANDOM,PURE,12,ON_SEGMENT_BOUNDARY,POST_HARD_DECISION_BIT_FLIP,0,5000,1500000,60000,5000,0.028571428571428571,50000,5000,0.033333333333333333,1,0,0,5000,1,5000,1,0,0,35.680520000000051,27.199999999999999,62,221.61800000000036,1899.2,39.032980000000144,0,0,0,FIXED_FRAMES_REACHED,0,0,0,1,28f476c656e7e361ef03eeac7d08b6e56a6ca6bb558300a30fd68afc70ed6642,WORKTREE
bch.s2.impairment.result.v1,S2_07,BURST,BCH-S300,SEGMENTED,SYNDROME_LOOKUP,300,420,0.7142857142857143,0,-1.46128035678238,2,0,0,NONE,0,0,1,UNIFORM_RANDOM,PURE,12,UNIFORM_RANDOM,POST_HARD_DECISION_BIT_FLIP,0,5000,1500000,60000,5000,0.028571428571428571,42457,4989,0.028304666666666665,0.99780000000000002,11,0.0022000000000000001,5000,1,4989,0.99780000000000002,0,0,31.626580000000065,27.100000000000001,47.299999999999997,140.11100000000022,1041.0999999999999,34.487780000000015,0,0,0,FIXED_FRAMES_REACHED,0,0,0,1,668b04c0962f142f4917fc722aec85ebafc1c14af32ca4133b99aa0251140138,WORKTREE
bch.s2.impairment.result.v1,S2_07,BURST,BCH-S300,SEGMENTED,SYNDROME_LOOKUP,300,420,0.7142857142857143,0,-1.46128035678238,2,0,0,NONE,0,0,1,UNIFORM_RANDOM,PURE,14,FRAME_START,POST_HARD_DECISION_BIT_FLIP,0,5000,1500000,70000,5000,0.033333333333333333,55000,5000,0.036666666666666667,1,0,0,5000,1,5000,1,0,0,26.455000000000048,24.899999999999999,36.405000000000015,80.124000000000521,2045.4000000000001,28.759700000000013,0,0,0,FIXED_FRAMES_REACHED,0,0,0,1,cd49aab007d0376ded79234d5c83226f76b83075ddbcee729cb6e70252961d4f,WORKTREE
bch.s2.impairment.result.v1,S2_07,BURST,BCH-S300,SEGMENTED,SYNDROME_LOOKUP,300,420,0.7142857142857143,0,-1.46128035678238,2,0,0,NONE,0,0,1,UNIFORM_RANDOM,PURE,14,FRAME_END,POST_HARD_DECISION_BIT_FLIP,0,5000,1500000,70000,5000,0.033333333333333333,15000,5000,0.01,1,0,0,5000,1,5000,1,0,0,32.790279999999946,26.699999999999999,49.799999999999997,168.51600000000036,2930,35.616219999999906,0,0,0,FIXED_FRAMES_REACHED,0,0,0,1,3f171f6c8fc81d668401f971a3734f6af05ab7a5ab0a4b3080d3c7733401c84b,WORKTREE
bch.s2.impairment.result.v1,S2_07,BURST,BCH-S300,SEGMENTED,SYNDROME_LOOKUP,300,420,0.7142857142857143,0,-1.46128035678238,2,0,0,NONE,0,0,1,UNIFORM_RANDOM,PURE,14,SEGMENT_INTERIOR,POST_HARD_DECISION_BIT_FLIP,0,5000,1500000,70000,5000,0.033333333333333333,55000,5000,0.036666666666666667,1,0,0,5000,1,5000,1,0,0,46.817839999999883,28.800000000000001,83.730000000000118,311.82900000000279,14264.1,50.81308000000012,0,0,0,FIXED_FRAMES_REACHED,0,0,0,1,370cc48405a12513fae93d6e63bf3d14036163b9f6d4250b2a8a23e50043b7e2,WORKTREE
bch.s2.impairment.result.v1,S2_07,BURST,BCH-S300,SEGMENTED,SYNDROME_LOOKUP,300,420,0.7142857142857143,0,-1.46128035678238,2,0,0,NONE,0,0,1,UNIFORM_RANDOM,PURE,14,ONE_BEFORE_SEGMENT_BOUNDARY,POST_HARD_DECISION_BIT_FLIP,0,5000,1500000,70000,5000,0.033333333333333333,50000,5000,0.033333333333333333,1,0,0,5000,1,5000,1,0,0,32.613919999999929,27.300000000000001,51.705000000000027,148.41000000000022,1567,35.597920000000137,0,0,0,FIXED_FRAMES_REACHED,0,0,0,1,4ea6b4f2b2e8837f299fbb06fab57c89fe1a64b5b38029875b8e890fa485663c,WORKTREE
bch.s2.impairment.result.v1,S2_07,BURST,BCH-S300,SEGMENTED,SYNDROME_LOOKUP,300,420,0.7142857142857143,0,-1.46128035678238,2,0,0,NONE,0,0,1,UNIFORM_RANDOM,PURE,14,ON_SEGMENT_BOUNDARY,POST_HARD_DECISION_BIT_FLIP,0,5000,1500000,70000,5000,0.033333333333333333,55000,5000,0.036666666666666667,1,0,0,5000,1,5000,1,0,0,29.308359999999979,26.300000000000001,40.205000000000027,115.3,929.79999999999995,31.818600000000053,0,0,0,FIXED_FRAMES_REACHED,0,0,0,1,f274dc0d8d209f13bb4049abc76c9d2e0acf546f9ead098cbae59bd87c8629c6,WORKTREE
bch.s2.impairment.result.v1,S2_07,BURST,BCH-S300,SEGMENTED,SYNDROME_LOOKUP,300,420,0.7142857142857143,0,-1.46128035678238,2,0,0,NONE,0,0,1,UNIFORM_RANDOM,PURE,14,UNIFORM_RANDOM,POST_HARD_DECISION_BIT_FLIP,0,5000,1500000,70000,5000,0.033333333333333333,50598,5000,0.033731999999999998,1,0,0,5000,1,5000,1,0,0,27.753139999999949,26.100000000000001,38.399999999999999,87.526000000000565,675,30.324500000000093,0,0,0,FIXED_FRAMES_REACHED,0,0,0,1,a24bd892e575f8706b84697d2c98c8c34c05cd0592a57ae872c3877949e68964,WORKTREE
bch.s2.impairment.result.v1,S2_07,BURST,BCH-S300,SEGMENTED,SYNDROME_LOOKUP,300,420,0.7142857142857143,0,-1.46128035678238,2,0,0,NONE,0,0,1,UNIFORM_RANDOM,PURE,15,FRAME_START,POST_HARD_DECISION_BIT_FLIP,0,5000,1500000,75000,5000,0.035714285714285712,55000,5000,0.036666666666666667,1,0,0,5000,1,5000,1,0,0,24.601340000000032,24,33.705000000000027,73.006000000000128,1250.0999999999999,26.79874000000002,0,0,0,FIXED_FRAMES_REACHED,0,0,0,1,a96e9fa8b5b4459eb2096eaa2bb99d24217cb933db61e315b3506eca206298e9,WORKTREE
bch.s2.impairment.result.v1,S2_07,BURST,BCH-S300,SEGMENTED,SYNDROME_LOOKUP,300,420,0.7142857142857143,0,-1.46128035678238,2,0,0,NONE,0,0,1,UNIFORM_RANDOM,PURE,15,FRAME_END,POST_HARD_DECISION_BIT_FLIP,0,5000,1500000,75000,5000,0.035714285714285712,15000,5000,0.01,1,0,0,5000,1,5000,1,0,0,41.11949999999996,27.699999999999999,70.700000000000003,220.93200000000073,19865.099999999999,44.394660000000066,0,0,0,FIXED_FRAMES_REACHED,0,0,0,1,8e181446ff3e5720d9e8e7fd793f43d7d43918bc489ce7484bdce2134cafc0d8,WORKTREE
bch.s2.impairment.result.v1,S2_07,BURST,BCH-S300,SEGMENTED,SYNDROME_LOOKUP,300,420,0.7142857142857143,0,-1.46128035678238,2,0,0,NONE,0,0,1,UNIFORM_RANDOM,PURE,15,SEGMENT_INTERIOR,POST_HARD_DECISION_BIT_FLIP,0,5000,1500000,75000,5000,0.035714285714285712,55000,5000,0.036666666666666667,1,0,0,5000,1,5000,1,0,0,31.994780000000098,26.800000000000001,42.405000000000015,147.96000000000132,2621.8000000000002,34.660920000000019,0,0,0,FIXED_FRAMES_REACHED,0,0,0,1,55a9d3fd75caf5619801c9a0de1cb3edfbab622a7758cb4c1b65c4e65c98d1d5,WORKTREE
bch.s2.impairment.result.v1,S2_07,BURST,BCH-S300,SEGMENTED,SYNDROME_LOOKUP,300,420,0.7142857142857143,0,-1.46128035678238,2,0,0,NONE,0,0,1,UNIFORM_RANDOM,PURE,15,ONE_BEFORE_SEGMENT_BOUNDARY,POST_HARD_DECISION_BIT_FLIP,0,5000,1500000,75000,5000,0.035714285714285712,55000,5000,0.036666666666666667,1,0,0,5000,1,5000,1,0,0,24.628620000000026,24.399999999999999,34.399999999999999,57.605000000000111,777,26.796020000000048,0,0,0,FIXED_FRAMES_REACHED,0,0,0,1,4763567d153602a1a0dae1b7749a504cb4c5b30ac4baed920df7c6162b90e64d,WORKTREE
bch.s2.impairment.result.v1,S2_07,BURST,BCH-S300,SEGMENTED,SYNDROME_LOOKUP,300,420,0.7142857142857143,0,-1.46128035678238,2,0,0,NONE,0,0,1,UNIFORM_RANDOM,PURE,15,ON_SEGMENT_BOUNDARY,POST_HARD_DECISION_BIT_FLIP,0,5000,1500000,75000,5000,0.035714285714285712,55000,5000,0.036666666666666667,1,0,0,5000,1,5000,1,0,0,24.533119999999997,24.100000000000001,35.399999999999999,65.810000000000215,334.39999999999998,26.812520000000042,0,0,0,FIXED_FRAMES_REACHED,0,0,0,1,bd459754d7cdea869ae9596575ef403caf747a0b139a3f541ee8a21400c90bf6,WORKTREE
bch.s2.impairment.result.v1,S2_07,BURST,BCH-S300,SEGMENTED,SYNDROME_LOOKUP,300,420,0.7142857142857143,0,-1.46128035678238,2,0,0,NONE,0,0,1,UNIFORM_RANDOM,PURE,15,UNIFORM_RANDOM,POST_HARD_DECISION_BIT_FLIP,0,5000,1500000,75000,5000,0.035714285714285712,54034,5000,0.036022666666666668,1,0,0,5000,1,5000,1,0,0,35.145880000000083,26.800000000000001,54.805000000000014,169.601,3203.1999999999998,38.630639999999858,0,0,0,FIXED_FRAMES_REACHED,0,0,0,1,bc8ee78bf29881c50ad00e9d170a35100859bef3b1ea9b82c4a5a3ecf617da6b,WORKTREE
bch.s2.impairment.result.v1,S2_07,BURST,BCH-S300,SEGMENTED,SYNDROME_LOOKUP,300,420,0.7142857142857143,0,-1.46128035678238,2,0,0,NONE,0,0,1,UNIFORM_RANDOM,PURE,16,FRAME_START,POST_HARD_DECISION_BIT_FLIP,0,5000,1500000,80000,5000,0.038095238095238099,55000,5000,0.036666666666666667,1,0,0,5000,1,5000,1,0,0,37.284119999999959,28.300000000000001,65.220000000000084,177.71600000000035,4855.1999999999998,40.55064000000025,0,0,0,FIXED_FRAMES_REACHED,0,0,0,1,b3a111ae7c78b9a9aa9daff5755bd33cacdfc663e134948a726ebde3eb4ab80c,WORKTREE
bch.s2.impairment.result.v1,S2_07,BURST,BCH-S300,SEGMENTED,SYNDROME_LOOKUP,300,420,0.7142857142857143,0,-1.46128035678238,2,0,0,NONE,0,0,1,UNIFORM_RANDOM,PURE,16,FRAME_END,POST_HARD_DECISION_BIT_FLIP,0,5000,1500000,80000,5000,0.038095238095238099,15000,5000,0.01,1,0,0,5000,1,5000,1,0,0,27.207340000000002,25.5,36.899999999999999,79.901000000000025,1936.5999999999999,29.65975999999991,0,0,0,FIXED_FRAMES_REACHED,0,0,0,1,9acceede7986d8a49d454e13327d4e317a38ae0cf85a654df595b120efaaac3b,WORKTREE
bch.s2.impairment.result.v1,S2_07,BURST,BCH-S300,SEGMENTED,SYNDROME_LOOKUP,300,420,0.7142857142857143,0,-1.46128035678238,2,0,0,NONE,0,0,1,UNIFORM_RANDOM,PURE,16,SEGMENT_INTERIOR,POST_HARD_DECISION_BIT_FLIP,0,5000,1500000,80000,5000,0.038095238095238099,70000,5000,0.046666666666666669,1,0,0,5000,1,5000,1,0,0,29.741360000000043,26.100000000000001,39.905000000000015,112.70700000000016,1475.2,32.573060000000005,0,0,0,FIXED_FRAMES_REACHED,0,0,0,1,6c494a657f2a32075f90b3374566122500b185c685e983d4a0426c4d2d93206c,WORKTREE
bch.s2.impairment.result.v1,S2_07,BURST,BCH-S300,SEGMENTED,SYNDROME_LOOKUP,300,420,0.7142857142857143,0,-1.46128035678238,2,0,0,NONE,0,0,1,UNIFORM_RANDOM,PURE,16,ONE_BEFORE_SEGMENT_BOUNDARY,POST_HARD_DECISION_BIT_FLIP,0,5000,1500000,80000,5000,0.038095238095238099,55000,5000,0.036666666666666667,1,0,0,5000,1,5000,1,0,0,26.814060000000044,25.600000000000001,38.100000000000001,95.815000000000325,669.70000000000005,29.2753200000001,0,0,0,FIXED_FRAMES_REACHED,0,0,0,1,aa17cd19cae4f749fe47cc2df3eb3c8fcbe76d82ab03701d0591078ec9469c78,WORKTREE
bch.s2.impairment.result.v1,S2_07,BURST,BCH-S300,SEGMENTED,SYNDROME_LOOKUP,300,420,0.7142857142857143,0,-1.46128035678238,2,0,0,NONE,0,0,1,UNIFORM_RANDOM,PURE,16,ON_SEGMENT_BOUNDARY,POST_HARD_DECISION_BIT_FLIP,0,5000,1500000,80000,5000,0.038095238095238099,55000,5000,0.036666666666666667,1,0,0,5000,1,5000,1,0,0,46.506879999999946,25.899999999999999,50.515000000000057,213.33000000000067,52441.699999999997,50.07651999999996,0,0,0,FIXED_FRAMES_REACHED,0,0,0,1,3da56abfaeaa906b3f210a695f89458190485ab6f5280c81b6ae3e82a78c43f7,WORKTREE
bch.s2.impairment.result.v1,S2_07,BURST,BCH-S300,SEGMENTED,SYNDROME_LOOKUP,300,420,0.7142857142857143,0,-1.46128035678238,2,0,0,NONE,0,0,1,UNIFORM_RANDOM,PURE,16,UNIFORM_RANDOM,POST_HARD_DECISION_BIT_FLIP,0,5000,1500000,80000,5000,0.038095238095238099,57773,5000,0.038515333333333332,1,0,0,5000,1,5000,1,0,0,35.963339999999945,26.899999999999999,43.299999999999997,112.50400000000009,17900.700000000001,40.128540000000093,0,0,0,FIXED_FRAMES_REACHED,0,0,0,1,e79c57548b10b3fcea75ac42b46e97ac6e5a0ba68adf5dda5eb3a02613bc0dac,WORKTREE
bch.s2.impairment.result.v1,S2_07,BURST,BCH-S300,SEGMENTED,SYNDROME_LOOKUP,300,420,0.7142857142857143,0,-1.46128035678238,2,0,0,NONE,0,0,1,UNIFORM_RANDOM,PURE,20,FRAME_START,POST_HARD_DECISION_BIT_FLIP,0,5000,1500000,100000,5000,0.047619047619047616,80000,5000,0.053333333333333337,1,0,0,5000,1,5000,1,0,0,26.48240000000003,25.800000000000001,36.700000000000003,69.606000000000122,1096.9000000000001,28.89287999999997,0,0,0,FIXED_FRAMES_REACHED,0,0,0,1,03494fe96c259f7ab6aa78738d6e091dc5fa0c1ae9b830981563d89df50ce46d,WORKTREE
bch.s2.impairment.result.v1,S2_07,BURST,BCH-S300,SEGMENTED,SYNDROME_LOOKUP,300,420,0.7142857142857143,0,-1.46128035678238,2,0,0,NONE,0,0,1,UNIFORM_RANDOM,PURE,20,FRAME_END,POST_HARD_DECISION_BIT_FLIP,0,5000,1500000,100000,5000,0.047619047619047616,25000,5000,0.016666666666666666,1,0,0,5000,1,5000,1,0,0,24.325700000000051,24.199999999999999,34.200000000000003,56.903000000000063,688.39999999999998,26.711919999999932,0,0,0,FIXED_FRAMES_REACHED,0,0,0,1,065e01ca005bb1a977efb0549984fe62dd4719ce81c3797e6cd43895b40ccc2f,WORKTREE
bch.s2.impairment.result.v1,S2_07,BURST,BCH-S300,SEGMENTED,SYNDROME_LOOKUP,300,420,0.7142857142857143,0,-1.46128035678238,2,0,0,NONE,0,0,1,UNIFORM_RANDOM,PURE,20,SEGMENT_INTERIOR,POST_HARD_DECISION_BIT_FLIP,0,5000,1500000,100000,5000,0.047619047619047616,75000,5000,0.050000000000000003,1,0,0,5000,1,5000,1,0,0,34.613580000000056,27,54.805000000000014,179.10700000000014,2621.6999999999998,37.955320000000036,0,0,0,FIXED_FRAMES_REACHED,0,0,0,1,4943ebcc02569ad6dae867dfd13f96851a993bfa7e635d1b7a9ce981e768c1c3,WORKTREE
bch.s2.impairment.result.v1,S2_07,BURST,BCH-S300,SEGMENTED,SYNDROME_LOOKUP,300,420,0.7142857142857143,0,-1.46128035678238,2,0,0,NONE,0,0,1,UNIFORM_RANDOM,PURE,20,ONE_BEFORE_SEGMENT_BOUNDARY,POST_HARD_DECISION_BIT_FLIP,0,5000,1500000,100000,5000,0.047619047619047616,80000,5000,0.053333333333333337,1,0,0,5000,1,5000,1,0,0,34.53911999999994,28.75,57.399999999999999,142.90400000000011,1640.7,37.542579999999973,0,0,0,FIXED_FRAMES_REACHED,0,0,0,1,3cee50317b9c5e6e1ac969189bbc4907e90ebc36813a2a3f1460f71b1409276e,WORKTREE
bch.s2.impairment.result.v1,S2_07,BURST,BCH-S300,SEGMENTED,SYNDROME_LOOKUP,300,420,0.7142857142857143,0,-1.46128035678238,2,0,0,NONE,0,0,1,UNIFORM_RANDOM,PURE,20,ON_SEGMENT_BOUNDARY,POST_HARD_DECISION_BIT_FLIP,0,5000,1500000,100000,5000,0.047619047619047616,80000,5000,0.053333333333333337,1,0,0,5000,1,5000,1,0,0,28.22957999999997,26,37.399999999999999,93.326000000000562,2207.0999999999999,30.821400000000011,0,0,0,FIXED_FRAMES_REACHED,0,0,0,1,00d44f78c56c4a7f0e354aea9139de59226b14425e3ef62085ce233934ba3e44,WORKTREE
bch.s2.impairment.result.v1,S2_07,BURST,BCH-S300,SEGMENTED,SYNDROME_LOOKUP,300,420,0.7142857142857143,0,-1.46128035678238,2,0,0,NONE,0,0,1,UNIFORM_RANDOM,PURE,20,UNIFORM_RANDOM,POST_HARD_DECISION_BIT_FLIP,0,5000,1500000,100000,5000,0.047619047619047616,72378,5000,0.048252000000000003,1,0,0,5000,1,5000,1,0,0,27.451319999999914,26,37.100000000000001,73.112000000000265,1556.5,29.892319999999931,0,0,0,FIXED_FRAMES_REACHED,0,0,0,1,34bf9d8a3a3c872bec7aef882239e4bf40691456f350dd5794a052849767028a,WORKTREE
bch.s2.impairment.result.v1,S2_07,BURST,BCH-S300,SEGMENTED,SYNDROME_LOOKUP,300,420,0.7142857142857143,0,-1.46128035678238,2,0,0,NONE,0,0,1,UNIFORM_RANDOM,PURE,24,FRAME_START,POST_HARD_DECISION_BIT_FLIP,0,5000,1500000,120000,5000,0.057142857142857141,95000,5000,0.063333333333333339,1,0,0,5000,1,5000,1,0,0,28.778700000000018,25.899999999999999,38.305000000000014,99.007000000000147,1550.2,31.403959999999952,0,0,0,FIXED_FRAMES_REACHED,0,0,0,1,b3ede8a6f6156b54147a878d72486b4522da27a184cc6acfec48ddbdc3c9f213,WORKTREE
bch.s2.impairment.result.v1,S2_07,BURST,BCH-S300,SEGMENTED,SYNDROME_LOOKUP,300,420,0.7142857142857143,0,-1.46128035678238,2,0,0,NONE,0,0,1,UNIFORM_RANDOM,PURE,24,FRAME_END,POST_HARD_DECISION_BIT_FLIP,0,5000,1500000,120000,5000,0.057142857142857141,40000,5000,0.026666666666666668,1,0,0,5000,1,5000,1,0,0,21.531279999999974,17,32.700000000000003,55.615000000000329,365.30000000000001,23.536539999999992,0,0,0,FIXED_FRAMES_REACHED,0,0,0,1,3853c6764dcf1b8df525a515d8284bd136be490090829bc3e20cbe9deddfff84,WORKTREE
bch.s2.impairment.result.v1,S2_07,BURST,BCH-S300,SEGMENTED,SYNDROME_LOOKUP,300,420,0.7142857142857143,0,-1.46128035678238,2,0,0,NONE,0,0,1,UNIFORM_RANDOM,PURE,24,SEGMENT_INTERIOR,POST_HARD_DECISION_BIT_FLIP,0,5000,1500000,120000,5000,0.057142857142857141,80000,5000,0.053333333333333337,1,0,0,5000,1,5000,1,0,0,25.038200000000028,24.199999999999999,35.799999999999997,64.50400000000009,2075.6999999999998,27.3642,0,0,0,FIXED_FRAMES_REACHED,0,0,0,1,76272f4854c6d722c7d65491065054e156f875dae0e61b09a372958b648c0b28,WORKTREE
bch.s2.impairment.result.v1,S2_07,BURST,BCH-S300,SEGMENTED,SYNDROME_LOOKUP,300,420,0.7142857142857143,0,-1.46128035678238,2,0,0,NONE,0,0,1,UNIFORM_RANDOM,PURE,24,ONE_BEFORE_SEGMENT_BOUNDARY,POST_HARD_DECISION_BIT_FLIP,0,5000,1500000,120000,5000,0.057142857142857141,100000,5000,0.066666666666666666,1,0,0,5000,1,5000,1,0,0,22.409379999999974,21.300000000000001,32.100000000000001,49.31700000000037,430.5,24.453560000000014,0,0,0,FIXED_FRAMES_REACHED,0,0,0,1,d55fffb8a776509dbe348310db9f24f61ce362ba3039331a783eeb8639ba63da,WORKTREE
bch.s2.impairment.result.v1,S2_07,BURST,BCH-S300,SEGMENTED,SYNDROME_LOOKUP,300,420,0.7142857142857143,0,-1.46128035678238,2,0,0,NONE,0,0,1,UNIFORM_RANDOM,PURE,24,ON_SEGMENT_BOUNDARY,POST_HARD_DECISION_BIT_FLIP,0,5000,1500000,120000,5000,0.057142857142857141,95000,5000,0.063333333333333339,1,0,0,5000,1,5000,1,0,0,23.298640000000084,21.800000000000001,34.705000000000027,60.901000000000018,595.20000000000005,25.579659999999983,0,0,0,FIXED_FRAMES_REACHED,0,0,0,1,3019e7a950c577dbec627eb87b0cfb705be84fd9d20e2219d107f13901abecd4,WORKTREE
bch.s2.impairment.result.v1,S2_07,BURST,BCH-S300,SEGMENTED,SYNDROME_LOOKUP,300,420,0.7142857142857143,0,-1.46128035678238,2,0,0,NONE,0,0,1,UNIFORM_RANDOM,PURE,24,UNIFORM_RANDOM,POST_HARD_DECISION_BIT_FLIP,0,5000,1500000,120000,5000,0.057142857142857141,87063,5000,0.058042000000000003,1,0,0,5000,1,5000,1,0,0,22.875059999999916,22.550000000000001,32.299999999999997,62.102000000000046,424.39999999999998,25.096819999999926,0,0,0,FIXED_FRAMES_REACHED,0,0,0,1,c91bac25590bafd7ce798b4fccf59a73334ff50ad1104ba7c1a3f2b433110026,WORKTREE
bch.s2.impairment.result.v1,S2_07,BURST,BCH-S300,SEGMENTED,SYNDROME_LOOKUP,300,420,0.7142857142857143,0,-1.46128035678238,2,0,0,NONE,0,0,1,UNIFORM_RANDOM,PURE,29,FRAME_START,POST_HARD_DECISION_BIT_FLIP,0,5000,1500000,145000,5000,0.069047619047619052,110000,5000,0.073333333333333334,1,0,0,5000,1,5000,1,0,0,23.533579999999926,21.100000000000001,34.205000000000027,64.105000000000103,1137.7,25.903380000000016,0,0,0,FIXED_FRAMES_REACHED,0,0,0,1,3dd99f969ff86f15df3f997203d3e1e281b6d175c0d510a6b20ec2b905e2c685,WORKTREE
bch.s2.impairment.result.v1,S2_07,BURST,BCH-S300,SEGMENTED,SYNDROME_LOOKUP,300,420,0.7142857142857143,0,-1.46128035678238,2,0,0,NONE,0,0,1,UNIFORM_RANDOM,PURE,29,FRAME_END,POST_HARD_DECISION_BIT_FLIP,0,5000,1500000,145000,5000,0.069047619047619052,70000,5000,0.046666666666666669,1,0,0,5000,1,5000,1,0,0,22.460519999999971,20.850000000000001,32.005000000000017,53.399999999999999,918.10000000000002,24.554740000000059,0,0,0,FIXED_FRAMES_REACHED,0,0,0,1,f6fb0020121496a8388eb581c024d2e3640059ec56266e646440db7aeee9912d,WORKTREE
bch.s2.impairment.result.v1,S2_07,BURST,BCH-S300,SEGMENTED,SYNDROME_LOOKUP,300,420,0.7142857142857143,0,-1.46128035678238,2,0,0,NONE,0,0,1,UNIFORM_RANDOM,PURE,29,SEGMENT_INTERIOR,POST_HARD_DECISION_BIT_FLIP,0,5000,1500000,145000,5000,0.069047619047619052,110000,5000,0.073333333333333334,1,0,0,5000,1,5000,1,0,0,22.378719999999973,21.449999999999999,32.605000000000018,53.206000000000131,347.80000000000001,24.485659999999918,0,0,0,FIXED_FRAMES_REACHED,0,0,0,1,f08f601b4f8f271469af267c375508676c98434ca2bd0c10ca295d20319cb4e1,WORKTREE
bch.s2.impairment.result.v1,S2_07,BURST,BCH-S300,SEGMENTED,SYNDROME_LOOKUP,300,420,0.7142857142857143,0,-1.46128035678238,2,0,0,NONE,0,0,1,UNIFORM_RANDOM,PURE,29,ONE_BEFORE_SEGMENT_BOUNDARY,POST_HARD_DECISION_BIT_FLIP,0,5000,1500000,145000,5000,0.069047619047619052,105000,5000,0.070000000000000007,1,0,0,5000,1,5000,1,0,0,25.500559999999929,23,36.5,72.238000000000838,771.5,27.772659999999991,0,0,0,FIXED_FRAMES_REACHED,0,0,0,1,f6eeb0b5954c8c18cb216d589c4fbd4f90e26fdb289efa0a2ef1a7706ecd373b,WORKTREE
bch.s2.impairment.result.v1,S2_07,BURST,BCH-S300,SEGMENTED,SYNDROME_LOOKUP,300,420,0.7142857142857143,0,-1.46128035678238,2,0,0,NONE,0,0,1,UNIFORM_RANDOM,PURE,29,ON_SEGMENT_BOUNDARY,POST_HARD_DECISION_BIT_FLIP,0,5000,1500000,145000,5000,0.069047619047619052,110000,5000,0.073333333333333334,1,0,0,5000,1,5000,1,0,0,21.504619999999935,17.75,31.899999999999999,45.299999999999997,283.69999999999999,23.623839999999966,0,0,0,FIXED_FRAMES_REACHED,0,0,0,1,3c1db527fda21db6fb0e55e52739ba0ea7042f2ae7049fc1d19374c23c9c9c25,WORKTREE
bch.s2.impairment.result.v1,S2_07,BURST,BCH-S300,SEGMENTED,SYNDROME_LOOKUP,300,420,0.7142857142857143,0,-1.46128035678238,2,0,0,NONE,0,0,1,UNIFORM_RANDOM,PURE,29,UNIFORM_RANDOM,POST_HARD_DECISION_BIT_FLIP,0,5000,1500000,145000,5000,0.069047619047619052,105633,5000,0.070421999999999998,1,0,0,5000,1,5000,1,0,0,26.14349999999995,24.850000000000001,36.299999999999997,73.83200000000069,644.5,28.693400000000047,0,0,0,FIXED_FRAMES_REACHED,0,0,0,1,1b38b523a8141d77ab0789e1f91243baafd379d08f4761535325ef15e86a61eb,WORKTREE
bch.s2.impairment.result.v1,S2_07,BURST,BCH-S300,SEGMENTED,SYNDROME_LOOKUP,300,420,0.7142857142857143,0,-1.46128035678238,2,0,0,NONE,0,0,1,UNIFORM_RANDOM,PURE,30,FRAME_START,POST_HARD_DECISION_BIT_FLIP,0,5000,1500000,150000,5000,0.071428571428571425,110000,5000,0.073333333333333334,1,0,0,5000,1,5000,1,0,0,30.809219999999971,25.300000000000001,37.200000000000003,111.8190000000004,15279.4,33.349700000000013,0,0,0,FIXED_FRAMES_REACHED,0,0,0,1,9010a1691c39678760284cd7aec2f52ba911d911f3fcb9cee1cbbfcf82dbdefc,WORKTREE
bch.s2.impairment.result.v1,S2_07,BURST,BCH-S300,SEGMENTED,SYNDROME_LOOKUP,300,420,0.7142857142857143,0,-1.46128035678238,2,0,0,NONE,0,0,1,UNIFORM_RANDOM,PURE,30,FRAME_END,POST_HARD_DECISION_BIT_FLIP,0,5000,1500000,150000,5000,0.071428571428571425,70000,5000,0.046666666666666669,1,0,0,5000,1,5000,1,0,0,20.439160000000001,15.699999999999999,30.805000000000021,53.501000000000019,504.80000000000001,22.380859999999977,0,0,0,FIXED_FRAMES_REACHED,0,0,0,1,5b39df453423ddd140d0b6759da2919fc93f5ae018600e2ef595e6bb87fc11c7,WORKTREE
bch.s2.impairment.result.v1,S2_07,BURST,BCH-S300,SEGMENTED,SYNDROME_LOOKUP,300,420,0.7142857142857143,0,-1.46128035678238,2,0,0,NONE,0,0,1,UNIFORM_RANDOM,PURE,30,SEGMENT_INTERIOR,POST_HARD_DECISION_BIT_FLIP,0,5000,1500000,150000,5000,0.071428571428571425,110000,5000,0.073333333333333334,1,0,0,5000,1,5000,1,0,0,26.469539999999963,24.699999999999999,37.305000000000014,70.116000000000341,2355.6999999999998,28.775479999999931,0,0,0,FIXED_FRAMES_REACHED,0,0,0,1,06676b271828f517f45ac3badf1887e1a3cf647a33b6b13d8716e8e9108d066b,WORKTREE
bch.s2.impairment.result.v1,S2_07,BURST,BCH-S300,SEGMENTED,SYNDROME_LOOKUP,300,420,0.7142857142857143,0,-1.46128035678238,2,0,0,NONE,0,0,1,UNIFORM_RANDOM,PURE,30,ONE_BEFORE_SEGMENT_BOUNDARY,POST_HARD_DECISION_BIT_FLIP,0,5000,1500000,150000,5000,0.071428571428571425,110000,5000,0.073333333333333334,1,0,0,5000,1,5000,1,0,0,23.961360000000006,22.899999999999999,34.700000000000003,69.203000000000074,423.19999999999999,26.121719999999954,0,0,0,FIXED_FRAMES_REACHED,0,0,0,1,5091eb5668a59d9f25fd7127940fc966aa66f84fb879c12bac7376609fdb09ee,WORKTREE
bch.s2.impairment.result.v1,S2_07,BURST,BCH-S300,SEGMENTED,SYNDROME_LOOKUP,300,420,0.7142857142857143,0,-1.46128035678238,2,0,0,NONE,0,0,1,UNIFORM_RANDOM,PURE,30,ON_SEGMENT_BOUNDARY,POST_HARD_DECISION_BIT_FLIP,0,5000,1500000,150000,5000,0.071428571428571425,110000,5000,0.073333333333333334,1,0,0,5000,1,5000,1,0,0,22.026319999999998,18.949999999999999,34.100000000000001,57.501000000000019,416.39999999999998,24.082999999999956,0,0,0,FIXED_FRAMES_REACHED,0,0,0,1,f1638c52a55cc09153094dfe9fdeb00d53a9386e8400505c019a6aa47050bb75,WORKTREE
bch.s2.impairment.result.v1,S2_07,BURST,BCH-S300,SEGMENTED,SYNDROME_LOOKUP,300,420,0.7142857142857143,0,-1.46128035678238,2,0,0,NONE,0,0,1,UNIFORM_RANDOM,PURE,30,UNIFORM_RANDOM,POST_HARD_DECISION_BIT_FLIP,0,5000,1500000,150000,5000,0.071428571428571425,109210,5000,0.072806666666666672,1,0,0,5000,1,5000,1,0,0,21.418080000000046,18.050000000000001,30.600000000000001,43.111000000000246,348,23.474,0,0,0,FIXED_FRAMES_REACHED,0,0,0,1,37530d43599ef62d4fdddda2e58ad0f4b2d9803a345fdd7afeb04056e73f37e5,WORKTREE
bch.s2.impairment.result.v1,S2_07,BURST,BCH-S300,SEGMENTED,SYNDROME_LOOKUP,300,420,0.7142857142857143,0,-1.46128035678238,2,0,0,NONE,0,0,1,UNIFORM_RANDOM,PURE,31,FRAME_START,POST_HARD_DECISION_BIT_FLIP,0,5000,1500000,155000,5000,0.073809523809523811,110000,5000,0.073333333333333334,1,0,0,5000,1,5000,1,0,0,19.212660000000014,15.6,29.100000000000001,41.105000000000111,468.10000000000002,21.113840000000007,0,0,0,FIXED_FRAMES_REACHED,0,0,0,1,b61134fdca67628d7960573b37b0239159c7ac345b46421bb2baf22b2af3de26,WORKTREE
bch.s2.impairment.result.v1,S2_07,BURST,BCH-S300,SEGMENTED,SYNDROME_LOOKUP,300,420,0.7142857142857143,0,-1.46128035678238,2,0,0,NONE,0,0,1,UNIFORM_RANDOM,PURE,31,FRAME_END,POST_HARD_DECISION_BIT_FLIP,0,5000,1500000,155000,5000,0.073809523809523811,70000,5000,0.046666666666666669,1,0,0,5000,1,5000,1,0,0,21.355519999999974,17.399999999999999,32.405000000000015,50.702000000000048,407.19999999999999,23.35025999999996,0,0,0,FIXED_FRAMES_REACHED,0,0,0,1,bbb8398992cd09f676813e091ae55365b5c4452c82f21546684dc3c76a1a0b55,WORKTREE
bch.s2.impairment.result.v1,S2_07,BURST,BCH-S300,SEGMENTED,SYNDROME_LOOKUP,300,420,0.7142857142857143,0,-1.46128035678238,2,0,0,NONE,0,0,1,UNIFORM_RANDOM,PURE,31,SEGMENT_INTERIOR,POST_HARD_DECISION_BIT_FLIP,0,5000,1500000,155000,5000,0.073809523809523811,125000,5000,0.083333333333333329,1,0,0,5000,1,5000,1,0,0,22.746480000000041,18.399999999999999,33.200000000000003,61.104000000000092,1668.3,24.816060000000043,0,0,0,FIXED_FRAMES_REACHED,0,0,0,1,8fe7c6979903c1cbc6f6daed5eb70ae078888e01a6eaa0f12918b71119ca97a5,WORKTREE
bch.s2.impairment.result.v1,S2_07,BURST,BCH-S300,SEGMENTED,SYNDROME_LOOKUP,300,420,0.7142857142857143,0,-1.46128035678238,2,0,0,NONE,0,0,1,UNIFORM_RANDOM,PURE,31,ONE_BEFORE_SEGMENT_BOUNDARY,POST_HARD_DECISION_BIT_FLIP,0,5000,1500000,155000,5000,0.073809523809523811,110000,5000,0.073333333333333334,1,0,0,5000,1,5000,1,0,0,24.67647999999997,23.800000000000001,36.5,75.312000000000253,452.30000000000001,26.915880000000076,0,0,0,FIXED_FRAMES_REACHED,0,0,0,1,9f495c3351e13edc3f7ee9e9400c5b49f17cf0d19cdbfc373aa3388ed96b7f4c,WORKTREE
bch.s2.impairment.result.v1,S2_07,BURST,BCH-S300,SEGMENTED,SYNDROME_LOOKUP,300,420,0.7142857142857143,0,-1.46128035678238,2,0,0,NONE,0,0,1,UNIFORM_RANDOM,PURE,31,ON_SEGMENT_BOUNDARY,POST_HARD_DECISION_BIT_FLIP,0,5000,1500000,155000,5000,0.073809523809523811,110000,5000,0.073333333333333334,1,0,0,5000,1,5000,1,0,0,20.66314000000007,16.399999999999999,31.100000000000001,40.503000000000064,388.69999999999999,22.659239999999905,0,0,0,FIXED_FRAMES_REACHED,0,0,0,1,42de8be0c7b17203eb8587211c5aa4bb578756c7941d9e187b7dd6414a495caa,WORKTREE
bch.s2.impairment.result.v1,S2_07,BURST,BCH-S300,SEGMENTED,SYNDROME_LOOKUP,300,420,0.7142857142857143,0,-1.46128035678238,2,0,0,NONE,0,0,1,UNIFORM_RANDOM,PURE,31,UNIFORM_RANDOM,POST_HARD_DECISION_BIT_FLIP,0,5000,1500000,155000,5000,0.073809523809523811,112769,5000,0.075179333333333334,1,0,0,5000,1,5000,1,0,0,23.585840000000051,23.100000000000001,34.600000000000001,60.302000000000042,323.60000000000002,25.944059999999975,0,0,0,FIXED_FRAMES_REACHED,0,0,0,1,2743743e07e924009a48a993dd98c14b3527be385d5ea6987aad0e2dcf4fa787,WORKTREE
bch.s2.impairment.result.v1,S2_07,BURST,BCH-S300,SEGMENTED,SYNDROME_LOOKUP,300,420,0.7142857142857143,0,-1.46128035678238,2,0,0,NONE,0,0,1,UNIFORM_RANDOM,PURE,32,FRAME_START,POST_HARD_DECISION_BIT_FLIP,0,5000,1500000,160000,5000,0.076190476190476197,120000,5000,0.080000000000000002,1,0,0,5000,1,5000,1,0,0,36.397900000000107,26.600000000000001,62.220000000000077,203.03300000000073,11960.6,40.605460000000051,0,0,0,FIXED_FRAMES_REACHED,0,0,0,1,abede8aa932a1f82ee5972834e03f3b483ce86c25977a389bfe7780027e252a2,WORKTREE
bch.s2.impairment.result.v1,S2_07,BURST,BCH-S300,SEGMENTED,SYNDROME_LOOKUP,300,420,0.7142857142857143,0,-1.46128035678238,2,0,0,NONE,0,0,1,UNIFORM_RANDOM,PURE,32,FRAME_END,POST_HARD_DECISION_BIT_FLIP,0,5000,1500000,160000,5000,0.076190476190476197,75000,5000,0.050000000000000003,1,0,0,5000,1,5000,1,0,0,24.95426000000003,24,35.5,75.204000000000093,527.89999999999998,27.427720000000036,0,0,0,FIXED_FRAMES_REACHED,0,0,0,1,3eae2d06b24b982ad785b2a281aa56db64fb3e9cb8bf9cef85d5a04e5fe0f421,WORKTREE
bch.s2.impairment.result.v1,S2_07,BURST,BCH-S300,SEGMENTED,SYNDROME_LOOKUP,300,420,0.7142857142857143,0,-1.46128035678238,2,0,0,NONE,0,0,1,UNIFORM_RANDOM,PURE,32,SEGMENT_INTERIOR,POST_HARD_DECISION_BIT_FLIP,0,5000,1500000,160000,5000,0.076190476190476197,120000,5000,0.080000000000000002,1,0,0,5000,1,5000,1,0,0,23.618720000000025,20.899999999999999,33.799999999999997,67.005000000000109,3464,25.758239999999955,0,0,0,FIXED_FRAMES_REACHED,0,0,0,1,4ddcba3d7af00c71f938777bcd6eeca3181c4f492eafaf13eb47cc2298b49c51,WORKTREE
bch.s2.impairment.result.v1,S2_07,BURST,BCH-S300,SEGMENTED,SYNDROME_LOOKUP,300,420,0.7142857142857143,0,-1.46128035678238,2,0,0,NONE,0,0,1,UNIFORM_RANDOM,PURE,32,ONE_BEFORE_SEGMENT_BOUNDARY,POST_HARD_DECISION_BIT_FLIP,0,5000,1500000,160000,5000,0.076190476190476197,110000,5000,0.073333333333333334,1,0,0,5000,1,5000,1,0,0,22.260399999999969,18.800000000000001,33.799999999999997,54.503000000000064,339.5,24.407500000000038,0,0,0,FIXED_FRAMES_REACHED,0,0,0,1,3e234021a099690bffde94db1dea111d8edbc3f3650c10382cb2618612c482ef,WORKTREE
bch.s2.impairment.result.v1,S2_07,BURST,BCH-S300,SEGMENTED,SYNDROME_LOOKUP,300,420,0.7142857142857143,0,-1.46128035678238,2,0,0,NONE,0,0,1,UNIFORM_RANDOM,PURE,32,ON_SEGMENT_BOUNDARY,POST_HARD_DECISION_BIT_FLIP,0,5000,1500000,160000,5000,0.076190476190476197,120000,5000,0.080000000000000002,1,0,0,5000,1,5000,1,0,0,25.546579999999967,24.699999999999999,36.105000000000018,81.602000000000046,602.60000000000002,28.023140000000001,0,0,0,FIXED_FRAMES_REACHED,0,0,0,1,724bb5288f07dbdc24c0730acc26cca0204bcba61187043683c8dc56927df300,WORKTREE
bch.s2.impairment.result.v1,S2_07,BURST,BCH-S300,SEGMENTED,SYNDROME_LOOKUP,300,420,0.7142857142857143,0,-1.46128035678238,2,0,0,NONE,0,0,1,UNIFORM_RANDOM,PURE,32,UNIFORM_RANDOM,POST_HARD_DECISION_BIT_FLIP,0,5000,1500000,160000,5000,0.076190476190476197,116403,5000,0.077602000000000004,1,0,0,5000,1,5000,1,0,0,20.851780000000048,16.699999999999999,32.5,48.015000000000327,366.69999999999999,22.962559999999996,0,0,0,FIXED_FRAMES_REACHED,0,0,0,1,ab62ebb327de1cc5fc4127a4a74bdb8223f46fff3c95d29f5844a8136d5a71f9,WORKTREE
bch.s2.impairment.result.v1,S2_07,BURST,BCH-S300,SEGMENTED,SYNDROME_LOOKUP,300,420,0.7142857142857143,0,-1.46128035678238,2,0,0,NONE,0,0,1,UNIFORM_RANDOM,PURE,48,FRAME_START,POST_HARD_DECISION_BIT_FLIP,0,5000,1500000,240000,5000,0.11428571428571428,185000,5000,0.12333333333333334,1,0,0,5000,1,5000,1,0,0,37.438340000000018,25.699999999999999,62.899999999999999,247.27600000000166,6764.1999999999998,40.73979999999991,0,0,0,FIXED_FRAMES_REACHED,0,0,0,1,774a6341a3919f3a3778a48a1e9a7413074c8f63d6dd5cc5265e38d9999b7518,WORKTREE
bch.s2.impairment.result.v1,S2_07,BURST,BCH-S300,SEGMENTED,SYNDROME_LOOKUP,300,420,0.7142857142857143,0,-1.46128035678238,2,0,0,NONE,0,0,1,UNIFORM_RANDOM,PURE,48,FRAME_END,POST_HARD_DECISION_BIT_FLIP,0,5000,1500000,240000,5000,0.11428571428571428,130000,5000,0.08666666666666667,1,0,0,5000,1,5000,1,0,0,23.772660000000034,22.899999999999999,34.605000000000018,69.601000000000013,401.5,25.998699999999975,0,0,0,FIXED_FRAMES_REACHED,0,0,0,1,3079a29bf11aa87f29d155241902fd1c5d0e6fc4916d6076ae8419a2c15b369e,WORKTREE
bch.s2.impairment.result.v1,S2_07,BURST,BCH-S300,SEGMENTED,SYNDROME_LOOKUP,300,420,0.7142857142857143,0,-1.46128035678238,2,0,0,NONE,0,0,1,UNIFORM_RANDOM,PURE,48,SEGMENT_INTERIOR,POST_HARD_DECISION_BIT_FLIP,0,5000,1500000,240000,5000,0.11428571428571428,180000,5000,0.12,1,0,0,5000,1,5000,1,0,0,22.393260000000062,21.699999999999999,32.005000000000017,44.702000000000048,433.10000000000002,24.576880000000081,0,0,0,FIXED_FRAMES_REACHED,0,0,0,1,5f03437d6b9de0d02361840551ba11c33fa4e6dc848156b02ba715e1a1e8d924,WORKTREE
bch.s2.impairment.result.v1,S2_07,BURST,BCH-S300,SEGMENTED,SYNDROME_LOOKUP,300,420,0.7142857142857143,0,-1.46128035678238,2,0,0,NONE,0,0,1,UNIFORM_RANDOM,PURE,48,ONE_BEFORE_SEGMENT_BOUNDARY,POST_HARD_DECISION_BIT_FLIP,0,5000,1500000,240000,5000,0.11428571428571428,175000,5000,0.11666666666666667,1,0,0,5000,1,5000,1,0,0,23.300400000000057,23.399999999999999,33.399999999999999,55.701000000000022,331.30000000000001,25.53060000000001,0,0,0,FIXED_FRAMES_REACHED,0,0,0,1,521988b6797fffe9af32f3dbdb533eaef248a300630526f0340111b2e376d337,WORKTREE
bch.s2.impairment.result.v1,S2_07,BURST,BCH-S300,SEGMENTED,SYNDROME_LOOKUP,300,420,0.7142857142857143,0,-1.46128035678238,2,0,0,NONE,0,0,1,UNIFORM_RANDOM,PURE,48,ON_SEGMENT_BOUNDARY,POST_HARD_DECISION_BIT_FLIP,0,5000,1500000,240000,5000,0.11428571428571428,185000,5000,0.12333333333333334,1,0,0,5000,1,5000,1,0,0,21.464060000000032,16.850000000000001,32,49.908000000000172,644.10000000000002,23.686000000000003,0,0,0,FIXED_FRAMES_REACHED,0,0,0,1,efcab45afded6bda485017602dd30be42412a59cfafa0782446e66a63d3d9364,WORKTREE
bch.s2.impairment.result.v1,S2_07,BURST,BCH-S300,SEGMENTED,SYNDROME_LOOKUP,300,420,0.7142857142857143,0,-1.46128035678238,2,0,0,NONE,0,0,1,UNIFORM_RANDOM,PURE,48,UNIFORM_RANDOM,POST_HARD_DECISION_BIT_FLIP,0,5000,1500000,240000,5000,0.11428571428571428,174997,5000,0.11666466666666667,1,0,0,5000,1,5000,1,0,0,24.682640000000053,22.399999999999999,33.399999999999999,69.311000000000234,2625.6999999999998,26.996419999999983,0,0,0,FIXED_FRAMES_REACHED,0,0,0,1,6426f4b1c543e6137856e52b0361f15464f63957506fffd32ccd686d120bee97,WORKTREE
bch.s2.impairment.result.v1,S2_07,BURST,BCH-S300,SEGMENTED,SYNDROME_LOOKUP,300,420,0.7142857142857143,0,-1.46128035678238,2,0,0,NONE,0,0,1,UNIFORM_RANDOM,PURE,64,FRAME_START,POST_HARD_DECISION_BIT_FLIP,0,5000,1500000,320000,5000,0.15238095238095239,245000,5000,0.16333333333333333,1,0,0,5000,1,5000,1,0,0,30.934359999999927,25.699999999999999,53.905000000000015,168.41200000000029,1454.8,33.618180000000052,0,0,0,FIXED_FRAMES_REACHED,0,0,0,1,0fcb9e7500f5fbcb275d4c5f8f7eba30c9dc46e33bbb49a7f133d8729c71e37f,WORKTREE
bch.s2.impairment.result.v1,S2_07,BURST,BCH-S300,SEGMENTED,SYNDROME_LOOKUP,300,420,0.7142857142857143,0,-1.46128035678238,2,0,0,NONE,0,0,1,UNIFORM_RANDOM,PURE,64,FRAME_END,POST_HARD_DECISION_BIT_FLIP,0,5000,1500000,320000,5000,0.15238095238095239,185000,5000,0.12333333333333334,1,0,0,5000,1,5000,1,0,0,21.900899999999968,18.699999999999999,33.600000000000001,49.703000000000067,265.39999999999998,24.145420000000012,0,0,0,FIXED_FRAMES_REACHED,0,0,0,1,cd2c23c4a60126d8d66665a84278e8f47050ec87119a724970a8719d3f819128,WORKTREE
bch.s2.impairment.result.v1,S2_07,BURST,BCH-S300,SEGMENTED,SYNDROME_LOOKUP,300,420,0.7142857142857143,0,-1.46128035678238,2,0,0,NONE,0,0,1,UNIFORM_RANDOM,PURE,64,SEGMENT_INTERIOR,POST_HARD_DECISION_BIT_FLIP,0,5000,1500000,320000,5000,0.15238095238095239,240000,5000,0.16,1,0,0,5000,1,5000,1,0,0,23.169580000000032,23.100000000000001,32.100000000000001,60.304000000000087,618.89999999999998,25.259699999999984,0,0,0,FIXED_FRAMES_REACHED,0,0,0,1,4739f9aef31aee45af730e74332b798da785a3b06c1b1e71b8ebcc7f10ecd6a6,WORKTREE
bch.s2.impairment.result.v1,S2_07,BURST,BCH-S300,SEGMENTED,SYNDROME_LOOKUP,300,420,0.7142857142857143,0,-1.46128035678238,2,0,0,NONE,0,0,1,UNIFORM_RANDOM,PURE,64,ONE_BEFORE_SEGMENT_BOUNDARY,POST_HARD_DECISION_BIT_FLIP,0,5000,1500000,320000,5000,0.15238095238095239,240000,5000,0.16,1,0,0,5000,1,5000,1,0,0,26.179839999999995,25,37.405000000000015,78.103000000000065,785.39999999999998,28.668900000000047,0,0,0,FIXED_FRAMES_REACHED,0,0,0,1,feb315ff7c6163d6d00ade3a16f4c4c37829f0a6b2d032a5a4695fa25e04b4b5,WORKTREE
bch.s2.impairment.result.v1,S2_07,BURST,BCH-S300,SEGMENTED,SYNDROME_LOOKUP,300,420,0.7142857142857143,0,-1.46128035678238,2,0,0,NONE,0,0,1,UNIFORM_RANDOM,PURE,64,ON_SEGMENT_BOUNDARY,POST_HARD_DECISION_BIT_FLIP,0,5000,1500000,320000,5000,0.15238095238095239,245000,5000,0.16333333333333333,1,0,0,5000,1,5000,1,0,0,37.928500000000057,26.300000000000001,66.305000000000007,248.21600000000035,7661.6999999999998,41.35787999999993,0,0,0,FIXED_FRAMES_REACHED,0,0,0,1,293a0c829aa7a4751bd1eb8adff9e316fb521c5558b62667b57dbb3b9a458d4b,WORKTREE
bch.s2.impairment.result.v1,S2_07,BURST,BCH-S300,SEGMENTED,SYNDROME_LOOKUP,300,420,0.7142857142857143,0,-1.46128035678238,2,0,0,NONE,0,0,1,UNIFORM_RANDOM,PURE,64,UNIFORM_RANDOM,POST_HARD_DECISION_BIT_FLIP,0,5000,1500000,320000,5000,0.15238095238095239,233718,5000,0.15581200000000001,1,0,0,5000,1,5000,1,0,0,29.643059999999927,25.899999999999999,45.310000000000031,129.71200000000024,1034.0999999999999,32.624680000000012,0,0,0,FIXED_FRAMES_REACHED,0,0,0,1,6d2a9e435bb4f5a450d0dfd71a8def0ba61648bfacb4142ce421d9dfc6757465,WORKTREE
bch.s2.impairment.result.v1,S2_07,BURST,BCH-B300,WHOLE_BLOCK_SHORTENED,BERLEKAMP_MASSEY_CHIEN,300,390,0.76923076923076927,0,-1.1394335230683674,2,0,0,NONE,0,0,1,UNIFORM_RANDOM,PURE,1,FRAME_START,POST_HARD_DECISION_BIT_FLIP,0,5000,1500000,5000,5000,0.0025641025641025641,0,0,0,0,5000,1,5000,1,0,0,0,0,57.013259999999796,50.200000000000003,79.200000000000003,121.50600000000013,974.29999999999995,58.788639999999965,0,0,0,FIXED_FRAMES_REACHED,0,0,0,1,61addd1c530ec338c4938b3ea53e2b175bf2fb165c771e6b23ac080eb9c2c367,WORKTREE
bch.s2.impairment.result.v1,S2_07,BURST,BCH-B300,WHOLE_BLOCK_SHORTENED,BERLEKAMP_MASSEY_CHIEN,300,390,0.76923076923076927,0,-1.1394335230683674,2,0,0,NONE,0,0,1,UNIFORM_RANDOM,PURE,1,FRAME_END,POST_HARD_DECISION_BIT_FLIP,0,5000,1500000,5000,5000,0.0025641025641025641,0,0,0,0,5000,1,5000,1,0,0,0,0,70.490940000000009,61.700000000000003,100.82500000000009,314.11800000000039,1883,72.941459999999907,0,0,0,FIXED_FRAMES_REACHED,0,0,0,1,10ca50d6743961e7a9cdb1c499f59f676fdf86b246469b108cb9b124bdf1a2f0,WORKTREE
bch.s2.impairment.result.v1,S2_07,BURST,BCH-B300,WHOLE_BLOCK_SHORTENED,BERLEKAMP_MASSEY_CHIEN,300,390,0.76923076923076927,0,-1.1394335230683674,2,0,0,NONE,0,0,1,UNIFORM_RANDOM,PURE,1,SEGMENT_INTERIOR,POST_HARD_DECISION_BIT_FLIP,0,5000,1500000,5000,5000,0.0025641025641025641,0,0,0,0,5000,1,5000,1,0,0,0,0,66.892920000000004,61.899999999999999,94.820000000000064,209.42300000000051,1366.4000000000001,69.23445999999997,0,0,0,FIXED_FRAMES_REACHED,0,0,0,1,22a3151e28c85f9358a8baf527e4f05ccb69c8a0a2b5a96de2bcf76c65cb9584,WORKTREE
bch.s2.impairment.result.v1,S2_07,BURST,BCH-B300,WHOLE_BLOCK_SHORTENED,BERLEKAMP_MASSEY_CHIEN,300,390,0.76923076923076927,0,-1.1394335230683674,2,0,0,NONE,0,0,1,UNIFORM_RANDOM,PURE,1,ONE_BEFORE_SEGMENT_BOUNDARY,POST_HARD_DECISION_BIT_FLIP,0,5000,1500000,5000,5000,0.0025641025641025641,0,0,0,0,5000,1,5000,1,0,0,0,0,75.998179999999948,58.299999999999997,123.61000000000003,408.80000000000001,8460.7000000000007,78.481020000000129,0,0,0,FIXED_FRAMES_REACHED,0,0,0,1,bf805d92781c67925fb53354796fa4d3af4952d517d70ec6e9a8c121bd82621a,WORKTREE
bch.s2.impairment.result.v1,S2_07,BURST,BCH-B300,WHOLE_BLOCK_SHORTENED,BERLEKAMP_MASSEY_CHIEN,300,390,0.76923076923076927,0,-1.1394335230683674,2,0,0,NONE,0,0,1,UNIFORM_RANDOM,PURE,1,ON_SEGMENT_BOUNDARY,POST_HARD_DECISION_BIT_FLIP,0,5000,1500000,5000,5000,0.0025641025641025641,0,0,0,0,5000,1,5000,1,0,0,0,0,62.349440000000023,60,84.200000000000003,172.23900000000086,964.60000000000002,64.630320000000324,0,0,0,FIXED_FRAMES_REACHED,0,0,0,1,69c44a640b2cbc4b94e2ce70db2ac722d4968b345185cf69bfdd314a22bc2df1,WORKTREE
bch.s2.impairment.result.v1,S2_07,BURST,BCH-B300,WHOLE_BLOCK_SHORTENED,BERLEKAMP_MASSEY_CHIEN,300,390,0.76923076923076927,0,-1.1394335230683674,2,0,0,NONE,0,0,1,UNIFORM_RANDOM,PURE,1,UNIFORM_RANDOM,POST_HARD_DECISION_BIT_FLIP,0,5000,1500000,5000,5000,0.0025641025641025641,0,0,0,0,5000,1,5000,1,0,0,0,0,59.4357800000002,57.399999999999999,79.900000000000006,127.81300000000027,1843.9000000000001,61.493980000000214,0,0,0,FIXED_FRAMES_REACHED,0,0,0,1,bb64175a8bc32aab28bfe34ebc92632d5cf7eb9e155dbe4b9b8f9beaa882b916,WORKTREE
bch.s2.impairment.result.v1,S2_07,BURST,BCH-B300,WHOLE_BLOCK_SHORTENED,BERLEKAMP_MASSEY_CHIEN,300,390,0.76923076923076927,0,-1.1394335230683674,2,0,0,NONE,0,0,1,UNIFORM_RANDOM,PURE,2,FRAME_START,POST_HARD_DECISION_BIT_FLIP,0,5000,1500000,10000,5000,0.0051282051282051282,0,0,0,0,5000,1,5000,1,0,0,0,0,62.93495999999999,58.5,87.5,141.3090000000002,639.5,64.906299999999973,0,0,0,FIXED_FRAMES_REACHED,0,0,0,1,4bab58c26df75004377084fbcb234d28d4f3c1a0ce44c58dd493a83b47cfda45,WORKTREE
bch.s2.impairment.result.v1,S2_07,BURST,BCH-B300,WHOLE_BLOCK_SHORTENED,BERLEKAMP_MASSEY_CHIEN,300,390,0.76923076923076927,0,-1.1394335230683674,2,0,0,NONE,0,0,1,UNIFORM_RANDOM,PURE,2,FRAME_END,POST_HARD_DECISION_BIT_FLIP,0,5000,1500000,10000,5000,0.0051282051282051282,0,0,0,0,5000,1,5000,1,0,0,0,0,88.813560000000109,66,154.31000000000006,491.64900000000108,9255.3999999999996,92.74097999999988,0,0,0,FIXED_FRAMES_REACHED,0,0,0,1,7b76ef997045190b2ff70eab24c39e5b32508dbf78867348f6647b9900bfcd41,WORKTREE
bch.s2.impairment.result.v1,S2_07,BURST,BCH-B300,WHOLE_BLOCK_SHORTENED,BERLEKAMP_MASSEY_CHIEN,300,390,0.76923076923076927,0,-1.1394335230683674,2,0,0,NONE,0,0,1,UNIFORM_RANDOM,PURE,2,SEGMENT_INTERIOR,POST_HARD_DECISION_BIT_FLIP,0,5000,1500000,10000,5000,0.0051282051282051282,0,0,0,0,5000,1,5000,1,0,0,0,0,62.582240000000084,56.25,83.710000000000036,150.61100000000022,788.20000000000005,64.669220000000067,0,0,0,FIXED_FRAMES_REACHED,0,0,0,1,8badefadc7288568e754648fe3380a4494d77e558f25f343f680eb713c88e9ba,WORKTREE
bch.s2.impairment.result.v1,S2_07,BURST,BCH-B300,WHOLE_BLOCK_SHORTENED,BERLEKAMP_MASSEY_CHIEN,300,390,0.76923076923076927,0,-1.1394335230683674,2,0,0,NONE,0,0,1,UNIFORM_RANDOM,PURE,2,ONE_BEFORE_SEGMENT_BOUNDARY,POST_HARD_DECISION_BIT_FLIP,0,5000,1500000,10000,5000,0.0051282051282051282,0,0,0,0,5000,1,5000,1,0,0,0,0,60.047579999999961,52.399999999999999,80.099999999999994,125.62500000000054,861.60000000000002,61.936820000000097,0,0,0,FIXED_FRAMES_REACHED,0,0,0,1,8c3db953af0841fe65067418e740d45aa4193ffa6483a947312282ae90d68f37,WORKTREE
bch.s2.impairment.result.v1,S2_07,BURST,BCH-B300,WHOLE_BLOCK_SHORTENED,BERLEKAMP_MASSEY_CHIEN,300,390,0.76923076923076927,0,-1.1394335230683674,2,0,0,NONE,0,0,1,UNIFORM_RANDOM,PURE,2,ON_SEGMENT_BOUNDARY,POST_HARD_DECISION_BIT_FLIP,0,5000,1500000,10000,5000,0.0051282051282051282,0,0,0,0,5000,1,5000,1,0,0,0,0,81.93345999999994,65.599999999999994,136.01000000000005,366.82200000000051,9349.5,84.690319999999716,0,0,0,FIXED_FRAMES_REACHED,0,0,0,1,ae419a072a355824ca72786622412ce44d715590c7e0e82e9a11a0d4ed3367d8,WORKTREE
bch.s2.impairment.result.v1,S2_07,BURST,BCH-B300,WHOLE_BLOCK_SHORTENED,BERLEKAMP_MASSEY_CHIEN,300,390,0.76923076923076927,0,-1.1394335230683674,2,0,0,NONE,0,0,1,UNIFORM_RANDOM,PURE,2,UNIFORM_RANDOM,POST_HARD_DECISION_BIT_FLIP,0,5000,1500000,10000,5000,0.0051282051282051282,0,0,0,0,5000,1,5000,1,0,0,0,0,69.666279999999816,64.400000000000006,100.30500000000001,224.52400000000051,836,72.322339999999983,0,0,0,FIXED_FRAMES_REACHED,0,0,0,1,b92ad6fb98dc8805aa0e07b89cdbc4ae9dc6fe249bdbac52260baf56d4c64410,WORKTREE
bch.s2.impairment.result.v1,S2_07,BURST,BCH-B300,WHOLE_BLOCK_SHORTENED,BERLEKAMP_MASSEY_CHIEN,300,390,0.76923076923076927,0,-1.1394335230683674,2,0,0,NONE,0,0,1,UNIFORM_RANDOM,PURE,3,FRAME_START,POST_HARD_DECISION_BIT_FLIP,0,5000,1500000,15000,5000,0.0076923076923076927,0,0,0,0,5000,1,5000,1,0,0,0,0,64.895280000000056,59,87.400000000000006,135.92000000000044,637.60000000000002,66.783480000000097,0,0,0,FIXED_FRAMES_REACHED,0,0,0,1,878022c3b3984d876975304e96556f6c53d1d6a76b06b6460835d6b0c2b03b9a,WORKTREE
bch.s2.impairment.result.v1,S2_07,BURST,BCH-B300,WHOLE_BLOCK_SHORTENED,BERLEKAMP_MASSEY_CHIEN,300,390,0.76923076923076927,0,-1.1394335230683674,2,0,0,NONE,0,0,1,UNIFORM_RANDOM,PURE,3,FRAME_END,POST_HARD_DECISION_BIT_FLIP,0,5000,1500000,15000,5000,0.0076923076923076927,0,0,0,0,5000,1,5000,1,0,0,0,0,71.202060000000117,66.599999999999994,104.20500000000003,231.93500000000077,815,73.320700000000073,0,0,0,FIXED_FRAMES_REACHED,0,0,0,1,fcecfcde235c3e62d99bc5496352f989fa8d0838dc3cd3b2cd3f7ed9d97c5db7,WORKTREE
bch.s2.impairment.result.v1,S2_07,BURST,BCH-B300,WHOLE_BLOCK_SHORTENED,BERLEKAMP_MASSEY_CHIEN,300,390,0.76923076923076927,0,-1.1394335230683674,2,0,0,NONE,0,0,1,UNIFORM_RANDOM,PURE,3,SEGMENT_INTERIOR,POST_HARD_DECISION_BIT_FLIP,0,5000,1500000,15000,5000,0.0076923076923076927,0,0,0,0,5000,1,5000,1,0,0,0,0,84.975639999999999,69.599999999999994,117.90500000000003,395.54900000000106,9436,87.24895999999994,0,0,0,FIXED_FRAMES_REACHED,0,0,0,1,05cc9787fe064b65f94aa04a3cc7df8f9f07df2295e53e164b31d0a5d25e7652,WORKTREE
bch.s2.impairment.result.v1,S2_07,BURST,BCH-B300,WHOLE_BLOCK_SHORTENED,BERLEKAMP_MASSEY_CHIEN,300,390,0.76923076923076927,0,-1.1394335230683674,2,0,0,NONE,0,0,1,UNIFORM_RANDOM,PURE,3,ONE_BEFORE_SEGMENT_BOUNDARY,POST_HARD_DECISION_BIT_FLIP,0,5000,1500000,15000,5000,0.0076923076923076927,0,0,0,0,5000,1,5000,1,0,0,0,0,68.325239999999951,66.400000000000006,91.799999999999997,161.80100000000002,739.79999999999995,70.464319999999873,0,0,0,FIXED_FRAMES_REACHED,0,0,0,1,14872061ad7f7b39b7c71acc4a24236e784e0490f274cf17f76f0a7662052398,WORKTREE
bch.s2.impairment.result.v1,S2_07,BURST,BCH-B300,WHOLE_BLOCK_SHORTENED,BERLEKAMP_MASSEY_CHIEN,300,390,0.76923076923076927,0,-1.1394335230683674,2,0,0,NONE,0,0,1,UNIFORM_RANDOM,PURE,3,ON_SEGMENT_BOUNDARY,POST_HARD_DECISION_BIT_FLIP,0,5000,1500000,15000,5000,0.0076923076923076927,0,0,0,0,5000,1,5000,1,0,0,0,0,66.210500000000096,62.899999999999999,86,150.41000000000022,603.10000000000002,68.192100000000067,0,0,0,FIXED_FRAMES_REACHED,0,0,0,1,b0cd7ee52763ad5e1401d61fe3670eb30da700afca5fd5f00c2e29291f3805f2,WORKTREE
bch.s2.impairment.result.v1,S2_07,BURST,BCH-B300,WHOLE_BLOCK_SHORTENED,BERLEKAMP_MASSEY_CHIEN,300,390,0.76923076923076927,0,-1.1394335230683674,2,0,0,NONE,0,0,1,UNIFORM_RANDOM,PURE,3,UNIFORM_RANDOM,POST_HARD_DECISION_BIT_FLIP,0,5000,1500000,15000,5000,0.0076923076923076927,0,0,0,0,5000,1,5000,1,0,0,0,0,70.009699999999924,66.400000000000006,98.700000000000003,187.80400000000009,759.70000000000005,72.398540000000139,0,0,0,FIXED_FRAMES_REACHED,0,0,0,1,7404272faab4be47306a7ccda6f05c8fcf40cb417baf37e5c552897783150496,WORKTREE
bch.s2.impairment.result.v1,S2_07,BURST,BCH-B300,WHOLE_BLOCK_SHORTENED,BERLEKAMP_MASSEY_CHIEN,300,390,0.76923076923076927,0,-1.1394335230683674,2,0,0,NONE,0,0,1,UNIFORM_RANDOM,PURE,4,FRAME_START,POST_HARD_DECISION_BIT_FLIP,0,5000,1500000,20000,5000,0.010256410256410256,0,0,0,0,5000,1,5000,1,0,0,0,0,69.357859999999874,61.100000000000001,93.400000000000006,177.40500000000011,1150,71.462020000000152,0,0,0,FIXED_FRAMES_REACHED,0,0,0,1,214734295f66c3bac7a867337799ffe13acd6243bd1427974c1a4c885f5e78b5,WORKTREE
bch.s2.impairment.result.v1,S2_07,BURST,BCH-B300,WHOLE_BLOCK_SHORTENED,BERLEKAMP_MASSEY_CHIEN,300,390,0.76923076923076927,0,-1.1394335230683674,2,0,0,NONE,0,0,1,UNIFORM_RANDOM,PURE,4,FRAME_END,POST_HARD_DECISION_BIT_FLIP,0,5000,1500000,20000,5000,0.010256410256410256,0,0,0,0,5000,1,5000,1,0,0,0,0,67.614719999999849,61.299999999999997,89.005000000000024,135.70100000000002,391.5,69.452019999999919,0,0,0,FIXED_FRAMES_REACHED,0,0,0,1,f31f9dc5d65dd5667c2dd611f2f8aa87c78f28937102bc7231e945d254c30747,WORKTREE
bch.s2.impairment.result.v1,S2_07,BURST,BCH-B300,WHOLE_BLOCK_SHORTENED,BERLEKAMP_MASSEY_CHIEN,300,390,0.76923076923076927,0,-1.1394335230683674,2,0,0,NONE,0,0,1,UNIFORM_RANDOM,PURE,4,SEGMENT_INTERIOR,POST_HARD_DECISION_BIT_FLIP,0,5000,1500000,20000,5000,0.010256410256410256,0,0,0,0,5000,1,5000,1,0,0,0,0,70.839440000000209,64.299999999999997,94.299999999999997,149.59999999999999,932.70000000000005,72.771700000000251,0,0,0,FIXED_FRAMES_REACHED,0,0,0,1,06122ea812767680ef85c6e94fc7b6d0ce86c08df1e8eb04321668e92d8f3351,WORKTREE
bch.s2.impairment.result.v1,S2_07,BURST,BCH-B300,WHOLE_BLOCK_SHORTENED,BERLEKAMP_MASSEY_CHIEN,300,390,0.76923076923076927,0,-1.1394335230683674,2,0,0,NONE,0,0,1,UNIFORM_RANDOM,PURE,4,ONE_BEFORE_SEGMENT_BOUNDARY,POST_HARD_DECISION_BIT_FLIP,0,5000,1500000,20000,5000,0.010256410256410256,0,0,0,0,5000,1,5000,1,0,0,0,0,78.579540000000137,72.049999999999997,100.90500000000003,198.61200000000025,13050,80.608060000000094,0,0,0,FIXED_FRAMES_REACHED,0,0,0,1,016f99182f6e61eb8f8e429fa19238e94aa17fd6ee01b04a1b98044bcfcff0cf,WORKTREE
bch.s2.impairment.result.v1,S2_07,BURST,BCH-B300,WHOLE_BLOCK_SHORTENED,BERLEKAMP_MASSEY_CHIEN,300,390,0.76923076923076927,0,-1.1394335230683674,2,0,0,NONE,0,0,1,UNIFORM_RANDOM,PURE,4,ON_SEGMENT_BOUNDARY,POST_HARD_DECISION_BIT_FLIP,0,5000,1500000,20000,5000,0.010256410256410256,0,0,0,0,5000,1,5000,1,0,0,0,0,80.600279999999941,73.900000000000006,127.01000000000003,252.00200000000004,991.29999999999995,83.212899999999919,0,0,0,FIXED_FRAMES_REACHED,0,0,0,1,e1c91508f4d02300e5cf9ecd5e0ee4f4e8b763a01e1f5d3b4a307f8c0904e426,WORKTREE
bch.s2.impairment.result.v1,S2_07,BURST,BCH-B300,WHOLE_BLOCK_SHORTENED,BERLEKAMP_MASSEY_CHIEN,300,390,0.76923076923076927,0,-1.1394335230683674,2,0,0,NONE,0,0,1,UNIFORM_RANDOM,PURE,4,UNIFORM_RANDOM,POST_HARD_DECISION_BIT_FLIP,0,5000,1500000,20000,5000,0.010256410256410256,0,0,0,0,5000,1,5000,1,0,0,0,0,75.906019999999884,72.700000000000003,103.09999999999999,208.91100000000026,1009.9,78.131580000000014,0,0,0,FIXED_FRAMES_REACHED,0,0,0,1,ac798871876ed1ea732555915ddf473b96079594f745dd50f37f3eac8a9bc093,WORKTREE
bch.s2.impairment.result.v1,S2_07,BURST,BCH-B300,WHOLE_BLOCK_SHORTENED,BERLEKAMP_MASSEY_CHIEN,300,390,0.76923076923076927,0,-1.1394335230683674,2,0,0,NONE,0,0,1,UNIFORM_RANDOM,PURE,5,FRAME_START,POST_HARD_DECISION_BIT_FLIP,0,5000,1500000,25000,5000,0.01282051282051282,0,0,0,0,5000,1,5000,1,0,0,0,0,77.993640000000099,74.25,103.2,207.60200000000003,856.10000000000002,79.990819999999857,0,0,0,FIXED_FRAMES_REACHED,0,0,0,1,c6cf259074b1758aa48b665a008cdaa5f61dcae2c60ef33b458b0f02f9972086,WORKTREE
bch.s2.impairment.result.v1,S2_07,BURST,BCH-B300,WHOLE_BLOCK_SHORTENED,BERLEKAMP_MASSEY_CHIEN,300,390,0.76923076923076927,0,-1.1394335230683674,2,0,0,NONE,0,0,1,UNIFORM_RANDOM,PURE,5,FRAME_END,POST_HARD_DECISION_BIT_FLIP,0,5000,1500000,25000,5000,0.01282051282051282,0,0,0,0,5000,1,5000,1,0,0,0,0,72.534519999999944,65.700000000000003,96.900000000000006,157.50100000000003,866.10000000000002,74.488620000000026,0,0,0,FIXED_FRAMES_REACHED,0,0,0,1,a5d055127dbd56c867fe5aa7453cbba05aef0ce2a015ec4fe496fe8d5909cc10,WORKTREE
bch.s2.impairment.result.v1,S2_07,BURST,BCH-B300,WHOLE_BLOCK_SHORTENED,BERLEKAMP_MASSEY_CHIEN,300,390,0.76923076923076927,0,-1.1394335230683674,2,0,0,NONE,0,0,1,UNIFORM_RANDOM,PURE,5,SEGMENT_INTERIOR,POST_HARD_DECISION_BIT_FLIP,0,5000,1500000,25000,5000,0.01282051282051282,0,0,0,0,5000,1,5000,1,0,0,0,0,70.363960000000077,63.200000000000003,93.599999999999994,143.30300000000008,436.69999999999999,72.146260000000197,0,0,0,FIXED_FRAMES_REACHED,0,0,0,1,3e20957f13865a516671fae98dc301ace0859cbdcd91781a7a41a520bbe4303e,WORKTREE
bch.s2.impairment.result.v1,S2_07,BURST,BCH-B300,WHOLE_BLOCK_SHORTENED,BERLEKAMP_MASSEY_CHIEN,300,390,0.76923076923076927,0,-1.1394335230683674,2,0,0,NONE,0,0,1,UNIFORM_RANDOM,PURE,5,ONE_BEFORE_SEGMENT_BOUNDARY,POST_HARD_DECISION_BIT_FLIP,0,5000,1500000,25000,5000,0.01282051282051282,0,0,0,0,5000,1,5000,1,0,0,0,0,75.424640000000196,67.400000000000006,102.50500000000002,189.91200000000029,567.70000000000005,77.418460000000124,0,0,0,FIXED_FRAMES_REACHED,0,0,0,1,d0c3369acc3bb820334774f08ca884ab87283c947611bfba9f44d124db9454b3,WORKTREE
bch.s2.impairment.result.v1,S2_07,BURST,BCH-B300,WHOLE_BLOCK_SHORTENED,BERLEKAMP_MASSEY_CHIEN,300,390,0.76923076923076927,0,-1.1394335230683674,2,0,0,NONE,0,0,1,UNIFORM_RANDOM,PURE,5,ON_SEGMENT_BOUNDARY,POST_HARD_DECISION_BIT_FLIP,0,5000,1500000,25000,5000,0.01282051282051282,0,0,0,0,5000,1,5000,1,0,0,0,0,72.533860000000047,67.5,95.5,130.33100000000067,675.5,74.51205999999965,0,0,0,FIXED_FRAMES_REACHED,0,0,0,1,295eb5ef76c6ee76b6559a3f02012ea09a9bb093060228efe4e21ce335ef74c0,WORKTREE
bch.s2.impairment.result.v1,S2_07,BURST,BCH-B300,WHOLE_BLOCK_SHORTENED,BERLEKAMP_MASSEY_CHIEN,300,390,0.76923076923076927,0,-1.1394335230683674,2,0,0,NONE,0,0,1,UNIFORM_RANDOM,PURE,5,UNIFORM_RANDOM,POST_HARD_DECISION_BIT_FLIP,0,5000,1500000,25000,5000,0.01282051282051282,0,0,0,0,5000,1,5000,1,0,0,0,0,72.261299999999821,64.299999999999997,93.799999999999997,158.40900000000022,791,74.260380000000197,0,0,0,FIXED_FRAMES_REACHED,0,0,0,1,2608d2c0f68b77f80385c98f151e70ff6ad83420b46de014af80135bb1cd5231,WORKTREE
bch.s2.impairment.result.v1,S2_07,BURST,BCH-B300,WHOLE_BLOCK_SHORTENED,BERLEKAMP_MASSEY_CHIEN,300,390,0.76923076923076927,0,-1.1394335230683674,2,0,0,NONE,0,0,1,UNIFORM_RANDOM,PURE,6,FRAME_START,POST_HARD_DECISION_BIT_FLIP,0,5000,1500000,30000,5000,0.015384615384615385,0,0,0,0,5000,1,5000,1,0,0,0,0,77.977679999999964,70.799999999999997,105.59999999999999,167.7050000000001,898.79999999999995,79.823720000000222,0,0,0,FIXED_FRAMES_REACHED,0,0,0,1,0a79ac580a840c10a3de85a49d8ecf96ce443fd799b54952323b4e4946d5bd0d,WORKTREE
bch.s2.impairment.result.v1,S2_07,BURST,BCH-B300,WHOLE_BLOCK_SHORTENED,BERLEKAMP_MASSEY_CHIEN,300,390,0.76923076923076927,0,-1.1394335230683674,2,0,0,NONE,0,0,1,UNIFORM_RANDOM,PURE,6,FRAME_END,POST_HARD_DECISION_BIT_FLIP,0,5000,1500000,30000,5000,0.015384615384615385,0,0,0,0,5000,1,5000,1,0,0,0,0,80.498920000000382,77.450000000000003,106.59999999999999,198.8090000000002,905.79999999999995,82.586999999999634,0,0,0,FIXED_FRAMES_REACHED,0,0,0,1,41162866f5469189f72fce81f0ed9a9e97df527bb6ddaa45c450112e89303f8d,WORKTREE
bch.s2.impairment.result.v1,S2_07,BURST,BCH-B300,WHOLE_BLOCK_SHORTENED,BERLEKAMP_MASSEY_CHIEN,300,390,0.76923076923076927,0,-1.1394335230683674,2,0,0,NONE,0,0,1,UNIFORM_RANDOM,PURE,6,SEGMENT_INTERIOR,POST_HARD_DECISION_BIT_FLIP,0,5000,1500000,30000,5000,0.015384615384615385,0,0,0,0,5000,1,5000,1,0,0,0,0,81.926320000000146,77.900000000000006,114.51000000000003,219.40700000000018,1419.5999999999999,83.934280000000172,0,0,0,FIXED_FRAMES_REACHED,0,0,0,1,42185be4c8ed9c0c67fd35548be3df980a0c963f0667874cf14e0a1834a006bc,WORKTREE
bch.s2.impairment.result.v1,S2_07,BURST,BCH-B300,WHOLE_BLOCK_SHORTENED,BERLEKAMP_MASSEY_CHIEN,300,390,0.76923076923076927,0,-1.1394335230683674,2,0,0,NONE,0,0,1,UNIFORM_RANDOM,PURE,6,ONE_BEFORE_SEGMENT_BOUNDARY,POST_HARD_DECISION_BIT_FLIP,0,5000,1500000,30000,5000,0.015384615384615385,0,0,0,0,5000,1,5000,1,0,0,0,0,82.415340000000072,78.599999999999994,113.11000000000003,200.43100000000069,1206,84.506859999999989,0,0,0,FIXED_FRAMES_REACHED,0,0,0,1,0cc1779b7822f4125cc4e119915ddc8653554430d36f99360d60e75618f93e0a,WORKTREE
bch.s2.impairment.result.v1,S2_07,BURST,BCH-B300,WHOLE_BLOCK_SHORTENED,BERLEKAMP_MASSEY_CHIEN,300,390,0.76923076923076927,0,-1.1394335230683674,2,0,0,NONE,0,0,1,UNIFORM_RANDOM,PURE,6,ON_SEGMENT_BOUNDARY,POST_HARD_DECISION_BIT_FLIP,0,5000,1500000,30000,5000,0.015384615384615385,0,0,0,0,5000,1,5000,1,0,0,0,0,111.81483999999978,86.599999999999994,201.95000000000019,586.16300000000149,5112.8999999999996,115.04076000000012,0,0,0,FIXED_FRAMES_REACHED,0,0,0,1,e261a71994f589ae0ca34cce6481b905eabb1a15e7b1c0407abfa9e53f46bebb,WORKTREE
bch.s2.impairment.result.v1,S2_07,BURST,BCH-B300,WHOLE_BLOCK_SHORTENED,BERLEKAMP_MASSEY_CHIEN,300,390,0.76923076923076927,0,-1.1394335230683674,2,0,0,NONE,0,0,1,UNIFORM_RANDOM,PURE,6,UNIFORM_RANDOM,POST_HARD_DECISION_BIT_FLIP,0,5000,1500000,30000,5000,0.015384615384615385,0,0,0,0,5000,1,5000,1,0,0,0,0,87.374520000000047,83.400000000000006,121.9250000000001,226.36000000000132,711.20000000000005,89.806140000000056,0,0,0,FIXED_FRAMES_REACHED,0,0,0,1,d12870f169d694ccaaa2d2cfa3796ee5435b7bb758cd11e6a8c3c5282f945418,WORKTREE
bch.s2.impairment.result.v1,S2_07,BURST,BCH-B300,WHOLE_BLOCK_SHORTENED,BERLEKAMP_MASSEY_CHIEN,300,390,0.76923076923076927,0,-1.1394335230683674,2,0,0,NONE,0,0,1,UNIFORM_RANDOM,PURE,7,FRAME_START,POST_HARD_DECISION_BIT_FLIP,0,5000,1500000,35000,5000,0.017948717948717947,0,0,0,0,5000,1,5000,1,0,0,0,0,85.515559999999979,78,116.71000000000004,221.10700000000014,684.20000000000005,87.520300000000063,0,0,0,FIXED_FRAMES_REACHED,0,0,0,1,082babc43b375594a656e1aa7ee012757188f8eb64b02f913159c0180bac8a08,WORKTREE
bch.s2.impairment.result.v1,S2_07,BURST,BCH-B300,WHOLE_BLOCK_SHORTENED,BERLEKAMP_MASSEY_CHIEN,300,390,0.76923076923076927,0,-1.1394335230683674,2,0,0,NONE,0,0,1,UNIFORM_RANDOM,PURE,7,FRAME_END,POST_HARD_DECISION_BIT_FLIP,0,5000,1500000,35000,5000,0.017948717948717947,0,0,0,0,5000,1,5000,1,0,0,0,0,115.0736400000003,91.799999999999997,173.94000000000017,511.50300000000004,20468.299999999999,117.95266000000011,0,0,0,FIXED_FRAMES_REACHED,0,0,0,1,161ee0509ac6b96bb041aa6e3ce7ecaeb8afeae73af3b5007efca11abb267149,WORKTREE
bch.s2.impairment.result.v1,S2_07,BURST,BCH-B300,WHOLE_BLOCK_SHORTENED,BERLEKAMP_MASSEY_CHIEN,300,390,0.76923076923076927,0,-1.1394335230683674,2,0,0,NONE,0,0,1,UNIFORM_RANDOM,PURE,7,SEGMENT_INTERIOR,POST_HARD_DECISION_BIT_FLIP,0,5000,1500000,35000,5000,0.017948717948717947,0,0,0,0,5000,1,5000,1,0,0,0,0,90.268920000000094,88.099999999999994,120.80500000000001,256.11900000000043,687.39999999999998,92.539020000000022,0,0,0,FIXED_FRAMES_REACHED,0,0,0,1,b958d61c00f4fb30bf40bb9d1d25485e8408881ec3d1406cea8c655939eeedd4,WORKTREE
bch.s2.impairment.result.v1,S2_07,BURST,BCH-B300,WHOLE_BLOCK_SHORTENED,BERLEKAMP_MASSEY_CHIEN,300,390,0.76923076923076927,0,-1.1394335230683674,2,0,0,NONE,0,0,1,UNIFORM_RANDOM,PURE,7,ONE_BEFORE_SEGMENT_BOUNDARY,POST_HARD_DECISION_BIT_FLIP,0,5000,1500000,35000,5000,0.017948717948717947,0,0,0,0,5000,1,5000,1,0,0,0,0,87.413059999999973,86.099999999999994,114.105,220.44000000000088,868,89.557459999999921,0,0,0,FIXED_FRAMES_REACHED,0,0,0,1,9ef666c2dc088d1ccbe47009d37ee4de8c42733da9f60fdf8eb20d4d0a1a2df8,WORKTREE
bch.s2.impairment.result.v1,S2_07,BURST,BCH-B300,WHOLE_BLOCK_SHORTENED,BERLEKAMP_MASSEY_CHIEN,300,390,0.76923076923076927,0,-1.1394335230683674,2,0,0,NONE,0,0,1,UNIFORM_RANDOM,PURE,7,ON_SEGMENT_BOUNDARY,POST_HARD_DECISION_BIT_FLIP,0,5000,1500000,35000,5000,0.017948717948717947,0,0,0,0,5000,1,5000,1,0,0,0,0,83.327779999999535,74.599999999999994,113.09999999999999,184.12400000000051,1071.0999999999999,85.198640000000012,0,0,0,FIXED_FRAMES_REACHED,0,0,0,1,ac46541cea1fe952e29894099f1d2bd43f0ba3c7c7fae52bb7d1afa32f6ede6d,WORKTREE
bch.s2.impairment.result.v1,S2_07,BURST,BCH-B300,WHOLE_BLOCK_SHORTENED,BERLEKAMP_MASSEY_CHIEN,300,390,0.76923076923076927,0,-1.1394335230683674,2,0,0,NONE,0,0,1,UNIFORM_RANDOM,PURE,7,UNIFORM_RANDOM,POST_HARD_DECISION_BIT_FLIP,0,5000,1500000,35000,5000,0.017948717948717947,0,0,0,0,5000,1,5000,1,0,0,0,0,109.20249999999997,90.700000000000003,191.92000000000007,537.92500000000052,3460.8000000000002,112.04950000000002,0,0,0,FIXED_FRAMES_REACHED,0,0,0,1,0a39e9ab9dda4abf4299392e6f2f6d04a4796e0f5a10f5d819a73c8cc45d0fb0,WORKTREE
bch.s2.impairment.result.v1,S2_07,BURST,BCH-B300,WHOLE_BLOCK_SHORTENED,BERLEKAMP_MASSEY_CHIEN,300,390,0.76923076923076927,0,-1.1394335230683674,2,0,0,NONE,0,0,1,UNIFORM_RANDOM,PURE,8,FRAME_START,POST_HARD_DECISION_BIT_FLIP,0,5000,1500000,40000,5000,0.020512820512820513,0,0,0,0,5000,1,5000,1,0,0,0,0,107.61089999999982,97.099999999999994,164,374.50100000000003,1379.5,110.14353999999985,0,0,0,FIXED_FRAMES_REACHED,0,0,0,1,6cb0684f8595874c6bc7b75920c8a3b82d5bc9f9e3c67c2dc4ff400499520488,WORKTREE
bch.s2.impairment.result.v1,S2_07,BURST,BCH-B300,WHOLE_BLOCK_SHORTENED,BERLEKAMP_MASSEY_CHIEN,300,390,0.76923076923076927,0,-1.1394335230683674,2,0,0,NONE,0,0,1,UNIFORM_RANDOM,PURE,8,FRAME_END,POST_HARD_DECISION_BIT_FLIP,0,5000,1500000,40000,5000,0.020512820512820513,0,0,0,0,5000,1,5000,1,0,0,0,0,109.44344000000022,97.099999999999994,164.90000000000001,400.54300000000092,2042,111.99483999999961,0,0,0,FIXED_FRAMES_REACHED,0,0,0,1,6ee35640bc435e7ed108af5b095937b922083488bc258faea1b85ee625b039e7,WORKTREE
bch.s2.impairment.result.v1,S2_07,BURST,BCH-B300,WHOLE_BLOCK_SHORTENED,BERLEKAMP_MASSEY_CHIEN,300,390,0.76923076923076927,0,-1.1394335230683674,2,0,0,NONE,0,0,1,UNIFORM_RANDOM,PURE,8,SEGMENT_INTERIOR,POST_HARD_DECISION_BIT_FLIP,0,5000,1500000,40000,5000,0.020512820512820513,0,0,0,0,5000,1,5000,1,0,0,0,0,144.50533999999993,101.2,290.70499999999998,869.73400000000299,8741.5,148.18106000000014,0,0,0,FIXED_FRAMES_REACHED,0,0,0,1,a2edb024d060b81d38f4fb3e72afa49eab8c50b85a928ab914865301e010f34d,WORKTREE
bch.s2.impairment.result.v1,S2_07,BURST,BCH-B300,WHOLE_BLOCK_SHORTENED,BERLEKAMP_MASSEY_CHIEN,300,390,0.76923076923076927,0,-1.1394335230683674,2,0,0,NONE,0,0,1,UNIFORM_RANDOM,PURE,8,ONE_BEFORE_SEGMENT_BOUNDARY,POST_HARD_DECISION_BIT_FLIP,0,5000,1500000,40000,5000,0.020512820512820513,0,0,0,0,5000,1,5000,1,0,0,0,0,117.13551999999974,99.599999999999994,173.09999999999999,490.11200000000025,7272,119.74553999999999,0,0,0,FIXED_FRAMES_REACHED,0,0,0,1,82f07834d8b8cad80b1364896097160e35d0d463b10031975bde22bcbf41cb02,WORKTREE
bch.s2.impairment.result.v1,S2_07,BURST,BCH-B300,WHOLE_BLOCK_SHORTENED,BERLEKAMP_MASSEY_CHIEN,300,390,0.76923076923076927,0,-1.1394335230683674,2,0,0,NONE,0,0,1,UNIFORM_RANDOM,PURE,8,ON_SEGMENT_BOUNDARY,POST_HARD_DECISION_BIT_FLIP,0,5000,1500000,40000,5000,0.020512820512820513,0,0,0,0,5000,1,5000,1,0,0,0,0,101.15886000000005,93.5,132.01000000000005,305.52300000000491,15518.1,103.48827999999997,0,0,0,FIXED_FRAMES_REACHED,0,0,0,1,9dd580f778b43e98f68a5c9ba74b6bd19fd222019f6278de7cf8369675f58743,WORKTREE
bch.s2.impairment.result.v1,S2_07,BURST,BCH-B300,WHOLE_BLOCK_SHORTENED,BERLEKAMP_MASSEY_CHIEN,300,390,0.76923076923076927,0,-1.1394335230683674,2,0,0,NONE,0,0,1,UNIFORM_RANDOM,PURE,8,UNIFORM_RANDOM,POST_HARD_DECISION_BIT_FLIP,0,5000,1500000,40000,5000,0.020512820512820513,0,0,0,0,5000,1,5000,1,0,0,0,0,126.02835999999948,98.700000000000003,226.3250000000001,584.23800000000517,7913.1999999999998,129.60341999999983,0,0,0,FIXED_FRAMES_REACHED,0,0,0,1,870dd6e965bc2b10933132f3bf3226b1afdc5b8836726afdf4b668b369c98b4d,WORKTREE
bch.s2.impairment.result.v1,S2_07,BURST,BCH-B300,WHOLE_BLOCK_SHORTENED,BERLEKAMP_MASSEY_CHIEN,300,390,0.76923076923076927,0,-1.1394335230683674,2,0,0,NONE,0,0,1,UNIFORM_RANDOM,PURE,10,FRAME_START,POST_HARD_DECISION_BIT_FLIP,0,5000,1500000,50000,5000,0.02564102564102564,0,0,0,0,5000,1,5000,1,0,0,0,0,121.13957999999991,107.3,174.2350000000001,429.2380000000008,3561.1999999999998,123.63275999999975,0,0,0,FIXED_FRAMES_REACHED,0,0,0,1,5e90b8c536c49e3c71ff491240b268a8da2a2d437df0d5e0209d75d6e57a9f19,WORKTREE
bch.s2.impairment.result.v1,S2_07,BURST,BCH-B300,WHOLE_BLOCK_SHORTENED,BERLEKAMP_MASSEY_CHIEN,300,390,0.76923076923076927,0,-1.1394335230683674,2,0,0,NONE,0,0,1,UNIFORM_RANDOM,PURE,10,FRAME_END,POST_HARD_DECISION_BIT_FLIP,0,5000,1500000,50000,5000,0.02564102564102564,0,0,0,0,5000,1,5000,1,0,0,0,0,109.28557999999994,104,144.01000000000005,273.11100000000027,974.60000000000002,111.46353999999985,0,0,0,FIXED_FRAMES_REACHED,0,0,0,1,c7dfd9f73adffd7cdec02388db048ea435cba6a6789f2094fb90b156d5bdbe66,WORKTREE
bch.s2.impairment.result.v1,S2_07,BURST,BCH-B300,WHOLE_BLOCK_SHORTENED,BERLEKAMP_MASSEY_CHIEN,300,390,0.76923076923076927,0,-1.1394335230683674,2,0,0,NONE,0,0,1,UNIFORM_RANDOM,PURE,10,SEGMENT_INTERIOR,POST_HARD_DECISION_BIT_FLIP,0,5000,1500000,50000,5000,0.02564102564102564,0,0,0,0,5000,1,5000,1,0,0,0,0,171.90766000000065,114.7,338.70499999999998,1093.7610000000079,21419.200000000001,176.44014000000013,0,0,0,FIXED_FRAMES_REACHED,0,0,0,1,7c5e9db320baf6cf5c2565e1c3f33a0fa3998f458c1d04d8edb01563ea16209d,WORKTREE
bch.s2.impairment.result.v1,S2_07,BURST,BCH-B300,WHOLE_BLOCK_SHORTENED,BERLEKAMP_MASSEY_CHIEN,300,390,0.76923076923076927,0,-1.1394335230683674,2,0,0,NONE,0,0,1,UNIFORM_RANDOM,PURE,10,ONE_BEFORE_SEGMENT_BOUNDARY,POST_HARD_DECISION_BIT_FLIP,0,5000,1500000,50000,5000,0.02564102564102564,0,0,0,0,5000,1,5000,1,0,0,0,0,123.54760000000002,107.8,178.84000000000017,422.85700000000128,20502.799999999999,126.27604000000052,0,0,0,FIXED_FRAMES_REACHED,0,0,0,1,11d93755c58fd38d1fc488550b31d8542540631008d44b168efd38cce349bd99,WORKTREE
bch.s2.impairment.result.v1,S2_07,BURST,BCH-B300,WHOLE_BLOCK_SHORTENED,BERLEKAMP_MASSEY_CHIEN,300,390,0.76923076923076927,0,-1.1394335230683674,2,0,0,NONE,0,0,1,UNIFORM_RANDOM,PURE,10,ON_SEGMENT_BOUNDARY,POST_HARD_DECISION_BIT_FLIP,0,5000,1500000,50000,5000,0.02564102564102564,0,0,0,0,5000,1,5000,1,0,0,0,0,116.30999999999993,106.09999999999999,163.40500000000003,336.3500000000011,4395,118.76810000000023,0,0,0,FIXED_FRAMES_REACHED,0,0,0,1,4cd30ce5f5cbc32d2e1e733c9db7cf44457b3f0a4b26f64872323c9b5694cf2e,WORKTREE
bch.s2.impairment.result.v1,S2_07,BURST,BCH-B300,WHOLE_BLOCK_SHORTENED,BERLEKAMP_MASSEY_CHIEN,300,390,0.76923076923076927,0,-1.1394335230683674,2,0,0,NONE,0,0,1,UNIFORM_RANDOM,PURE,10,UNIFORM_RANDOM,POST_HARD_DECISION_BIT_FLIP,0,5000,1500000,50000,5000,0.02564102564102564,0,0,0,0,5000,1,5000,1,0,0,0,0,151.88604000000009,109.90000000000001,261.81500000000005,864.93100000000061,22617.5,155.2592600000001,0,0,0,FIXED_FRAMES_REACHED,0,0,0,1,d8edd9118f799d2984596d1d7efa3ecee34a57fed9705b762c0a595d8b15134c,WORKTREE
bch.s2.impairment.result.v1,S2_07,BURST,BCH-B300,WHOLE_BLOCK_SHORTENED,BERLEKAMP_MASSEY_CHIEN,300,390,0.76923076923076927,0,-1.1394335230683674,2,0,0,NONE,0,0,1,UNIFORM_RANDOM,PURE,12,FRAME_START,POST_HARD_DECISION_BIT_FLIP,0,5000,1500000,60000,5000,0.030769230769230771,60000,5000,0.040000000000000001,1,0,0,0,0,0,0,5000,1,111.94182000000006,104.8,145.41500000000008,299.80700000000019,2805.1999999999998,114.31754000000004,0,0,0,FIXED_FRAMES_REACHED,0,0,0,1,4ba472c8b27e79d30deb9b6865b2b6100374b2fd82f8ba4d9bc9a2d3bb1e4980,WORKTREE
bch.s2.impairment.result.v1,S2_07,BURST,BCH-B300,WHOLE_BLOCK_SHORTENED,BERLEKAMP_MASSEY_CHIEN,300,390,0.76923076923076927,0,-1.1394335230683674,2,0,0,NONE,0,0,1,UNIFORM_RANDOM,PURE,12,FRAME_END,POST_HARD_DECISION_BIT_FLIP,0,5000,1500000,60000,5000,0.030769230769230771,0,0,0,0,5000,1,0,0,0,0,5000,1,128.00946000000002,106.09999999999999,213.11000000000001,610.49200000000189,3652.8000000000002,130.71353999999991,0,0,0,FIXED_FRAMES_REACHED,0,0,0,1,5704aa066625a4c9cd163427f8cdccc79dd23ad02243624c70260cd92657bf49,WORKTREE
bch.s2.impairment.result.v1,S2_07,BURST,BCH-B300,WHOLE_BLOCK_SHORTENED,BERLEKAMP_MASSEY_CHIEN,300,390,0.76923076923076927,0,-1.1394335230683674,2,0,0,NONE,0,0,1,UNIFORM_RANDOM,PURE,12,SEGMENT_INTERIOR,POST_HARD_DECISION_BIT_FLIP,0,5000,1500000,60000,5000,0.030769230769230771,60000,5000,0.040000000000000001,1,0,0,0,0,0,0,5000,1,133.11878000000002,109.3,215.43000000000012,508.58700000000192,20980.400000000001,136.00234000000012,0,0,0,FIXED_FRAMES_REACHED,0,0,0,1,e01665da13f7db7465f1bf0a8524a0756d39b596b0d135a0c8ec43811b341a1f,WORKTREE
bch.s2.impairment.result.v1,S2_07,BURST,BCH-B300,WHOLE_BLOCK_SHORTENED,BERLEKAMP_MASSEY_CHIEN,300,390,0.76923076923076927,0,-1.1394335230683674,2,0,0,NONE,0,0,1,UNIFORM_RANDOM,PURE,12,ONE_BEFORE_SEGMENT_BOUNDARY,POST_HARD_DECISION_BIT_FLIP,0,5000,1500000,60000,5000,0.030769230769230771,60000,5000,0.040000000000000001,1,0,0,0,0,0,0,5000,1,115.76942000000015,106,157.31500000000008,377.03400000000073,4768.3000000000002,118.20755999999984,0,0,0,FIXED_FRAMES_REACHED,0,0,0,1,3f0e57cbfbd07395acbad14312c5eaba10b7e46090634f87b92a1097b3288a14,WORKTREE
bch.s2.impairment.result.v1,S2_07,BURST,BCH-B300,WHOLE_BLOCK_SHORTENED,BERLEKAMP_MASSEY_CHIEN,300,390,0.76923076923076927,0,-1.1394335230683674,2,0,0,NONE,0,0,1,UNIFORM_RANDOM,PURE,12,ON_SEGMENT_BOUNDARY,POST_HARD_DECISION_BIT_FLIP,0,5000,1500000,60000,5000,0.030769230769230771,60000,5000,0.040000000000000001,1,0,0,0,0,0,0,5000,1,107.81005999999994,102.40000000000001,142.90500000000003,284.46000000000129,1837.5,110.1232199999998,0,0,0,FIXED_FRAMES_REACHED,0,0,0,1,5d1fef1a752d29a67473071b83336e00f87ae2e79b3771a58b43a957285b2cff,WORKTREE
bch.s2.impairment.result.v1,S2_07,BURST,BCH-B300,WHOLE_BLOCK_SHORTENED,BERLEKAMP_MASSEY_CHIEN,300,390,0.76923076923076927,0,-1.1394335230683674,2,0,0,NONE,0,0,1,UNIFORM_RANDOM,PURE,12,UNIFORM_RANDOM,POST_HARD_DECISION_BIT_FLIP,0,5000,1500000,60000,5000,0.030769230769230771,46543,3951,0.031028666666666666,0.79020000000000001,1049,0.20979999999999999,0,0,0,0,5000,1,106.10980000000009,101.2,141.31500000000008,243.25700000000123,3117.0999999999999,108.35550000000013,0,0,0,FIXED_FRAMES_REACHED,0,0,0,1,a4989d79aac93be98bfc9f3ea59a25ddd81292623e08d9d65d22f8a274f70824,WORKTREE
bch.s2.impairment.result.v1,S2_07,BURST,BCH-B300,WHOLE_BLOCK_SHORTENED,BERLEKAMP_MASSEY_CHIEN,300,390,0.76923076923076927,0,-1.1394335230683674,2,0,0,NONE,0,0,1,UNIFORM_RANDOM,PURE,14,FRAME_START,POST_HARD_DECISION_BIT_FLIP,0,5000,1500000,70000,5000,0.035897435897435895,70000,5000,0.046666666666666669,1,0,0,0,0,0,0,5000,1,106.24734000000015,101.2,142.70499999999998,309.19999999999999,1050.8,108.46082000000025,0,0,0,FIXED_FRAMES_REACHED,0,0,0,1,ab9f1bce63a22d17f4952629145602daae0f557f37afcb4eeac4b252b9a7b309,WORKTREE
bch.s2.impairment.result.v1,S2_07,BURST,BCH-B300,WHOLE_BLOCK_SHORTENED,BERLEKAMP_MASSEY_CHIEN,300,390,0.76923076923076927,0,-1.1394335230683674,2,0,0,NONE,0,0,1,UNIFORM_RANDOM,PURE,14,FRAME_END,POST_HARD_DECISION_BIT_FLIP,0,5000,1500000,70000,5000,0.035897435897435895,0,0,0,0,5000,1,0,0,0,0,5000,1,107.8279399999999,101.90000000000001,136.69999999999999,327.05400000000117,6377.8999999999996,110.07492000000035,0,0,0,FIXED_FRAMES_REACHED,0,0,0,1,82461ac7afd17462ef5038e4918d1423eeb4c8195c93e1979c5aafa4bceeb2f0,WORKTREE
bch.s2.impairment.result.v1,S2_07,BURST,BCH-B300,WHOLE_BLOCK_SHORTENED,BERLEKAMP_MASSEY_CHIEN,300,390,0.76923076923076927,0,-1.1394335230683674,2,0,0,NONE,0,0,1,UNIFORM_RANDOM,PURE,14,SEGMENT_INTERIOR,POST_HARD_DECISION_BIT_FLIP,0,5000,1500000,70000,5000,0.035897435897435895,70000,5000,0.046666666666666669,1,0,0,0,0,0,0,5000,1,102.2917199999998,94.099999999999994,137.90500000000003,252.3500000000011,1687.3,104.36249999999966,0,0,0,FIXED_FRAMES_REACHED,0,0,0,1,eddd90f9ec34ffb40aaee6155c48983b70d50ea56e5f7925f50fc1c1e1509931,WORKTREE
bch.s2.impairment.result.v1,S2_07,BURST,BCH-B300,WHOLE_BLOCK_SHORTENED,BERLEKAMP_MASSEY_CHIEN,300,390,0.76923076923076927,0,-1.1394335230683674,2,0,0,NONE,0,0,1,UNIFORM_RANDOM,PURE,14,ONE_BEFORE_SEGMENT_BOUNDARY,POST_HARD_DECISION_BIT_FLIP,0,5000,1500000,70000,5000,0.035897435897435895,70000,5000,0.046666666666666669,1,0,0,0,0,0,0,5000,1,106.39637999999982,102.3,137.60500000000002,273.0190000000004,781.39999999999998,108.48072000000049,0,0,0,FIXED_FRAMES_REACHED,0,0,0,1,0fa36e85723f79bc46a8914dadd84034fa3df8858cb19b0a4d1046b752c0c2bb,WORKTREE
bch.s2.impairment.result.v1,S2_07,BURST,BCH-B300,WHOLE_BLOCK_SHORTENED,BERLEKAMP_MASSEY_CHIEN,300,390,0.76923076923076927,0,-1.1394335230683674,2,0,0,NONE,0,0,1,UNIFORM_RANDOM,PURE,14,ON_SEGMENT_BOUNDARY,POST_HARD_DECISION_BIT_FLIP,0,5000,1500000,70000,5000,0.035897435897435895,70000,5000,0.046666666666666669,1,0,0,0,0,0,0,5000,1,106.33935999999973,100.90000000000001,139.71500000000003,295.74800000000101,1609.3,108.4247800000002,0,0,0,FIXED_FRAMES_REACHED,0,0,0,1,4257f8a80d79b344fc78e96b70835f5340f4f26e955338462c09ff28a543b4df,WORKTREE
bch.s2.impairment.result.v1,S2_07,BURST,BCH-B300,WHOLE_BLOCK_SHORTENED,BERLEKAMP_MASSEY_CHIEN,300,390,0.76923076923076927,0,-1.1394335230683674,2,0,0,NONE,0,0,1,UNIFORM_RANDOM,PURE,14,UNIFORM_RANDOM,POST_HARD_DECISION_BIT_FLIP,0,5000,1500000,70000,5000,0.035897435897435895,54428,3969,0.036285333333333336,0.79379999999999995,1031,0.20619999999999999,0,0,0,0,5000,1,110.45729999999982,103.09999999999999,148.31000000000006,312.11000000000024,8949.6000000000004,112.95719999999993,0,0,0,FIXED_FRAMES_REACHED,0,0,0,1,154131eaf32ff53e2dcd34f1af9aec3af998a9f3bf531e77d4cc70fb8469e60e,WORKTREE
bch.s2.impairment.result.v1,S2_07,BURST,BCH-B300,WHOLE_BLOCK_SHORTENED,BERLEKAMP_MASSEY_CHIEN,300,390,0.76923076923076927,0,-1.1394335230683674,2,0,0,NONE,0,0,1,UNIFORM_RANDOM,PURE,15,FRAME_START,POST_HARD_DECISION_BIT_FLIP,0,5000,1500000,75000,5000,0.038461538461538464,75000,5000,0.050000000000000003,1,0,0,0,0,0,0,5000,1,106.63464000000013,101.59999999999999,145.50500000000002,278.50200000000007,614.70000000000005,108.78438000000014,0,0,0,FIXED_FRAMES_REACHED,0,0,0,1,7fb7e11cc71873ef63716abcd8a047e712c122919afe0a4efdf080404c9c6f5f,WORKTREE
bch.s2.impairment.result.v1,S2_07,BURST,BCH-B300,WHOLE_BLOCK_SHORTENED,BERLEKAMP_MASSEY_CHIEN,300,390,0.76923076923076927,0,-1.1394335230683674,2,0,0,NONE,0,0,1,UNIFORM_RANDOM,PURE,15,FRAME_END,POST_HARD_DECISION_BIT_FLIP,0,5000,1500000,75000,5000,0.038461538461538464,0,0,0,0,5000,1,0,0,0,0,5000,1,99.47997999999977,92,129.10500000000002,194.44300000000095,856.29999999999995,101.39222000000041,0,0,0,FIXED_FRAMES_REACHED,0,0,0,1,a15993fcf9dc3d2fffc3de0a69f150f9a045b0d4b95fb4e24f70bec89eff11af,WORKTREE
bch.s2.impairment.result.v1,S2_07,BURST,BCH-B300,WHOLE_BLOCK_SHORTENED,BERLEKAMP_MASSEY_CHIEN,300,390,0.76923076923076927,0,-1.1394335230683674,2,0,0,NONE,0,0,1,UNIFORM_RANDOM,PURE,15,SEGMENT_INTERIOR,POST_HARD_DECISION_BIT_FLIP,0,5000,1500000,75000,5000,0.038461538461538464,75000,5000,0.050000000000000003,1,0,0,0,0,0,0,5000,1,96.204639999999998,87,122.5,186.60600000000011,525.29999999999995,97.949239999999435,0,0,0,FIXED_FRAMES_REACHED,0,0,0,1,75a47e3720ec6ccdb1d3f69c45d20a3f9f737af63c4573c6e1af64e6acc40bfb,WORKTREE
bch.s2.impairment.result.v1,S2_07,BURST,BCH-B300,WHOLE_BLOCK_SHORTENED,BERLEKAMP_MASSEY_CHIEN,300,390,0.76923076923076927,0,-1.1394335230683674,2,0,0,NONE,0,0,1,UNIFORM_RANDOM,PURE,15,ONE_BEFORE_SEGMENT_BOUNDARY,POST_HARD_DECISION_BIT_FLIP,0,5000,1500000,75000,5000,0.038461538461538464,75000,5000,0.050000000000000003,1,0,0,0,0,0,0,5000,1,99.01282000000019,88.900000000000006,130.01000000000005,233.42000000000044,1093.9000000000001,101.04268000000009,0,0,0,FIXED_FRAMES_REACHED,0,0,0,1,7d103e1ba53d3475ed34a9763bf27e06aebaa976bc4a0ad66e6e4b1ac64a7d36,WORKTREE
bch.s2.impairment.result.v1,S2_07,BURST,BCH-B300,WHOLE_BLOCK_SHORTENED,BERLEKAMP_MASSEY_CHIEN,300,390,0.76923076923076927,0,-1.1394335230683674,2,0,0,NONE,0,0,1,UNIFORM_RANDOM,PURE,15,ON_SEGMENT_BOUNDARY,POST_HARD_DECISION_BIT_FLIP,0,5000,1500000,75000,5000,0.038461538461538464,75000,5000,0.050000000000000003,1,0,0,0,0,0,0,5000,1,106.13858000000029,102.3,139.30000000000001,265.24000000000086,1436.0999999999999,108.33218000000005,0,0,0,FIXED_FRAMES_REACHED,0,0,0,1,0a297b85cc60481113bfa5116ddcc85d70a85f930d3ccee8336c314cba698ca6,WORKTREE
bch.s2.impairment.result.v1,S2_07,BURST,BCH-B300,WHOLE_BLOCK_SHORTENED,BERLEKAMP_MASSEY_CHIEN,300,390,0.76923076923076927,0,-1.1394335230683674,2,0,0,NONE,0,0,1,UNIFORM_RANDOM,PURE,15,UNIFORM_RANDOM,POST_HARD_DECISION_BIT_FLIP,0,5000,1500000,75000,5000,0.038461538461538464,58293,3982,0.038862000000000001,0.7964,1018,0.2036,0,0,0,0,5000,1,101.55805999999997,92.25,135.90500000000003,233.81200000000027,941.20000000000005,103.69499999999978,0,0,0,FIXED_FRAMES_REACHED,0,0,0,1,dd04bd68cb00dbb2e1c16fd9a18574aecba66081700f247dcec4b9cb4d946e1e,WORKTREE
bch.s2.impairment.result.v1,S2_07,BURST,BCH-B300,WHOLE_BLOCK_SHORTENED,BERLEKAMP_MASSEY_CHIEN,300,390,0.76923076923076927,0,-1.1394335230683674,2,0,0,NONE,0,0,1,UNIFORM_RANDOM,PURE,16,FRAME_START,POST_HARD_DECISION_BIT_FLIP,0,5000,1500000,80000,5000,0.041025641025641026,80000,5000,0.053333333333333337,1,0,0,0,0,0,0,5000,1,134.00712000000016,105.8,232.20499999999998,625.9420000000008,9088.2000000000007,136.82834000000022,0,0,0,FIXED_FRAMES_REACHED,0,0,0,1,f2d2dff13a79492170058ec9a0e5b7f96c858c1bacd064284d779e288e7ceeb8,WORKTREE
bch.s2.impairment.result.v1,S2_07,BURST,BCH-B300,WHOLE_BLOCK_SHORTENED,BERLEKAMP_MASSEY_CHIEN,300,390,0.76923076923076927,0,-1.1394335230683674,2,0,0,NONE,0,0,1,UNIFORM_RANDOM,PURE,16,FRAME_END,POST_HARD_DECISION_BIT_FLIP,0,5000,1500000,80000,5000,0.041025641025641026,0,0,0,0,5000,1,0,0,0,0,5000,1,104.29365999999975,97.099999999999994,146.09999999999999,262.82400000000058,2061.5999999999999,106.37000000000008,0,0,0,FIXED_FRAMES_REACHED,0,0,0,1,d1dd019f5a18a013c96f38467f39b44b994ef5ae9666d55aeb666462fa564985,WORKTREE
bch.s2.impairment.result.v1,S2_07,BURST,BCH-B300,WHOLE_BLOCK_SHORTENED,BERLEKAMP_MASSEY_CHIEN,300,390,0.76923076923076927,0,-1.1394335230683674,2,0,0,NONE,0,0,1,UNIFORM_RANDOM,PURE,16,SEGMENT_INTERIOR,POST_HARD_DECISION_BIT_FLIP,0,5000,1500000,80000,5000,0.041025641025641026,80000,5000,0.053333333333333337,1,0,0,0,0,0,0,5000,1,103.79047999999987,99.099999999999994,140.80000000000001,243.82800000000063,607.29999999999995,105.95446000000008,0,0,0,FIXED_FRAMES_REACHED,0,0,0,1,300c15bd937246f9b858f68fc72e6a5e3da21e8ca04fe6f36fc31519db28f29a,WORKTREE
bch.s2.impairment.result.v1,S2_07,BURST,BCH-B300,WHOLE_BLOCK_SHORTENED,BERLEKAMP_MASSEY_CHIEN,300,390,0.76923076923076927,0,-1.1394335230683674,2,0,0,NONE,0,0,1,UNIFORM_RANDOM,PURE,16,ONE_BEFORE_SEGMENT_BOUNDARY,POST_HARD_DECISION_BIT_FLIP,0,5000,1500000,80000,5000,0.041025641025641026,80000,5000,0.053333333333333337,1,0,0,0,0,0,0,5000,1,103.33887999999997,93.349999999999994,134.11000000000001,264.83600000000081,4216.1000000000004,105.34157999999994,0,0,0,FIXED_FRAMES_REACHED,0,0,0,1,2e7c69c6e67fb889f675a8795425af80e124b06b104abd4f5db47739bcd7b969,WORKTREE
bch.s2.impairment.result.v1,S2_07,BURST,BCH-B300,WHOLE_BLOCK_SHORTENED,BERLEKAMP_MASSEY_CHIEN,300,390,0.76923076923076927,0,-1.1394335230683674,2,0,0,NONE,0,0,1,UNIFORM_RANDOM,PURE,16,ON_SEGMENT_BOUNDARY,POST_HARD_DECISION_BIT_FLIP,0,5000,1500000,80000,5000,0.041025641025641026,80000,5000,0.053333333333333337,1,0,0,0,0,0,0,5000,1,123.06249999999982,103.5,203.70499999999998,520.70600000000013,4551.6999999999998,125.84203999999997,0,0,0,FIXED_FRAMES_REACHED,0,0,0,1,e1bbc6754924445239aa18c7ba23be302f4f3129e4b4627fde5959771ae02721,WORKTREE
bch.s2.impairment.result.v1,S2_07,BURST,BCH-B300,WHOLE_BLOCK_SHORTENED,BERLEKAMP_MASSEY_CHIEN,300,390,0.76923076923076927,0,-1.1394335230683674,2,0,0,NONE,0,0,1,UNIFORM_RANDOM,PURE,16,UNIFORM_RANDOM,POST_HARD_DECISION_BIT_FLIP,0,5000,1500000,80000,5000,0.041025641025641026,62289,3995,0.041526,0.79900000000000004,1005,0.20100000000000001,0,0,0,0,5000,1,100.83376000000008,95.299999999999997,127.70500000000003,209.22600000000057,837.29999999999995,102.90490000000037,0,0,0,FIXED_FRAMES_REACHED,0,0,0,1,7a7670947bd8655954a6666994b4508457642ba07eb11bceb9fd9df5d61be85d,WORKTREE
bch.s2.impairment.result.v1,S2_07,BURST,BCH-B300,WHOLE_BLOCK_SHORTENED,BERLEKAMP_MASSEY_CHIEN,300,390,0.76923076923076927,0,-1.1394335230683674,2,0,0,NONE,0,0,1,UNIFORM_RANDOM,PURE,20,FRAME_START,POST_HARD_DECISION_BIT_FLIP,0,5000,1500000,100000,5000,0.05128205128205128,100000,5000,0.066666666666666666,1,0,0,0,0,0,0,5000,1,99.427780000000169,92,130.90000000000001,190.70100000000002,584.70000000000005,101.45309999999988,0,0,0,FIXED_FRAMES_REACHED,0,0,0,1,2678557c22b8049d3442a13a6feb1caec27d0b8b31adee77b58ae11f6413a96e,WORKTREE
bch.s2.impairment.result.v1,S2_07,BURST,BCH-B300,WHOLE_BLOCK_SHORTENED,BERLEKAMP_MASSEY_CHIEN,300,390,0.76923076923076927,0,-1.1394335230683674,2,0,0,NONE,0,0,1,UNIFORM_RANDOM,PURE,20,FRAME_END,POST_HARD_DECISION_BIT_FLIP,0,5000,1500000,100000,5000,0.05128205128205128,0,0,0,0,5000,1,0,0,0,0,5000,1,123.08062000000051,105.7,197.60500000000002,509.00800000000015,3377.8000000000002,125.67990000000019,0,0,0,FIXED_FRAMES_REACHED,0,0,0,1,8fdc26c65cdd64bce565835450cf0a4deb56d1d10309d6c5a4fccae3f3f2e348,WORKTREE
bch.s2.impairment.result.v1,S2_07,BURST,BCH-B300,WHOLE_BLOCK_SHORTENED,BERLEKAMP_MASSEY_CHIEN,300,390,0.76923076923076927,0,-1.1394335230683674,2,0,0,NONE,0,0,1,UNIFORM_RANDOM,PURE,20,SEGMENT_INTERIOR,POST_HARD_DECISION_BIT_FLIP,0,5000,1500000,100000,5000,0.05128205128205128,100000,5000,0.066666666666666666,1,0,0,0,0,0,0,5000,1,99.633959999999846,94,127.2,198.21000000000021,1076.3,101.5626399999999,0,0,0,FIXED_FRAMES_REACHED,0,0,0,1,e876dc2302fc7050474179ad5d031a1a6a774ef8dcc032662cc1458ecb5aae44,WORKTREE
bch.s2.impairment.result.v1,S2_07,BURST,BCH-B300,WHOLE_BLOCK_SHORTENED,BERLEKAMP_MASSEY_CHIEN,300,390,0.76923076923076927,0,-1.1394335230683674,2,0,0,NONE,0,0,1,UNIFORM_RANDOM,PURE,20,ONE_BEFORE_SEGMENT_BOUNDARY,POST_HARD_DECISION_BIT_FLIP,0,5000,1500000,100000,5000,0.05128205128205128,100000,5000,0.066666666666666666,1,0,0,0,0,0,0,5000,1,107.23340000000026,102.2,143.90000000000001,301.44800000000106,926.89999999999998,109.53677999999984,0,0,0,FIXED_FRAMES_REACHED,0,0,0,1,c7e5b9e2ecddb839bb0dacf59c93af77705dfce20d7451fb5886b292c21c92c6,WORKTREE
bch.s2.impairment.result.v1,S2_07,BURST,BCH-B300,WHOLE_BLOCK_SHORTENED,BERLEKAMP_MASSEY_CHIEN,300,390,0.76923076923076927,0,-1.1394335230683674,2,0,0,NONE,0,0,1,UNIFORM_RANDOM,PURE,20,ON_SEGMENT_BOUNDARY,POST_HARD_DECISION_BIT_FLIP,0,5000,1500000,100000,5000,0.05128205128205128,100000,5000,0.066666666666666666,1,0,0,0,0,0,0,5000,1,131.70984000000013,108.40000000000001,231,556.52400000000057,3107.4000000000001,134.52792000000045,0,0,0,FIXED_FRAMES_REACHED,0,0,0,1,7e3814fe91c03b31ba700ac479033e6bf88f9da26b76b464bc78e6d8260c1d86,WORKTREE
bch.s2.impairment.result.v1,S2_07,BURST,BCH-B300,WHOLE_BLOCK_SHORTENED,BERLEKAMP_MASSEY_CHIEN,300,390,0.76923076923076927,0,-1.1394335230683674,2,0,0,NONE,0,0,1,UNIFORM_RANDOM,PURE,20,UNIFORM_RANDOM,POST_HARD_DECISION_BIT_FLIP,0,5000,1500000,100000,5000,0.05128205128205128,79172,4082,0.052781333333333333,0.81640000000000001,918,0.18360000000000001,0,0,0,0,5000,1,107.81518000000005,101.3,142.69999999999999,293.22600000000051,4184.3000000000002,110.12055999999983,0,0,0,FIXED_FRAMES_REACHED,0,0,0,1,26ef04f95f7fc70267d975fedb7d2c857874a146b9fb86ba861b0f36adfa3568,WORKTREE
bch.s2.impairment.result.v1,S2_07,BURST,BCH-B300,WHOLE_BLOCK_SHORTENED,BERLEKAMP_MASSEY_CHIEN,300,390,0.76923076923076927,0,-1.1394335230683674,2,0,0,NONE,0,0,1,UNIFORM_RANDOM,PURE,24,FRAME_START,POST_HARD_DECISION_BIT_FLIP,0,5000,1500000,120000,5000,0.061538461538461542,120000,5000,0.080000000000000002,1,0,0,0,0,0,0,5000,1,125.36071999999986,104.59999999999999,190.90500000000003,544.20700000000022,5448.6000000000004,127.98033999999987,0,0,0,FIXED_FRAMES_REACHED,0,0,0,1,ff9b3a31558eb08d8451665270f0851b0022495a1ccc08894ca9c74d62fc4dea,WORKTREE
bch.s2.impairment.result.v1,S2_07,BURST,BCH-B300,WHOLE_BLOCK_SHORTENED,BERLEKAMP_MASSEY_CHIEN,300,390,0.76923076923076927,0,-1.1394335230683674,2,0,0,NONE,0,0,1,UNIFORM_RANDOM,PURE,24,FRAME_END,POST_HARD_DECISION_BIT_FLIP,0,5000,1500000,120000,5000,0.061538461538461542,0,0,0,0,5000,1,0,0,0,0,5000,1,174.89889999999971,112.7,339.40999999999997,1126.6010000000065,21186.299999999999,178.53153999999969,0,0,0,FIXED_FRAMES_REACHED,0,0,0,1,094aeebac73c974c9478a3d709d022a9db3a30f8aa73aa696c581179bd6485f8,WORKTREE
bch.s2.impairment.result.v1,S2_07,BURST,BCH-B300,WHOLE_BLOCK_SHORTENED,BERLEKAMP_MASSEY_CHIEN,300,390,0.76923076923076927,0,-1.1394335230683674,2,0,0,NONE,0,0,1,UNIFORM_RANDOM,PURE,24,SEGMENT_INTERIOR,POST_HARD_DECISION_BIT_FLIP,0,5000,1500000,120000,5000,0.061538461538461542,120000,5000,0.080000000000000002,1,0,0,0,0,0,0,5000,1,160.01348000000007,108.65000000000001,299.49500000000029,1051.0570000000012,16888,163.49339999999975,0,0,0,FIXED_FRAMES_REACHED,0,0,0,1,90352d707214175fa5c0869e901ffaf327f49f9c5b063a98024ecea52574dbe8,WORKTREE
bch.s2.impairment.result.v1,S2_07,BURST,BCH-B300,WHOLE_BLOCK_SHORTENED,BERLEKAMP_MASSEY_CHIEN,300,390,0.76923076923076927,0,-1.1394335230683674,2,0,0,NONE,0,0,1,UNIFORM_RANDOM,PURE,24,ONE_BEFORE_SEGMENT_BOUNDARY,POST_HARD_DECISION_BIT_FLIP,0,5000,1500000,120000,5000,0.061538461538461542,120000,5000,0.080000000000000002,1,0,0,0,0,0,0,5000,1,165.43818000000067,109.5,260.18000000000029,739.97100000000148,102604.10000000001,168.8849799999999,0,0,0,FIXED_FRAMES_REACHED,0,0,0,1,b296773a81ac2da31325f805e3f278af295f30702fcd41ac2552693272f0ff7e,WORKTREE
bch.s2.impairment.result.v1,S2_07,BURST,BCH-B300,WHOLE_BLOCK_SHORTENED,BERLEKAMP_MASSEY_CHIEN,300,390,0.76923076923076927,0,-1.1394335230683674,2,0,0,NONE,0,0,1,UNIFORM_RANDOM,PURE,24,ON_SEGMENT_BOUNDARY,POST_HARD_DECISION_BIT_FLIP,0,5000,1500000,120000,5000,0.061538461538461542,120000,5000,0.080000000000000002,1,0,0,0,0,0,0,5000,1,126.52240000000046,107.7,194.32000000000011,529.41900000000032,5318,129.48880000000034,0,0,0,FIXED_FRAMES_REACHED,0,0,0,1,006680a5734feac69b798f683f72c730835ff57d83f6f2bf871454c0f790f354,WORKTREE
bch.s2.impairment.result.v1,S2_07,BURST,BCH-B300,WHOLE_BLOCK_SHORTENED,BERLEKAMP_MASSEY_CHIEN,300,390,0.76923076923076927,0,-1.1394335230683674,2,0,0,NONE,0,0,1,UNIFORM_RANDOM,PURE,24,UNIFORM_RANDOM,POST_HARD_DECISION_BIT_FLIP,0,5000,1500000,120000,5000,0.061538461538461542,94243,4077,0.062828666666666672,0.81540000000000001,923,0.18459999999999999,0,0,0,0,5000,1,142.09257999999991,107.90000000000001,229.71000000000001,822.31900000000257,12361.5,145.54349999999982,0,0,0,FIXED_FRAMES_REACHED,0,0,0,1,3ef629f23d1d974045b07e48d07c7163cd1bf18a02ba75ff789fe7587a2ea62f,WORKTREE
bch.s2.impairment.result.v1,S2_07,BURST,BCH-B300,WHOLE_BLOCK_SHORTENED,BERLEKAMP_MASSEY_CHIEN,300,390,0.76923076923076927,0,-1.1394335230683674,2,0,0,NONE,0,0,1,UNIFORM_RANDOM,PURE,29,FRAME_START,POST_HARD_DECISION_BIT_FLIP,0,5000,1500000,145000,5000,0.074358974358974358,145000,5000,0.096666666666666665,1,0,0,0,0,0,0,5000,1,122.29035999999982,107.90000000000001,178.90000000000001,448.01300000000026,4166.3000000000002,124.94338000000015,0,0,0,FIXED_FRAMES_REACHED,0,0,0,1,b12b41da762133b146f925e8848817cb3b7e5a8dede733c88adbff2f56f24998,WORKTREE
bch.s2.impairment.result.v1,S2_07,BURST,BCH-B300,WHOLE_BLOCK_SHORTENED,BERLEKAMP_MASSEY_CHIEN,300,390,0.76923076923076927,0,-1.1394335230683674,2,0,0,NONE,0,0,1,UNIFORM_RANDOM,PURE,29,FRAME_END,POST_HARD_DECISION_BIT_FLIP,0,5000,1500000,145000,5000,0.074358974358974358,0,0,0,0,5000,1,0,0,0,0,5000,1,151.67274000000012,111.5,286.08500000000106,911.46000000000129,17189.799999999999,155.14243999999965,0,0,0,FIXED_FRAMES_REACHED,0,0,0,1,feb0abdbc94c0adf0ec410b83c9d84e188ad0ecb10f072ff27206bb9f8931011,WORKTREE
bch.s2.impairment.result.v1,S2_07,BURST,BCH-B300,WHOLE_BLOCK_SHORTENED,BERLEKAMP_MASSEY_CHIEN,300,390,0.76923076923076927,0,-1.1394335230683674,2,0,0,NONE,0,0,1,UNIFORM_RANDOM,PURE,29,SEGMENT_INTERIOR,POST_HARD_DECISION_BIT_FLIP,0,5000,1500000,145000,5000,0.074358974358974358,145000,5000,0.096666666666666665,1,0,0,0,0,0,0,5000,1,117.20377999999994,105.90000000000001,167.40500000000003,415.70400000000228,2857.5,119.66011999999985,0,0,0,FIXED_FRAMES_REACHED,0,0,0,1,325984bbe725975a8f85ae4b0ffb6363ff57af9395d508db5a12a6cd969b46c6,WORKTREE
bch.s2.impairment.result.v1,S2_07,BURST,BCH-B300,WHOLE_BLOCK_SHORTENED,BERLEKAMP_MASSEY_CHIEN,300,390,0.76923076923076927,0,-1.1394335230683674,2,0,0,NONE,0,0,1,UNIFORM_RANDOM,PURE,29,ONE_BEFORE_SEGMENT_BOUNDARY,POST_HARD_DECISION_BIT_FLIP,0,5000,1500000,145000,5000,0.074358974358974358,145000,5000,0.096666666666666665,1,0,0,0,0,0,0,5000,1,141.48544000000001,109.59999999999999,260.71000000000004,701.02800000000275,13806.5,144.38411999999994,0,0,0,FIXED_FRAMES_REACHED,0,0,0,1,1b90c0be3058635d3be504c5ce5cf4b9e2f7779301d7aa7c257d73f0253cb74c,WORKTREE
bch.s2.impairment.result.v1,S2_07,BURST,BCH-B300,WHOLE_BLOCK_SHORTENED,BERLEKAMP_MASSEY_CHIEN,300,390,0.76923076923076927,0,-1.1394335230683674,2,0,0,NONE,0,0,1,UNIFORM_RANDOM,PURE,29,ON_SEGMENT_BOUNDARY,POST_HARD_DECISION_BIT_FLIP,0,5000,1500000,145000,5000,0.074358974358974358,145000,5000,0.096666666666666665,1,0,0,0,0,0,0,5000,1,107.84082000000004,101.8,149.61000000000001,313.75300000000112,1087.5,110.07718000000017,0,0,0,FIXED_FRAMES_REACHED,0,0,0,1,41e803fd1595d91da8be274abaf70a89e0db2c0cab5152362bd9c875ea3bfc3e,WORKTREE
bch.s2.impairment.result.v1,S2_07,BURST,BCH-B300,WHOLE_BLOCK_SHORTENED,BERLEKAMP_MASSEY_CHIEN,300,390,0.76923076923076927,0,-1.1394335230683674,2,0,0,NONE,0,0,1,UNIFORM_RANDOM,PURE,29,UNIFORM_RANDOM,POST_HARD_DECISION_BIT_FLIP,0,5000,1500000,145000,5000,0.074358974358974358,114850,4144,0.076566666666666672,0.82879999999999998,856,0.17119999999999999,0,0,0,0,5000,1,115.69827999999981,103.8,164.01500000000004,443.99800000000215,2268.5,118.30722000000033,0,0,0,FIXED_FRAMES_REACHED,0,0,0,1,abe58d331246cbac2746fbb9df7c478d1728eced16819d721fbf746c15064cdb,WORKTREE
bch.s2.impairment.result.v1,S2_07,BURST,BCH-B300,WHOLE_BLOCK_SHORTENED,BERLEKAMP_MASSEY_CHIEN,300,390,0.76923076923076927,0,-1.1394335230683674,2,0,0,NONE,0,0,1,UNIFORM_RANDOM,PURE,30,FRAME_START,POST_HARD_DECISION_BIT_FLIP,0,5000,1500000,150000,5000,0.076923076923076927,150000,5000,0.10000000000000001,1,0,0,0,0,0,0,5000,1,110.18075999999999,102.09999999999999,153.02000000000007,374.82100000000048,1139.9000000000001,112.60700000000014,0,0,0,FIXED_FRAMES_REACHED,0,0,0,1,6203dd723f12ff811a9f08e832f055291351d248afc3f4c5a9fdd39fb7499e43,WORKTREE
bch.s2.impairment.result.v1,S2_07,BURST,BCH-B300,WHOLE_BLOCK_SHORTENED,BERLEKAMP_MASSEY_CHIEN,300,390,0.76923076923076927,0,-1.1394335230683674,2,0,0,NONE,0,0,1,UNIFORM_RANDOM,PURE,30,FRAME_END,POST_HARD_DECISION_BIT_FLIP,0,5000,1500000,150000,5000,0.076923076923076927,0,0,0,0,5000,1,0,0,0,0,5000,1,124.41994000000004,105.90000000000001,206.41000000000005,564.64200000000096,1323.3,127.37878000000005,0,0,0,FIXED_FRAMES_REACHED,0,0,0,1,1729d0be130086025665ab966d8e44b746ce0f0769c93cd284da39caa14988f6,WORKTREE
bch.s2.impairment.result.v1,S2_07,BURST,BCH-B300,WHOLE_BLOCK_SHORTENED,BERLEKAMP_MASSEY_CHIEN,300,390,0.76923076923076927,0,-1.1394335230683674,2,0,0,NONE,0,0,1,UNIFORM_RANDOM,PURE,30,SEGMENT_INTERIOR,POST_HARD_DECISION_BIT_FLIP,0,5000,1500000,150000,5000,0.076923076923076927,150000,5000,0.10000000000000001,1,0,0,0,0,0,0,5000,1,130.46182000000005,109,211.21000000000001,540.17700000000173,4399.5,133.91638000000043,0,0,0,FIXED_FRAMES_REACHED,0,0,0,1,6c1f02ccdbbc8bbce2be46e39168ef9fde2a3e9ba9a0d7208774163de908febc,WORKTREE
bch.s2.impairment.result.v1,S2_07,BURST,BCH-B300,WHOLE_BLOCK_SHORTENED,BERLEKAMP_MASSEY_CHIEN,300,390,0.76923076923076927,0,-1.1394335230683674,2,0,0,NONE,0,0,1,UNIFORM_RANDOM,PURE,30,ONE_BEFORE_SEGMENT_BOUNDARY,POST_HARD_DECISION_BIT_FLIP,0,5000,1500000,150000,5000,0.076923076923076927,150000,5000,0.10000000000000001,1,0,0,0,0,0,0,5000,1,123.8437999999996,106.2,179.09999999999999,586.02100000000041,8523.2000000000007,126.58039999999978,0,0,0,FIXED_FRAMES_REACHED,0,0,0,1,dbb54c3457598d57f270b3a0c6e3c24f7beee404deafaa63ca43ec4fe6202352,WORKTREE
bch.s2.impairment.result.v1,S2_07,BURST,BCH-B300,WHOLE_BLOCK_SHORTENED,BERLEKAMP_MASSEY_CHIEN,300,390,0.76923076923076927,0,-1.1394335230683674,2,0,0,NONE,0,0,1,UNIFORM_RANDOM,PURE,30,ON_SEGMENT_BOUNDARY,POST_HARD_DECISION_BIT_FLIP,0,5000,1500000,150000,5000,0.076923076923076927,150000,5000,0.10000000000000001,1,0,0,0,0,0,0,5000,1,111.03500000000011,103.3,153.10500000000002,346.53500000000076,4191.6000000000004,113.47106000000019,0,0,0,FIXED_FRAMES_REACHED,0,0,0,1,a60768420694e30e9f4cf613d0066099c8de2e9ec0323f7a7a913f544376ab68,WORKTREE
bch.s2.impairment.result.v1,S2_07,BURST,BCH-B300,WHOLE_BLOCK_SHORTENED,BERLEKAMP_MASSEY_CHIEN,300,390,0.76923076923076927,0,-1.1394335230683674,2,0,0,NONE,0,0,1,UNIFORM_RANDOM,PURE,30,UNIFORM_RANDOM,POST_HARD_DECISION_BIT_FLIP,0,5000,1500000,150000,5000,0.076923076923076927,118929,4156,0.079285999999999995,0.83120000000000005,844,0.16880000000000001,0,0,0,0,5000,1,114.81904000000016,103.7,168.73000000000008,414.31800000000044,1804.0999999999999,117.22861999999981,0,0,0,FIXED_FRAMES_REACHED,0,0,0,1,3bb5d6e0fa079fc453feb26d1f07215a90a22e3fde37980b85e2dfb8bacab9c9,WORKTREE
bch.s2.impairment.result.v1,S2_07,BURST,BCH-B300,WHOLE_BLOCK_SHORTENED,BERLEKAMP_MASSEY_CHIEN,300,390,0.76923076923076927,0,-1.1394335230683674,2,0,0,NONE,0,0,1,UNIFORM_RANDOM,PURE,31,FRAME_START,POST_HARD_DECISION_BIT_FLIP,0,5000,1500000,155000,5000,0.079487179487179482,155000,5000,0.10333333333333333,1,0,0,0,0,0,0,5000,1,107.19370000000012,100,148.50500000000002,316.30800000000022,1181.7,109.34688000000006,0,0,0,FIXED_FRAMES_REACHED,0,0,0,1,e4008bb5abc9306f7321d898b9a7ee18240e9e39a972c786e30b02cfc925f9a7,WORKTREE
bch.s2.impairment.result.v1,S2_07,BURST,BCH-B300,WHOLE_BLOCK_SHORTENED,BERLEKAMP_MASSEY_CHIEN,300,390,0.76923076923076927,0,-1.1394335230683674,2,0,0,NONE,0,0,1,UNIFORM_RANDOM,PURE,31,FRAME_END,POST_HARD_DECISION_BIT_FLIP,0,5000,1500000,155000,5000,0.079487179487179482,0,0,0,0,5000,1,0,0,0,0,5000,1,108.32006000000001,100,144.20499999999998,338.13200000000069,1385.9000000000001,110.63326000000031,0,0,0,FIXED_FRAMES_REACHED,0,0,0,1,1cc71b1e7358c9da24c2a6de1c04522de4f7804016a183cbdc8d78e2d622b881,WORKTREE
bch.s2.impairment.result.v1,S2_07,BURST,BCH-B300,WHOLE_BLOCK_SHORTENED,BERLEKAMP_MASSEY_CHIEN,300,390,0.76923076923076927,0,-1.1394335230683674,2,0,0,NONE,0,0,1,UNIFORM_RANDOM,PURE,31,SEGMENT_INTERIOR,POST_HARD_DECISION_BIT_FLIP,0,5000,1500000,155000,5000,0.079487179487179482,155000,5000,0.10333333333333333,1,0,0,0,0,0,0,5000,1,112.97051999999984,105.40000000000001,151.01500000000004,341.95300000000117,1363.7,115.41056000000006,0,0,0,FIXED_FRAMES_REACHED,0,0,0,1,8bc66761979585f7fc89450ef392dd0839fbe25dc9288ac6eeb561ae0fe424e1,WORKTREE
bch.s2.impairment.result.v1,S2_07,BURST,BCH-B300,WHOLE_BLOCK_SHORTENED,BERLEKAMP_MASSEY_CHIEN,300,390,0.76923076923076927,0,-1.1394335230683674,2,0,0,NONE,0,0,1,UNIFORM_RANDOM,PURE,31,ONE_BEFORE_SEGMENT_BOUNDARY,POST_HARD_DECISION_BIT_FLIP,0,5000,1500000,155000,5000,0.079487179487179482,155000,5000,0.10333333333333333,1,0,0,0,0,0,0,5000,1,105.57339999999981,100.5,139,299.30400000000014,1116.2,107.95578000000005,0,0,0,FIXED_FRAMES_REACHED,0,0,0,1,2534ea7bf345ad70540d286ea90551cb79c8707741fdb52b33cf9cc2aba7e40e,WORKTREE
bch.s2.impairment.result.v1,S2_07,BURST,BCH-B300,WHOLE_BLOCK_SHORTENED,BERLEKAMP_MASSEY_CHIEN,300,390,0.76923076923076927,0,-1.1394335230683674,2,0,0,NONE,0,0,1,UNIFORM_RANDOM,PURE,31,ON_SEGMENT_BOUNDARY,POST_HARD_DECISION_BIT_FLIP,0,5000,1500000,155000,5000,0.079487179487179482,155000,5000,0.10333333333333333,1,0,0,0,0,0,0,5000,1,113.5225800000004,103.7,158.70499999999998,390.73200000000065,1591.3,115.87112000000005,0,0,0,FIXED_FRAMES_REACHED,0,0,0,1,7545df816eeb9ef889148de42b3a182d4fb2987c52c6cf46abb3a2aba7a8eca3,WORKTREE
bch.s2.impairment.result.v1,S2_07,BURST,BCH-B300,WHOLE_BLOCK_SHORTENED,BERLEKAMP_MASSEY_CHIEN,300,390,0.76923076923076927,0,-1.1394335230683674,2,0,0,NONE,0,0,1,UNIFORM_RANDOM,PURE,31,UNIFORM_RANDOM,POST_HARD_DECISION_BIT_FLIP,0,5000,1500000,155000,5000,0.079487179487179482,121911,4149,0.081273999999999999,0.82979999999999998,851,0.17019999999999999,0,0,0,0,5000,1,144.53626000000048,108,270.92000000000002,810.11600000000465,12466.799999999999,147.45093999999997,0,0,0,FIXED_FRAMES_REACHED,0,0,0,1,48cc8ffbc9b0456bddd2908078dad70bc20b39cd7811fc0a8b2db35c916eaf2b,WORKTREE
bch.s2.impairment.result.v1,S2_07,BURST,BCH-B300,WHOLE_BLOCK_SHORTENED,BERLEKAMP_MASSEY_CHIEN,300,390,0.76923076923076927,0,-1.1394335230683674,2,0,0,NONE,0,0,1,UNIFORM_RANDOM,PURE,32,FRAME_START,POST_HARD_DECISION_BIT_FLIP,0,5000,1500000,160000,5000,0.082051282051282051,160000,5000,0.10666666666666667,1,0,0,0,0,0,0,5000,1,141.22395999999983,107.09999999999999,272.86000000000024,786.64400000000103,5428.5,144.6700000000001,0,0,0,FIXED_FRAMES_REACHED,0,0,0,1,9432f289ff584df7257e2eed63e8c2add57aa5358132e6cde60f5d06c41501ff,WORKTREE
bch.s2.impairment.result.v1,S2_07,BURST,BCH-B300,WHOLE_BLOCK_SHORTENED,BERLEKAMP_MASSEY_CHIEN,300,390,0.76923076923076927,0,-1.1394335230683674,2,0,0,NONE,0,0,1,UNIFORM_RANDOM,PURE,32,FRAME_END,POST_HARD_DECISION_BIT_FLIP,0,5000,1500000,160000,5000,0.082051282051282051,0,0,0,0,5000,1,0,0,0,0,5000,1,110.49293999999983,103.09999999999999,147.10500000000002,384.82900000000069,1117.3,112.88011999999991,0,0,0,FIXED_FRAMES_REACHED,0,0,0,1,d012ed88497e5e6221a1583395366dee2277a95f9f975099311a291b36e99a7c,WORKTREE
bch.s2.impairment.result.v1,S2_07,BURST,BCH-B300,WHOLE_BLOCK_SHORTENED,BERLEKAMP_MASSEY_CHIEN,300,390,0.76923076923076927,0,-1.1394335230683674,2,0,0,NONE,0,0,1,UNIFORM_RANDOM,PURE,32,SEGMENT_INTERIOR,POST_HARD_DECISION_BIT_FLIP,0,5000,1500000,160000,5000,0.082051282051282051,160000,5000,0.10666666666666667,1,0,0,0,0,0,0,5000,1,125.11133999999969,106.7,196.55000000000018,673.1070000000002,2841.3000000000002,127.96113999999984,0,0,0,FIXED_FRAMES_REACHED,0,0,0,1,e17a5908ae8e04bb6a2df3f1eee0b36b030624f58bc734ed134f4feff9572c06,WORKTREE
bch.s2.impairment.result.v1,S2_07,BURST,BCH-B300,WHOLE_BLOCK_SHORTENED,BERLEKAMP_MASSEY_CHIEN,300,390,0.76923076923076927,0,-1.1394335230683674,2,0,0,NONE,0,0,1,UNIFORM_RANDOM,PURE,32,ONE_BEFORE_SEGMENT_BOUNDARY,POST_HARD_DECISION_BIT_FLIP,0,5000,1500000,160000,5000,0.082051282051282051,160000,5000,0.10666666666666667,1,0,0,0,0,0,0,5000,1,110.76483999999982,99.299999999999997,149.73000000000008,370.02700000000061,16124.5,113.07634000000013,0,0,0,FIXED_FRAMES_REACHED,0,0,0,1,c731a1ca2912fa1f7460f9962cc7bcbcce9d2b611eecb0a9885464c60ec0b44e,WORKTREE
bch.s2.impairment.result.v1,S2_07,BURST,BCH-B300,WHOLE_BLOCK_SHORTENED,BERLEKAMP_MASSEY_CHIEN,300,390,0.76923076923076927,0,-1.1394335230683674,2,0,0,NONE,0,0,1,UNIFORM_RANDOM,PURE,32,ON_SEGMENT_BOUNDARY,POST_HARD_DECISION_BIT_FLIP,0,5000,1500000,160000,5000,0.082051282051282051,160000,5000,0.10666666666666667,1,0,0,0,0,0,0,5000,1,128.42158000000063,105.40000000000001,237.94000000000017,584.50000000000216,6363.1000000000004,131.37180000000015,0,0,0,FIXED_FRAMES_REACHED,0,0,0,1,b71e552d581b39e42e0ad42d74773221b83198a5d16232eecf3c4a461810b151,WORKTREE
bch.s2.impairment.result.v1,S2_07,BURST,BCH-B300,WHOLE_BLOCK_SHORTENED,BERLEKAMP_MASSEY_CHIEN,300,390,0.76923076923076927,0,-1.1394335230683674,2,0,0,NONE,0,0,1,UNIFORM_RANDOM,PURE,32,UNIFORM_RANDOM,POST_HARD_DECISION_BIT_FLIP,0,5000,1500000,160000,5000,0.082051282051282051,126797,4184,0.084531333333333333,0.83679999999999999,816,0.16320000000000001,0,0,0,0,5000,1,122.96391999999979,104.40000000000001,192.93500000000014,608.82600000000059,5176.8000000000002,125.79579999999989,0,0,0,FIXED_FRAMES_REACHED,0,0,0,1,d528a0e585782471c18835862a44f3e2ba6d3af6f7415ed4ff01c9e6e8cf5115,WORKTREE
bch.s2.impairment.result.v1,S2_07,BURST,BCH-B300,WHOLE_BLOCK_SHORTENED,BERLEKAMP_MASSEY_CHIEN,300,390,0.76923076923076927,0,-1.1394335230683674,2,0,0,NONE,0,0,1,UNIFORM_RANDOM,PURE,48,FRAME_START,POST_HARD_DECISION_BIT_FLIP,0,5000,1500000,240000,5000,0.12307692307692308,240000,5000,0.16,1,0,0,0,0,0,0,5000,1,105.95623999999988,99.700000000000003,142.50500000000002,298.86800000000153,1280.9000000000001,108.19713999999996,0,0,0,FIXED_FRAMES_REACHED,0,0,0,1,b235038bd567bf3b118e70994ca61606b61f202d6a2ac9cd5fde0a1d564ceacd,WORKTREE
bch.s2.impairment.result.v1,S2_07,BURST,BCH-B300,WHOLE_BLOCK_SHORTENED,BERLEKAMP_MASSEY_CHIEN,300,390,0.76923076923076927,0,-1.1394335230683674,2,0,0,NONE,0,0,1,UNIFORM_RANDOM,PURE,48,FRAME_END,POST_HARD_DECISION_BIT_FLIP,0,5000,1500000,240000,5000,0.12307692307692308,0,0,0,0,5000,1,0,0,0,0,5000,1,119.03076000000006,103.8,171,541.6290000000007,5986.5,121.6097000000002,0,0,0,FIXED_FRAMES_REACHED,0,0,0,1,8bff637a4173a08be9a44aa1145a0f6525ca01d3e1c11b57039248abc91fa0bc,WORKTREE
bch.s2.impairment.result.v1,S2_07,BURST,BCH-B300,WHOLE_BLOCK_SHORTENED,BERLEKAMP_MASSEY_CHIEN,300,390,0.76923076923076927,0,-1.1394335230683674,2,0,0,NONE,0,0,1,UNIFORM_RANDOM,PURE,48,SEGMENT_INTERIOR,POST_HARD_DECISION_BIT_FLIP,0,5000,1500000,240000,5000,0.12307692307692308,240000,5000,0.16,1,0,0,0,0,0,0,5000,1,120.92521999999992,104.90000000000001,198.02000000000007,505.01700000000039,1790.2,123.67100000000006,0,0,0,FIXED_FRAMES_REACHED,0,0,0,1,c8fdf771e30382958b36ef19c16b7aadca1ea776bd3bb7549ff41b80f8180e25,WORKTREE
bch.s2.impairment.result.v1,S2_07,BURST,BCH-B300,WHOLE_BLOCK_SHORTENED,BERLEKAMP_MASSEY_CHIEN,300,390,0.76923076923076927,0,-1.1394335230683674,2,0,0,NONE,0,0,1,UNIFORM_RANDOM,PURE,48,ONE_BEFORE_SEGMENT_BOUNDARY,POST_HARD_DECISION_BIT_FLIP,0,5000,1500000,240000,5000,0.12307692307692308,240000,5000,0.16,1,0,0,0,0,0,0,5000,1,105.16021999999992,98.599999999999994,135.30500000000004,327.30900000000025,1782,107.24321999999999,0,0,0,FIXED_FRAMES_REACHED,0,0,0,1,6e201e831c63e0953557ab43af68e441d79d61a3b7a0a36ea65aca41492abfdd,WORKTREE
bch.s2.impairment.result.v1,S2_07,BURST,BCH-B300,WHOLE_BLOCK_SHORTENED,BERLEKAMP_MASSEY_CHIEN,300,390,0.76923076923076927,0,-1.1394335230683674,2,0,0,NONE,0,0,1,UNIFORM_RANDOM,PURE,48,ON_SEGMENT_BOUNDARY,POST_HARD_DECISION_BIT_FLIP,0,5000,1500000,240000,5000,0.12307692307692308,240000,5000,0.16,1,0,0,0,0,0,0,5000,1,133.69058000000001,106,239.91500000000008,726.14700000000107,3694.3000000000002,136.38443999999998,0,0,0,FIXED_FRAMES_REACHED,0,0,0,1,7d6d8d613b61a1ec5a6e20d03ec6b759d89cce0ea39e34b0e9feb2faf9c2c5cd,WORKTREE
bch.s2.impairment.result.v1,S2_07,BURST,BCH-B300,WHOLE_BLOCK_SHORTENED,BERLEKAMP_MASSEY_CHIEN,300,390,0.76923076923076927,0,-1.1394335230683674,2,0,0,NONE,0,0,1,UNIFORM_RANDOM,PURE,48,UNIFORM_RANDOM,POST_HARD_DECISION_BIT_FLIP,0,5000,1500000,240000,5000,0.12307692307692308,194103,4382,0.12940199999999999,0.87639999999999996,618,0.1236,0,0,0,0,5000,1,102.08576000000001,88.400000000000006,137.81000000000006,295.94100000000088,1223.8,104.19379999999994,0,0,0,FIXED_FRAMES_REACHED,0,0,0,1,14945e87bbf24380b36d8e7f853d95b869cd53004fa01cc158f5dde5e929af91,WORKTREE
bch.s2.impairment.result.v1,S2_07,BURST,BCH-B300,WHOLE_BLOCK_SHORTENED,BERLEKAMP_MASSEY_CHIEN,300,390,0.76923076923076927,0,-1.1394335230683674,2,0,0,NONE,0,0,1,UNIFORM_RANDOM,PURE,64,FRAME_START,POST_HARD_DECISION_BIT_FLIP,0,5000,1500000,320000,5000,0.1641025641025641,320000,5000,0.21333333333333335,1,0,0,0,0,0,0,5000,1,125.8595199999998,104.5,215.45500000000021,555.96300000000133,5202,128.37763999999987,0,0,0,FIXED_FRAMES_REACHED,0,0,0,1,b9d303811e367bb00044eafdcefca1a83f3ef310c344ffe660790fea8aee869d,WORKTREE
bch.s2.impairment.result.v1,S2_07,BURST,BCH-B300,WHOLE_BLOCK_SHORTENED,BERLEKAMP_MASSEY_CHIEN,300,390,0.76923076923076927,0,-1.1394335230683674,2,0,0,NONE,0,0,1,UNIFORM_RANDOM,PURE,64,FRAME_END,POST_HARD_DECISION_BIT_FLIP,0,5000,1500000,320000,5000,0.1641025641025641,0,0,0,0,5000,1,0,0,0,0,5000,1,103.24839999999988,94.599999999999994,141,285.00500000000011,721.5,105.33581999999976,0,0,0,FIXED_FRAMES_REACHED,0,0,0,1,185db37a0ddf8d7458001959b7e3091ad977f407722963254ebeda7e1f1b872a,WORKTREE
bch.s2.impairment.result.v1,S2_07,BURST,BCH-B300,WHOLE_BLOCK_SHORTENED,BERLEKAMP_MASSEY_CHIEN,300,390,0.76923076923076927,0,-1.1394335230683674,2,0,0,NONE,0,0,1,UNIFORM_RANDOM,PURE,64,SEGMENT_INTERIOR,POST_HARD_DECISION_BIT_FLIP,0,5000,1500000,320000,5000,0.1641025641025641,320000,5000,0.21333333333333335,1,0,0,0,0,0,0,5000,1,100.84014000000005,88.099999999999994,138.19999999999999,264.293000000002,1564.5,102.88051999999982,0,0,0,FIXED_FRAMES_REACHED,0,0,0,1,f63554a1af5e13072a0966b38aa7987642917e3c68fff35f6fa03ea6c0ee3a2c,WORKTREE
bch.s2.impairment.result.v1,S2_07,BURST,BCH-B300,WHOLE_BLOCK_SHORTENED,BERLEKAMP_MASSEY_CHIEN,300,390,0.76923076923076927,0,-1.1394335230683674,2,0,0,NONE,0,0,1,UNIFORM_RANDOM,PURE,64,ONE_BEFORE_SEGMENT_BOUNDARY,POST_HARD_DECISION_BIT_FLIP,0,5000,1500000,320000,5000,0.1641025641025641,320000,5000,0.21333333333333335,1,0,0,0,0,0,0,5000,1,115.18331999999974,103.84999999999999,156.8250000000001,393.14700000000101,7262.1999999999998,117.59589999999982,0,0,0,FIXED_FRAMES_REACHED,0,0,0,1,5518f99a73dda48215102c3f1511a3bf1db06f612abbc8721f214d89a480c0a7,WORKTREE
bch.s2.impairment.result.v1,S2_07,BURST,BCH-B300,WHOLE_BLOCK_SHORTENED,BERLEKAMP_MASSEY_CHIEN,300,390,0.76923076923076927,0,-1.1394335230683674,2,0,0,NONE,0,0,1,UNIFORM_RANDOM,PURE,64,ON_SEGMENT_BOUNDARY,POST_HARD_DECISION_BIT_FLIP,0,5000,1500000,320000,5000,0.1641025641025641,320000,5000,0.21333333333333335,1,0,0,0,0,0,0,5000,1,102.63674000000016,94.25,136.40500000000003,260.10200000000003,1017,104.74183999999973,0,0,0,FIXED_FRAMES_REACHED,0,0,0,1,bfd571b1d7123d423308b5b468fabd2215359a0a688d828ef7196cde81a37186,WORKTREE
bch.s2.impairment.result.v1,S2_07,BURST,BCH-B300,WHOLE_BLOCK_SHORTENED,BERLEKAMP_MASSEY_CHIEN,300,390,0.76923076923076927,0,-1.1394335230683674,2,0,0,NONE,0,0,1,UNIFORM_RANDOM,PURE,64,UNIFORM_RANDOM,POST_HARD_DECISION_BIT_FLIP,0,5000,1500000,320000,5000,0.1641025641025641,261538,4573,0.17435866666666666,0.91459999999999997,427,0.085400000000000004,0,0,0,0,5000,1,129.01789999999986,106.2,227.99500000000035,641.90800000000013,4085.0999999999999,132.28538000000034,0,0,0,FIXED_FRAMES_REACHED,0,0,0,1,5832c0fe93f784b1be3f8f3cbf7022ee802c458a2991a259cd189fd2b4bb4e0e,WORKTREE
bch.s2.impairment.result.v1,S2_07,BURST,BCH-B300-426,WHOLE_BLOCK_SHORTENED,BERLEKAMP_MASSEY_CHIEN,300,426,0.70422535211267601,0,-1.5228834438305652,2,0,0,NONE,0,0,1,UNIFORM_RANDOM,PURE,1,FRAME_START,POST_HARD_DECISION_BIT_FLIP,0,5000,1500000,5000,5000,0.0023474178403755869,0,0,0,0,5000,1,5000,1,0,0,0,0,80.750340000000065,72.400000000000006,108.3,217.84400000000096,962.79999999999995,82.713499999999911,0,0,0,FIXED_FRAMES_REACHED,0,0,0,1,1a88e7e55a84363b9f36fff088574066e58ebb55264194f7b6dca2e9dfb19f6c,WORKTREE
bch.s2.impairment.result.v1,S2_07,BURST,BCH-B300-426,WHOLE_BLOCK_SHORTENED,BERLEKAMP_MASSEY_CHIEN,300,426,0.70422535211267601,0,-1.5228834438305652,2,0,0,NONE,0,0,1,UNIFORM_RANDOM,PURE,1,FRAME_END,POST_HARD_DECISION_BIT_FLIP,0,5000,1500000,5000,5000,0.0023474178403755869,0,0,0,0,5000,1,5000,1,0,0,0,0,95.055960000000212,83.099999999999994,124.90000000000001,379.32900000000279,5448.6999999999998,97.428260000000009,0,0,0,FIXED_FRAMES_REACHED,0,0,0,1,f996b99e072548ccf1371b15193baad7ef62ed00aba9f1903377f1554181bb5b,WORKTREE
bch.s2.impairment.result.v1,S2_07,BURST,BCH-B300-426,WHOLE_BLOCK_SHORTENED,BERLEKAMP_MASSEY_CHIEN,300,426,0.70422535211267601,0,-1.5228834438305652,2,0,0,NONE,0,0,1,UNIFORM_RANDOM,PURE,1,SEGMENT_INTERIOR,POST_HARD_DECISION_BIT_FLIP,0,5000,1500000,5000,5000,0.0023474178403755869,0,0,0,0,5000,1,5000,1,0,0,0,0,86.877259999999922,81,121.12000000000006,296.59000000000412,1474.5999999999999,89.137900000000201,0,0,0,FIXED_FRAMES_REACHED,0,0,0,1,c9f08aa07aa3b2507015d2875f4192d154f884aa6a09d023920cbda532ccd66e,WORKTREE
bch.s2.impairment.result.v1,S2_07,BURST,BCH-B300-426,WHOLE_BLOCK_SHORTENED,BERLEKAMP_MASSEY_CHIEN,300,426,0.70422535211267601,0,-1.5228834438305652,2,0,0,NONE,0,0,1,UNIFORM_RANDOM,PURE,1,ONE_BEFORE_SEGMENT_BOUNDARY,POST_HARD_DECISION_BIT_FLIP,0,5000,1500000,5000,5000,0.0023474178403755869,0,0,0,0,5000,1,5000,1,0,0,0,0,109.45852000000023,83.299999999999997,195.32000000000011,552.69300000000214,14490.700000000001,112.18845999999994,0,0,0,FIXED_FRAMES_REACHED,0,0,0,1,a4f4379edc9cdebafb80bd044295885210264e211a6114521e2044fbcfac590c,WORKTREE
bch.s2.impairment.result.v1,S2_07,BURST,BCH-B300-426,WHOLE_BLOCK_SHORTENED,BERLEKAMP_MASSEY_CHIEN,300,426,0.70422535211267601,0,-1.5228834438305652,2,0,0,NONE,0,0,1,UNIFORM_RANDOM,PURE,1,ON_SEGMENT_BOUNDARY,POST_HARD_DECISION_BIT_FLIP,0,5000,1500000,5000,5000,0.0023474178403755869,0,0,0,0,5000,1,5000,1,0,0,0,0,80.12666000000003,76.099999999999994,103.51000000000003,171.80600000000013,1075.4000000000001,82.165180000000177,0,0,0,FIXED_FRAMES_REACHED,0,0,0,1,1e8b35301863d081ddbc9f24ec33211d1f4145c38e9091e18cd3c6af5e17607e,WORKTREE
bch.s2.impairment.result.v1,S2_07,BURST,BCH-B300-426,WHOLE_BLOCK_SHORTENED,BERLEKAMP_MASSEY_CHIEN,300,426,0.70422535211267601,0,-1.5228834438305652,2,0,0,NONE,0,0,1,UNIFORM_RANDOM,PURE,1,UNIFORM_RANDOM,POST_HARD_DECISION_BIT_FLIP,0,5000,1500000,5000,5000,0.0023474178403755869,0,0,0,0,5000,1,5000,1,0,0,0,0,80.287419999999884,75.799999999999997,107,183.4180000000004,639.79999999999995,82.390979999999672,0,0,0,FIXED_FRAMES_REACHED,0,0,0,1,b9558c815ab28527093d661e0579de3ef6abc6550d777a8c458fc64a85f26149,WORKTREE
bch.s2.impairment.result.v1,S2_07,BURST,BCH-B300-426,WHOLE_BLOCK_SHORTENED,BERLEKAMP_MASSEY_CHIEN,300,426,0.70422535211267601,0,-1.5228834438305652,2,0,0,NONE,0,0,1,UNIFORM_RANDOM,PURE,2,FRAME_START,POST_HARD_DECISION_BIT_FLIP,0,5000,1500000,10000,5000,0.0046948356807511738,0,0,0,0,5000,1,5000,1,0,0,0,0,108.75612000000014,88,188.80500000000004,512.68100000000175,7173.8000000000002,111.72322000000008,0,0,0,FIXED_FRAMES_REACHED,0,0,0,1,8b935f78e2bc1e7851adca17cfbc08b97cc8b51dae129053050bb04632466087,WORKTREE
bch.s2.impairment.result.v1,S2_07,BURST,BCH-B300-426,WHOLE_BLOCK_SHORTENED,BERLEKAMP_MASSEY_CHIEN,300,426,0.70422535211267601,0,-1.5228834438305652,2,0,0,NONE,0,0,1,UNIFORM_RANDOM,PURE,2,FRAME_END,POST_HARD_DECISION_BIT_FLIP,0,5000,1500000,10000,5000,0.0046948356807511738,0,0,0,0,5000,1,5000,1,0,0,0,0,87.724939999999748,80.700000000000003,114.105,235.31400000000031,5192.6000000000004,89.933179999999709,0,0,0,FIXED_FRAMES_REACHED,0,0,0,1,fc47f83ba38ae77db013bb0b50c8828777e4e9ba6a897809d6b71d329f4e3d88,WORKTREE
bch.s2.impairment.result.v1,S2_07,BURST,BCH-B300-426,WHOLE_BLOCK_SHORTENED,BERLEKAMP_MASSEY_CHIEN,300,426,0.70422535211267601,0,-1.5228834438305652,2,0,0,NONE,0,0,1,UNIFORM_RANDOM,PURE,2,SEGMENT_INTERIOR,POST_HARD_DECISION_BIT_FLIP,0,5000,1500000,10000,5000,0.0046948356807511738,0,0,0,0,5000,1,5000,1,0,0,0,0,80.120219999999989,72.400000000000006,102.59999999999999,162.61200000000025,650.10000000000002,82.12749999999987,0,0,0,FIXED_FRAMES_REACHED,0,0,0,1,cfe3fb861a8b5e9fdaa5129470ee7a462f5a629e733f1bd377849837c64ba6e0,WORKTREE
bch.s2.impairment.result.v1,S2_07,BURST,BCH-B300-426,WHOLE_BLOCK_SHORTENED,BERLEKAMP_MASSEY_CHIEN,300,426,0.70422535211267601,0,-1.5228834438305652,2,0,0,NONE,0,0,1,UNIFORM_RANDOM,PURE,2,ONE_BEFORE_SEGMENT_BOUNDARY,POST_HARD_DECISION_BIT_FLIP,0,5000,1500000,10000,5000,0.0046948356807511738,0,0,0,0,5000,1,5000,1,0,0,0,0,108.78055999999994,88.150000000000006,181.81500000000008,504.4100000000002,5919.3000000000002,111.39356000000005,0,0,0,FIXED_FRAMES_REACHED,0,0,0,1,15fca295e6ce4ef80b675eb9e49578ccc6afc558ac89c9e904b8e7d6f14ea333,WORKTREE
bch.s2.impairment.result.v1,S2_07,BURST,BCH-B300-426,WHOLE_BLOCK_SHORTENED,BERLEKAMP_MASSEY_CHIEN,300,426,0.70422535211267601,0,-1.5228834438305652,2,0,0,NONE,0,0,1,UNIFORM_RANDOM,PURE,2,ON_SEGMENT_BOUNDARY,POST_HARD_DECISION_BIT_FLIP,0,5000,1500000,10000,5000,0.0046948356807511738,0,0,0,0,5000,1,5000,1,0,0,0,0,90.173480000000211,85.5,122.59999999999999,260.43600000000077,1184.2,92.504039999999975,0,0,0,FIXED_FRAMES_REACHED,0,0,0,1,a1bb1e85e1e4a90d79a2481dc60ba9d5f30d3870e05d05966e4b38aeba83e754,WORKTREE
bch.s2.impairment.result.v1,S2_07,BURST,BCH-B300-426,WHOLE_BLOCK_SHORTENED,BERLEKAMP_MASSEY_CHIEN,300,426,0.70422535211267601,0,-1.5228834438305652,2,0,0,NONE,0,0,1,UNIFORM_RANDOM,PURE,2,UNIFORM_RANDOM,POST_HARD_DECISION_BIT_FLIP,0,5000,1500000,10000,5000,0.0046948356807511738,0,0,0,0,5000,1,5000,1,0,0,0,0,80.492059999999924,71.200000000000003,109.50500000000002,186.11000000000021,1064,82.513159999999971,0,0,0,FIXED_FRAMES_REACHED,0,0,0,1,546ae9bcc019dae971c9bfc55397ba49e26330e01e263ac2d6d7f5487c12a765,WORKTREE
bch.s2.impairment.result.v1,S2_07,BURST,BCH-B300-426,WHOLE_BLOCK_SHORTENED,BERLEKAMP_MASSEY_CHIEN,300,426,0.70422535211267601,0,-1.5228834438305652,2,0,0,NONE,0,0,1,UNIFORM_RANDOM,PURE,3,FRAME_START,POST_HARD_DECISION_BIT_FLIP,0,5000,1500000,15000,5000,0.0070422535211267607,0,0,0,0,5000,1,5000,1,0,0,0,0,93.658239999999964,88.400000000000006,124.605,262.85800000000131,1375.5999999999999,95.845359999999829,0,0,0,FIXED_FRAMES_REACHED,0,0,0,1,68c36f2d6baca018de4cc920af5b9df47342f60fd22cf57b954f05fc3e03a547,WORKTREE
bch.s2.impairment.result.v1,S2_07,BURST,BCH-B300-426,WHOLE_BLOCK_SHORTENED,BERLEKAMP_MASSEY_CHIEN,300,426,0.70422535211267601,0,-1.5228834438305652,2,0,0,NONE,0,0,1,UNIFORM_RANDOM,PURE,3,FRAME_END,POST_HARD_DECISION_BIT_FLIP,0,5000,1500000,15000,5000,0.0070422535211267607,0,0,0,0,5000,1,5000,1,0,0,0,0,109.30407999999984,90.200000000000003,181.20499999999998,452.72100000000484,8181,112.24907999999989,0,0,0,FIXED_FRAMES_REACHED,0,0,0,1,39990f9a47ad5488852d5db6cbdc41edcb82b79f9c3d97c702fd98229018d33f,WORKTREE
bch.s2.impairment.result.v1,S2_07,BURST,BCH-B300-426,WHOLE_BLOCK_SHORTENED,BERLEKAMP_MASSEY_CHIEN,300,426,0.70422535211267601,0,-1.5228834438305652,2,0,0,NONE,0,0,1,UNIFORM_RANDOM,PURE,3,SEGMENT_INTERIOR,POST_HARD_DECISION_BIT_FLIP,0,5000,1500000,15000,5000,0.0070422535211267607,0,0,0,0,5000,1,5000,1,0,0,0,0,88.790160000000071,82.799999999999997,118.30500000000001,219.50600000000014,660.89999999999998,90.913519999999778,0,0,0,FIXED_FRAMES_REACHED,0,0,0,1,e145451c0c9e8a7cdfb328d711c55dc35945fc9a07ae3d1506db89655db7a8e0,WORKTREE
bch.s2.impairment.result.v1,S2_07,BURST,BCH-B300-426,WHOLE_BLOCK_SHORTENED,BERLEKAMP_MASSEY_CHIEN,300,426,0.70422535211267601,0,-1.5228834438305652,2,0,0,NONE,0,0,1,UNIFORM_RANDOM,PURE,3,ONE_BEFORE_SEGMENT_BOUNDARY,POST_HARD_DECISION_BIT_FLIP,0,5000,1500000,15000,5000,0.0070422535211267607,0,0,0,0,5000,1,5000,1,0,0,0,0,89.942280000000011,85.650000000000006,126.105,211.31400000000031,770.29999999999995,92.537120000000229,0,0,0,FIXED_FRAMES_REACHED,0,0,0,1,f087bbf3b175852540941adce8263fc9376de1448243795be556d853e5aaa084,WORKTREE
bch.s2.impairment.result.v1,S2_07,BURST,BCH-B300-426,WHOLE_BLOCK_SHORTENED,BERLEKAMP_MASSEY_CHIEN,300,426,0.70422535211267601,0,-1.5228834438305652,2,0,0,NONE,0,0,1,UNIFORM_RANDOM,PURE,3,ON_SEGMENT_BOUNDARY,POST_HARD_DECISION_BIT_FLIP,0,5000,1500000,15000,5000,0.0070422535211267607,0,0,0,0,5000,1,5000,1,0,0,0,0,86.287920000000014,77.799999999999997,115.11000000000003,197.90100000000004,1980.5,88.331880000000154,0,0,0,FIXED_FRAMES_REACHED,0,0,0,1,5880eedc78dc48961448990d904362134d7f1e552f69fd973201c84320492138,WORKTREE
bch.s2.impairment.result.v1,S2_07,BURST,BCH-B300-426,WHOLE_BLOCK_SHORTENED,BERLEKAMP_MASSEY_CHIEN,300,426,0.70422535211267601,0,-1.5228834438305652,2,0,0,NONE,0,0,1,UNIFORM_RANDOM,PURE,3,UNIFORM_RANDOM,POST_HARD_DECISION_BIT_FLIP,0,5000,1500000,15000,5000,0.0070422535211267607,0,0,0,0,5000,1,5000,1,0,0,0,0,83.158419999999879,75.5,109.105,147.101,871.39999999999998,85.15250000000006,0,0,0,FIXED_FRAMES_REACHED,0,0,0,1,5040567f905f9ebc01d32ff6796fef5ad4fafdb419529f40e10632dcedb68c38,WORKTREE
bch.s2.impairment.result.v1,S2_07,BURST,BCH-B300-426,WHOLE_BLOCK_SHORTENED,BERLEKAMP_MASSEY_CHIEN,300,426,0.70422535211267601,0,-1.5228834438305652,2,0,0,NONE,0,0,1,UNIFORM_RANDOM,PURE,4,FRAME_START,POST_HARD_DECISION_BIT_FLIP,0,5000,1500000,20000,5000,0.0093896713615023476,0,0,0,0,5000,1,5000,1,0,0,0,0,90.160820000000385,84.299999999999997,116.90000000000001,170.52400000000051,741.89999999999998,92.012260000000069,0,0,0,FIXED_FRAMES_REACHED,0,0,0,1,10549c5d812b1bb08a83011cfd719fff9cc0c0f88c3ad01d2b2a84e9f58cf0cf,WORKTREE
bch.s2.impairment.result.v1,S2_07,BURST,BCH-B300-426,WHOLE_BLOCK_SHORTENED,BERLEKAMP_MASSEY_CHIEN,300,426,0.70422535211267601,0,-1.5228834438305652,2,0,0,NONE,0,0,1,UNIFORM_RANDOM,PURE,4,FRAME_END,POST_HARD_DECISION_BIT_FLIP,0,5000,1500000,20000,5000,0.0093896713615023476,0,0,0,0,5000,1,5000,1,0,0,0,0,111.92476000000001,98.900000000000006,181.00500000000002,399.85500000000121,2186.1999999999998,114.65989999999968,0,0,0,FIXED_FRAMES_REACHED,0,0,0,1,f39ddfd93325d7e5d7c9467aed07f61937e4fae4bfa1bd0d52247f4ccd793d59,WORKTREE
bch.s2.impairment.result.v1,S2_07,BURST,BCH-B300-426,WHOLE_BLOCK_SHORTENED,BERLEKAMP_MASSEY_CHIEN,300,426,0.70422535211267601,0,-1.5228834438305652,2,0,0,NONE,0,0,1,UNIFORM_RANDOM,PURE,4,SEGMENT_INTERIOR,POST_HARD_DECISION_BIT_FLIP,0,5000,1500000,20000,5000,0.0093896713615023476,0,0,0,0,5000,1,5000,1,0,0,0,0,92.678659999999795,86.150000000000006,122.21000000000004,252.90000000000001,1152.5999999999999,94.826640000000026,0,0,0,FIXED_FRAMES_REACHED,0,0,0,1,6ca605d1e4a4141acd7c7a92d49ec103a6b635fb6d8791e2ddc1693c26cb63e3,WORKTREE
bch.s2.impairment.result.v1,S2_07,BURST,BCH-B300-426,WHOLE_BLOCK_SHORTENED,BERLEKAMP_MASSEY_CHIEN,300,426,0.70422535211267601,0,-1.5228834438305652,2,0,0,NONE,0,0,1,UNIFORM_RANDOM,PURE,4,ONE_BEFORE_SEGMENT_BOUNDARY,POST_HARD_DECISION_BIT_FLIP,0,5000,1500000,20000,5000,0.0093896713615023476,0,0,0,0,5000,1,5000,1,0,0,0,0,95.756739999999951,91.200000000000003,126,255.9730000000016,1439.5,97.948499999999783,0,0,0,FIXED_FRAMES_REACHED,0,0,0,1,c0e174820fc45cb50a3637e8c9bba1c2c7f026ec48718314fdc2b5db22d681ad,WORKTREE
bch.s2.impairment.result.v1,S2_07,BURST,BCH-B300-426,WHOLE_BLOCK_SHORTENED,BERLEKAMP_MASSEY_CHIEN,300,426,0.70422535211267601,0,-1.5228834438305652,2,0,0,NONE,0,0,1,UNIFORM_RANDOM,PURE,4,ON_SEGMENT_BOUNDARY,POST_HARD_DECISION_BIT_FLIP,0,5000,1500000,20000,5000,0.0093896713615023476,0,0,0,0,5000,1,5000,1,0,0,0,0,90.120760000000061,82.150000000000006,120.01500000000006,183.92800000000062,570.60000000000002,92.233780000000181,0,0,0,FIXED_FRAMES_REACHED,0,0,0,1,61e6656c1eb65e9d393c4617e8ef49487bc187493a554ca4177bdaeabed2fbf5,WORKTREE
bch.s2.impairment.result.v1,S2_07,BURST,BCH-B300-426,WHOLE_BLOCK_SHORTENED,BERLEKAMP_MASSEY_CHIEN,300,426,0.70422535211267601,0,-1.5228834438305652,2,0,0,NONE,0,0,1,UNIFORM_RANDOM,PURE,4,UNIFORM_RANDOM,POST_HARD_DECISION_BIT_FLIP,0,5000,1500000,20000,5000,0.0093896713615023476,0,0,0,0,5000,1,5000,1,0,0,0,0,89.155539999999888,80.099999999999994,116.30500000000001,193.2090000000002,605.70000000000005,91.224759999999677,0,0,0,FIXED_FRAMES_REACHED,0,0,0,1,51084ad45dc348f997696a36528768d3145f72dc29bb89bd486273a8b65c46d6,WORKTREE
bch.s2.impairment.result.v1,S2_07,BURST,BCH-B300-426,WHOLE_BLOCK_SHORTENED,BERLEKAMP_MASSEY_CHIEN,300,426,0.70422535211267601,0,-1.5228834438305652,2,0,0,NONE,0,0,1,UNIFORM_RANDOM,PURE,5,FRAME_START,POST_HARD_DECISION_BIT_FLIP,0,5000,1500000,25000,5000,0.011737089201877934,0,0,0,0,5000,1,5000,1,0,0,0,0,97.999319999999926,89.5,131.30500000000004,266.65400000000119,1099.3,100.12924000000008,0,0,0,FIXED_FRAMES_REACHED,0,0,0,1,8ab1a924ae172d87697bccf9d0fb3d69b8ec74eaeaaf60e16e5c9adb7a47c061,WORKTREE
bch.s2.impairment.result.v1,S2_07,BURST,BCH-B300-426,WHOLE_BLOCK_SHORTENED,BERLEKAMP_MASSEY_CHIEN,300,426,0.70422535211267601,0,-1.5228834438305652,2,0,0,NONE,0,0,1,UNIFORM_RANDOM,PURE,5,FRAME_END,POST_HARD_DECISION_BIT_FLIP,0,5000,1500000,25000,5000,0.011737089201877934,0,0,0,0,5000,1,5000,1,0,0,0,0,94.141959999999841,87,124.2,187.00700000000015,525.79999999999995,96.244599999999636,0,0,0,FIXED_FRAMES_REACHED,0,0,0,1,a41f0c0c1c82fa7fdbb8a55fc60db077feb8fa0ae05b1b3184ca9342ca2dad39,WORKTREE
bch.s2.impairment.result.v1,S2_07,BURST,BCH-B300-426,WHOLE_BLOCK_SHORTENED,BERLEKAMP_MASSEY_CHIEN,300,426,0.70422535211267601,0,-1.5228834438305652,2,0,0,NONE,0,0,1,UNIFORM_RANDOM,PURE,5,SEGMENT_INTERIOR,POST_HARD_DECISION_BIT_FLIP,0,5000,1500000,25000,5000,0.011737089201877934,0,0,0,0,5000,1,5000,1,0,0,0,0,92.714320000000129,83.400000000000006,121.40500000000003,172.4170000000004,641.39999999999998,94.600060000000212,0,0,0,FIXED_FRAMES_REACHED,0,0,0,1,7fbc43b2d087663a636813b946611120ea2027b627b757c6fd0405e39e3992e4,WORKTREE
bch.s2.impairment.result.v1,S2_07,BURST,BCH-B300-426,WHOLE_BLOCK_SHORTENED,BERLEKAMP_MASSEY_CHIEN,300,426,0.70422535211267601,0,-1.5228834438305652,2,0,0,NONE,0,0,1,UNIFORM_RANDOM,PURE,5,ONE_BEFORE_SEGMENT_BOUNDARY,POST_HARD_DECISION_BIT_FLIP,0,5000,1500000,25000,5000,0.011737089201877934,0,0,0,0,5000,1,5000,1,0,0,0,0,98.582279999999827,93,131.59999999999999,252.746000000001,958.10000000000002,100.93361999999966,0,0,0,FIXED_FRAMES_REACHED,0,0,0,1,eab84f6286bcd120de36a8a337b6ae15073b04755d0c9e041c213327527265b9,WORKTREE
bch.s2.impairment.result.v1,S2_07,BURST,BCH-B300-426,WHOLE_BLOCK_SHORTENED,BERLEKAMP_MASSEY_CHIEN,300,426,0.70422535211267601,0,-1.5228834438305652,2,0,0,NONE,0,0,1,UNIFORM_RANDOM,PURE,5,ON_SEGMENT_BOUNDARY,POST_HARD_DECISION_BIT_FLIP,0,5000,1500000,25000,5000,0.011737089201877934,0,0,0,0,5000,1,5000,1,0,0,0,0,95.254460000000165,89.700000000000003,124.00500000000002,192.69999999999999,624.29999999999995,97.253380000000035,0,0,0,FIXED_FRAMES_REACHED,0,0,0,1,1e0be9e3437b67c244bd6b1d4e54fdada7b2b008c505fa80505d020686fdefc0,WORKTREE
bch.s2.impairment.result.v1,S2_07,BURST,BCH-B300-426,WHOLE_BLOCK_SHORTENED,BERLEKAMP_MASSEY_CHIEN,300,426,0.70422535211267601,0,-1.5228834438305652,2,0,0,NONE,0,0,1,UNIFORM_RANDOM,PURE,5,UNIFORM_RANDOM,POST_HARD_DECISION_BIT_FLIP,0,5000,1500000,25000,5000,0.011737089201877934,0,0,0,0,5000,1,5000,1,0,0,0,0,96.997759999999644,87,136.00500000000002,267.86600000000146,1860.5,99.229740000000021,0,0,0,FIXED_FRAMES_REACHED,0,0,0,1,0865088a86bee12435f176489e74893ed74b787e1a06d5c2345bc5cc15904087,WORKTREE
bch.s2.impairment.result.v1,S2_07,BURST,BCH-B300-426,WHOLE_BLOCK_SHORTENED,BERLEKAMP_MASSEY_CHIEN,300,426,0.70422535211267601,0,-1.5228834438305652,2,0,0,NONE,0,0,1,UNIFORM_RANDOM,PURE,6,FRAME_START,POST_HARD_DECISION_BIT_FLIP,0,5000,1500000,30000,5000,0.014084507042253521,0,0,0,0,5000,1,5000,1,0,0,0,0,133.64409999999981,107.59999999999999,213.93000000000012,590.45000000000107,10311.700000000001,136.37892000000011,0,0,0,FIXED_FRAMES_REACHED,0,0,0,1,7fca41095f4c79729025091235c8e6a48f128eae8d4da3ce25fe3880b42eeee6,WORKTREE
bch.s2.impairment.result.v1,S2_07,BURST,BCH-B300-426,WHOLE_BLOCK_SHORTENED,BERLEKAMP_MASSEY_CHIEN,300,426,0.70422535211267601,0,-1.5228834438305652,2,0,0,NONE,0,0,1,UNIFORM_RANDOM,PURE,6,FRAME_END,POST_HARD_DECISION_BIT_FLIP,0,5000,1500000,30000,5000,0.014084507042253521,0,0,0,0,5000,1,5000,1,0,0,0,0,110.40674000000011,104.40000000000001,151.40000000000001,311.10100000000006,1273.2,112.86767999999989,0,0,0,FIXED_FRAMES_REACHED,0,0,0,1,3be386f718272d8c4ea63aa042ad444f78d71e594ba433b9978eab7f08a858c1,WORKTREE
bch.s2.impairment.result.v1,S2_07,BURST,BCH-B300-426,WHOLE_BLOCK_SHORTENED,BERLEKAMP_MASSEY_CHIEN,300,426,0.70422535211267601,0,-1.5228834438305652,2,0,0,NONE,0,0,1,UNIFORM_RANDOM,PURE,6,SEGMENT_INTERIOR,POST_HARD_DECISION_BIT_FLIP,0,5000,1500000,30000,5000,0.014084507042253521,0,0,0,0,5000,1,5000,1,0,0,0,0,99.903120000000087,91.099999999999994,135.40500000000003,229.2050000000001,857.10000000000002,102.1071399999998,0,0,0,FIXED_FRAMES_REACHED,0,0,0,1,0d06185f8feaacfcd0fa35839903a1d1ce4541b677c445c09825d8f63bb7d6b7,WORKTREE
bch.s2.impairment.result.v1,S2_07,BURST,BCH-B300-426,WHOLE_BLOCK_SHORTENED,BERLEKAMP_MASSEY_CHIEN,300,426,0.70422535211267601,0,-1.5228834438305652,2,0,0,NONE,0,0,1,UNIFORM_RANDOM,PURE,6,ONE_BEFORE_SEGMENT_BOUNDARY,POST_HARD_DECISION_BIT_FLIP,0,5000,1500000,30000,5000,0.014084507042253521,0,0,0,0,5000,1,5000,1,0,0,0,0,127.48334000000004,109.2,213.31500000000008,519.00600000000009,1636.3,130.60238000000032,0,0,0,FIXED_FRAMES_REACHED,0,0,0,1,d6a73fe422aa6c8d5bdaa4524926ab1bf4d0a28baea2a870bfe8e2b2c0a724b7,WORKTREE
bch.s2.impairment.result.v1,S2_07,BURST,BCH-B300-426,WHOLE_BLOCK_SHORTENED,BERLEKAMP_MASSEY_CHIEN,300,426,0.70422535211267601,0,-1.5228834438305652,2,0,0,NONE,0,0,1,UNIFORM_RANDOM,PURE,6,ON_SEGMENT_BOUNDARY,POST_HARD_DECISION_BIT_FLIP,0,5000,1500000,30000,5000,0.014084507042253521,0,0,0,0,5000,1,5000,1,0,0,0,0,102.62675999999996,99.599999999999994,136.71500000000003,235.51000000000022,766.89999999999998,104.84735999999981,0,0,0,FIXED_FRAMES_REACHED,0,0,0,1,93431a89d2ea42be5e13b38053b6d21a9fd08157f878b8cb14ccc8b67ed4db25,WORKTREE
bch.s2.impairment.result.v1,S2_07,BURST,BCH-B300-426,WHOLE_BLOCK_SHORTENED,BERLEKAMP_MASSEY_CHIEN,300,426,0.70422535211267601,0,-1.5228834438305652,2,0,0,NONE,0,0,1,UNIFORM_RANDOM,PURE,6,UNIFORM_RANDOM,POST_HARD_DECISION_BIT_FLIP,0,5000,1500000,30000,5000,0.014084507042253521,0,0,0,0,5000,1,5000,1,0,0,0,0,103.8764399999999,98.150000000000006,140.91000000000005,280.71800000000036,636.5,106.26594000000031,0,0,0,FIXED_FRAMES_REACHED,0,0,0,1,569f1e29f2be8e752a044cbe8692751bdf57f8852c129b2759e3f3e7e6c18d08,WORKTREE
bch.s2.impairment.result.v1,S2_07,BURST,BCH-B300-426,WHOLE_BLOCK_SHORTENED,BERLEKAMP_MASSEY_CHIEN,300,426,0.70422535211267601,0,-1.5228834438305652,2,0,0,NONE,0,0,1,UNIFORM_RANDOM,PURE,7,FRAME_START,POST_HARD_DECISION_BIT_FLIP,0,5000,1500000,35000,5000,0.016431924882629109,0,0,0,0,5000,1,5000,1,0,0,0,0,109.80326000000018,97.299999999999997,145.50500000000002,282.43500000000074,4222.3000000000002,111.9990199999999,0,0,0,FIXED_FRAMES_REACHED,0,0,0,1,bfcb09acdc67cf34d7874f885198f679b5eb1b3fb2f478aee0c4cab1b05ffdbb,WORKTREE
bch.s2.impairment.result.v1,S2_07,BURST,BCH-B300-426,WHOLE_BLOCK_SHORTENED,BERLEKAMP_MASSEY_CHIEN,300,426,0.70422535211267601,0,-1.5228834438305652,2,0,0,NONE,0,0,1,UNIFORM_RANDOM,PURE,7,FRAME_END,POST_HARD_DECISION_BIT_FLIP,0,5000,1500000,35000,5000,0.016431924882629109,0,0,0,0,5000,1,5000,1,0,0,0,0,137.71456000000015,115,238.59999999999999,562.72200000000055,2546.1999999999998,140.97242000000017,0,0,0,FIXED_FRAMES_REACHED,0,0,0,1,6922e672fa9aacc9cb9d5b55ec6b86bb159090033695418c2327c595334b74d5,WORKTREE
bch.s2.impairment.result.v1,S2_07,BURST,BCH-B300-426,WHOLE_BLOCK_SHORTENED,BERLEKAMP_MASSEY_CHIEN,300,426,0.70422535211267601,0,-1.5228834438305652,2,0,0,NONE,0,0,1,UNIFORM_RANDOM,PURE,7,SEGMENT_INTERIOR,POST_HARD_DECISION_BIT_FLIP,0,5000,1500000,35000,5000,0.016431924882629109,0,0,0,0,5000,1,5000,1,0,0,0,0,132.58696000000009,116.09999999999999,200.07000000000025,482.37500000000165,13184.799999999999,135.25951999999987,0,0,0,FIXED_FRAMES_REACHED,0,0,0,1,85566a1c2bb1e946eb6310b9476e2efcb53af2c6f9b8420fba773c952c8bc749,WORKTREE
bch.s2.impairment.result.v1,S2_07,BURST,BCH-B300-426,WHOLE_BLOCK_SHORTENED,BERLEKAMP_MASSEY_CHIEN,300,426,0.70422535211267601,0,-1.5228834438305652,2,0,0,NONE,0,0,1,UNIFORM_RANDOM,PURE,7,ONE_BEFORE_SEGMENT_BOUNDARY,POST_HARD_DECISION_BIT_FLIP,0,5000,1500000,35000,5000,0.016431924882629109,0,0,0,0,5000,1,5000,1,0,0,0,0,164.92412000000016,117.2,321.95000000000016,1059.6350000000007,8496.7999999999993,168.10886000000045,0,0,0,FIXED_FRAMES_REACHED,0,0,0,1,ea280c131ca3b220a9fc24d4dc4de27e5b2daa4e9299d000dab9bcb87f548e32,WORKTREE
bch.s2.impairment.result.v1,S2_07,BURST,BCH-B300-426,WHOLE_BLOCK_SHORTENED,BERLEKAMP_MASSEY_CHIEN,300,426,0.70422535211267601,0,-1.5228834438305652,2,0,0,NONE,0,0,1,UNIFORM_RANDOM,PURE,7,ON_SEGMENT_BOUNDARY,POST_HARD_DECISION_BIT_FLIP,0,5000,1500000,35000,5000,0.016431924882629109,0,0,0,0,5000,1,5000,1,0,0,0,0,137.81783999999979,115.55,217.61000000000001,511.24200000000087,12620.1,140.82361999999986,0,0,0,FIXED_FRAMES_REACHED,0,0,0,1,f8bcb699543dc41b5cead98e7a03412f069f127f51838986fb2c7316a96f02f8,WORKTREE
bch.s2.impairment.result.v1,S2_07,BURST,BCH-B300-426,WHOLE_BLOCK_SHORTENED,BERLEKAMP_MASSEY_CHIEN,300,426,0.70422535211267601,0,-1.5228834438305652,2,0,0,NONE,0,0,1,UNIFORM_RANDOM,PURE,7,UNIFORM_RANDOM,POST_HARD_DECISION_BIT_FLIP,0,5000,1500000,35000,5000,0.016431924882629109,0,0,0,0,5000,1,5000,1,0,0,0,0,119.43024000000044,110.7,165.30000000000001,419.23600000000073,3506.4000000000001,122.21150000000003,0,0,0,FIXED_FRAMES_REACHED,0,0,0,1,33f3618e641f90cf777b70cd7d279a34e4bff0f004dbd93a673266c70ecaff55,WORKTREE
bch.s2.impairment.result.v1,S2_07,BURST,BCH-B300-426,WHOLE_BLOCK_SHORTENED,BERLEKAMP_MASSEY_CHIEN,300,426,0.70422535211267601,0,-1.5228834438305652,2,0,0,NONE,0,0,1,UNIFORM_RANDOM,PURE,8,FRAME_START,POST_HARD_DECISION_BIT_FLIP,0,5000,1500000,40000,5000,0.018779342723004695,0,0,0,0,5000,1,5000,1,0,0,0,0,156.82648000000017,123.59999999999999,294.73500000000013,702.23300000000722,10379.4,159.99050000000011,0,0,0,FIXED_FRAMES_REACHED,0,0,0,1,5526eed0ff798730313718681fbc4e3c062ec77ccf3cd5580ff765768d821434,WORKTREE
bch.s2.impairment.result.v1,S2_07,BURST,BCH-B300-426,WHOLE_BLOCK_SHORTENED,BERLEKAMP_MASSEY_CHIEN,300,426,0.70422535211267601,0,-1.5228834438305652,2,0,0,NONE,0,0,1,UNIFORM_RANDOM,PURE,8,FRAME_END,POST_HARD_DECISION_BIT_FLIP,0,5000,1500000,40000,5000,0.018779342723004695,0,0,0,0,5000,1,5000,1,0,0,0,0,126.46628000000032,116.5,173.61000000000001,430.35400000000124,3040.9000000000001,128.97216000000023,0,0,0,FIXED_FRAMES_REACHED,0,0,0,1,66e3a1c8ba88d2c02960b734ddb89a53b8feb05387b5759a418a1b50382f73f2,WORKTREE
bch.s2.impairment.result.v1,S2_07,BURST,BCH-B300-426,WHOLE_BLOCK_SHORTENED,BERLEKAMP_MASSEY_CHIEN,300,426,0.70422535211267601,0,-1.5228834438305652,2,0,0,NONE,0,0,1,UNIFORM_RANDOM,PURE,8,SEGMENT_INTERIOR,POST_HARD_DECISION_BIT_FLIP,0,5000,1500000,40000,5000,0.018779342723004695,0,0,0,0,5000,1,5000,1,0,0,0,0,124.42122000000005,117,167.4250000000001,375.28300000000178,1200,126.89401999999967,0,0,0,FIXED_FRAMES_REACHED,0,0,0,1,d92de167cf209c9a5c6768b86e2ecf919653d101264d976e6ae5124f7686ec34,WORKTREE
bch.s2.impairment.result.v1,S2_07,BURST,BCH-B300-426,WHOLE_BLOCK_SHORTENED,BERLEKAMP_MASSEY_CHIEN,300,426,0.70422535211267601,0,-1.5228834438305652,2,0,0,NONE,0,0,1,UNIFORM_RANDOM,PURE,8,ONE_BEFORE_SEGMENT_BOUNDARY,POST_HARD_DECISION_BIT_FLIP,0,5000,1500000,40000,5000,0.018779342723004695,0,0,0,0,5000,1,5000,1,0,0,0,0,182.18616000000063,124.59999999999999,348.60500000000008,1105.2250000000006,14324,185.82943999999986,0,0,0,FIXED_FRAMES_REACHED,0,0,0,1,c77de04accbb75081f85eea4d23bca7b82fb6541ef9834f359834d9143d14876,WORKTREE
bch.s2.impairment.result.v1,S2_07,BURST,BCH-B300-426,WHOLE_BLOCK_SHORTENED,BERLEKAMP_MASSEY_CHIEN,300,426,0.70422535211267601,0,-1.5228834438305652,2,0,0,NONE,0,0,1,UNIFORM_RANDOM,PURE,8,ON_SEGMENT_BOUNDARY,POST_HARD_DECISION_BIT_FLIP,0,5000,1500000,40000,5000,0.018779342723004695,0,0,0,0,5000,1,5000,1,0,0,0,0,136.18542000000002,118.90000000000001,193.75500000000017,476.85300000000331,12236.299999999999,138.91644000000025,0,0,0,FIXED_FRAMES_REACHED,0,0,0,1,e89af9b15553458b5dadc674a9a69d15a036a1b12f6e202b756a21e39bb0f336,WORKTREE
bch.s2.impairment.result.v1,S2_07,BURST,BCH-B300-426,WHOLE_BLOCK_SHORTENED,BERLEKAMP_MASSEY_CHIEN,300,426,0.70422535211267601,0,-1.5228834438305652,2,0,0,NONE,0,0,1,UNIFORM_RANDOM,PURE,8,UNIFORM_RANDOM,POST_HARD_DECISION_BIT_FLIP,0,5000,1500000,40000,5000,0.018779342723004695,0,0,0,0,5000,1,5000,1,0,0,0,0,157.68498000000011,117.90000000000001,218.12500000000009,771.18700000000615,62549.800000000003,160.46948,0,0,0,FIXED_FRAMES_REACHED,0,0,0,1,19352e9d9c20336b6f74e46daaa0f7cdc1ff33c18364f9afc85251035410c0de,WORKTREE
bch.s2.impairment.result.v1,S2_07,BURST,BCH-B300-426,WHOLE_BLOCK_SHORTENED,BERLEKAMP_MASSEY_CHIEN,300,426,0.70422535211267601,0,-1.5228834438305652,2,0,0,NONE,0,0,1,UNIFORM_RANDOM,PURE,10,FRAME_START,POST_HARD_DECISION_BIT_FLIP,0,5000,1500000,50000,5000,0.023474178403755867,0,0,0,0,5000,1,5000,1,0,0,0,0,152.12747999999974,133.69999999999999,221.12000000000006,544.70200000000227,4133.1999999999998,154.93816000000012,0,0,0,FIXED_FRAMES_REACHED,0,0,0,1,0f4e77fef6e209749324a90d9f5f01835dfa576991be0826d7ffb8015828bdbe,WORKTREE
bch.s2.impairment.result.v1,S2_07,BURST,BCH-B300-426,WHOLE_BLOCK_SHORTENED,BERLEKAMP_MASSEY_CHIEN,300,426,0.70422535211267601,0,-1.5228834438305652,2,0,0,NONE,0,0,1,UNIFORM_RANDOM,PURE,10,FRAME_END,POST_HARD_DECISION_BIT_FLIP,0,5000,1500000,50000,5000,0.023474178403755867,0,0,0,0,5000,1,5000,1,0,0,0,0,141.24272000000036,129.69999999999999,194.01000000000005,426.87800000000175,6290,143.74590000000003,0,0,0,FIXED_FRAMES_REACHED,0,0,0,1,a83ce626bbd1ba124bfa76b26164c0fdecec6d2856336c616bb241788513a9a0,WORKTREE
bch.s2.impairment.result.v1,S2_07,BURST,BCH-B300-426,WHOLE_BLOCK_SHORTENED,BERLEKAMP_MASSEY_CHIEN,300,426,0.70422535211267601,0,-1.5228834438305652,2,0,0,NONE,0,0,1,UNIFORM_RANDOM,PURE,10,SEGMENT_INTERIOR,POST_HARD_DECISION_BIT_FLIP,0,5000,1500000,50000,5000,0.023474178403755867,0,0,0,0,5000,1,5000,1,0,0,0,0,208.94050000000021,136.94999999999999,412.01500000000004,1480.1220000000026,15409.299999999999,212.72237999999984,0,0,0,FIXED_FRAMES_REACHED,0,0,0,1,0e5a059018695085bf1ec3c8baead6f48c8a93095889b6113d7abbf8ef805c81,WORKTREE
bch.s2.impairment.result.v1,S2_07,BURST,BCH-B300-426,WHOLE_BLOCK_SHORTENED,BERLEKAMP_MASSEY_CHIEN,300,426,0.70422535211267601,0,-1.5228834438305652,2,0,0,NONE,0,0,1,UNIFORM_RANDOM,PURE,10,ONE_BEFORE_SEGMENT_BOUNDARY,POST_HARD_DECISION_BIT_FLIP,0,5000,1500000,50000,5000,0.023474178403755867,0,0,0,0,5000,1,5000,1,0,0,0,0,137.9028999999997,129.30000000000001,180.52000000000007,405.44100000000088,1266.2,140.89142000000035,0,0,0,FIXED_FRAMES_REACHED,0,0,0,1,6ed342de972b9fde42fbf0980902d2633628b7608be960227474f3d9bf57cba0,WORKTREE
bch.s2.impairment.result.v1,S2_07,BURST,BCH-B300-426,WHOLE_BLOCK_SHORTENED,BERLEKAMP_MASSEY_CHIEN,300,426,0.70422535211267601,0,-1.5228834438305652,2,0,0,NONE,0,0,1,UNIFORM_RANDOM,PURE,10,ON_SEGMENT_BOUNDARY,POST_HARD_DECISION_BIT_FLIP,0,5000,1500000,50000,5000,0.023474178403755867,0,0,0,0,5000,1,5000,1,0,0,0,0,129.78337999999985,122.59999999999999,173.72500000000008,352.88400000000189,827,132.30004000000028,0,0,0,FIXED_FRAMES_REACHED,0,0,0,1,1256f3874e598300aa7c5576919a634e1e7daf9c313f20de04e7ce859c8d7700,WORKTREE
bch.s2.impairment.result.v1,S2_07,BURST,BCH-B300-426,WHOLE_BLOCK_SHORTENED,BERLEKAMP_MASSEY_CHIEN,300,426,0.70422535211267601,0,-1.5228834438305652,2,0,0,NONE,0,0,1,UNIFORM_RANDOM,PURE,10,UNIFORM_RANDOM,POST_HARD_DECISION_BIT_FLIP,0,5000,1500000,50000,5000,0.023474178403755867,0,0,0,0,5000,1,5000,1,0,0,0,0,128.8846400000001,121.7,166.30000000000001,368.51500000000033,3582.9000000000001,131.26869999999977,0,0,0,FIXED_FRAMES_REACHED,0,0,0,1,f801b30ab7e1988bc178f3d179db976b148509ec0991c315a4f076894867fc1a,WORKTREE
bch.s2.impairment.result.v1,S2_07,BURST,BCH-B300-426,WHOLE_BLOCK_SHORTENED,BERLEKAMP_MASSEY_CHIEN,300,426,0.70422535211267601,0,-1.5228834438305652,2,0,0,NONE,0,0,1,UNIFORM_RANDOM,PURE,12,FRAME_START,POST_HARD_DECISION_BIT_FLIP,0,5000,1500000,60000,5000,0.028169014084507043,0,0,0,0,5000,1,5000,1,0,0,0,0,140.56105999999951,134.19999999999999,190.60500000000002,345.4100000000002,711.79999999999995,142.79805999999991,0,0,0,FIXED_FRAMES_REACHED,0,0,0,1,a8c6896f39c0e78c60220c0b25bc108ca2a8d1263a2f0d3fac39335814477cfb,WORKTREE
bch.s2.impairment.result.v1,S2_07,BURST,BCH-B300-426,WHOLE_BLOCK_SHORTENED,BERLEKAMP_MASSEY_CHIEN,300,426,0.70422535211267601,0,-1.5228834438305652,2,0,0,NONE,0,0,1,UNIFORM_RANDOM,PURE,12,FRAME_END,POST_HARD_DECISION_BIT_FLIP,0,5000,1500000,60000,5000,0.028169014084507043,0,0,0,0,5000,1,5000,1,0,0,0,0,137.53657999999993,125,184.60500000000002,346.7470000000032,1750.7,139.74679999999995,0,0,0,FIXED_FRAMES_REACHED,0,0,0,1,63376870bef9ae1168f074630bc2b2a2f530a7d214e18a2b9ac06b6abcd0688a,WORKTREE
bch.s2.impairment.result.v1,S2_07,BURST,BCH-B300-426,WHOLE_BLOCK_SHORTENED,BERLEKAMP_MASSEY_CHIEN,300,426,0.70422535211267601,0,-1.5228834438305652,2,0,0,NONE,0,0,1,UNIFORM_RANDOM,PURE,12,SEGMENT_INTERIOR,POST_HARD_DECISION_BIT_FLIP,0,5000,1500000,60000,5000,0.028169014084507043,0,0,0,0,5000,1,5000,1,0,0,0,0,138.63568000000021,127.05,189.31000000000006,375.04500000000098,2068.3000000000002,140.73707999999988,0,0,0,FIXED_FRAMES_REACHED,0,0,0,1,76d3817402ac39850497cb8faa4d50c1d162277004713d3616d57053b3832fe9,WORKTREE
bch.s2.impairment.result.v1,S2_07,BURST,BCH-B300-426,WHOLE_BLOCK_SHORTENED,BERLEKAMP_MASSEY_CHIEN,300,426,0.70422535211267601,0,-1.5228834438305652,2,0,0,NONE,0,0,1,UNIFORM_RANDOM,PURE,12,ONE_BEFORE_SEGMENT_BOUNDARY,POST_HARD_DECISION_BIT_FLIP,0,5000,1500000,60000,5000,0.028169014084507043,0,0,0,0,5000,1,5000,1,0,0,0,0,139.30842000000015,133.40000000000001,183.40500000000003,350.09200000000203,1109.2,141.51303999999982,0,0,0,FIXED_FRAMES_REACHED,0,0,0,1,897ebfe39b4c210a9d4635fdeeba622ab2586762f8bd2cbcfded60574644569a,WORKTREE
bch.s2.impairment.result.v1,S2_07,BURST,BCH-B300-426,WHOLE_BLOCK_SHORTENED,BERLEKAMP_MASSEY_CHIEN,300,426,0.70422535211267601,0,-1.5228834438305652,2,0,0,NONE,0,0,1,UNIFORM_RANDOM,PURE,12,ON_SEGMENT_BOUNDARY,POST_HARD_DECISION_BIT_FLIP,0,5000,1500000,60000,5000,0.028169014084507043,0,0,0,0,5000,1,5000,1,0,0,0,0,148.69238000000001,134.85000000000002,189.69999999999999,385.80800000000022,22208.900000000001,151.08585999999971,0,0,0,FIXED_FRAMES_REACHED,0,0,0,1,de761dba21b0ba2fc145ba2dc9de7b8bc2f54955014c6a56a99892183f01c8e9,WORKTREE
bch.s2.impairment.result.v1,S2_07,BURST,BCH-B300-426,WHOLE_BLOCK_SHORTENED,BERLEKAMP_MASSEY_CHIEN,300,426,0.70422535211267601,0,-1.5228834438305652,2,0,0,NONE,0,0,1,UNIFORM_RANDOM,PURE,12,UNIFORM_RANDOM,POST_HARD_DECISION_BIT_FLIP,0,5000,1500000,60000,5000,0.028169014084507043,0,0,0,0,5000,1,5000,1,0,0,0,0,140.31754000000029,133.80000000000001,190.80500000000004,360.32400000000058,1021.5,142.7021199999997,0,0,0,FIXED_FRAMES_REACHED,0,0,0,1,f21997eee83a4687604624b519807ea4b99b0aa27f71e720e5fd8f0be2e00a0c,WORKTREE
bch.s2.impairment.result.v1,S2_07,BURST,BCH-B300-426,WHOLE_BLOCK_SHORTENED,BERLEKAMP_MASSEY_CHIEN,300,426,0.70422535211267601,0,-1.5228834438305652,2,0,0,NONE,0,0,1,UNIFORM_RANDOM,PURE,14,FRAME_START,POST_HARD_DECISION_BIT_FLIP,0,5000,1500000,70000,5000,0.032863849765258218,0,0,0,0,5000,1,5000,1,0,0,0,0,142.28221999999985,132.5,181.31500000000008,298.40100000000001,915.89999999999998,144.36631999999963,0,0,0,FIXED_FRAMES_REACHED,0,0,0,1,9db2f91e6495fd8b2f0c4f8481f27a1c69aff0d0e5e971d3cdccdcd378f39908,WORKTREE
bch.s2.impairment.result.v1,S2_07,BURST,BCH-B300-426,WHOLE_BLOCK_SHORTENED,BERLEKAMP_MASSEY_CHIEN,300,426,0.70422535211267601,0,-1.5228834438305652,2,0,0,NONE,0,0,1,UNIFORM_RANDOM,PURE,14,FRAME_END,POST_HARD_DECISION_BIT_FLIP,0,5000,1500000,70000,5000,0.032863849765258218,0,0,0,0,5000,1,5000,1,0,0,0,0,136.65671999999989,123.3,179.90000000000001,283.16100000000137,1144.0999999999999,138.69025999999974,0,0,0,FIXED_FRAMES_REACHED,0,0,0,1,f77920ef105d877d82550d2038098354b4bc953ce9889778f73009943dde6a81,WORKTREE
bch.s2.impairment.result.v1,S2_07,BURST,BCH-B300-426,WHOLE_BLOCK_SHORTENED,BERLEKAMP_MASSEY_CHIEN,300,426,0.70422535211267601,0,-1.5228834438305652,2,0,0,NONE,0,0,1,UNIFORM_RANDOM,PURE,14,SEGMENT_INTERIOR,POST_HARD_DECISION_BIT_FLIP,0,5000,1500000,70000,5000,0.032863849765258218,0,0,0,0,5000,1,5000,1,0,0,0,0,147.5027399999999,137,201.21000000000001,373.40200000000004,1149.5,149.8803000000002,0,0,0,FIXED_FRAMES_REACHED,0,0,0,1,93b0d792f5a3442b68c9bd1b197f33f989535a3779f907122c19bbd7a6d16c7a,WORKTREE
bch.s2.impairment.result.v1,S2_07,BURST,BCH-B300-426,WHOLE_BLOCK_SHORTENED,BERLEKAMP_MASSEY_CHIEN,300,426,0.70422535211267601,0,-1.5228834438305652,2,0,0,NONE,0,0,1,UNIFORM_RANDOM,PURE,14,ONE_BEFORE_SEGMENT_BOUNDARY,POST_HARD_DECISION_BIT_FLIP,0,5000,1500000,70000,5000,0.032863849765258218,0,0,0,0,5000,1,5000,1,0,0,0,0,147.85888000000014,135.80000000000001,192.90500000000003,375.62700000000058,784.89999999999998,150.1834999999999,0,0,0,FIXED_FRAMES_REACHED,0,0,0,1,467c92e463bc0af44f937b4b9e57a850c55317dd973f8cc691fd476995bcafe1,WORKTREE
bch.s2.impairment.result.v1,S2_07,BURST,BCH-B300-426,WHOLE_BLOCK_SHORTENED,BERLEKAMP_MASSEY_CHIEN,300,426,0.70422535211267601,0,-1.5228834438305652,2,0,0,NONE,0,0,1,UNIFORM_RANDOM,PURE,14,ON_SEGMENT_BOUNDARY,POST_HARD_DECISION_BIT_FLIP,0,5000,1500000,70000,5000,0.032863849765258218,0,0,0,0,5000,1,5000,1,0,0,0,0,191.59083999999999,153.80000000000001,344.71000000000004,765.30400000000009,10423.799999999999,195.64742000000038,0,0,0,FIXED_FRAMES_REACHED,0,0,0,1,bad70ac8b29b84f66d426a9bbd0e03caaecb3c6f59bf310a4780ae689fb3e574,WORKTREE
bch.s2.impairment.result.v1,S2_07,BURST,BCH-B300-426,WHOLE_BLOCK_SHORTENED,BERLEKAMP_MASSEY_CHIEN,300,426,0.70422535211267601,0,-1.5228834438305652,2,0,0,NONE,0,0,1,UNIFORM_RANDOM,PURE,14,UNIFORM_RANDOM,POST_HARD_DECISION_BIT_FLIP,0,5000,1500000,70000,5000,0.032863849765258218,0,0,0,0,5000,1,5000,1,0,0,0,0,145.35529999999969,134.80000000000001,189.70499999999998,300.02000000000044,3820.1999999999998,147.61808000000022,0,0,0,FIXED_FRAMES_REACHED,0,0,0,1,8c8dca4e2a8ef17e95779192d20327ef503ac077045879cda869d47df8dd049e,WORKTREE
bch.s2.impairment.result.v1,S2_07,BURST,BCH-B300-426,WHOLE_BLOCK_SHORTENED,BERLEKAMP_MASSEY_CHIEN,300,426,0.70422535211267601,0,-1.5228834438305652,2,0,0,NONE,0,0,1,UNIFORM_RANDOM,PURE,15,FRAME_START,POST_HARD_DECISION_BIT_FLIP,0,5000,1500000,75000,5000,0.035211267605633804,75000,5000,0.050000000000000003,1,0,0,0,0,0,0,5000,1,147.71845999999996,138.44999999999999,202.00500000000002,373.82500000000056,1336.4000000000001,149.81147999999999,0,0,0,FIXED_FRAMES_REACHED,0,0,0,1,51efe961766816ba05e6b85d1654f8ff0e1f298e3530a6eaef42a14fdc9548be,WORKTREE
bch.s2.impairment.result.v1,S2_07,BURST,BCH-B300-426,WHOLE_BLOCK_SHORTENED,BERLEKAMP_MASSEY_CHIEN,300,426,0.70422535211267601,0,-1.5228834438305652,2,0,0,NONE,0,0,1,UNIFORM_RANDOM,PURE,15,FRAME_END,POST_HARD_DECISION_BIT_FLIP,0,5000,1500000,75000,5000,0.035211267605633804,0,0,0,0,5000,1,0,0,0,0,5000,1,175.71912000000034,149.90000000000001,299.53500000000014,679.38400000000183,5166.8000000000002,178.50634000000045,0,0,0,FIXED_FRAMES_REACHED,0,0,0,1,af0e596f1a1075b8779c739523e804986c7df75f4a7dadb0ba73ac6f9a181403,WORKTREE
bch.s2.impairment.result.v1,S2_07,BURST,BCH-B300-426,WHOLE_BLOCK_SHORTENED,BERLEKAMP_MASSEY_CHIEN,300,426,0.70422535211267601,0,-1.5228834438305652,2,0,0,NONE,0,0,1,UNIFORM_RANDOM,PURE,15,SEGMENT_INTERIOR,POST_HARD_DECISION_BIT_FLIP,0,5000,1500000,75000,5000,0.035211267605633804,75000,5000,0.050000000000000003,1,0,0,0,0,0,0,5000,1,145.38265999999993,139.19999999999999,187.30000000000001,314.70099999999996,858.60000000000002,147.62371999999982,0,0,0,FIXED_FRAMES_REACHED,0,0,0,1,57c12139ca59851838815860d602c65e8e1ce67c7fd42ec9718b39e09caefd92,WORKTREE
bch.s2.impairment.result.v1,S2_07,BURST,BCH-B300-426,WHOLE_BLOCK_SHORTENED,BERLEKAMP_MASSEY_CHIEN,300,426,0.70422535211267601,0,-1.5228834438305652,2,0,0,NONE,0,0,1,UNIFORM_RANDOM,PURE,15,ONE_BEFORE_SEGMENT_BOUNDARY,POST_HARD_DECISION_BIT_FLIP,0,5000,1500000,75000,5000,0.035211267605633804,75000,5000,0.050000000000000003,1,0,0,0,0,0,0,5000,1,159.50966000000037,143.85000000000002,227.33000000000013,541.90500000000009,7172.1999999999998,161.93176000000025,0,0,0,FIXED_FRAMES_REACHED,0,0,0,1,69626c576b70a335829492e698e61acc6d84671ac3ac9de8c941882db44cc1c4,WORKTREE
bch.s2.impairment.result.v1,S2_07,BURST,BCH-B300-426,WHOLE_BLOCK_SHORTENED,BERLEKAMP_MASSEY_CHIEN,300,426,0.70422535211267601,0,-1.5228834438305652,2,0,0,NONE,0,0,1,UNIFORM_RANDOM,PURE,15,ON_SEGMENT_BOUNDARY,POST_HARD_DECISION_BIT_FLIP,0,5000,1500000,75000,5000,0.035211267605633804,75000,5000,0.050000000000000003,1,0,0,0,0,0,0,5000,1,151.21793999999974,143.59999999999999,202.11000000000001,412.01800000000037,1544.7,153.5452200000006,0,0,0,FIXED_FRAMES_REACHED,0,0,0,1,fb13bd0ce1328b60612334ec809b3e811cd5155056a824b6d4a2c2255c51f2a1,WORKTREE
bch.s2.impairment.result.v1,S2_07,BURST,BCH-B300-426,WHOLE_BLOCK_SHORTENED,BERLEKAMP_MASSEY_CHIEN,300,426,0.70422535211267601,0,-1.5228834438305652,2,0,0,NONE,0,0,1,UNIFORM_RANDOM,PURE,15,UNIFORM_RANDOM,POST_HARD_DECISION_BIT_FLIP,0,5000,1500000,75000,5000,0.035211267605633804,53232,3631,0.035487999999999999,0.72619999999999996,1369,0.27379999999999999,0,0,0,0,5000,1,154.35253999999992,145.19999999999999,214.69999999999999,431.91100000000023,1024.3,156.80702000000019,0,0,0,FIXED_FRAMES_REACHED,0,0,0,1,34a2e0a06431c3bc6ce631d046d582709b6f6cdc22fec1a8085bbd93b506d77f,WORKTREE
bch.s2.impairment.result.v1,S2_07,BURST,BCH-B300-426,WHOLE_BLOCK_SHORTENED,BERLEKAMP_MASSEY_CHIEN,300,426,0.70422535211267601,0,-1.5228834438305652,2,0,0,NONE,0,0,1,UNIFORM_RANDOM,PURE,16,FRAME_START,POST_HARD_DECISION_BIT_FLIP,0,5000,1500000,80000,5000,0.037558685446009391,80000,5000,0.053333333333333337,1,0,0,0,0,0,0,5000,1,186.05936000000017,155.5,331.74000000000012,721.41700000000026,5643,189.21583999999996,0,0,0,FIXED_FRAMES_REACHED,0,0,0,1,8ef0b225f361a1e1608304bd1a83fd2cfc7e6055f94844fc2471bd30c80014ec,WORKTREE
bch.s2.impairment.result.v1,S2_07,BURST,BCH-B300-426,WHOLE_BLOCK_SHORTENED,BERLEKAMP_MASSEY_CHIEN,300,426,0.70422535211267601,0,-1.5228834438305652,2,0,0,NONE,0,0,1,UNIFORM_RANDOM,PURE,16,FRAME_END,POST_HARD_DECISION_BIT_FLIP,0,5000,1500000,80000,5000,0.037558685446009391,0,0,0,0,5000,1,0,0,0,0,5000,1,151.02925999999991,145.30000000000001,199.91000000000005,408.61700000000036,2378.5,153.33315999999962,0,0,0,FIXED_FRAMES_REACHED,0,0,0,1,43f7d2f21d6c4834b56a7412eff1b819822ecaf752f6c62471643d45292d1714,WORKTREE
bch.s2.impairment.result.v1,S2_07,BURST,BCH-B300-426,WHOLE_BLOCK_SHORTENED,BERLEKAMP_MASSEY_CHIEN,300,426,0.70422535211267601,0,-1.5228834438305652,2,0,0,NONE,0,0,1,UNIFORM_RANDOM,PURE,16,SEGMENT_INTERIOR,POST_HARD_DECISION_BIT_FLIP,0,5000,1500000,80000,5000,0.037558685446009391,80000,5000,0.053333333333333337,1,0,0,0,0,0,0,5000,1,223.54444000000012,158.30000000000001,436.12000000000012,1289.1980000000021,13004.700000000001,227.47242000000006,0,0,0,FIXED_FRAMES_REACHED,0,0,0,1,2706e1e079d6f5fc706700e76786755738e2d21fd41250c9362645e7d82186e8,WORKTREE
bch.s2.impairment.result.v1,S2_07,BURST,BCH-B300-426,WHOLE_BLOCK_SHORTENED,BERLEKAMP_MASSEY_CHIEN,300,426,0.70422535211267601,0,-1.5228834438305652,2,0,0,NONE,0,0,1,UNIFORM_RANDOM,PURE,16,ONE_BEFORE_SEGMENT_BOUNDARY,POST_HARD_DECISION_BIT_FLIP,0,5000,1500000,80000,5000,0.037558685446009391,80000,5000,0.053333333333333337,1,0,0,0,0,0,0,5000,1,205.30630000000011,154.90000000000001,384.30500000000006,1145.0090000000002,10562.299999999999,208.46592000000052,0,0,0,FIXED_FRAMES_REACHED,0,0,0,1,9ddcbb0a4bc63730f2993926f5830607d374a3b82d2e087907158ba81b276549,WORKTREE
bch.s2.impairment.result.v1,S2_07,BURST,BCH-B300-426,WHOLE_BLOCK_SHORTENED,BERLEKAMP_MASSEY_CHIEN,300,426,0.70422535211267601,0,-1.5228834438305652,2,0,0,NONE,0,0,1,UNIFORM_RANDOM,PURE,16,ON_SEGMENT_BOUNDARY,POST_HARD_DECISION_BIT_FLIP,0,5000,1500000,80000,5000,0.037558685446009391,80000,5000,0.053333333333333337,1,0,0,0,0,0,0,5000,1,205.04507999999959,156.05000000000001,394.60000000000002,994.17300000000375,18650.700000000001,208.43640000000022,0,0,0,FIXED_FRAMES_REACHED,0,0,0,1,a39fee714ef346d906fc4ad1aae74cc6149ef7285b57d52b0e7dc9d2447eaf7f,WORKTREE
bch.s2.impairment.result.v1,S2_07,BURST,BCH-B300-426,WHOLE_BLOCK_SHORTENED,BERLEKAMP_MASSEY_CHIEN,300,426,0.70422535211267601,0,-1.5228834438305652,2,0,0,NONE,0,0,1,UNIFORM_RANDOM,PURE,16,UNIFORM_RANDOM,POST_HARD_DECISION_BIT_FLIP,0,5000,1500000,80000,5000,0.037558685446009391,57040,3650,0.038026666666666667,0.72999999999999998,1350,0.27000000000000002,0,0,0,0,5000,1,176.60133999999991,154.19999999999999,282.56500000000023,611.51200000000028,6713.3000000000002,179.83637999999965,0,0,0,FIXED_FRAMES_REACHED,0,0,0,1,7bd1bd99202241c26ea9ce27bfc256e265776deea82255e1f62a8a65a3ff4c3a,WORKTREE
bch.s2.impairment.result.v1,S2_07,BURST,BCH-B300-426,WHOLE_BLOCK_SHORTENED,BERLEKAMP_MASSEY_CHIEN,300,426,0.70422535211267601,0,-1.5228834438305652,2,0,0,NONE,0,0,1,UNIFORM_RANDOM,PURE,20,FRAME_START,POST_HARD_DECISION_BIT_FLIP,0,5000,1500000,100000,5000,0.046948356807511735,100000,5000,0.066666666666666666,1,0,0,0,0,0,0,5000,1,207.87369999999996,154.30000000000001,346.37000000000029,1150.7160000000006,10493.9,210.77628000000021,0,0,0,FIXED_FRAMES_REACHED,0,0,0,1,4174a4a34da40e0c530a5cfaa866f5796631e922a85f3ff2f5f04918d4bd8f58,WORKTREE
bch.s2.impairment.result.v1,S2_07,BURST,BCH-B300-426,WHOLE_BLOCK_SHORTENED,BERLEKAMP_MASSEY_CHIEN,300,426,0.70422535211267601,0,-1.5228834438305652,2,0,0,NONE,0,0,1,UNIFORM_RANDOM,PURE,20,FRAME_END,POST_HARD_DECISION_BIT_FLIP,0,5000,1500000,100000,5000,0.046948356807511735,0,0,0,0,5000,1,0,0,0,0,5000,1,184.89843999999979,149.59999999999999,323.8450000000002,747.88200000000177,20869.099999999999,187.78002000000029,0,0,0,FIXED_FRAMES_REACHED,0,0,0,1,57fb60bac1b994239b9727b46d29797199085a98ddadac473417e558a3fd62ad,WORKTREE
bch.s2.impairment.result.v1,S2_07,BURST,BCH-B300-426,WHOLE_BLOCK_SHORTENED,BERLEKAMP_MASSEY_CHIEN,300,426,0.70422535211267601,0,-1.5228834438305652,2,0,0,NONE,0,0,1,UNIFORM_RANDOM,PURE,20,SEGMENT_INTERIOR,POST_HARD_DECISION_BIT_FLIP,0,5000,1500000,100000,5000,0.046948356807511735,100000,5000,0.066666666666666666,1,0,0,0,0,0,0,5000,1,182.37371999999993,151.80000000000001,300.12500000000011,764.11100000000681,6767.3999999999996,185.31398000000002,0,0,0,FIXED_FRAMES_REACHED,0,0,0,1,47e6a1ad4175e1ada16784452a6db756994bfd7338999e6b282653091b9fdfc1,WORKTREE
bch.s2.impairment.result.v1,S2_07,BURST,BCH-B300-426,WHOLE_BLOCK_SHORTENED,BERLEKAMP_MASSEY_CHIEN,300,426,0.70422535211267601,0,-1.5228834438305652,2,0,0,NONE,0,0,1,UNIFORM_RANDOM,PURE,20,ONE_BEFORE_SEGMENT_BOUNDARY,POST_HARD_DECISION_BIT_FLIP,0,5000,1500000,100000,5000,0.046948356807511735,100000,5000,0.066666666666666666,1,0,0,0,0,0,0,5000,1,190.73467999999997,153.59999999999999,372.14000000000021,833.71900000000039,6628.8000000000002,193.9065599999997,0,0,0,FIXED_FRAMES_REACHED,0,0,0,1,578c8585d666910b80f821a745e4ca5ce22850dffc8694e045694a0c9ed48fc9,WORKTREE
bch.s2.impairment.result.v1,S2_07,BURST,BCH-B300-426,WHOLE_BLOCK_SHORTENED,BERLEKAMP_MASSEY_CHIEN,300,426,0.70422535211267601,0,-1.5228834438305652,2,0,0,NONE,0,0,1,UNIFORM_RANDOM,PURE,20,ON_SEGMENT_BOUNDARY,POST_HARD_DECISION_BIT_FLIP,0,5000,1500000,100000,5000,0.046948356807511735,100000,5000,0.066666666666666666,1,0,0,0,0,0,0,5000,1,152.62999999999985,142.85000000000002,219.80500000000004,437.71100000000018,1633.5,155.04824000000016,0,0,0,FIXED_FRAMES_REACHED,0,0,0,1,eef29b345ad8d7cdaa4da0c95e5b5e2beb6d3adad23d2fd83bf0cf045f4fc993,WORKTREE
bch.s2.impairment.result.v1,S2_07,BURST,BCH-B300-426,WHOLE_BLOCK_SHORTENED,BERLEKAMP_MASSEY_CHIEN,300,426,0.70422535211267601,0,-1.5228834438305652,2,0,0,NONE,0,0,1,UNIFORM_RANDOM,PURE,20,UNIFORM_RANDOM,POST_HARD_DECISION_BIT_FLIP,0,5000,1500000,100000,5000,0.046948356807511735,72668,3746,0.048445333333333333,0.74919999999999998,1254,0.25080000000000002,0,0,0,0,5000,1,162.6201999999999,146.5,244.72500000000008,654.66000000000133,2417.9000000000001,165.67545999999953,0,0,0,FIXED_FRAMES_REACHED,0,0,0,1,8a270ccaa3501c3609d74494318fa2fe6962159e876551eba58bd08a6b3c4d57,WORKTREE
bch.s2.impairment.result.v1,S2_07,BURST,BCH-B300-426,WHOLE_BLOCK_SHORTENED,BERLEKAMP_MASSEY_CHIEN,300,426,0.70422535211267601,0,-1.5228834438305652,2,0,0,NONE,0,0,1,UNIFORM_RANDOM,PURE,24,FRAME_START,POST_HARD_DECISION_BIT_FLIP,0,5000,1500000,120000,5000,0.056338028169014086,120000,5000,0.080000000000000002,1,0,0,0,0,0,0,5000,1,171.18426000000028,151.14999999999998,259.55500000000018,707.2300000000007,1974.4000000000001,174.17138000000048,0,0,0,FIXED_FRAMES_REACHED,0,0,0,1,752b457b6ce6e4ad08eacfb973762e111d27aea21a7ff1eddfaa5f743ac21bb8,WORKTREE
bch.s2.impairment.result.v1,S2_07,BURST,BCH-B300-426,WHOLE_BLOCK_SHORTENED,BERLEKAMP_MASSEY_CHIEN,300,426,0.70422535211267601,0,-1.5228834438305652,2,0,0,NONE,0,0,1,UNIFORM_RANDOM,PURE,24,FRAME_END,POST_HARD_DECISION_BIT_FLIP,0,5000,1500000,120000,5000,0.056338028169014086,0,0,0,0,5000,1,0,0,0,0,5000,1,189.08155999999988,155.44999999999999,322.90500000000043,813.21600000000262,6989.5,192.1093399999998,0,0,0,FIXED_FRAMES_REACHED,0,0,0,1,04871e4bb007276b61d279dffa393fe34e93cd8fb3d283fb961376dffcd09048,WORKTREE
bch.s2.impairment.result.v1,S2_07,BURST,BCH-B300-426,WHOLE_BLOCK_SHORTENED,BERLEKAMP_MASSEY_CHIEN,300,426,0.70422535211267601,0,-1.5228834438305652,2,0,0,NONE,0,0,1,UNIFORM_RANDOM,PURE,24,SEGMENT_INTERIOR,POST_HARD_DECISION_BIT_FLIP,0,5000,1500000,120000,5000,0.056338028169014086,120000,5000,0.080000000000000002,1,0,0,0,0,0,0,5000,1,170.61717999999959,150.90000000000001,260.60500000000002,628.11400000000037,3256.5,173.41490000000033,0,0,0,FIXED_FRAMES_REACHED,0,0,0,1,0c37124f96a2900c627a7ef4d420ca1274c47bd82e1632741e5d7256c97f78b4,WORKTREE
bch.s2.impairment.result.v1,S2_07,BURST,BCH-B300-426,WHOLE_BLOCK_SHORTENED,BERLEKAMP_MASSEY_CHIEN,300,426,0.70422535211267601,0,-1.5228834438305652,2,0,0,NONE,0,0,1,UNIFORM_RANDOM,PURE,24,ONE_BEFORE_SEGMENT_BOUNDARY,POST_HARD_DECISION_BIT_FLIP,0,5000,1500000,120000,5000,0.056338028169014086,120000,5000,0.080000000000000002,1,0,0,0,0,0,0,5000,1,168.18161999999938,152.69999999999999,245.62500000000009,625.30400000000009,3032.1999999999998,170.86841999999996,0,0,0,FIXED_FRAMES_REACHED,0,0,0,1,7f709f1b9caaead25f615dbd37cf9dc8a3de898862db88f3f00ed5dbc9a611a2,WORKTREE
bch.s2.impairment.result.v1,S2_07,BURST,BCH-B300-426,WHOLE_BLOCK_SHORTENED,BERLEKAMP_MASSEY_CHIEN,300,426,0.70422535211267601,0,-1.5228834438305652,2,0,0,NONE,0,0,1,UNIFORM_RANDOM,PURE,24,ON_SEGMENT_BOUNDARY,POST_HARD_DECISION_BIT_FLIP,0,5000,1500000,120000,5000,0.056338028169014086,120000,5000,0.080000000000000002,1,0,0,0,0,0,0,5000,1,152.92179999999988,143.25,211.81000000000006,461.41700000000037,1706.5999999999999,155.43838000000025,0,0,0,FIXED_FRAMES_REACHED,0,0,0,1,6fe2076755ab38378d3480457a6d2e50213604500df34ad058cd24d3ae2ba813,WORKTREE
bch.s2.impairment.result.v1,S2_07,BURST,BCH-B300-426,WHOLE_BLOCK_SHORTENED,BERLEKAMP_MASSEY_CHIEN,300,426,0.70422535211267601,0,-1.5228834438305652,2,0,0,NONE,0,0,1,UNIFORM_RANDOM,PURE,24,UNIFORM_RANDOM,POST_HARD_DECISION_BIT_FLIP,0,5000,1500000,120000,5000,0.056338028169014086,86082,3741,0.057388000000000002,0.74819999999999998,1259,0.25180000000000002,0,0,0,0,5000,1,152.02650000000034,144.5,208.7350000000001,449.02100000000047,1565.3,154.50970000000032,0,0,0,FIXED_FRAMES_REACHED,0,0,0,1,ad7441f640914365fdf6b77c02d09b9ba1751d7026ff81eaef47c4e9cd94044d,WORKTREE
bch.s2.impairment.result.v1,S2_07,BURST,BCH-B300-426,WHOLE_BLOCK_SHORTENED,BERLEKAMP_MASSEY_CHIEN,300,426,0.70422535211267601,0,-1.5228834438305652,2,0,0,NONE,0,0,1,UNIFORM_RANDOM,PURE,29,FRAME_START,POST_HARD_DECISION_BIT_FLIP,0,5000,1500000,145000,5000,0.068075117370892016,145000,5000,0.096666666666666665,1,0,0,0,0,0,0,5000,1,159.7828200000005,148.40000000000001,218.90500000000003,468.83700000000084,3021.1999999999998,162.27049999999952,0,0,0,FIXED_FRAMES_REACHED,0,0,0,1,4df727e521e684d609dc2f75c6e38d4c0b7d365570d9af6c33e6145a0a93484b,WORKTREE
bch.s2.impairment.result.v1,S2_07,BURST,BCH-B300-426,WHOLE_BLOCK_SHORTENED,BERLEKAMP_MASSEY_CHIEN,300,426,0.70422535211267601,0,-1.5228834438305652,2,0,0,NONE,0,0,1,UNIFORM_RANDOM,PURE,29,FRAME_END,POST_HARD_DECISION_BIT_FLIP,0,5000,1500000,145000,5000,0.068075117370892016,0,0,0,0,5000,1,0,0,0,0,5000,1,151.59030000000027,140.40000000000001,210.10500000000002,473.31900000000047,1947.9000000000001,153.96864000000076,0,0,0,FIXED_FRAMES_REACHED,0,0,0,1,521ae4d7a3e1b438fdb57d622db5c27aaa01b1e33f1588a426948973db06f56c,WORKTREE
bch.s2.impairment.result.v1,S2_07,BURST,BCH-B300-426,WHOLE_BLOCK_SHORTENED,BERLEKAMP_MASSEY_CHIEN,300,426,0.70422535211267601,0,-1.5228834438305652,2,0,0,NONE,0,0,1,UNIFORM_RANDOM,PURE,29,SEGMENT_INTERIOR,POST_HARD_DECISION_BIT_FLIP,0,5000,1500000,145000,5000,0.068075117370892016,145000,5000,0.096666666666666665,1,0,0,0,0,0,0,5000,1,177.42953999999995,151,285.12000000000074,789.41400000000465,4389.1000000000004,180.29093999999998,0,0,0,FIXED_FRAMES_REACHED,0,0,0,1,4da9488111c3b301a40684eb58bdd2a7d59b1ec6888261f68ea3415e052e989b,WORKTREE
bch.s2.impairment.result.v1,S2_07,BURST,BCH-B300-426,WHOLE_BLOCK_SHORTENED,BERLEKAMP_MASSEY_CHIEN,300,426,0.70422535211267601,0,-1.5228834438305652,2,0,0,NONE,0,0,1,UNIFORM_RANDOM,PURE,29,ONE_BEFORE_SEGMENT_BOUNDARY,POST_HARD_DECISION_BIT_FLIP,0,5000,1500000,145000,5000,0.068075117370892016,145000,5000,0.096666666666666665,1,0,0,0,0,0,0,5000,1,217.81299999999953,155.59999999999999,405.1500000000002,1077.7670000000016,44760.400000000001,221.45276000000018,0,0,0,FIXED_FRAMES_REACHED,0,0,0,1,5aa0a99b316e974df9a09f7999c3dbea30ad16df4ea76f562838b4d3485b441c,WORKTREE
bch.s2.impairment.result.v1,S2_07,BURST,BCH-B300-426,WHOLE_BLOCK_SHORTENED,BERLEKAMP_MASSEY_CHIEN,300,426,0.70422535211267601,0,-1.5228834438305652,2,0,0,NONE,0,0,1,UNIFORM_RANDOM,PURE,29,ON_SEGMENT_BOUNDARY,POST_HARD_DECISION_BIT_FLIP,0,5000,1500000,145000,5000,0.068075117370892016,145000,5000,0.096666666666666665,1,0,0,0,0,0,0,5000,1,163.39089999999999,147.80000000000001,235.30000000000001,625.00600000000009,6478.3000000000002,166.07145999999958,0,0,0,FIXED_FRAMES_REACHED,0,0,0,1,cb2148be72c5d0e200a4bd9fd1f5515fd828fdc49ed0d040fe3d4572ea4efbb8,WORKTREE
bch.s2.impairment.result.v1,S2_07,BURST,BCH-B300-426,WHOLE_BLOCK_SHORTENED,BERLEKAMP_MASSEY_CHIEN,300,426,0.70422535211267601,0,-1.5228834438305652,2,0,0,NONE,0,0,1,UNIFORM_RANDOM,PURE,29,UNIFORM_RANDOM,POST_HARD_DECISION_BIT_FLIP,0,5000,1500000,145000,5000,0.068075117370892016,103156,3730,0.068770666666666661,0.746,1270,0.254,0,0,0,0,5000,1,170.34834000000049,149.69999999999999,272.52500000000009,741.92200000000037,3093.4000000000001,173.38962000000018,0,0,0,FIXED_FRAMES_REACHED,0,0,0,1,482c2ef1320fa102af094ec2818abe65438f107f98be5ca0d8b6ad6a0190476d,WORKTREE
bch.s2.impairment.result.v1,S2_07,BURST,BCH-B300-426,WHOLE_BLOCK_SHORTENED,BERLEKAMP_MASSEY_CHIEN,300,426,0.70422535211267601,0,-1.5228834438305652,2,0,0,NONE,0,0,1,UNIFORM_RANDOM,PURE,30,FRAME_START,POST_HARD_DECISION_BIT_FLIP,0,5000,1500000,150000,5000,0.070422535211267609,150000,5000,0.10000000000000001,1,0,0,0,0,0,0,5000,1,173.33974000000018,147,268.91500000000002,728.49800000000653,6337.8999999999996,176.00012000000004,0,0,0,FIXED_FRAMES_REACHED,0,0,0,1,9286c20cc39ea6df9ea86fadbc4a495a2773ab462ed9ce95b34cc1ea1720721c,WORKTREE
bch.s2.impairment.result.v1,S2_07,BURST,BCH-B300-426,WHOLE_BLOCK_SHORTENED,BERLEKAMP_MASSEY_CHIEN,300,426,0.70422535211267601,0,-1.5228834438305652,2,0,0,NONE,0,0,1,UNIFORM_RANDOM,PURE,30,FRAME_END,POST_HARD_DECISION_BIT_FLIP,0,5000,1500000,150000,5000,0.070422535211267609,0,0,0,0,5000,1,0,0,0,0,5000,1,157.6317999999998,145.80000000000001,223.70499999999998,563.6460000000011,1447.5,160.14027999999971,0,0,0,FIXED_FRAMES_REACHED,0,0,0,1,167f59cdd8674f661ab853a752db43310f7b00a94036918de60e16abf8e3c49b,WORKTREE
bch.s2.impairment.result.v1,S2_07,BURST,BCH-B300-426,WHOLE_BLOCK_SHORTENED,BERLEKAMP_MASSEY_CHIEN,300,426,0.70422535211267601,0,-1.5228834438305652,2,0,0,NONE,0,0,1,UNIFORM_RANDOM,PURE,30,SEGMENT_INTERIOR,POST_HARD_DECISION_BIT_FLIP,0,5000,1500000,150000,5000,0.070422535211267609,150000,5000,0.10000000000000001,1,0,0,0,0,0,0,5000,1,178.04143999999926,147.90000000000001,325.60000000000002,771.70300000000009,3872.0999999999999,180.88797999999949,0,0,0,FIXED_FRAMES_REACHED,0,0,0,1,7653203cc18ea4520629a61f255b4957b87f8fa1105e9f67f3c918c622bf3e54,WORKTREE
bch.s2.impairment.result.v1,S2_07,BURST,BCH-B300-426,WHOLE_BLOCK_SHORTENED,BERLEKAMP_MASSEY_CHIEN,300,426,0.70422535211267601,0,-1.5228834438305652,2,0,0,NONE,0,0,1,UNIFORM_RANDOM,PURE,30,ONE_BEFORE_SEGMENT_BOUNDARY,POST_HARD_DECISION_BIT_FLIP,0,5000,1500000,150000,5000,0.070422535211267609,150000,5000,0.10000000000000001,1,0,0,0,0,0,0,5000,1,165.97982000000022,144.90000000000001,246.60500000000002,685.17300000000171,4421.8999999999996,168.58562000000052,0,0,0,FIXED_FRAMES_REACHED,0,0,0,1,a89cd6a9d402f7f48fe89b5edfdecf0ddebbe9f0f587d55d2e509f39dbbc1a85,WORKTREE
bch.s2.impairment.result.v1,S2_07,BURST,BCH-B300-426,WHOLE_BLOCK_SHORTENED,BERLEKAMP_MASSEY_CHIEN,300,426,0.70422535211267601,0,-1.5228834438305652,2,0,0,NONE,0,0,1,UNIFORM_RANDOM,PURE,30,ON_SEGMENT_BOUNDARY,POST_HARD_DECISION_BIT_FLIP,0,5000,1500000,150000,5000,0.070422535211267609,150000,5000,0.10000000000000001,1,0,0,0,0,0,0,5000,1,161.22608000000031,146.35000000000002,244.90500000000003,543.80700000000013,1535.4000000000001,164.07139999999973,0,0,0,FIXED_FRAMES_REACHED,0,0,0,1,77f1b1b38f53c714cdb6249b0d0a2bd563fa6d635b0f094617545daa7f03083b,WORKTREE
bch.s2.impairment.result.v1,S2_07,BURST,BCH-B300-426,WHOLE_BLOCK_SHORTENED,BERLEKAMP_MASSEY_CHIEN,300,426,0.70422535211267601,0,-1.5228834438305652,2,0,0,NONE,0,0,1,UNIFORM_RANDOM,PURE,30,UNIFORM_RANDOM,POST_HARD_DECISION_BIT_FLIP,0,5000,1500000,150000,5000,0.070422535211267609,108083,3773,0.072055333333333332,0.75460000000000005,1227,0.24540000000000001,0,0,0,0,5000,1,160.10344000000018,146.09999999999999,237.91000000000005,571.17200000000162,2932.4000000000001,162.87419999999983,0,0,0,FIXED_FRAMES_REACHED,0,0,0,1,0c5bbc6aa8658c182dadc8d7f290103427cc8bc86428b75c16be7753549902f7,WORKTREE
bch.s2.impairment.result.v1,S2_07,BURST,BCH-B300-426,WHOLE_BLOCK_SHORTENED,BERLEKAMP_MASSEY_CHIEN,300,426,0.70422535211267601,0,-1.5228834438305652,2,0,0,NONE,0,0,1,UNIFORM_RANDOM,PURE,31,FRAME_START,POST_HARD_DECISION_BIT_FLIP,0,5000,1500000,155000,5000,0.072769953051643188,155000,5000,0.10333333333333333,1,0,0,0,0,0,0,5000,1,157.67290000000003,145.59999999999999,238.21500000000003,552.21600000000035,1654.0999999999999,160.28868000000023,0,0,0,FIXED_FRAMES_REACHED,0,0,0,1,a6a347b0ac8eb052634bcaaf5c9886400b00b07b27f0a1087dfa6a1aa7f53b4f,WORKTREE
bch.s2.impairment.result.v1,S2_07,BURST,BCH-B300-426,WHOLE_BLOCK_SHORTENED,BERLEKAMP_MASSEY_CHIEN,300,426,0.70422535211267601,0,-1.5228834438305652,2,0,0,NONE,0,0,1,UNIFORM_RANDOM,PURE,31,FRAME_END,POST_HARD_DECISION_BIT_FLIP,0,5000,1500000,155000,5000,0.072769953051643188,0,0,0,0,5000,1,0,0,0,0,5000,1,152.3586,142.40000000000001,211.25500000000017,530.0710000000015,1812.8,154.71016,0,0,0,FIXED_FRAMES_REACHED,0,0,0,1,0a0a9afbf99071911c365ed72558144c527a3ae5a872993a8ca8211d368c6642,WORKTREE
bch.s2.impairment.result.v1,S2_07,BURST,BCH-B300-426,WHOLE_BLOCK_SHORTENED,BERLEKAMP_MASSEY_CHIEN,300,426,0.70422535211267601,0,-1.5228834438305652,2,0,0,NONE,0,0,1,UNIFORM_RANDOM,PURE,31,SEGMENT_INTERIOR,POST_HARD_DECISION_BIT_FLIP,0,5000,1500000,155000,5000,0.072769953051643188,155000,5000,0.10333333333333333,1,0,0,0,0,0,0,5000,1,153.83456000000032,143.5,223.75000000000017,471.21100000000018,1223,156.19769999999986,0,0,0,FIXED_FRAMES_REACHED,0,0,0,1,29599765c76a7f3a65adc0b4d513f4239f521885f1b6f7ff9d1521d2959ae91c,WORKTREE
bch.s2.impairment.result.v1,S2_07,BURST,BCH-B300-426,WHOLE_BLOCK_SHORTENED,BERLEKAMP_MASSEY_CHIEN,300,426,0.70422535211267601,0,-1.5228834438305652,2,0,0,NONE,0,0,1,UNIFORM_RANDOM,PURE,31,ONE_BEFORE_SEGMENT_BOUNDARY,POST_HARD_DECISION_BIT_FLIP,0,5000,1500000,155000,5000,0.072769953051643188,155000,5000,0.10333333333333333,1,0,0,0,0,0,0,5000,1,159.5194000000003,134.80000000000001,228.70499999999998,571.11500000000035,13352.1,162.24551999999989,0,0,0,FIXED_FRAMES_REACHED,0,0,0,1,a705863c68dd88808bde22fa6f113a8cabe3e7c6b8ae26978da33bbe36a82220,WORKTREE
bch.s2.impairment.result.v1,S2_07,BURST,BCH-B300-426,WHOLE_BLOCK_SHORTENED,BERLEKAMP_MASSEY_CHIEN,300,426,0.70422535211267601,0,-1.5228834438305652,2,0,0,NONE,0,0,1,UNIFORM_RANDOM,PURE,31,ON_SEGMENT_BOUNDARY,POST_HARD_DECISION_BIT_FLIP,0,5000,1500000,155000,5000,0.072769953051643188,155000,5000,0.10333333333333333,1,0,0,0,0,0,0,5000,1,149.0589599999997,140.59999999999999,199.40500000000003,434.25200000000331,1879.5,151.3248399999998,0,0,0,FIXED_FRAMES_REACHED,0,0,0,1,56bb30e4ddba31ae950acedfb97ebe56c188173f9c23af232b64e4dacfe755c6,WORKTREE
bch.s2.impairment.result.v1,S2_07,BURST,BCH-B300-426,WHOLE_BLOCK_SHORTENED,BERLEKAMP_MASSEY_CHIEN,300,426,0.70422535211267601,0,-1.5228834438305652,2,0,0,NONE,0,0,1,UNIFORM_RANDOM,PURE,31,UNIFORM_RANDOM,POST_HARD_DECISION_BIT_FLIP,0,5000,1500000,155000,5000,0.072769953051643188,111219,3772,0.074146000000000004,0.75439999999999996,1228,0.24560000000000001,0,0,0,0,5000,1,167.57084000000063,148,269.10500000000002,715.80600000000015,2684.0999999999999,170.62139999999997,0,0,0,FIXED_FRAMES_REACHED,0,0,0,1,7573013b8c08327ff1ab8b26f957e2e2761b147b5f511e13e4737256031636f0,WORKTREE
bch.s2.impairment.result.v1,S2_07,BURST,BCH-B300-426,WHOLE_BLOCK_SHORTENED,BERLEKAMP_MASSEY_CHIEN,300,426,0.70422535211267601,0,-1.5228834438305652,2,0,0,NONE,0,0,1,UNIFORM_RANDOM,PURE,32,FRAME_START,POST_HARD_DECISION_BIT_FLIP,0,5000,1500000,160000,5000,0.075117370892018781,160000,5000,0.10666666666666667,1,0,0,0,0,0,0,5000,1,140.5808599999998,123.7,184.32000000000011,342.40900000000016,1251.5999999999999,142.59430000000012,0,0,0,FIXED_FRAMES_REACHED,0,0,0,1,6117e668b2789f47f8bd81b17327dff310d8ea8be7a057fad8ef77b26e25f455,WORKTREE
bch.s2.impairment.result.v1,S2_07,BURST,BCH-B300-426,WHOLE_BLOCK_SHORTENED,BERLEKAMP_MASSEY_CHIEN,300,426,0.70422535211267601,0,-1.5228834438305652,2,0,0,NONE,0,0,1,UNIFORM_RANDOM,PURE,32,FRAME_END,POST_HARD_DECISION_BIT_FLIP,0,5000,1500000,160000,5000,0.075117370892018781,0,0,0,0,5000,1,0,0,0,0,5000,1,142.93201999999931,127,184.50500000000002,377.22000000000043,1397.4000000000001,145.06261999999998,0,0,0,FIXED_FRAMES_REACHED,0,0,0,1,e2b7efc447886a7eebe15aed4075880e59e665aed3fbaae727f818fff35b3a02,WORKTREE
bch.s2.impairment.result.v1,S2_07,BURST,BCH-B300-426,WHOLE_BLOCK_SHORTENED,BERLEKAMP_MASSEY_CHIEN,300,426,0.70422535211267601,0,-1.5228834438305652,2,0,0,NONE,0,0,1,UNIFORM_RANDOM,PURE,32,SEGMENT_INTERIOR,POST_HARD_DECISION_BIT_FLIP,0,5000,1500000,160000,5000,0.075117370892018781,160000,5000,0.10666666666666667,1,0,0,0,0,0,0,5000,1,167.02730000000031,148.19999999999999,245.4800000000003,618.41700000000026,5551.3000000000002,169.66659999999959,0,0,0,FIXED_FRAMES_REACHED,0,0,0,1,c229c3e4de0a2ab35de9148c9ac10b8a205de09c6f1930252a27f2b61b059528,WORKTREE
bch.s2.impairment.result.v1,S2_07,BURST,BCH-B300-426,WHOLE_BLOCK_SHORTENED,BERLEKAMP_MASSEY_CHIEN,300,426,0.70422535211267601,0,-1.5228834438305652,2,0,0,NONE,0,0,1,UNIFORM_RANDOM,PURE,32,ONE_BEFORE_SEGMENT_BOUNDARY,POST_HARD_DECISION_BIT_FLIP,0,5000,1500000,160000,5000,0.075117370892018781,160000,5000,0.10666666666666667,1,0,0,0,0,0,0,5000,1,175.44774000000035,150.09999999999999,290.86000000000024,740.96000000000129,6242.1999999999998,178.05151999999956,0,0,0,FIXED_FRAMES_REACHED,0,0,0,1,1e27ecac9b5a31c0a399799d0c7c4eb01fb212fba7add637fb21fdd5e006f572,WORKTREE
bch.s2.impairment.result.v1,S2_07,BURST,BCH-B300-426,WHOLE_BLOCK_SHORTENED,BERLEKAMP_MASSEY_CHIEN,300,426,0.70422535211267601,0,-1.5228834438305652,2,0,0,NONE,0,0,1,UNIFORM_RANDOM,PURE,32,ON_SEGMENT_BOUNDARY,POST_HARD_DECISION_BIT_FLIP,0,5000,1500000,160000,5000,0.075117370892018781,160000,5000,0.10666666666666667,1,0,0,0,0,0,0,5000,1,147.13791999999964,132.80000000000001,201.52500000000009,398.44500000000096,2471.1999999999998,149.41658000000027,0,0,0,FIXED_FRAMES_REACHED,0,0,0,1,6cc6bc1da8c15f44decf2ca90d3d44af18c07163db0e748a9a1657acd3bea9ab,WORKTREE
bch.s2.impairment.result.v1,S2_07,BURST,BCH-B300-426,WHOLE_BLOCK_SHORTENED,BERLEKAMP_MASSEY_CHIEN,300,426,0.70422535211267601,0,-1.5228834438305652,2,0,0,NONE,0,0,1,UNIFORM_RANDOM,PURE,32,UNIFORM_RANDOM,POST_HARD_DECISION_BIT_FLIP,0,5000,1500000,160000,5000,0.075117370892018781,116631,3819,0.077754000000000004,0.76380000000000003,1181,0.23619999999999999,0,0,0,0,5000,1,142.09343999999967,125.2,193.84000000000017,382.70800000000236,1202.4000000000001,144.20481999999978,0,0,0,FIXED_FRAMES_REACHED,0,0,0,1,8f67e6047b2f14547113d0cde37370a333f5f22eb9ab866f01196938c3f54764,WORKTREE
bch.s2.impairment.result.v1,S2_07,BURST,BCH-B300-426,WHOLE_BLOCK_SHORTENED,BERLEKAMP_MASSEY_CHIEN,300,426,0.70422535211267601,0,-1.5228834438305652,2,0,0,NONE,0,0,1,UNIFORM_RANDOM,PURE,48,FRAME_START,POST_HARD_DECISION_BIT_FLIP,0,5000,1500000,240000,5000,0.11267605633802817,240000,5000,0.16,1,0,0,0,0,0,0,5000,1,144.59627999999978,132,195.53500000000014,353.12700000000058,1146.3,146.70853999999991,0,0,0,FIXED_FRAMES_REACHED,0,0,0,1,23b66765a5778a20545a2e1b57a76ce23eb828956d08b7262bb672c4e1462c26,WORKTREE
bch.s2.impairment.result.v1,S2_07,BURST,BCH-B300-426,WHOLE_BLOCK_SHORTENED,BERLEKAMP_MASSEY_CHIEN,300,426,0.70422535211267601,0,-1.5228834438305652,2,0,0,NONE,0,0,1,UNIFORM_RANDOM,PURE,48,FRAME_END,POST_HARD_DECISION_BIT_FLIP,0,5000,1500000,240000,5000,0.11267605633802817,0,0,0,0,5000,1,0,0,0,0,5000,1,142.69786000000065,127.40000000000001,191.72000000000006,338.7050000000001,1424.4000000000001,144.77544000000012,0,0,0,FIXED_FRAMES_REACHED,0,0,0,1,7f162bbf6670a371dd957bdf777621f3eaeb27326b7a4cc9d3f3d1c302651b8e,WORKTREE
bch.s2.impairment.result.v1,S2_07,BURST,BCH-B300-426,WHOLE_BLOCK_SHORTENED,BERLEKAMP_MASSEY_CHIEN,300,426,0.70422535211267601,0,-1.5228834438305652,2,0,0,NONE,0,0,1,UNIFORM_RANDOM,PURE,48,SEGMENT_INTERIOR,POST_HARD_DECISION_BIT_FLIP,0,5000,1500000,240000,5000,0.11267605633802817,240000,5000,0.16,1,0,0,0,0,0,0,5000,1,138.9197000000004,124.59999999999999,183.19999999999999,309.21500000000032,800.5,141.14445999999981,0,0,0,FIXED_FRAMES_REACHED,0,0,0,1,a1aaf20ea0d43690ff4cdd0a6bc20f80fc3b3da640827f92a70a9c284c9a158b,WORKTREE
bch.s2.impairment.result.v1,S2_07,BURST,BCH-B300-426,WHOLE_BLOCK_SHORTENED,BERLEKAMP_MASSEY_CHIEN,300,426,0.70422535211267601,0,-1.5228834438305652,2,0,0,NONE,0,0,1,UNIFORM_RANDOM,PURE,48,ONE_BEFORE_SEGMENT_BOUNDARY,POST_HARD_DECISION_BIT_FLIP,0,5000,1500000,240000,5000,0.11267605633802817,240000,5000,0.16,1,0,0,0,0,0,0,5000,1,137.1557600000005,123.2,183.61000000000001,294.11800000000039,938.89999999999998,139.24628000000016,0,0,0,FIXED_FRAMES_REACHED,0,0,0,1,aeb9614176603bcbff2feea09f220ac6b10a41cda518456a9584ac969f4bbf94,WORKTREE
bch.s2.impairment.result.v1,S2_07,BURST,BCH-B300-426,WHOLE_BLOCK_SHORTENED,BERLEKAMP_MASSEY_CHIEN,300,426,0.70422535211267601,0,-1.5228834438305652,2,0,0,NONE,0,0,1,UNIFORM_RANDOM,PURE,48,ON_SEGMENT_BOUNDARY,POST_HARD_DECISION_BIT_FLIP,0,5000,1500000,240000,5000,0.11267605633802817,240000,5000,0.16,1,0,0,0,0,0,0,5000,1,149.00598000000002,135.59999999999999,209.10500000000002,454.1040000000001,1646.5,151.2828999999995,0,0,0,FIXED_FRAMES_REACHED,0,0,0,1,3c904a7c4e65151db56fc391fab07276b6c021ce1e1383807015a4c5dff242a6,WORKTREE
bch.s2.impairment.result.v1,S2_07,BURST,BCH-B300-426,WHOLE_BLOCK_SHORTENED,BERLEKAMP_MASSEY_CHIEN,300,426,0.70422535211267601,0,-1.5228834438305652,2,0,0,NONE,0,0,1,UNIFORM_RANDOM,PURE,48,UNIFORM_RANDOM,POST_HARD_DECISION_BIT_FLIP,0,5000,1500000,240000,5000,0.11267605633802817,174646,3951,0.11643066666666667,0.79020000000000001,1049,0.20979999999999999,0,0,0,0,5000,1,142.3318400000006,127.2,184.90000000000001,335.74800000000101,884.39999999999998,144.63699999999974,0,0,0,FIXED_FRAMES_REACHED,0,0,0,1,4aaeee095c1c146c9bacb945da1cee2913ca23f426cf4564a41bbdf84cc37643,WORKTREE
bch.s2.impairment.result.v1,S2_07,BURST,BCH-B300-426,WHOLE_BLOCK_SHORTENED,BERLEKAMP_MASSEY_CHIEN,300,426,0.70422535211267601,0,-1.5228834438305652,2,0,0,NONE,0,0,1,UNIFORM_RANDOM,PURE,64,FRAME_START,POST_HARD_DECISION_BIT_FLIP,0,5000,1500000,320000,5000,0.15023474178403756,320000,5000,0.21333333333333335,1,0,0,0,0,0,0,5000,1,142.89528000000007,130.44999999999999,183.90500000000003,334.15500000000122,2567.1999999999998,145.07140000000041,0,0,0,FIXED_FRAMES_REACHED,0,0,0,1,2f15caf7ded78ca628c420d6a6e433d95fac091af4f8712dc89597792ced5f05,WORKTREE
bch.s2.impairment.result.v1,S2_07,BURST,BCH-B300-426,WHOLE_BLOCK_SHORTENED,BERLEKAMP_MASSEY_CHIEN,300,426,0.70422535211267601,0,-1.5228834438305652,2,0,0,NONE,0,0,1,UNIFORM_RANDOM,PURE,64,FRAME_END,POST_HARD_DECISION_BIT_FLIP,0,5000,1500000,320000,5000,0.15023474178403756,0,0,0,0,5000,1,0,0,0,0,5000,1,139.76427999999939,121.90000000000001,187.60500000000002,395.33500000000078,940.70000000000005,141.98327999999992,0,0,0,FIXED_FRAMES_REACHED,0,0,0,1,8e2a56dc86dfb448dc893b78bc96ef4b1983f8e9ab07b6bac4c31d44238afe3a,WORKTREE
bch.s2.impairment.result.v1,S2_07,BURST,BCH-B300-426,WHOLE_BLOCK_SHORTENED,BERLEKAMP_MASSEY_CHIEN,300,426,0.70422535211267601,0,-1.5228834438305652,2,0,0,NONE,0,0,1,UNIFORM_RANDOM,PURE,64,SEGMENT_INTERIOR,POST_HARD_DECISION_BIT_FLIP,0,5000,1500000,320000,5000,0.15023474178403756,320000,5000,0.21333333333333335,1,0,0,0,0,0,0,5000,1,141.35843999999986,125.09999999999999,186.30000000000001,360.7380000000008,1618.8,143.46274000000014,0,0,0,FIXED_FRAMES_REACHED,0,0,0,1,64eb87e18168efb51bd292dc193cf3d7fd54c663944522caedab9827dda50e9c,WORKTREE
bch.s2.impairment.result.v1,S2_07,BURST,BCH-B300-426,WHOLE_BLOCK_SHORTENED,BERLEKAMP_MASSEY_CHIEN,300,426,0.70422535211267601,0,-1.5228834438305652,2,0,0,NONE,0,0,1,UNIFORM_RANDOM,PURE,64,ONE_BEFORE_SEGMENT_BOUNDARY,POST_HARD_DECISION_BIT_FLIP,0,5000,1500000,320000,5000,0.15023474178403756,320000,5000,0.21333333333333335,1,0,0,0,0,0,0,5000,1,139.17669999999973,127.5,177.50500000000002,288.30800000000022,2807.9000000000001,141.27301999999992,0,0,0,FIXED_FRAMES_REACHED,0,0,0,1,04bf0d82baf1f2353f83cf536e94d42bce33dc9d172ba1d26737beecf9f90dd6,WORKTREE
bch.s2.impairment.result.v1,S2_07,BURST,BCH-B300-426,WHOLE_BLOCK_SHORTENED,BERLEKAMP_MASSEY_CHIEN,300,426,0.70422535211267601,0,-1.5228834438305652,2,0,0,NONE,0,0,1,UNIFORM_RANDOM,PURE,64,ON_SEGMENT_BOUNDARY,POST_HARD_DECISION_BIT_FLIP,0,5000,1500000,320000,5000,0.15023474178403756,320000,5000,0.21333333333333335,1,0,0,0,0,0,0,5000,1,139.04936000000006,123,181.70499999999998,353.14300000000094,1054.5,141.06212000000031,0,0,0,FIXED_FRAMES_REACHED,0,0,0,1,04b1ae697d49537d2c8b273c4b9652039be7917de195904f17c69452ef3744a6,WORKTREE
bch.s2.impairment.result.v1,S2_07,BURST,BCH-B300-426,WHOLE_BLOCK_SHORTENED,BERLEKAMP_MASSEY_CHIEN,300,426,0.70422535211267601,0,-1.5228834438305652,2,0,0,NONE,0,0,1,UNIFORM_RANDOM,PURE,64,UNIFORM_RANDOM,POST_HARD_DECISION_BIT_FLIP,0,5000,1500000,320000,5000,0.15023474178403756,236684,4137,0.15778933333333334,0.82740000000000002,863,0.1726,0,0,0,0,5000,1,136.96328000000008,121.40000000000001,178.30000000000001,304.52100000000047,751.70000000000005,139.04780000000022,0,0,0,FIXED_FRAMES_REACHED,0,0,0,1,82440fc94bc758c102a2d66b1710a49ce4e7f3cfb94cbc84433408a4f2389b8a,WORKTREE
