stageId,gitCommit,configHash,caseId,displayName,payloadLength,motherN,motherK,motherT,blockCount,encodedLength,actualRate,channelModelId,rawImpulseResponse,normalizedImpulseResponse,channelEnergy,equalizerType,solverType,waveformSnrIndex,waveformSnrDb,snrLinear,derivedEbn0Db,sigma2,masterSeed,totalFrames,totalPayloadBits,payloadErrorBits,payloadErrorFrames,decoderFailureFrames,miscorrectionFrames,undetectedErrorFrames,trueSuccessFrames,ber,fer,decoderFailureRate,miscorrectionRate,undetectedErrorRate,trueSuccessRate,encodeTimeTotalNs,channelTimeTotalNs,equalizeTimeTotalNs,hardDecisionTimeTotalNs,decodeTimeTotalNs,encodeTimeMeanNs,channelTimeMeanNs,equalizeTimeMeanNs,hardDecisionTimeMeanNs,decodeTimeMeanNs,decodeTimeP50Ns,decodeTimeP95Ns,decodeTimeP99Ns,decodeTimeMaxNs,equalizeTimeP50Ns,equalizeTimeP95Ns,equalizeTimeP99Ns,equalizeTimeMaxNs,solverResidualMean,solverResidualMax,stopReason,checkpointId,shardId,gridType
stage08_multipath_formal_common_snr,a251a4f1d4cfb87fd01e99da592a8ae9a9bfe790,BC8C55A2713D7A06EBAA8A6EDD34813874918E3535AC4C23C9BAE7ABA7755784,K200_S15,"BCH15分块200",200,15,11,1,19,285,0.70175438596491224,S2_FIXED_REAL_FIR_V1,"1;0.65;0;0.35","0.80451798670912955;0.52293669136093424;0;0.28158129534819532",0.99999999999999989,BLOCK_LINEAR_MMSE,BANDED_CHOLESKY_NORMAL_EQUATIONS,1,0.5,1.1220184543019633,-0.97215131319452164,0.89125093813374556,8080808,1000,200000,39995,1000,0,1000,1000,0,0.19997500000000001,1,0,1,1,0,3849800,2389800,5102700,538700,9402300,3849.8000000000002,2389.8000000000002,5102.6999999999998,538.70000000000005,9402.2999999999993,8100,12800,16700,98300,4800,5800,8200,48200,2.082058877593861e-16,2.5099778430870861e-16,TARGET_FRAME_ERRORS_REACHED,SHARD1_POINT_K200_S15_1,SHARD_1,BASE_0P5DB
stage08_multipath_formal_common_snr,a251a4f1d4cfb87fd01e99da592a8ae9a9bfe790,BC8C55A2713D7A06EBAA8A6EDD34813874918E3535AC4C23C9BAE7ABA7755784,K200_S15,"BCH15分块200",200,15,11,1,19,285,0.70175438596491224,S2_FIXED_REAL_FIR_V1,"1;0.65;0;0.35","0.80451798670912955;0.52293669136093424;0;0.28158129534819532",0.99999999999999989,BLOCK_LINEAR_MMSE,BANDED_CHOLESKY_NORMAL_EQUATIONS,3,1.5,1.4125375446227544,0.027848686805478362,0.70794578438413791,8080808,1000,200000,34272,1000,0,1000,1000,0,0.17136000000000001,1,0,1,1,0,3793400,2224200,5235300,523100,9183700,3793.4000000000001,2224.1999999999998,5235.3000000000002,523.10000000000002,9183.7000000000007,7700,12900,18400,69400,4700,5600,6800,236200,1.7849059365831832e-16,2.1647223554319898e-16,TARGET_FRAME_ERRORS_REACHED,SHARD1_POINT_K200_S15_3,SHARD_1,BASE_0P5DB
stage08_multipath_formal_common_snr,a251a4f1d4cfb87fd01e99da592a8ae9a9bfe790,BC8C55A2713D7A06EBAA8A6EDD34813874918E3535AC4C23C9BAE7ABA7755784,K200_S15,"BCH15分块200",200,15,11,1,19,285,0.70175438596491224,S2_FIXED_REAL_FIR_V1,"1;0.65;0;0.35","0.80451798670912955;0.52293669136093424;0;0.28158129534819532",0.99999999999999989,BLOCK_LINEAR_MMSE,BANDED_CHOLESKY_NORMAL_EQUATIONS,5,2.5,1.7782794100389228,1.0278486868054784,0.56234132519034907,8080808,1000,200000,28161,1000,0,1000,1000,0,0.14080500000000001,1,0,1,1,0,3573000,2361000,4998900,553000,9350500,3573,2361,4998.8999999999996,553,9350.5,7700,13200,28600,150500,4700,5800,7700,21100,2.2152344805493884e-16,2.7096031502210458e-16,TARGET_FRAME_ERRORS_REACHED,SHARD1_POINT_K200_S15_5,SHARD_1,BASE_0P5DB
stage08_multipath_formal_common_snr,a251a4f1d4cfb87fd01e99da592a8ae9a9bfe790,BC8C55A2713D7A06EBAA8A6EDD34813874918E3535AC4C23C9BAE7ABA7755784,K200_S15,"BCH15分块200",200,15,11,1,19,285,0.70175438596491224,S2_FIXED_REAL_FIR_V1,"1;0.65;0;0.35","0.80451798670912955;0.52293669136093424;0;0.28158129534819532",0.99999999999999989,BLOCK_LINEAR_MMSE,BANDED_CHOLESKY_NORMAL_EQUATIONS,7,3.5,2.2387211385683394,2.0278486868054784,0.44668359215096315,8080808,1000,200000,22705,1000,0,1000,1000,0,0.113525,1,0,1,1,0,3517000,2220600,5000900,522500,8875600,3517,2220.5999999999999,5000.8999999999996,522.5,8875.6000000000004,7600,12900,16900,138500,4700,5600,6900,71900,1.7176142906768624e-16,2.0847545071691373e-16,TARGET_FRAME_ERRORS_REACHED,SHARD1_POINT_K200_S15_7,SHARD_1,BASE_0P5DB
stage08_multipath_formal_common_snr,a251a4f1d4cfb87fd01e99da592a8ae9a9bfe790,BC8C55A2713D7A06EBAA8A6EDD34813874918E3535AC4C23C9BAE7ABA7755784,K200_S15,"BCH15分块200",200,15,11,1,19,285,0.70175438596491224,S2_FIXED_REAL_FIR_V1,"1;0.65;0;0.35","0.80451798670912955;0.52293669136093424;0;0.28158129534819532",0.99999999999999989,BLOCK_LINEAR_MMSE,BANDED_CHOLESKY_NORMAL_EQUATIONS,9,4.5,2.8183829312644537,3.0278486868054784,0.35481338923357547,8080808,1000,200000,16546,1000,0,1000,1000,0,0.082729999999999998,1,0,1,1,0,3749500,2225100,5037300,590000,9289900,3749.5,2225.0999999999999,5037.3000000000002,590,9289.8999999999996,7800,12600,15800,192800,4700,5600,6700,31200,2.3076128388963813e-16,2.8226283272291839e-16,TARGET_FRAME_ERRORS_REACHED,SHARD1_POINT_K200_S15_9,SHARD_1,BASE_0P5DB
stage08_multipath_formal_common_snr,a251a4f1d4cfb87fd01e99da592a8ae9a9bfe790,BC8C55A2713D7A06EBAA8A6EDD34813874918E3535AC4C23C9BAE7ABA7755784,K200_S15,"BCH15分块200",200,15,11,1,19,285,0.70175438596491224,S2_FIXED_REAL_FIR_V1,"1;0.65;0;0.35","0.80451798670912955;0.52293669136093424;0;0.28158129534819532",0.99999999999999989,BLOCK_LINEAR_MMSE,BANDED_CHOLESKY_NORMAL_EQUATIONS,11,5.5,3.548133892335755,4.0278486868054788,0.28183829312644537,8080808,1000,200000,11704,997,0,997,997,3,0.058520000000000003,0.997,0,0.997,0.997,0.0030000000000000001,4618300,2408100,6482500,624600,12674700,4618.3000000000002,2408.0999999999999,6482.5,624.60000000000002,12674.700000000001,10600,14300,38700,569900,5200,6600,17300,579000,2.0795642027435908e-16,2.565613178202536e-16,TARGET_FRAME_ERRORS_REACHED,SHARD1_POINT_K200_S15_11,SHARD_1,BASE_0P5DB
stage08_multipath_formal_common_snr,a251a4f1d4cfb87fd01e99da592a8ae9a9bfe790,BC8C55A2713D7A06EBAA8A6EDD34813874918E3535AC4C23C9BAE7ABA7755784,K200_S15,"BCH15分块200",200,15,11,1,19,285,0.70175438596491224,S2_FIXED_REAL_FIR_V1,"1;0.65;0;0.35","0.80451798670912955;0.52293669136093424;0;0.28158129534819532",0.99999999999999989,BLOCK_LINEAR_MMSE,BANDED_CHOLESKY_NORMAL_EQUATIONS,13,6.5,4.4668359215096318,5.0278486868054788,0.22387211385683392,8080808,1000,200000,7878,969,0,969,969,31,0.039390000000000001,0.96899999999999997,0,0.96899999999999997,0.96899999999999997,0.031,3578500,2246100,5011400,515300,8613600,3578.5,2246.0999999999999,5011.3999999999996,515.29999999999995,8613.6000000000004,7100,12000,14200,270200,4700,5900,6600,52300,1.8107538821752029e-16,2.1918523388600198e-16,TARGET_FRAME_ERRORS_REACHED,SHARD1_POINT_K200_S15_13,SHARD_1,BASE_0P5DB
stage08_multipath_formal_common_snr,a251a4f1d4cfb87fd01e99da592a8ae9a9bfe790,BC8C55A2713D7A06EBAA8A6EDD34813874918E3535AC4C23C9BAE7ABA7755784,K200_S15,"BCH15分块200",200,15,11,1,19,285,0.70175438596491224,S2_FIXED_REAL_FIR_V1,"1;0.65;0;0.35","0.80451798670912955;0.52293669136093424;0;0.28158129534819532",0.99999999999999989,BLOCK_LINEAR_MMSE,BANDED_CHOLESKY_NORMAL_EQUATIONS,15,7.5,5.6234132519034912,6.0278486868054788,0.17782794100389226,8080808,1000,200000,4961,870,0,870,870,130,0.024805000000000001,0.87,0,0.87,0.87,0.13,4141900,2236500,5267600,524000,8784400,4141.8999999999996,2236.5,5267.6000000000004,524,8784.3999999999996,6900,12200,20600,238600,4700,5600,7200,134000,1.7297907638708605e-16,2.0766676587753708e-16,TARGET_FRAME_ERRORS_REACHED,SHARD1_POINT_K200_S15_15,SHARD_1,BASE_0P5DB
stage08_multipath_formal_common_snr,a251a4f1d4cfb87fd01e99da592a8ae9a9bfe790,BC8C55A2713D7A06EBAA8A6EDD34813874918E3535AC4C23C9BAE7ABA7755784,K200_S15,"BCH15分块200",200,15,11,1,19,285,0.70175438596491224,S2_FIXED_REAL_FIR_V1,"1;0.65;0;0.35","0.80451798670912955;0.52293669136093424;0;0.28158129534819532",0.99999999999999989,BLOCK_LINEAR_MMSE,BANDED_CHOLESKY_NORMAL_EQUATIONS,17,8.5,7.0794578438413787,7.0278486868054788,0.14125375446227545,8080808,1000,200000,3057,743,0,743,743,257,0.015285,0.74299999999999999,0,0.74299999999999999,0.74299999999999999,0.25700000000000001,4461700,4583300,6934900,572800,10907100,4461.6999999999998,4583.3000000000002,6934.8999999999996,572.79999999999995,10907.1,7000,14100,45400,996800,4800,6700,26700,564800,1.666048188549666e-16,2.070687901845214e-16,TARGET_FRAME_ERRORS_REACHED,SHARD1_POINT_K200_S15_17,SHARD_1,BASE_0P5DB
stage08_multipath_formal_common_snr,a251a4f1d4cfb87fd01e99da592a8ae9a9bfe790,BC8C55A2713D7A06EBAA8A6EDD34813874918E3535AC4C23C9BAE7ABA7755784,K200_S15,"BCH15分块200",200,15,11,1,19,285,0.70175438596491224,S2_FIXED_REAL_FIR_V1,"1;0.65;0;0.35","0.80451798670912955;0.52293669136093424;0;0.28158129534819532",0.99999999999999989,BLOCK_LINEAR_MMSE,BANDED_CHOLESKY_NORMAL_EQUATIONS,19,9.5,8.9125093813374541,8.0278486868054788,0.11220184543019636,8080808,1000,200000,1617,496,0,496,496,504,0.0080850000000000002,0.496,0,0.496,0.496,0.504,13052700,4489100,10382900,1202300,39018400,13052.700000000001,4489.1000000000004,10382.9,1202.3,39018.400000000001,11100,46900,304000,9259700,5400,15900,91500,939800,1.7007807259780507e-16,2.0504221811676325e-16,TARGET_FRAME_ERRORS_REACHED,SHARD1_POINT_K200_S15_19,SHARD_1,BASE_0P5DB
stage08_multipath_formal_common_snr,a251a4f1d4cfb87fd01e99da592a8ae9a9bfe790,BC8C55A2713D7A06EBAA8A6EDD34813874918E3535AC4C23C9BAE7ABA7755784,K200_S15,"BCH15分块200",200,15,11,1,19,285,0.70175438596491224,S2_FIXED_REAL_FIR_V1,"1;0.65;0;0.35","0.80451798670912955;0.52293669136093424;0;0.28158129534819532",0.99999999999999989,BLOCK_LINEAR_MMSE,BANDED_CHOLESKY_NORMAL_EQUATIONS,21,10.5,11.220184543019636,9.0278486868054788,0.089125093813374537,8080808,1000,200000,825,295,0,295,295,705,0.0041250000000000002,0.29499999999999998,0,0.29499999999999998,0.29499999999999998,0.70499999999999996,5331500,3121200,8679800,660400,10774900,5331.5,3121.1999999999998,8679.7999999999993,660.39999999999998,10774.9,9300,13800,37200,463700,5200,6800,34300,1617300,1.7401665298683871e-16,2.1541204058885095e-16,TARGET_FRAME_ERRORS_REACHED,SHARD1_POINT_K200_S15_21,SHARD_1,BASE_0P5DB
stage08_multipath_formal_common_snr,a251a4f1d4cfb87fd01e99da592a8ae9a9bfe790,BC8C55A2713D7A06EBAA8A6EDD34813874918E3535AC4C23C9BAE7ABA7755784,K200_S15,"BCH15分块200",200,15,11,1,19,285,0.70175438596491224,S2_FIXED_REAL_FIR_V1,"1;0.65;0;0.35","0.80451798670912955;0.52293669136093424;0;0.28158129534819532",0.99999999999999989,BLOCK_LINEAR_MMSE,BANDED_CHOLESKY_NORMAL_EQUATIONS,23,11.5,14.12537544622754,10.027848686805479,0.070794578438413802,8080808,1064,212800,521,200,0,200,200,864,0.0024483082706766917,0.18796992481203006,0,0.18796992481203006,0.18796992481203006,0.81203007518796988,6902300,3551700,6834700,866500,14473100,6487.124060150376,3338.0639097744361,6423.5902255639094,814.37969924812035,13602.537593984962,10000,24500,95900,676000,5300,6800,43900,139500,1.6918041118152458e-16,2.0373954894821897e-16,TARGET_FRAME_ERRORS_REACHED,SHARD1_POINT_K200_S15_23,SHARD_1,BASE_0P5DB
stage08_multipath_formal_common_snr,a251a4f1d4cfb87fd01e99da592a8ae9a9bfe790,BC8C55A2713D7A06EBAA8A6EDD34813874918E3535AC4C23C9BAE7ABA7755784,K200_S15,"BCH15分块200",200,15,11,1,19,285,0.70175438596491224,S2_FIXED_REAL_FIR_V1,"1;0.65;0;0.35","0.80451798670912955;0.52293669136093424;0;0.28158129534819532",0.99999999999999989,BLOCK_LINEAR_MMSE,BANDED_CHOLESKY_NORMAL_EQUATIONS,25,12.5,17.782794100389228,11.027848686805479,0.056234132519034905,8080808,1935,387000,516,200,0,200,200,1735,0.0013333333333333333,0.10335917312661498,0,0.10335917312661498,0.10335917312661498,0.89664082687338498,7141100,4847700,9935900,1027900,15175100,3690.4909560723513,2505.2713178294575,5134.8320413436695,531.21447028423768,7842.4289405684758,6300,11600,20200,133700,4700,5700,7100,119000,1.8138639695681635e-16,2.1868352588436257e-16,TARGET_FRAME_ERRORS_REACHED,SHARD1_POINT_K200_S15_25,SHARD_1,BASE_0P5DB
stage08_multipath_formal_common_snr,a251a4f1d4cfb87fd01e99da592a8ae9a9bfe790,BC8C55A2713D7A06EBAA8A6EDD34813874918E3535AC4C23C9BAE7ABA7755784,K200_S15,"BCH15分块200",200,15,11,1,19,285,0.70175438596491224,S2_FIXED_REAL_FIR_V1,"1;0.65;0;0.35","0.80451798670912955;0.52293669136093424;0;0.28158129534819532",0.99999999999999989,BLOCK_LINEAR_MMSE,BANDED_CHOLESKY_NORMAL_EQUATIONS,27,13.5,22.387211385683401,12.027848686805479,0.0446683592150963,8080808,4970,994000,499,200,0,200,200,4770,0.00050201207243460761,0.040241448692152917,0,0.040241448692152917,0.040241448692152917,0.95975855130784704,23658400,12491300,27509000,3406200,45940600,4760.2414486921525,2513.3400402414486,5535.0100603621731,685.35211267605632,9243.5814889336016,9100,11900,25800,274700,5300,6500,13300,407000,1.7118703131160049e-16,2.0886260703363969e-16,TARGET_FRAME_ERRORS_REACHED,SHARD1_POINT_K200_S15_27,SHARD_1,BASE_0P5DB
stage08_multipath_formal_common_snr,a251a4f1d4cfb87fd01e99da592a8ae9a9bfe790,BC8C55A2713D7A06EBAA8A6EDD34813874918E3535AC4C23C9BAE7ABA7755784,K200_S15,"BCH15分块200",200,15,11,1,19,285,0.70175438596491224,S2_FIXED_REAL_FIR_V1,"1;0.65;0;0.35","0.80451798670912955;0.52293669136093424;0;0.28158129534819532",0.99999999999999989,BLOCK_LINEAR_MMSE,BANDED_CHOLESKY_NORMAL_EQUATIONS,29,14.5,28.183829312644534,13.027848686805479,0.035481338923357551,8080808,11551,2310200,482,200,0,200,200,11351,0.0002086399445935417,0.017314518223530431,0,0.017314518223530431,0.017314518223530431,0.98268548177646953,73898900,35470600,72768100,9281700,148253500,6397.6192537442648,3070.7817504977925,6299.7229677084233,803.54081897671199,12834.689637260843,9800,16400,51700,5118100,5300,6800,24900,455300,1.698221486078733e-16,2.0849609809240634e-16,TARGET_FRAME_ERRORS_REACHED,SHARD1_POINT_K200_S15_29,SHARD_1,BASE_0P5DB
stage08_multipath_formal_common_snr,a251a4f1d4cfb87fd01e99da592a8ae9a9bfe790,BC8C55A2713D7A06EBAA8A6EDD34813874918E3535AC4C23C9BAE7ABA7755784,K200_S15,"BCH15分块200",200,15,11,1,19,285,0.70175438596491224,S2_FIXED_REAL_FIR_V1,"1;0.65;0;0.35","0.80451798670912955;0.52293669136093424;0;0.28158129534819532",0.99999999999999989,BLOCK_LINEAR_MMSE,BANDED_CHOLESKY_NORMAL_EQUATIONS,31,15.5,35.481338923357548,14.027848686805479,0.028183829312644536,8080808,30480,6096000,473,200,0,200,200,30280,7.759186351706037e-05,0.0065616797900262466,0,0.0065616797900262466,0.0065616797900262466,0.9934383202099738,213164600,125825100,217740700,29518100,407958000,6993.5892388451448,4128.1200787401576,7143.7237532808394,968.44160104986872,13384.448818897637,10100,16700,62500,5382500,5700,8000,26000,1767900,1.716632679267077e-16,2.1667269255865574e-16,TARGET_FRAME_ERRORS_REACHED,SHARD1_POINT_K200_S15_31,SHARD_1,BASE_0P5DB
stage08_multipath_formal_common_snr,a251a4f1d4cfb87fd01e99da592a8ae9a9bfe790,BC8C55A2713D7A06EBAA8A6EDD34813874918E3535AC4C23C9BAE7ABA7755784,K200_S15,"BCH15分块200",200,15,11,1,19,285,0.70175438596491224,S2_FIXED_REAL_FIR_V1,"1;0.65;0;0.35","0.80451798670912955;0.52293669136093424;0;0.28158129534819532",0.99999999999999989,BLOCK_LINEAR_MMSE,BANDED_CHOLESKY_NORMAL_EQUATIONS,33,16.5,44.668359215096302,15.027848686805479,0.022387211385683402,8080808,50000,10000000,256,108,0,108,108,49892,2.5599999999999999e-05,0.00216,0,0.00216,0.00216,0.99783999999999995,340337400,176088900,370573300,66300300,906941900,6806.7479999999996,3521.7779999999998,7411.4660000000003,1326.0060000000001,18138.838,10200,17800,62000,165687100,5700,8000,28000,4955800,1.7188767356882958e-16,2.1246806586459521e-16,MAX_FRAMES_REACHED,SHARD1_POINT_K200_S15_33,SHARD_1,BASE_0P5DB
stage08_multipath_formal_common_snr,a251a4f1d4cfb87fd01e99da592a8ae9a9bfe790,BC8C55A2713D7A06EBAA8A6EDD34813874918E3535AC4C23C9BAE7ABA7755784,K200_S15,"BCH15分块200",200,15,11,1,19,285,0.70175438596491224,S2_FIXED_REAL_FIR_V1,"1;0.65;0;0.35","0.80451798670912955;0.52293669136093424;0;0.28158129534819532",0.99999999999999989,BLOCK_LINEAR_MMSE,BANDED_CHOLESKY_NORMAL_EQUATIONS,35,17.5,56.234132519034908,16.027848686805477,0.017782794100389229,8080808,50000,10000000,73,27,0,27,27,49973,7.3000000000000004e-06,0.00054000000000000001,0,0.00054000000000000001,0.00054000000000000001,0.99946000000000002,369214100,199214400,405380900,55357900,768264000,7384.2820000000002,3984.288,8107.6180000000004,1107.1579999999999,15365.280000000001,10300,20300,82800,19482200,5700,8200,30800,22920300,1.7267821520942786e-16,2.1730045117808053e-16,MAX_FRAMES_REACHED,SHARD1_POINT_K200_S15_35,SHARD_1,BASE_0P5DB
stage08_multipath_formal_common_snr,a251a4f1d4cfb87fd01e99da592a8ae9a9bfe790,BC8C55A2713D7A06EBAA8A6EDD34813874918E3535AC4C23C9BAE7ABA7755784,K200_M255K207,"BCH255整块200",200,255,207,6,1,248,0.80645161290322576,S2_FIXED_REAL_FIR_V1,"1;0.65;0;0.35","0.80451798670912955;0.52293669136093424;0;0.28158129534819532",0.99999999999999989,BLOCK_LINEAR_MMSE,BANDED_CHOLESKY_NORMAL_EQUATIONS,0,0,1,-2.0760831050174611,1,8080808,1000,200000,37662,1000,998,2,2,0,0.18831000000000001,1,0.998,0.002,0.002,0,16584300,8441100,17146500,3132900,80107500,16584.299999999999,8441.1000000000004,17146.5,3132.9000000000001,80107.5,29900,183200,751300,7060400,5900,27800,192100,4557900,1.9644503552849889e-16,2.4204054322806264e-16,TARGET_FRAME_ERRORS_REACHED,SHARD1_POINT_K200_M255K207_0,SHARD_1,BASE_0P5DB
stage08_multipath_formal_common_snr,a251a4f1d4cfb87fd01e99da592a8ae9a9bfe790,BC8C55A2713D7A06EBAA8A6EDD34813874918E3535AC4C23C9BAE7ABA7755784,K200_M255K207,"BCH255整块200",200,255,207,6,1,248,0.80645161290322576,S2_FIXED_REAL_FIR_V1,"1;0.65;0;0.35","0.80451798670912955;0.52293669136093424;0;0.28158129534819532",0.99999999999999989,BLOCK_LINEAR_MMSE,BANDED_CHOLESKY_NORMAL_EQUATIONS,2,1,1.2589254117941673,-1.0760831050174611,0.79432823472428149,8080808,1000,200000,32599,1000,998,2,2,0,0.162995,1,0.998,0.002,0.002,0,6256400,2626200,5524900,731200,28214700,6256.3999999999996,2626.1999999999998,5524.8999999999996,731.20000000000005,28214.700000000001,25700,38900,85700,281500,5300,7000,7600,65300,1.7430092174081708e-16,2.1941172689770988e-16,TARGET_FRAME_ERRORS_REACHED,SHARD1_POINT_K200_M255K207_2,SHARD_1,BASE_0P5DB
stage08_multipath_formal_common_snr,a251a4f1d4cfb87fd01e99da592a8ae9a9bfe790,BC8C55A2713D7A06EBAA8A6EDD34813874918E3535AC4C23C9BAE7ABA7755784,K200_M255K207,"BCH255整块200",200,255,207,6,1,248,0.80645161290322576,S2_FIXED_REAL_FIR_V1,"1;0.65;0;0.35","0.80451798670912955;0.52293669136093424;0;0.28158129534819532",0.99999999999999989,BLOCK_LINEAR_MMSE,BANDED_CHOLESKY_NORMAL_EQUATIONS,4,2,1.5848931924611136,-0.076083105017461072,0.63095734448019325,8080808,1000,200000,28272,1000,999,1,1,0,0.14136000000000001,1,0.999,0.001,0.001,0,5010500,2318300,5379800,655100,23966600,5010.5,2318.3000000000002,5379.8000000000002,655.10000000000002,23966.599999999999,23500,30600,51200,129500,4900,6700,15200,162400,1.8440765555673752e-16,2.2849335164150179e-16,TARGET_FRAME_ERRORS_REACHED,SHARD1_POINT_K200_M255K207_4,SHARD_1,BASE_0P5DB
stage08_multipath_formal_common_snr,a251a4f1d4cfb87fd01e99da592a8ae9a9bfe790,BC8C55A2713D7A06EBAA8A6EDD34813874918E3535AC4C23C9BAE7ABA7755784,K200_M255K207,"BCH255整块200",200,255,207,6,1,248,0.80645161290322576,S2_FIXED_REAL_FIR_V1,"1;0.65;0;0.35","0.80451798670912955;0.52293669136093424;0;0.28158129534819532",0.99999999999999989,BLOCK_LINEAR_MMSE,BANDED_CHOLESKY_NORMAL_EQUATIONS,6,3,1.9952623149688795,0.92391689498253893,0.50118723362727235,8080808,1000,200000,23400,1000,1000,0,0,0,0.11700000000000001,1,1,0,0,0,4841600,2169300,5017200,615600,22963400,4841.6000000000004,2169.3000000000002,5017.1999999999998,615.60000000000002,22963.400000000001,22400,30300,48100,259500,4700,6500,7900,53300,1.8872020171017972e-16,2.4453831808612507e-16,TARGET_FRAME_ERRORS_REACHED,SHARD1_POINT_K200_M255K207_6,SHARD_1,BASE_0P5DB
stage08_multipath_formal_common_snr,a251a4f1d4cfb87fd01e99da592a8ae9a9bfe790,BC8C55A2713D7A06EBAA8A6EDD34813874918E3535AC4C23C9BAE7ABA7755784,K200_M255K207,"BCH255整块200",200,255,207,6,1,248,0.80645161290322576,S2_FIXED_REAL_FIR_V1,"1;0.65;0;0.35","0.80451798670912955;0.52293669136093424;0;0.28158129534819532",0.99999999999999989,BLOCK_LINEAR_MMSE,BANDED_CHOLESKY_NORMAL_EQUATIONS,8,4,2.5118864315095801,1.9239168949825389,0.39810717055349726,8080808,1000,200000,19221,1000,1000,0,0,0,0.096104999999999996,1,1,0,0,0,5427100,2431400,7204800,649100,24176400,5427.1000000000004,2431.4000000000001,7204.8000000000002,649.10000000000002,24176.400000000001,23600,31500,52600,112300,4900,6800,17700,1390000,1.9354960109510608e-16,2.3767789303999993e-16,TARGET_FRAME_ERRORS_REACHED,SHARD1_POINT_K200_M255K207_8,SHARD_1,BASE_0P5DB
stage08_multipath_formal_common_snr,a251a4f1d4cfb87fd01e99da592a8ae9a9bfe790,BC8C55A2713D7A06EBAA8A6EDD34813874918E3535AC4C23C9BAE7ABA7755784,K200_M255K207,"BCH255整块200",200,255,207,6,1,248,0.80645161290322576,S2_FIXED_REAL_FIR_V1,"1;0.65;0;0.35","0.80451798670912955;0.52293669136093424;0;0.28158129534819532",0.99999999999999989,BLOCK_LINEAR_MMSE,BANDED_CHOLESKY_NORMAL_EQUATIONS,10,5,3.1622776601683795,2.9239168949825389,0.31622776601683794,8080808,1000,200000,15001,999,998,1,1,1,0.075005000000000002,0.999,0.998,0.001,0.001,0.001,6328300,2682000,5821600,814200,27814900,6328.3000000000002,2682,5821.6000000000004,814.20000000000005,27814.900000000001,24800,33900,69100,888500,5200,7100,17200,92000,1.7387597947881435e-16,2.161526554128571e-16,TARGET_FRAME_ERRORS_REACHED,SHARD1_POINT_K200_M255K207_10,SHARD_1,BASE_0P5DB
stage08_multipath_formal_common_snr,a251a4f1d4cfb87fd01e99da592a8ae9a9bfe790,BC8C55A2713D7A06EBAA8A6EDD34813874918E3535AC4C23C9BAE7ABA7755784,K200_M255K207,"BCH255整块200",200,255,207,6,1,248,0.80645161290322576,S2_FIXED_REAL_FIR_V1,"1;0.65;0;0.35","0.80451798670912955;0.52293669136093424;0;0.28158129534819532",0.99999999999999989,BLOCK_LINEAR_MMSE,BANDED_CHOLESKY_NORMAL_EQUATIONS,12,6,3.9810717055349722,3.9239168949825389,0.25118864315095801,8080808,1000,200000,11524,982,981,1,1,18,0.057619999999999998,0.98199999999999998,0.98099999999999998,0.001,0.001,0.017999999999999999,4640900,2203900,5089600,603100,22204500,4640.8999999999996,2203.9000000000001,5089.6000000000004,603.10000000000002,22204.5,21800,28300,41300,86300,4600,6300,16000,126200,1.9136268521914477e-16,2.5105900904110038e-16,TARGET_FRAME_ERRORS_REACHED,SHARD1_POINT_K200_M255K207_12,SHARD_1,BASE_0P5DB
stage08_multipath_formal_common_snr,a251a4f1d4cfb87fd01e99da592a8ae9a9bfe790,BC8C55A2713D7A06EBAA8A6EDD34813874918E3535AC4C23C9BAE7ABA7755784,K200_M255K207,"BCH255整块200",200,255,207,6,1,248,0.80645161290322576,S2_FIXED_REAL_FIR_V1,"1;0.65;0;0.35","0.80451798670912955;0.52293669136093424;0;0.28158129534819532",0.99999999999999989,BLOCK_LINEAR_MMSE,BANDED_CHOLESKY_NORMAL_EQUATIONS,14,7,5.011872336272722,4.9239168949825389,0.199526231496888,8080808,1000,200000,8063,868,865,3,3,132,0.040314999999999997,0.86799999999999999,0.86499999999999999,0.0030000000000000001,0.0030000000000000001,0.13200000000000001,4446600,2135200,4905600,593200,22995400,4446.6000000000004,2135.1999999999998,4905.6000000000004,593.20000000000005,22995.400000000001,21900,30700,61900,341300,4600,6000,7300,106000,1.7394704559940261e-16,2.1330277509825497e-16,TARGET_FRAME_ERRORS_REACHED,SHARD1_POINT_K200_M255K207_14,SHARD_1,BASE_0P5DB
stage08_multipath_formal_common_snr,a251a4f1d4cfb87fd01e99da592a8ae9a9bfe790,BC8C55A2713D7A06EBAA8A6EDD34813874918E3535AC4C23C9BAE7ABA7755784,K200_M255K207,"BCH255整块200",200,255,207,6,1,248,0.80645161290322576,S2_FIXED_REAL_FIR_V1,"1;0.65;0;0.35","0.80451798670912955;0.52293669136093424;0;0.28158129534819532",0.99999999999999989,BLOCK_LINEAR_MMSE,BANDED_CHOLESKY_NORMAL_EQUATIONS,16,8,6.3095734448019334,5.9239168949825389,0.15848931924611132,8080808,1000,200000,4497,593,592,1,1,407,0.022485000000000002,0.59299999999999997,0.59199999999999997,0.001,0.001,0.40699999999999997,4858500,2208500,4909000,610500,22273600,4858.5,2208.5,4909,610.5,22273.599999999999,21900,28300,52000,163600,4700,6000,7900,37900,1.8219598347012422e-16,2.2373027062634219e-16,TARGET_FRAME_ERRORS_REACHED,SHARD1_POINT_K200_M255K207_16,SHARD_1,BASE_0P5DB
stage08_multipath_formal_common_snr,a251a4f1d4cfb87fd01e99da592a8ae9a9bfe790,BC8C55A2713D7A06EBAA8A6EDD34813874918E3535AC4C23C9BAE7ABA7755784,K200_M255K207,"BCH255整块200",200,255,207,6,1,248,0.80645161290322576,S2_FIXED_REAL_FIR_V1,"1;0.65;0;0.35","0.80451798670912955;0.52293669136093424;0;0.28158129534819532",0.99999999999999989,BLOCK_LINEAR_MMSE,BANDED_CHOLESKY_NORMAL_EQUATIONS,18,9,7.9432823472428158,6.9239168949825389,0.1258925411794167,8080808,1000,200000,1480,213,213,0,0,787,0.0074000000000000003,0.21299999999999999,0.21299999999999999,0,0,0.78700000000000003,4722200,2202100,4985200,616900,20704300,4722.1999999999998,2202.0999999999999,4985.1999999999998,616.89999999999998,20704.299999999999,20100,28300,47100,179400,4700,6200,13500,67600,2.2264106430061131e-16,2.6252191673763765e-16,TARGET_FRAME_ERRORS_REACHED,SHARD1_POINT_K200_M255K207_18,SHARD_1,BASE_0P5DB
stage08_multipath_formal_common_snr,a251a4f1d4cfb87fd01e99da592a8ae9a9bfe790,BC8C55A2713D7A06EBAA8A6EDD34813874918E3535AC4C23C9BAE7ABA7755784,K200_M255K207,"BCH255整块200",200,255,207,6,1,248,0.80645161290322576,S2_FIXED_REAL_FIR_V1,"1;0.65;0;0.35","0.80451798670912955;0.52293669136093424;0;0.28158129534819532",0.99999999999999989,BLOCK_LINEAR_MMSE,BANDED_CHOLESKY_NORMAL_EQUATIONS,20,10,10,7.9239168949825389,0.10000000000000001,8080808,2893,578600,1286,200,200,0,0,2693,0.0022226062910473557,0.069132388524023508,0.069132388524023508,0,0,0.93086761147597652,13110000,6357600,14103000,1725400,53562500,4531.6280677497407,2197.5803664016594,4874.8703767715178,596.40511579675081,18514.517801590046,17400,25600,43200,425000,4600,5900,7700,244900,1.8044901111163469e-16,2.2056761512005614e-16,TARGET_FRAME_ERRORS_REACHED,SHARD1_POINT_K200_M255K207_20,SHARD_1,BASE_0P5DB
stage08_multipath_formal_common_snr,a251a4f1d4cfb87fd01e99da592a8ae9a9bfe790,BC8C55A2713D7A06EBAA8A6EDD34813874918E3535AC4C23C9BAE7ABA7755784,K200_M255K207,"BCH255整块200",200,255,207,6,1,248,0.80645161290322576,S2_FIXED_REAL_FIR_V1,"1;0.65;0;0.35","0.80451798670912955;0.52293669136093424;0;0.28158129534819532",0.99999999999999989,BLOCK_LINEAR_MMSE,BANDED_CHOLESKY_NORMAL_EQUATIONS,22,11,12.589254117941675,8.9239168949825398,0.079432823472428138,8080808,16660,3332000,1257,200,201,0,0,16460,0.00037725090036014406,0.012004801920768308,0.012064825930372149,0,0,0.98799519807923164,100077200,43945700,106579400,12122400,342664400,6007.0348139255702,2637.797118847539,6397.3229291716689,727.63505402160865,20568.091236494598,16700,28200,84200,3139600,4700,6600,18800,9697900,1.7503385929971947e-16,2.2726648321525218e-16,TARGET_FRAME_ERRORS_REACHED,SHARD1_POINT_K200_M255K207_22,SHARD_1,BASE_0P5DB
stage08_multipath_formal_common_snr,a251a4f1d4cfb87fd01e99da592a8ae9a9bfe790,BC8C55A2713D7A06EBAA8A6EDD34813874918E3535AC4C23C9BAE7ABA7755784,K200_M255K207,"BCH255整块200",200,255,207,6,1,248,0.80645161290322576,S2_FIXED_REAL_FIR_V1,"1;0.65;0;0.35","0.80451798670912955;0.52293669136093424;0;0.28158129534819532",0.99999999999999989,BLOCK_LINEAR_MMSE,BANDED_CHOLESKY_NORMAL_EQUATIONS,24,12,15.848931924611133,9.9239168949825398,0.063095734448019331,8080808,50000,10000000,751,113,113,1,1,49887,7.5099999999999996e-05,0.0022599999999999999,0.0022599999999999999,2.0000000000000002e-05,2.0000000000000002e-05,0.99773999999999996,328021200,172229900,339707600,38646200,1087496600,6560.424,3444.598,6794.152,772.92399999999998,21749.932000000001,15400,28500,103200,16653700,4800,6900,23800,7596700,1.7478490201526638e-16,2.2135239757588677e-16,MAX_FRAMES_REACHED,SHARD1_POINT_K200_M255K207_24,SHARD_1,BASE_0P5DB
stage08_multipath_formal_common_snr,a251a4f1d4cfb87fd01e99da592a8ae9a9bfe790,BC8C55A2713D7A06EBAA8A6EDD34813874918E3535AC4C23C9BAE7ABA7755784,K200_M255K207,"BCH255整块200",200,255,207,6,1,248,0.80645161290322576,S2_FIXED_REAL_FIR_V1,"1;0.65;0;0.35","0.80451798670912955;0.52293669136093424;0;0.28158129534819532",0.99999999999999989,BLOCK_LINEAR_MMSE,BANDED_CHOLESKY_NORMAL_EQUATIONS,26,13,19.952623149688797,10.92391689498254,0.050118723362727227,8080808,50000,10000000,60,11,12,0,0,49989,6.0000000000000002e-06,0.00022000000000000001,0.00024000000000000001,0,0,0.99978,398534100,180612200,400638800,51208400,1088684500,7970.6819999999998,3612.2440000000001,8012.7759999999998,1024.1679999999999,21773.689999999999,15200,32100,131400,8547200,5200,7300,30800,10683300,1.7623826133076829e-16,2.2866047089046734e-16,MAX_FRAMES_REACHED,SHARD1_POINT_K200_M255K207_26,SHARD_1,BASE_0P5DB
stage08_multipath_formal_common_snr,a251a4f1d4cfb87fd01e99da592a8ae9a9bfe790,BC8C55A2713D7A06EBAA8A6EDD34813874918E3535AC4C23C9BAE7ABA7755784,K200_M255K207,"BCH255整块200",200,255,207,6,1,248,0.80645161290322576,S2_FIXED_REAL_FIR_V1,"1;0.65;0;0.35","0.80451798670912955;0.52293669136093424;0;0.28158129534819532",0.99999999999999989,BLOCK_LINEAR_MMSE,BANDED_CHOLESKY_NORMAL_EQUATIONS,28,14,25.118864315095795,11.92391689498254,0.039810717055349734,8080808,50000,10000000,7,1,1,0,0,49999,6.9999999999999997e-07,2.0000000000000002e-05,2.0000000000000002e-05,0,0,0.99997999999999998,439382200,282749300,449134000,63657300,1354734200,8787.6440000000002,5654.9859999999999,8982.6800000000003,1273.146,27094.684000000001,15100,41500,195000,32711500,5300,7900,49500,8994200,1.7368513134114122e-16,2.2545665263503408e-16,MAX_FRAMES_REACHED,SHARD1_POINT_K200_M255K207_28,SHARD_1,BASE_0P5DB
stage08_multipath_formal_common_snr,a251a4f1d4cfb87fd01e99da592a8ae9a9bfe790,BC8C55A2713D7A06EBAA8A6EDD34813874918E3535AC4C23C9BAE7ABA7755784,K200_M255K207,"BCH255整块200",200,255,207,6,1,248,0.80645161290322576,S2_FIXED_REAL_FIR_V1,"1;0.65;0;0.35","0.80451798670912955;0.52293669136093424;0;0.28158129534819532",0.99999999999999989,BLOCK_LINEAR_MMSE,BANDED_CHOLESKY_NORMAL_EQUATIONS,30,15,31.622776601683793,12.92391689498254,0.031622776601683791,8080808,50000,10000000,16,2,3,0,0,49998,1.5999999999999999e-06,4.0000000000000003e-05,6.0000000000000002e-05,0,0,0.99995999999999996,342216000,224301900,361779800,43900800,933032200,6844.3199999999997,4486.0379999999996,7235.5959999999995,878.01599999999996,18660.644,13900,25800,85300,10847600,5000,7100,24100,25379800,1.8179771407115233e-16,2.3402111167284227e-16,MAX_FRAMES_REACHED,SHARD1_POINT_K200_M255K207_30,SHARD_1,BASE_0P5DB
stage08_multipath_formal_common_snr,a251a4f1d4cfb87fd01e99da592a8ae9a9bfe790,BC8C55A2713D7A06EBAA8A6EDD34813874918E3535AC4C23C9BAE7ABA7755784,K200_M255K207,"BCH255整块200",200,255,207,6,1,248,0.80645161290322576,S2_FIXED_REAL_FIR_V1,"1;0.65;0;0.35","0.80451798670912955;0.52293669136093424;0;0.28158129534819532",0.99999999999999989,BLOCK_LINEAR_MMSE,BANDED_CHOLESKY_NORMAL_EQUATIONS,32,16,39.810717055349734,13.92391689498254,0.025118864315095794,8080808,50000,10000000,0,0,0,0,0,50000,0,0,0,0,0,1,354999800,162737100,349051200,47210700,1002480500,7099.9960000000001,3254.7420000000002,6981.0240000000003,944.21400000000006,20049.610000000001,13500,24700,93900,61918500,4900,7000,26400,5097700,1.8561663658134449e-16,2.4164721936589832e-16,MAX_FRAMES_REACHED,SHARD1_POINT_K200_M255K207_32,SHARD_1,BASE_0P5DB
stage08_multipath_formal_common_snr,a251a4f1d4cfb87fd01e99da592a8ae9a9bfe790,BC8C55A2713D7A06EBAA8A6EDD34813874918E3535AC4C23C9BAE7ABA7755784,K200_M255K207,"BCH255整块200",200,255,207,6,1,248,0.80645161290322576,S2_FIXED_REAL_FIR_V1,"1;0.65;0;0.35","0.80451798670912955;0.52293669136093424;0;0.28158129534819532",0.99999999999999989,BLOCK_LINEAR_MMSE,BANDED_CHOLESKY_NORMAL_EQUATIONS,34,17,50.118723362727224,14.92391689498254,0.019952623149688799,8080808,50000,10000000,7,1,1,0,0,49999,6.9999999999999997e-07,2.0000000000000002e-05,2.0000000000000002e-05,0,0,0.99997999999999998,351504000,142248100,306231100,35901300,904612100,7030.0799999999999,2844.962,6124.6220000000003,718.02599999999995,18092.241999999998,13700,19500,60900,36652900,5000,6900,19700,3321600,1.8507625805224558e-16,2.4431061715033085e-16,MAX_FRAMES_REACHED,SHARD1_POINT_K200_M255K207_34,SHARD_1,BASE_0P5DB
stage08_multipath_formal_common_snr,a251a4f1d4cfb87fd01e99da592a8ae9a9bfe790,BC8C55A2713D7A06EBAA8A6EDD34813874918E3535AC4C23C9BAE7ABA7755784,K200_M255K207,"BCH255整块200",200,255,207,6,1,248,0.80645161290322576,S2_FIXED_REAL_FIR_V1,"1;0.65;0;0.35","0.80451798670912955;0.52293669136093424;0;0.28158129534819532",0.99999999999999989,BLOCK_LINEAR_MMSE,BANDED_CHOLESKY_NORMAL_EQUATIONS,36,18,63.095734448019329,15.92391689498254,0.015848931924611134,8080808,50000,10000000,0,0,0,0,0,50000,0,0,0,0,0,1,532435900,301967700,485662800,66393300,1342217200,10648.718000000001,6039.3540000000003,9713.2559999999994,1327.866,26844.344000000001,14700,35200,174300,55647400,5300,7500,45300,43193200,1.7794740743882049e-16,2.3179949283062194e-16,MAX_FRAMES_REACHED,SHARD1_POINT_K200_M255K207_36,SHARD_1,BASE_0P5DB
stage08_multipath_formal_common_snr,a251a4f1d4cfb87fd01e99da592a8ae9a9bfe790,BC8C55A2713D7A06EBAA8A6EDD34813874918E3535AC4C23C9BAE7ABA7755784,K200_M511K421,"BCH421整块200",200,511,421,10,1,290,0.68965517241379315,S2_FIXED_REAL_FIR_V1,"1;0.65;0;0.35","0.80451798670912955;0.52293669136093424;0;0.28158129534819532",0.99999999999999989,BLOCK_LINEAR_MMSE,BANDED_CHOLESKY_NORMAL_EQUATIONS,1,0.5,1.1220184543019633,-0.89661993429006337,0.89125093813374556,8080808,1000,200000,35430,1000,1000,0,0,0,0.17715,1,1,0,0,0,10320000,4198300,7923600,1180600,85991400,10320,4198.3000000000002,7923.6000000000004,1180.5999999999999,85991.399999999994,67000,142400,599300,1291600,6400,8800,31300,520900,2.1189531008903913e-16,2.7061243630310279e-16,TARGET_FRAME_ERRORS_REACHED,SHARD1_POINT_K200_M511K421_1,SHARD_1,BASE_0P5DB
stage08_multipath_formal_common_snr,a251a4f1d4cfb87fd01e99da592a8ae9a9bfe790,BC8C55A2713D7A06EBAA8A6EDD34813874918E3535AC4C23C9BAE7ABA7755784,K200_M511K421,"BCH421整块200",200,511,421,10,1,290,0.68965517241379315,S2_FIXED_REAL_FIR_V1,"1;0.65;0;0.35","0.80451798670912955;0.52293669136093424;0;0.28158129534819532",0.99999999999999989,BLOCK_LINEAR_MMSE,BANDED_CHOLESKY_NORMAL_EQUATIONS,3,1.5,1.4125375446227544,0.10338006570993663,0.70794578438413791,8080808,1000,200000,30477,1000,1000,0,0,0,0.15238499999999999,1,1,0,0,0,8078600,3320000,6312500,786800,66703400,8078.6000000000004,3320,6312.5,786.79999999999995,66703.399999999994,63200,86000,179500,530700,5900,8100,9300,92100,1.8089440162765051e-16,2.2127758792919428e-16,TARGET_FRAME_ERRORS_REACHED,SHARD1_POINT_K200_M511K421_3,SHARD_1,BASE_0P5DB
stage08_multipath_formal_common_snr,a251a4f1d4cfb87fd01e99da592a8ae9a9bfe790,BC8C55A2713D7A06EBAA8A6EDD34813874918E3535AC4C23C9BAE7ABA7755784,K200_M511K421,"BCH421整块200",200,511,421,10,1,290,0.68965517241379315,S2_FIXED_REAL_FIR_V1,"1;0.65;0;0.35","0.80451798670912955;0.52293669136093424;0;0.28158129534819532",0.99999999999999989,BLOCK_LINEAR_MMSE,BANDED_CHOLESKY_NORMAL_EQUATIONS,5,2.5,1.7782794100389228,1.1033800657099366,0.56234132519034907,8080808,1000,200000,25518,1000,1000,0,0,0,0.12759000000000001,1,1,0,0,0,7221600,3068100,6742400,841200,68108800,7221.6000000000004,3068.0999999999999,6742.3999999999996,841.20000000000005,68108.800000000003,62700,97800,211400,589500,6000,8000,21100,257400,2.2528908644025622e-16,2.8837477454025982e-16,TARGET_FRAME_ERRORS_REACHED,SHARD1_POINT_K200_M511K421_5,SHARD_1,BASE_0P5DB
stage08_multipath_formal_common_snr,a251a4f1d4cfb87fd01e99da592a8ae9a9bfe790,BC8C55A2713D7A06EBAA8A6EDD34813874918E3535AC4C23C9BAE7ABA7755784,K200_M511K421,"BCH421整块200",200,511,421,10,1,290,0.68965517241379315,S2_FIXED_REAL_FIR_V1,"1;0.65;0;0.35","0.80451798670912955;0.52293669136093424;0;0.28158129534819532",0.99999999999999989,BLOCK_LINEAR_MMSE,BANDED_CHOLESKY_NORMAL_EQUATIONS,7,3.5,2.2387211385683394,2.1033800657099366,0.44668359215096315,8080808,1000,200000,21053,1000,1000,0,0,0,0.105265,1,1,0,0,0,6666500,2787400,6421900,779000,63133500,6666.5,2787.4000000000001,6421.8999999999996,779,63133.5,61400,81900,128900,522900,5800,7900,21100,67700,1.7440251020000772e-16,2.1515967994489095e-16,TARGET_FRAME_ERRORS_REACHED,SHARD1_POINT_K200_M511K421_7,SHARD_1,BASE_0P5DB
stage08_multipath_formal_common_snr,a251a4f1d4cfb87fd01e99da592a8ae9a9bfe790,BC8C55A2713D7A06EBAA8A6EDD34813874918E3535AC4C23C9BAE7ABA7755784,K200_M511K421,"BCH421整块200",200,511,421,10,1,290,0.68965517241379315,S2_FIXED_REAL_FIR_V1,"1;0.65;0;0.35","0.80451798670912955;0.52293669136093424;0;0.28158129534819532",0.99999999999999989,BLOCK_LINEAR_MMSE,BANDED_CHOLESKY_NORMAL_EQUATIONS,9,4.5,2.8183829312644537,3.1033800657099366,0.35481338923357547,8080808,1000,200000,17012,997,997,0,0,3,0.085059999999999997,0.997,0.997,0,0,0.0030000000000000001,6617400,2951400,6499200,783500,64756900,6617.3999999999996,2951.4000000000001,6499.1999999999998,783.5,64756.900000000001,62400,90200,132000,245300,6000,7900,20100,65100,2.3620768613290653e-16,2.8197077110681202e-16,TARGET_FRAME_ERRORS_REACHED,SHARD1_POINT_K200_M511K421_9,SHARD_1,BASE_0P5DB
stage08_multipath_formal_common_snr,a251a4f1d4cfb87fd01e99da592a8ae9a9bfe790,BC8C55A2713D7A06EBAA8A6EDD34813874918E3535AC4C23C9BAE7ABA7755784,K200_M511K421,"BCH421整块200",200,511,421,10,1,290,0.68965517241379315,S2_FIXED_REAL_FIR_V1,"1;0.65;0;0.35","0.80451798670912955;0.52293669136093424;0;0.28158129534819532",0.99999999999999989,BLOCK_LINEAR_MMSE,BANDED_CHOLESKY_NORMAL_EQUATIONS,11,5.5,3.548133892335755,4.1033800657099366,0.28183829312644537,8080808,1000,200000,13133,982,982,0,0,18,0.065665000000000001,0.98199999999999998,0.98199999999999998,0,0,0.017999999999999999,6767600,3143500,6515800,835800,65753300,6767.6000000000004,3143.5,6515.8000000000002,835.79999999999995,65753.300000000003,62400,94800,153800,414700,5800,7900,21600,112100,2.1186898197836069e-16,2.5918248903468062e-16,TARGET_FRAME_ERRORS_REACHED,SHARD1_POINT_K200_M511K421_11,SHARD_1,BASE_0P5DB
stage08_multipath_formal_common_snr,a251a4f1d4cfb87fd01e99da592a8ae9a9bfe790,BC8C55A2713D7A06EBAA8A6EDD34813874918E3535AC4C23C9BAE7ABA7755784,K200_M511K421,"BCH421整块200",200,511,421,10,1,290,0.68965517241379315,S2_FIXED_REAL_FIR_V1,"1;0.65;0;0.35","0.80451798670912955;0.52293669136093424;0;0.28158129534819532",0.99999999999999989,BLOCK_LINEAR_MMSE,BANDED_CHOLESKY_NORMAL_EQUATIONS,13,6.5,4.4668359215096318,5.1033800657099366,0.22387211385683392,8080808,1000,200000,8907,822,822,0,0,178,0.044534999999999998,0.82199999999999995,0.82199999999999995,0,0,0.17799999999999999,6164000,2623700,5977300,791800,64654300,6164,2623.6999999999998,5977.3000000000002,791.79999999999995,64654.300000000003,63300,78300,138300,407600,5800,7500,8400,82200,1.8446377278112513e-16,2.2634970817045946e-16,TARGET_FRAME_ERRORS_REACHED,SHARD1_POINT_K200_M511K421_13,SHARD_1,BASE_0P5DB
stage08_multipath_formal_common_snr,a251a4f1d4cfb87fd01e99da592a8ae9a9bfe790,BC8C55A2713D7A06EBAA8A6EDD34813874918E3535AC4C23C9BAE7ABA7755784,K200_M511K421,"BCH421整块200",200,511,421,10,1,290,0.68965517241379315,S2_FIXED_REAL_FIR_V1,"1;0.65;0;0.35","0.80451798670912955;0.52293669136093424;0;0.28158129534819532",0.99999999999999989,BLOCK_LINEAR_MMSE,BANDED_CHOLESKY_NORMAL_EQUATIONS,15,7.5,5.6234132519034912,6.1033800657099366,0.17782794100389226,8080808,1000,200000,4617,473,473,0,0,527,0.023085000000000001,0.47299999999999998,0.47299999999999998,0,0,0.52700000000000002,6768200,2755500,6325600,824600,63268000,6768.1999999999998,2755.5,6325.6000000000004,824.60000000000002,63268,61200,86100,160900,334800,5800,7900,19500,69900,1.7688039017379839e-16,2.1695033166483798e-16,TARGET_FRAME_ERRORS_REACHED,SHARD1_POINT_K200_M511K421_15,SHARD_1,BASE_0P5DB
stage08_multipath_formal_common_snr,a251a4f1d4cfb87fd01e99da592a8ae9a9bfe790,BC8C55A2713D7A06EBAA8A6EDD34813874918E3535AC4C23C9BAE7ABA7755784,K200_M511K421,"BCH421整块200",200,511,421,10,1,290,0.68965517241379315,S2_FIXED_REAL_FIR_V1,"1;0.65;0;0.35","0.80451798670912955;0.52293669136093424;0;0.28158129534819532",0.99999999999999989,BLOCK_LINEAR_MMSE,BANDED_CHOLESKY_NORMAL_EQUATIONS,17,8.5,7.0794578438413787,7.1033800657099366,0.14125375446227545,8080808,1566,313200,1704,200,200,0,0,1366,0.0054406130268199234,0.1277139208173691,0.1277139208173691,0,0,0.8722860791826309,10247700,4154900,9721700,1315900,86248100,6543.8697318007662,2653.1928480204342,6207.982120051086,840.29374201787994,55075.415070242656,52900,74300,120200,432300,5800,7700,15200,64800,1.7008244756019553e-16,2.0250092676415456e-16,TARGET_FRAME_ERRORS_REACHED,SHARD1_POINT_K200_M511K421_17,SHARD_1,BASE_0P5DB
stage08_multipath_formal_common_snr,a251a4f1d4cfb87fd01e99da592a8ae9a9bfe790,BC8C55A2713D7A06EBAA8A6EDD34813874918E3535AC4C23C9BAE7ABA7755784,K200_M511K421,"BCH421整块200",200,511,421,10,1,290,0.68965517241379315,S2_FIXED_REAL_FIR_V1,"1;0.65;0;0.35","0.80451798670912955;0.52293669136093424;0;0.28158129534819532",0.99999999999999989,BLOCK_LINEAR_MMSE,BANDED_CHOLESKY_NORMAL_EQUATIONS,19,9.5,8.9125093813374541,8.1033800657099366,0.11220184543019636,8080808,8953,1790600,1623,200,200,0,0,8753,0.00090640008935552333,0.022338880822070813,0.022338880822070813,0,0,0.97766111917792919,77519500,36231000,66312500,9095700,614249500,8658.4943594325923,4046.7999553222385,7406.7351725678545,1015.9387914665475,68608.231877582934,44700,96700,325200,65861000,5900,8300,31300,1361000,1.7347064230960775e-16,2.2234727394910509e-16,TARGET_FRAME_ERRORS_REACHED,SHARD1_POINT_K200_M511K421_19,SHARD_1,BASE_0P5DB
stage08_multipath_formal_common_snr,a251a4f1d4cfb87fd01e99da592a8ae9a9bfe790,BC8C55A2713D7A06EBAA8A6EDD34813874918E3535AC4C23C9BAE7ABA7755784,K200_M511K421,"BCH421整块200",200,511,421,10,1,290,0.68965517241379315,S2_FIXED_REAL_FIR_V1,"1;0.65;0;0.35","0.80451798670912955;0.52293669136093424;0;0.28158129534819532",0.99999999999999989,BLOCK_LINEAR_MMSE,BANDED_CHOLESKY_NORMAL_EQUATIONS,21,10.5,11.220184543019636,9.1033800657099366,0.089125093813374537,8080808,50000,10000000,1103,129,130,0,0,49871,0.0001103,0.0025799999999999998,0.0025999999999999999,0,0,0.99741999999999997,533413500,215836200,453065400,56741100,2959510800,10668.27,4316.7240000000002,9061.3080000000009,1134.8219999999999,59190.216,40200,96600,396700,27154500,6000,8400,39300,25773800,1.7798378772225901e-16,2.235576163684179e-16,MAX_FRAMES_REACHED,SHARD1_POINT_K200_M511K421_21,SHARD_1,BASE_0P5DB
stage08_multipath_formal_common_snr,a251a4f1d4cfb87fd01e99da592a8ae9a9bfe790,BC8C55A2713D7A06EBAA8A6EDD34813874918E3535AC4C23C9BAE7ABA7755784,K200_M511K421,"BCH421整块200",200,511,421,10,1,290,0.68965517241379315,S2_FIXED_REAL_FIR_V1,"1;0.65;0;0.35","0.80451798670912955;0.52293669136093424;0;0.28158129534819532",0.99999999999999989,BLOCK_LINEAR_MMSE,BANDED_CHOLESKY_NORMAL_EQUATIONS,23,11.5,14.12537544622754,10.103380065709937,0.070794578438413802,8080808,50000,10000000,103,14,14,0,0,49986,1.03e-05,0.00027999999999999998,0.00027999999999999998,0,0,0.99972000000000005,480001500,231381300,433902100,48919800,2620087300,9600.0300000000007,4627.6260000000002,8678.0419999999995,978.39599999999996,52401.745999999999,35000,81100,372600,42505200,5900,8300,38800,14877500,1.7302302482571074e-16,2.1909016797667238e-16,MAX_FRAMES_REACHED,SHARD1_POINT_K200_M511K421_23,SHARD_1,BASE_0P5DB
stage08_multipath_formal_common_snr,a251a4f1d4cfb87fd01e99da592a8ae9a9bfe790,BC8C55A2713D7A06EBAA8A6EDD34813874918E3535AC4C23C9BAE7ABA7755784,K200_M511K421,"BCH421整块200",200,511,421,10,1,290,0.68965517241379315,S2_FIXED_REAL_FIR_V1,"1;0.65;0;0.35","0.80451798670912955;0.52293669136093424;0;0.28158129534819532",0.99999999999999989,BLOCK_LINEAR_MMSE,BANDED_CHOLESKY_NORMAL_EQUATIONS,25,12.5,17.782794100389228,11.103380065709937,0.056234132519034905,8080808,50000,10000000,25,3,3,0,0,49997,2.5000000000000002e-06,6.0000000000000002e-05,6.0000000000000002e-05,0,0,0.99994000000000005,431809000,193200200,437709000,49739400,2338251900,8636.1800000000003,3864.0039999999999,8754.1800000000003,994.78800000000001,46765.038,33300,66000,248000,49943200,6000,8300,33100,31276600,1.8598804349728015e-16,2.3884447116487815e-16,MAX_FRAMES_REACHED,SHARD1_POINT_K200_M511K421_25,SHARD_1,BASE_0P5DB
stage08_multipath_formal_common_snr,a251a4f1d4cfb87fd01e99da592a8ae9a9bfe790,BC8C55A2713D7A06EBAA8A6EDD34813874918E3535AC4C23C9BAE7ABA7755784,K200_M511K421,"BCH421整块200",200,511,421,10,1,290,0.68965517241379315,S2_FIXED_REAL_FIR_V1,"1;0.65;0;0.35","0.80451798670912955;0.52293669136093424;0;0.28158129534819532",0.99999999999999989,BLOCK_LINEAR_MMSE,BANDED_CHOLESKY_NORMAL_EQUATIONS,27,13.5,22.387211385683401,12.103380065709937,0.0446683592150963,8080808,50000,10000000,0,0,0,0,0,50000,0,0,0,0,0,1,361201100,159810300,329115700,40929700,1685952600,7224.0219999999999,3196.2060000000001,6582.3140000000003,818.59400000000005,33719.052000000003,29600,45600,106300,4001900,5600,7700,18700,4566700,1.7486014591500496e-16,2.1962383087249777e-16,MAX_FRAMES_REACHED,SHARD1_POINT_K200_M511K421_27,SHARD_1,BASE_0P5DB
stage08_multipath_formal_common_snr,a251a4f1d4cfb87fd01e99da592a8ae9a9bfe790,BC8C55A2713D7A06EBAA8A6EDD34813874918E3535AC4C23C9BAE7ABA7755784,K200_M511K421,"BCH421整块200",200,511,421,10,1,290,0.68965517241379315,S2_FIXED_REAL_FIR_V1,"1;0.65;0;0.35","0.80451798670912955;0.52293669136093424;0;0.28158129534819532",0.99999999999999989,BLOCK_LINEAR_MMSE,BANDED_CHOLESKY_NORMAL_EQUATIONS,29,14.5,28.183829312644534,13.103380065709937,0.035481338923357551,8080808,50000,10000000,0,0,0,0,0,50000,0,0,0,0,0,1,497691100,233656400,463656300,49717600,2351078800,9953.8220000000001,4673.1279999999997,9273.1260000000002,994.35199999999998,47021.576000000001,31100,66500,289800,42954900,6100,8400,41000,18292600,1.7297507097496421e-16,2.231274165727025e-16,MAX_FRAMES_REACHED,SHARD1_POINT_K200_M511K421_29,SHARD_1,BASE_0P5DB
stage08_multipath_formal_common_snr,a251a4f1d4cfb87fd01e99da592a8ae9a9bfe790,BC8C55A2713D7A06EBAA8A6EDD34813874918E3535AC4C23C9BAE7ABA7755784,K200_M511K421,"BCH421整块200",200,511,421,10,1,290,0.68965517241379315,S2_FIXED_REAL_FIR_V1,"1;0.65;0;0.35","0.80451798670912955;0.52293669136093424;0;0.28158129534819532",0.99999999999999989,BLOCK_LINEAR_MMSE,BANDED_CHOLESKY_NORMAL_EQUATIONS,31,15.5,35.481338923357548,14.103380065709937,0.028183829312644536,8080808,50000,10000000,0,0,0,0,0,50000,0,0,0,0,0,1,390573200,167677600,374992000,47739900,1860143000,7811.4639999999999,3353.5520000000001,7499.8400000000001,954.798,37202.860000000001,29600,50700,152800,32532500,5800,8100,25900,9046000,1.7542988180387859e-16,2.181593094589989e-16,MAX_FRAMES_REACHED,SHARD1_POINT_K200_M511K421_31,SHARD_1,BASE_0P5DB
stage08_multipath_formal_common_snr,a251a4f1d4cfb87fd01e99da592a8ae9a9bfe790,BC8C55A2713D7A06EBAA8A6EDD34813874918E3535AC4C23C9BAE7ABA7755784,K200_M511K421,"BCH421整块200",200,511,421,10,1,290,0.68965517241379315,S2_FIXED_REAL_FIR_V1,"1;0.65;0;0.35","0.80451798670912955;0.52293669136093424;0;0.28158129534819532",0.99999999999999989,BLOCK_LINEAR_MMSE,BANDED_CHOLESKY_NORMAL_EQUATIONS,33,16.5,44.668359215096302,15.103380065709937,0.022387211385683402,8080808,50000,10000000,0,0,0,0,0,50000,0,0,0,0,0,1,416248400,193891500,397719400,49930600,2294458000,8324.9680000000008,3877.8299999999999,7954.3879999999999,998.61199999999997,45889.160000000003,29500,56000,199400,292734100,5800,8100,30000,4206100,1.7508333260431186e-16,2.2206187908173855e-16,MAX_FRAMES_REACHED,SHARD1_POINT_K200_M511K421_33,SHARD_1,BASE_0P5DB
stage08_multipath_formal_common_snr,a251a4f1d4cfb87fd01e99da592a8ae9a9bfe790,BC8C55A2713D7A06EBAA8A6EDD34813874918E3535AC4C23C9BAE7ABA7755784,K200_M511K421,"BCH421整块200",200,511,421,10,1,290,0.68965517241379315,S2_FIXED_REAL_FIR_V1,"1;0.65;0;0.35","0.80451798670912955;0.52293669136093424;0;0.28158129534819532",0.99999999999999989,BLOCK_LINEAR_MMSE,BANDED_CHOLESKY_NORMAL_EQUATIONS,35,17.5,56.234132519034908,16.103380065709935,0.017782794100389229,8080808,50000,10000000,0,0,0,0,0,50000,0,0,0,0,0,1,809249700,229383400,463741800,49624200,2679639600,16184.994000000001,4587.6679999999997,9274.8359999999993,992.48400000000004,53592.792000000001,29900,69400,300500,207640700,6100,8400,42300,10677800,1.764446646314512e-16,2.1999991843067514e-16,MAX_FRAMES_REACHED,SHARD1_POINT_K200_M511K421_35,SHARD_1,BASE_0P5DB
stage08_multipath_formal_common_snr,a251a4f1d4cfb87fd01e99da592a8ae9a9bfe790,BC8C55A2713D7A06EBAA8A6EDD34813874918E3535AC4C23C9BAE7ABA7755784,K200_M511K385,"BCH385整块200",200,511,385,14,1,326,0.61349693251533743,S2_FIXED_REAL_FIR_V1,"1;0.65;0;0.35","0.80451798670912955;0.52293669136093424;0;0.28158129534819532",0.99999999999999989,BLOCK_LINEAR_MMSE,BANDED_CHOLESKY_NORMAL_EQUATIONS,0,0,1,-0.88842391260023401,1,8080808,1000,200000,37438,1000,1000,0,0,0,0.18719,1,1,0,0,0,9246600,4240600,8841200,962200,109252100,9246.6000000000004,4240.6000000000004,8841.2000000000007,962.20000000000005,109252.10000000001,95700,176100,343200,2079900,7200,9600,36100,433400,1.9644027384149632e-16,2.3587751437584808e-16,TARGET_FRAME_ERRORS_REACHED,SHARD1_POINT_K200_M511K385_0,SHARD_1,BASE_0P5DB
stage08_multipath_formal_common_snr,a251a4f1d4cfb87fd01e99da592a8ae9a9bfe790,BC8C55A2713D7A06EBAA8A6EDD34813874918E3535AC4C23C9BAE7ABA7755784,K200_M511K385,"BCH385整块200",200,511,385,14,1,326,0.61349693251533743,S2_FIXED_REAL_FIR_V1,"1;0.65;0;0.35","0.80451798670912955;0.52293669136093424;0;0.28158129534819532",0.99999999999999989,BLOCK_LINEAR_MMSE,BANDED_CHOLESKY_NORMAL_EQUATIONS,2,1,1.2589254117941673,0.11157608739976599,0.79432823472428149,8080808,1000,200000,32612,1000,1000,0,0,0,0.16306000000000001,1,1,0,0,0,9428100,3436100,8628500,932300,103739000,9428.1000000000004,3436.0999999999999,8628.5,932.29999999999995,103739,95300,151800,290700,904700,7000,9500,26800,342700,1.7398549532458364e-16,2.153011965808439e-16,TARGET_FRAME_ERRORS_REACHED,SHARD1_POINT_K200_M511K385_2,SHARD_1,BASE_0P5DB
stage08_multipath_formal_common_snr,a251a4f1d4cfb87fd01e99da592a8ae9a9bfe790,BC8C55A2713D7A06EBAA8A6EDD34813874918E3535AC4C23C9BAE7ABA7755784,K200_M511K385,"BCH385整块200",200,511,385,14,1,326,0.61349693251533743,S2_FIXED_REAL_FIR_V1,"1;0.65;0;0.35","0.80451798670912955;0.52293669136093424;0;0.28158129534819532",0.99999999999999989,BLOCK_LINEAR_MMSE,BANDED_CHOLESKY_NORMAL_EQUATIONS,4,2,1.5848931924611136,1.111576087399766,0.63095734448019325,8080808,1000,200000,28371,1000,1000,0,0,0,0.14185500000000001,1,1,0,0,0,7983100,3221200,7079900,884800,95760800,7983.1000000000004,3221.1999999999998,7079.8999999999996,884.79999999999995,95760.800000000003,90300,127700,185800,381800,6800,9000,12200,42400,1.8419851979374372e-16,2.2372222292950691e-16,TARGET_FRAME_ERRORS_REACHED,SHARD1_POINT_K200_M511K385_4,SHARD_1,BASE_0P5DB
stage08_multipath_formal_common_snr,a251a4f1d4cfb87fd01e99da592a8ae9a9bfe790,BC8C55A2713D7A06EBAA8A6EDD34813874918E3535AC4C23C9BAE7ABA7755784,K200_M511K385,"BCH385整块200",200,511,385,14,1,326,0.61349693251533743,S2_FIXED_REAL_FIR_V1,"1;0.65;0;0.35","0.80451798670912955;0.52293669136093424;0;0.28158129534819532",0.99999999999999989,BLOCK_LINEAR_MMSE,BANDED_CHOLESKY_NORMAL_EQUATIONS,6,3,1.9952623149688795,2.111576087399766,0.50118723362727235,8080808,1000,200000,23295,1000,1000,0,0,0,0.116475,1,1,0,0,0,8076600,3378300,7359600,885100,98130700,8076.6000000000004,3378.3000000000002,7359.6000000000004,885.10000000000002,98130.699999999997,92100,136700,256500,475500,6800,9200,22800,41800,1.8802543038133808e-16,2.2496796190712237e-16,TARGET_FRAME_ERRORS_REACHED,SHARD1_POINT_K200_M511K385_6,SHARD_1,BASE_0P5DB
stage08_multipath_formal_common_snr,a251a4f1d4cfb87fd01e99da592a8ae9a9bfe790,BC8C55A2713D7A06EBAA8A6EDD34813874918E3535AC4C23C9BAE7ABA7755784,K200_M511K385,"BCH385整块200",200,511,385,14,1,326,0.61349693251533743,S2_FIXED_REAL_FIR_V1,"1;0.65;0;0.35","0.80451798670912955;0.52293669136093424;0;0.28158129534819532",0.99999999999999989,BLOCK_LINEAR_MMSE,BANDED_CHOLESKY_NORMAL_EQUATIONS,8,4,2.5118864315095801,3.111576087399766,0.39810717055349726,8080808,1000,200000,18864,1000,1000,0,0,0,0.094320000000000001,1,1,0,0,0,9438600,3748300,8086500,997900,100709800,9438.6000000000004,3748.3000000000002,8086.5,997.89999999999998,100709.8,97200,129700,250000,390400,7000,9400,27400,93200,1.9475306221553121e-16,2.2983017437752277e-16,TARGET_FRAME_ERRORS_REACHED,SHARD1_POINT_K200_M511K385_8,SHARD_1,BASE_0P5DB
stage08_multipath_formal_common_snr,a251a4f1d4cfb87fd01e99da592a8ae9a9bfe790,BC8C55A2713D7A06EBAA8A6EDD34813874918E3535AC4C23C9BAE7ABA7755784,K200_M511K385,"BCH385整块200",200,511,385,14,1,326,0.61349693251533743,S2_FIXED_REAL_FIR_V1,"1;0.65;0;0.35","0.80451798670912955;0.52293669136093424;0;0.28158129534819532",0.99999999999999989,BLOCK_LINEAR_MMSE,BANDED_CHOLESKY_NORMAL_EQUATIONS,10,5,3.1622776601683795,4.111576087399766,0.31622776601683794,8080808,1000,200000,14884,983,983,0,0,17,0.07442,0.98299999999999998,0.98299999999999998,0,0,0.017000000000000001,8375300,4383800,7825000,1080800,104160000,8375.2999999999993,4383.8000000000002,7825,1080.8,104160,96200,162400,269600,494800,7000,9200,26000,107500,1.7200297194877887e-16,2.0614724081460078e-16,TARGET_FRAME_ERRORS_REACHED,SHARD1_POINT_K200_M511K385_10,SHARD_1,BASE_0P5DB
stage08_multipath_formal_common_snr,a251a4f1d4cfb87fd01e99da592a8ae9a9bfe790,BC8C55A2713D7A06EBAA8A6EDD34813874918E3535AC4C23C9BAE7ABA7755784,K200_M511K385,"BCH385整块200",200,511,385,14,1,326,0.61349693251533743,S2_FIXED_REAL_FIR_V1,"1;0.65;0;0.35","0.80451798670912955;0.52293669136093424;0;0.28158129534819532",0.99999999999999989,BLOCK_LINEAR_MMSE,BANDED_CHOLESKY_NORMAL_EQUATIONS,12,6,3.9810717055349722,5.111576087399766,0.25118864315095801,8080808,1000,200000,10275,823,823,0,0,177,0.051374999999999997,0.82299999999999995,0.82299999999999995,0,0,0.17699999999999999,9396000,3397200,7584800,1520800,102862200,9396,3397.1999999999998,7584.8000000000002,1520.8,102862.2,95600,150100,238600,808800,6900,9500,19600,41300,1.904228235468647e-16,2.3207468759318004e-16,TARGET_FRAME_ERRORS_REACHED,SHARD1_POINT_K200_M511K385_12,SHARD_1,BASE_0P5DB
stage08_multipath_formal_common_snr,a251a4f1d4cfb87fd01e99da592a8ae9a9bfe790,BC8C55A2713D7A06EBAA8A6EDD34813874918E3535AC4C23C9BAE7ABA7755784,K200_M511K385,"BCH385整块200",200,511,385,14,1,326,0.61349693251533743,S2_FIXED_REAL_FIR_V1,"1;0.65;0;0.35","0.80451798670912955;0.52293669136093424;0;0.28158129534819532",0.99999999999999989,BLOCK_LINEAR_MMSE,BANDED_CHOLESKY_NORMAL_EQUATIONS,14,7,5.011872336272722,6.111576087399766,0.199526231496888,8080808,1000,200000,4423,415,415,0,0,585,0.022114999999999999,0.41499999999999998,0.41499999999999998,0,0,0.58499999999999996,7665900,3172400,7300400,964500,92311200,7665.8999999999996,3172.4000000000001,7300.3999999999996,964.5,92311.199999999997,87900,119700,239400,678900,6700,8900,16400,129600,1.7292201814113491e-16,2.0665363650761998e-16,TARGET_FRAME_ERRORS_REACHED,SHARD1_POINT_K200_M511K385_14,SHARD_1,BASE_0P5DB
stage08_multipath_formal_common_snr,a251a4f1d4cfb87fd01e99da592a8ae9a9bfe790,BC8C55A2713D7A06EBAA8A6EDD34813874918E3535AC4C23C9BAE7ABA7755784,K200_M511K385,"BCH385整块200",200,511,385,14,1,326,0.61349693251533743,S2_FIXED_REAL_FIR_V1,"1;0.65;0;0.35","0.80451798670912955;0.52293669136093424;0;0.28158129534819532",0.99999999999999989,BLOCK_LINEAR_MMSE,BANDED_CHOLESKY_NORMAL_EQUATIONS,16,8,6.3095734448019334,7.111576087399766,0.15848931924611132,8080808,1999,399800,2094,200,200,0,0,1799,0.0052376188094047024,0.10005002501250625,0.10005002501250625,0,0,0.89994997498749374,15045000,6184300,14118200,1733300,156432400,7526.2631315657827,3093.696848424212,7062.631315657829,867.0835417708854,78255.327663831922,75000,104600,142300,731700,6700,9000,9800,188300,1.8122000846658191e-16,2.2454524737801251e-16,TARGET_FRAME_ERRORS_REACHED,SHARD1_POINT_K200_M511K385_16,SHARD_1,BASE_0P5DB
stage08_multipath_formal_common_snr,a251a4f1d4cfb87fd01e99da592a8ae9a9bfe790,BC8C55A2713D7A06EBAA8A6EDD34813874918E3535AC4C23C9BAE7ABA7755784,K200_M511K385,"BCH385整块200",200,511,385,14,1,326,0.61349693251533743,S2_FIXED_REAL_FIR_V1,"1;0.65;0;0.35","0.80451798670912955;0.52293669136093424;0;0.28158129534819532",0.99999999999999989,BLOCK_LINEAR_MMSE,BANDED_CHOLESKY_NORMAL_EQUATIONS,18,9,7.9432823472428158,8.1115760873997651,0.1258925411794167,8080808,15766,3153200,2027,200,200,0,0,15566,0.00064283902067740703,0.012685525815045033,0.012685525815045033,0,0,0.98731447418495499,143551000,62269200,135267500,23363600,1364402100,9105.0995813776481,3949.5877204110111,8579.6968159330208,1481.8977546619308,86540.790308258278,62500,115800,438700,36536900,6300,9000,30600,7327000,2.2614951675928626e-16,2.7764048829730968e-16,TARGET_FRAME_ERRORS_REACHED,SHARD1_POINT_K200_M511K385_18,SHARD_1,BASE_0P5DB
stage08_multipath_formal_common_snr,a251a4f1d4cfb87fd01e99da592a8ae9a9bfe790,BC8C55A2713D7A06EBAA8A6EDD34813874918E3535AC4C23C9BAE7ABA7755784,K200_M511K385,"BCH385整块200",200,511,385,14,1,326,0.61349693251533743,S2_FIXED_REAL_FIR_V1,"1;0.65;0;0.35","0.80451798670912955;0.52293669136093424;0;0.28158129534819532",0.99999999999999989,BLOCK_LINEAR_MMSE,BANDED_CHOLESKY_NORMAL_EQUATIONS,20,10,10,9.1115760873997651,0.10000000000000001,8080808,50000,10000000,388,38,38,0,0,49962,3.8800000000000001e-05,0.00076000000000000004,0.00076000000000000004,0,0,0.99924000000000002,451103900,213153900,464609000,51958500,3626957200,9022.0779999999995,4263.0780000000004,9292.1800000000003,1039.1700000000001,72539.144,55900,102900,323200,42458600,6500,9100,30100,34273600,1.7958551374855897e-16,2.1946494193503236e-16,MAX_FRAMES_REACHED,SHARD1_POINT_K200_M511K385_20,SHARD_1,BASE_0P5DB
stage08_multipath_formal_common_snr,a251a4f1d4cfb87fd01e99da592a8ae9a9bfe790,BC8C55A2713D7A06EBAA8A6EDD34813874918E3535AC4C23C9BAE7ABA7755784,K200_M511K385,"BCH385整块200",200,511,385,14,1,326,0.61349693251533743,S2_FIXED_REAL_FIR_V1,"1;0.65;0;0.35","0.80451798670912955;0.52293669136093424;0;0.28158129534819532",0.99999999999999989,BLOCK_LINEAR_MMSE,BANDED_CHOLESKY_NORMAL_EQUATIONS,22,11,12.589254117941675,10.111576087399765,0.079432823472428138,8080808,50000,10000000,33,3,3,0,0,49997,3.3000000000000002e-06,6.0000000000000002e-05,6.0000000000000002e-05,0,0,0.99994000000000005,631946600,216196700,489161300,56982500,3695036100,12638.932000000001,4323.9340000000002,9783.2260000000006,1139.6500000000001,73900.721999999994,52400,108800,371500,50134200,6700,9300,37900,21927400,1.7426424572800265e-16,2.1964155267524177e-16,MAX_FRAMES_REACHED,SHARD1_POINT_K200_M511K385_22,SHARD_1,BASE_0P5DB
stage08_multipath_formal_common_snr,a251a4f1d4cfb87fd01e99da592a8ae9a9bfe790,BC8C55A2713D7A06EBAA8A6EDD34813874918E3535AC4C23C9BAE7ABA7755784,K200_M511K385,"BCH385整块200",200,511,385,14,1,326,0.61349693251533743,S2_FIXED_REAL_FIR_V1,"1;0.65;0;0.35","0.80451798670912955;0.52293669136093424;0;0.28158129534819532",0.99999999999999989,BLOCK_LINEAR_MMSE,BANDED_CHOLESKY_NORMAL_EQUATIONS,24,12,15.848931924611133,11.111576087399765,0.063095734448019331,8080808,50000,10000000,0,0,0,0,0,50000,0,0,0,0,0,1,443234100,187338500,437918700,48509500,3047114500,8864.6820000000007,3746.77,8758.3739999999998,970.19000000000005,60942.290000000001,47100,81100,266300,33901100,6600,9000,28600,6180800,1.737153223384098e-16,2.1260974572170075e-16,MAX_FRAMES_REACHED,SHARD1_POINT_K200_M511K385_24,SHARD_1,BASE_0P5DB
stage08_multipath_formal_common_snr,a251a4f1d4cfb87fd01e99da592a8ae9a9bfe790,BC8C55A2713D7A06EBAA8A6EDD34813874918E3535AC4C23C9BAE7ABA7755784,K200_M511K385,"BCH385整块200",200,511,385,14,1,326,0.61349693251533743,S2_FIXED_REAL_FIR_V1,"1;0.65;0;0.35","0.80451798670912955;0.52293669136093424;0;0.28158129534819532",0.99999999999999989,BLOCK_LINEAR_MMSE,BANDED_CHOLESKY_NORMAL_EQUATIONS,26,13,19.952623149688797,12.111576087399765,0.050118723362727227,8080808,50000,10000000,0,0,0,0,0,50000,0,0,0,0,0,1,658514100,276125000,529767300,65383500,3801128600,13170.281999999999,5522.5,10595.346,1307.6700000000001,76022.572,47200,120800,514200,80061300,6900,9600,51100,18046300,1.7547245171023348e-16,2.1929564920194165e-16,MAX_FRAMES_REACHED,SHARD1_POINT_K200_M511K385_26,SHARD_1,BASE_0P5DB
stage08_multipath_formal_common_snr,a251a4f1d4cfb87fd01e99da592a8ae9a9bfe790,BC8C55A2713D7A06EBAA8A6EDD34813874918E3535AC4C23C9BAE7ABA7755784,K200_M511K385,"BCH385整块200",200,511,385,14,1,326,0.61349693251533743,S2_FIXED_REAL_FIR_V1,"1;0.65;0;0.35","0.80451798670912955;0.52293669136093424;0;0.28158129534819532",0.99999999999999989,BLOCK_LINEAR_MMSE,BANDED_CHOLESKY_NORMAL_EQUATIONS,28,14,25.118864315095795,13.111576087399765,0.039810717055349734,8080808,50000,10000000,0,0,0,0,0,50000,0,0,0,0,0,1,479100900,228886400,455155500,57122500,2932590800,9582.018,4577.7280000000001,9103.1100000000006,1142.45,58651.815999999999,41700,82400,335700,21335500,6600,9200,34800,5267300,1.721981439693397e-16,2.1816730626744427e-16,MAX_FRAMES_REACHED,SHARD1_POINT_K200_M511K385_28,SHARD_1,BASE_0P5DB
stage08_multipath_formal_common_snr,a251a4f1d4cfb87fd01e99da592a8ae9a9bfe790,BC8C55A2713D7A06EBAA8A6EDD34813874918E3535AC4C23C9BAE7ABA7755784,K200_M511K385,"BCH385整块200",200,511,385,14,1,326,0.61349693251533743,S2_FIXED_REAL_FIR_V1,"1;0.65;0;0.35","0.80451798670912955;0.52293669136093424;0;0.28158129534819532",0.99999999999999989,BLOCK_LINEAR_MMSE,BANDED_CHOLESKY_NORMAL_EQUATIONS,30,15,31.622776601683793,14.111576087399765,0.031622776601683791,8080808,50000,10000000,0,0,0,0,0,50000,0,0,0,0,0,1,569008700,258840100,557613500,55586500,3296602600,11380.174000000001,5176.8019999999997,11152.27,1111.73,65932.051999999996,43400,104200,485000,23203100,6900,9400,50700,34817100,1.8292212198693516e-16,2.2772008457813027e-16,MAX_FRAMES_REACHED,SHARD1_POINT_K200_M511K385_30,SHARD_1,BASE_0P5DB
stage08_multipath_formal_common_snr,a251a4f1d4cfb87fd01e99da592a8ae9a9bfe790,BC8C55A2713D7A06EBAA8A6EDD34813874918E3535AC4C23C9BAE7ABA7755784,K200_M511K385,"BCH385整块200",200,511,385,14,1,326,0.61349693251533743,S2_FIXED_REAL_FIR_V1,"1;0.65;0;0.35","0.80451798670912955;0.52293669136093424;0;0.28158129534819532",0.99999999999999989,BLOCK_LINEAR_MMSE,BANDED_CHOLESKY_NORMAL_EQUATIONS,32,16,39.810717055349734,15.111576087399765,0.025118864315095794,8080808,50000,10000000,0,0,0,0,0,50000,0,0,0,0,0,1,507585600,230308100,530829400,55562700,2847052200,10151.712,4606.1620000000003,10616.588,1111.2539999999999,56941.044000000002,42300,79300,299000,38258900,6700,9300,35200,51181400,1.8783495812889511e-16,2.321192760411078e-16,MAX_FRAMES_REACHED,SHARD1_POINT_K200_M511K385_32,SHARD_1,BASE_0P5DB
stage08_multipath_formal_common_snr,a251a4f1d4cfb87fd01e99da592a8ae9a9bfe790,BC8C55A2713D7A06EBAA8A6EDD34813874918E3535AC4C23C9BAE7ABA7755784,K200_M511K385,"BCH385整块200",200,511,385,14,1,326,0.61349693251533743,S2_FIXED_REAL_FIR_V1,"1;0.65;0;0.35","0.80451798670912955;0.52293669136093424;0;0.28158129534819532",0.99999999999999989,BLOCK_LINEAR_MMSE,BANDED_CHOLESKY_NORMAL_EQUATIONS,34,17,50.118723362727224,16.111576087399765,0.019952623149688799,8080808,50000,10000000,0,0,0,0,0,50000,0,0,0,0,0,1,459182500,208538800,395842500,46853100,2446672200,9183.6499999999996,4170.7759999999998,7916.8500000000004,937.06200000000001,48933.444000000003,41300,67100,181000,5811500,6500,9000,26300,1919900,1.8815881391557481e-16,2.341649622386408e-16,MAX_FRAMES_REACHED,SHARD1_POINT_K200_M511K385_34,SHARD_1,BASE_0P5DB
stage08_multipath_formal_common_snr,a251a4f1d4cfb87fd01e99da592a8ae9a9bfe790,BC8C55A2713D7A06EBAA8A6EDD34813874918E3535AC4C23C9BAE7ABA7755784,K200_M511K385,"BCH385整块200",200,511,385,14,1,326,0.61349693251533743,S2_FIXED_REAL_FIR_V1,"1;0.65;0;0.35","0.80451798670912955;0.52293669136093424;0;0.28158129534819532",0.99999999999999989,BLOCK_LINEAR_MMSE,BANDED_CHOLESKY_NORMAL_EQUATIONS,36,18,63.095734448019329,17.111576087399765,0.015848931924611134,8080808,50000,10000000,0,0,0,0,0,50000,0,0,0,0,0,1,500453000,207699700,552335700,57878500,2966582200,10009.059999999999,4153.9939999999997,11046.714,1157.5699999999999,59331.644,42200,85300,327900,39316200,6600,9300,36200,37042300,1.7805505281881711e-16,2.1959259541354693e-16,MAX_FRAMES_REACHED,SHARD1_POINT_K200_M511K385_36,SHARD_1,BASE_0P5DB
stage08_multipath_formal_common_snr,a251a4f1d4cfb87fd01e99da592a8ae9a9bfe790,BC8C55A2713D7A06EBAA8A6EDD34813874918E3535AC4C23C9BAE7ABA7755784,K300_S15,"BCH15分块300",300,15,11,1,28,420,0.7142857142857143,S2_FIXED_REAL_FIR_V1,"1;0.65;0;0.35","0.80451798670912955;0.52293669136093424;0;0.28158129534819532",0.99999999999999989,BLOCK_LINEAR_MMSE,BANDED_CHOLESKY_NORMAL_EQUATIONS,1,0.5,1.1220184543019633,-1.0490195998574319,0.89125093813374556,8080808,1000,300000,59961,1000,0,1000,1000,0,0.19986999999999999,1,0,1,1,0,12868000,6001300,10972400,1252300,29701800,12868,6001.3000000000002,10972.4,1252.3,29701.799999999999,20500,42800,158400,2625300,9100,12600,37900,444400,2.1045552398917574e-16,2.5532575849940643e-16,TARGET_FRAME_ERRORS_REACHED,SHARD1_POINT_K300_S15_1,SHARD_1,BASE_0P5DB
stage08_multipath_formal_common_snr,a251a4f1d4cfb87fd01e99da592a8ae9a9bfe790,BC8C55A2713D7A06EBAA8A6EDD34813874918E3535AC4C23C9BAE7ABA7755784,K300_S15,"BCH15分块300",300,15,11,1,28,420,0.7142857142857143,S2_FIXED_REAL_FIR_V1,"1;0.65;0;0.35","0.80451798670912955;0.52293669136093424;0;0.28158129534819532",0.99999999999999989,BLOCK_LINEAR_MMSE,BANDED_CHOLESKY_NORMAL_EQUATIONS,3,1.5,1.4125375446227544,-0.049019599857431873,0.70794578438413791,8080808,1000,300000,51325,1000,0,1000,1000,0,0.17108333333333334,1,0,1,1,0,10307600,5504200,11301700,1345600,25227800,10307.6,5504.1999999999998,11301.700000000001,1345.5999999999999,25227.799999999999,20600,36100,144600,720300,9200,10700,37800,391900,1.7930010089673905e-16,2.2242906447294661e-16,TARGET_FRAME_ERRORS_REACHED,SHARD1_POINT_K300_S15_3,SHARD_1,BASE_0P5DB
stage08_multipath_formal_common_snr,a251a4f1d4cfb87fd01e99da592a8ae9a9bfe790,BC8C55A2713D7A06EBAA8A6EDD34813874918E3535AC4C23C9BAE7ABA7755784,K300_S15,"BCH15分块300",300,15,11,1,28,420,0.7142857142857143,S2_FIXED_REAL_FIR_V1,"1;0.65;0;0.35","0.80451798670912955;0.52293669136093424;0;0.28158129534819532",0.99999999999999989,BLOCK_LINEAR_MMSE,BANDED_CHOLESKY_NORMAL_EQUATIONS,5,2.5,1.7782794100389228,0.95098040014256813,0.56234132519034907,8080808,1000,300000,42252,1000,0,1000,1000,0,0.14083999999999999,1,0,1,1,0,14546700,10878000,17727400,1766600,46218300,14546.700000000001,10878,17727.400000000001,1766.5999999999999,46218.300000000003,21000,94200,349800,8080000,9300,30200,137600,1296800,2.2563416389722119e-16,2.6095074767039395e-16,TARGET_FRAME_ERRORS_REACHED,SHARD1_POINT_K300_S15_5,SHARD_1,BASE_0P5DB
stage08_multipath_formal_common_snr,a251a4f1d4cfb87fd01e99da592a8ae9a9bfe790,BC8C55A2713D7A06EBAA8A6EDD34813874918E3535AC4C23C9BAE7ABA7755784,K300_S15,"BCH15分块300",300,15,11,1,28,420,0.7142857142857143,S2_FIXED_REAL_FIR_V1,"1;0.65;0;0.35","0.80451798670912955;0.52293669136093424;0;0.28158129534819532",0.99999999999999989,BLOCK_LINEAR_MMSE,BANDED_CHOLESKY_NORMAL_EQUATIONS,7,3.5,2.2387211385683394,1.9509804001425681,0.44668359215096315,8080808,1000,300000,33427,1000,0,1000,1000,0,0.11142333333333333,1,0,1,1,0,9170300,4451600,11141600,1191300,25873500,9170.2999999999993,4451.6000000000004,11141.6,1191.3,25873.5,20100,30200,177400,1129900,9200,12900,55300,329300,1.7131456142170389e-16,1.978777346147979e-16,TARGET_FRAME_ERRORS_REACHED,SHARD1_POINT_K300_S15_7,SHARD_1,BASE_0P5DB
stage08_multipath_formal_common_snr,a251a4f1d4cfb87fd01e99da592a8ae9a9bfe790,BC8C55A2713D7A06EBAA8A6EDD34813874918E3535AC4C23C9BAE7ABA7755784,K300_S15,"BCH15分块300",300,15,11,1,28,420,0.7142857142857143,S2_FIXED_REAL_FIR_V1,"1;0.65;0;0.35","0.80451798670912955;0.52293669136093424;0;0.28158129534819532",0.99999999999999989,BLOCK_LINEAR_MMSE,BANDED_CHOLESKY_NORMAL_EQUATIONS,9,4.5,2.8183829312644537,2.9509804001425683,0.35481338923357547,8080808,1000,300000,25202,1000,0,1000,1000,0,0.08400666666666666,1,0,1,1,0,8367300,4296900,9986300,1383900,21198000,8367.2999999999993,4296.8999999999996,9986.2999999999993,1383.9000000000001,21198,19400,26100,65600,957700,9100,12900,26700,172500,2.3490645940556077e-16,2.7469348273201681e-16,TARGET_FRAME_ERRORS_REACHED,SHARD1_POINT_K300_S15_9,SHARD_1,BASE_0P5DB
stage08_multipath_formal_common_snr,a251a4f1d4cfb87fd01e99da592a8ae9a9bfe790,BC8C55A2713D7A06EBAA8A6EDD34813874918E3535AC4C23C9BAE7ABA7755784,K300_S15,"BCH15分块300",300,15,11,1,28,420,0.7142857142857143,S2_FIXED_REAL_FIR_V1,"1;0.65;0;0.35","0.80451798670912955;0.52293669136093424;0;0.28158129534819532",0.99999999999999989,BLOCK_LINEAR_MMSE,BANDED_CHOLESKY_NORMAL_EQUATIONS,11,5.5,3.548133892335755,3.9509804001425683,0.28183829312644537,8080808,1000,300000,17229,999,0,999,999,1,0.057430000000000002,0.999,0,0.999,0.999,0.001,8344900,4744500,10128000,1105100,19460400,8344.8999999999996,4744.5,10128,1105.0999999999999,19460.400000000001,18700,24100,48600,279400,8900,12900,34000,147100,2.1040459494701107e-16,2.4455062615901721e-16,TARGET_FRAME_ERRORS_REACHED,SHARD1_POINT_K300_S15_11,SHARD_1,BASE_0P5DB
stage08_multipath_formal_common_snr,a251a4f1d4cfb87fd01e99da592a8ae9a9bfe790,BC8C55A2713D7A06EBAA8A6EDD34813874918E3535AC4C23C9BAE7ABA7755784,K300_S15,"BCH15分块300",300,15,11,1,28,420,0.7142857142857143,S2_FIXED_REAL_FIR_V1,"1;0.65;0;0.35","0.80451798670912955;0.52293669136093424;0;0.28158129534819532",0.99999999999999989,BLOCK_LINEAR_MMSE,BANDED_CHOLESKY_NORMAL_EQUATIONS,13,6.5,4.4668359215096318,4.9509804001425683,0.22387211385683392,8080808,1000,300000,11719,996,0,996,996,4,0.039063333333333332,0.996,0,0.996,0.996,0.0040000000000000001,7771600,3929900,9671100,1154600,19382900,7771.6000000000004,3929.9000000000001,9671.1000000000004,1154.5999999999999,19382.900000000001,18100,23100,63000,253800,8800,11900,27300,110600,1.8124780409358572e-16,2.1394599322173206e-16,TARGET_FRAME_ERRORS_REACHED,SHARD1_POINT_K300_S15_13,SHARD_1,BASE_0P5DB
stage08_multipath_formal_common_snr,a251a4f1d4cfb87fd01e99da592a8ae9a9bfe790,BC8C55A2713D7A06EBAA8A6EDD34813874918E3535AC4C23C9BAE7ABA7755784,K300_S15,"BCH15分块300",300,15,11,1,28,420,0.7142857142857143,S2_FIXED_REAL_FIR_V1,"1;0.65;0;0.35","0.80451798670912955;0.52293669136093424;0;0.28158129534819532",0.99999999999999989,BLOCK_LINEAR_MMSE,BANDED_CHOLESKY_NORMAL_EQUATIONS,15,7.5,5.6234132519034912,5.9509804001425683,0.17782794100389226,8080808,1000,300000,7710,956,0,956,956,44,0.025700000000000001,0.95599999999999996,0,0.95599999999999996,0.95599999999999996,0.043999999999999997,7581700,3987400,9725900,1081000,17434600,7581.6999999999998,3987.4000000000001,9725.8999999999996,1081,17434.599999999999,17500,22600,39900,105800,8800,12500,20500,382200,1.7405583475783779e-16,2.1281421349483725e-16,TARGET_FRAME_ERRORS_REACHED,SHARD1_POINT_K300_S15_15,SHARD_1,BASE_0P5DB
stage08_multipath_formal_common_snr,a251a4f1d4cfb87fd01e99da592a8ae9a9bfe790,BC8C55A2713D7A06EBAA8A6EDD34813874918E3535AC4C23C9BAE7ABA7755784,K300_S15,"BCH15分块300",300,15,11,1,28,420,0.7142857142857143,S2_FIXED_REAL_FIR_V1,"1;0.65;0;0.35","0.80451798670912955;0.52293669136093424;0;0.28158129534819532",0.99999999999999989,BLOCK_LINEAR_MMSE,BANDED_CHOLESKY_NORMAL_EQUATIONS,17,8.5,7.0794578438413787,6.9509804001425683,0.14125375446227545,8080808,1000,300000,4352,844,0,844,844,156,0.014506666666666666,0.84399999999999997,0,0.84399999999999997,0.84399999999999997,0.156,15194200,6450300,15466600,1352900,28058500,15194.200000000001,6450.3000000000002,15466.6,1352.9000000000001,28058.5,18100,48800,179600,2522100,9200,13800,102000,1523200,1.6655569009418127e-16,1.9913000312065734e-16,TARGET_FRAME_ERRORS_REACHED,SHARD1_POINT_K300_S15_17,SHARD_1,BASE_0P5DB
stage08_multipath_formal_common_snr,a251a4f1d4cfb87fd01e99da592a8ae9a9bfe790,BC8C55A2713D7A06EBAA8A6EDD34813874918E3535AC4C23C9BAE7ABA7755784,K300_S15,"BCH15分块300",300,15,11,1,28,420,0.7142857142857143,S2_FIXED_REAL_FIR_V1,"1;0.65;0;0.35","0.80451798670912955;0.52293669136093424;0;0.28158129534819532",0.99999999999999989,BLOCK_LINEAR_MMSE,BANDED_CHOLESKY_NORMAL_EQUATIONS,19,9.5,8.9125093813374541,7.9509804001425683,0.11220184543019636,8080808,1000,300000,2516,652,0,652,652,348,0.0083866666666666673,0.65200000000000002,0,0.65200000000000002,0.65200000000000002,0.34799999999999998,13535500,7073200,19267400,1286300,31234100,13535.5,7073.1999999999998,19267.400000000001,1286.3,31234.099999999999,17800,64000,283500,3238900,9300,19100,142600,4876000,1.7045518329800621e-16,1.9744183464881715e-16,TARGET_FRAME_ERRORS_REACHED,SHARD1_POINT_K300_S15_19,SHARD_1,BASE_0P5DB
stage08_multipath_formal_common_snr,a251a4f1d4cfb87fd01e99da592a8ae9a9bfe790,BC8C55A2713D7A06EBAA8A6EDD34813874918E3535AC4C23C9BAE7ABA7755784,K300_S15,"BCH15分块300",300,15,11,1,28,420,0.7142857142857143,S2_FIXED_REAL_FIR_V1,"1;0.65;0;0.35","0.80451798670912955;0.52293669136093424;0;0.28158129534819532",0.99999999999999989,BLOCK_LINEAR_MMSE,BANDED_CHOLESKY_NORMAL_EQUATIONS,21,10.5,11.220184543019636,8.9509804001425675,0.089125093813374537,8080808,1000,300000,1408,449,0,449,449,551,0.0046933333333333332,0.44900000000000001,0,0.44900000000000001,0.44900000000000001,0.55100000000000005,14553900,6429400,17790800,1976600,41481300,14553.9,6429.3999999999996,17790.799999999999,1976.5999999999999,41481.300000000003,17400,69600,381000,7860900,9300,32200,206800,1066700,1.7455959456000942e-16,2.1464940332458312e-16,TARGET_FRAME_ERRORS_REACHED,SHARD1_POINT_K300_S15_21,SHARD_1,BASE_0P5DB
stage08_multipath_formal_common_snr,a251a4f1d4cfb87fd01e99da592a8ae9a9bfe790,BC8C55A2713D7A06EBAA8A6EDD34813874918E3535AC4C23C9BAE7ABA7755784,K300_S15,"BCH15分块300",300,15,11,1,28,420,0.7142857142857143,S2_FIXED_REAL_FIR_V1,"1;0.65;0;0.35","0.80451798670912955;0.52293669136093424;0;0.28158129534819532",0.99999999999999989,BLOCK_LINEAR_MMSE,BANDED_CHOLESKY_NORMAL_EQUATIONS,23,11.5,14.12537544622754,9.9509804001425675,0.070794578438413802,8080808,1000,300000,691,252,0,252,252,748,0.0023033333333333334,0.252,0,0.252,0.252,0.748,10478100,5385600,12415400,1692400,22045300,10478.1,5385.6000000000004,12415.4,1692.4000000000001,22045.299999999999,17300,36100,124300,735200,9300,14400,60200,990500,1.6910347815638697e-16,1.9777426610190964e-16,TARGET_FRAME_ERRORS_REACHED,SHARD1_POINT_K300_S15_23,SHARD_1,BASE_0P5DB
stage08_multipath_formal_common_snr,a251a4f1d4cfb87fd01e99da592a8ae9a9bfe790,BC8C55A2713D7A06EBAA8A6EDD34813874918E3535AC4C23C9BAE7ABA7755784,K300_S15,"BCH15分块300",300,15,11,1,28,420,0.7142857142857143,S2_FIXED_REAL_FIR_V1,"1;0.65;0;0.35","0.80451798670912955;0.52293669136093424;0;0.28158129534819532",0.99999999999999989,BLOCK_LINEAR_MMSE,BANDED_CHOLESKY_NORMAL_EQUATIONS,25,12.5,17.782794100389228,10.950980400142567,0.056234132519034905,8080808,1434,430200,520,200,0,200,200,1234,0.001208740120874012,0.1394700139470014,0,0.1394700139470014,0.1394700139470014,0.86052998605299857,11621900,6437500,14913200,1568700,23924700,8104.5327754532773,4489.1910739191071,10399.721059972106,1093.9330543933054,16683.891213389121,16000,20600,56900,216000,8800,12600,31700,559300,1.8434076111822184e-16,2.1188257330236801e-16,TARGET_FRAME_ERRORS_REACHED,SHARD1_POINT_K300_S15_25,SHARD_1,BASE_0P5DB
stage08_multipath_formal_common_snr,a251a4f1d4cfb87fd01e99da592a8ae9a9bfe790,BC8C55A2713D7A06EBAA8A6EDD34813874918E3535AC4C23C9BAE7ABA7755784,K300_S15,"BCH15分块300",300,15,11,1,28,420,0.7142857142857143,S2_FIXED_REAL_FIR_V1,"1;0.65;0;0.35","0.80451798670912955;0.52293669136093424;0;0.28158129534819532",0.99999999999999989,BLOCK_LINEAR_MMSE,BANDED_CHOLESKY_NORMAL_EQUATIONS,27,13.5,22.387211385683401,11.950980400142567,0.0446683592150963,8080808,3066,919800,500,200,0,200,200,2866,0.00054359643400739288,0.065231572080887146,0,0.065231572080887146,0.065231572080887146,0.93476842791911285,23868500,14522500,29380800,3508300,51601300,7784.8988910632743,4736.6275277234181,9582.7788649706454,1144.259621656882,16830.169602087411,15700,20300,46700,1133900,8700,12200,27800,188000,1.7155538606043398e-16,2.0019731482733126e-16,TARGET_FRAME_ERRORS_REACHED,SHARD1_POINT_K300_S15_27,SHARD_1,BASE_0P5DB
stage08_multipath_formal_common_snr,a251a4f1d4cfb87fd01e99da592a8ae9a9bfe790,BC8C55A2713D7A06EBAA8A6EDD34813874918E3535AC4C23C9BAE7ABA7755784,K300_S15,"BCH15分块300",300,15,11,1,28,420,0.7142857142857143,S2_FIXED_REAL_FIR_V1,"1;0.65;0;0.35","0.80451798670912955;0.52293669136093424;0;0.28158129534819532",0.99999999999999989,BLOCK_LINEAR_MMSE,BANDED_CHOLESKY_NORMAL_EQUATIONS,29,14.5,28.183829312644534,12.950980400142567,0.035481338923357551,8080808,7408,2222400,486,200,0,200,200,7208,0.00021868250539956803,0.026997840172786176,0,0.026997840172786176,0.026997840172786176,0.97300215982721383,63322900,34309100,75489300,9593400,135519100,8547.9076673866093,4631.3579913606909,10190.240280777538,1295.0053995680346,18293.615010799134,15900,23600,64400,2257000,8900,12700,34700,621300,1.696821167012148e-16,2.0099520564483461e-16,TARGET_FRAME_ERRORS_REACHED,SHARD1_POINT_K300_S15_29,SHARD_1,BASE_0P5DB
stage08_multipath_formal_common_snr,a251a4f1d4cfb87fd01e99da592a8ae9a9bfe790,BC8C55A2713D7A06EBAA8A6EDD34813874918E3535AC4C23C9BAE7ABA7755784,K300_S15,"BCH15分块300",300,15,11,1,28,420,0.7142857142857143,S2_FIXED_REAL_FIR_V1,"1;0.65;0;0.35","0.80451798670912955;0.52293669136093424;0;0.28158129534819532",0.99999999999999989,BLOCK_LINEAR_MMSE,BANDED_CHOLESKY_NORMAL_EQUATIONS,31,15.5,35.481338923357548,13.950980400142567,0.028183829312644536,8080808,18680,5604000,485,200,0,200,200,18480,8.6545324768022837e-05,0.010706638115631691,0,0.010706638115631691,0.010706638115631691,0.98929336188436834,269059700,113000100,320330400,27101400,474676600,14403.624197002142,6049.2558886509632,17148.308351177729,1450.8244111349036,25410.95289079229,16700,36700,159600,9384500,9200,16100,86700,35952300,1.7243867626185366e-16,2.0259004115130785e-16,TARGET_FRAME_ERRORS_REACHED,SHARD1_POINT_K300_S15_31,SHARD_1,BASE_0P5DB
stage08_multipath_formal_common_snr,a251a4f1d4cfb87fd01e99da592a8ae9a9bfe790,BC8C55A2713D7A06EBAA8A6EDD34813874918E3535AC4C23C9BAE7ABA7755784,K300_S15,"BCH15分块300",300,15,11,1,28,420,0.7142857142857143,S2_FIXED_REAL_FIR_V1,"1;0.65;0;0.35","0.80451798670912955;0.52293669136093424;0;0.28158129534819532",0.99999999999999989,BLOCK_LINEAR_MMSE,BANDED_CHOLESKY_NORMAL_EQUATIONS,33,16.5,44.668359215096302,14.950980400142567,0.022387211385683402,8080808,50000,15000000,364,154,0,154,154,49846,2.4266666666666666e-05,0.0030799999999999998,0,0.0030799999999999998,0.0030799999999999998,0.99692000000000003,490948700,258518300,673100300,67804900,1034178800,9818.9740000000002,5170.366,13462.005999999999,1356.098,20683.576000000001,15800,28300,105100,17424400,8900,13100,50900,30402800,1.7151106425860447e-16,2.1009775418438247e-16,MAX_FRAMES_REACHED,SHARD1_POINT_K300_S15_33,SHARD_1,BASE_0P5DB
stage08_multipath_formal_common_snr,a251a4f1d4cfb87fd01e99da592a8ae9a9bfe790,BC8C55A2713D7A06EBAA8A6EDD34813874918E3535AC4C23C9BAE7ABA7755784,K300_S15,"BCH15分块300",300,15,11,1,28,420,0.7142857142857143,S2_FIXED_REAL_FIR_V1,"1;0.65;0;0.35","0.80451798670912955;0.52293669136093424;0;0.28158129534819532",0.99999999999999989,BLOCK_LINEAR_MMSE,BANDED_CHOLESKY_NORMAL_EQUATIONS,35,17.5,56.234132519034908,15.950980400142567,0.017782794100389229,8080808,50000,15000000,97,38,0,38,38,49962,6.4666666666666669e-06,0.00076000000000000004,0,0.00076000000000000004,0.00076000000000000004,0.99924000000000002,556423800,296575600,742384400,75833000,1186060700,11128.476000000001,5931.5119999999997,14847.688,1516.6600000000001,23721.214,16100,30100,136200,14336800,9000,13500,65000,71036600,1.7385940033663492e-16,2.09946067570531e-16,MAX_FRAMES_REACHED,SHARD1_POINT_K300_S15_35,SHARD_1,BASE_0P5DB
stage08_multipath_formal_common_snr,a251a4f1d4cfb87fd01e99da592a8ae9a9bfe790,BC8C55A2713D7A06EBAA8A6EDD34813874918E3535AC4C23C9BAE7ABA7755784,K300_M255K207,"BCH255双块300",300,255,207,6,2,396,0.75757575757575757,S2_FIXED_REAL_FIR_V1,"1;0.65;0;0.35","0.80451798670912955;0.52293669136093424;0;0.28158129534819532",0.99999999999999989,BLOCK_LINEAR_MMSE,BANDED_CHOLESKY_NORMAL_EQUATIONS,0,0,1,-1.8045606445813132,1,8080808,1000,300000,56140,1000,1000,0,0,0,0.18713333333333335,1,1,0,0,0,8274300,3870800,8729200,1116000,48050900,8274.2999999999993,3870.8000000000002,8729.2000000000007,1116,48050.900000000001,46700,62400,112300,382700,8100,10700,25500,167100,1.9684857633378969e-16,2.3488969327071194e-16,TARGET_FRAME_ERRORS_REACHED,SHARD1_POINT_K300_M255K207_0,SHARD_1,BASE_0P5DB
stage08_multipath_formal_common_snr,a251a4f1d4cfb87fd01e99da592a8ae9a9bfe790,BC8C55A2713D7A06EBAA8A6EDD34813874918E3535AC4C23C9BAE7ABA7755784,K300_M255K207,"BCH255双块300",300,255,207,6,2,396,0.75757575757575757,S2_FIXED_REAL_FIR_V1,"1;0.65;0;0.35","0.80451798670912955;0.52293669136093424;0;0.28158129534819532",0.99999999999999989,BLOCK_LINEAR_MMSE,BANDED_CHOLESKY_NORMAL_EQUATIONS,2,1,1.2589254117941673,-0.80456064458131316,0.79432823472428149,8080808,1000,300000,49314,1000,1000,0,0,0,0.16438,1,1,0,0,0,8446100,4069100,8801100,1005300,50421900,8446.1000000000004,4069.0999999999999,8801.1000000000004,1005.3,50421.900000000001,46200,67200,128300,2375300,7900,10700,25700,302300,1.7354242580902866e-16,2.0564838068381253e-16,TARGET_FRAME_ERRORS_REACHED,SHARD1_POINT_K300_M255K207_2,SHARD_1,BASE_0P5DB
stage08_multipath_formal_common_snr,a251a4f1d4cfb87fd01e99da592a8ae9a9bfe790,BC8C55A2713D7A06EBAA8A6EDD34813874918E3535AC4C23C9BAE7ABA7755784,K300_M255K207,"BCH255双块300",300,255,207,6,2,396,0.75757575757575757,S2_FIXED_REAL_FIR_V1,"1;0.65;0;0.35","0.80451798670912955;0.52293669136093424;0;0.28158129534819532",0.99999999999999989,BLOCK_LINEAR_MMSE,BANDED_CHOLESKY_NORMAL_EQUATIONS,4,2,1.5848931924611136,0.19543935541868684,0.63095734448019325,8080808,1000,300000,42208,1000,1000,0,0,0,0.14069333333333334,1,1,0,0,0,8570200,3727200,9037900,1005700,48582500,8570.2000000000007,3727.1999999999998,9037.8999999999996,1005.7,48582.5,45800,68000,130700,604100,7900,11000,29300,238400,1.8380606107601339e-16,2.1970675588577453e-16,TARGET_FRAME_ERRORS_REACHED,SHARD1_POINT_K300_M255K207_4,SHARD_1,BASE_0P5DB
stage08_multipath_formal_common_snr,a251a4f1d4cfb87fd01e99da592a8ae9a9bfe790,BC8C55A2713D7A06EBAA8A6EDD34813874918E3535AC4C23C9BAE7ABA7755784,K300_M255K207,"BCH255双块300",300,255,207,6,2,396,0.75757575757575757,S2_FIXED_REAL_FIR_V1,"1;0.65;0;0.35","0.80451798670912955;0.52293669136093424;0;0.28158129534819532",0.99999999999999989,BLOCK_LINEAR_MMSE,BANDED_CHOLESKY_NORMAL_EQUATIONS,6,3,1.9952623149688795,1.1954393554186868,0.50118723362727235,8080808,1000,300000,35091,1000,1000,0,0,0,0.11697,1,1,0,0,0,8990400,3874000,8647900,1029600,49614500,8990.3999999999996,3874,8647.8999999999996,1029.5999999999999,49614.5,47100,66200,133900,510500,8100,11100,19700,44500,1.8803613574405851e-16,2.2539791102185512e-16,TARGET_FRAME_ERRORS_REACHED,SHARD1_POINT_K300_M255K207_6,SHARD_1,BASE_0P5DB
stage08_multipath_formal_common_snr,a251a4f1d4cfb87fd01e99da592a8ae9a9bfe790,BC8C55A2713D7A06EBAA8A6EDD34813874918E3535AC4C23C9BAE7ABA7755784,K300_M255K207,"BCH255双块300",300,255,207,6,2,396,0.75757575757575757,S2_FIXED_REAL_FIR_V1,"1;0.65;0;0.35","0.80451798670912955;0.52293669136093424;0;0.28158129534819532",0.99999999999999989,BLOCK_LINEAR_MMSE,BANDED_CHOLESKY_NORMAL_EQUATIONS,8,4,2.5118864315095801,2.1954393554186868,0.39810717055349726,8080808,1000,300000,28589,1000,999,1,1,0,0.095296666666666668,1,0.999,0.001,0.001,0,8230100,4045600,8417400,995500,48766800,8230.1000000000004,4045.5999999999999,8417.3999999999996,995.5,48766.800000000003,46600,65900,130200,413300,7900,10600,22000,72400,1.9437276315368191e-16,2.3186745336184511e-16,TARGET_FRAME_ERRORS_REACHED,SHARD1_POINT_K300_M255K207_8,SHARD_1,BASE_0P5DB
stage08_multipath_formal_common_snr,a251a4f1d4cfb87fd01e99da592a8ae9a9bfe790,BC8C55A2713D7A06EBAA8A6EDD34813874918E3535AC4C23C9BAE7ABA7755784,K300_M255K207,"BCH255双块300",300,255,207,6,2,396,0.75757575757575757,S2_FIXED_REAL_FIR_V1,"1;0.65;0;0.35","0.80451798670912955;0.52293669136093424;0;0.28158129534819532",0.99999999999999989,BLOCK_LINEAR_MMSE,BANDED_CHOLESKY_NORMAL_EQUATIONS,10,5,3.1622776601683795,3.1954393554186868,0.31622776601683794,8080808,1000,300000,22615,999,999,0,0,1,0.07538333333333333,0.999,0.999,0,0,0.001,8377900,3695400,8377400,1193400,48175100,8377.8999999999996,3695.4000000000001,8377.3999999999996,1193.4000000000001,48175.099999999999,46400,58600,98000,313600,7900,10600,18800,56100,1.7115988688754705e-16,2.0574450109850663e-16,TARGET_FRAME_ERRORS_REACHED,SHARD1_POINT_K300_M255K207_10,SHARD_1,BASE_0P5DB
stage08_multipath_formal_common_snr,a251a4f1d4cfb87fd01e99da592a8ae9a9bfe790,BC8C55A2713D7A06EBAA8A6EDD34813874918E3535AC4C23C9BAE7ABA7755784,K300_M255K207,"BCH255双块300",300,255,207,6,2,396,0.75757575757575757,S2_FIXED_REAL_FIR_V1,"1;0.65;0;0.35","0.80451798670912955;0.52293669136093424;0;0.28158129534819532",0.99999999999999989,BLOCK_LINEAR_MMSE,BANDED_CHOLESKY_NORMAL_EQUATIONS,12,6,3.9810717055349722,4.1954393554186868,0.25118864315095801,8080808,1000,300000,16661,994,994,0,0,6,0.055536666666666665,0.99399999999999999,0.99399999999999999,0,0,0.0060000000000000001,9221400,3594300,8987600,1014400,46845000,9221.3999999999996,3594.3000000000002,8987.6000000000004,1014.4,46845,46100,57500,84400,251500,8000,10700,25600,379100,1.9027576362936468e-16,2.1955258826776392e-16,TARGET_FRAME_ERRORS_REACHED,SHARD1_POINT_K300_M255K207_12,SHARD_1,BASE_0P5DB
stage08_multipath_formal_common_snr,a251a4f1d4cfb87fd01e99da592a8ae9a9bfe790,BC8C55A2713D7A06EBAA8A6EDD34813874918E3535AC4C23C9BAE7ABA7755784,K300_M255K207,"BCH255双块300",300,255,207,6,2,396,0.75757575757575757,S2_FIXED_REAL_FIR_V1,"1;0.65;0;0.35","0.80451798670912955;0.52293669136093424;0;0.28158129534819532",0.99999999999999989,BLOCK_LINEAR_MMSE,BANDED_CHOLESKY_NORMAL_EQUATIONS,14,7,5.011872336272722,5.1954393554186868,0.199526231496888,8080808,1000,300000,10714,911,911,0,0,89,0.035713333333333333,0.91100000000000003,0.91100000000000003,0,0,0.088999999999999996,8850800,3864300,8815800,1097300,51753000,8850.7999999999993,3864.3000000000002,8815.7999999999993,1097.3,51753,47300,72000,165600,590400,8200,10700,20300,84800,1.7293977043031682e-16,2.0649852980514327e-16,TARGET_FRAME_ERRORS_REACHED,SHARD1_POINT_K300_M255K207_14,SHARD_1,BASE_0P5DB
stage08_multipath_formal_common_snr,a251a4f1d4cfb87fd01e99da592a8ae9a9bfe790,BC8C55A2713D7A06EBAA8A6EDD34813874918E3535AC4C23C9BAE7ABA7755784,K300_M255K207,"BCH255双块300",300,255,207,6,2,396,0.75757575757575757,S2_FIXED_REAL_FIR_V1,"1;0.65;0;0.35","0.80451798670912955;0.52293669136093424;0;0.28158129534819532",0.99999999999999989,BLOCK_LINEAR_MMSE,BANDED_CHOLESKY_NORMAL_EQUATIONS,16,8,6.3095734448019334,6.1954393554186868,0.15848931924611132,8080808,1000,300000,5177,637,637,0,0,363,0.017256666666666667,0.63700000000000001,0.63700000000000001,0,0,0.36299999999999999,8857400,3808000,8842000,1176400,47249900,8857.3999999999996,3808,8842,1176.4000000000001,47249.900000000001,44800,64800,151700,336500,8000,10700,27200,132600,1.8079772864125458e-16,2.1117587673533683e-16,TARGET_FRAME_ERRORS_REACHED,SHARD1_POINT_K300_M255K207_16,SHARD_1,BASE_0P5DB
stage08_multipath_formal_common_snr,a251a4f1d4cfb87fd01e99da592a8ae9a9bfe790,BC8C55A2713D7A06EBAA8A6EDD34813874918E3535AC4C23C9BAE7ABA7755784,K300_M255K207,"BCH255双块300",300,255,207,6,2,396,0.75757575757575757,S2_FIXED_REAL_FIR_V1,"1;0.65;0;0.35","0.80451798670912955;0.52293669136093424;0;0.28158129534819532",0.99999999999999989,BLOCK_LINEAR_MMSE,BANDED_CHOLESKY_NORMAL_EQUATIONS,18,9,7.9432823472428158,7.1954393554186868,0.1258925411794167,8080808,1000,300000,1687,256,256,0,0,744,0.0056233333333333335,0.25600000000000001,0.25600000000000001,0,0,0.74399999999999999,7850800,3677200,8134700,1004300,40030200,7850.8000000000002,3677.1999999999998,8134.6999999999998,1004.3,40030.199999999997,39000,51300,80500,344600,7600,10000,21200,122600,2.2864219448892951e-16,2.7856094895133373e-16,TARGET_FRAME_ERRORS_REACHED,SHARD1_POINT_K300_M255K207_18,SHARD_1,BASE_0P5DB
stage08_multipath_formal_common_snr,a251a4f1d4cfb87fd01e99da592a8ae9a9bfe790,BC8C55A2713D7A06EBAA8A6EDD34813874918E3535AC4C23C9BAE7ABA7755784,K300_M255K207,"BCH255双块300",300,255,207,6,2,396,0.75757575757575757,S2_FIXED_REAL_FIR_V1,"1;0.65;0;0.35","0.80451798670912955;0.52293669136093424;0;0.28158129534819532",0.99999999999999989,BLOCK_LINEAR_MMSE,BANDED_CHOLESKY_NORMAL_EQUATIONS,20,10,10,8.1954393554186868,0.10000000000000001,8080808,3178,953400,1213,200,201,0,0,2978,0.0012722886511432768,0.062932662051604776,0.063247325361862811,0,0,0.93706733794839525,43589400,20106800,52028800,4225800,278308700,13715.984896161108,6326.8722466960353,16371.554436752675,1329.7042164883574,87573.536815607295,35700,96500,1010500,45111900,7900,14400,86300,11866100,1.7927165141444375e-16,2.1396025763370505e-16,TARGET_FRAME_ERRORS_REACHED,SHARD1_POINT_K300_M255K207_20,SHARD_1,BASE_0P5DB
stage08_multipath_formal_common_snr,a251a4f1d4cfb87fd01e99da592a8ae9a9bfe790,BC8C55A2713D7A06EBAA8A6EDD34813874918E3535AC4C23C9BAE7ABA7755784,K300_M255K207,"BCH255双块300",300,255,207,6,2,396,0.75757575757575757,S2_FIXED_REAL_FIR_V1,"1;0.65;0;0.35","0.80451798670912955;0.52293669136093424;0;0.28158129534819532",0.99999999999999989,BLOCK_LINEAR_MMSE,BANDED_CHOLESKY_NORMAL_EQUATIONS,22,11,12.589254117941675,9.1954393554186868,0.079432823472428138,8080808,14051,4215300,1177,200,202,0,0,13851,0.00027922093326690863,0.014233862358550993,0.014376200982136503,0,0,0.98576613764144905,171510900,64603600,132751500,16240100,605650800,12206.312717956018,4597.793751334425,9447.8328944559107,1155.7967404455198,43103.750622731481,31900,55600,180200,28192800,7800,11000,32800,1840200,1.7372669815559909e-16,2.0703280175721113e-16,TARGET_FRAME_ERRORS_REACHED,SHARD1_POINT_K300_M255K207_22,SHARD_1,BASE_0P5DB
stage08_multipath_formal_common_snr,a251a4f1d4cfb87fd01e99da592a8ae9a9bfe790,BC8C55A2713D7A06EBAA8A6EDD34813874918E3535AC4C23C9BAE7ABA7755784,K300_M255K207,"BCH255双块300",300,255,207,6,2,396,0.75757575757575757,S2_FIXED_REAL_FIR_V1,"1;0.65;0;0.35","0.80451798670912955;0.52293669136093424;0;0.28158129534819532",0.99999999999999989,BLOCK_LINEAR_MMSE,BANDED_CHOLESKY_NORMAL_EQUATIONS,24,12,15.848931924611133,10.195439355418687,0.063095734448019331,8080808,50000,15000000,832,145,148,0,0,49855,5.5466666666666669e-05,0.0028999999999999998,0.00296,0,0,0.99709999999999999,568078700,234532100,525242700,60905300,1892548300,11361.574000000001,4690.6419999999998,10504.853999999999,1218.106,37850.966,29700,51600,173500,8428200,8000,11200,34500,8437000,1.7320976055018791e-16,2.1264670523001665e-16,MAX_FRAMES_REACHED,SHARD1_POINT_K300_M255K207_24,SHARD_1,BASE_0P5DB
stage08_multipath_formal_common_snr,a251a4f1d4cfb87fd01e99da592a8ae9a9bfe790,BC8C55A2713D7A06EBAA8A6EDD34813874918E3535AC4C23C9BAE7ABA7755784,K300_M255K207,"BCH255双块300",300,255,207,6,2,396,0.75757575757575757,S2_FIXED_REAL_FIR_V1,"1;0.65;0;0.35","0.80451798670912955;0.52293669136093424;0;0.28158129534819532",0.99999999999999989,BLOCK_LINEAR_MMSE,BANDED_CHOLESKY_NORMAL_EQUATIONS,26,13,19.952623149688797,11.195439355418687,0.050118723362727227,8080808,50000,15000000,172,28,30,0,0,49972,1.1466666666666666e-05,0.00055999999999999995,0.00059999999999999995,0,0,0.99944,618448000,259612300,551603900,96079700,1948729200,12368.959999999999,5192.2460000000001,11032.078,1921.5940000000001,38974.584000000003,28800,54300,205900,16904700,8200,11500,46300,10252800,1.7493879442272008e-16,2.1291311435612061e-16,MAX_FRAMES_REACHED,SHARD1_POINT_K300_M255K207_26,SHARD_1,BASE_0P5DB
stage08_multipath_formal_common_snr,a251a4f1d4cfb87fd01e99da592a8ae9a9bfe790,BC8C55A2713D7A06EBAA8A6EDD34813874918E3535AC4C23C9BAE7ABA7755784,K300_M255K207,"BCH255双块300",300,255,207,6,2,396,0.75757575757575757,S2_FIXED_REAL_FIR_V1,"1;0.65;0;0.35","0.80451798670912955;0.52293669136093424;0;0.28158129534819532",0.99999999999999989,BLOCK_LINEAR_MMSE,BANDED_CHOLESKY_NORMAL_EQUATIONS,28,14,25.118864315095795,12.195439355418687,0.039810717055349734,8080808,50000,15000000,32,6,8,0,0,49994,2.1333333333333334e-06,0.00012,0.00016000000000000001,0,0,0.99987999999999999,537721400,244944000,538190900,69807100,1729007000,10754.428,4898.8800000000001,10763.817999999999,1396.1420000000001,34580.139999999999,26900,45700,163700,19085500,8100,11300,39700,5091300,1.713520927457781e-16,2.165834042569369e-16,MAX_FRAMES_REACHED,SHARD1_POINT_K300_M255K207_28,SHARD_1,BASE_0P5DB
stage08_multipath_formal_common_snr,a251a4f1d4cfb87fd01e99da592a8ae9a9bfe790,BC8C55A2713D7A06EBAA8A6EDD34813874918E3535AC4C23C9BAE7ABA7755784,K300_M255K207,"BCH255双块300",300,255,207,6,2,396,0.75757575757575757,S2_FIXED_REAL_FIR_V1,"1;0.65;0;0.35","0.80451798670912955;0.52293669136093424;0;0.28158129534819532",0.99999999999999989,BLOCK_LINEAR_MMSE,BANDED_CHOLESKY_NORMAL_EQUATIONS,30,15,31.622776601683793,13.195439355418687,0.031622776601683791,8080808,50000,15000000,6,1,1,0,0,49999,3.9999999999999998e-07,2.0000000000000002e-05,2.0000000000000002e-05,0,0,0.99997999999999998,780373400,287150600,555990100,75939000,2078064100,15607.468000000001,5743.0119999999997,11119.802,1518.78,41561.281999999999,26400,54600,204600,121739000,8000,11900,48500,7068400,1.8352886101338157e-16,2.2313143346922042e-16,MAX_FRAMES_REACHED,SHARD1_POINT_K300_M255K207_30,SHARD_1,BASE_0P5DB
stage08_multipath_formal_common_snr,a251a4f1d4cfb87fd01e99da592a8ae9a9bfe790,BC8C55A2713D7A06EBAA8A6EDD34813874918E3535AC4C23C9BAE7ABA7755784,K300_M255K207,"BCH255双块300",300,255,207,6,2,396,0.75757575757575757,S2_FIXED_REAL_FIR_V1,"1;0.65;0;0.35","0.80451798670912955;0.52293669136093424;0;0.28158129534819532",0.99999999999999989,BLOCK_LINEAR_MMSE,BANDED_CHOLESKY_NORMAL_EQUATIONS,32,16,39.810717055349734,14.195439355418687,0.025118864315095794,8080808,50000,15000000,0,0,1,0,0,50000,0,0,2.0000000000000002e-05,0,0,1,641705500,249106400,578519100,63720200,1857012000,12834.110000000001,4982.1279999999997,11570.382,1274.404,37140.239999999998,25900,50400,176900,46868300,8100,11500,42900,21230400,1.8915314695447126e-16,2.3405351829513307e-16,MAX_FRAMES_REACHED,SHARD1_POINT_K300_M255K207_32,SHARD_1,BASE_0P5DB
stage08_multipath_formal_common_snr,a251a4f1d4cfb87fd01e99da592a8ae9a9bfe790,BC8C55A2713D7A06EBAA8A6EDD34813874918E3535AC4C23C9BAE7ABA7755784,K300_M255K207,"BCH255双块300",300,255,207,6,2,396,0.75757575757575757,S2_FIXED_REAL_FIR_V1,"1;0.65;0;0.35","0.80451798670912955;0.52293669136093424;0;0.28158129534819532",0.99999999999999989,BLOCK_LINEAR_MMSE,BANDED_CHOLESKY_NORMAL_EQUATIONS,34,17,50.118723362727224,15.195439355418687,0.019952623149688799,8080808,50000,15000000,7,1,1,0,0,49999,4.6666666666666666e-07,2.0000000000000002e-05,2.0000000000000002e-05,0,0,0.99997999999999998,480104700,215287800,463158700,63584900,1446389500,9602.0939999999991,4305.7560000000003,9263.1740000000009,1271.6980000000001,28927.790000000001,25000,37300,91600,6893700,7800,10800,28300,3279300,1.8989517497695155e-16,2.3406315275032147e-16,MAX_FRAMES_REACHED,SHARD1_POINT_K300_M255K207_34,SHARD_1,BASE_0P5DB
stage08_multipath_formal_common_snr,a251a4f1d4cfb87fd01e99da592a8ae9a9bfe790,BC8C55A2713D7A06EBAA8A6EDD34813874918E3535AC4C23C9BAE7ABA7755784,K300_M255K207,"BCH255双块300",300,255,207,6,2,396,0.75757575757575757,S2_FIXED_REAL_FIR_V1,"1;0.65;0;0.35","0.80451798670912955;0.52293669136093424;0;0.28158129534819532",0.99999999999999989,BLOCK_LINEAR_MMSE,BANDED_CHOLESKY_NORMAL_EQUATIONS,36,18,63.095734448019329,16.195439355418685,0.015848931924611134,8080808,50000,15000000,0,0,0,0,0,50000,0,0,0,0,0,1,645467400,231424600,532265200,67916000,1665148100,12909.348,4628.4920000000002,10645.304,1358.3199999999999,33302.962,25500,47600,151400,16682500,7900,11400,40000,19942900,1.7811510597675721e-16,2.1394823155249865e-16,MAX_FRAMES_REACHED,SHARD1_POINT_K300_M255K207_36,SHARD_1,BASE_0P5DB
stage08_multipath_formal_common_snr,a251a4f1d4cfb87fd01e99da592a8ae9a9bfe790,BC8C55A2713D7A06EBAA8A6EDD34813874918E3535AC4C23C9BAE7ABA7755784,K300_M511K421,"BCH421整块300",300,511,421,10,1,390,0.76923076923076927,S2_FIXED_REAL_FIR_V1,"1;0.65;0;0.35","0.80451798670912955;0.52293669136093424;0;0.28158129534819532",0.99999999999999989,BLOCK_LINEAR_MMSE,BANDED_CHOLESKY_NORMAL_EQUATIONS,1,0.5,1.1220184543019633,-1.3708664335714444,0.89125093813374556,8080808,1000,300000,52394,1000,1000,0,0,0,0.17464666666666667,1,1,0,0,0,30942600,8882400,36635700,2037000,162361600,30942.599999999999,8882.3999999999996,36635.699999999997,2037,162361.60000000001,74300,369700,2408200,10087300,8600,23500,408500,10106600,2.1219106674256523e-16,2.5717397533192868e-16,TARGET_FRAME_ERRORS_REACHED,SHARD1_POINT_K300_M511K421_1,SHARD_1,BASE_0P5DB
stage08_multipath_formal_common_snr,a251a4f1d4cfb87fd01e99da592a8ae9a9bfe790,BC8C55A2713D7A06EBAA8A6EDD34813874918E3535AC4C23C9BAE7ABA7755784,K300_M511K421,"BCH421整块300",300,511,421,10,1,390,0.76923076923076927,S2_FIXED_REAL_FIR_V1,"1;0.65;0;0.35","0.80451798670912955;0.52293669136093424;0;0.28158129534819532",0.99999999999999989,BLOCK_LINEAR_MMSE,BANDED_CHOLESKY_NORMAL_EQUATIONS,3,1.5,1.4125375446227544,-0.37086643357144444,0.70794578438413791,8080808,1000,300000,45646,1000,1000,0,0,0,0.15215333333333333,1,1,0,0,0,22522300,10152000,14737200,1273800,134705500,22522.299999999999,10152,14737.200000000001,1273.8,134705.5,76700,310300,990600,9562200,8500,20700,86100,2239400,1.8102443273672175e-16,2.1696641701128623e-16,TARGET_FRAME_ERRORS_REACHED,SHARD1_POINT_K300_M511K421_3,SHARD_1,BASE_0P5DB
stage08_multipath_formal_common_snr,a251a4f1d4cfb87fd01e99da592a8ae9a9bfe790,BC8C55A2713D7A06EBAA8A6EDD34813874918E3535AC4C23C9BAE7ABA7755784,K300_M511K421,"BCH421整块300",300,511,421,10,1,390,0.76923076923076927,S2_FIXED_REAL_FIR_V1,"1;0.65;0;0.35","0.80451798670912955;0.52293669136093424;0;0.28158129534819532",0.99999999999999989,BLOCK_LINEAR_MMSE,BANDED_CHOLESKY_NORMAL_EQUATIONS,5,2.5,1.7782794100389228,0.62913356642855556,0.56234132519034907,8080808,1000,300000,38790,1000,1000,0,0,0,0.1293,1,1,0,0,0,13461800,6040000,15917400,1146700,103639600,13461.799999999999,6040,15917.4,1146.7,103639.60000000001,74000,159800,395300,12314600,10500,15000,97500,2092500,2.2626040845884503e-16,2.6410807078424397e-16,TARGET_FRAME_ERRORS_REACHED,SHARD1_POINT_K300_M511K421_5,SHARD_1,BASE_0P5DB
stage08_multipath_formal_common_snr,a251a4f1d4cfb87fd01e99da592a8ae9a9bfe790,BC8C55A2713D7A06EBAA8A6EDD34813874918E3535AC4C23C9BAE7ABA7755784,K300_M511K421,"BCH421整块300",300,511,421,10,1,390,0.76923076923076927,S2_FIXED_REAL_FIR_V1,"1;0.65;0;0.35","0.80451798670912955;0.52293669136093424;0;0.28158129534819532",0.99999999999999989,BLOCK_LINEAR_MMSE,BANDED_CHOLESKY_NORMAL_EQUATIONS,7,3.5,2.2387211385683394,1.6291335664285556,0.44668359215096315,8080808,1000,300000,31602,1000,1000,0,0,0,0.10534,1,1,0,0,0,16404200,5954600,13818900,1887200,126084900,16404.200000000001,5954.6000000000004,13818.9,1887.2,126084.89999999999,79000,243100,821200,9958000,8400,22700,68700,1889100,1.7340741705962512e-16,2.0340823450895764e-16,TARGET_FRAME_ERRORS_REACHED,SHARD1_POINT_K300_M511K421_7,SHARD_1,BASE_0P5DB
stage08_multipath_formal_common_snr,a251a4f1d4cfb87fd01e99da592a8ae9a9bfe790,BC8C55A2713D7A06EBAA8A6EDD34813874918E3535AC4C23C9BAE7ABA7755784,K300_M511K421,"BCH421整块300",300,511,421,10,1,390,0.76923076923076927,S2_FIXED_REAL_FIR_V1,"1;0.65;0;0.35","0.80451798670912955;0.52293669136093424;0;0.28158129534819532",0.99999999999999989,BLOCK_LINEAR_MMSE,BANDED_CHOLESKY_NORMAL_EQUATIONS,9,4.5,2.8183829312644537,2.6291335664285556,0.35481338923357547,8080808,1000,300000,25587,1000,1000,0,0,0,0.085290000000000005,1,1,0,0,0,13349800,6460500,13393700,1323800,110208100,13349.799999999999,6460.5,13393.700000000001,1323.8,110208.10000000001,79200,189600,577800,6890600,8500,16800,105500,903400,2.3726519395121809e-16,2.8063200477071868e-16,TARGET_FRAME_ERRORS_REACHED,SHARD1_POINT_K300_M511K421_9,SHARD_1,BASE_0P5DB
stage08_multipath_formal_common_snr,a251a4f1d4cfb87fd01e99da592a8ae9a9bfe790,BC8C55A2713D7A06EBAA8A6EDD34813874918E3535AC4C23C9BAE7ABA7755784,K300_M511K421,"BCH421整块300",300,511,421,10,1,390,0.76923076923076927,S2_FIXED_REAL_FIR_V1,"1;0.65;0;0.35","0.80451798670912955;0.52293669136093424;0;0.28158129534819532",0.99999999999999989,BLOCK_LINEAR_MMSE,BANDED_CHOLESKY_NORMAL_EQUATIONS,11,5.5,3.548133892335755,3.6291335664285556,0.28183829312644537,8080808,1000,300000,19690,999,999,0,0,1,0.065633333333333335,0.999,0.999,0,0,0.001,10621200,4576000,10417600,1194300,87665000,10621.200000000001,4576,10417.6,1194.3,87665,77400,114500,355500,1022500,8600,13000,34700,296200,2.1220871891280816e-16,2.521939427424415e-16,TARGET_FRAME_ERRORS_REACHED,SHARD1_POINT_K300_M511K421_11,SHARD_1,BASE_0P5DB
stage08_multipath_formal_common_snr,a251a4f1d4cfb87fd01e99da592a8ae9a9bfe790,BC8C55A2713D7A06EBAA8A6EDD34813874918E3535AC4C23C9BAE7ABA7755784,K300_M511K421,"BCH421整块300",300,511,421,10,1,390,0.76923076923076927,S2_FIXED_REAL_FIR_V1,"1;0.65;0;0.35","0.80451798670912955;0.52293669136093424;0;0.28158129534819532",0.99999999999999989,BLOCK_LINEAR_MMSE,BANDED_CHOLESKY_NORMAL_EQUATIONS,13,6.5,4.4668359215096318,4.6291335664285551,0.22387211385683392,8080808,1000,300000,14729,975,975,0,0,25,0.049096666666666663,0.97499999999999998,0.97499999999999998,0,0,0.025000000000000001,11108500,4603000,9665700,1265900,86613200,11108.5,4603,9665.7000000000007,1265.9000000000001,86613.199999999997,77600,115700,202200,1520500,8600,13100,27100,93400,1.8286098188805619e-16,2.0916766394195922e-16,TARGET_FRAME_ERRORS_REACHED,SHARD1_POINT_K300_M511K421_13,SHARD_1,BASE_0P5DB
stage08_multipath_formal_common_snr,a251a4f1d4cfb87fd01e99da592a8ae9a9bfe790,BC8C55A2713D7A06EBAA8A6EDD34813874918E3535AC4C23C9BAE7ABA7755784,K300_M511K421,"BCH421整块300",300,511,421,10,1,390,0.76923076923076927,S2_FIXED_REAL_FIR_V1,"1;0.65;0;0.35","0.80451798670912955;0.52293669136093424;0;0.28158129534819532",0.99999999999999989,BLOCK_LINEAR_MMSE,BANDED_CHOLESKY_NORMAL_EQUATIONS,15,7.5,5.6234132519034912,5.6291335664285551,0.17782794100389226,8080808,1000,300000,9354,795,795,0,0,205,0.031179999999999999,0.79500000000000004,0.79500000000000004,0,0,0.20499999999999999,9999100,4195300,8989400,1128700,78318000,9999.1000000000004,4195.3000000000002,8989.3999999999996,1128.7,78318,71300,113600,213200,531100,8100,11600,26400,65700,1.7574663117960372e-16,2.075115459134738e-16,TARGET_FRAME_ERRORS_REACHED,SHARD1_POINT_K300_M511K421_15,SHARD_1,BASE_0P5DB
stage08_multipath_formal_common_snr,a251a4f1d4cfb87fd01e99da592a8ae9a9bfe790,BC8C55A2713D7A06EBAA8A6EDD34813874918E3535AC4C23C9BAE7ABA7755784,K300_M511K421,"BCH421整块300",300,511,421,10,1,390,0.76923076923076927,S2_FIXED_REAL_FIR_V1,"1;0.65;0;0.35","0.80451798670912955;0.52293669136093424;0;0.28158129534819532",0.99999999999999989,BLOCK_LINEAR_MMSE,BANDED_CHOLESKY_NORMAL_EQUATIONS,17,8.5,7.0794578438413787,6.6291335664285551,0.14125375446227545,8080808,1000,300000,3684,358,358,0,0,642,0.012279999999999999,0.35799999999999998,0.35799999999999998,0,0,0.64200000000000002,7647900,3441800,8375200,1124500,65515100,7647.8999999999996,3441.8000000000002,8375.2000000000007,1124.5,65515.099999999999,62700,88400,154500,964300,7700,10400,24300,299800,1.6847644886857608e-16,2.0525609079153931e-16,TARGET_FRAME_ERRORS_REACHED,SHARD1_POINT_K300_M511K421_17,SHARD_1,BASE_0P5DB
stage08_multipath_formal_common_snr,a251a4f1d4cfb87fd01e99da592a8ae9a9bfe790,BC8C55A2713D7A06EBAA8A6EDD34813874918E3535AC4C23C9BAE7ABA7755784,K300_M511K421,"BCH421整块300",300,511,421,10,1,390,0.76923076923076927,S2_FIXED_REAL_FIR_V1,"1;0.65;0;0.35","0.80451798670912955;0.52293669136093424;0;0.28158129534819532",0.99999999999999989,BLOCK_LINEAR_MMSE,BANDED_CHOLESKY_NORMAL_EQUATIONS,19,9.5,8.9125093813374541,7.6291335664285551,0.11220184543019636,8080808,2405,721500,1937,200,200,0,0,2205,0.0026846846846846845,0.083160083160083165,0.083160083160083165,0,0,0.91683991683991684,20026100,9412100,20327500,2436900,138569700,8326.8607068607071,3913.5550935550937,8452.1829521829513,1013.2640332640333,57617.33887733888,55100,79600,119800,466500,7700,10600,21900,258500,1.7245091684145771e-16,2.0040854555765837e-16,TARGET_FRAME_ERRORS_REACHED,SHARD1_POINT_K300_M511K421_19,SHARD_1,BASE_0P5DB
stage08_multipath_formal_common_snr,a251a4f1d4cfb87fd01e99da592a8ae9a9bfe790,BC8C55A2713D7A06EBAA8A6EDD34813874918E3535AC4C23C9BAE7ABA7755784,K300_M511K421,"BCH421整块300",300,511,421,10,1,390,0.76923076923076927,S2_FIXED_REAL_FIR_V1,"1;0.65;0;0.35","0.80451798670912955;0.52293669136093424;0;0.28158129534819532",0.99999999999999989,BLOCK_LINEAR_MMSE,BANDED_CHOLESKY_NORMAL_EQUATIONS,21,10.5,11.220184543019636,8.6291335664285551,0.089125093813374537,8080808,19950,5985000,1826,200,200,0,0,19750,0.00030509607351712612,0.010025062656641603,0.010025062656641603,0,0,0.9899749373433584,217435000,96216600,186321300,23650400,1210377900,10898.997493734336,4822.8872180451126,9339.4135338345859,1185.483709273183,60670.571428571428,47900,93000,299000,15317900,7700,11200,33700,1403500,1.7674128572538034e-16,2.1538620884975425e-16,TARGET_FRAME_ERRORS_REACHED,SHARD1_POINT_K300_M511K421_21,SHARD_1,BASE_0P5DB
stage08_multipath_formal_common_snr,a251a4f1d4cfb87fd01e99da592a8ae9a9bfe790,BC8C55A2713D7A06EBAA8A6EDD34813874918E3535AC4C23C9BAE7ABA7755784,K300_M511K421,"BCH421整块300",300,511,421,10,1,390,0.76923076923076927,S2_FIXED_REAL_FIR_V1,"1;0.65;0;0.35","0.80451798670912955;0.52293669136093424;0;0.28158129534819532",0.99999999999999989,BLOCK_LINEAR_MMSE,BANDED_CHOLESKY_NORMAL_EQUATIONS,23,11.5,14.12537544622754,9.6291335664285551,0.070794578438413802,8080808,50000,15000000,472,52,52,0,0,49948,3.1466666666666668e-05,0.0010399999999999999,0.0010399999999999999,0,0,0.99895999999999996,601779300,247445000,564868300,66272700,3191517400,12035.585999999999,4948.8999999999996,11297.366,1325.454,63830.347999999998,44500,96300,352000,65911100,7900,12000,44800,14847700,1.7143641042892156e-16,2.1072893953731983e-16,MAX_FRAMES_REACHED,SHARD1_POINT_K300_M511K421_23,SHARD_1,BASE_0P5DB
stage08_multipath_formal_common_snr,a251a4f1d4cfb87fd01e99da592a8ae9a9bfe790,BC8C55A2713D7A06EBAA8A6EDD34813874918E3535AC4C23C9BAE7ABA7755784,K300_M511K421,"BCH421整块300",300,511,421,10,1,390,0.76923076923076927,S2_FIXED_REAL_FIR_V1,"1;0.65;0;0.35","0.80451798670912955;0.52293669136093424;0;0.28158129534819532",0.99999999999999989,BLOCK_LINEAR_MMSE,BANDED_CHOLESKY_NORMAL_EQUATIONS,25,12.5,17.782794100389228,10.629133566428555,0.056234132519034905,8080808,50000,15000000,44,4,4,0,0,49996,2.9333333333333333e-06,8.0000000000000007e-05,8.0000000000000007e-05,0,0,0.99992000000000003,834616000,324755200,696766700,70749700,3868927300,16692.32,6495.1040000000003,13935.334000000001,1414.9939999999999,77378.546000000002,42400,130000,534600,260249400,8200,21300,93800,9939600,1.8684439412450801e-16,2.2429007566606724e-16,MAX_FRAMES_REACHED,SHARD1_POINT_K300_M511K421_25,SHARD_1,BASE_0P5DB
stage08_multipath_formal_common_snr,a251a4f1d4cfb87fd01e99da592a8ae9a9bfe790,BC8C55A2713D7A06EBAA8A6EDD34813874918E3535AC4C23C9BAE7ABA7755784,K300_M511K421,"BCH421整块300",300,511,421,10,1,390,0.76923076923076927,S2_FIXED_REAL_FIR_V1,"1;0.65;0;0.35","0.80451798670912955;0.52293669136093424;0;0.28158129534819532",0.99999999999999989,BLOCK_LINEAR_MMSE,BANDED_CHOLESKY_NORMAL_EQUATIONS,27,13.5,22.387211385683401,11.629133566428555,0.0446683592150963,8080808,50000,15000000,0,0,0,0,0,50000,0,0,0,0,0,1,905116300,268789000,607023700,66450700,2787199700,18102.326000000001,5375.7799999999997,12140.474,1329.0139999999999,55743.993999999999,38500,81200,294700,53446500,8000,12100,49200,17008100,1.7366144248021814e-16,2.0942137330261894e-16,MAX_FRAMES_REACHED,SHARD1_POINT_K300_M511K421_27,SHARD_1,BASE_0P5DB
stage08_multipath_formal_common_snr,a251a4f1d4cfb87fd01e99da592a8ae9a9bfe790,BC8C55A2713D7A06EBAA8A6EDD34813874918E3535AC4C23C9BAE7ABA7755784,K300_M511K421,"BCH421整块300",300,511,421,10,1,390,0.76923076923076927,S2_FIXED_REAL_FIR_V1,"1;0.65;0;0.35","0.80451798670912955;0.52293669136093424;0;0.28158129534819532",0.99999999999999989,BLOCK_LINEAR_MMSE,BANDED_CHOLESKY_NORMAL_EQUATIONS,29,14.5,28.183829312644534,12.629133566428555,0.035481338923357551,8080808,50000,15000000,0,0,0,0,0,50000,0,0,0,0,0,1,561168600,216185300,480130400,56619700,2194935000,11223.371999999999,4323.7060000000001,9602.6080000000002,1132.394,43898.699999999997,35900,61700,162600,12566400,7800,11000,32600,4829900,1.7171546006456537e-16,2.0947372245133239e-16,MAX_FRAMES_REACHED,SHARD1_POINT_K300_M511K421_29,SHARD_1,BASE_0P5DB
stage08_multipath_formal_common_snr,a251a4f1d4cfb87fd01e99da592a8ae9a9bfe790,BC8C55A2713D7A06EBAA8A6EDD34813874918E3535AC4C23C9BAE7ABA7755784,K300_M511K421,"BCH421整块300",300,511,421,10,1,390,0.76923076923076927,S2_FIXED_REAL_FIR_V1,"1;0.65;0;0.35","0.80451798670912955;0.52293669136093424;0;0.28158129534819532",0.99999999999999989,BLOCK_LINEAR_MMSE,BANDED_CHOLESKY_NORMAL_EQUATIONS,31,15.5,35.481338923357548,13.629133566428555,0.028183829312644536,8080808,50000,15000000,0,0,0,0,0,50000,0,0,0,0,0,1,747632800,298023000,631199500,74225500,2887717000,14952.656000000001,5960.46,12623.99,1484.51,57754.339999999997,36200,95000,397000,56582500,8000,17600,71400,22617100,1.7467170656022266e-16,2.1202018630784816e-16,MAX_FRAMES_REACHED,SHARD1_POINT_K300_M511K421_31,SHARD_1,BASE_0P5DB
stage08_multipath_formal_common_snr,a251a4f1d4cfb87fd01e99da592a8ae9a9bfe790,BC8C55A2713D7A06EBAA8A6EDD34813874918E3535AC4C23C9BAE7ABA7755784,K300_M511K421,"BCH421整块300",300,511,421,10,1,390,0.76923076923076927,S2_FIXED_REAL_FIR_V1,"1;0.65;0;0.35","0.80451798670912955;0.52293669136093424;0;0.28158129534819532",0.99999999999999989,BLOCK_LINEAR_MMSE,BANDED_CHOLESKY_NORMAL_EQUATIONS,33,16.5,44.668359215096302,14.629133566428555,0.022387211385683402,8080808,50000,15000000,0,0,0,0,0,50000,0,0,0,0,0,1,616103400,334398200,600936900,91337000,2642399700,12322.067999999999,6687.9639999999999,12018.737999999999,1826.74,52847.993999999999,35100,75800,310000,40168500,8000,11300,47700,49426100,1.7360159091367094e-16,2.0952631108268785e-16,MAX_FRAMES_REACHED,SHARD1_POINT_K300_M511K421_33,SHARD_1,BASE_0P5DB
stage08_multipath_formal_common_snr,a251a4f1d4cfb87fd01e99da592a8ae9a9bfe790,BC8C55A2713D7A06EBAA8A6EDD34813874918E3535AC4C23C9BAE7ABA7755784,K300_M511K421,"BCH421整块300",300,511,421,10,1,390,0.76923076923076927,S2_FIXED_REAL_FIR_V1,"1;0.65;0;0.35","0.80451798670912955;0.52293669136093424;0;0.28158129534819532",0.99999999999999989,BLOCK_LINEAR_MMSE,BANDED_CHOLESKY_NORMAL_EQUATIONS,35,17.5,56.234132519034908,15.629133566428555,0.017782794100389229,8080808,50000,15000000,0,0,0,0,0,50000,0,0,0,0,0,1,514791700,247621600,566118200,64889900,2399808900,10295.834000000001,4952.4319999999998,11322.364,1297.798,47996.178,34400,63400,233300,41155700,7800,10900,40500,29568500,1.7600605643076828e-16,2.126599577905014e-16,MAX_FRAMES_REACHED,SHARD1_POINT_K300_M511K421_35,SHARD_1,BASE_0P5DB
stage08_multipath_formal_common_snr,a251a4f1d4cfb87fd01e99da592a8ae9a9bfe790,BC8C55A2713D7A06EBAA8A6EDD34813874918E3535AC4C23C9BAE7ABA7755784,K300_M511K385,"BCH385整块300",300,511,385,14,1,426,0.70422535211267601,S2_FIXED_REAL_FIR_V1,"1;0.65;0;0.35","0.80451798670912955;0.52293669136093424;0;0.28158129534819532",0.99999999999999989,BLOCK_LINEAR_MMSE,BANDED_CHOLESKY_NORMAL_EQUATIONS,0,0,1,-1.4874165128092467,1,8080808,1000,300000,56551,1000,1000,0,0,0,0.18850333333333333,1,1,0,0,0,28757800,12788300,21388400,2375300,287736300,28757.799999999999,12788.299999999999,21388.400000000001,2375.3000000000002,287736.29999999999,110300,602800,2057200,31821700,9800,35000,226800,1576700,1.966778583257534e-16,2.3138783949574156e-16,TARGET_FRAME_ERRORS_REACHED,SHARD1_POINT_K300_M511K385_0,SHARD_1,BASE_0P5DB
stage08_multipath_formal_common_snr,a251a4f1d4cfb87fd01e99da592a8ae9a9bfe790,BC8C55A2713D7A06EBAA8A6EDD34813874918E3535AC4C23C9BAE7ABA7755784,K300_M511K385,"BCH385整块300",300,511,385,14,1,426,0.70422535211267601,S2_FIXED_REAL_FIR_V1,"1;0.65;0;0.35","0.80451798670912955;0.52293669136093424;0;0.28158129534819532",0.99999999999999989,BLOCK_LINEAR_MMSE,BANDED_CHOLESKY_NORMAL_EQUATIONS,2,1,1.2589254117941673,-0.48741651280924669,0.79432823472428149,8080808,1000,300000,48942,1000,1000,0,0,0,0.16314000000000001,1,1,0,0,0,23707700,12432500,22659900,2677600,271937700,23707.700000000001,12432.5,22659.900000000001,2677.5999999999999,271937.70000000001,118700,796100,2704500,20374800,9300,35300,325700,2002700,1.731030054051557e-16,1.9867194281064125e-16,TARGET_FRAME_ERRORS_REACHED,SHARD1_POINT_K300_M511K385_2,SHARD_1,BASE_0P5DB
stage08_multipath_formal_common_snr,a251a4f1d4cfb87fd01e99da592a8ae9a9bfe790,BC8C55A2713D7A06EBAA8A6EDD34813874918E3535AC4C23C9BAE7ABA7755784,K300_M511K385,"BCH385整块300",300,511,385,14,1,426,0.70422535211267601,S2_FIXED_REAL_FIR_V1,"1;0.65;0;0.35","0.80451798670912955;0.52293669136093424;0;0.28158129534819532",0.99999999999999989,BLOCK_LINEAR_MMSE,BANDED_CHOLESKY_NORMAL_EQUATIONS,4,2,1.5848931924611136,0.51258348719075331,0.63095734448019325,8080808,1000,300000,41888,1000,1000,0,0,0,0.13962666666666668,1,1,0,0,0,16098100,5449400,14063500,1506900,151947100,16098.1,5449.3999999999996,14063.5,1506.9000000000001,151947.10000000001,105900,313400,984900,8227000,9100,12500,103700,1429300,1.8364419369898261e-16,2.1642756692622645e-16,TARGET_FRAME_ERRORS_REACHED,SHARD1_POINT_K300_M511K385_4,SHARD_1,BASE_0P5DB
stage08_multipath_formal_common_snr,a251a4f1d4cfb87fd01e99da592a8ae9a9bfe790,BC8C55A2713D7A06EBAA8A6EDD34813874918E3535AC4C23C9BAE7ABA7755784,K300_M511K385,"BCH385整块300",300,511,385,14,1,426,0.70422535211267601,S2_FIXED_REAL_FIR_V1,"1;0.65;0;0.35","0.80451798670912955;0.52293669136093424;0;0.28158129534819532",0.99999999999999989,BLOCK_LINEAR_MMSE,BANDED_CHOLESKY_NORMAL_EQUATIONS,6,3,1.9952623149688795,1.5125834871907533,0.50118723362727235,8080808,1000,300000,35103,1000,1000,0,0,0,0.11701,1,1,0,0,0,11104000,4624300,9741400,1146800,116508700,11104,4624.3000000000002,9741.3999999999996,1146.8,116508.7,99900,139900,224000,11973100,8600,11900,30000,281000,1.8817054353117939e-16,2.2267733599284819e-16,TARGET_FRAME_ERRORS_REACHED,SHARD1_POINT_K300_M511K385_6,SHARD_1,BASE_0P5DB
stage08_multipath_formal_common_snr,a251a4f1d4cfb87fd01e99da592a8ae9a9bfe790,BC8C55A2713D7A06EBAA8A6EDD34813874918E3535AC4C23C9BAE7ABA7755784,K300_M511K385,"BCH385整块300",300,511,385,14,1,426,0.70422535211267601,S2_FIXED_REAL_FIR_V1,"1;0.65;0;0.35","0.80451798670912955;0.52293669136093424;0;0.28158129534819532",0.99999999999999989,BLOCK_LINEAR_MMSE,BANDED_CHOLESKY_NORMAL_EQUATIONS,8,4,2.5118864315095801,2.5125834871907533,0.39810717055349726,8080808,1000,300000,28712,1000,1000,0,0,0,0.095706666666666662,1,1,0,0,0,10782700,4247500,10042300,1150300,105699900,10782.700000000001,4247.5,10042.299999999999,1150.3,105699.89999999999,101300,140300,276200,1134700,8600,11900,23800,787800,1.9482549216759379e-16,2.3156715208839856e-16,TARGET_FRAME_ERRORS_REACHED,SHARD1_POINT_K300_M511K385_8,SHARD_1,BASE_0P5DB
stage08_multipath_formal_common_snr,a251a4f1d4cfb87fd01e99da592a8ae9a9bfe790,BC8C55A2713D7A06EBAA8A6EDD34813874918E3535AC4C23C9BAE7ABA7755784,K300_M511K385,"BCH385整块300",300,511,385,14,1,426,0.70422535211267601,S2_FIXED_REAL_FIR_V1,"1;0.65;0;0.35","0.80451798670912955;0.52293669136093424;0;0.28158129534819532",0.99999999999999989,BLOCK_LINEAR_MMSE,BANDED_CHOLESKY_NORMAL_EQUATIONS,10,5,3.1622776601683795,3.5125834871907533,0.31622776601683794,8080808,1000,300000,22864,999,999,0,0,1,0.076213333333333327,0.999,0.999,0,0,0.001,9788200,3668200,8992600,1016000,95157400,9788.2000000000007,3668.1999999999998,8992.6000000000004,1016,95157.399999999994,94900,120100,172200,331900,7900,10900,22400,398400,1.7118743691153402e-16,2.0063766747565131e-16,TARGET_FRAME_ERRORS_REACHED,SHARD1_POINT_K300_M511K385_10,SHARD_1,BASE_0P5DB
stage08_multipath_formal_common_snr,a251a4f1d4cfb87fd01e99da592a8ae9a9bfe790,BC8C55A2713D7A06EBAA8A6EDD34813874918E3535AC4C23C9BAE7ABA7755784,K300_M511K385,"BCH385整块300",300,511,385,14,1,426,0.70422535211267601,S2_FIXED_REAL_FIR_V1,"1;0.65;0;0.35","0.80451798670912955;0.52293669136093424;0;0.28158129534819532",0.99999999999999989,BLOCK_LINEAR_MMSE,BANDED_CHOLESKY_NORMAL_EQUATIONS,12,6,3.9810717055349722,4.5125834871907529,0.25118864315095801,8080808,1000,300000,17137,985,985,0,0,15,0.057123333333333332,0.98499999999999999,0.98499999999999999,0,0,0.014999999999999999,10416400,4035500,9077600,1148000,101045200,10416.4,4035.5,9077.6000000000004,1148,101045.2,98200,126800,192700,525200,8400,11500,27100,111000,1.9029833045376646e-16,2.2032553551918517e-16,TARGET_FRAME_ERRORS_REACHED,SHARD1_POINT_K300_M511K385_12,SHARD_1,BASE_0P5DB
stage08_multipath_formal_common_snr,a251a4f1d4cfb87fd01e99da592a8ae9a9bfe790,BC8C55A2713D7A06EBAA8A6EDD34813874918E3535AC4C23C9BAE7ABA7755784,K300_M511K385,"BCH385整块300",300,511,385,14,1,426,0.70422535211267601,S2_FIXED_REAL_FIR_V1,"1;0.65;0;0.35","0.80451798670912955;0.52293669136093424;0;0.28158129534819532",0.99999999999999989,BLOCK_LINEAR_MMSE,BANDED_CHOLESKY_NORMAL_EQUATIONS,14,7,5.011872336272722,5.5125834871907529,0.199526231496888,8080808,1000,300000,11123,780,780,0,0,220,0.037076666666666667,0.78000000000000003,0.78000000000000003,0,0,0.22,9291000,3632400,8397200,1085200,93612000,9291,3632.4000000000001,8397.2000000000007,1085.2,93612,91500,117000,184200,410100,8000,10800,21400,41500,1.7245154371579138e-16,1.9837692415485559e-16,TARGET_FRAME_ERRORS_REACHED,SHARD1_POINT_K300_M511K385_14,SHARD_1,BASE_0P5DB
stage08_multipath_formal_common_snr,a251a4f1d4cfb87fd01e99da592a8ae9a9bfe790,BC8C55A2713D7A06EBAA8A6EDD34813874918E3535AC4C23C9BAE7ABA7755784,K300_M511K385,"BCH385整块300",300,511,385,14,1,426,0.70422535211267601,S2_FIXED_REAL_FIR_V1,"1;0.65;0;0.35","0.80451798670912955;0.52293669136093424;0;0.28158129534819532",0.99999999999999989,BLOCK_LINEAR_MMSE,BANDED_CHOLESKY_NORMAL_EQUATIONS,16,8,6.3095734448019334,6.5125834871907529,0.15848931924611132,8080808,1000,300000,3890,323,323,0,0,677,0.012966666666666666,0.32300000000000001,0.32300000000000001,0,0,0.67700000000000005,9234300,3733400,8486800,1085000,89611600,9234.2999999999993,3733.4000000000001,8486.7999999999993,1085,89611.600000000006,89200,113200,165900,499800,8200,10900,16600,49100,1.8064781581993765e-16,2.1135871854834076e-16,TARGET_FRAME_ERRORS_REACHED,SHARD1_POINT_K300_M511K385_16,SHARD_1,BASE_0P5DB
stage08_multipath_formal_common_snr,a251a4f1d4cfb87fd01e99da592a8ae9a9bfe790,BC8C55A2713D7A06EBAA8A6EDD34813874918E3535AC4C23C9BAE7ABA7755784,K300_M511K385,"BCH385整块300",300,511,385,14,1,426,0.70422535211267601,S2_FIXED_REAL_FIR_V1,"1;0.65;0;0.35","0.80451798670912955;0.52293669136093424;0;0.28158129534819532",0.99999999999999989,BLOCK_LINEAR_MMSE,BANDED_CHOLESKY_NORMAL_EQUATIONS,18,9,7.9432823472428158,7.5125834871907529,0.1258925411794167,8080808,4225,1267500,2388,200,200,0,0,4025,0.0018840236686390533,0.047337278106508875,0.047337278106508875,0,0,0.9526627218934911,47071500,17396200,41274100,7773800,357364600,11141.183431952662,4117.4437869822486,9769.0177514792904,1839.9526627218936,84583.337278106512,77300,115400,221400,2702900,8400,11400,23200,1067300,2.2850059864197862e-16,2.6900032568214161e-16,TARGET_FRAME_ERRORS_REACHED,SHARD1_POINT_K300_M511K385_18,SHARD_1,BASE_0P5DB
stage08_multipath_formal_common_snr,a251a4f1d4cfb87fd01e99da592a8ae9a9bfe790,BC8C55A2713D7A06EBAA8A6EDD34813874918E3535AC4C23C9BAE7ABA7755784,K300_M511K385,"BCH385整块300",300,511,385,14,1,426,0.70422535211267601,S2_FIXED_REAL_FIR_V1,"1;0.65;0;0.35","0.80451798670912955;0.52293669136093424;0;0.28158129534819532",0.99999999999999989,BLOCK_LINEAR_MMSE,BANDED_CHOLESKY_NORMAL_EQUATIONS,20,10,10,8.5125834871907529,0.10000000000000001,8080808,50000,15000000,2096,186,186,0,0,49814,0.00013973333333333333,0.0037200000000000002,0.0037200000000000002,0,0,0.99628000000000005,616999600,233505500,543319700,72044700,4130659400,12339.992,4670.1099999999997,10866.394,1440.894,82613.187999999995,68600,116000,341900,9269300,8600,12600,35500,6469100,1.7928354004516205e-16,2.2331084071441775e-16,MAX_FRAMES_REACHED,SHARD1_POINT_K300_M511K385_20,SHARD_1,BASE_0P5DB
stage08_multipath_formal_common_snr,a251a4f1d4cfb87fd01e99da592a8ae9a9bfe790,BC8C55A2713D7A06EBAA8A6EDD34813874918E3535AC4C23C9BAE7ABA7755784,K300_M511K385,"BCH385整块300",300,511,385,14,1,426,0.70422535211267601,S2_FIXED_REAL_FIR_V1,"1;0.65;0;0.35","0.80451798670912955;0.52293669136093424;0;0.28158129534819532",0.99999999999999989,BLOCK_LINEAR_MMSE,BANDED_CHOLESKY_NORMAL_EQUATIONS,22,11,12.589254117941675,9.5125834871907529,0.079432823472428138,8080808,50000,15000000,119,10,10,0,0,49990,7.9333333333333342e-06,0.00020000000000000001,0.00020000000000000001,0,0,0.99980000000000002,724415600,344257800,660527200,71863300,4357141800,14488.312,6885.1559999999999,13210.544,1437.2660000000001,87142.835999999996,62500,137000,516500,25839200,9000,13300,52200,16321300,1.736785793037332e-16,2.1274974182592898e-16,MAX_FRAMES_REACHED,SHARD1_POINT_K300_M511K385_22,SHARD_1,BASE_0P5DB
stage08_multipath_formal_common_snr,a251a4f1d4cfb87fd01e99da592a8ae9a9bfe790,BC8C55A2713D7A06EBAA8A6EDD34813874918E3535AC4C23C9BAE7ABA7755784,K300_M511K385,"BCH385整块300",300,511,385,14,1,426,0.70422535211267601,S2_FIXED_REAL_FIR_V1,"1;0.65;0;0.35","0.80451798670912955;0.52293669136093424;0;0.28158129534819532",0.99999999999999989,BLOCK_LINEAR_MMSE,BANDED_CHOLESKY_NORMAL_EQUATIONS,24,12,15.848931924611133,10.512583487190753,0.063095734448019331,8080808,50000,15000000,0,0,0,0,0,50000,0,0,0,0,0,1,721838600,252528100,576342200,105271900,3454913300,14436.772000000001,5050.5619999999999,11526.843999999999,2105.4380000000001,69098.266000000003,56600,93900,296100,17501700,8800,12800,37800,21953900,1.7304233033214074e-16,2.072116252848022e-16,MAX_FRAMES_REACHED,SHARD1_POINT_K300_M511K385_24,SHARD_1,BASE_0P5DB
stage08_multipath_formal_common_snr,a251a4f1d4cfb87fd01e99da592a8ae9a9bfe790,BC8C55A2713D7A06EBAA8A6EDD34813874918E3535AC4C23C9BAE7ABA7755784,K300_M511K385,"BCH385整块300",300,511,385,14,1,426,0.70422535211267601,S2_FIXED_REAL_FIR_V1,"1;0.65;0;0.35","0.80451798670912955;0.52293669136093424;0;0.28158129534819532",0.99999999999999989,BLOCK_LINEAR_MMSE,BANDED_CHOLESKY_NORMAL_EQUATIONS,26,13,19.952623149688797,11.512583487190753,0.050118723362727227,8080808,50000,15000000,0,0,0,0,0,50000,0,0,0,0,0,1,586202500,228760900,534361000,64193000,3067877900,11724.049999999999,4575.2179999999998,10687.219999999999,1283.8599999999999,61357.557999999997,52900,81500,229900,12175600,8600,12500,32000,12318200,1.7476246475908063e-16,2.1144173814057766e-16,MAX_FRAMES_REACHED,SHARD1_POINT_K300_M511K385_26,SHARD_1,BASE_0P5DB
stage08_multipath_formal_common_snr,a251a4f1d4cfb87fd01e99da592a8ae9a9bfe790,BC8C55A2713D7A06EBAA8A6EDD34813874918E3535AC4C23C9BAE7ABA7755784,K300_M511K385,"BCH385整块300",300,511,385,14,1,426,0.70422535211267601,S2_FIXED_REAL_FIR_V1,"1;0.65;0;0.35","0.80451798670912955;0.52293669136093424;0;0.28158129534819532",0.99999999999999989,BLOCK_LINEAR_MMSE,BANDED_CHOLESKY_NORMAL_EQUATIONS,28,14,25.118864315095795,12.512583487190753,0.039810717055349734,8080808,50000,15000000,0,0,0,0,0,50000,0,0,0,0,0,1,753707500,264136700,588738200,67616500,3502220000,15074.15,5282.7340000000004,11774.763999999999,1352.3299999999999,70044.399999999994,52400,91700,317000,25909100,8900,13000,40800,11342400,1.7108104614230505e-16,2.0881604827192261e-16,MAX_FRAMES_REACHED,SHARD1_POINT_K300_M511K385_28,SHARD_1,BASE_0P5DB
stage08_multipath_formal_common_snr,a251a4f1d4cfb87fd01e99da592a8ae9a9bfe790,BC8C55A2713D7A06EBAA8A6EDD34813874918E3535AC4C23C9BAE7ABA7755784,K300_M511K385,"BCH385整块300",300,511,385,14,1,426,0.70422535211267601,S2_FIXED_REAL_FIR_V1,"1;0.65;0;0.35","0.80451798670912955;0.52293669136093424;0;0.28158129534819532",0.99999999999999989,BLOCK_LINEAR_MMSE,BANDED_CHOLESKY_NORMAL_EQUATIONS,30,15,31.622776601683793,13.512583487190753,0.031622776601683791,8080808,50000,15000000,0,0,0,0,0,50000,0,0,0,0,0,1,631528300,247447000,550480500,68817000,3187345400,12630.566000000001,4948.9399999999996,11009.610000000001,1376.3399999999999,63746.908000000003,50500,82000,258500,72967700,8900,12800,37300,4618700,1.8378832346534357e-16,2.2257523948783204e-16,MAX_FRAMES_REACHED,SHARD1_POINT_K300_M511K385_30,SHARD_1,BASE_0P5DB
stage08_multipath_formal_common_snr,a251a4f1d4cfb87fd01e99da592a8ae9a9bfe790,BC8C55A2713D7A06EBAA8A6EDD34813874918E3535AC4C23C9BAE7ABA7755784,K300_M511K385,"BCH385整块300",300,511,385,14,1,426,0.70422535211267601,S2_FIXED_REAL_FIR_V1,"1;0.65;0;0.35","0.80451798670912955;0.52293669136093424;0;0.28158129534819532",0.99999999999999989,BLOCK_LINEAR_MMSE,BANDED_CHOLESKY_NORMAL_EQUATIONS,32,16,39.810717055349734,14.512583487190753,0.025118864315095794,8080808,50000,15000000,0,0,0,0,0,50000,0,0,0,0,0,1,889215800,336844400,748062300,112792000,4119730300,17784.315999999999,6736.8879999999999,14961.245999999999,2255.8400000000001,82394.606,52600,127600,566400,41032700,9400,16100,79100,15427000,1.8944891824414913e-16,2.2872934117521519e-16,MAX_FRAMES_REACHED,SHARD1_POINT_K300_M511K385_32,SHARD_1,BASE_0P5DB
stage08_multipath_formal_common_snr,a251a4f1d4cfb87fd01e99da592a8ae9a9bfe790,BC8C55A2713D7A06EBAA8A6EDD34813874918E3535AC4C23C9BAE7ABA7755784,K300_M511K385,"BCH385整块300",300,511,385,14,1,426,0.70422535211267601,S2_FIXED_REAL_FIR_V1,"1;0.65;0;0.35","0.80451798670912955;0.52293669136093424;0;0.28158129534819532",0.99999999999999989,BLOCK_LINEAR_MMSE,BANDED_CHOLESKY_NORMAL_EQUATIONS,34,17,50.118723362727224,15.512583487190753,0.019952623149688799,8080808,50000,15000000,0,0,0,0,0,50000,0,0,0,0,0,1,845999000,289480500,709949700,128608300,3573518400,16919.98,5789.6099999999997,14198.994000000001,2572.1660000000002,71470.368000000002,51100,106700,399400,38886400,9300,13800,65100,19556900,1.9045673415922486e-16,2.2676909494427398e-16,MAX_FRAMES_REACHED,SHARD1_POINT_K300_M511K385_34,SHARD_1,BASE_0P5DB
stage08_multipath_formal_common_snr,a251a4f1d4cfb87fd01e99da592a8ae9a9bfe790,BC8C55A2713D7A06EBAA8A6EDD34813874918E3535AC4C23C9BAE7ABA7755784,K300_M511K385,"BCH385整块300",300,511,385,14,1,426,0.70422535211267601,S2_FIXED_REAL_FIR_V1,"1;0.65;0;0.35","0.80451798670912955;0.52293669136093424;0;0.28158129534819532",0.99999999999999989,BLOCK_LINEAR_MMSE,BANDED_CHOLESKY_NORMAL_EQUATIONS,36,18,63.095734448019329,16.512583487190753,0.015848931924611134,8080808,50000,15000000,0,0,0,0,0,50000,0,0,0,0,0,1,654507700,274477100,564808000,132058500,3168011300,13090.154,5489.5420000000004,11296.16,2641.1700000000001,63360.226000000002,47900,92300,325300,18817200,8600,13200,44600,3919200,1.7812245934105088e-16,2.2391864156767423e-16,MAX_FRAMES_REACHED,SHARD1_POINT_K300_M511K385_36,SHARD_1,BASE_0P5DB
