scheme,comparisonGroup,EsN0Db,burstRatioRequested,burstPositionType,configurationCount,payloadChecksumCount,noiseChecksumCount,burstStartChecksumCount,frameSequenceHashCount,payloadChecksum,noiseChecksum,burstStartChecksum,frameSequenceHash,status,notes
BCH,BCH_EsN0_-5_burst_0.02_HEAD,-5,0.02,HEAD,4,1,1,1,1,a5161cb90e181024a22b332ee00f0ba448920691fe4029d32fb70ab1aa8ab47a,ad4df377423473f0f6832ab789f2744e7b56f3e5f2398a4924302a0bd26d052f,c5c1ed69f998bac669832c6e503881b20248ad6ad5f4556df61650e7693414f9,c76dd6f3c17103439dfb85094b25f725c8a46fabf6288b0b9e6743774739eb3e,PASS,"All four interleaver configurations share payload, noise, burst start and frame sequence."
BCH,BCH_EsN0_-5_burst_0.02_MIDDLE,-5,0.02,MIDDLE,4,1,1,1,1,a5161cb90e181024a22b332ee00f0ba448920691fe4029d32fb70ab1aa8ab47a,ad4df377423473f0f6832ab789f2744e7b56f3e5f2398a4924302a0bd26d052f,0bcb3b8a96fa0f1c9434dc2de1933133cd660fab7d3282d216eef023046a1716,c76dd6f3c17103439dfb85094b25f725c8a46fabf6288b0b9e6743774739eb3e,PASS,"All four interleaver configurations share payload, noise, burst start and frame sequence."
BCH,BCH_EsN0_-5_burst_0.02_QUARTER,-5,0.02,QUARTER,4,1,1,1,1,a5161cb90e181024a22b332ee00f0ba448920691fe4029d32fb70ab1aa8ab47a,ad4df377423473f0f6832ab789f2744e7b56f3e5f2398a4924302a0bd26d052f,8d74dc3ce841417d7acd12d9068b8fdfe8b42f7f505070e0e04a207337aec7d9,c76dd6f3c17103439dfb85094b25f725c8a46fabf6288b0b9e6743774739eb3e,PASS,"All four interleaver configurations share payload, noise, burst start and frame sequence."
BCH,BCH_EsN0_-5_burst_0.02_RANDOM,-5,0.02,RANDOM,4,1,1,1,1,a5161cb90e181024a22b332ee00f0ba448920691fe4029d32fb70ab1aa8ab47a,ad4df377423473f0f6832ab789f2744e7b56f3e5f2398a4924302a0bd26d052f,4810a9913d61edcb4f1f5ae0a6727238738fa0aa43af4a4b563e5bcd6da00f8b,c76dd6f3c17103439dfb85094b25f725c8a46fabf6288b0b9e6743774739eb3e,PASS,"All four interleaver configurations share payload, noise, burst start and frame sequence."
BCH,BCH_EsN0_-5_burst_0.02_TAIL,-5,0.02,TAIL,4,1,1,1,1,a5161cb90e181024a22b332ee00f0ba448920691fe4029d32fb70ab1aa8ab47a,ad4df377423473f0f6832ab789f2744e7b56f3e5f2398a4924302a0bd26d052f,62eb84dc628fa0b4b0c80742b47fdd688305793492eac5d4c054327f8418d5f1,c76dd6f3c17103439dfb85094b25f725c8a46fabf6288b0b9e6743774739eb3e,PASS,"All four interleaver configurations share payload, noise, burst start and frame sequence."
BCH,BCH_EsN0_-5_burst_0.02_THREE_QUARTER,-5,0.02,THREE_QUARTER,4,1,1,1,1,a5161cb90e181024a22b332ee00f0ba448920691fe4029d32fb70ab1aa8ab47a,ad4df377423473f0f6832ab789f2744e7b56f3e5f2398a4924302a0bd26d052f,77ee29f4f7322382305a09c0a5fabc2d5f282af54af9ebf38ceb540789bbf816,c76dd6f3c17103439dfb85094b25f725c8a46fabf6288b0b9e6743774739eb3e,PASS,"All four interleaver configurations share payload, noise, burst start and frame sequence."
BCH,BCH_EsN0_-5_burst_0.050000000000000003_HEAD,-5,0.050000000000000003,HEAD,4,1,1,1,1,a5161cb90e181024a22b332ee00f0ba448920691fe4029d32fb70ab1aa8ab47a,ad4df377423473f0f6832ab789f2744e7b56f3e5f2398a4924302a0bd26d052f,c0772b0da560b55244a6168051f7a6f11e70e515bccf50d24f07ad32262cc674,c76dd6f3c17103439dfb85094b25f725c8a46fabf6288b0b9e6743774739eb3e,PASS,"All four interleaver configurations share payload, noise, burst start and frame sequence."
BCH,BCH_EsN0_-5_burst_0.050000000000000003_MIDDLE,-5,0.050000000000000003,MIDDLE,4,1,1,1,1,a5161cb90e181024a22b332ee00f0ba448920691fe4029d32fb70ab1aa8ab47a,ad4df377423473f0f6832ab789f2744e7b56f3e5f2398a4924302a0bd26d052f,eecbe5c6e2faa2eaa90c72f480c4da70b630bad6e21f1096df1832da225a9b34,c76dd6f3c17103439dfb85094b25f725c8a46fabf6288b0b9e6743774739eb3e,PASS,"All four interleaver configurations share payload, noise, burst start and frame sequence."
BCH,BCH_EsN0_-5_burst_0.050000000000000003_QUARTER,-5,0.050000000000000003,QUARTER,4,1,1,1,1,a5161cb90e181024a22b332ee00f0ba448920691fe4029d32fb70ab1aa8ab47a,ad4df377423473f0f6832ab789f2744e7b56f3e5f2398a4924302a0bd26d052f,6c2047f02728e589aa4cc9f7ea764577324ca4879307753db30c1b1d4701fb08,c76dd6f3c17103439dfb85094b25f725c8a46fabf6288b0b9e6743774739eb3e,PASS,"All four interleaver configurations share payload, noise, burst start and frame sequence."
BCH,BCH_EsN0_-5_burst_0.050000000000000003_RANDOM,-5,0.050000000000000003,RANDOM,4,1,1,1,1,a5161cb90e181024a22b332ee00f0ba448920691fe4029d32fb70ab1aa8ab47a,ad4df377423473f0f6832ab789f2744e7b56f3e5f2398a4924302a0bd26d052f,c3c4212eb868db0e0af807d21e860a441ec5c887dc2473dce4e48ae84cc9b9de,c76dd6f3c17103439dfb85094b25f725c8a46fabf6288b0b9e6743774739eb3e,PASS,"All four interleaver configurations share payload, noise, burst start and frame sequence."
BCH,BCH_EsN0_-5_burst_0.050000000000000003_TAIL,-5,0.050000000000000003,TAIL,4,1,1,1,1,a5161cb90e181024a22b332ee00f0ba448920691fe4029d32fb70ab1aa8ab47a,ad4df377423473f0f6832ab789f2744e7b56f3e5f2398a4924302a0bd26d052f,c390134458f0c8f52072cf2e375b1a4c88b3f34d30221896997dc2b984035c9d,c76dd6f3c17103439dfb85094b25f725c8a46fabf6288b0b9e6743774739eb3e,PASS,"All four interleaver configurations share payload, noise, burst start and frame sequence."
BCH,BCH_EsN0_-5_burst_0.050000000000000003_THREE_QUARTER,-5,0.050000000000000003,THREE_QUARTER,4,1,1,1,1,a5161cb90e181024a22b332ee00f0ba448920691fe4029d32fb70ab1aa8ab47a,ad4df377423473f0f6832ab789f2744e7b56f3e5f2398a4924302a0bd26d052f,adcaeb146f8849a0b0b76009d43bdcb10b82f8d7d357e21a665ffddafe5f0c90,c76dd6f3c17103439dfb85094b25f725c8a46fabf6288b0b9e6743774739eb3e,PASS,"All four interleaver configurations share payload, noise, burst start and frame sequence."
BCH,BCH_EsN0_-5_burst_0.10000000000000001_HEAD,-5,0.10000000000000001,HEAD,4,1,1,1,1,a5161cb90e181024a22b332ee00f0ba448920691fe4029d32fb70ab1aa8ab47a,ad4df377423473f0f6832ab789f2744e7b56f3e5f2398a4924302a0bd26d052f,c0d9da1fa82d0fcd8ead7d95361036afbb66360e3ddbd3b62e877a318d2e7300,c76dd6f3c17103439dfb85094b25f725c8a46fabf6288b0b9e6743774739eb3e,PASS,"All four interleaver configurations share payload, noise, burst start and frame sequence."
BCH,BCH_EsN0_-5_burst_0.10000000000000001_MIDDLE,-5,0.10000000000000001,MIDDLE,4,1,1,1,1,a5161cb90e181024a22b332ee00f0ba448920691fe4029d32fb70ab1aa8ab47a,ad4df377423473f0f6832ab789f2744e7b56f3e5f2398a4924302a0bd26d052f,7d4c6e35daa2ff6d0990de4339551453c5cb57bb0f12e2f32aba9e6f5abe3abf,c76dd6f3c17103439dfb85094b25f725c8a46fabf6288b0b9e6743774739eb3e,PASS,"All four interleaver configurations share payload, noise, burst start and frame sequence."
BCH,BCH_EsN0_-5_burst_0.10000000000000001_QUARTER,-5,0.10000000000000001,QUARTER,4,1,1,1,1,a5161cb90e181024a22b332ee00f0ba448920691fe4029d32fb70ab1aa8ab47a,ad4df377423473f0f6832ab789f2744e7b56f3e5f2398a4924302a0bd26d052f,40895591b69e5351625ed98be6c29e9c9bbdad64208c89187e60f62cd8a1a3c5,c76dd6f3c17103439dfb85094b25f725c8a46fabf6288b0b9e6743774739eb3e,PASS,"All four interleaver configurations share payload, noise, burst start and frame sequence."
BCH,BCH_EsN0_-5_burst_0.10000000000000001_RANDOM,-5,0.10000000000000001,RANDOM,4,1,1,1,1,a5161cb90e181024a22b332ee00f0ba448920691fe4029d32fb70ab1aa8ab47a,ad4df377423473f0f6832ab789f2744e7b56f3e5f2398a4924302a0bd26d052f,9acdf24f600dcf39468fde9c4dd0aae7c6e6af8db6b308ee7b7e7eccb0827d99,c76dd6f3c17103439dfb85094b25f725c8a46fabf6288b0b9e6743774739eb3e,PASS,"All four interleaver configurations share payload, noise, burst start and frame sequence."
BCH,BCH_EsN0_-5_burst_0.10000000000000001_TAIL,-5,0.10000000000000001,TAIL,4,1,1,1,1,a5161cb90e181024a22b332ee00f0ba448920691fe4029d32fb70ab1aa8ab47a,ad4df377423473f0f6832ab789f2744e7b56f3e5f2398a4924302a0bd26d052f,200d497cfbeccea8e8b689e65ed36ae1725394120f7262502b6b29c77d328082,c76dd6f3c17103439dfb85094b25f725c8a46fabf6288b0b9e6743774739eb3e,PASS,"All four interleaver configurations share payload, noise, burst start and frame sequence."
BCH,BCH_EsN0_-5_burst_0.10000000000000001_THREE_QUARTER,-5,0.10000000000000001,THREE_QUARTER,4,1,1,1,1,a5161cb90e181024a22b332ee00f0ba448920691fe4029d32fb70ab1aa8ab47a,ad4df377423473f0f6832ab789f2744e7b56f3e5f2398a4924302a0bd26d052f,fc18e489b7b569493256e05fb8452841ed9b4dd6b29c3ca590ce0ee1ab44c1e8,c76dd6f3c17103439dfb85094b25f725c8a46fabf6288b0b9e6743774739eb3e,PASS,"All four interleaver configurations share payload, noise, burst start and frame sequence."
BCH,BCH_EsN0_-4.5_burst_0.02_HEAD,-4.5,0.02,HEAD,4,1,1,1,1,a5161cb90e181024a22b332ee00f0ba448920691fe4029d32fb70ab1aa8ab47a,ad4df377423473f0f6832ab789f2744e7b56f3e5f2398a4924302a0bd26d052f,c5c1ed69f998bac669832c6e503881b20248ad6ad5f4556df61650e7693414f9,c76dd6f3c17103439dfb85094b25f725c8a46fabf6288b0b9e6743774739eb3e,PASS,"All four interleaver configurations share payload, noise, burst start and frame sequence."
BCH,BCH_EsN0_-4.5_burst_0.02_MIDDLE,-4.5,0.02,MIDDLE,4,1,1,1,1,a5161cb90e181024a22b332ee00f0ba448920691fe4029d32fb70ab1aa8ab47a,ad4df377423473f0f6832ab789f2744e7b56f3e5f2398a4924302a0bd26d052f,0bcb3b8a96fa0f1c9434dc2de1933133cd660fab7d3282d216eef023046a1716,c76dd6f3c17103439dfb85094b25f725c8a46fabf6288b0b9e6743774739eb3e,PASS,"All four interleaver configurations share payload, noise, burst start and frame sequence."
BCH,BCH_EsN0_-4.5_burst_0.02_QUARTER,-4.5,0.02,QUARTER,4,1,1,1,1,a5161cb90e181024a22b332ee00f0ba448920691fe4029d32fb70ab1aa8ab47a,ad4df377423473f0f6832ab789f2744e7b56f3e5f2398a4924302a0bd26d052f,8d74dc3ce841417d7acd12d9068b8fdfe8b42f7f505070e0e04a207337aec7d9,c76dd6f3c17103439dfb85094b25f725c8a46fabf6288b0b9e6743774739eb3e,PASS,"All four interleaver configurations share payload, noise, burst start and frame sequence."
BCH,BCH_EsN0_-4.5_burst_0.02_RANDOM,-4.5,0.02,RANDOM,4,1,1,1,1,a5161cb90e181024a22b332ee00f0ba448920691fe4029d32fb70ab1aa8ab47a,ad4df377423473f0f6832ab789f2744e7b56f3e5f2398a4924302a0bd26d052f,4810a9913d61edcb4f1f5ae0a6727238738fa0aa43af4a4b563e5bcd6da00f8b,c76dd6f3c17103439dfb85094b25f725c8a46fabf6288b0b9e6743774739eb3e,PASS,"All four interleaver configurations share payload, noise, burst start and frame sequence."
BCH,BCH_EsN0_-4.5_burst_0.02_TAIL,-4.5,0.02,TAIL,4,1,1,1,1,a5161cb90e181024a22b332ee00f0ba448920691fe4029d32fb70ab1aa8ab47a,ad4df377423473f0f6832ab789f2744e7b56f3e5f2398a4924302a0bd26d052f,62eb84dc628fa0b4b0c80742b47fdd688305793492eac5d4c054327f8418d5f1,c76dd6f3c17103439dfb85094b25f725c8a46fabf6288b0b9e6743774739eb3e,PASS,"All four interleaver configurations share payload, noise, burst start and frame sequence."
BCH,BCH_EsN0_-4.5_burst_0.02_THREE_QUARTER,-4.5,0.02,THREE_QUARTER,4,1,1,1,1,a5161cb90e181024a22b332ee00f0ba448920691fe4029d32fb70ab1aa8ab47a,ad4df377423473f0f6832ab789f2744e7b56f3e5f2398a4924302a0bd26d052f,77ee29f4f7322382305a09c0a5fabc2d5f282af54af9ebf38ceb540789bbf816,c76dd6f3c17103439dfb85094b25f725c8a46fabf6288b0b9e6743774739eb3e,PASS,"All four interleaver configurations share payload, noise, burst start and frame sequence."
BCH,BCH_EsN0_-4.5_burst_0.050000000000000003_HEAD,-4.5,0.050000000000000003,HEAD,4,1,1,1,1,a5161cb90e181024a22b332ee00f0ba448920691fe4029d32fb70ab1aa8ab47a,ad4df377423473f0f6832ab789f2744e7b56f3e5f2398a4924302a0bd26d052f,c0772b0da560b55244a6168051f7a6f11e70e515bccf50d24f07ad32262cc674,c76dd6f3c17103439dfb85094b25f725c8a46fabf6288b0b9e6743774739eb3e,PASS,"All four interleaver configurations share payload, noise, burst start and frame sequence."
BCH,BCH_EsN0_-4.5_burst_0.050000000000000003_MIDDLE,-4.5,0.050000000000000003,MIDDLE,4,1,1,1,1,a5161cb90e181024a22b332ee00f0ba448920691fe4029d32fb70ab1aa8ab47a,ad4df377423473f0f6832ab789f2744e7b56f3e5f2398a4924302a0bd26d052f,eecbe5c6e2faa2eaa90c72f480c4da70b630bad6e21f1096df1832da225a9b34,c76dd6f3c17103439dfb85094b25f725c8a46fabf6288b0b9e6743774739eb3e,PASS,"All four interleaver configurations share payload, noise, burst start and frame sequence."
BCH,BCH_EsN0_-4.5_burst_0.050000000000000003_QUARTER,-4.5,0.050000000000000003,QUARTER,4,1,1,1,1,a5161cb90e181024a22b332ee00f0ba448920691fe4029d32fb70ab1aa8ab47a,ad4df377423473f0f6832ab789f2744e7b56f3e5f2398a4924302a0bd26d052f,6c2047f02728e589aa4cc9f7ea764577324ca4879307753db30c1b1d4701fb08,c76dd6f3c17103439dfb85094b25f725c8a46fabf6288b0b9e6743774739eb3e,PASS,"All four interleaver configurations share payload, noise, burst start and frame sequence."
BCH,BCH_EsN0_-4.5_burst_0.050000000000000003_RANDOM,-4.5,0.050000000000000003,RANDOM,4,1,1,1,1,a5161cb90e181024a22b332ee00f0ba448920691fe4029d32fb70ab1aa8ab47a,ad4df377423473f0f6832ab789f2744e7b56f3e5f2398a4924302a0bd26d052f,c3c4212eb868db0e0af807d21e860a441ec5c887dc2473dce4e48ae84cc9b9de,c76dd6f3c17103439dfb85094b25f725c8a46fabf6288b0b9e6743774739eb3e,PASS,"All four interleaver configurations share payload, noise, burst start and frame sequence."
BCH,BCH_EsN0_-4.5_burst_0.050000000000000003_TAIL,-4.5,0.050000000000000003,TAIL,4,1,1,1,1,a5161cb90e181024a22b332ee00f0ba448920691fe4029d32fb70ab1aa8ab47a,ad4df377423473f0f6832ab789f2744e7b56f3e5f2398a4924302a0bd26d052f,c390134458f0c8f52072cf2e375b1a4c88b3f34d30221896997dc2b984035c9d,c76dd6f3c17103439dfb85094b25f725c8a46fabf6288b0b9e6743774739eb3e,PASS,"All four interleaver configurations share payload, noise, burst start and frame sequence."
BCH,BCH_EsN0_-4.5_burst_0.050000000000000003_THREE_QUARTER,-4.5,0.050000000000000003,THREE_QUARTER,4,1,1,1,1,a5161cb90e181024a22b332ee00f0ba448920691fe4029d32fb70ab1aa8ab47a,ad4df377423473f0f6832ab789f2744e7b56f3e5f2398a4924302a0bd26d052f,adcaeb146f8849a0b0b76009d43bdcb10b82f8d7d357e21a665ffddafe5f0c90,c76dd6f3c17103439dfb85094b25f725c8a46fabf6288b0b9e6743774739eb3e,PASS,"All four interleaver configurations share payload, noise, burst start and frame sequence."
BCH,BCH_EsN0_-4.5_burst_0.10000000000000001_HEAD,-4.5,0.10000000000000001,HEAD,4,1,1,1,1,a5161cb90e181024a22b332ee00f0ba448920691fe4029d32fb70ab1aa8ab47a,ad4df377423473f0f6832ab789f2744e7b56f3e5f2398a4924302a0bd26d052f,c0d9da1fa82d0fcd8ead7d95361036afbb66360e3ddbd3b62e877a318d2e7300,c76dd6f3c17103439dfb85094b25f725c8a46fabf6288b0b9e6743774739eb3e,PASS,"All four interleaver configurations share payload, noise, burst start and frame sequence."
BCH,BCH_EsN0_-4.5_burst_0.10000000000000001_MIDDLE,-4.5,0.10000000000000001,MIDDLE,4,1,1,1,1,a5161cb90e181024a22b332ee00f0ba448920691fe4029d32fb70ab1aa8ab47a,ad4df377423473f0f6832ab789f2744e7b56f3e5f2398a4924302a0bd26d052f,7d4c6e35daa2ff6d0990de4339551453c5cb57bb0f12e2f32aba9e6f5abe3abf,c76dd6f3c17103439dfb85094b25f725c8a46fabf6288b0b9e6743774739eb3e,PASS,"All four interleaver configurations share payload, noise, burst start and frame sequence."
BCH,BCH_EsN0_-4.5_burst_0.10000000000000001_QUARTER,-4.5,0.10000000000000001,QUARTER,4,1,1,1,1,a5161cb90e181024a22b332ee00f0ba448920691fe4029d32fb70ab1aa8ab47a,ad4df377423473f0f6832ab789f2744e7b56f3e5f2398a4924302a0bd26d052f,40895591b69e5351625ed98be6c29e9c9bbdad64208c89187e60f62cd8a1a3c5,c76dd6f3c17103439dfb85094b25f725c8a46fabf6288b0b9e6743774739eb3e,PASS,"All four interleaver configurations share payload, noise, burst start and frame sequence."
BCH,BCH_EsN0_-4.5_burst_0.10000000000000001_RANDOM,-4.5,0.10000000000000001,RANDOM,4,1,1,1,1,a5161cb90e181024a22b332ee00f0ba448920691fe4029d32fb70ab1aa8ab47a,ad4df377423473f0f6832ab789f2744e7b56f3e5f2398a4924302a0bd26d052f,9acdf24f600dcf39468fde9c4dd0aae7c6e6af8db6b308ee7b7e7eccb0827d99,c76dd6f3c17103439dfb85094b25f725c8a46fabf6288b0b9e6743774739eb3e,PASS,"All four interleaver configurations share payload, noise, burst start and frame sequence."
BCH,BCH_EsN0_-4.5_burst_0.10000000000000001_TAIL,-4.5,0.10000000000000001,TAIL,4,1,1,1,1,a5161cb90e181024a22b332ee00f0ba448920691fe4029d32fb70ab1aa8ab47a,ad4df377423473f0f6832ab789f2744e7b56f3e5f2398a4924302a0bd26d052f,200d497cfbeccea8e8b689e65ed36ae1725394120f7262502b6b29c77d328082,c76dd6f3c17103439dfb85094b25f725c8a46fabf6288b0b9e6743774739eb3e,PASS,"All four interleaver configurations share payload, noise, burst start and frame sequence."
BCH,BCH_EsN0_-4.5_burst_0.10000000000000001_THREE_QUARTER,-4.5,0.10000000000000001,THREE_QUARTER,4,1,1,1,1,a5161cb90e181024a22b332ee00f0ba448920691fe4029d32fb70ab1aa8ab47a,ad4df377423473f0f6832ab789f2744e7b56f3e5f2398a4924302a0bd26d052f,fc18e489b7b569493256e05fb8452841ed9b4dd6b29c3ca590ce0ee1ab44c1e8,c76dd6f3c17103439dfb85094b25f725c8a46fabf6288b0b9e6743774739eb3e,PASS,"All four interleaver configurations share payload, noise, burst start and frame sequence."
BCH,BCH_EsN0_-4_burst_0.02_HEAD,-4,0.02,HEAD,4,1,1,1,1,a5161cb90e181024a22b332ee00f0ba448920691fe4029d32fb70ab1aa8ab47a,ad4df377423473f0f6832ab789f2744e7b56f3e5f2398a4924302a0bd26d052f,c5c1ed69f998bac669832c6e503881b20248ad6ad5f4556df61650e7693414f9,c76dd6f3c17103439dfb85094b25f725c8a46fabf6288b0b9e6743774739eb3e,PASS,"All four interleaver configurations share payload, noise, burst start and frame sequence."
BCH,BCH_EsN0_-4_burst_0.02_MIDDLE,-4,0.02,MIDDLE,4,1,1,1,1,a5161cb90e181024a22b332ee00f0ba448920691fe4029d32fb70ab1aa8ab47a,ad4df377423473f0f6832ab789f2744e7b56f3e5f2398a4924302a0bd26d052f,0bcb3b8a96fa0f1c9434dc2de1933133cd660fab7d3282d216eef023046a1716,c76dd6f3c17103439dfb85094b25f725c8a46fabf6288b0b9e6743774739eb3e,PASS,"All four interleaver configurations share payload, noise, burst start and frame sequence."
BCH,BCH_EsN0_-4_burst_0.02_QUARTER,-4,0.02,QUARTER,4,1,1,1,1,a5161cb90e181024a22b332ee00f0ba448920691fe4029d32fb70ab1aa8ab47a,ad4df377423473f0f6832ab789f2744e7b56f3e5f2398a4924302a0bd26d052f,8d74dc3ce841417d7acd12d9068b8fdfe8b42f7f505070e0e04a207337aec7d9,c76dd6f3c17103439dfb85094b25f725c8a46fabf6288b0b9e6743774739eb3e,PASS,"All four interleaver configurations share payload, noise, burst start and frame sequence."
BCH,BCH_EsN0_-4_burst_0.02_RANDOM,-4,0.02,RANDOM,4,1,1,1,1,a5161cb90e181024a22b332ee00f0ba448920691fe4029d32fb70ab1aa8ab47a,ad4df377423473f0f6832ab789f2744e7b56f3e5f2398a4924302a0bd26d052f,4810a9913d61edcb4f1f5ae0a6727238738fa0aa43af4a4b563e5bcd6da00f8b,c76dd6f3c17103439dfb85094b25f725c8a46fabf6288b0b9e6743774739eb3e,PASS,"All four interleaver configurations share payload, noise, burst start and frame sequence."
BCH,BCH_EsN0_-4_burst_0.02_TAIL,-4,0.02,TAIL,4,1,1,1,1,a5161cb90e181024a22b332ee00f0ba448920691fe4029d32fb70ab1aa8ab47a,ad4df377423473f0f6832ab789f2744e7b56f3e5f2398a4924302a0bd26d052f,62eb84dc628fa0b4b0c80742b47fdd688305793492eac5d4c054327f8418d5f1,c76dd6f3c17103439dfb85094b25f725c8a46fabf6288b0b9e6743774739eb3e,PASS,"All four interleaver configurations share payload, noise, burst start and frame sequence."
BCH,BCH_EsN0_-4_burst_0.02_THREE_QUARTER,-4,0.02,THREE_QUARTER,4,1,1,1,1,a5161cb90e181024a22b332ee00f0ba448920691fe4029d32fb70ab1aa8ab47a,ad4df377423473f0f6832ab789f2744e7b56f3e5f2398a4924302a0bd26d052f,77ee29f4f7322382305a09c0a5fabc2d5f282af54af9ebf38ceb540789bbf816,c76dd6f3c17103439dfb85094b25f725c8a46fabf6288b0b9e6743774739eb3e,PASS,"All four interleaver configurations share payload, noise, burst start and frame sequence."
BCH,BCH_EsN0_-4_burst_0.050000000000000003_HEAD,-4,0.050000000000000003,HEAD,4,1,1,1,1,a5161cb90e181024a22b332ee00f0ba448920691fe4029d32fb70ab1aa8ab47a,ad4df377423473f0f6832ab789f2744e7b56f3e5f2398a4924302a0bd26d052f,c0772b0da560b55244a6168051f7a6f11e70e515bccf50d24f07ad32262cc674,c76dd6f3c17103439dfb85094b25f725c8a46fabf6288b0b9e6743774739eb3e,PASS,"All four interleaver configurations share payload, noise, burst start and frame sequence."
BCH,BCH_EsN0_-4_burst_0.050000000000000003_MIDDLE,-4,0.050000000000000003,MIDDLE,4,1,1,1,1,a5161cb90e181024a22b332ee00f0ba448920691fe4029d32fb70ab1aa8ab47a,ad4df377423473f0f6832ab789f2744e7b56f3e5f2398a4924302a0bd26d052f,eecbe5c6e2faa2eaa90c72f480c4da70b630bad6e21f1096df1832da225a9b34,c76dd6f3c17103439dfb85094b25f725c8a46fabf6288b0b9e6743774739eb3e,PASS,"All four interleaver configurations share payload, noise, burst start and frame sequence."
BCH,BCH_EsN0_-4_burst_0.050000000000000003_QUARTER,-4,0.050000000000000003,QUARTER,4,1,1,1,1,a5161cb90e181024a22b332ee00f0ba448920691fe4029d32fb70ab1aa8ab47a,ad4df377423473f0f6832ab789f2744e7b56f3e5f2398a4924302a0bd26d052f,6c2047f02728e589aa4cc9f7ea764577324ca4879307753db30c1b1d4701fb08,c76dd6f3c17103439dfb85094b25f725c8a46fabf6288b0b9e6743774739eb3e,PASS,"All four interleaver configurations share payload, noise, burst start and frame sequence."
BCH,BCH_EsN0_-4_burst_0.050000000000000003_RANDOM,-4,0.050000000000000003,RANDOM,4,1,1,1,1,a5161cb90e181024a22b332ee00f0ba448920691fe4029d32fb70ab1aa8ab47a,ad4df377423473f0f6832ab789f2744e7b56f3e5f2398a4924302a0bd26d052f,c3c4212eb868db0e0af807d21e860a441ec5c887dc2473dce4e48ae84cc9b9de,c76dd6f3c17103439dfb85094b25f725c8a46fabf6288b0b9e6743774739eb3e,PASS,"All four interleaver configurations share payload, noise, burst start and frame sequence."
BCH,BCH_EsN0_-4_burst_0.050000000000000003_TAIL,-4,0.050000000000000003,TAIL,4,1,1,1,1,a5161cb90e181024a22b332ee00f0ba448920691fe4029d32fb70ab1aa8ab47a,ad4df377423473f0f6832ab789f2744e7b56f3e5f2398a4924302a0bd26d052f,c390134458f0c8f52072cf2e375b1a4c88b3f34d30221896997dc2b984035c9d,c76dd6f3c17103439dfb85094b25f725c8a46fabf6288b0b9e6743774739eb3e,PASS,"All four interleaver configurations share payload, noise, burst start and frame sequence."
BCH,BCH_EsN0_-4_burst_0.050000000000000003_THREE_QUARTER,-4,0.050000000000000003,THREE_QUARTER,4,1,1,1,1,a5161cb90e181024a22b332ee00f0ba448920691fe4029d32fb70ab1aa8ab47a,ad4df377423473f0f6832ab789f2744e7b56f3e5f2398a4924302a0bd26d052f,adcaeb146f8849a0b0b76009d43bdcb10b82f8d7d357e21a665ffddafe5f0c90,c76dd6f3c17103439dfb85094b25f725c8a46fabf6288b0b9e6743774739eb3e,PASS,"All four interleaver configurations share payload, noise, burst start and frame sequence."
BCH,BCH_EsN0_-4_burst_0.10000000000000001_HEAD,-4,0.10000000000000001,HEAD,4,1,1,1,1,a5161cb90e181024a22b332ee00f0ba448920691fe4029d32fb70ab1aa8ab47a,ad4df377423473f0f6832ab789f2744e7b56f3e5f2398a4924302a0bd26d052f,c0d9da1fa82d0fcd8ead7d95361036afbb66360e3ddbd3b62e877a318d2e7300,c76dd6f3c17103439dfb85094b25f725c8a46fabf6288b0b9e6743774739eb3e,PASS,"All four interleaver configurations share payload, noise, burst start and frame sequence."
BCH,BCH_EsN0_-4_burst_0.10000000000000001_MIDDLE,-4,0.10000000000000001,MIDDLE,4,1,1,1,1,a5161cb90e181024a22b332ee00f0ba448920691fe4029d32fb70ab1aa8ab47a,ad4df377423473f0f6832ab789f2744e7b56f3e5f2398a4924302a0bd26d052f,7d4c6e35daa2ff6d0990de4339551453c5cb57bb0f12e2f32aba9e6f5abe3abf,c76dd6f3c17103439dfb85094b25f725c8a46fabf6288b0b9e6743774739eb3e,PASS,"All four interleaver configurations share payload, noise, burst start and frame sequence."
BCH,BCH_EsN0_-4_burst_0.10000000000000001_QUARTER,-4,0.10000000000000001,QUARTER,4,1,1,1,1,a5161cb90e181024a22b332ee00f0ba448920691fe4029d32fb70ab1aa8ab47a,ad4df377423473f0f6832ab789f2744e7b56f3e5f2398a4924302a0bd26d052f,40895591b69e5351625ed98be6c29e9c9bbdad64208c89187e60f62cd8a1a3c5,c76dd6f3c17103439dfb85094b25f725c8a46fabf6288b0b9e6743774739eb3e,PASS,"All four interleaver configurations share payload, noise, burst start and frame sequence."
BCH,BCH_EsN0_-4_burst_0.10000000000000001_RANDOM,-4,0.10000000000000001,RANDOM,4,1,1,1,1,a5161cb90e181024a22b332ee00f0ba448920691fe4029d32fb70ab1aa8ab47a,ad4df377423473f0f6832ab789f2744e7b56f3e5f2398a4924302a0bd26d052f,9acdf24f600dcf39468fde9c4dd0aae7c6e6af8db6b308ee7b7e7eccb0827d99,c76dd6f3c17103439dfb85094b25f725c8a46fabf6288b0b9e6743774739eb3e,PASS,"All four interleaver configurations share payload, noise, burst start and frame sequence."
BCH,BCH_EsN0_-4_burst_0.10000000000000001_TAIL,-4,0.10000000000000001,TAIL,4,1,1,1,1,a5161cb90e181024a22b332ee00f0ba448920691fe4029d32fb70ab1aa8ab47a,ad4df377423473f0f6832ab789f2744e7b56f3e5f2398a4924302a0bd26d052f,200d497cfbeccea8e8b689e65ed36ae1725394120f7262502b6b29c77d328082,c76dd6f3c17103439dfb85094b25f725c8a46fabf6288b0b9e6743774739eb3e,PASS,"All four interleaver configurations share payload, noise, burst start and frame sequence."
BCH,BCH_EsN0_-4_burst_0.10000000000000001_THREE_QUARTER,-4,0.10000000000000001,THREE_QUARTER,4,1,1,1,1,a5161cb90e181024a22b332ee00f0ba448920691fe4029d32fb70ab1aa8ab47a,ad4df377423473f0f6832ab789f2744e7b56f3e5f2398a4924302a0bd26d052f,fc18e489b7b569493256e05fb8452841ed9b4dd6b29c3ca590ce0ee1ab44c1e8,c76dd6f3c17103439dfb85094b25f725c8a46fabf6288b0b9e6743774739eb3e,PASS,"All four interleaver configurations share payload, noise, burst start and frame sequence."
BCH,BCH_EsN0_-3.5_burst_0.02_HEAD,-3.5,0.02,HEAD,4,1,1,1,1,a5161cb90e181024a22b332ee00f0ba448920691fe4029d32fb70ab1aa8ab47a,ad4df377423473f0f6832ab789f2744e7b56f3e5f2398a4924302a0bd26d052f,c5c1ed69f998bac669832c6e503881b20248ad6ad5f4556df61650e7693414f9,c76dd6f3c17103439dfb85094b25f725c8a46fabf6288b0b9e6743774739eb3e,PASS,"All four interleaver configurations share payload, noise, burst start and frame sequence."
BCH,BCH_EsN0_-3.5_burst_0.02_MIDDLE,-3.5,0.02,MIDDLE,4,1,1,1,1,a5161cb90e181024a22b332ee00f0ba448920691fe4029d32fb70ab1aa8ab47a,ad4df377423473f0f6832ab789f2744e7b56f3e5f2398a4924302a0bd26d052f,0bcb3b8a96fa0f1c9434dc2de1933133cd660fab7d3282d216eef023046a1716,c76dd6f3c17103439dfb85094b25f725c8a46fabf6288b0b9e6743774739eb3e,PASS,"All four interleaver configurations share payload, noise, burst start and frame sequence."
BCH,BCH_EsN0_-3.5_burst_0.02_QUARTER,-3.5,0.02,QUARTER,4,1,1,1,1,a5161cb90e181024a22b332ee00f0ba448920691fe4029d32fb70ab1aa8ab47a,ad4df377423473f0f6832ab789f2744e7b56f3e5f2398a4924302a0bd26d052f,8d74dc3ce841417d7acd12d9068b8fdfe8b42f7f505070e0e04a207337aec7d9,c76dd6f3c17103439dfb85094b25f725c8a46fabf6288b0b9e6743774739eb3e,PASS,"All four interleaver configurations share payload, noise, burst start and frame sequence."
BCH,BCH_EsN0_-3.5_burst_0.02_RANDOM,-3.5,0.02,RANDOM,4,1,1,1,1,a5161cb90e181024a22b332ee00f0ba448920691fe4029d32fb70ab1aa8ab47a,ad4df377423473f0f6832ab789f2744e7b56f3e5f2398a4924302a0bd26d052f,4810a9913d61edcb4f1f5ae0a6727238738fa0aa43af4a4b563e5bcd6da00f8b,c76dd6f3c17103439dfb85094b25f725c8a46fabf6288b0b9e6743774739eb3e,PASS,"All four interleaver configurations share payload, noise, burst start and frame sequence."
BCH,BCH_EsN0_-3.5_burst_0.02_TAIL,-3.5,0.02,TAIL,4,1,1,1,1,a5161cb90e181024a22b332ee00f0ba448920691fe4029d32fb70ab1aa8ab47a,ad4df377423473f0f6832ab789f2744e7b56f3e5f2398a4924302a0bd26d052f,62eb84dc628fa0b4b0c80742b47fdd688305793492eac5d4c054327f8418d5f1,c76dd6f3c17103439dfb85094b25f725c8a46fabf6288b0b9e6743774739eb3e,PASS,"All four interleaver configurations share payload, noise, burst start and frame sequence."
BCH,BCH_EsN0_-3.5_burst_0.02_THREE_QUARTER,-3.5,0.02,THREE_QUARTER,4,1,1,1,1,a5161cb90e181024a22b332ee00f0ba448920691fe4029d32fb70ab1aa8ab47a,ad4df377423473f0f6832ab789f2744e7b56f3e5f2398a4924302a0bd26d052f,77ee29f4f7322382305a09c0a5fabc2d5f282af54af9ebf38ceb540789bbf816,c76dd6f3c17103439dfb85094b25f725c8a46fabf6288b0b9e6743774739eb3e,PASS,"All four interleaver configurations share payload, noise, burst start and frame sequence."
BCH,BCH_EsN0_-3.5_burst_0.050000000000000003_HEAD,-3.5,0.050000000000000003,HEAD,4,1,1,1,1,a5161cb90e181024a22b332ee00f0ba448920691fe4029d32fb70ab1aa8ab47a,ad4df377423473f0f6832ab789f2744e7b56f3e5f2398a4924302a0bd26d052f,c0772b0da560b55244a6168051f7a6f11e70e515bccf50d24f07ad32262cc674,c76dd6f3c17103439dfb85094b25f725c8a46fabf6288b0b9e6743774739eb3e,PASS,"All four interleaver configurations share payload, noise, burst start and frame sequence."
BCH,BCH_EsN0_-3.5_burst_0.050000000000000003_MIDDLE,-3.5,0.050000000000000003,MIDDLE,4,1,1,1,1,a5161cb90e181024a22b332ee00f0ba448920691fe4029d32fb70ab1aa8ab47a,ad4df377423473f0f6832ab789f2744e7b56f3e5f2398a4924302a0bd26d052f,eecbe5c6e2faa2eaa90c72f480c4da70b630bad6e21f1096df1832da225a9b34,c76dd6f3c17103439dfb85094b25f725c8a46fabf6288b0b9e6743774739eb3e,PASS,"All four interleaver configurations share payload, noise, burst start and frame sequence."
BCH,BCH_EsN0_-3.5_burst_0.050000000000000003_QUARTER,-3.5,0.050000000000000003,QUARTER,4,1,1,1,1,a5161cb90e181024a22b332ee00f0ba448920691fe4029d32fb70ab1aa8ab47a,ad4df377423473f0f6832ab789f2744e7b56f3e5f2398a4924302a0bd26d052f,6c2047f02728e589aa4cc9f7ea764577324ca4879307753db30c1b1d4701fb08,c76dd6f3c17103439dfb85094b25f725c8a46fabf6288b0b9e6743774739eb3e,PASS,"All four interleaver configurations share payload, noise, burst start and frame sequence."
BCH,BCH_EsN0_-3.5_burst_0.050000000000000003_RANDOM,-3.5,0.050000000000000003,RANDOM,4,1,1,1,1,a5161cb90e181024a22b332ee00f0ba448920691fe4029d32fb70ab1aa8ab47a,ad4df377423473f0f6832ab789f2744e7b56f3e5f2398a4924302a0bd26d052f,c3c4212eb868db0e0af807d21e860a441ec5c887dc2473dce4e48ae84cc9b9de,c76dd6f3c17103439dfb85094b25f725c8a46fabf6288b0b9e6743774739eb3e,PASS,"All four interleaver configurations share payload, noise, burst start and frame sequence."
BCH,BCH_EsN0_-3.5_burst_0.050000000000000003_TAIL,-3.5,0.050000000000000003,TAIL,4,1,1,1,1,a5161cb90e181024a22b332ee00f0ba448920691fe4029d32fb70ab1aa8ab47a,ad4df377423473f0f6832ab789f2744e7b56f3e5f2398a4924302a0bd26d052f,c390134458f0c8f52072cf2e375b1a4c88b3f34d30221896997dc2b984035c9d,c76dd6f3c17103439dfb85094b25f725c8a46fabf6288b0b9e6743774739eb3e,PASS,"All four interleaver configurations share payload, noise, burst start and frame sequence."
BCH,BCH_EsN0_-3.5_burst_0.050000000000000003_THREE_QUARTER,-3.5,0.050000000000000003,THREE_QUARTER,4,1,1,1,1,a5161cb90e181024a22b332ee00f0ba448920691fe4029d32fb70ab1aa8ab47a,ad4df377423473f0f6832ab789f2744e7b56f3e5f2398a4924302a0bd26d052f,adcaeb146f8849a0b0b76009d43bdcb10b82f8d7d357e21a665ffddafe5f0c90,c76dd6f3c17103439dfb85094b25f725c8a46fabf6288b0b9e6743774739eb3e,PASS,"All four interleaver configurations share payload, noise, burst start and frame sequence."
BCH,BCH_EsN0_-3.5_burst_0.10000000000000001_HEAD,-3.5,0.10000000000000001,HEAD,4,1,1,1,1,a5161cb90e181024a22b332ee00f0ba448920691fe4029d32fb70ab1aa8ab47a,ad4df377423473f0f6832ab789f2744e7b56f3e5f2398a4924302a0bd26d052f,c0d9da1fa82d0fcd8ead7d95361036afbb66360e3ddbd3b62e877a318d2e7300,c76dd6f3c17103439dfb85094b25f725c8a46fabf6288b0b9e6743774739eb3e,PASS,"All four interleaver configurations share payload, noise, burst start and frame sequence."
BCH,BCH_EsN0_-3.5_burst_0.10000000000000001_MIDDLE,-3.5,0.10000000000000001,MIDDLE,4,1,1,1,1,a5161cb90e181024a22b332ee00f0ba448920691fe4029d32fb70ab1aa8ab47a,ad4df377423473f0f6832ab789f2744e7b56f3e5f2398a4924302a0bd26d052f,7d4c6e35daa2ff6d0990de4339551453c5cb57bb0f12e2f32aba9e6f5abe3abf,c76dd6f3c17103439dfb85094b25f725c8a46fabf6288b0b9e6743774739eb3e,PASS,"All four interleaver configurations share payload, noise, burst start and frame sequence."
BCH,BCH_EsN0_-3.5_burst_0.10000000000000001_QUARTER,-3.5,0.10000000000000001,QUARTER,4,1,1,1,1,a5161cb90e181024a22b332ee00f0ba448920691fe4029d32fb70ab1aa8ab47a,ad4df377423473f0f6832ab789f2744e7b56f3e5f2398a4924302a0bd26d052f,40895591b69e5351625ed98be6c29e9c9bbdad64208c89187e60f62cd8a1a3c5,c76dd6f3c17103439dfb85094b25f725c8a46fabf6288b0b9e6743774739eb3e,PASS,"All four interleaver configurations share payload, noise, burst start and frame sequence."
BCH,BCH_EsN0_-3.5_burst_0.10000000000000001_RANDOM,-3.5,0.10000000000000001,RANDOM,4,1,1,1,1,a5161cb90e181024a22b332ee00f0ba448920691fe4029d32fb70ab1aa8ab47a,ad4df377423473f0f6832ab789f2744e7b56f3e5f2398a4924302a0bd26d052f,9acdf24f600dcf39468fde9c4dd0aae7c6e6af8db6b308ee7b7e7eccb0827d99,c76dd6f3c17103439dfb85094b25f725c8a46fabf6288b0b9e6743774739eb3e,PASS,"All four interleaver configurations share payload, noise, burst start and frame sequence."
BCH,BCH_EsN0_-3.5_burst_0.10000000000000001_TAIL,-3.5,0.10000000000000001,TAIL,4,1,1,1,1,a5161cb90e181024a22b332ee00f0ba448920691fe4029d32fb70ab1aa8ab47a,ad4df377423473f0f6832ab789f2744e7b56f3e5f2398a4924302a0bd26d052f,200d497cfbeccea8e8b689e65ed36ae1725394120f7262502b6b29c77d328082,c76dd6f3c17103439dfb85094b25f725c8a46fabf6288b0b9e6743774739eb3e,PASS,"All four interleaver configurations share payload, noise, burst start and frame sequence."
BCH,BCH_EsN0_-3.5_burst_0.10000000000000001_THREE_QUARTER,-3.5,0.10000000000000001,THREE_QUARTER,4,1,1,1,1,a5161cb90e181024a22b332ee00f0ba448920691fe4029d32fb70ab1aa8ab47a,ad4df377423473f0f6832ab789f2744e7b56f3e5f2398a4924302a0bd26d052f,fc18e489b7b569493256e05fb8452841ed9b4dd6b29c3ca590ce0ee1ab44c1e8,c76dd6f3c17103439dfb85094b25f725c8a46fabf6288b0b9e6743774739eb3e,PASS,"All four interleaver configurations share payload, noise, burst start and frame sequence."
BCH,BCH_EsN0_-3_burst_0.02_HEAD,-3,0.02,HEAD,4,1,1,1,1,a5161cb90e181024a22b332ee00f0ba448920691fe4029d32fb70ab1aa8ab47a,ad4df377423473f0f6832ab789f2744e7b56f3e5f2398a4924302a0bd26d052f,c5c1ed69f998bac669832c6e503881b20248ad6ad5f4556df61650e7693414f9,c76dd6f3c17103439dfb85094b25f725c8a46fabf6288b0b9e6743774739eb3e,PASS,"All four interleaver configurations share payload, noise, burst start and frame sequence."
BCH,BCH_EsN0_-3_burst_0.02_MIDDLE,-3,0.02,MIDDLE,4,1,1,1,1,a5161cb90e181024a22b332ee00f0ba448920691fe4029d32fb70ab1aa8ab47a,ad4df377423473f0f6832ab789f2744e7b56f3e5f2398a4924302a0bd26d052f,0bcb3b8a96fa0f1c9434dc2de1933133cd660fab7d3282d216eef023046a1716,c76dd6f3c17103439dfb85094b25f725c8a46fabf6288b0b9e6743774739eb3e,PASS,"All four interleaver configurations share payload, noise, burst start and frame sequence."
BCH,BCH_EsN0_-3_burst_0.02_QUARTER,-3,0.02,QUARTER,4,1,1,1,1,a5161cb90e181024a22b332ee00f0ba448920691fe4029d32fb70ab1aa8ab47a,ad4df377423473f0f6832ab789f2744e7b56f3e5f2398a4924302a0bd26d052f,8d74dc3ce841417d7acd12d9068b8fdfe8b42f7f505070e0e04a207337aec7d9,c76dd6f3c17103439dfb85094b25f725c8a46fabf6288b0b9e6743774739eb3e,PASS,"All four interleaver configurations share payload, noise, burst start and frame sequence."
BCH,BCH_EsN0_-3_burst_0.02_RANDOM,-3,0.02,RANDOM,4,1,1,1,1,a5161cb90e181024a22b332ee00f0ba448920691fe4029d32fb70ab1aa8ab47a,ad4df377423473f0f6832ab789f2744e7b56f3e5f2398a4924302a0bd26d052f,4810a9913d61edcb4f1f5ae0a6727238738fa0aa43af4a4b563e5bcd6da00f8b,c76dd6f3c17103439dfb85094b25f725c8a46fabf6288b0b9e6743774739eb3e,PASS,"All four interleaver configurations share payload, noise, burst start and frame sequence."
BCH,BCH_EsN0_-3_burst_0.02_TAIL,-3,0.02,TAIL,4,1,1,1,1,a5161cb90e181024a22b332ee00f0ba448920691fe4029d32fb70ab1aa8ab47a,ad4df377423473f0f6832ab789f2744e7b56f3e5f2398a4924302a0bd26d052f,62eb84dc628fa0b4b0c80742b47fdd688305793492eac5d4c054327f8418d5f1,c76dd6f3c17103439dfb85094b25f725c8a46fabf6288b0b9e6743774739eb3e,PASS,"All four interleaver configurations share payload, noise, burst start and frame sequence."
BCH,BCH_EsN0_-3_burst_0.02_THREE_QUARTER,-3,0.02,THREE_QUARTER,4,1,1,1,1,a5161cb90e181024a22b332ee00f0ba448920691fe4029d32fb70ab1aa8ab47a,ad4df377423473f0f6832ab789f2744e7b56f3e5f2398a4924302a0bd26d052f,77ee29f4f7322382305a09c0a5fabc2d5f282af54af9ebf38ceb540789bbf816,c76dd6f3c17103439dfb85094b25f725c8a46fabf6288b0b9e6743774739eb3e,PASS,"All four interleaver configurations share payload, noise, burst start and frame sequence."
BCH,BCH_EsN0_-3_burst_0.050000000000000003_HEAD,-3,0.050000000000000003,HEAD,4,1,1,1,1,a5161cb90e181024a22b332ee00f0ba448920691fe4029d32fb70ab1aa8ab47a,ad4df377423473f0f6832ab789f2744e7b56f3e5f2398a4924302a0bd26d052f,c0772b0da560b55244a6168051f7a6f11e70e515bccf50d24f07ad32262cc674,c76dd6f3c17103439dfb85094b25f725c8a46fabf6288b0b9e6743774739eb3e,PASS,"All four interleaver configurations share payload, noise, burst start and frame sequence."
BCH,BCH_EsN0_-3_burst_0.050000000000000003_MIDDLE,-3,0.050000000000000003,MIDDLE,4,1,1,1,1,a5161cb90e181024a22b332ee00f0ba448920691fe4029d32fb70ab1aa8ab47a,ad4df377423473f0f6832ab789f2744e7b56f3e5f2398a4924302a0bd26d052f,eecbe5c6e2faa2eaa90c72f480c4da70b630bad6e21f1096df1832da225a9b34,c76dd6f3c17103439dfb85094b25f725c8a46fabf6288b0b9e6743774739eb3e,PASS,"All four interleaver configurations share payload, noise, burst start and frame sequence."
BCH,BCH_EsN0_-3_burst_0.050000000000000003_QUARTER,-3,0.050000000000000003,QUARTER,4,1,1,1,1,a5161cb90e181024a22b332ee00f0ba448920691fe4029d32fb70ab1aa8ab47a,ad4df377423473f0f6832ab789f2744e7b56f3e5f2398a4924302a0bd26d052f,6c2047f02728e589aa4cc9f7ea764577324ca4879307753db30c1b1d4701fb08,c76dd6f3c17103439dfb85094b25f725c8a46fabf6288b0b9e6743774739eb3e,PASS,"All four interleaver configurations share payload, noise, burst start and frame sequence."
BCH,BCH_EsN0_-3_burst_0.050000000000000003_RANDOM,-3,0.050000000000000003,RANDOM,4,1,1,1,1,a5161cb90e181024a22b332ee00f0ba448920691fe4029d32fb70ab1aa8ab47a,ad4df377423473f0f6832ab789f2744e7b56f3e5f2398a4924302a0bd26d052f,c3c4212eb868db0e0af807d21e860a441ec5c887dc2473dce4e48ae84cc9b9de,c76dd6f3c17103439dfb85094b25f725c8a46fabf6288b0b9e6743774739eb3e,PASS,"All four interleaver configurations share payload, noise, burst start and frame sequence."
BCH,BCH_EsN0_-3_burst_0.050000000000000003_TAIL,-3,0.050000000000000003,TAIL,4,1,1,1,1,a5161cb90e181024a22b332ee00f0ba448920691fe4029d32fb70ab1aa8ab47a,ad4df377423473f0f6832ab789f2744e7b56f3e5f2398a4924302a0bd26d052f,c390134458f0c8f52072cf2e375b1a4c88b3f34d30221896997dc2b984035c9d,c76dd6f3c17103439dfb85094b25f725c8a46fabf6288b0b9e6743774739eb3e,PASS,"All four interleaver configurations share payload, noise, burst start and frame sequence."
BCH,BCH_EsN0_-3_burst_0.050000000000000003_THREE_QUARTER,-3,0.050000000000000003,THREE_QUARTER,4,1,1,1,1,a5161cb90e181024a22b332ee00f0ba448920691fe4029d32fb70ab1aa8ab47a,ad4df377423473f0f6832ab789f2744e7b56f3e5f2398a4924302a0bd26d052f,adcaeb146f8849a0b0b76009d43bdcb10b82f8d7d357e21a665ffddafe5f0c90,c76dd6f3c17103439dfb85094b25f725c8a46fabf6288b0b9e6743774739eb3e,PASS,"All four interleaver configurations share payload, noise, burst start and frame sequence."
BCH,BCH_EsN0_-3_burst_0.10000000000000001_HEAD,-3,0.10000000000000001,HEAD,4,1,1,1,1,a5161cb90e181024a22b332ee00f0ba448920691fe4029d32fb70ab1aa8ab47a,ad4df377423473f0f6832ab789f2744e7b56f3e5f2398a4924302a0bd26d052f,c0d9da1fa82d0fcd8ead7d95361036afbb66360e3ddbd3b62e877a318d2e7300,c76dd6f3c17103439dfb85094b25f725c8a46fabf6288b0b9e6743774739eb3e,PASS,"All four interleaver configurations share payload, noise, burst start and frame sequence."
BCH,BCH_EsN0_-3_burst_0.10000000000000001_MIDDLE,-3,0.10000000000000001,MIDDLE,4,1,1,1,1,a5161cb90e181024a22b332ee00f0ba448920691fe4029d32fb70ab1aa8ab47a,ad4df377423473f0f6832ab789f2744e7b56f3e5f2398a4924302a0bd26d052f,7d4c6e35daa2ff6d0990de4339551453c5cb57bb0f12e2f32aba9e6f5abe3abf,c76dd6f3c17103439dfb85094b25f725c8a46fabf6288b0b9e6743774739eb3e,PASS,"All four interleaver configurations share payload, noise, burst start and frame sequence."
BCH,BCH_EsN0_-3_burst_0.10000000000000001_QUARTER,-3,0.10000000000000001,QUARTER,4,1,1,1,1,a5161cb90e181024a22b332ee00f0ba448920691fe4029d32fb70ab1aa8ab47a,ad4df377423473f0f6832ab789f2744e7b56f3e5f2398a4924302a0bd26d052f,40895591b69e5351625ed98be6c29e9c9bbdad64208c89187e60f62cd8a1a3c5,c76dd6f3c17103439dfb85094b25f725c8a46fabf6288b0b9e6743774739eb3e,PASS,"All four interleaver configurations share payload, noise, burst start and frame sequence."
BCH,BCH_EsN0_-3_burst_0.10000000000000001_RANDOM,-3,0.10000000000000001,RANDOM,4,1,1,1,1,a5161cb90e181024a22b332ee00f0ba448920691fe4029d32fb70ab1aa8ab47a,ad4df377423473f0f6832ab789f2744e7b56f3e5f2398a4924302a0bd26d052f,9acdf24f600dcf39468fde9c4dd0aae7c6e6af8db6b308ee7b7e7eccb0827d99,c76dd6f3c17103439dfb85094b25f725c8a46fabf6288b0b9e6743774739eb3e,PASS,"All four interleaver configurations share payload, noise, burst start and frame sequence."
BCH,BCH_EsN0_-3_burst_0.10000000000000001_TAIL,-3,0.10000000000000001,TAIL,4,1,1,1,1,a5161cb90e181024a22b332ee00f0ba448920691fe4029d32fb70ab1aa8ab47a,ad4df377423473f0f6832ab789f2744e7b56f3e5f2398a4924302a0bd26d052f,200d497cfbeccea8e8b689e65ed36ae1725394120f7262502b6b29c77d328082,c76dd6f3c17103439dfb85094b25f725c8a46fabf6288b0b9e6743774739eb3e,PASS,"All four interleaver configurations share payload, noise, burst start and frame sequence."
BCH,BCH_EsN0_-3_burst_0.10000000000000001_THREE_QUARTER,-3,0.10000000000000001,THREE_QUARTER,4,1,1,1,1,a5161cb90e181024a22b332ee00f0ba448920691fe4029d32fb70ab1aa8ab47a,ad4df377423473f0f6832ab789f2744e7b56f3e5f2398a4924302a0bd26d052f,fc18e489b7b569493256e05fb8452841ed9b4dd6b29c3ca590ce0ee1ab44c1e8,c76dd6f3c17103439dfb85094b25f725c8a46fabf6288b0b9e6743774739eb3e,PASS,"All four interleaver configurations share payload, noise, burst start and frame sequence."
BCH,BCH_EsN0_-2.5_burst_0.02_HEAD,-2.5,0.02,HEAD,4,1,1,1,1,a5161cb90e181024a22b332ee00f0ba448920691fe4029d32fb70ab1aa8ab47a,ad4df377423473f0f6832ab789f2744e7b56f3e5f2398a4924302a0bd26d052f,c5c1ed69f998bac669832c6e503881b20248ad6ad5f4556df61650e7693414f9,c76dd6f3c17103439dfb85094b25f725c8a46fabf6288b0b9e6743774739eb3e,PASS,"All four interleaver configurations share payload, noise, burst start and frame sequence."
BCH,BCH_EsN0_-2.5_burst_0.02_MIDDLE,-2.5,0.02,MIDDLE,4,1,1,1,1,a5161cb90e181024a22b332ee00f0ba448920691fe4029d32fb70ab1aa8ab47a,ad4df377423473f0f6832ab789f2744e7b56f3e5f2398a4924302a0bd26d052f,0bcb3b8a96fa0f1c9434dc2de1933133cd660fab7d3282d216eef023046a1716,c76dd6f3c17103439dfb85094b25f725c8a46fabf6288b0b9e6743774739eb3e,PASS,"All four interleaver configurations share payload, noise, burst start and frame sequence."
BCH,BCH_EsN0_-2.5_burst_0.02_QUARTER,-2.5,0.02,QUARTER,4,1,1,1,1,a5161cb90e181024a22b332ee00f0ba448920691fe4029d32fb70ab1aa8ab47a,ad4df377423473f0f6832ab789f2744e7b56f3e5f2398a4924302a0bd26d052f,8d74dc3ce841417d7acd12d9068b8fdfe8b42f7f505070e0e04a207337aec7d9,c76dd6f3c17103439dfb85094b25f725c8a46fabf6288b0b9e6743774739eb3e,PASS,"All four interleaver configurations share payload, noise, burst start and frame sequence."
BCH,BCH_EsN0_-2.5_burst_0.02_RANDOM,-2.5,0.02,RANDOM,4,1,1,1,1,a5161cb90e181024a22b332ee00f0ba448920691fe4029d32fb70ab1aa8ab47a,ad4df377423473f0f6832ab789f2744e7b56f3e5f2398a4924302a0bd26d052f,4810a9913d61edcb4f1f5ae0a6727238738fa0aa43af4a4b563e5bcd6da00f8b,c76dd6f3c17103439dfb85094b25f725c8a46fabf6288b0b9e6743774739eb3e,PASS,"All four interleaver configurations share payload, noise, burst start and frame sequence."
BCH,BCH_EsN0_-2.5_burst_0.02_TAIL,-2.5,0.02,TAIL,4,1,1,1,1,a5161cb90e181024a22b332ee00f0ba448920691fe4029d32fb70ab1aa8ab47a,ad4df377423473f0f6832ab789f2744e7b56f3e5f2398a4924302a0bd26d052f,62eb84dc628fa0b4b0c80742b47fdd688305793492eac5d4c054327f8418d5f1,c76dd6f3c17103439dfb85094b25f725c8a46fabf6288b0b9e6743774739eb3e,PASS,"All four interleaver configurations share payload, noise, burst start and frame sequence."
BCH,BCH_EsN0_-2.5_burst_0.02_THREE_QUARTER,-2.5,0.02,THREE_QUARTER,4,1,1,1,1,a5161cb90e181024a22b332ee00f0ba448920691fe4029d32fb70ab1aa8ab47a,ad4df377423473f0f6832ab789f2744e7b56f3e5f2398a4924302a0bd26d052f,77ee29f4f7322382305a09c0a5fabc2d5f282af54af9ebf38ceb540789bbf816,c76dd6f3c17103439dfb85094b25f725c8a46fabf6288b0b9e6743774739eb3e,PASS,"All four interleaver configurations share payload, noise, burst start and frame sequence."
BCH,BCH_EsN0_-2.5_burst_0.050000000000000003_HEAD,-2.5,0.050000000000000003,HEAD,4,1,1,1,1,a5161cb90e181024a22b332ee00f0ba448920691fe4029d32fb70ab1aa8ab47a,ad4df377423473f0f6832ab789f2744e7b56f3e5f2398a4924302a0bd26d052f,c0772b0da560b55244a6168051f7a6f11e70e515bccf50d24f07ad32262cc674,c76dd6f3c17103439dfb85094b25f725c8a46fabf6288b0b9e6743774739eb3e,PASS,"All four interleaver configurations share payload, noise, burst start and frame sequence."
BCH,BCH_EsN0_-2.5_burst_0.050000000000000003_MIDDLE,-2.5,0.050000000000000003,MIDDLE,4,1,1,1,1,a5161cb90e181024a22b332ee00f0ba448920691fe4029d32fb70ab1aa8ab47a,ad4df377423473f0f6832ab789f2744e7b56f3e5f2398a4924302a0bd26d052f,eecbe5c6e2faa2eaa90c72f480c4da70b630bad6e21f1096df1832da225a9b34,c76dd6f3c17103439dfb85094b25f725c8a46fabf6288b0b9e6743774739eb3e,PASS,"All four interleaver configurations share payload, noise, burst start and frame sequence."
BCH,BCH_EsN0_-2.5_burst_0.050000000000000003_QUARTER,-2.5,0.050000000000000003,QUARTER,4,1,1,1,1,a5161cb90e181024a22b332ee00f0ba448920691fe4029d32fb70ab1aa8ab47a,ad4df377423473f0f6832ab789f2744e7b56f3e5f2398a4924302a0bd26d052f,6c2047f02728e589aa4cc9f7ea764577324ca4879307753db30c1b1d4701fb08,c76dd6f3c17103439dfb85094b25f725c8a46fabf6288b0b9e6743774739eb3e,PASS,"All four interleaver configurations share payload, noise, burst start and frame sequence."
BCH,BCH_EsN0_-2.5_burst_0.050000000000000003_RANDOM,-2.5,0.050000000000000003,RANDOM,4,1,1,1,1,a5161cb90e181024a22b332ee00f0ba448920691fe4029d32fb70ab1aa8ab47a,ad4df377423473f0f6832ab789f2744e7b56f3e5f2398a4924302a0bd26d052f,c3c4212eb868db0e0af807d21e860a441ec5c887dc2473dce4e48ae84cc9b9de,c76dd6f3c17103439dfb85094b25f725c8a46fabf6288b0b9e6743774739eb3e,PASS,"All four interleaver configurations share payload, noise, burst start and frame sequence."
BCH,BCH_EsN0_-2.5_burst_0.050000000000000003_TAIL,-2.5,0.050000000000000003,TAIL,4,1,1,1,1,a5161cb90e181024a22b332ee00f0ba448920691fe4029d32fb70ab1aa8ab47a,ad4df377423473f0f6832ab789f2744e7b56f3e5f2398a4924302a0bd26d052f,c390134458f0c8f52072cf2e375b1a4c88b3f34d30221896997dc2b984035c9d,c76dd6f3c17103439dfb85094b25f725c8a46fabf6288b0b9e6743774739eb3e,PASS,"All four interleaver configurations share payload, noise, burst start and frame sequence."
BCH,BCH_EsN0_-2.5_burst_0.050000000000000003_THREE_QUARTER,-2.5,0.050000000000000003,THREE_QUARTER,4,1,1,1,1,a5161cb90e181024a22b332ee00f0ba448920691fe4029d32fb70ab1aa8ab47a,ad4df377423473f0f6832ab789f2744e7b56f3e5f2398a4924302a0bd26d052f,adcaeb146f8849a0b0b76009d43bdcb10b82f8d7d357e21a665ffddafe5f0c90,c76dd6f3c17103439dfb85094b25f725c8a46fabf6288b0b9e6743774739eb3e,PASS,"All four interleaver configurations share payload, noise, burst start and frame sequence."
BCH,BCH_EsN0_-2.5_burst_0.10000000000000001_HEAD,-2.5,0.10000000000000001,HEAD,4,1,1,1,1,a5161cb90e181024a22b332ee00f0ba448920691fe4029d32fb70ab1aa8ab47a,ad4df377423473f0f6832ab789f2744e7b56f3e5f2398a4924302a0bd26d052f,c0d9da1fa82d0fcd8ead7d95361036afbb66360e3ddbd3b62e877a318d2e7300,c76dd6f3c17103439dfb85094b25f725c8a46fabf6288b0b9e6743774739eb3e,PASS,"All four interleaver configurations share payload, noise, burst start and frame sequence."
BCH,BCH_EsN0_-2.5_burst_0.10000000000000001_MIDDLE,-2.5,0.10000000000000001,MIDDLE,4,1,1,1,1,a5161cb90e181024a22b332ee00f0ba448920691fe4029d32fb70ab1aa8ab47a,ad4df377423473f0f6832ab789f2744e7b56f3e5f2398a4924302a0bd26d052f,7d4c6e35daa2ff6d0990de4339551453c5cb57bb0f12e2f32aba9e6f5abe3abf,c76dd6f3c17103439dfb85094b25f725c8a46fabf6288b0b9e6743774739eb3e,PASS,"All four interleaver configurations share payload, noise, burst start and frame sequence."
BCH,BCH_EsN0_-2.5_burst_0.10000000000000001_QUARTER,-2.5,0.10000000000000001,QUARTER,4,1,1,1,1,a5161cb90e181024a22b332ee00f0ba448920691fe4029d32fb70ab1aa8ab47a,ad4df377423473f0f6832ab789f2744e7b56f3e5f2398a4924302a0bd26d052f,40895591b69e5351625ed98be6c29e9c9bbdad64208c89187e60f62cd8a1a3c5,c76dd6f3c17103439dfb85094b25f725c8a46fabf6288b0b9e6743774739eb3e,PASS,"All four interleaver configurations share payload, noise, burst start and frame sequence."
BCH,BCH_EsN0_-2.5_burst_0.10000000000000001_RANDOM,-2.5,0.10000000000000001,RANDOM,4,1,1,1,1,a5161cb90e181024a22b332ee00f0ba448920691fe4029d32fb70ab1aa8ab47a,ad4df377423473f0f6832ab789f2744e7b56f3e5f2398a4924302a0bd26d052f,9acdf24f600dcf39468fde9c4dd0aae7c6e6af8db6b308ee7b7e7eccb0827d99,c76dd6f3c17103439dfb85094b25f725c8a46fabf6288b0b9e6743774739eb3e,PASS,"All four interleaver configurations share payload, noise, burst start and frame sequence."
BCH,BCH_EsN0_-2.5_burst_0.10000000000000001_TAIL,-2.5,0.10000000000000001,TAIL,4,1,1,1,1,a5161cb90e181024a22b332ee00f0ba448920691fe4029d32fb70ab1aa8ab47a,ad4df377423473f0f6832ab789f2744e7b56f3e5f2398a4924302a0bd26d052f,200d497cfbeccea8e8b689e65ed36ae1725394120f7262502b6b29c77d328082,c76dd6f3c17103439dfb85094b25f725c8a46fabf6288b0b9e6743774739eb3e,PASS,"All four interleaver configurations share payload, noise, burst start and frame sequence."
BCH,BCH_EsN0_-2.5_burst_0.10000000000000001_THREE_QUARTER,-2.5,0.10000000000000001,THREE_QUARTER,4,1,1,1,1,a5161cb90e181024a22b332ee00f0ba448920691fe4029d32fb70ab1aa8ab47a,ad4df377423473f0f6832ab789f2744e7b56f3e5f2398a4924302a0bd26d052f,fc18e489b7b569493256e05fb8452841ed9b4dd6b29c3ca590ce0ee1ab44c1e8,c76dd6f3c17103439dfb85094b25f725c8a46fabf6288b0b9e6743774739eb3e,PASS,"All four interleaver configurations share payload, noise, burst start and frame sequence."
BCH,BCH_EsN0_-2_burst_0.02_HEAD,-2,0.02,HEAD,4,1,1,1,1,a5161cb90e181024a22b332ee00f0ba448920691fe4029d32fb70ab1aa8ab47a,ad4df377423473f0f6832ab789f2744e7b56f3e5f2398a4924302a0bd26d052f,c5c1ed69f998bac669832c6e503881b20248ad6ad5f4556df61650e7693414f9,c76dd6f3c17103439dfb85094b25f725c8a46fabf6288b0b9e6743774739eb3e,PASS,"All four interleaver configurations share payload, noise, burst start and frame sequence."
BCH,BCH_EsN0_-2_burst_0.02_MIDDLE,-2,0.02,MIDDLE,4,1,1,1,1,a5161cb90e181024a22b332ee00f0ba448920691fe4029d32fb70ab1aa8ab47a,ad4df377423473f0f6832ab789f2744e7b56f3e5f2398a4924302a0bd26d052f,0bcb3b8a96fa0f1c9434dc2de1933133cd660fab7d3282d216eef023046a1716,c76dd6f3c17103439dfb85094b25f725c8a46fabf6288b0b9e6743774739eb3e,PASS,"All four interleaver configurations share payload, noise, burst start and frame sequence."
BCH,BCH_EsN0_-2_burst_0.02_QUARTER,-2,0.02,QUARTER,4,1,1,1,1,a5161cb90e181024a22b332ee00f0ba448920691fe4029d32fb70ab1aa8ab47a,ad4df377423473f0f6832ab789f2744e7b56f3e5f2398a4924302a0bd26d052f,8d74dc3ce841417d7acd12d9068b8fdfe8b42f7f505070e0e04a207337aec7d9,c76dd6f3c17103439dfb85094b25f725c8a46fabf6288b0b9e6743774739eb3e,PASS,"All four interleaver configurations share payload, noise, burst start and frame sequence."
BCH,BCH_EsN0_-2_burst_0.02_RANDOM,-2,0.02,RANDOM,4,1,1,1,1,a5161cb90e181024a22b332ee00f0ba448920691fe4029d32fb70ab1aa8ab47a,ad4df377423473f0f6832ab789f2744e7b56f3e5f2398a4924302a0bd26d052f,4810a9913d61edcb4f1f5ae0a6727238738fa0aa43af4a4b563e5bcd6da00f8b,c76dd6f3c17103439dfb85094b25f725c8a46fabf6288b0b9e6743774739eb3e,PASS,"All four interleaver configurations share payload, noise, burst start and frame sequence."
BCH,BCH_EsN0_-2_burst_0.02_TAIL,-2,0.02,TAIL,4,1,1,1,1,a5161cb90e181024a22b332ee00f0ba448920691fe4029d32fb70ab1aa8ab47a,ad4df377423473f0f6832ab789f2744e7b56f3e5f2398a4924302a0bd26d052f,62eb84dc628fa0b4b0c80742b47fdd688305793492eac5d4c054327f8418d5f1,c76dd6f3c17103439dfb85094b25f725c8a46fabf6288b0b9e6743774739eb3e,PASS,"All four interleaver configurations share payload, noise, burst start and frame sequence."
BCH,BCH_EsN0_-2_burst_0.02_THREE_QUARTER,-2,0.02,THREE_QUARTER,4,1,1,1,1,a5161cb90e181024a22b332ee00f0ba448920691fe4029d32fb70ab1aa8ab47a,ad4df377423473f0f6832ab789f2744e7b56f3e5f2398a4924302a0bd26d052f,77ee29f4f7322382305a09c0a5fabc2d5f282af54af9ebf38ceb540789bbf816,c76dd6f3c17103439dfb85094b25f725c8a46fabf6288b0b9e6743774739eb3e,PASS,"All four interleaver configurations share payload, noise, burst start and frame sequence."
BCH,BCH_EsN0_-2_burst_0.050000000000000003_HEAD,-2,0.050000000000000003,HEAD,4,1,1,1,1,a5161cb90e181024a22b332ee00f0ba448920691fe4029d32fb70ab1aa8ab47a,ad4df377423473f0f6832ab789f2744e7b56f3e5f2398a4924302a0bd26d052f,c0772b0da560b55244a6168051f7a6f11e70e515bccf50d24f07ad32262cc674,c76dd6f3c17103439dfb85094b25f725c8a46fabf6288b0b9e6743774739eb3e,PASS,"All four interleaver configurations share payload, noise, burst start and frame sequence."
BCH,BCH_EsN0_-2_burst_0.050000000000000003_MIDDLE,-2,0.050000000000000003,MIDDLE,4,1,1,1,1,a5161cb90e181024a22b332ee00f0ba448920691fe4029d32fb70ab1aa8ab47a,ad4df377423473f0f6832ab789f2744e7b56f3e5f2398a4924302a0bd26d052f,eecbe5c6e2faa2eaa90c72f480c4da70b630bad6e21f1096df1832da225a9b34,c76dd6f3c17103439dfb85094b25f725c8a46fabf6288b0b9e6743774739eb3e,PASS,"All four interleaver configurations share payload, noise, burst start and frame sequence."
BCH,BCH_EsN0_-2_burst_0.050000000000000003_QUARTER,-2,0.050000000000000003,QUARTER,4,1,1,1,1,a5161cb90e181024a22b332ee00f0ba448920691fe4029d32fb70ab1aa8ab47a,ad4df377423473f0f6832ab789f2744e7b56f3e5f2398a4924302a0bd26d052f,6c2047f02728e589aa4cc9f7ea764577324ca4879307753db30c1b1d4701fb08,c76dd6f3c17103439dfb85094b25f725c8a46fabf6288b0b9e6743774739eb3e,PASS,"All four interleaver configurations share payload, noise, burst start and frame sequence."
BCH,BCH_EsN0_-2_burst_0.050000000000000003_RANDOM,-2,0.050000000000000003,RANDOM,4,1,1,1,1,a5161cb90e181024a22b332ee00f0ba448920691fe4029d32fb70ab1aa8ab47a,ad4df377423473f0f6832ab789f2744e7b56f3e5f2398a4924302a0bd26d052f,c3c4212eb868db0e0af807d21e860a441ec5c887dc2473dce4e48ae84cc9b9de,c76dd6f3c17103439dfb85094b25f725c8a46fabf6288b0b9e6743774739eb3e,PASS,"All four interleaver configurations share payload, noise, burst start and frame sequence."
BCH,BCH_EsN0_-2_burst_0.050000000000000003_TAIL,-2,0.050000000000000003,TAIL,4,1,1,1,1,a5161cb90e181024a22b332ee00f0ba448920691fe4029d32fb70ab1aa8ab47a,ad4df377423473f0f6832ab789f2744e7b56f3e5f2398a4924302a0bd26d052f,c390134458f0c8f52072cf2e375b1a4c88b3f34d30221896997dc2b984035c9d,c76dd6f3c17103439dfb85094b25f725c8a46fabf6288b0b9e6743774739eb3e,PASS,"All four interleaver configurations share payload, noise, burst start and frame sequence."
BCH,BCH_EsN0_-2_burst_0.050000000000000003_THREE_QUARTER,-2,0.050000000000000003,THREE_QUARTER,4,1,1,1,1,a5161cb90e181024a22b332ee00f0ba448920691fe4029d32fb70ab1aa8ab47a,ad4df377423473f0f6832ab789f2744e7b56f3e5f2398a4924302a0bd26d052f,adcaeb146f8849a0b0b76009d43bdcb10b82f8d7d357e21a665ffddafe5f0c90,c76dd6f3c17103439dfb85094b25f725c8a46fabf6288b0b9e6743774739eb3e,PASS,"All four interleaver configurations share payload, noise, burst start and frame sequence."
BCH,BCH_EsN0_-2_burst_0.10000000000000001_HEAD,-2,0.10000000000000001,HEAD,4,1,1,1,1,a5161cb90e181024a22b332ee00f0ba448920691fe4029d32fb70ab1aa8ab47a,ad4df377423473f0f6832ab789f2744e7b56f3e5f2398a4924302a0bd26d052f,c0d9da1fa82d0fcd8ead7d95361036afbb66360e3ddbd3b62e877a318d2e7300,c76dd6f3c17103439dfb85094b25f725c8a46fabf6288b0b9e6743774739eb3e,PASS,"All four interleaver configurations share payload, noise, burst start and frame sequence."
BCH,BCH_EsN0_-2_burst_0.10000000000000001_MIDDLE,-2,0.10000000000000001,MIDDLE,4,1,1,1,1,a5161cb90e181024a22b332ee00f0ba448920691fe4029d32fb70ab1aa8ab47a,ad4df377423473f0f6832ab789f2744e7b56f3e5f2398a4924302a0bd26d052f,7d4c6e35daa2ff6d0990de4339551453c5cb57bb0f12e2f32aba9e6f5abe3abf,c76dd6f3c17103439dfb85094b25f725c8a46fabf6288b0b9e6743774739eb3e,PASS,"All four interleaver configurations share payload, noise, burst start and frame sequence."
BCH,BCH_EsN0_-2_burst_0.10000000000000001_QUARTER,-2,0.10000000000000001,QUARTER,4,1,1,1,1,a5161cb90e181024a22b332ee00f0ba448920691fe4029d32fb70ab1aa8ab47a,ad4df377423473f0f6832ab789f2744e7b56f3e5f2398a4924302a0bd26d052f,40895591b69e5351625ed98be6c29e9c9bbdad64208c89187e60f62cd8a1a3c5,c76dd6f3c17103439dfb85094b25f725c8a46fabf6288b0b9e6743774739eb3e,PASS,"All four interleaver configurations share payload, noise, burst start and frame sequence."
BCH,BCH_EsN0_-2_burst_0.10000000000000001_RANDOM,-2,0.10000000000000001,RANDOM,4,1,1,1,1,a5161cb90e181024a22b332ee00f0ba448920691fe4029d32fb70ab1aa8ab47a,ad4df377423473f0f6832ab789f2744e7b56f3e5f2398a4924302a0bd26d052f,9acdf24f600dcf39468fde9c4dd0aae7c6e6af8db6b308ee7b7e7eccb0827d99,c76dd6f3c17103439dfb85094b25f725c8a46fabf6288b0b9e6743774739eb3e,PASS,"All four interleaver configurations share payload, noise, burst start and frame sequence."
BCH,BCH_EsN0_-2_burst_0.10000000000000001_TAIL,-2,0.10000000000000001,TAIL,4,1,1,1,1,a5161cb90e181024a22b332ee00f0ba448920691fe4029d32fb70ab1aa8ab47a,ad4df377423473f0f6832ab789f2744e7b56f3e5f2398a4924302a0bd26d052f,200d497cfbeccea8e8b689e65ed36ae1725394120f7262502b6b29c77d328082,c76dd6f3c17103439dfb85094b25f725c8a46fabf6288b0b9e6743774739eb3e,PASS,"All four interleaver configurations share payload, noise, burst start and frame sequence."
BCH,BCH_EsN0_-2_burst_0.10000000000000001_THREE_QUARTER,-2,0.10000000000000001,THREE_QUARTER,4,1,1,1,1,a5161cb90e181024a22b332ee00f0ba448920691fe4029d32fb70ab1aa8ab47a,ad4df377423473f0f6832ab789f2744e7b56f3e5f2398a4924302a0bd26d052f,fc18e489b7b569493256e05fb8452841ed9b4dd6b29c3ca590ce0ee1ab44c1e8,c76dd6f3c17103439dfb85094b25f725c8a46fabf6288b0b9e6743774739eb3e,PASS,"All four interleaver configurations share payload, noise, burst start and frame sequence."
BCH,BCH_EsN0_-1.5_burst_0.02_HEAD,-1.5,0.02,HEAD,4,1,1,1,1,a5161cb90e181024a22b332ee00f0ba448920691fe4029d32fb70ab1aa8ab47a,ad4df377423473f0f6832ab789f2744e7b56f3e5f2398a4924302a0bd26d052f,c5c1ed69f998bac669832c6e503881b20248ad6ad5f4556df61650e7693414f9,c76dd6f3c17103439dfb85094b25f725c8a46fabf6288b0b9e6743774739eb3e,PASS,"All four interleaver configurations share payload, noise, burst start and frame sequence."
BCH,BCH_EsN0_-1.5_burst_0.02_MIDDLE,-1.5,0.02,MIDDLE,4,1,1,1,1,a5161cb90e181024a22b332ee00f0ba448920691fe4029d32fb70ab1aa8ab47a,ad4df377423473f0f6832ab789f2744e7b56f3e5f2398a4924302a0bd26d052f,0bcb3b8a96fa0f1c9434dc2de1933133cd660fab7d3282d216eef023046a1716,c76dd6f3c17103439dfb85094b25f725c8a46fabf6288b0b9e6743774739eb3e,PASS,"All four interleaver configurations share payload, noise, burst start and frame sequence."
BCH,BCH_EsN0_-1.5_burst_0.02_QUARTER,-1.5,0.02,QUARTER,4,1,1,1,1,a5161cb90e181024a22b332ee00f0ba448920691fe4029d32fb70ab1aa8ab47a,ad4df377423473f0f6832ab789f2744e7b56f3e5f2398a4924302a0bd26d052f,8d74dc3ce841417d7acd12d9068b8fdfe8b42f7f505070e0e04a207337aec7d9,c76dd6f3c17103439dfb85094b25f725c8a46fabf6288b0b9e6743774739eb3e,PASS,"All four interleaver configurations share payload, noise, burst start and frame sequence."
BCH,BCH_EsN0_-1.5_burst_0.02_RANDOM,-1.5,0.02,RANDOM,4,1,1,1,1,a5161cb90e181024a22b332ee00f0ba448920691fe4029d32fb70ab1aa8ab47a,ad4df377423473f0f6832ab789f2744e7b56f3e5f2398a4924302a0bd26d052f,4810a9913d61edcb4f1f5ae0a6727238738fa0aa43af4a4b563e5bcd6da00f8b,c76dd6f3c17103439dfb85094b25f725c8a46fabf6288b0b9e6743774739eb3e,PASS,"All four interleaver configurations share payload, noise, burst start and frame sequence."
BCH,BCH_EsN0_-1.5_burst_0.02_TAIL,-1.5,0.02,TAIL,4,1,1,1,1,a5161cb90e181024a22b332ee00f0ba448920691fe4029d32fb70ab1aa8ab47a,ad4df377423473f0f6832ab789f2744e7b56f3e5f2398a4924302a0bd26d052f,62eb84dc628fa0b4b0c80742b47fdd688305793492eac5d4c054327f8418d5f1,c76dd6f3c17103439dfb85094b25f725c8a46fabf6288b0b9e6743774739eb3e,PASS,"All four interleaver configurations share payload, noise, burst start and frame sequence."
BCH,BCH_EsN0_-1.5_burst_0.02_THREE_QUARTER,-1.5,0.02,THREE_QUARTER,4,1,1,1,1,a5161cb90e181024a22b332ee00f0ba448920691fe4029d32fb70ab1aa8ab47a,ad4df377423473f0f6832ab789f2744e7b56f3e5f2398a4924302a0bd26d052f,77ee29f4f7322382305a09c0a5fabc2d5f282af54af9ebf38ceb540789bbf816,c76dd6f3c17103439dfb85094b25f725c8a46fabf6288b0b9e6743774739eb3e,PASS,"All four interleaver configurations share payload, noise, burst start and frame sequence."
BCH,BCH_EsN0_-1.5_burst_0.050000000000000003_HEAD,-1.5,0.050000000000000003,HEAD,4,1,1,1,1,a5161cb90e181024a22b332ee00f0ba448920691fe4029d32fb70ab1aa8ab47a,ad4df377423473f0f6832ab789f2744e7b56f3e5f2398a4924302a0bd26d052f,c0772b0da560b55244a6168051f7a6f11e70e515bccf50d24f07ad32262cc674,c76dd6f3c17103439dfb85094b25f725c8a46fabf6288b0b9e6743774739eb3e,PASS,"All four interleaver configurations share payload, noise, burst start and frame sequence."
BCH,BCH_EsN0_-1.5_burst_0.050000000000000003_MIDDLE,-1.5,0.050000000000000003,MIDDLE,4,1,1,1,1,a5161cb90e181024a22b332ee00f0ba448920691fe4029d32fb70ab1aa8ab47a,ad4df377423473f0f6832ab789f2744e7b56f3e5f2398a4924302a0bd26d052f,eecbe5c6e2faa2eaa90c72f480c4da70b630bad6e21f1096df1832da225a9b34,c76dd6f3c17103439dfb85094b25f725c8a46fabf6288b0b9e6743774739eb3e,PASS,"All four interleaver configurations share payload, noise, burst start and frame sequence."
BCH,BCH_EsN0_-1.5_burst_0.050000000000000003_QUARTER,-1.5,0.050000000000000003,QUARTER,4,1,1,1,1,a5161cb90e181024a22b332ee00f0ba448920691fe4029d32fb70ab1aa8ab47a,ad4df377423473f0f6832ab789f2744e7b56f3e5f2398a4924302a0bd26d052f,6c2047f02728e589aa4cc9f7ea764577324ca4879307753db30c1b1d4701fb08,c76dd6f3c17103439dfb85094b25f725c8a46fabf6288b0b9e6743774739eb3e,PASS,"All four interleaver configurations share payload, noise, burst start and frame sequence."
BCH,BCH_EsN0_-1.5_burst_0.050000000000000003_RANDOM,-1.5,0.050000000000000003,RANDOM,4,1,1,1,1,a5161cb90e181024a22b332ee00f0ba448920691fe4029d32fb70ab1aa8ab47a,ad4df377423473f0f6832ab789f2744e7b56f3e5f2398a4924302a0bd26d052f,c3c4212eb868db0e0af807d21e860a441ec5c887dc2473dce4e48ae84cc9b9de,c76dd6f3c17103439dfb85094b25f725c8a46fabf6288b0b9e6743774739eb3e,PASS,"All four interleaver configurations share payload, noise, burst start and frame sequence."
BCH,BCH_EsN0_-1.5_burst_0.050000000000000003_TAIL,-1.5,0.050000000000000003,TAIL,4,1,1,1,1,a5161cb90e181024a22b332ee00f0ba448920691fe4029d32fb70ab1aa8ab47a,ad4df377423473f0f6832ab789f2744e7b56f3e5f2398a4924302a0bd26d052f,c390134458f0c8f52072cf2e375b1a4c88b3f34d30221896997dc2b984035c9d,c76dd6f3c17103439dfb85094b25f725c8a46fabf6288b0b9e6743774739eb3e,PASS,"All four interleaver configurations share payload, noise, burst start and frame sequence."
BCH,BCH_EsN0_-1.5_burst_0.050000000000000003_THREE_QUARTER,-1.5,0.050000000000000003,THREE_QUARTER,4,1,1,1,1,a5161cb90e181024a22b332ee00f0ba448920691fe4029d32fb70ab1aa8ab47a,ad4df377423473f0f6832ab789f2744e7b56f3e5f2398a4924302a0bd26d052f,adcaeb146f8849a0b0b76009d43bdcb10b82f8d7d357e21a665ffddafe5f0c90,c76dd6f3c17103439dfb85094b25f725c8a46fabf6288b0b9e6743774739eb3e,PASS,"All four interleaver configurations share payload, noise, burst start and frame sequence."
BCH,BCH_EsN0_-1.5_burst_0.10000000000000001_HEAD,-1.5,0.10000000000000001,HEAD,4,1,1,1,1,a5161cb90e181024a22b332ee00f0ba448920691fe4029d32fb70ab1aa8ab47a,ad4df377423473f0f6832ab789f2744e7b56f3e5f2398a4924302a0bd26d052f,c0d9da1fa82d0fcd8ead7d95361036afbb66360e3ddbd3b62e877a318d2e7300,c76dd6f3c17103439dfb85094b25f725c8a46fabf6288b0b9e6743774739eb3e,PASS,"All four interleaver configurations share payload, noise, burst start and frame sequence."
BCH,BCH_EsN0_-1.5_burst_0.10000000000000001_MIDDLE,-1.5,0.10000000000000001,MIDDLE,4,1,1,1,1,a5161cb90e181024a22b332ee00f0ba448920691fe4029d32fb70ab1aa8ab47a,ad4df377423473f0f6832ab789f2744e7b56f3e5f2398a4924302a0bd26d052f,7d4c6e35daa2ff6d0990de4339551453c5cb57bb0f12e2f32aba9e6f5abe3abf,c76dd6f3c17103439dfb85094b25f725c8a46fabf6288b0b9e6743774739eb3e,PASS,"All four interleaver configurations share payload, noise, burst start and frame sequence."
BCH,BCH_EsN0_-1.5_burst_0.10000000000000001_QUARTER,-1.5,0.10000000000000001,QUARTER,4,1,1,1,1,a5161cb90e181024a22b332ee00f0ba448920691fe4029d32fb70ab1aa8ab47a,ad4df377423473f0f6832ab789f2744e7b56f3e5f2398a4924302a0bd26d052f,40895591b69e5351625ed98be6c29e9c9bbdad64208c89187e60f62cd8a1a3c5,c76dd6f3c17103439dfb85094b25f725c8a46fabf6288b0b9e6743774739eb3e,PASS,"All four interleaver configurations share payload, noise, burst start and frame sequence."
BCH,BCH_EsN0_-1.5_burst_0.10000000000000001_RANDOM,-1.5,0.10000000000000001,RANDOM,4,1,1,1,1,a5161cb90e181024a22b332ee00f0ba448920691fe4029d32fb70ab1aa8ab47a,ad4df377423473f0f6832ab789f2744e7b56f3e5f2398a4924302a0bd26d052f,9acdf24f600dcf39468fde9c4dd0aae7c6e6af8db6b308ee7b7e7eccb0827d99,c76dd6f3c17103439dfb85094b25f725c8a46fabf6288b0b9e6743774739eb3e,PASS,"All four interleaver configurations share payload, noise, burst start and frame sequence."
BCH,BCH_EsN0_-1.5_burst_0.10000000000000001_TAIL,-1.5,0.10000000000000001,TAIL,4,1,1,1,1,a5161cb90e181024a22b332ee00f0ba448920691fe4029d32fb70ab1aa8ab47a,ad4df377423473f0f6832ab789f2744e7b56f3e5f2398a4924302a0bd26d052f,200d497cfbeccea8e8b689e65ed36ae1725394120f7262502b6b29c77d328082,c76dd6f3c17103439dfb85094b25f725c8a46fabf6288b0b9e6743774739eb3e,PASS,"All four interleaver configurations share payload, noise, burst start and frame sequence."
BCH,BCH_EsN0_-1.5_burst_0.10000000000000001_THREE_QUARTER,-1.5,0.10000000000000001,THREE_QUARTER,4,1,1,1,1,a5161cb90e181024a22b332ee00f0ba448920691fe4029d32fb70ab1aa8ab47a,ad4df377423473f0f6832ab789f2744e7b56f3e5f2398a4924302a0bd26d052f,fc18e489b7b569493256e05fb8452841ed9b4dd6b29c3ca590ce0ee1ab44c1e8,c76dd6f3c17103439dfb85094b25f725c8a46fabf6288b0b9e6743774739eb3e,PASS,"All four interleaver configurations share payload, noise, burst start and frame sequence."
BCH,BCH_EsN0_-1_burst_0.02_HEAD,-1,0.02,HEAD,4,1,1,1,1,a5161cb90e181024a22b332ee00f0ba448920691fe4029d32fb70ab1aa8ab47a,ad4df377423473f0f6832ab789f2744e7b56f3e5f2398a4924302a0bd26d052f,c5c1ed69f998bac669832c6e503881b20248ad6ad5f4556df61650e7693414f9,c76dd6f3c17103439dfb85094b25f725c8a46fabf6288b0b9e6743774739eb3e,PASS,"All four interleaver configurations share payload, noise, burst start and frame sequence."
BCH,BCH_EsN0_-1_burst_0.02_MIDDLE,-1,0.02,MIDDLE,4,1,1,1,1,a5161cb90e181024a22b332ee00f0ba448920691fe4029d32fb70ab1aa8ab47a,ad4df377423473f0f6832ab789f2744e7b56f3e5f2398a4924302a0bd26d052f,0bcb3b8a96fa0f1c9434dc2de1933133cd660fab7d3282d216eef023046a1716,c76dd6f3c17103439dfb85094b25f725c8a46fabf6288b0b9e6743774739eb3e,PASS,"All four interleaver configurations share payload, noise, burst start and frame sequence."
BCH,BCH_EsN0_-1_burst_0.02_QUARTER,-1,0.02,QUARTER,4,1,1,1,1,a5161cb90e181024a22b332ee00f0ba448920691fe4029d32fb70ab1aa8ab47a,ad4df377423473f0f6832ab789f2744e7b56f3e5f2398a4924302a0bd26d052f,8d74dc3ce841417d7acd12d9068b8fdfe8b42f7f505070e0e04a207337aec7d9,c76dd6f3c17103439dfb85094b25f725c8a46fabf6288b0b9e6743774739eb3e,PASS,"All four interleaver configurations share payload, noise, burst start and frame sequence."
BCH,BCH_EsN0_-1_burst_0.02_RANDOM,-1,0.02,RANDOM,4,1,1,1,1,a5161cb90e181024a22b332ee00f0ba448920691fe4029d32fb70ab1aa8ab47a,ad4df377423473f0f6832ab789f2744e7b56f3e5f2398a4924302a0bd26d052f,4810a9913d61edcb4f1f5ae0a6727238738fa0aa43af4a4b563e5bcd6da00f8b,c76dd6f3c17103439dfb85094b25f725c8a46fabf6288b0b9e6743774739eb3e,PASS,"All four interleaver configurations share payload, noise, burst start and frame sequence."
BCH,BCH_EsN0_-1_burst_0.02_TAIL,-1,0.02,TAIL,4,1,1,1,1,a5161cb90e181024a22b332ee00f0ba448920691fe4029d32fb70ab1aa8ab47a,ad4df377423473f0f6832ab789f2744e7b56f3e5f2398a4924302a0bd26d052f,62eb84dc628fa0b4b0c80742b47fdd688305793492eac5d4c054327f8418d5f1,c76dd6f3c17103439dfb85094b25f725c8a46fabf6288b0b9e6743774739eb3e,PASS,"All four interleaver configurations share payload, noise, burst start and frame sequence."
BCH,BCH_EsN0_-1_burst_0.02_THREE_QUARTER,-1,0.02,THREE_QUARTER,4,1,1,1,1,a5161cb90e181024a22b332ee00f0ba448920691fe4029d32fb70ab1aa8ab47a,ad4df377423473f0f6832ab789f2744e7b56f3e5f2398a4924302a0bd26d052f,77ee29f4f7322382305a09c0a5fabc2d5f282af54af9ebf38ceb540789bbf816,c76dd6f3c17103439dfb85094b25f725c8a46fabf6288b0b9e6743774739eb3e,PASS,"All four interleaver configurations share payload, noise, burst start and frame sequence."
BCH,BCH_EsN0_-1_burst_0.050000000000000003_HEAD,-1,0.050000000000000003,HEAD,4,1,1,1,1,a5161cb90e181024a22b332ee00f0ba448920691fe4029d32fb70ab1aa8ab47a,ad4df377423473f0f6832ab789f2744e7b56f3e5f2398a4924302a0bd26d052f,c0772b0da560b55244a6168051f7a6f11e70e515bccf50d24f07ad32262cc674,c76dd6f3c17103439dfb85094b25f725c8a46fabf6288b0b9e6743774739eb3e,PASS,"All four interleaver configurations share payload, noise, burst start and frame sequence."
BCH,BCH_EsN0_-1_burst_0.050000000000000003_MIDDLE,-1,0.050000000000000003,MIDDLE,4,1,1,1,1,a5161cb90e181024a22b332ee00f0ba448920691fe4029d32fb70ab1aa8ab47a,ad4df377423473f0f6832ab789f2744e7b56f3e5f2398a4924302a0bd26d052f,eecbe5c6e2faa2eaa90c72f480c4da70b630bad6e21f1096df1832da225a9b34,c76dd6f3c17103439dfb85094b25f725c8a46fabf6288b0b9e6743774739eb3e,PASS,"All four interleaver configurations share payload, noise, burst start and frame sequence."
BCH,BCH_EsN0_-1_burst_0.050000000000000003_QUARTER,-1,0.050000000000000003,QUARTER,4,1,1,1,1,a5161cb90e181024a22b332ee00f0ba448920691fe4029d32fb70ab1aa8ab47a,ad4df377423473f0f6832ab789f2744e7b56f3e5f2398a4924302a0bd26d052f,6c2047f02728e589aa4cc9f7ea764577324ca4879307753db30c1b1d4701fb08,c76dd6f3c17103439dfb85094b25f725c8a46fabf6288b0b9e6743774739eb3e,PASS,"All four interleaver configurations share payload, noise, burst start and frame sequence."
BCH,BCH_EsN0_-1_burst_0.050000000000000003_RANDOM,-1,0.050000000000000003,RANDOM,4,1,1,1,1,a5161cb90e181024a22b332ee00f0ba448920691fe4029d32fb70ab1aa8ab47a,ad4df377423473f0f6832ab789f2744e7b56f3e5f2398a4924302a0bd26d052f,c3c4212eb868db0e0af807d21e860a441ec5c887dc2473dce4e48ae84cc9b9de,c76dd6f3c17103439dfb85094b25f725c8a46fabf6288b0b9e6743774739eb3e,PASS,"All four interleaver configurations share payload, noise, burst start and frame sequence."
BCH,BCH_EsN0_-1_burst_0.050000000000000003_TAIL,-1,0.050000000000000003,TAIL,4,1,1,1,1,a5161cb90e181024a22b332ee00f0ba448920691fe4029d32fb70ab1aa8ab47a,ad4df377423473f0f6832ab789f2744e7b56f3e5f2398a4924302a0bd26d052f,c390134458f0c8f52072cf2e375b1a4c88b3f34d30221896997dc2b984035c9d,c76dd6f3c17103439dfb85094b25f725c8a46fabf6288b0b9e6743774739eb3e,PASS,"All four interleaver configurations share payload, noise, burst start and frame sequence."
BCH,BCH_EsN0_-1_burst_0.050000000000000003_THREE_QUARTER,-1,0.050000000000000003,THREE_QUARTER,4,1,1,1,1,a5161cb90e181024a22b332ee00f0ba448920691fe4029d32fb70ab1aa8ab47a,ad4df377423473f0f6832ab789f2744e7b56f3e5f2398a4924302a0bd26d052f,adcaeb146f8849a0b0b76009d43bdcb10b82f8d7d357e21a665ffddafe5f0c90,c76dd6f3c17103439dfb85094b25f725c8a46fabf6288b0b9e6743774739eb3e,PASS,"All four interleaver configurations share payload, noise, burst start and frame sequence."
BCH,BCH_EsN0_-1_burst_0.10000000000000001_HEAD,-1,0.10000000000000001,HEAD,4,1,1,1,1,a5161cb90e181024a22b332ee00f0ba448920691fe4029d32fb70ab1aa8ab47a,ad4df377423473f0f6832ab789f2744e7b56f3e5f2398a4924302a0bd26d052f,c0d9da1fa82d0fcd8ead7d95361036afbb66360e3ddbd3b62e877a318d2e7300,c76dd6f3c17103439dfb85094b25f725c8a46fabf6288b0b9e6743774739eb3e,PASS,"All four interleaver configurations share payload, noise, burst start and frame sequence."
BCH,BCH_EsN0_-1_burst_0.10000000000000001_MIDDLE,-1,0.10000000000000001,MIDDLE,4,1,1,1,1,a5161cb90e181024a22b332ee00f0ba448920691fe4029d32fb70ab1aa8ab47a,ad4df377423473f0f6832ab789f2744e7b56f3e5f2398a4924302a0bd26d052f,7d4c6e35daa2ff6d0990de4339551453c5cb57bb0f12e2f32aba9e6f5abe3abf,c76dd6f3c17103439dfb85094b25f725c8a46fabf6288b0b9e6743774739eb3e,PASS,"All four interleaver configurations share payload, noise, burst start and frame sequence."
BCH,BCH_EsN0_-1_burst_0.10000000000000001_QUARTER,-1,0.10000000000000001,QUARTER,4,1,1,1,1,a5161cb90e181024a22b332ee00f0ba448920691fe4029d32fb70ab1aa8ab47a,ad4df377423473f0f6832ab789f2744e7b56f3e5f2398a4924302a0bd26d052f,40895591b69e5351625ed98be6c29e9c9bbdad64208c89187e60f62cd8a1a3c5,c76dd6f3c17103439dfb85094b25f725c8a46fabf6288b0b9e6743774739eb3e,PASS,"All four interleaver configurations share payload, noise, burst start and frame sequence."
BCH,BCH_EsN0_-1_burst_0.10000000000000001_RANDOM,-1,0.10000000000000001,RANDOM,4,1,1,1,1,a5161cb90e181024a22b332ee00f0ba448920691fe4029d32fb70ab1aa8ab47a,ad4df377423473f0f6832ab789f2744e7b56f3e5f2398a4924302a0bd26d052f,9acdf24f600dcf39468fde9c4dd0aae7c6e6af8db6b308ee7b7e7eccb0827d99,c76dd6f3c17103439dfb85094b25f725c8a46fabf6288b0b9e6743774739eb3e,PASS,"All four interleaver configurations share payload, noise, burst start and frame sequence."
BCH,BCH_EsN0_-1_burst_0.10000000000000001_TAIL,-1,0.10000000000000001,TAIL,4,1,1,1,1,a5161cb90e181024a22b332ee00f0ba448920691fe4029d32fb70ab1aa8ab47a,ad4df377423473f0f6832ab789f2744e7b56f3e5f2398a4924302a0bd26d052f,200d497cfbeccea8e8b689e65ed36ae1725394120f7262502b6b29c77d328082,c76dd6f3c17103439dfb85094b25f725c8a46fabf6288b0b9e6743774739eb3e,PASS,"All four interleaver configurations share payload, noise, burst start and frame sequence."
BCH,BCH_EsN0_-1_burst_0.10000000000000001_THREE_QUARTER,-1,0.10000000000000001,THREE_QUARTER,4,1,1,1,1,a5161cb90e181024a22b332ee00f0ba448920691fe4029d32fb70ab1aa8ab47a,ad4df377423473f0f6832ab789f2744e7b56f3e5f2398a4924302a0bd26d052f,fc18e489b7b569493256e05fb8452841ed9b4dd6b29c3ca590ce0ee1ab44c1e8,c76dd6f3c17103439dfb85094b25f725c8a46fabf6288b0b9e6743774739eb3e,PASS,"All four interleaver configurations share payload, noise, burst start and frame sequence."
BCH,BCH_EsN0_-0.5_burst_0.02_HEAD,-0.5,0.02,HEAD,4,1,1,1,1,a5161cb90e181024a22b332ee00f0ba448920691fe4029d32fb70ab1aa8ab47a,ad4df377423473f0f6832ab789f2744e7b56f3e5f2398a4924302a0bd26d052f,c5c1ed69f998bac669832c6e503881b20248ad6ad5f4556df61650e7693414f9,c76dd6f3c17103439dfb85094b25f725c8a46fabf6288b0b9e6743774739eb3e,PASS,"All four interleaver configurations share payload, noise, burst start and frame sequence."
BCH,BCH_EsN0_-0.5_burst_0.02_MIDDLE,-0.5,0.02,MIDDLE,4,1,1,1,1,a5161cb90e181024a22b332ee00f0ba448920691fe4029d32fb70ab1aa8ab47a,ad4df377423473f0f6832ab789f2744e7b56f3e5f2398a4924302a0bd26d052f,0bcb3b8a96fa0f1c9434dc2de1933133cd660fab7d3282d216eef023046a1716,c76dd6f3c17103439dfb85094b25f725c8a46fabf6288b0b9e6743774739eb3e,PASS,"All four interleaver configurations share payload, noise, burst start and frame sequence."
BCH,BCH_EsN0_-0.5_burst_0.02_QUARTER,-0.5,0.02,QUARTER,4,1,1,1,1,a5161cb90e181024a22b332ee00f0ba448920691fe4029d32fb70ab1aa8ab47a,ad4df377423473f0f6832ab789f2744e7b56f3e5f2398a4924302a0bd26d052f,8d74dc3ce841417d7acd12d9068b8fdfe8b42f7f505070e0e04a207337aec7d9,c76dd6f3c17103439dfb85094b25f725c8a46fabf6288b0b9e6743774739eb3e,PASS,"All four interleaver configurations share payload, noise, burst start and frame sequence."
BCH,BCH_EsN0_-0.5_burst_0.02_RANDOM,-0.5,0.02,RANDOM,4,1,1,1,1,a5161cb90e181024a22b332ee00f0ba448920691fe4029d32fb70ab1aa8ab47a,ad4df377423473f0f6832ab789f2744e7b56f3e5f2398a4924302a0bd26d052f,4810a9913d61edcb4f1f5ae0a6727238738fa0aa43af4a4b563e5bcd6da00f8b,c76dd6f3c17103439dfb85094b25f725c8a46fabf6288b0b9e6743774739eb3e,PASS,"All four interleaver configurations share payload, noise, burst start and frame sequence."
BCH,BCH_EsN0_-0.5_burst_0.02_TAIL,-0.5,0.02,TAIL,4,1,1,1,1,a5161cb90e181024a22b332ee00f0ba448920691fe4029d32fb70ab1aa8ab47a,ad4df377423473f0f6832ab789f2744e7b56f3e5f2398a4924302a0bd26d052f,62eb84dc628fa0b4b0c80742b47fdd688305793492eac5d4c054327f8418d5f1,c76dd6f3c17103439dfb85094b25f725c8a46fabf6288b0b9e6743774739eb3e,PASS,"All four interleaver configurations share payload, noise, burst start and frame sequence."
BCH,BCH_EsN0_-0.5_burst_0.02_THREE_QUARTER,-0.5,0.02,THREE_QUARTER,4,1,1,1,1,a5161cb90e181024a22b332ee00f0ba448920691fe4029d32fb70ab1aa8ab47a,ad4df377423473f0f6832ab789f2744e7b56f3e5f2398a4924302a0bd26d052f,77ee29f4f7322382305a09c0a5fabc2d5f282af54af9ebf38ceb540789bbf816,c76dd6f3c17103439dfb85094b25f725c8a46fabf6288b0b9e6743774739eb3e,PASS,"All four interleaver configurations share payload, noise, burst start and frame sequence."
BCH,BCH_EsN0_-0.5_burst_0.050000000000000003_HEAD,-0.5,0.050000000000000003,HEAD,4,1,1,1,1,a5161cb90e181024a22b332ee00f0ba448920691fe4029d32fb70ab1aa8ab47a,ad4df377423473f0f6832ab789f2744e7b56f3e5f2398a4924302a0bd26d052f,c0772b0da560b55244a6168051f7a6f11e70e515bccf50d24f07ad32262cc674,c76dd6f3c17103439dfb85094b25f725c8a46fabf6288b0b9e6743774739eb3e,PASS,"All four interleaver configurations share payload, noise, burst start and frame sequence."
BCH,BCH_EsN0_-0.5_burst_0.050000000000000003_MIDDLE,-0.5,0.050000000000000003,MIDDLE,4,1,1,1,1,a5161cb90e181024a22b332ee00f0ba448920691fe4029d32fb70ab1aa8ab47a,ad4df377423473f0f6832ab789f2744e7b56f3e5f2398a4924302a0bd26d052f,eecbe5c6e2faa2eaa90c72f480c4da70b630bad6e21f1096df1832da225a9b34,c76dd6f3c17103439dfb85094b25f725c8a46fabf6288b0b9e6743774739eb3e,PASS,"All four interleaver configurations share payload, noise, burst start and frame sequence."
BCH,BCH_EsN0_-0.5_burst_0.050000000000000003_QUARTER,-0.5,0.050000000000000003,QUARTER,4,1,1,1,1,a5161cb90e181024a22b332ee00f0ba448920691fe4029d32fb70ab1aa8ab47a,ad4df377423473f0f6832ab789f2744e7b56f3e5f2398a4924302a0bd26d052f,6c2047f02728e589aa4cc9f7ea764577324ca4879307753db30c1b1d4701fb08,c76dd6f3c17103439dfb85094b25f725c8a46fabf6288b0b9e6743774739eb3e,PASS,"All four interleaver configurations share payload, noise, burst start and frame sequence."
BCH,BCH_EsN0_-0.5_burst_0.050000000000000003_RANDOM,-0.5,0.050000000000000003,RANDOM,4,1,1,1,1,a5161cb90e181024a22b332ee00f0ba448920691fe4029d32fb70ab1aa8ab47a,ad4df377423473f0f6832ab789f2744e7b56f3e5f2398a4924302a0bd26d052f,c3c4212eb868db0e0af807d21e860a441ec5c887dc2473dce4e48ae84cc9b9de,c76dd6f3c17103439dfb85094b25f725c8a46fabf6288b0b9e6743774739eb3e,PASS,"All four interleaver configurations share payload, noise, burst start and frame sequence."
BCH,BCH_EsN0_-0.5_burst_0.050000000000000003_TAIL,-0.5,0.050000000000000003,TAIL,4,1,1,1,1,a5161cb90e181024a22b332ee00f0ba448920691fe4029d32fb70ab1aa8ab47a,ad4df377423473f0f6832ab789f2744e7b56f3e5f2398a4924302a0bd26d052f,c390134458f0c8f52072cf2e375b1a4c88b3f34d30221896997dc2b984035c9d,c76dd6f3c17103439dfb85094b25f725c8a46fabf6288b0b9e6743774739eb3e,PASS,"All four interleaver configurations share payload, noise, burst start and frame sequence."
BCH,BCH_EsN0_-0.5_burst_0.050000000000000003_THREE_QUARTER,-0.5,0.050000000000000003,THREE_QUARTER,4,1,1,1,1,a5161cb90e181024a22b332ee00f0ba448920691fe4029d32fb70ab1aa8ab47a,ad4df377423473f0f6832ab789f2744e7b56f3e5f2398a4924302a0bd26d052f,adcaeb146f8849a0b0b76009d43bdcb10b82f8d7d357e21a665ffddafe5f0c90,c76dd6f3c17103439dfb85094b25f725c8a46fabf6288b0b9e6743774739eb3e,PASS,"All four interleaver configurations share payload, noise, burst start and frame sequence."
BCH,BCH_EsN0_-0.5_burst_0.10000000000000001_HEAD,-0.5,0.10000000000000001,HEAD,4,1,1,1,1,a5161cb90e181024a22b332ee00f0ba448920691fe4029d32fb70ab1aa8ab47a,ad4df377423473f0f6832ab789f2744e7b56f3e5f2398a4924302a0bd26d052f,c0d9da1fa82d0fcd8ead7d95361036afbb66360e3ddbd3b62e877a318d2e7300,c76dd6f3c17103439dfb85094b25f725c8a46fabf6288b0b9e6743774739eb3e,PASS,"All four interleaver configurations share payload, noise, burst start and frame sequence."
BCH,BCH_EsN0_-0.5_burst_0.10000000000000001_MIDDLE,-0.5,0.10000000000000001,MIDDLE,4,1,1,1,1,a5161cb90e181024a22b332ee00f0ba448920691fe4029d32fb70ab1aa8ab47a,ad4df377423473f0f6832ab789f2744e7b56f3e5f2398a4924302a0bd26d052f,7d4c6e35daa2ff6d0990de4339551453c5cb57bb0f12e2f32aba9e6f5abe3abf,c76dd6f3c17103439dfb85094b25f725c8a46fabf6288b0b9e6743774739eb3e,PASS,"All four interleaver configurations share payload, noise, burst start and frame sequence."
BCH,BCH_EsN0_-0.5_burst_0.10000000000000001_QUARTER,-0.5,0.10000000000000001,QUARTER,4,1,1,1,1,a5161cb90e181024a22b332ee00f0ba448920691fe4029d32fb70ab1aa8ab47a,ad4df377423473f0f6832ab789f2744e7b56f3e5f2398a4924302a0bd26d052f,40895591b69e5351625ed98be6c29e9c9bbdad64208c89187e60f62cd8a1a3c5,c76dd6f3c17103439dfb85094b25f725c8a46fabf6288b0b9e6743774739eb3e,PASS,"All four interleaver configurations share payload, noise, burst start and frame sequence."
BCH,BCH_EsN0_-0.5_burst_0.10000000000000001_RANDOM,-0.5,0.10000000000000001,RANDOM,4,1,1,1,1,a5161cb90e181024a22b332ee00f0ba448920691fe4029d32fb70ab1aa8ab47a,ad4df377423473f0f6832ab789f2744e7b56f3e5f2398a4924302a0bd26d052f,9acdf24f600dcf39468fde9c4dd0aae7c6e6af8db6b308ee7b7e7eccb0827d99,c76dd6f3c17103439dfb85094b25f725c8a46fabf6288b0b9e6743774739eb3e,PASS,"All four interleaver configurations share payload, noise, burst start and frame sequence."
BCH,BCH_EsN0_-0.5_burst_0.10000000000000001_TAIL,-0.5,0.10000000000000001,TAIL,4,1,1,1,1,a5161cb90e181024a22b332ee00f0ba448920691fe4029d32fb70ab1aa8ab47a,ad4df377423473f0f6832ab789f2744e7b56f3e5f2398a4924302a0bd26d052f,200d497cfbeccea8e8b689e65ed36ae1725394120f7262502b6b29c77d328082,c76dd6f3c17103439dfb85094b25f725c8a46fabf6288b0b9e6743774739eb3e,PASS,"All four interleaver configurations share payload, noise, burst start and frame sequence."
BCH,BCH_EsN0_-0.5_burst_0.10000000000000001_THREE_QUARTER,-0.5,0.10000000000000001,THREE_QUARTER,4,1,1,1,1,a5161cb90e181024a22b332ee00f0ba448920691fe4029d32fb70ab1aa8ab47a,ad4df377423473f0f6832ab789f2744e7b56f3e5f2398a4924302a0bd26d052f,fc18e489b7b569493256e05fb8452841ed9b4dd6b29c3ca590ce0ee1ab44c1e8,c76dd6f3c17103439dfb85094b25f725c8a46fabf6288b0b9e6743774739eb3e,PASS,"All four interleaver configurations share payload, noise, burst start and frame sequence."
BCH,BCH_EsN0_0_burst_0.02_HEAD,0,0.02,HEAD,4,1,1,1,1,a5161cb90e181024a22b332ee00f0ba448920691fe4029d32fb70ab1aa8ab47a,ad4df377423473f0f6832ab789f2744e7b56f3e5f2398a4924302a0bd26d052f,c5c1ed69f998bac669832c6e503881b20248ad6ad5f4556df61650e7693414f9,c76dd6f3c17103439dfb85094b25f725c8a46fabf6288b0b9e6743774739eb3e,PASS,"All four interleaver configurations share payload, noise, burst start and frame sequence."
BCH,BCH_EsN0_0_burst_0.02_MIDDLE,0,0.02,MIDDLE,4,1,1,1,1,a5161cb90e181024a22b332ee00f0ba448920691fe4029d32fb70ab1aa8ab47a,ad4df377423473f0f6832ab789f2744e7b56f3e5f2398a4924302a0bd26d052f,0bcb3b8a96fa0f1c9434dc2de1933133cd660fab7d3282d216eef023046a1716,c76dd6f3c17103439dfb85094b25f725c8a46fabf6288b0b9e6743774739eb3e,PASS,"All four interleaver configurations share payload, noise, burst start and frame sequence."
BCH,BCH_EsN0_0_burst_0.02_QUARTER,0,0.02,QUARTER,4,1,1,1,1,a5161cb90e181024a22b332ee00f0ba448920691fe4029d32fb70ab1aa8ab47a,ad4df377423473f0f6832ab789f2744e7b56f3e5f2398a4924302a0bd26d052f,8d74dc3ce841417d7acd12d9068b8fdfe8b42f7f505070e0e04a207337aec7d9,c76dd6f3c17103439dfb85094b25f725c8a46fabf6288b0b9e6743774739eb3e,PASS,"All four interleaver configurations share payload, noise, burst start and frame sequence."
BCH,BCH_EsN0_0_burst_0.02_RANDOM,0,0.02,RANDOM,4,1,1,1,1,a5161cb90e181024a22b332ee00f0ba448920691fe4029d32fb70ab1aa8ab47a,ad4df377423473f0f6832ab789f2744e7b56f3e5f2398a4924302a0bd26d052f,4810a9913d61edcb4f1f5ae0a6727238738fa0aa43af4a4b563e5bcd6da00f8b,c76dd6f3c17103439dfb85094b25f725c8a46fabf6288b0b9e6743774739eb3e,PASS,"All four interleaver configurations share payload, noise, burst start and frame sequence."
BCH,BCH_EsN0_0_burst_0.02_TAIL,0,0.02,TAIL,4,1,1,1,1,a5161cb90e181024a22b332ee00f0ba448920691fe4029d32fb70ab1aa8ab47a,ad4df377423473f0f6832ab789f2744e7b56f3e5f2398a4924302a0bd26d052f,62eb84dc628fa0b4b0c80742b47fdd688305793492eac5d4c054327f8418d5f1,c76dd6f3c17103439dfb85094b25f725c8a46fabf6288b0b9e6743774739eb3e,PASS,"All four interleaver configurations share payload, noise, burst start and frame sequence."
BCH,BCH_EsN0_0_burst_0.02_THREE_QUARTER,0,0.02,THREE_QUARTER,4,1,1,1,1,a5161cb90e181024a22b332ee00f0ba448920691fe4029d32fb70ab1aa8ab47a,ad4df377423473f0f6832ab789f2744e7b56f3e5f2398a4924302a0bd26d052f,77ee29f4f7322382305a09c0a5fabc2d5f282af54af9ebf38ceb540789bbf816,c76dd6f3c17103439dfb85094b25f725c8a46fabf6288b0b9e6743774739eb3e,PASS,"All four interleaver configurations share payload, noise, burst start and frame sequence."
BCH,BCH_EsN0_0_burst_0.050000000000000003_HEAD,0,0.050000000000000003,HEAD,4,1,1,1,1,a5161cb90e181024a22b332ee00f0ba448920691fe4029d32fb70ab1aa8ab47a,ad4df377423473f0f6832ab789f2744e7b56f3e5f2398a4924302a0bd26d052f,c0772b0da560b55244a6168051f7a6f11e70e515bccf50d24f07ad32262cc674,c76dd6f3c17103439dfb85094b25f725c8a46fabf6288b0b9e6743774739eb3e,PASS,"All four interleaver configurations share payload, noise, burst start and frame sequence."
BCH,BCH_EsN0_0_burst_0.050000000000000003_MIDDLE,0,0.050000000000000003,MIDDLE,4,1,1,1,1,a5161cb90e181024a22b332ee00f0ba448920691fe4029d32fb70ab1aa8ab47a,ad4df377423473f0f6832ab789f2744e7b56f3e5f2398a4924302a0bd26d052f,eecbe5c6e2faa2eaa90c72f480c4da70b630bad6e21f1096df1832da225a9b34,c76dd6f3c17103439dfb85094b25f725c8a46fabf6288b0b9e6743774739eb3e,PASS,"All four interleaver configurations share payload, noise, burst start and frame sequence."
BCH,BCH_EsN0_0_burst_0.050000000000000003_QUARTER,0,0.050000000000000003,QUARTER,4,1,1,1,1,a5161cb90e181024a22b332ee00f0ba448920691fe4029d32fb70ab1aa8ab47a,ad4df377423473f0f6832ab789f2744e7b56f3e5f2398a4924302a0bd26d052f,6c2047f02728e589aa4cc9f7ea764577324ca4879307753db30c1b1d4701fb08,c76dd6f3c17103439dfb85094b25f725c8a46fabf6288b0b9e6743774739eb3e,PASS,"All four interleaver configurations share payload, noise, burst start and frame sequence."
BCH,BCH_EsN0_0_burst_0.050000000000000003_RANDOM,0,0.050000000000000003,RANDOM,4,1,1,1,1,a5161cb90e181024a22b332ee00f0ba448920691fe4029d32fb70ab1aa8ab47a,ad4df377423473f0f6832ab789f2744e7b56f3e5f2398a4924302a0bd26d052f,c3c4212eb868db0e0af807d21e860a441ec5c887dc2473dce4e48ae84cc9b9de,c76dd6f3c17103439dfb85094b25f725c8a46fabf6288b0b9e6743774739eb3e,PASS,"All four interleaver configurations share payload, noise, burst start and frame sequence."
BCH,BCH_EsN0_0_burst_0.050000000000000003_TAIL,0,0.050000000000000003,TAIL,4,1,1,1,1,a5161cb90e181024a22b332ee00f0ba448920691fe4029d32fb70ab1aa8ab47a,ad4df377423473f0f6832ab789f2744e7b56f3e5f2398a4924302a0bd26d052f,c390134458f0c8f52072cf2e375b1a4c88b3f34d30221896997dc2b984035c9d,c76dd6f3c17103439dfb85094b25f725c8a46fabf6288b0b9e6743774739eb3e,PASS,"All four interleaver configurations share payload, noise, burst start and frame sequence."
BCH,BCH_EsN0_0_burst_0.050000000000000003_THREE_QUARTER,0,0.050000000000000003,THREE_QUARTER,4,1,1,1,1,a5161cb90e181024a22b332ee00f0ba448920691fe4029d32fb70ab1aa8ab47a,ad4df377423473f0f6832ab789f2744e7b56f3e5f2398a4924302a0bd26d052f,adcaeb146f8849a0b0b76009d43bdcb10b82f8d7d357e21a665ffddafe5f0c90,c76dd6f3c17103439dfb85094b25f725c8a46fabf6288b0b9e6743774739eb3e,PASS,"All four interleaver configurations share payload, noise, burst start and frame sequence."
BCH,BCH_EsN0_0_burst_0.10000000000000001_HEAD,0,0.10000000000000001,HEAD,4,1,1,1,1,a5161cb90e181024a22b332ee00f0ba448920691fe4029d32fb70ab1aa8ab47a,ad4df377423473f0f6832ab789f2744e7b56f3e5f2398a4924302a0bd26d052f,c0d9da1fa82d0fcd8ead7d95361036afbb66360e3ddbd3b62e877a318d2e7300,c76dd6f3c17103439dfb85094b25f725c8a46fabf6288b0b9e6743774739eb3e,PASS,"All four interleaver configurations share payload, noise, burst start and frame sequence."
BCH,BCH_EsN0_0_burst_0.10000000000000001_MIDDLE,0,0.10000000000000001,MIDDLE,4,1,1,1,1,a5161cb90e181024a22b332ee00f0ba448920691fe4029d32fb70ab1aa8ab47a,ad4df377423473f0f6832ab789f2744e7b56f3e5f2398a4924302a0bd26d052f,7d4c6e35daa2ff6d0990de4339551453c5cb57bb0f12e2f32aba9e6f5abe3abf,c76dd6f3c17103439dfb85094b25f725c8a46fabf6288b0b9e6743774739eb3e,PASS,"All four interleaver configurations share payload, noise, burst start and frame sequence."
BCH,BCH_EsN0_0_burst_0.10000000000000001_QUARTER,0,0.10000000000000001,QUARTER,4,1,1,1,1,a5161cb90e181024a22b332ee00f0ba448920691fe4029d32fb70ab1aa8ab47a,ad4df377423473f0f6832ab789f2744e7b56f3e5f2398a4924302a0bd26d052f,40895591b69e5351625ed98be6c29e9c9bbdad64208c89187e60f62cd8a1a3c5,c76dd6f3c17103439dfb85094b25f725c8a46fabf6288b0b9e6743774739eb3e,PASS,"All four interleaver configurations share payload, noise, burst start and frame sequence."
BCH,BCH_EsN0_0_burst_0.10000000000000001_RANDOM,0,0.10000000000000001,RANDOM,4,1,1,1,1,a5161cb90e181024a22b332ee00f0ba448920691fe4029d32fb70ab1aa8ab47a,ad4df377423473f0f6832ab789f2744e7b56f3e5f2398a4924302a0bd26d052f,9acdf24f600dcf39468fde9c4dd0aae7c6e6af8db6b308ee7b7e7eccb0827d99,c76dd6f3c17103439dfb85094b25f725c8a46fabf6288b0b9e6743774739eb3e,PASS,"All four interleaver configurations share payload, noise, burst start and frame sequence."
BCH,BCH_EsN0_0_burst_0.10000000000000001_TAIL,0,0.10000000000000001,TAIL,4,1,1,1,1,a5161cb90e181024a22b332ee00f0ba448920691fe4029d32fb70ab1aa8ab47a,ad4df377423473f0f6832ab789f2744e7b56f3e5f2398a4924302a0bd26d052f,200d497cfbeccea8e8b689e65ed36ae1725394120f7262502b6b29c77d328082,c76dd6f3c17103439dfb85094b25f725c8a46fabf6288b0b9e6743774739eb3e,PASS,"All four interleaver configurations share payload, noise, burst start and frame sequence."
BCH,BCH_EsN0_0_burst_0.10000000000000001_THREE_QUARTER,0,0.10000000000000001,THREE_QUARTER,4,1,1,1,1,a5161cb90e181024a22b332ee00f0ba448920691fe4029d32fb70ab1aa8ab47a,ad4df377423473f0f6832ab789f2744e7b56f3e5f2398a4924302a0bd26d052f,fc18e489b7b569493256e05fb8452841ed9b4dd6b29c3ca590ce0ee1ab44c1e8,c76dd6f3c17103439dfb85094b25f725c8a46fabf6288b0b9e6743774739eb3e,PASS,"All four interleaver configurations share payload, noise, burst start and frame sequence."
BCH,BCH_EsN0_0.5_burst_0.02_HEAD,0.5,0.02,HEAD,4,1,1,1,1,a5161cb90e181024a22b332ee00f0ba448920691fe4029d32fb70ab1aa8ab47a,ad4df377423473f0f6832ab789f2744e7b56f3e5f2398a4924302a0bd26d052f,c5c1ed69f998bac669832c6e503881b20248ad6ad5f4556df61650e7693414f9,c76dd6f3c17103439dfb85094b25f725c8a46fabf6288b0b9e6743774739eb3e,PASS,"All four interleaver configurations share payload, noise, burst start and frame sequence."
BCH,BCH_EsN0_0.5_burst_0.02_MIDDLE,0.5,0.02,MIDDLE,4,1,1,1,1,a5161cb90e181024a22b332ee00f0ba448920691fe4029d32fb70ab1aa8ab47a,ad4df377423473f0f6832ab789f2744e7b56f3e5f2398a4924302a0bd26d052f,0bcb3b8a96fa0f1c9434dc2de1933133cd660fab7d3282d216eef023046a1716,c76dd6f3c17103439dfb85094b25f725c8a46fabf6288b0b9e6743774739eb3e,PASS,"All four interleaver configurations share payload, noise, burst start and frame sequence."
BCH,BCH_EsN0_0.5_burst_0.02_QUARTER,0.5,0.02,QUARTER,4,1,1,1,1,a5161cb90e181024a22b332ee00f0ba448920691fe4029d32fb70ab1aa8ab47a,ad4df377423473f0f6832ab789f2744e7b56f3e5f2398a4924302a0bd26d052f,8d74dc3ce841417d7acd12d9068b8fdfe8b42f7f505070e0e04a207337aec7d9,c76dd6f3c17103439dfb85094b25f725c8a46fabf6288b0b9e6743774739eb3e,PASS,"All four interleaver configurations share payload, noise, burst start and frame sequence."
BCH,BCH_EsN0_0.5_burst_0.02_RANDOM,0.5,0.02,RANDOM,4,1,1,1,1,a5161cb90e181024a22b332ee00f0ba448920691fe4029d32fb70ab1aa8ab47a,ad4df377423473f0f6832ab789f2744e7b56f3e5f2398a4924302a0bd26d052f,4810a9913d61edcb4f1f5ae0a6727238738fa0aa43af4a4b563e5bcd6da00f8b,c76dd6f3c17103439dfb85094b25f725c8a46fabf6288b0b9e6743774739eb3e,PASS,"All four interleaver configurations share payload, noise, burst start and frame sequence."
BCH,BCH_EsN0_0.5_burst_0.02_TAIL,0.5,0.02,TAIL,4,1,1,1,1,a5161cb90e181024a22b332ee00f0ba448920691fe4029d32fb70ab1aa8ab47a,ad4df377423473f0f6832ab789f2744e7b56f3e5f2398a4924302a0bd26d052f,62eb84dc628fa0b4b0c80742b47fdd688305793492eac5d4c054327f8418d5f1,c76dd6f3c17103439dfb85094b25f725c8a46fabf6288b0b9e6743774739eb3e,PASS,"All four interleaver configurations share payload, noise, burst start and frame sequence."
BCH,BCH_EsN0_0.5_burst_0.02_THREE_QUARTER,0.5,0.02,THREE_QUARTER,4,1,1,1,1,a5161cb90e181024a22b332ee00f0ba448920691fe4029d32fb70ab1aa8ab47a,ad4df377423473f0f6832ab789f2744e7b56f3e5f2398a4924302a0bd26d052f,77ee29f4f7322382305a09c0a5fabc2d5f282af54af9ebf38ceb540789bbf816,c76dd6f3c17103439dfb85094b25f725c8a46fabf6288b0b9e6743774739eb3e,PASS,"All four interleaver configurations share payload, noise, burst start and frame sequence."
BCH,BCH_EsN0_0.5_burst_0.050000000000000003_HEAD,0.5,0.050000000000000003,HEAD,4,1,1,1,1,a5161cb90e181024a22b332ee00f0ba448920691fe4029d32fb70ab1aa8ab47a,ad4df377423473f0f6832ab789f2744e7b56f3e5f2398a4924302a0bd26d052f,c0772b0da560b55244a6168051f7a6f11e70e515bccf50d24f07ad32262cc674,c76dd6f3c17103439dfb85094b25f725c8a46fabf6288b0b9e6743774739eb3e,PASS,"All four interleaver configurations share payload, noise, burst start and frame sequence."
BCH,BCH_EsN0_0.5_burst_0.050000000000000003_MIDDLE,0.5,0.050000000000000003,MIDDLE,4,1,1,1,1,a5161cb90e181024a22b332ee00f0ba448920691fe4029d32fb70ab1aa8ab47a,ad4df377423473f0f6832ab789f2744e7b56f3e5f2398a4924302a0bd26d052f,eecbe5c6e2faa2eaa90c72f480c4da70b630bad6e21f1096df1832da225a9b34,c76dd6f3c17103439dfb85094b25f725c8a46fabf6288b0b9e6743774739eb3e,PASS,"All four interleaver configurations share payload, noise, burst start and frame sequence."
BCH,BCH_EsN0_0.5_burst_0.050000000000000003_QUARTER,0.5,0.050000000000000003,QUARTER,4,1,1,1,1,a5161cb90e181024a22b332ee00f0ba448920691fe4029d32fb70ab1aa8ab47a,ad4df377423473f0f6832ab789f2744e7b56f3e5f2398a4924302a0bd26d052f,6c2047f02728e589aa4cc9f7ea764577324ca4879307753db30c1b1d4701fb08,c76dd6f3c17103439dfb85094b25f725c8a46fabf6288b0b9e6743774739eb3e,PASS,"All four interleaver configurations share payload, noise, burst start and frame sequence."
BCH,BCH_EsN0_0.5_burst_0.050000000000000003_RANDOM,0.5,0.050000000000000003,RANDOM,4,1,1,1,1,a5161cb90e181024a22b332ee00f0ba448920691fe4029d32fb70ab1aa8ab47a,ad4df377423473f0f6832ab789f2744e7b56f3e5f2398a4924302a0bd26d052f,c3c4212eb868db0e0af807d21e860a441ec5c887dc2473dce4e48ae84cc9b9de,c76dd6f3c17103439dfb85094b25f725c8a46fabf6288b0b9e6743774739eb3e,PASS,"All four interleaver configurations share payload, noise, burst start and frame sequence."
BCH,BCH_EsN0_0.5_burst_0.050000000000000003_TAIL,0.5,0.050000000000000003,TAIL,4,1,1,1,1,a5161cb90e181024a22b332ee00f0ba448920691fe4029d32fb70ab1aa8ab47a,ad4df377423473f0f6832ab789f2744e7b56f3e5f2398a4924302a0bd26d052f,c390134458f0c8f52072cf2e375b1a4c88b3f34d30221896997dc2b984035c9d,c76dd6f3c17103439dfb85094b25f725c8a46fabf6288b0b9e6743774739eb3e,PASS,"All four interleaver configurations share payload, noise, burst start and frame sequence."
BCH,BCH_EsN0_0.5_burst_0.050000000000000003_THREE_QUARTER,0.5,0.050000000000000003,THREE_QUARTER,4,1,1,1,1,a5161cb90e181024a22b332ee00f0ba448920691fe4029d32fb70ab1aa8ab47a,ad4df377423473f0f6832ab789f2744e7b56f3e5f2398a4924302a0bd26d052f,adcaeb146f8849a0b0b76009d43bdcb10b82f8d7d357e21a665ffddafe5f0c90,c76dd6f3c17103439dfb85094b25f725c8a46fabf6288b0b9e6743774739eb3e,PASS,"All four interleaver configurations share payload, noise, burst start and frame sequence."
BCH,BCH_EsN0_0.5_burst_0.10000000000000001_HEAD,0.5,0.10000000000000001,HEAD,4,1,1,1,1,a5161cb90e181024a22b332ee00f0ba448920691fe4029d32fb70ab1aa8ab47a,ad4df377423473f0f6832ab789f2744e7b56f3e5f2398a4924302a0bd26d052f,c0d9da1fa82d0fcd8ead7d95361036afbb66360e3ddbd3b62e877a318d2e7300,c76dd6f3c17103439dfb85094b25f725c8a46fabf6288b0b9e6743774739eb3e,PASS,"All four interleaver configurations share payload, noise, burst start and frame sequence."
BCH,BCH_EsN0_0.5_burst_0.10000000000000001_MIDDLE,0.5,0.10000000000000001,MIDDLE,4,1,1,1,1,a5161cb90e181024a22b332ee00f0ba448920691fe4029d32fb70ab1aa8ab47a,ad4df377423473f0f6832ab789f2744e7b56f3e5f2398a4924302a0bd26d052f,7d4c6e35daa2ff6d0990de4339551453c5cb57bb0f12e2f32aba9e6f5abe3abf,c76dd6f3c17103439dfb85094b25f725c8a46fabf6288b0b9e6743774739eb3e,PASS,"All four interleaver configurations share payload, noise, burst start and frame sequence."
BCH,BCH_EsN0_0.5_burst_0.10000000000000001_QUARTER,0.5,0.10000000000000001,QUARTER,4,1,1,1,1,a5161cb90e181024a22b332ee00f0ba448920691fe4029d32fb70ab1aa8ab47a,ad4df377423473f0f6832ab789f2744e7b56f3e5f2398a4924302a0bd26d052f,40895591b69e5351625ed98be6c29e9c9bbdad64208c89187e60f62cd8a1a3c5,c76dd6f3c17103439dfb85094b25f725c8a46fabf6288b0b9e6743774739eb3e,PASS,"All four interleaver configurations share payload, noise, burst start and frame sequence."
BCH,BCH_EsN0_0.5_burst_0.10000000000000001_RANDOM,0.5,0.10000000000000001,RANDOM,4,1,1,1,1,a5161cb90e181024a22b332ee00f0ba448920691fe4029d32fb70ab1aa8ab47a,ad4df377423473f0f6832ab789f2744e7b56f3e5f2398a4924302a0bd26d052f,9acdf24f600dcf39468fde9c4dd0aae7c6e6af8db6b308ee7b7e7eccb0827d99,c76dd6f3c17103439dfb85094b25f725c8a46fabf6288b0b9e6743774739eb3e,PASS,"All four interleaver configurations share payload, noise, burst start and frame sequence."
BCH,BCH_EsN0_0.5_burst_0.10000000000000001_TAIL,0.5,0.10000000000000001,TAIL,4,1,1,1,1,a5161cb90e181024a22b332ee00f0ba448920691fe4029d32fb70ab1aa8ab47a,ad4df377423473f0f6832ab789f2744e7b56f3e5f2398a4924302a0bd26d052f,200d497cfbeccea8e8b689e65ed36ae1725394120f7262502b6b29c77d328082,c76dd6f3c17103439dfb85094b25f725c8a46fabf6288b0b9e6743774739eb3e,PASS,"All four interleaver configurations share payload, noise, burst start and frame sequence."
BCH,BCH_EsN0_0.5_burst_0.10000000000000001_THREE_QUARTER,0.5,0.10000000000000001,THREE_QUARTER,4,1,1,1,1,a5161cb90e181024a22b332ee00f0ba448920691fe4029d32fb70ab1aa8ab47a,ad4df377423473f0f6832ab789f2744e7b56f3e5f2398a4924302a0bd26d052f,fc18e489b7b569493256e05fb8452841ed9b4dd6b29c3ca590ce0ee1ab44c1e8,c76dd6f3c17103439dfb85094b25f725c8a46fabf6288b0b9e6743774739eb3e,PASS,"All four interleaver configurations share payload, noise, burst start and frame sequence."
BCH,BCH_EsN0_1_burst_0.02_HEAD,1,0.02,HEAD,4,1,1,1,1,a5161cb90e181024a22b332ee00f0ba448920691fe4029d32fb70ab1aa8ab47a,ad4df377423473f0f6832ab789f2744e7b56f3e5f2398a4924302a0bd26d052f,c5c1ed69f998bac669832c6e503881b20248ad6ad5f4556df61650e7693414f9,c76dd6f3c17103439dfb85094b25f725c8a46fabf6288b0b9e6743774739eb3e,PASS,"All four interleaver configurations share payload, noise, burst start and frame sequence."
BCH,BCH_EsN0_1_burst_0.02_MIDDLE,1,0.02,MIDDLE,4,1,1,1,1,a5161cb90e181024a22b332ee00f0ba448920691fe4029d32fb70ab1aa8ab47a,ad4df377423473f0f6832ab789f2744e7b56f3e5f2398a4924302a0bd26d052f,0bcb3b8a96fa0f1c9434dc2de1933133cd660fab7d3282d216eef023046a1716,c76dd6f3c17103439dfb85094b25f725c8a46fabf6288b0b9e6743774739eb3e,PASS,"All four interleaver configurations share payload, noise, burst start and frame sequence."
BCH,BCH_EsN0_1_burst_0.02_QUARTER,1,0.02,QUARTER,4,1,1,1,1,a5161cb90e181024a22b332ee00f0ba448920691fe4029d32fb70ab1aa8ab47a,ad4df377423473f0f6832ab789f2744e7b56f3e5f2398a4924302a0bd26d052f,8d74dc3ce841417d7acd12d9068b8fdfe8b42f7f505070e0e04a207337aec7d9,c76dd6f3c17103439dfb85094b25f725c8a46fabf6288b0b9e6743774739eb3e,PASS,"All four interleaver configurations share payload, noise, burst start and frame sequence."
BCH,BCH_EsN0_1_burst_0.02_RANDOM,1,0.02,RANDOM,4,1,1,1,1,a5161cb90e181024a22b332ee00f0ba448920691fe4029d32fb70ab1aa8ab47a,ad4df377423473f0f6832ab789f2744e7b56f3e5f2398a4924302a0bd26d052f,4810a9913d61edcb4f1f5ae0a6727238738fa0aa43af4a4b563e5bcd6da00f8b,c76dd6f3c17103439dfb85094b25f725c8a46fabf6288b0b9e6743774739eb3e,PASS,"All four interleaver configurations share payload, noise, burst start and frame sequence."
BCH,BCH_EsN0_1_burst_0.02_TAIL,1,0.02,TAIL,4,1,1,1,1,a5161cb90e181024a22b332ee00f0ba448920691fe4029d32fb70ab1aa8ab47a,ad4df377423473f0f6832ab789f2744e7b56f3e5f2398a4924302a0bd26d052f,62eb84dc628fa0b4b0c80742b47fdd688305793492eac5d4c054327f8418d5f1,c76dd6f3c17103439dfb85094b25f725c8a46fabf6288b0b9e6743774739eb3e,PASS,"All four interleaver configurations share payload, noise, burst start and frame sequence."
BCH,BCH_EsN0_1_burst_0.02_THREE_QUARTER,1,0.02,THREE_QUARTER,4,1,1,1,1,a5161cb90e181024a22b332ee00f0ba448920691fe4029d32fb70ab1aa8ab47a,ad4df377423473f0f6832ab789f2744e7b56f3e5f2398a4924302a0bd26d052f,77ee29f4f7322382305a09c0a5fabc2d5f282af54af9ebf38ceb540789bbf816,c76dd6f3c17103439dfb85094b25f725c8a46fabf6288b0b9e6743774739eb3e,PASS,"All four interleaver configurations share payload, noise, burst start and frame sequence."
BCH,BCH_EsN0_1_burst_0.050000000000000003_HEAD,1,0.050000000000000003,HEAD,4,1,1,1,1,a5161cb90e181024a22b332ee00f0ba448920691fe4029d32fb70ab1aa8ab47a,ad4df377423473f0f6832ab789f2744e7b56f3e5f2398a4924302a0bd26d052f,c0772b0da560b55244a6168051f7a6f11e70e515bccf50d24f07ad32262cc674,c76dd6f3c17103439dfb85094b25f725c8a46fabf6288b0b9e6743774739eb3e,PASS,"All four interleaver configurations share payload, noise, burst start and frame sequence."
BCH,BCH_EsN0_1_burst_0.050000000000000003_MIDDLE,1,0.050000000000000003,MIDDLE,4,1,1,1,1,a5161cb90e181024a22b332ee00f0ba448920691fe4029d32fb70ab1aa8ab47a,ad4df377423473f0f6832ab789f2744e7b56f3e5f2398a4924302a0bd26d052f,eecbe5c6e2faa2eaa90c72f480c4da70b630bad6e21f1096df1832da225a9b34,c76dd6f3c17103439dfb85094b25f725c8a46fabf6288b0b9e6743774739eb3e,PASS,"All four interleaver configurations share payload, noise, burst start and frame sequence."
BCH,BCH_EsN0_1_burst_0.050000000000000003_QUARTER,1,0.050000000000000003,QUARTER,4,1,1,1,1,a5161cb90e181024a22b332ee00f0ba448920691fe4029d32fb70ab1aa8ab47a,ad4df377423473f0f6832ab789f2744e7b56f3e5f2398a4924302a0bd26d052f,6c2047f02728e589aa4cc9f7ea764577324ca4879307753db30c1b1d4701fb08,c76dd6f3c17103439dfb85094b25f725c8a46fabf6288b0b9e6743774739eb3e,PASS,"All four interleaver configurations share payload, noise, burst start and frame sequence."
BCH,BCH_EsN0_1_burst_0.050000000000000003_RANDOM,1,0.050000000000000003,RANDOM,4,1,1,1,1,a5161cb90e181024a22b332ee00f0ba448920691fe4029d32fb70ab1aa8ab47a,ad4df377423473f0f6832ab789f2744e7b56f3e5f2398a4924302a0bd26d052f,c3c4212eb868db0e0af807d21e860a441ec5c887dc2473dce4e48ae84cc9b9de,c76dd6f3c17103439dfb85094b25f725c8a46fabf6288b0b9e6743774739eb3e,PASS,"All four interleaver configurations share payload, noise, burst start and frame sequence."
BCH,BCH_EsN0_1_burst_0.050000000000000003_TAIL,1,0.050000000000000003,TAIL,4,1,1,1,1,a5161cb90e181024a22b332ee00f0ba448920691fe4029d32fb70ab1aa8ab47a,ad4df377423473f0f6832ab789f2744e7b56f3e5f2398a4924302a0bd26d052f,c390134458f0c8f52072cf2e375b1a4c88b3f34d30221896997dc2b984035c9d,c76dd6f3c17103439dfb85094b25f725c8a46fabf6288b0b9e6743774739eb3e,PASS,"All four interleaver configurations share payload, noise, burst start and frame sequence."
BCH,BCH_EsN0_1_burst_0.050000000000000003_THREE_QUARTER,1,0.050000000000000003,THREE_QUARTER,4,1,1,1,1,a5161cb90e181024a22b332ee00f0ba448920691fe4029d32fb70ab1aa8ab47a,ad4df377423473f0f6832ab789f2744e7b56f3e5f2398a4924302a0bd26d052f,adcaeb146f8849a0b0b76009d43bdcb10b82f8d7d357e21a665ffddafe5f0c90,c76dd6f3c17103439dfb85094b25f725c8a46fabf6288b0b9e6743774739eb3e,PASS,"All four interleaver configurations share payload, noise, burst start and frame sequence."
BCH,BCH_EsN0_1_burst_0.10000000000000001_HEAD,1,0.10000000000000001,HEAD,4,1,1,1,1,a5161cb90e181024a22b332ee00f0ba448920691fe4029d32fb70ab1aa8ab47a,ad4df377423473f0f6832ab789f2744e7b56f3e5f2398a4924302a0bd26d052f,c0d9da1fa82d0fcd8ead7d95361036afbb66360e3ddbd3b62e877a318d2e7300,c76dd6f3c17103439dfb85094b25f725c8a46fabf6288b0b9e6743774739eb3e,PASS,"All four interleaver configurations share payload, noise, burst start and frame sequence."
BCH,BCH_EsN0_1_burst_0.10000000000000001_MIDDLE,1,0.10000000000000001,MIDDLE,4,1,1,1,1,a5161cb90e181024a22b332ee00f0ba448920691fe4029d32fb70ab1aa8ab47a,ad4df377423473f0f6832ab789f2744e7b56f3e5f2398a4924302a0bd26d052f,7d4c6e35daa2ff6d0990de4339551453c5cb57bb0f12e2f32aba9e6f5abe3abf,c76dd6f3c17103439dfb85094b25f725c8a46fabf6288b0b9e6743774739eb3e,PASS,"All four interleaver configurations share payload, noise, burst start and frame sequence."
BCH,BCH_EsN0_1_burst_0.10000000000000001_QUARTER,1,0.10000000000000001,QUARTER,4,1,1,1,1,a5161cb90e181024a22b332ee00f0ba448920691fe4029d32fb70ab1aa8ab47a,ad4df377423473f0f6832ab789f2744e7b56f3e5f2398a4924302a0bd26d052f,40895591b69e5351625ed98be6c29e9c9bbdad64208c89187e60f62cd8a1a3c5,c76dd6f3c17103439dfb85094b25f725c8a46fabf6288b0b9e6743774739eb3e,PASS,"All four interleaver configurations share payload, noise, burst start and frame sequence."
BCH,BCH_EsN0_1_burst_0.10000000000000001_RANDOM,1,0.10000000000000001,RANDOM,4,1,1,1,1,a5161cb90e181024a22b332ee00f0ba448920691fe4029d32fb70ab1aa8ab47a,ad4df377423473f0f6832ab789f2744e7b56f3e5f2398a4924302a0bd26d052f,9acdf24f600dcf39468fde9c4dd0aae7c6e6af8db6b308ee7b7e7eccb0827d99,c76dd6f3c17103439dfb85094b25f725c8a46fabf6288b0b9e6743774739eb3e,PASS,"All four interleaver configurations share payload, noise, burst start and frame sequence."
BCH,BCH_EsN0_1_burst_0.10000000000000001_TAIL,1,0.10000000000000001,TAIL,4,1,1,1,1,a5161cb90e181024a22b332ee00f0ba448920691fe4029d32fb70ab1aa8ab47a,ad4df377423473f0f6832ab789f2744e7b56f3e5f2398a4924302a0bd26d052f,200d497cfbeccea8e8b689e65ed36ae1725394120f7262502b6b29c77d328082,c76dd6f3c17103439dfb85094b25f725c8a46fabf6288b0b9e6743774739eb3e,PASS,"All four interleaver configurations share payload, noise, burst start and frame sequence."
BCH,BCH_EsN0_1_burst_0.10000000000000001_THREE_QUARTER,1,0.10000000000000001,THREE_QUARTER,4,1,1,1,1,a5161cb90e181024a22b332ee00f0ba448920691fe4029d32fb70ab1aa8ab47a,ad4df377423473f0f6832ab789f2744e7b56f3e5f2398a4924302a0bd26d052f,fc18e489b7b569493256e05fb8452841ed9b4dd6b29c3ca590ce0ee1ab44c1e8,c76dd6f3c17103439dfb85094b25f725c8a46fabf6288b0b9e6743774739eb3e,PASS,"All four interleaver configurations share payload, noise, burst start and frame sequence."
BCH,BCH_EsN0_1.5_burst_0.02_HEAD,1.5,0.02,HEAD,4,1,1,1,1,a5161cb90e181024a22b332ee00f0ba448920691fe4029d32fb70ab1aa8ab47a,ad4df377423473f0f6832ab789f2744e7b56f3e5f2398a4924302a0bd26d052f,c5c1ed69f998bac669832c6e503881b20248ad6ad5f4556df61650e7693414f9,c76dd6f3c17103439dfb85094b25f725c8a46fabf6288b0b9e6743774739eb3e,PASS,"All four interleaver configurations share payload, noise, burst start and frame sequence."
BCH,BCH_EsN0_1.5_burst_0.02_MIDDLE,1.5,0.02,MIDDLE,4,1,1,1,1,a5161cb90e181024a22b332ee00f0ba448920691fe4029d32fb70ab1aa8ab47a,ad4df377423473f0f6832ab789f2744e7b56f3e5f2398a4924302a0bd26d052f,0bcb3b8a96fa0f1c9434dc2de1933133cd660fab7d3282d216eef023046a1716,c76dd6f3c17103439dfb85094b25f725c8a46fabf6288b0b9e6743774739eb3e,PASS,"All four interleaver configurations share payload, noise, burst start and frame sequence."
BCH,BCH_EsN0_1.5_burst_0.02_QUARTER,1.5,0.02,QUARTER,4,1,1,1,1,a5161cb90e181024a22b332ee00f0ba448920691fe4029d32fb70ab1aa8ab47a,ad4df377423473f0f6832ab789f2744e7b56f3e5f2398a4924302a0bd26d052f,8d74dc3ce841417d7acd12d9068b8fdfe8b42f7f505070e0e04a207337aec7d9,c76dd6f3c17103439dfb85094b25f725c8a46fabf6288b0b9e6743774739eb3e,PASS,"All four interleaver configurations share payload, noise, burst start and frame sequence."
BCH,BCH_EsN0_1.5_burst_0.02_RANDOM,1.5,0.02,RANDOM,4,1,1,1,1,a5161cb90e181024a22b332ee00f0ba448920691fe4029d32fb70ab1aa8ab47a,ad4df377423473f0f6832ab789f2744e7b56f3e5f2398a4924302a0bd26d052f,4810a9913d61edcb4f1f5ae0a6727238738fa0aa43af4a4b563e5bcd6da00f8b,c76dd6f3c17103439dfb85094b25f725c8a46fabf6288b0b9e6743774739eb3e,PASS,"All four interleaver configurations share payload, noise, burst start and frame sequence."
BCH,BCH_EsN0_1.5_burst_0.02_TAIL,1.5,0.02,TAIL,4,1,1,1,1,a5161cb90e181024a22b332ee00f0ba448920691fe4029d32fb70ab1aa8ab47a,ad4df377423473f0f6832ab789f2744e7b56f3e5f2398a4924302a0bd26d052f,62eb84dc628fa0b4b0c80742b47fdd688305793492eac5d4c054327f8418d5f1,c76dd6f3c17103439dfb85094b25f725c8a46fabf6288b0b9e6743774739eb3e,PASS,"All four interleaver configurations share payload, noise, burst start and frame sequence."
BCH,BCH_EsN0_1.5_burst_0.02_THREE_QUARTER,1.5,0.02,THREE_QUARTER,4,1,1,1,1,a5161cb90e181024a22b332ee00f0ba448920691fe4029d32fb70ab1aa8ab47a,ad4df377423473f0f6832ab789f2744e7b56f3e5f2398a4924302a0bd26d052f,77ee29f4f7322382305a09c0a5fabc2d5f282af54af9ebf38ceb540789bbf816,c76dd6f3c17103439dfb85094b25f725c8a46fabf6288b0b9e6743774739eb3e,PASS,"All four interleaver configurations share payload, noise, burst start and frame sequence."
BCH,BCH_EsN0_1.5_burst_0.050000000000000003_HEAD,1.5,0.050000000000000003,HEAD,4,1,1,1,1,a5161cb90e181024a22b332ee00f0ba448920691fe4029d32fb70ab1aa8ab47a,ad4df377423473f0f6832ab789f2744e7b56f3e5f2398a4924302a0bd26d052f,c0772b0da560b55244a6168051f7a6f11e70e515bccf50d24f07ad32262cc674,c76dd6f3c17103439dfb85094b25f725c8a46fabf6288b0b9e6743774739eb3e,PASS,"All four interleaver configurations share payload, noise, burst start and frame sequence."
BCH,BCH_EsN0_1.5_burst_0.050000000000000003_MIDDLE,1.5,0.050000000000000003,MIDDLE,4,1,1,1,1,a5161cb90e181024a22b332ee00f0ba448920691fe4029d32fb70ab1aa8ab47a,ad4df377423473f0f6832ab789f2744e7b56f3e5f2398a4924302a0bd26d052f,eecbe5c6e2faa2eaa90c72f480c4da70b630bad6e21f1096df1832da225a9b34,c76dd6f3c17103439dfb85094b25f725c8a46fabf6288b0b9e6743774739eb3e,PASS,"All four interleaver configurations share payload, noise, burst start and frame sequence."
BCH,BCH_EsN0_1.5_burst_0.050000000000000003_QUARTER,1.5,0.050000000000000003,QUARTER,4,1,1,1,1,a5161cb90e181024a22b332ee00f0ba448920691fe4029d32fb70ab1aa8ab47a,ad4df377423473f0f6832ab789f2744e7b56f3e5f2398a4924302a0bd26d052f,6c2047f02728e589aa4cc9f7ea764577324ca4879307753db30c1b1d4701fb08,c76dd6f3c17103439dfb85094b25f725c8a46fabf6288b0b9e6743774739eb3e,PASS,"All four interleaver configurations share payload, noise, burst start and frame sequence."
BCH,BCH_EsN0_1.5_burst_0.050000000000000003_RANDOM,1.5,0.050000000000000003,RANDOM,4,1,1,1,1,a5161cb90e181024a22b332ee00f0ba448920691fe4029d32fb70ab1aa8ab47a,ad4df377423473f0f6832ab789f2744e7b56f3e5f2398a4924302a0bd26d052f,c3c4212eb868db0e0af807d21e860a441ec5c887dc2473dce4e48ae84cc9b9de,c76dd6f3c17103439dfb85094b25f725c8a46fabf6288b0b9e6743774739eb3e,PASS,"All four interleaver configurations share payload, noise, burst start and frame sequence."
BCH,BCH_EsN0_1.5_burst_0.050000000000000003_TAIL,1.5,0.050000000000000003,TAIL,4,1,1,1,1,a5161cb90e181024a22b332ee00f0ba448920691fe4029d32fb70ab1aa8ab47a,ad4df377423473f0f6832ab789f2744e7b56f3e5f2398a4924302a0bd26d052f,c390134458f0c8f52072cf2e375b1a4c88b3f34d30221896997dc2b984035c9d,c76dd6f3c17103439dfb85094b25f725c8a46fabf6288b0b9e6743774739eb3e,PASS,"All four interleaver configurations share payload, noise, burst start and frame sequence."
BCH,BCH_EsN0_1.5_burst_0.050000000000000003_THREE_QUARTER,1.5,0.050000000000000003,THREE_QUARTER,4,1,1,1,1,a5161cb90e181024a22b332ee00f0ba448920691fe4029d32fb70ab1aa8ab47a,ad4df377423473f0f6832ab789f2744e7b56f3e5f2398a4924302a0bd26d052f,adcaeb146f8849a0b0b76009d43bdcb10b82f8d7d357e21a665ffddafe5f0c90,c76dd6f3c17103439dfb85094b25f725c8a46fabf6288b0b9e6743774739eb3e,PASS,"All four interleaver configurations share payload, noise, burst start and frame sequence."
BCH,BCH_EsN0_1.5_burst_0.10000000000000001_HEAD,1.5,0.10000000000000001,HEAD,4,1,1,1,1,a5161cb90e181024a22b332ee00f0ba448920691fe4029d32fb70ab1aa8ab47a,ad4df377423473f0f6832ab789f2744e7b56f3e5f2398a4924302a0bd26d052f,c0d9da1fa82d0fcd8ead7d95361036afbb66360e3ddbd3b62e877a318d2e7300,c76dd6f3c17103439dfb85094b25f725c8a46fabf6288b0b9e6743774739eb3e,PASS,"All four interleaver configurations share payload, noise, burst start and frame sequence."
BCH,BCH_EsN0_1.5_burst_0.10000000000000001_MIDDLE,1.5,0.10000000000000001,MIDDLE,4,1,1,1,1,a5161cb90e181024a22b332ee00f0ba448920691fe4029d32fb70ab1aa8ab47a,ad4df377423473f0f6832ab789f2744e7b56f3e5f2398a4924302a0bd26d052f,7d4c6e35daa2ff6d0990de4339551453c5cb57bb0f12e2f32aba9e6f5abe3abf,c76dd6f3c17103439dfb85094b25f725c8a46fabf6288b0b9e6743774739eb3e,PASS,"All four interleaver configurations share payload, noise, burst start and frame sequence."
BCH,BCH_EsN0_1.5_burst_0.10000000000000001_QUARTER,1.5,0.10000000000000001,QUARTER,4,1,1,1,1,a5161cb90e181024a22b332ee00f0ba448920691fe4029d32fb70ab1aa8ab47a,ad4df377423473f0f6832ab789f2744e7b56f3e5f2398a4924302a0bd26d052f,40895591b69e5351625ed98be6c29e9c9bbdad64208c89187e60f62cd8a1a3c5,c76dd6f3c17103439dfb85094b25f725c8a46fabf6288b0b9e6743774739eb3e,PASS,"All four interleaver configurations share payload, noise, burst start and frame sequence."
BCH,BCH_EsN0_1.5_burst_0.10000000000000001_RANDOM,1.5,0.10000000000000001,RANDOM,4,1,1,1,1,a5161cb90e181024a22b332ee00f0ba448920691fe4029d32fb70ab1aa8ab47a,ad4df377423473f0f6832ab789f2744e7b56f3e5f2398a4924302a0bd26d052f,9acdf24f600dcf39468fde9c4dd0aae7c6e6af8db6b308ee7b7e7eccb0827d99,c76dd6f3c17103439dfb85094b25f725c8a46fabf6288b0b9e6743774739eb3e,PASS,"All four interleaver configurations share payload, noise, burst start and frame sequence."
BCH,BCH_EsN0_1.5_burst_0.10000000000000001_TAIL,1.5,0.10000000000000001,TAIL,4,1,1,1,1,a5161cb90e181024a22b332ee00f0ba448920691fe4029d32fb70ab1aa8ab47a,ad4df377423473f0f6832ab789f2744e7b56f3e5f2398a4924302a0bd26d052f,200d497cfbeccea8e8b689e65ed36ae1725394120f7262502b6b29c77d328082,c76dd6f3c17103439dfb85094b25f725c8a46fabf6288b0b9e6743774739eb3e,PASS,"All four interleaver configurations share payload, noise, burst start and frame sequence."
BCH,BCH_EsN0_1.5_burst_0.10000000000000001_THREE_QUARTER,1.5,0.10000000000000001,THREE_QUARTER,4,1,1,1,1,a5161cb90e181024a22b332ee00f0ba448920691fe4029d32fb70ab1aa8ab47a,ad4df377423473f0f6832ab789f2744e7b56f3e5f2398a4924302a0bd26d052f,fc18e489b7b569493256e05fb8452841ed9b4dd6b29c3ca590ce0ee1ab44c1e8,c76dd6f3c17103439dfb85094b25f725c8a46fabf6288b0b9e6743774739eb3e,PASS,"All four interleaver configurations share payload, noise, burst start and frame sequence."
BCH,BCH_EsN0_2_burst_0.02_HEAD,2,0.02,HEAD,4,1,1,1,1,a5161cb90e181024a22b332ee00f0ba448920691fe4029d32fb70ab1aa8ab47a,ad4df377423473f0f6832ab789f2744e7b56f3e5f2398a4924302a0bd26d052f,c5c1ed69f998bac669832c6e503881b20248ad6ad5f4556df61650e7693414f9,c76dd6f3c17103439dfb85094b25f725c8a46fabf6288b0b9e6743774739eb3e,PASS,"All four interleaver configurations share payload, noise, burst start and frame sequence."
BCH,BCH_EsN0_2_burst_0.02_MIDDLE,2,0.02,MIDDLE,4,1,1,1,1,a5161cb90e181024a22b332ee00f0ba448920691fe4029d32fb70ab1aa8ab47a,ad4df377423473f0f6832ab789f2744e7b56f3e5f2398a4924302a0bd26d052f,0bcb3b8a96fa0f1c9434dc2de1933133cd660fab7d3282d216eef023046a1716,c76dd6f3c17103439dfb85094b25f725c8a46fabf6288b0b9e6743774739eb3e,PASS,"All four interleaver configurations share payload, noise, burst start and frame sequence."
BCH,BCH_EsN0_2_burst_0.02_QUARTER,2,0.02,QUARTER,4,1,1,1,1,a5161cb90e181024a22b332ee00f0ba448920691fe4029d32fb70ab1aa8ab47a,ad4df377423473f0f6832ab789f2744e7b56f3e5f2398a4924302a0bd26d052f,8d74dc3ce841417d7acd12d9068b8fdfe8b42f7f505070e0e04a207337aec7d9,c76dd6f3c17103439dfb85094b25f725c8a46fabf6288b0b9e6743774739eb3e,PASS,"All four interleaver configurations share payload, noise, burst start and frame sequence."
BCH,BCH_EsN0_2_burst_0.02_RANDOM,2,0.02,RANDOM,4,1,1,1,1,a5161cb90e181024a22b332ee00f0ba448920691fe4029d32fb70ab1aa8ab47a,ad4df377423473f0f6832ab789f2744e7b56f3e5f2398a4924302a0bd26d052f,4810a9913d61edcb4f1f5ae0a6727238738fa0aa43af4a4b563e5bcd6da00f8b,c76dd6f3c17103439dfb85094b25f725c8a46fabf6288b0b9e6743774739eb3e,PASS,"All four interleaver configurations share payload, noise, burst start and frame sequence."
BCH,BCH_EsN0_2_burst_0.02_TAIL,2,0.02,TAIL,4,1,1,1,1,a5161cb90e181024a22b332ee00f0ba448920691fe4029d32fb70ab1aa8ab47a,ad4df377423473f0f6832ab789f2744e7b56f3e5f2398a4924302a0bd26d052f,62eb84dc628fa0b4b0c80742b47fdd688305793492eac5d4c054327f8418d5f1,c76dd6f3c17103439dfb85094b25f725c8a46fabf6288b0b9e6743774739eb3e,PASS,"All four interleaver configurations share payload, noise, burst start and frame sequence."
BCH,BCH_EsN0_2_burst_0.02_THREE_QUARTER,2,0.02,THREE_QUARTER,4,1,1,1,1,a5161cb90e181024a22b332ee00f0ba448920691fe4029d32fb70ab1aa8ab47a,ad4df377423473f0f6832ab789f2744e7b56f3e5f2398a4924302a0bd26d052f,77ee29f4f7322382305a09c0a5fabc2d5f282af54af9ebf38ceb540789bbf816,c76dd6f3c17103439dfb85094b25f725c8a46fabf6288b0b9e6743774739eb3e,PASS,"All four interleaver configurations share payload, noise, burst start and frame sequence."
BCH,BCH_EsN0_2_burst_0.050000000000000003_HEAD,2,0.050000000000000003,HEAD,4,1,1,1,1,a5161cb90e181024a22b332ee00f0ba448920691fe4029d32fb70ab1aa8ab47a,ad4df377423473f0f6832ab789f2744e7b56f3e5f2398a4924302a0bd26d052f,c0772b0da560b55244a6168051f7a6f11e70e515bccf50d24f07ad32262cc674,c76dd6f3c17103439dfb85094b25f725c8a46fabf6288b0b9e6743774739eb3e,PASS,"All four interleaver configurations share payload, noise, burst start and frame sequence."
BCH,BCH_EsN0_2_burst_0.050000000000000003_MIDDLE,2,0.050000000000000003,MIDDLE,4,1,1,1,1,a5161cb90e181024a22b332ee00f0ba448920691fe4029d32fb70ab1aa8ab47a,ad4df377423473f0f6832ab789f2744e7b56f3e5f2398a4924302a0bd26d052f,eecbe5c6e2faa2eaa90c72f480c4da70b630bad6e21f1096df1832da225a9b34,c76dd6f3c17103439dfb85094b25f725c8a46fabf6288b0b9e6743774739eb3e,PASS,"All four interleaver configurations share payload, noise, burst start and frame sequence."
BCH,BCH_EsN0_2_burst_0.050000000000000003_QUARTER,2,0.050000000000000003,QUARTER,4,1,1,1,1,a5161cb90e181024a22b332ee00f0ba448920691fe4029d32fb70ab1aa8ab47a,ad4df377423473f0f6832ab789f2744e7b56f3e5f2398a4924302a0bd26d052f,6c2047f02728e589aa4cc9f7ea764577324ca4879307753db30c1b1d4701fb08,c76dd6f3c17103439dfb85094b25f725c8a46fabf6288b0b9e6743774739eb3e,PASS,"All four interleaver configurations share payload, noise, burst start and frame sequence."
BCH,BCH_EsN0_2_burst_0.050000000000000003_RANDOM,2,0.050000000000000003,RANDOM,4,1,1,1,1,a5161cb90e181024a22b332ee00f0ba448920691fe4029d32fb70ab1aa8ab47a,ad4df377423473f0f6832ab789f2744e7b56f3e5f2398a4924302a0bd26d052f,c3c4212eb868db0e0af807d21e860a441ec5c887dc2473dce4e48ae84cc9b9de,c76dd6f3c17103439dfb85094b25f725c8a46fabf6288b0b9e6743774739eb3e,PASS,"All four interleaver configurations share payload, noise, burst start and frame sequence."
BCH,BCH_EsN0_2_burst_0.050000000000000003_TAIL,2,0.050000000000000003,TAIL,4,1,1,1,1,a5161cb90e181024a22b332ee00f0ba448920691fe4029d32fb70ab1aa8ab47a,ad4df377423473f0f6832ab789f2744e7b56f3e5f2398a4924302a0bd26d052f,c390134458f0c8f52072cf2e375b1a4c88b3f34d30221896997dc2b984035c9d,c76dd6f3c17103439dfb85094b25f725c8a46fabf6288b0b9e6743774739eb3e,PASS,"All four interleaver configurations share payload, noise, burst start and frame sequence."
BCH,BCH_EsN0_2_burst_0.050000000000000003_THREE_QUARTER,2,0.050000000000000003,THREE_QUARTER,4,1,1,1,1,a5161cb90e181024a22b332ee00f0ba448920691fe4029d32fb70ab1aa8ab47a,ad4df377423473f0f6832ab789f2744e7b56f3e5f2398a4924302a0bd26d052f,adcaeb146f8849a0b0b76009d43bdcb10b82f8d7d357e21a665ffddafe5f0c90,c76dd6f3c17103439dfb85094b25f725c8a46fabf6288b0b9e6743774739eb3e,PASS,"All four interleaver configurations share payload, noise, burst start and frame sequence."
BCH,BCH_EsN0_2_burst_0.10000000000000001_HEAD,2,0.10000000000000001,HEAD,4,1,1,1,1,a5161cb90e181024a22b332ee00f0ba448920691fe4029d32fb70ab1aa8ab47a,ad4df377423473f0f6832ab789f2744e7b56f3e5f2398a4924302a0bd26d052f,c0d9da1fa82d0fcd8ead7d95361036afbb66360e3ddbd3b62e877a318d2e7300,c76dd6f3c17103439dfb85094b25f725c8a46fabf6288b0b9e6743774739eb3e,PASS,"All four interleaver configurations share payload, noise, burst start and frame sequence."
BCH,BCH_EsN0_2_burst_0.10000000000000001_MIDDLE,2,0.10000000000000001,MIDDLE,4,1,1,1,1,a5161cb90e181024a22b332ee00f0ba448920691fe4029d32fb70ab1aa8ab47a,ad4df377423473f0f6832ab789f2744e7b56f3e5f2398a4924302a0bd26d052f,7d4c6e35daa2ff6d0990de4339551453c5cb57bb0f12e2f32aba9e6f5abe3abf,c76dd6f3c17103439dfb85094b25f725c8a46fabf6288b0b9e6743774739eb3e,PASS,"All four interleaver configurations share payload, noise, burst start and frame sequence."
BCH,BCH_EsN0_2_burst_0.10000000000000001_QUARTER,2,0.10000000000000001,QUARTER,4,1,1,1,1,a5161cb90e181024a22b332ee00f0ba448920691fe4029d32fb70ab1aa8ab47a,ad4df377423473f0f6832ab789f2744e7b56f3e5f2398a4924302a0bd26d052f,40895591b69e5351625ed98be6c29e9c9bbdad64208c89187e60f62cd8a1a3c5,c76dd6f3c17103439dfb85094b25f725c8a46fabf6288b0b9e6743774739eb3e,PASS,"All four interleaver configurations share payload, noise, burst start and frame sequence."
BCH,BCH_EsN0_2_burst_0.10000000000000001_RANDOM,2,0.10000000000000001,RANDOM,4,1,1,1,1,a5161cb90e181024a22b332ee00f0ba448920691fe4029d32fb70ab1aa8ab47a,ad4df377423473f0f6832ab789f2744e7b56f3e5f2398a4924302a0bd26d052f,9acdf24f600dcf39468fde9c4dd0aae7c6e6af8db6b308ee7b7e7eccb0827d99,c76dd6f3c17103439dfb85094b25f725c8a46fabf6288b0b9e6743774739eb3e,PASS,"All four interleaver configurations share payload, noise, burst start and frame sequence."
BCH,BCH_EsN0_2_burst_0.10000000000000001_TAIL,2,0.10000000000000001,TAIL,4,1,1,1,1,a5161cb90e181024a22b332ee00f0ba448920691fe4029d32fb70ab1aa8ab47a,ad4df377423473f0f6832ab789f2744e7b56f3e5f2398a4924302a0bd26d052f,200d497cfbeccea8e8b689e65ed36ae1725394120f7262502b6b29c77d328082,c76dd6f3c17103439dfb85094b25f725c8a46fabf6288b0b9e6743774739eb3e,PASS,"All four interleaver configurations share payload, noise, burst start and frame sequence."
BCH,BCH_EsN0_2_burst_0.10000000000000001_THREE_QUARTER,2,0.10000000000000001,THREE_QUARTER,4,1,1,1,1,a5161cb90e181024a22b332ee00f0ba448920691fe4029d32fb70ab1aa8ab47a,ad4df377423473f0f6832ab789f2744e7b56f3e5f2398a4924302a0bd26d052f,fc18e489b7b569493256e05fb8452841ed9b4dd6b29c3ca590ce0ee1ab44c1e8,c76dd6f3c17103439dfb85094b25f725c8a46fabf6288b0b9e6743774739eb3e,PASS,"All four interleaver configurations share payload, noise, burst start and frame sequence."
BCH,BCH_EsN0_2.5_burst_0.02_HEAD,2.5,0.02,HEAD,4,1,1,1,1,a5161cb90e181024a22b332ee00f0ba448920691fe4029d32fb70ab1aa8ab47a,ad4df377423473f0f6832ab789f2744e7b56f3e5f2398a4924302a0bd26d052f,c5c1ed69f998bac669832c6e503881b20248ad6ad5f4556df61650e7693414f9,c76dd6f3c17103439dfb85094b25f725c8a46fabf6288b0b9e6743774739eb3e,PASS,"All four interleaver configurations share payload, noise, burst start and frame sequence."
BCH,BCH_EsN0_2.5_burst_0.02_MIDDLE,2.5,0.02,MIDDLE,4,1,1,1,1,a5161cb90e181024a22b332ee00f0ba448920691fe4029d32fb70ab1aa8ab47a,ad4df377423473f0f6832ab789f2744e7b56f3e5f2398a4924302a0bd26d052f,0bcb3b8a96fa0f1c9434dc2de1933133cd660fab7d3282d216eef023046a1716,c76dd6f3c17103439dfb85094b25f725c8a46fabf6288b0b9e6743774739eb3e,PASS,"All four interleaver configurations share payload, noise, burst start and frame sequence."
BCH,BCH_EsN0_2.5_burst_0.02_QUARTER,2.5,0.02,QUARTER,4,1,1,1,1,a5161cb90e181024a22b332ee00f0ba448920691fe4029d32fb70ab1aa8ab47a,ad4df377423473f0f6832ab789f2744e7b56f3e5f2398a4924302a0bd26d052f,8d74dc3ce841417d7acd12d9068b8fdfe8b42f7f505070e0e04a207337aec7d9,c76dd6f3c17103439dfb85094b25f725c8a46fabf6288b0b9e6743774739eb3e,PASS,"All four interleaver configurations share payload, noise, burst start and frame sequence."
BCH,BCH_EsN0_2.5_burst_0.02_RANDOM,2.5,0.02,RANDOM,4,1,1,1,1,a5161cb90e181024a22b332ee00f0ba448920691fe4029d32fb70ab1aa8ab47a,ad4df377423473f0f6832ab789f2744e7b56f3e5f2398a4924302a0bd26d052f,4810a9913d61edcb4f1f5ae0a6727238738fa0aa43af4a4b563e5bcd6da00f8b,c76dd6f3c17103439dfb85094b25f725c8a46fabf6288b0b9e6743774739eb3e,PASS,"All four interleaver configurations share payload, noise, burst start and frame sequence."
BCH,BCH_EsN0_2.5_burst_0.02_TAIL,2.5,0.02,TAIL,4,1,1,1,1,a5161cb90e181024a22b332ee00f0ba448920691fe4029d32fb70ab1aa8ab47a,ad4df377423473f0f6832ab789f2744e7b56f3e5f2398a4924302a0bd26d052f,62eb84dc628fa0b4b0c80742b47fdd688305793492eac5d4c054327f8418d5f1,c76dd6f3c17103439dfb85094b25f725c8a46fabf6288b0b9e6743774739eb3e,PASS,"All four interleaver configurations share payload, noise, burst start and frame sequence."
BCH,BCH_EsN0_2.5_burst_0.02_THREE_QUARTER,2.5,0.02,THREE_QUARTER,4,1,1,1,1,a5161cb90e181024a22b332ee00f0ba448920691fe4029d32fb70ab1aa8ab47a,ad4df377423473f0f6832ab789f2744e7b56f3e5f2398a4924302a0bd26d052f,77ee29f4f7322382305a09c0a5fabc2d5f282af54af9ebf38ceb540789bbf816,c76dd6f3c17103439dfb85094b25f725c8a46fabf6288b0b9e6743774739eb3e,PASS,"All four interleaver configurations share payload, noise, burst start and frame sequence."
BCH,BCH_EsN0_2.5_burst_0.050000000000000003_HEAD,2.5,0.050000000000000003,HEAD,4,1,1,1,1,a5161cb90e181024a22b332ee00f0ba448920691fe4029d32fb70ab1aa8ab47a,ad4df377423473f0f6832ab789f2744e7b56f3e5f2398a4924302a0bd26d052f,c0772b0da560b55244a6168051f7a6f11e70e515bccf50d24f07ad32262cc674,c76dd6f3c17103439dfb85094b25f725c8a46fabf6288b0b9e6743774739eb3e,PASS,"All four interleaver configurations share payload, noise, burst start and frame sequence."
BCH,BCH_EsN0_2.5_burst_0.050000000000000003_MIDDLE,2.5,0.050000000000000003,MIDDLE,4,1,1,1,1,a5161cb90e181024a22b332ee00f0ba448920691fe4029d32fb70ab1aa8ab47a,ad4df377423473f0f6832ab789f2744e7b56f3e5f2398a4924302a0bd26d052f,eecbe5c6e2faa2eaa90c72f480c4da70b630bad6e21f1096df1832da225a9b34,c76dd6f3c17103439dfb85094b25f725c8a46fabf6288b0b9e6743774739eb3e,PASS,"All four interleaver configurations share payload, noise, burst start and frame sequence."
BCH,BCH_EsN0_2.5_burst_0.050000000000000003_QUARTER,2.5,0.050000000000000003,QUARTER,4,1,1,1,1,a5161cb90e181024a22b332ee00f0ba448920691fe4029d32fb70ab1aa8ab47a,ad4df377423473f0f6832ab789f2744e7b56f3e5f2398a4924302a0bd26d052f,6c2047f02728e589aa4cc9f7ea764577324ca4879307753db30c1b1d4701fb08,c76dd6f3c17103439dfb85094b25f725c8a46fabf6288b0b9e6743774739eb3e,PASS,"All four interleaver configurations share payload, noise, burst start and frame sequence."
BCH,BCH_EsN0_2.5_burst_0.050000000000000003_RANDOM,2.5,0.050000000000000003,RANDOM,4,1,1,1,1,a5161cb90e181024a22b332ee00f0ba448920691fe4029d32fb70ab1aa8ab47a,ad4df377423473f0f6832ab789f2744e7b56f3e5f2398a4924302a0bd26d052f,c3c4212eb868db0e0af807d21e860a441ec5c887dc2473dce4e48ae84cc9b9de,c76dd6f3c17103439dfb85094b25f725c8a46fabf6288b0b9e6743774739eb3e,PASS,"All four interleaver configurations share payload, noise, burst start and frame sequence."
BCH,BCH_EsN0_2.5_burst_0.050000000000000003_TAIL,2.5,0.050000000000000003,TAIL,4,1,1,1,1,a5161cb90e181024a22b332ee00f0ba448920691fe4029d32fb70ab1aa8ab47a,ad4df377423473f0f6832ab789f2744e7b56f3e5f2398a4924302a0bd26d052f,c390134458f0c8f52072cf2e375b1a4c88b3f34d30221896997dc2b984035c9d,c76dd6f3c17103439dfb85094b25f725c8a46fabf6288b0b9e6743774739eb3e,PASS,"All four interleaver configurations share payload, noise, burst start and frame sequence."
BCH,BCH_EsN0_2.5_burst_0.050000000000000003_THREE_QUARTER,2.5,0.050000000000000003,THREE_QUARTER,4,1,1,1,1,a5161cb90e181024a22b332ee00f0ba448920691fe4029d32fb70ab1aa8ab47a,ad4df377423473f0f6832ab789f2744e7b56f3e5f2398a4924302a0bd26d052f,adcaeb146f8849a0b0b76009d43bdcb10b82f8d7d357e21a665ffddafe5f0c90,c76dd6f3c17103439dfb85094b25f725c8a46fabf6288b0b9e6743774739eb3e,PASS,"All four interleaver configurations share payload, noise, burst start and frame sequence."
BCH,BCH_EsN0_2.5_burst_0.10000000000000001_HEAD,2.5,0.10000000000000001,HEAD,4,1,1,1,1,a5161cb90e181024a22b332ee00f0ba448920691fe4029d32fb70ab1aa8ab47a,ad4df377423473f0f6832ab789f2744e7b56f3e5f2398a4924302a0bd26d052f,c0d9da1fa82d0fcd8ead7d95361036afbb66360e3ddbd3b62e877a318d2e7300,c76dd6f3c17103439dfb85094b25f725c8a46fabf6288b0b9e6743774739eb3e,PASS,"All four interleaver configurations share payload, noise, burst start and frame sequence."
BCH,BCH_EsN0_2.5_burst_0.10000000000000001_MIDDLE,2.5,0.10000000000000001,MIDDLE,4,1,1,1,1,a5161cb90e181024a22b332ee00f0ba448920691fe4029d32fb70ab1aa8ab47a,ad4df377423473f0f6832ab789f2744e7b56f3e5f2398a4924302a0bd26d052f,7d4c6e35daa2ff6d0990de4339551453c5cb57bb0f12e2f32aba9e6f5abe3abf,c76dd6f3c17103439dfb85094b25f725c8a46fabf6288b0b9e6743774739eb3e,PASS,"All four interleaver configurations share payload, noise, burst start and frame sequence."
BCH,BCH_EsN0_2.5_burst_0.10000000000000001_QUARTER,2.5,0.10000000000000001,QUARTER,4,1,1,1,1,a5161cb90e181024a22b332ee00f0ba448920691fe4029d32fb70ab1aa8ab47a,ad4df377423473f0f6832ab789f2744e7b56f3e5f2398a4924302a0bd26d052f,40895591b69e5351625ed98be6c29e9c9bbdad64208c89187e60f62cd8a1a3c5,c76dd6f3c17103439dfb85094b25f725c8a46fabf6288b0b9e6743774739eb3e,PASS,"All four interleaver configurations share payload, noise, burst start and frame sequence."
BCH,BCH_EsN0_2.5_burst_0.10000000000000001_RANDOM,2.5,0.10000000000000001,RANDOM,4,1,1,1,1,a5161cb90e181024a22b332ee00f0ba448920691fe4029d32fb70ab1aa8ab47a,ad4df377423473f0f6832ab789f2744e7b56f3e5f2398a4924302a0bd26d052f,9acdf24f600dcf39468fde9c4dd0aae7c6e6af8db6b308ee7b7e7eccb0827d99,c76dd6f3c17103439dfb85094b25f725c8a46fabf6288b0b9e6743774739eb3e,PASS,"All four interleaver configurations share payload, noise, burst start and frame sequence."
BCH,BCH_EsN0_2.5_burst_0.10000000000000001_TAIL,2.5,0.10000000000000001,TAIL,4,1,1,1,1,a5161cb90e181024a22b332ee00f0ba448920691fe4029d32fb70ab1aa8ab47a,ad4df377423473f0f6832ab789f2744e7b56f3e5f2398a4924302a0bd26d052f,200d497cfbeccea8e8b689e65ed36ae1725394120f7262502b6b29c77d328082,c76dd6f3c17103439dfb85094b25f725c8a46fabf6288b0b9e6743774739eb3e,PASS,"All four interleaver configurations share payload, noise, burst start and frame sequence."
BCH,BCH_EsN0_2.5_burst_0.10000000000000001_THREE_QUARTER,2.5,0.10000000000000001,THREE_QUARTER,4,1,1,1,1,a5161cb90e181024a22b332ee00f0ba448920691fe4029d32fb70ab1aa8ab47a,ad4df377423473f0f6832ab789f2744e7b56f3e5f2398a4924302a0bd26d052f,fc18e489b7b569493256e05fb8452841ed9b4dd6b29c3ca590ce0ee1ab44c1e8,c76dd6f3c17103439dfb85094b25f725c8a46fabf6288b0b9e6743774739eb3e,PASS,"All four interleaver configurations share payload, noise, burst start and frame sequence."
BCH,BCH_EsN0_3_burst_0.02_HEAD,3,0.02,HEAD,4,1,1,1,1,a5161cb90e181024a22b332ee00f0ba448920691fe4029d32fb70ab1aa8ab47a,ad4df377423473f0f6832ab789f2744e7b56f3e5f2398a4924302a0bd26d052f,c5c1ed69f998bac669832c6e503881b20248ad6ad5f4556df61650e7693414f9,c76dd6f3c17103439dfb85094b25f725c8a46fabf6288b0b9e6743774739eb3e,PASS,"All four interleaver configurations share payload, noise, burst start and frame sequence."
BCH,BCH_EsN0_3_burst_0.02_MIDDLE,3,0.02,MIDDLE,4,1,1,1,1,a5161cb90e181024a22b332ee00f0ba448920691fe4029d32fb70ab1aa8ab47a,ad4df377423473f0f6832ab789f2744e7b56f3e5f2398a4924302a0bd26d052f,0bcb3b8a96fa0f1c9434dc2de1933133cd660fab7d3282d216eef023046a1716,c76dd6f3c17103439dfb85094b25f725c8a46fabf6288b0b9e6743774739eb3e,PASS,"All four interleaver configurations share payload, noise, burst start and frame sequence."
BCH,BCH_EsN0_3_burst_0.02_QUARTER,3,0.02,QUARTER,4,1,1,1,1,a5161cb90e181024a22b332ee00f0ba448920691fe4029d32fb70ab1aa8ab47a,ad4df377423473f0f6832ab789f2744e7b56f3e5f2398a4924302a0bd26d052f,8d74dc3ce841417d7acd12d9068b8fdfe8b42f7f505070e0e04a207337aec7d9,c76dd6f3c17103439dfb85094b25f725c8a46fabf6288b0b9e6743774739eb3e,PASS,"All four interleaver configurations share payload, noise, burst start and frame sequence."
BCH,BCH_EsN0_3_burst_0.02_RANDOM,3,0.02,RANDOM,4,1,1,1,1,a5161cb90e181024a22b332ee00f0ba448920691fe4029d32fb70ab1aa8ab47a,ad4df377423473f0f6832ab789f2744e7b56f3e5f2398a4924302a0bd26d052f,4810a9913d61edcb4f1f5ae0a6727238738fa0aa43af4a4b563e5bcd6da00f8b,c76dd6f3c17103439dfb85094b25f725c8a46fabf6288b0b9e6743774739eb3e,PASS,"All four interleaver configurations share payload, noise, burst start and frame sequence."
BCH,BCH_EsN0_3_burst_0.02_TAIL,3,0.02,TAIL,4,1,1,1,1,a5161cb90e181024a22b332ee00f0ba448920691fe4029d32fb70ab1aa8ab47a,ad4df377423473f0f6832ab789f2744e7b56f3e5f2398a4924302a0bd26d052f,62eb84dc628fa0b4b0c80742b47fdd688305793492eac5d4c054327f8418d5f1,c76dd6f3c17103439dfb85094b25f725c8a46fabf6288b0b9e6743774739eb3e,PASS,"All four interleaver configurations share payload, noise, burst start and frame sequence."
BCH,BCH_EsN0_3_burst_0.02_THREE_QUARTER,3,0.02,THREE_QUARTER,4,1,1,1,1,a5161cb90e181024a22b332ee00f0ba448920691fe4029d32fb70ab1aa8ab47a,ad4df377423473f0f6832ab789f2744e7b56f3e5f2398a4924302a0bd26d052f,77ee29f4f7322382305a09c0a5fabc2d5f282af54af9ebf38ceb540789bbf816,c76dd6f3c17103439dfb85094b25f725c8a46fabf6288b0b9e6743774739eb3e,PASS,"All four interleaver configurations share payload, noise, burst start and frame sequence."
BCH,BCH_EsN0_3_burst_0.050000000000000003_HEAD,3,0.050000000000000003,HEAD,4,1,1,1,1,a5161cb90e181024a22b332ee00f0ba448920691fe4029d32fb70ab1aa8ab47a,ad4df377423473f0f6832ab789f2744e7b56f3e5f2398a4924302a0bd26d052f,c0772b0da560b55244a6168051f7a6f11e70e515bccf50d24f07ad32262cc674,c76dd6f3c17103439dfb85094b25f725c8a46fabf6288b0b9e6743774739eb3e,PASS,"All four interleaver configurations share payload, noise, burst start and frame sequence."
BCH,BCH_EsN0_3_burst_0.050000000000000003_MIDDLE,3,0.050000000000000003,MIDDLE,4,1,1,1,1,a5161cb90e181024a22b332ee00f0ba448920691fe4029d32fb70ab1aa8ab47a,ad4df377423473f0f6832ab789f2744e7b56f3e5f2398a4924302a0bd26d052f,eecbe5c6e2faa2eaa90c72f480c4da70b630bad6e21f1096df1832da225a9b34,c76dd6f3c17103439dfb85094b25f725c8a46fabf6288b0b9e6743774739eb3e,PASS,"All four interleaver configurations share payload, noise, burst start and frame sequence."
BCH,BCH_EsN0_3_burst_0.050000000000000003_QUARTER,3,0.050000000000000003,QUARTER,4,1,1,1,1,a5161cb90e181024a22b332ee00f0ba448920691fe4029d32fb70ab1aa8ab47a,ad4df377423473f0f6832ab789f2744e7b56f3e5f2398a4924302a0bd26d052f,6c2047f02728e589aa4cc9f7ea764577324ca4879307753db30c1b1d4701fb08,c76dd6f3c17103439dfb85094b25f725c8a46fabf6288b0b9e6743774739eb3e,PASS,"All four interleaver configurations share payload, noise, burst start and frame sequence."
BCH,BCH_EsN0_3_burst_0.050000000000000003_RANDOM,3,0.050000000000000003,RANDOM,4,1,1,1,1,a5161cb90e181024a22b332ee00f0ba448920691fe4029d32fb70ab1aa8ab47a,ad4df377423473f0f6832ab789f2744e7b56f3e5f2398a4924302a0bd26d052f,c3c4212eb868db0e0af807d21e860a441ec5c887dc2473dce4e48ae84cc9b9de,c76dd6f3c17103439dfb85094b25f725c8a46fabf6288b0b9e6743774739eb3e,PASS,"All four interleaver configurations share payload, noise, burst start and frame sequence."
BCH,BCH_EsN0_3_burst_0.050000000000000003_TAIL,3,0.050000000000000003,TAIL,4,1,1,1,1,a5161cb90e181024a22b332ee00f0ba448920691fe4029d32fb70ab1aa8ab47a,ad4df377423473f0f6832ab789f2744e7b56f3e5f2398a4924302a0bd26d052f,c390134458f0c8f52072cf2e375b1a4c88b3f34d30221896997dc2b984035c9d,c76dd6f3c17103439dfb85094b25f725c8a46fabf6288b0b9e6743774739eb3e,PASS,"All four interleaver configurations share payload, noise, burst start and frame sequence."
BCH,BCH_EsN0_3_burst_0.050000000000000003_THREE_QUARTER,3,0.050000000000000003,THREE_QUARTER,4,1,1,1,1,a5161cb90e181024a22b332ee00f0ba448920691fe4029d32fb70ab1aa8ab47a,ad4df377423473f0f6832ab789f2744e7b56f3e5f2398a4924302a0bd26d052f,adcaeb146f8849a0b0b76009d43bdcb10b82f8d7d357e21a665ffddafe5f0c90,c76dd6f3c17103439dfb85094b25f725c8a46fabf6288b0b9e6743774739eb3e,PASS,"All four interleaver configurations share payload, noise, burst start and frame sequence."
BCH,BCH_EsN0_3_burst_0.10000000000000001_HEAD,3,0.10000000000000001,HEAD,4,1,1,1,1,a5161cb90e181024a22b332ee00f0ba448920691fe4029d32fb70ab1aa8ab47a,ad4df377423473f0f6832ab789f2744e7b56f3e5f2398a4924302a0bd26d052f,c0d9da1fa82d0fcd8ead7d95361036afbb66360e3ddbd3b62e877a318d2e7300,c76dd6f3c17103439dfb85094b25f725c8a46fabf6288b0b9e6743774739eb3e,PASS,"All four interleaver configurations share payload, noise, burst start and frame sequence."
BCH,BCH_EsN0_3_burst_0.10000000000000001_MIDDLE,3,0.10000000000000001,MIDDLE,4,1,1,1,1,a5161cb90e181024a22b332ee00f0ba448920691fe4029d32fb70ab1aa8ab47a,ad4df377423473f0f6832ab789f2744e7b56f3e5f2398a4924302a0bd26d052f,7d4c6e35daa2ff6d0990de4339551453c5cb57bb0f12e2f32aba9e6f5abe3abf,c76dd6f3c17103439dfb85094b25f725c8a46fabf6288b0b9e6743774739eb3e,PASS,"All four interleaver configurations share payload, noise, burst start and frame sequence."
BCH,BCH_EsN0_3_burst_0.10000000000000001_QUARTER,3,0.10000000000000001,QUARTER,4,1,1,1,1,a5161cb90e181024a22b332ee00f0ba448920691fe4029d32fb70ab1aa8ab47a,ad4df377423473f0f6832ab789f2744e7b56f3e5f2398a4924302a0bd26d052f,40895591b69e5351625ed98be6c29e9c9bbdad64208c89187e60f62cd8a1a3c5,c76dd6f3c17103439dfb85094b25f725c8a46fabf6288b0b9e6743774739eb3e,PASS,"All four interleaver configurations share payload, noise, burst start and frame sequence."
BCH,BCH_EsN0_3_burst_0.10000000000000001_RANDOM,3,0.10000000000000001,RANDOM,4,1,1,1,1,a5161cb90e181024a22b332ee00f0ba448920691fe4029d32fb70ab1aa8ab47a,ad4df377423473f0f6832ab789f2744e7b56f3e5f2398a4924302a0bd26d052f,9acdf24f600dcf39468fde9c4dd0aae7c6e6af8db6b308ee7b7e7eccb0827d99,c76dd6f3c17103439dfb85094b25f725c8a46fabf6288b0b9e6743774739eb3e,PASS,"All four interleaver configurations share payload, noise, burst start and frame sequence."
BCH,BCH_EsN0_3_burst_0.10000000000000001_TAIL,3,0.10000000000000001,TAIL,4,1,1,1,1,a5161cb90e181024a22b332ee00f0ba448920691fe4029d32fb70ab1aa8ab47a,ad4df377423473f0f6832ab789f2744e7b56f3e5f2398a4924302a0bd26d052f,200d497cfbeccea8e8b689e65ed36ae1725394120f7262502b6b29c77d328082,c76dd6f3c17103439dfb85094b25f725c8a46fabf6288b0b9e6743774739eb3e,PASS,"All four interleaver configurations share payload, noise, burst start and frame sequence."
BCH,BCH_EsN0_3_burst_0.10000000000000001_THREE_QUARTER,3,0.10000000000000001,THREE_QUARTER,4,1,1,1,1,a5161cb90e181024a22b332ee00f0ba448920691fe4029d32fb70ab1aa8ab47a,ad4df377423473f0f6832ab789f2744e7b56f3e5f2398a4924302a0bd26d052f,fc18e489b7b569493256e05fb8452841ed9b4dd6b29c3ca590ce0ee1ab44c1e8,c76dd6f3c17103439dfb85094b25f725c8a46fabf6288b0b9e6743774739eb3e,PASS,"All four interleaver configurations share payload, noise, burst start and frame sequence."
BCH,BCH_EsN0_3.5_burst_0.02_HEAD,3.5,0.02,HEAD,4,1,1,1,1,a5161cb90e181024a22b332ee00f0ba448920691fe4029d32fb70ab1aa8ab47a,ad4df377423473f0f6832ab789f2744e7b56f3e5f2398a4924302a0bd26d052f,c5c1ed69f998bac669832c6e503881b20248ad6ad5f4556df61650e7693414f9,c76dd6f3c17103439dfb85094b25f725c8a46fabf6288b0b9e6743774739eb3e,PASS,"All four interleaver configurations share payload, noise, burst start and frame sequence."
BCH,BCH_EsN0_3.5_burst_0.02_MIDDLE,3.5,0.02,MIDDLE,4,1,1,1,1,a5161cb90e181024a22b332ee00f0ba448920691fe4029d32fb70ab1aa8ab47a,ad4df377423473f0f6832ab789f2744e7b56f3e5f2398a4924302a0bd26d052f,0bcb3b8a96fa0f1c9434dc2de1933133cd660fab7d3282d216eef023046a1716,c76dd6f3c17103439dfb85094b25f725c8a46fabf6288b0b9e6743774739eb3e,PASS,"All four interleaver configurations share payload, noise, burst start and frame sequence."
BCH,BCH_EsN0_3.5_burst_0.02_QUARTER,3.5,0.02,QUARTER,4,1,1,1,1,a5161cb90e181024a22b332ee00f0ba448920691fe4029d32fb70ab1aa8ab47a,ad4df377423473f0f6832ab789f2744e7b56f3e5f2398a4924302a0bd26d052f,8d74dc3ce841417d7acd12d9068b8fdfe8b42f7f505070e0e04a207337aec7d9,c76dd6f3c17103439dfb85094b25f725c8a46fabf6288b0b9e6743774739eb3e,PASS,"All four interleaver configurations share payload, noise, burst start and frame sequence."
BCH,BCH_EsN0_3.5_burst_0.02_RANDOM,3.5,0.02,RANDOM,4,1,1,1,1,a5161cb90e181024a22b332ee00f0ba448920691fe4029d32fb70ab1aa8ab47a,ad4df377423473f0f6832ab789f2744e7b56f3e5f2398a4924302a0bd26d052f,4810a9913d61edcb4f1f5ae0a6727238738fa0aa43af4a4b563e5bcd6da00f8b,c76dd6f3c17103439dfb85094b25f725c8a46fabf6288b0b9e6743774739eb3e,PASS,"All four interleaver configurations share payload, noise, burst start and frame sequence."
BCH,BCH_EsN0_3.5_burst_0.02_TAIL,3.5,0.02,TAIL,4,1,1,1,1,a5161cb90e181024a22b332ee00f0ba448920691fe4029d32fb70ab1aa8ab47a,ad4df377423473f0f6832ab789f2744e7b56f3e5f2398a4924302a0bd26d052f,62eb84dc628fa0b4b0c80742b47fdd688305793492eac5d4c054327f8418d5f1,c76dd6f3c17103439dfb85094b25f725c8a46fabf6288b0b9e6743774739eb3e,PASS,"All four interleaver configurations share payload, noise, burst start and frame sequence."
BCH,BCH_EsN0_3.5_burst_0.02_THREE_QUARTER,3.5,0.02,THREE_QUARTER,4,1,1,1,1,a5161cb90e181024a22b332ee00f0ba448920691fe4029d32fb70ab1aa8ab47a,ad4df377423473f0f6832ab789f2744e7b56f3e5f2398a4924302a0bd26d052f,77ee29f4f7322382305a09c0a5fabc2d5f282af54af9ebf38ceb540789bbf816,c76dd6f3c17103439dfb85094b25f725c8a46fabf6288b0b9e6743774739eb3e,PASS,"All four interleaver configurations share payload, noise, burst start and frame sequence."
BCH,BCH_EsN0_3.5_burst_0.050000000000000003_HEAD,3.5,0.050000000000000003,HEAD,4,1,1,1,1,a5161cb90e181024a22b332ee00f0ba448920691fe4029d32fb70ab1aa8ab47a,ad4df377423473f0f6832ab789f2744e7b56f3e5f2398a4924302a0bd26d052f,c0772b0da560b55244a6168051f7a6f11e70e515bccf50d24f07ad32262cc674,c76dd6f3c17103439dfb85094b25f725c8a46fabf6288b0b9e6743774739eb3e,PASS,"All four interleaver configurations share payload, noise, burst start and frame sequence."
BCH,BCH_EsN0_3.5_burst_0.050000000000000003_MIDDLE,3.5,0.050000000000000003,MIDDLE,4,1,1,1,1,a5161cb90e181024a22b332ee00f0ba448920691fe4029d32fb70ab1aa8ab47a,ad4df377423473f0f6832ab789f2744e7b56f3e5f2398a4924302a0bd26d052f,eecbe5c6e2faa2eaa90c72f480c4da70b630bad6e21f1096df1832da225a9b34,c76dd6f3c17103439dfb85094b25f725c8a46fabf6288b0b9e6743774739eb3e,PASS,"All four interleaver configurations share payload, noise, burst start and frame sequence."
BCH,BCH_EsN0_3.5_burst_0.050000000000000003_QUARTER,3.5,0.050000000000000003,QUARTER,4,1,1,1,1,a5161cb90e181024a22b332ee00f0ba448920691fe4029d32fb70ab1aa8ab47a,ad4df377423473f0f6832ab789f2744e7b56f3e5f2398a4924302a0bd26d052f,6c2047f02728e589aa4cc9f7ea764577324ca4879307753db30c1b1d4701fb08,c76dd6f3c17103439dfb85094b25f725c8a46fabf6288b0b9e6743774739eb3e,PASS,"All four interleaver configurations share payload, noise, burst start and frame sequence."
BCH,BCH_EsN0_3.5_burst_0.050000000000000003_RANDOM,3.5,0.050000000000000003,RANDOM,4,1,1,1,1,a5161cb90e181024a22b332ee00f0ba448920691fe4029d32fb70ab1aa8ab47a,ad4df377423473f0f6832ab789f2744e7b56f3e5f2398a4924302a0bd26d052f,c3c4212eb868db0e0af807d21e860a441ec5c887dc2473dce4e48ae84cc9b9de,c76dd6f3c17103439dfb85094b25f725c8a46fabf6288b0b9e6743774739eb3e,PASS,"All four interleaver configurations share payload, noise, burst start and frame sequence."
BCH,BCH_EsN0_3.5_burst_0.050000000000000003_TAIL,3.5,0.050000000000000003,TAIL,4,1,1,1,1,a5161cb90e181024a22b332ee00f0ba448920691fe4029d32fb70ab1aa8ab47a,ad4df377423473f0f6832ab789f2744e7b56f3e5f2398a4924302a0bd26d052f,c390134458f0c8f52072cf2e375b1a4c88b3f34d30221896997dc2b984035c9d,c76dd6f3c17103439dfb85094b25f725c8a46fabf6288b0b9e6743774739eb3e,PASS,"All four interleaver configurations share payload, noise, burst start and frame sequence."
BCH,BCH_EsN0_3.5_burst_0.050000000000000003_THREE_QUARTER,3.5,0.050000000000000003,THREE_QUARTER,4,1,1,1,1,a5161cb90e181024a22b332ee00f0ba448920691fe4029d32fb70ab1aa8ab47a,ad4df377423473f0f6832ab789f2744e7b56f3e5f2398a4924302a0bd26d052f,adcaeb146f8849a0b0b76009d43bdcb10b82f8d7d357e21a665ffddafe5f0c90,c76dd6f3c17103439dfb85094b25f725c8a46fabf6288b0b9e6743774739eb3e,PASS,"All four interleaver configurations share payload, noise, burst start and frame sequence."
BCH,BCH_EsN0_3.5_burst_0.10000000000000001_HEAD,3.5,0.10000000000000001,HEAD,4,1,1,1,1,a5161cb90e181024a22b332ee00f0ba448920691fe4029d32fb70ab1aa8ab47a,ad4df377423473f0f6832ab789f2744e7b56f3e5f2398a4924302a0bd26d052f,c0d9da1fa82d0fcd8ead7d95361036afbb66360e3ddbd3b62e877a318d2e7300,c76dd6f3c17103439dfb85094b25f725c8a46fabf6288b0b9e6743774739eb3e,PASS,"All four interleaver configurations share payload, noise, burst start and frame sequence."
BCH,BCH_EsN0_3.5_burst_0.10000000000000001_MIDDLE,3.5,0.10000000000000001,MIDDLE,4,1,1,1,1,a5161cb90e181024a22b332ee00f0ba448920691fe4029d32fb70ab1aa8ab47a,ad4df377423473f0f6832ab789f2744e7b56f3e5f2398a4924302a0bd26d052f,7d4c6e35daa2ff6d0990de4339551453c5cb57bb0f12e2f32aba9e6f5abe3abf,c76dd6f3c17103439dfb85094b25f725c8a46fabf6288b0b9e6743774739eb3e,PASS,"All four interleaver configurations share payload, noise, burst start and frame sequence."
BCH,BCH_EsN0_3.5_burst_0.10000000000000001_QUARTER,3.5,0.10000000000000001,QUARTER,4,1,1,1,1,a5161cb90e181024a22b332ee00f0ba448920691fe4029d32fb70ab1aa8ab47a,ad4df377423473f0f6832ab789f2744e7b56f3e5f2398a4924302a0bd26d052f,40895591b69e5351625ed98be6c29e9c9bbdad64208c89187e60f62cd8a1a3c5,c76dd6f3c17103439dfb85094b25f725c8a46fabf6288b0b9e6743774739eb3e,PASS,"All four interleaver configurations share payload, noise, burst start and frame sequence."
BCH,BCH_EsN0_3.5_burst_0.10000000000000001_RANDOM,3.5,0.10000000000000001,RANDOM,4,1,1,1,1,a5161cb90e181024a22b332ee00f0ba448920691fe4029d32fb70ab1aa8ab47a,ad4df377423473f0f6832ab789f2744e7b56f3e5f2398a4924302a0bd26d052f,9acdf24f600dcf39468fde9c4dd0aae7c6e6af8db6b308ee7b7e7eccb0827d99,c76dd6f3c17103439dfb85094b25f725c8a46fabf6288b0b9e6743774739eb3e,PASS,"All four interleaver configurations share payload, noise, burst start and frame sequence."
BCH,BCH_EsN0_3.5_burst_0.10000000000000001_TAIL,3.5,0.10000000000000001,TAIL,4,1,1,1,1,a5161cb90e181024a22b332ee00f0ba448920691fe4029d32fb70ab1aa8ab47a,ad4df377423473f0f6832ab789f2744e7b56f3e5f2398a4924302a0bd26d052f,200d497cfbeccea8e8b689e65ed36ae1725394120f7262502b6b29c77d328082,c76dd6f3c17103439dfb85094b25f725c8a46fabf6288b0b9e6743774739eb3e,PASS,"All four interleaver configurations share payload, noise, burst start and frame sequence."
BCH,BCH_EsN0_3.5_burst_0.10000000000000001_THREE_QUARTER,3.5,0.10000000000000001,THREE_QUARTER,4,1,1,1,1,a5161cb90e181024a22b332ee00f0ba448920691fe4029d32fb70ab1aa8ab47a,ad4df377423473f0f6832ab789f2744e7b56f3e5f2398a4924302a0bd26d052f,fc18e489b7b569493256e05fb8452841ed9b4dd6b29c3ca590ce0ee1ab44c1e8,c76dd6f3c17103439dfb85094b25f725c8a46fabf6288b0b9e6743774739eb3e,PASS,"All four interleaver configurations share payload, noise, burst start and frame sequence."
BCH,BCH_EsN0_4_burst_0.02_HEAD,4,0.02,HEAD,4,1,1,1,1,a5161cb90e181024a22b332ee00f0ba448920691fe4029d32fb70ab1aa8ab47a,ad4df377423473f0f6832ab789f2744e7b56f3e5f2398a4924302a0bd26d052f,c5c1ed69f998bac669832c6e503881b20248ad6ad5f4556df61650e7693414f9,c76dd6f3c17103439dfb85094b25f725c8a46fabf6288b0b9e6743774739eb3e,PASS,"All four interleaver configurations share payload, noise, burst start and frame sequence."
BCH,BCH_EsN0_4_burst_0.02_MIDDLE,4,0.02,MIDDLE,4,1,1,1,1,a5161cb90e181024a22b332ee00f0ba448920691fe4029d32fb70ab1aa8ab47a,ad4df377423473f0f6832ab789f2744e7b56f3e5f2398a4924302a0bd26d052f,0bcb3b8a96fa0f1c9434dc2de1933133cd660fab7d3282d216eef023046a1716,c76dd6f3c17103439dfb85094b25f725c8a46fabf6288b0b9e6743774739eb3e,PASS,"All four interleaver configurations share payload, noise, burst start and frame sequence."
BCH,BCH_EsN0_4_burst_0.02_QUARTER,4,0.02,QUARTER,4,1,1,1,1,a5161cb90e181024a22b332ee00f0ba448920691fe4029d32fb70ab1aa8ab47a,ad4df377423473f0f6832ab789f2744e7b56f3e5f2398a4924302a0bd26d052f,8d74dc3ce841417d7acd12d9068b8fdfe8b42f7f505070e0e04a207337aec7d9,c76dd6f3c17103439dfb85094b25f725c8a46fabf6288b0b9e6743774739eb3e,PASS,"All four interleaver configurations share payload, noise, burst start and frame sequence."
BCH,BCH_EsN0_4_burst_0.02_RANDOM,4,0.02,RANDOM,4,1,1,1,1,a5161cb90e181024a22b332ee00f0ba448920691fe4029d32fb70ab1aa8ab47a,ad4df377423473f0f6832ab789f2744e7b56f3e5f2398a4924302a0bd26d052f,4810a9913d61edcb4f1f5ae0a6727238738fa0aa43af4a4b563e5bcd6da00f8b,c76dd6f3c17103439dfb85094b25f725c8a46fabf6288b0b9e6743774739eb3e,PASS,"All four interleaver configurations share payload, noise, burst start and frame sequence."
BCH,BCH_EsN0_4_burst_0.02_TAIL,4,0.02,TAIL,4,1,1,1,1,a5161cb90e181024a22b332ee00f0ba448920691fe4029d32fb70ab1aa8ab47a,ad4df377423473f0f6832ab789f2744e7b56f3e5f2398a4924302a0bd26d052f,62eb84dc628fa0b4b0c80742b47fdd688305793492eac5d4c054327f8418d5f1,c76dd6f3c17103439dfb85094b25f725c8a46fabf6288b0b9e6743774739eb3e,PASS,"All four interleaver configurations share payload, noise, burst start and frame sequence."
BCH,BCH_EsN0_4_burst_0.02_THREE_QUARTER,4,0.02,THREE_QUARTER,4,1,1,1,1,a5161cb90e181024a22b332ee00f0ba448920691fe4029d32fb70ab1aa8ab47a,ad4df377423473f0f6832ab789f2744e7b56f3e5f2398a4924302a0bd26d052f,77ee29f4f7322382305a09c0a5fabc2d5f282af54af9ebf38ceb540789bbf816,c76dd6f3c17103439dfb85094b25f725c8a46fabf6288b0b9e6743774739eb3e,PASS,"All four interleaver configurations share payload, noise, burst start and frame sequence."
BCH,BCH_EsN0_4_burst_0.050000000000000003_HEAD,4,0.050000000000000003,HEAD,4,1,1,1,1,a5161cb90e181024a22b332ee00f0ba448920691fe4029d32fb70ab1aa8ab47a,ad4df377423473f0f6832ab789f2744e7b56f3e5f2398a4924302a0bd26d052f,c0772b0da560b55244a6168051f7a6f11e70e515bccf50d24f07ad32262cc674,c76dd6f3c17103439dfb85094b25f725c8a46fabf6288b0b9e6743774739eb3e,PASS,"All four interleaver configurations share payload, noise, burst start and frame sequence."
BCH,BCH_EsN0_4_burst_0.050000000000000003_MIDDLE,4,0.050000000000000003,MIDDLE,4,1,1,1,1,a5161cb90e181024a22b332ee00f0ba448920691fe4029d32fb70ab1aa8ab47a,ad4df377423473f0f6832ab789f2744e7b56f3e5f2398a4924302a0bd26d052f,eecbe5c6e2faa2eaa90c72f480c4da70b630bad6e21f1096df1832da225a9b34,c76dd6f3c17103439dfb85094b25f725c8a46fabf6288b0b9e6743774739eb3e,PASS,"All four interleaver configurations share payload, noise, burst start and frame sequence."
BCH,BCH_EsN0_4_burst_0.050000000000000003_QUARTER,4,0.050000000000000003,QUARTER,4,1,1,1,1,a5161cb90e181024a22b332ee00f0ba448920691fe4029d32fb70ab1aa8ab47a,ad4df377423473f0f6832ab789f2744e7b56f3e5f2398a4924302a0bd26d052f,6c2047f02728e589aa4cc9f7ea764577324ca4879307753db30c1b1d4701fb08,c76dd6f3c17103439dfb85094b25f725c8a46fabf6288b0b9e6743774739eb3e,PASS,"All four interleaver configurations share payload, noise, burst start and frame sequence."
BCH,BCH_EsN0_4_burst_0.050000000000000003_RANDOM,4,0.050000000000000003,RANDOM,4,1,1,1,1,a5161cb90e181024a22b332ee00f0ba448920691fe4029d32fb70ab1aa8ab47a,ad4df377423473f0f6832ab789f2744e7b56f3e5f2398a4924302a0bd26d052f,c3c4212eb868db0e0af807d21e860a441ec5c887dc2473dce4e48ae84cc9b9de,c76dd6f3c17103439dfb85094b25f725c8a46fabf6288b0b9e6743774739eb3e,PASS,"All four interleaver configurations share payload, noise, burst start and frame sequence."
BCH,BCH_EsN0_4_burst_0.050000000000000003_TAIL,4,0.050000000000000003,TAIL,4,1,1,1,1,a5161cb90e181024a22b332ee00f0ba448920691fe4029d32fb70ab1aa8ab47a,ad4df377423473f0f6832ab789f2744e7b56f3e5f2398a4924302a0bd26d052f,c390134458f0c8f52072cf2e375b1a4c88b3f34d30221896997dc2b984035c9d,c76dd6f3c17103439dfb85094b25f725c8a46fabf6288b0b9e6743774739eb3e,PASS,"All four interleaver configurations share payload, noise, burst start and frame sequence."
BCH,BCH_EsN0_4_burst_0.050000000000000003_THREE_QUARTER,4,0.050000000000000003,THREE_QUARTER,4,1,1,1,1,a5161cb90e181024a22b332ee00f0ba448920691fe4029d32fb70ab1aa8ab47a,ad4df377423473f0f6832ab789f2744e7b56f3e5f2398a4924302a0bd26d052f,adcaeb146f8849a0b0b76009d43bdcb10b82f8d7d357e21a665ffddafe5f0c90,c76dd6f3c17103439dfb85094b25f725c8a46fabf6288b0b9e6743774739eb3e,PASS,"All four interleaver configurations share payload, noise, burst start and frame sequence."
BCH,BCH_EsN0_4_burst_0.10000000000000001_HEAD,4,0.10000000000000001,HEAD,4,1,1,1,1,a5161cb90e181024a22b332ee00f0ba448920691fe4029d32fb70ab1aa8ab47a,ad4df377423473f0f6832ab789f2744e7b56f3e5f2398a4924302a0bd26d052f,c0d9da1fa82d0fcd8ead7d95361036afbb66360e3ddbd3b62e877a318d2e7300,c76dd6f3c17103439dfb85094b25f725c8a46fabf6288b0b9e6743774739eb3e,PASS,"All four interleaver configurations share payload, noise, burst start and frame sequence."
BCH,BCH_EsN0_4_burst_0.10000000000000001_MIDDLE,4,0.10000000000000001,MIDDLE,4,1,1,1,1,a5161cb90e181024a22b332ee00f0ba448920691fe4029d32fb70ab1aa8ab47a,ad4df377423473f0f6832ab789f2744e7b56f3e5f2398a4924302a0bd26d052f,7d4c6e35daa2ff6d0990de4339551453c5cb57bb0f12e2f32aba9e6f5abe3abf,c76dd6f3c17103439dfb85094b25f725c8a46fabf6288b0b9e6743774739eb3e,PASS,"All four interleaver configurations share payload, noise, burst start and frame sequence."
BCH,BCH_EsN0_4_burst_0.10000000000000001_QUARTER,4,0.10000000000000001,QUARTER,4,1,1,1,1,a5161cb90e181024a22b332ee00f0ba448920691fe4029d32fb70ab1aa8ab47a,ad4df377423473f0f6832ab789f2744e7b56f3e5f2398a4924302a0bd26d052f,40895591b69e5351625ed98be6c29e9c9bbdad64208c89187e60f62cd8a1a3c5,c76dd6f3c17103439dfb85094b25f725c8a46fabf6288b0b9e6743774739eb3e,PASS,"All four interleaver configurations share payload, noise, burst start and frame sequence."
BCH,BCH_EsN0_4_burst_0.10000000000000001_RANDOM,4,0.10000000000000001,RANDOM,4,1,1,1,1,a5161cb90e181024a22b332ee00f0ba448920691fe4029d32fb70ab1aa8ab47a,ad4df377423473f0f6832ab789f2744e7b56f3e5f2398a4924302a0bd26d052f,9acdf24f600dcf39468fde9c4dd0aae7c6e6af8db6b308ee7b7e7eccb0827d99,c76dd6f3c17103439dfb85094b25f725c8a46fabf6288b0b9e6743774739eb3e,PASS,"All four interleaver configurations share payload, noise, burst start and frame sequence."
BCH,BCH_EsN0_4_burst_0.10000000000000001_TAIL,4,0.10000000000000001,TAIL,4,1,1,1,1,a5161cb90e181024a22b332ee00f0ba448920691fe4029d32fb70ab1aa8ab47a,ad4df377423473f0f6832ab789f2744e7b56f3e5f2398a4924302a0bd26d052f,200d497cfbeccea8e8b689e65ed36ae1725394120f7262502b6b29c77d328082,c76dd6f3c17103439dfb85094b25f725c8a46fabf6288b0b9e6743774739eb3e,PASS,"All four interleaver configurations share payload, noise, burst start and frame sequence."
BCH,BCH_EsN0_4_burst_0.10000000000000001_THREE_QUARTER,4,0.10000000000000001,THREE_QUARTER,4,1,1,1,1,a5161cb90e181024a22b332ee00f0ba448920691fe4029d32fb70ab1aa8ab47a,ad4df377423473f0f6832ab789f2744e7b56f3e5f2398a4924302a0bd26d052f,fc18e489b7b569493256e05fb8452841ed9b4dd6b29c3ca590ce0ee1ab44c1e8,c76dd6f3c17103439dfb85094b25f725c8a46fabf6288b0b9e6743774739eb3e,PASS,"All four interleaver configurations share payload, noise, burst start and frame sequence."
BCH,BCH_EsN0_4.5_burst_0.02_HEAD,4.5,0.02,HEAD,4,1,1,1,1,a5161cb90e181024a22b332ee00f0ba448920691fe4029d32fb70ab1aa8ab47a,ad4df377423473f0f6832ab789f2744e7b56f3e5f2398a4924302a0bd26d052f,c5c1ed69f998bac669832c6e503881b20248ad6ad5f4556df61650e7693414f9,c76dd6f3c17103439dfb85094b25f725c8a46fabf6288b0b9e6743774739eb3e,PASS,"All four interleaver configurations share payload, noise, burst start and frame sequence."
BCH,BCH_EsN0_4.5_burst_0.02_MIDDLE,4.5,0.02,MIDDLE,4,1,1,1,1,a5161cb90e181024a22b332ee00f0ba448920691fe4029d32fb70ab1aa8ab47a,ad4df377423473f0f6832ab789f2744e7b56f3e5f2398a4924302a0bd26d052f,0bcb3b8a96fa0f1c9434dc2de1933133cd660fab7d3282d216eef023046a1716,c76dd6f3c17103439dfb85094b25f725c8a46fabf6288b0b9e6743774739eb3e,PASS,"All four interleaver configurations share payload, noise, burst start and frame sequence."
BCH,BCH_EsN0_4.5_burst_0.02_QUARTER,4.5,0.02,QUARTER,4,1,1,1,1,a5161cb90e181024a22b332ee00f0ba448920691fe4029d32fb70ab1aa8ab47a,ad4df377423473f0f6832ab789f2744e7b56f3e5f2398a4924302a0bd26d052f,8d74dc3ce841417d7acd12d9068b8fdfe8b42f7f505070e0e04a207337aec7d9,c76dd6f3c17103439dfb85094b25f725c8a46fabf6288b0b9e6743774739eb3e,PASS,"All four interleaver configurations share payload, noise, burst start and frame sequence."
BCH,BCH_EsN0_4.5_burst_0.02_RANDOM,4.5,0.02,RANDOM,4,1,1,1,1,a5161cb90e181024a22b332ee00f0ba448920691fe4029d32fb70ab1aa8ab47a,ad4df377423473f0f6832ab789f2744e7b56f3e5f2398a4924302a0bd26d052f,4810a9913d61edcb4f1f5ae0a6727238738fa0aa43af4a4b563e5bcd6da00f8b,c76dd6f3c17103439dfb85094b25f725c8a46fabf6288b0b9e6743774739eb3e,PASS,"All four interleaver configurations share payload, noise, burst start and frame sequence."
BCH,BCH_EsN0_4.5_burst_0.02_TAIL,4.5,0.02,TAIL,4,1,1,1,1,1cdd964b6886bac24fd45c34b438996aae76e6e763f6eaee5ef1264bd7f9cb10,250fef50bdb486d983bcbdd5239c5455cd4daa3d0e322df4300e59847aa611df,286889356acfefcbe239bd1feccada58733c93838a5c8b7ad260a0871b4f4d7f,3f70219bea1eaa1ec6194301aacff4e4cd72820d224ee942b06dae80c57e276d,PASS,"All four interleaver configurations share payload, noise, burst start and frame sequence."
BCH,BCH_EsN0_4.5_burst_0.02_THREE_QUARTER,4.5,0.02,THREE_QUARTER,4,1,1,1,1,a5161cb90e181024a22b332ee00f0ba448920691fe4029d32fb70ab1aa8ab47a,ad4df377423473f0f6832ab789f2744e7b56f3e5f2398a4924302a0bd26d052f,77ee29f4f7322382305a09c0a5fabc2d5f282af54af9ebf38ceb540789bbf816,c76dd6f3c17103439dfb85094b25f725c8a46fabf6288b0b9e6743774739eb3e,PASS,"All four interleaver configurations share payload, noise, burst start and frame sequence."
BCH,BCH_EsN0_4.5_burst_0.050000000000000003_HEAD,4.5,0.050000000000000003,HEAD,4,1,1,1,1,a5161cb90e181024a22b332ee00f0ba448920691fe4029d32fb70ab1aa8ab47a,ad4df377423473f0f6832ab789f2744e7b56f3e5f2398a4924302a0bd26d052f,c0772b0da560b55244a6168051f7a6f11e70e515bccf50d24f07ad32262cc674,c76dd6f3c17103439dfb85094b25f725c8a46fabf6288b0b9e6743774739eb3e,PASS,"All four interleaver configurations share payload, noise, burst start and frame sequence."
BCH,BCH_EsN0_4.5_burst_0.050000000000000003_MIDDLE,4.5,0.050000000000000003,MIDDLE,4,1,1,1,1,a5161cb90e181024a22b332ee00f0ba448920691fe4029d32fb70ab1aa8ab47a,ad4df377423473f0f6832ab789f2744e7b56f3e5f2398a4924302a0bd26d052f,eecbe5c6e2faa2eaa90c72f480c4da70b630bad6e21f1096df1832da225a9b34,c76dd6f3c17103439dfb85094b25f725c8a46fabf6288b0b9e6743774739eb3e,PASS,"All four interleaver configurations share payload, noise, burst start and frame sequence."
BCH,BCH_EsN0_4.5_burst_0.050000000000000003_QUARTER,4.5,0.050000000000000003,QUARTER,4,1,1,1,1,a5161cb90e181024a22b332ee00f0ba448920691fe4029d32fb70ab1aa8ab47a,ad4df377423473f0f6832ab789f2744e7b56f3e5f2398a4924302a0bd26d052f,6c2047f02728e589aa4cc9f7ea764577324ca4879307753db30c1b1d4701fb08,c76dd6f3c17103439dfb85094b25f725c8a46fabf6288b0b9e6743774739eb3e,PASS,"All four interleaver configurations share payload, noise, burst start and frame sequence."
BCH,BCH_EsN0_4.5_burst_0.050000000000000003_RANDOM,4.5,0.050000000000000003,RANDOM,4,1,1,1,1,a5161cb90e181024a22b332ee00f0ba448920691fe4029d32fb70ab1aa8ab47a,ad4df377423473f0f6832ab789f2744e7b56f3e5f2398a4924302a0bd26d052f,c3c4212eb868db0e0af807d21e860a441ec5c887dc2473dce4e48ae84cc9b9de,c76dd6f3c17103439dfb85094b25f725c8a46fabf6288b0b9e6743774739eb3e,PASS,"All four interleaver configurations share payload, noise, burst start and frame sequence."
BCH,BCH_EsN0_4.5_burst_0.050000000000000003_TAIL,4.5,0.050000000000000003,TAIL,4,1,1,1,1,a5161cb90e181024a22b332ee00f0ba448920691fe4029d32fb70ab1aa8ab47a,ad4df377423473f0f6832ab789f2744e7b56f3e5f2398a4924302a0bd26d052f,c390134458f0c8f52072cf2e375b1a4c88b3f34d30221896997dc2b984035c9d,c76dd6f3c17103439dfb85094b25f725c8a46fabf6288b0b9e6743774739eb3e,PASS,"All four interleaver configurations share payload, noise, burst start and frame sequence."
BCH,BCH_EsN0_4.5_burst_0.050000000000000003_THREE_QUARTER,4.5,0.050000000000000003,THREE_QUARTER,4,1,1,1,1,a5161cb90e181024a22b332ee00f0ba448920691fe4029d32fb70ab1aa8ab47a,ad4df377423473f0f6832ab789f2744e7b56f3e5f2398a4924302a0bd26d052f,adcaeb146f8849a0b0b76009d43bdcb10b82f8d7d357e21a665ffddafe5f0c90,c76dd6f3c17103439dfb85094b25f725c8a46fabf6288b0b9e6743774739eb3e,PASS,"All four interleaver configurations share payload, noise, burst start and frame sequence."
BCH,BCH_EsN0_4.5_burst_0.10000000000000001_HEAD,4.5,0.10000000000000001,HEAD,4,1,1,1,1,a5161cb90e181024a22b332ee00f0ba448920691fe4029d32fb70ab1aa8ab47a,ad4df377423473f0f6832ab789f2744e7b56f3e5f2398a4924302a0bd26d052f,c0d9da1fa82d0fcd8ead7d95361036afbb66360e3ddbd3b62e877a318d2e7300,c76dd6f3c17103439dfb85094b25f725c8a46fabf6288b0b9e6743774739eb3e,PASS,"All four interleaver configurations share payload, noise, burst start and frame sequence."
BCH,BCH_EsN0_4.5_burst_0.10000000000000001_MIDDLE,4.5,0.10000000000000001,MIDDLE,4,1,1,1,1,a5161cb90e181024a22b332ee00f0ba448920691fe4029d32fb70ab1aa8ab47a,ad4df377423473f0f6832ab789f2744e7b56f3e5f2398a4924302a0bd26d052f,7d4c6e35daa2ff6d0990de4339551453c5cb57bb0f12e2f32aba9e6f5abe3abf,c76dd6f3c17103439dfb85094b25f725c8a46fabf6288b0b9e6743774739eb3e,PASS,"All four interleaver configurations share payload, noise, burst start and frame sequence."
BCH,BCH_EsN0_4.5_burst_0.10000000000000001_QUARTER,4.5,0.10000000000000001,QUARTER,4,1,1,1,1,a5161cb90e181024a22b332ee00f0ba448920691fe4029d32fb70ab1aa8ab47a,ad4df377423473f0f6832ab789f2744e7b56f3e5f2398a4924302a0bd26d052f,40895591b69e5351625ed98be6c29e9c9bbdad64208c89187e60f62cd8a1a3c5,c76dd6f3c17103439dfb85094b25f725c8a46fabf6288b0b9e6743774739eb3e,PASS,"All four interleaver configurations share payload, noise, burst start and frame sequence."
BCH,BCH_EsN0_4.5_burst_0.10000000000000001_RANDOM,4.5,0.10000000000000001,RANDOM,4,1,1,1,1,a5161cb90e181024a22b332ee00f0ba448920691fe4029d32fb70ab1aa8ab47a,ad4df377423473f0f6832ab789f2744e7b56f3e5f2398a4924302a0bd26d052f,9acdf24f600dcf39468fde9c4dd0aae7c6e6af8db6b308ee7b7e7eccb0827d99,c76dd6f3c17103439dfb85094b25f725c8a46fabf6288b0b9e6743774739eb3e,PASS,"All four interleaver configurations share payload, noise, burst start and frame sequence."
BCH,BCH_EsN0_4.5_burst_0.10000000000000001_TAIL,4.5,0.10000000000000001,TAIL,4,1,1,1,1,a5161cb90e181024a22b332ee00f0ba448920691fe4029d32fb70ab1aa8ab47a,ad4df377423473f0f6832ab789f2744e7b56f3e5f2398a4924302a0bd26d052f,200d497cfbeccea8e8b689e65ed36ae1725394120f7262502b6b29c77d328082,c76dd6f3c17103439dfb85094b25f725c8a46fabf6288b0b9e6743774739eb3e,PASS,"All four interleaver configurations share payload, noise, burst start and frame sequence."
BCH,BCH_EsN0_4.5_burst_0.10000000000000001_THREE_QUARTER,4.5,0.10000000000000001,THREE_QUARTER,4,1,1,1,1,a5161cb90e181024a22b332ee00f0ba448920691fe4029d32fb70ab1aa8ab47a,ad4df377423473f0f6832ab789f2744e7b56f3e5f2398a4924302a0bd26d052f,fc18e489b7b569493256e05fb8452841ed9b4dd6b29c3ca590ce0ee1ab44c1e8,c76dd6f3c17103439dfb85094b25f725c8a46fabf6288b0b9e6743774739eb3e,PASS,"All four interleaver configurations share payload, noise, burst start and frame sequence."
BCH,BCH_EsN0_5_burst_0.02_HEAD,5,0.02,HEAD,4,1,1,1,1,a5161cb90e181024a22b332ee00f0ba448920691fe4029d32fb70ab1aa8ab47a,ad4df377423473f0f6832ab789f2744e7b56f3e5f2398a4924302a0bd26d052f,c5c1ed69f998bac669832c6e503881b20248ad6ad5f4556df61650e7693414f9,c76dd6f3c17103439dfb85094b25f725c8a46fabf6288b0b9e6743774739eb3e,PASS,"All four interleaver configurations share payload, noise, burst start and frame sequence."
BCH,BCH_EsN0_5_burst_0.02_MIDDLE,5,0.02,MIDDLE,4,1,1,1,1,a5161cb90e181024a22b332ee00f0ba448920691fe4029d32fb70ab1aa8ab47a,ad4df377423473f0f6832ab789f2744e7b56f3e5f2398a4924302a0bd26d052f,0bcb3b8a96fa0f1c9434dc2de1933133cd660fab7d3282d216eef023046a1716,c76dd6f3c17103439dfb85094b25f725c8a46fabf6288b0b9e6743774739eb3e,PASS,"All four interleaver configurations share payload, noise, burst start and frame sequence."
BCH,BCH_EsN0_5_burst_0.02_QUARTER,5,0.02,QUARTER,4,1,1,1,1,a5161cb90e181024a22b332ee00f0ba448920691fe4029d32fb70ab1aa8ab47a,ad4df377423473f0f6832ab789f2744e7b56f3e5f2398a4924302a0bd26d052f,8d74dc3ce841417d7acd12d9068b8fdfe8b42f7f505070e0e04a207337aec7d9,c76dd6f3c17103439dfb85094b25f725c8a46fabf6288b0b9e6743774739eb3e,PASS,"All four interleaver configurations share payload, noise, burst start and frame sequence."
BCH,BCH_EsN0_5_burst_0.02_RANDOM,5,0.02,RANDOM,4,1,1,1,1,a5161cb90e181024a22b332ee00f0ba448920691fe4029d32fb70ab1aa8ab47a,ad4df377423473f0f6832ab789f2744e7b56f3e5f2398a4924302a0bd26d052f,4810a9913d61edcb4f1f5ae0a6727238738fa0aa43af4a4b563e5bcd6da00f8b,c76dd6f3c17103439dfb85094b25f725c8a46fabf6288b0b9e6743774739eb3e,PASS,"All four interleaver configurations share payload, noise, burst start and frame sequence."
BCH,BCH_EsN0_5_burst_0.02_TAIL,5,0.02,TAIL,4,1,1,1,1,1dca697570bf84e5483aea0633d7edb4f31811a7bf10d41b68c9c105090a2c79,f3ec7283a887f23e6c195b348d0ba6354e35f8f602405dc0eb8424b1a6803218,2c2dff7132d45d808bf383a4f92d21c3e0efb20317da0e0376812553c8b10a8d,d3d445f3f38edcff034eb9bcaef25cee0945793df7bdef33ae6e62dfa7ac4fa2,PASS,"All four interleaver configurations share payload, noise, burst start and frame sequence."
BCH,BCH_EsN0_5_burst_0.02_THREE_QUARTER,5,0.02,THREE_QUARTER,4,1,1,1,1,a5161cb90e181024a22b332ee00f0ba448920691fe4029d32fb70ab1aa8ab47a,ad4df377423473f0f6832ab789f2744e7b56f3e5f2398a4924302a0bd26d052f,77ee29f4f7322382305a09c0a5fabc2d5f282af54af9ebf38ceb540789bbf816,c76dd6f3c17103439dfb85094b25f725c8a46fabf6288b0b9e6743774739eb3e,PASS,"All four interleaver configurations share payload, noise, burst start and frame sequence."
BCH,BCH_EsN0_5_burst_0.050000000000000003_HEAD,5,0.050000000000000003,HEAD,4,1,1,1,1,a5161cb90e181024a22b332ee00f0ba448920691fe4029d32fb70ab1aa8ab47a,ad4df377423473f0f6832ab789f2744e7b56f3e5f2398a4924302a0bd26d052f,c0772b0da560b55244a6168051f7a6f11e70e515bccf50d24f07ad32262cc674,c76dd6f3c17103439dfb85094b25f725c8a46fabf6288b0b9e6743774739eb3e,PASS,"All four interleaver configurations share payload, noise, burst start and frame sequence."
BCH,BCH_EsN0_5_burst_0.050000000000000003_MIDDLE,5,0.050000000000000003,MIDDLE,4,1,1,1,1,a5161cb90e181024a22b332ee00f0ba448920691fe4029d32fb70ab1aa8ab47a,ad4df377423473f0f6832ab789f2744e7b56f3e5f2398a4924302a0bd26d052f,eecbe5c6e2faa2eaa90c72f480c4da70b630bad6e21f1096df1832da225a9b34,c76dd6f3c17103439dfb85094b25f725c8a46fabf6288b0b9e6743774739eb3e,PASS,"All four interleaver configurations share payload, noise, burst start and frame sequence."
BCH,BCH_EsN0_5_burst_0.050000000000000003_QUARTER,5,0.050000000000000003,QUARTER,4,1,1,1,1,a5161cb90e181024a22b332ee00f0ba448920691fe4029d32fb70ab1aa8ab47a,ad4df377423473f0f6832ab789f2744e7b56f3e5f2398a4924302a0bd26d052f,6c2047f02728e589aa4cc9f7ea764577324ca4879307753db30c1b1d4701fb08,c76dd6f3c17103439dfb85094b25f725c8a46fabf6288b0b9e6743774739eb3e,PASS,"All four interleaver configurations share payload, noise, burst start and frame sequence."
BCH,BCH_EsN0_5_burst_0.050000000000000003_RANDOM,5,0.050000000000000003,RANDOM,4,1,1,1,1,a5161cb90e181024a22b332ee00f0ba448920691fe4029d32fb70ab1aa8ab47a,ad4df377423473f0f6832ab789f2744e7b56f3e5f2398a4924302a0bd26d052f,c3c4212eb868db0e0af807d21e860a441ec5c887dc2473dce4e48ae84cc9b9de,c76dd6f3c17103439dfb85094b25f725c8a46fabf6288b0b9e6743774739eb3e,PASS,"All four interleaver configurations share payload, noise, burst start and frame sequence."
BCH,BCH_EsN0_5_burst_0.050000000000000003_TAIL,5,0.050000000000000003,TAIL,4,1,1,1,1,a5161cb90e181024a22b332ee00f0ba448920691fe4029d32fb70ab1aa8ab47a,ad4df377423473f0f6832ab789f2744e7b56f3e5f2398a4924302a0bd26d052f,c390134458f0c8f52072cf2e375b1a4c88b3f34d30221896997dc2b984035c9d,c76dd6f3c17103439dfb85094b25f725c8a46fabf6288b0b9e6743774739eb3e,PASS,"All four interleaver configurations share payload, noise, burst start and frame sequence."
BCH,BCH_EsN0_5_burst_0.050000000000000003_THREE_QUARTER,5,0.050000000000000003,THREE_QUARTER,4,1,1,1,1,a5161cb90e181024a22b332ee00f0ba448920691fe4029d32fb70ab1aa8ab47a,ad4df377423473f0f6832ab789f2744e7b56f3e5f2398a4924302a0bd26d052f,adcaeb146f8849a0b0b76009d43bdcb10b82f8d7d357e21a665ffddafe5f0c90,c76dd6f3c17103439dfb85094b25f725c8a46fabf6288b0b9e6743774739eb3e,PASS,"All four interleaver configurations share payload, noise, burst start and frame sequence."
BCH,BCH_EsN0_5_burst_0.10000000000000001_HEAD,5,0.10000000000000001,HEAD,4,1,1,1,1,a5161cb90e181024a22b332ee00f0ba448920691fe4029d32fb70ab1aa8ab47a,ad4df377423473f0f6832ab789f2744e7b56f3e5f2398a4924302a0bd26d052f,c0d9da1fa82d0fcd8ead7d95361036afbb66360e3ddbd3b62e877a318d2e7300,c76dd6f3c17103439dfb85094b25f725c8a46fabf6288b0b9e6743774739eb3e,PASS,"All four interleaver configurations share payload, noise, burst start and frame sequence."
BCH,BCH_EsN0_5_burst_0.10000000000000001_MIDDLE,5,0.10000000000000001,MIDDLE,4,1,1,1,1,a5161cb90e181024a22b332ee00f0ba448920691fe4029d32fb70ab1aa8ab47a,ad4df377423473f0f6832ab789f2744e7b56f3e5f2398a4924302a0bd26d052f,7d4c6e35daa2ff6d0990de4339551453c5cb57bb0f12e2f32aba9e6f5abe3abf,c76dd6f3c17103439dfb85094b25f725c8a46fabf6288b0b9e6743774739eb3e,PASS,"All four interleaver configurations share payload, noise, burst start and frame sequence."
BCH,BCH_EsN0_5_burst_0.10000000000000001_QUARTER,5,0.10000000000000001,QUARTER,4,1,1,1,1,a5161cb90e181024a22b332ee00f0ba448920691fe4029d32fb70ab1aa8ab47a,ad4df377423473f0f6832ab789f2744e7b56f3e5f2398a4924302a0bd26d052f,40895591b69e5351625ed98be6c29e9c9bbdad64208c89187e60f62cd8a1a3c5,c76dd6f3c17103439dfb85094b25f725c8a46fabf6288b0b9e6743774739eb3e,PASS,"All four interleaver configurations share payload, noise, burst start and frame sequence."
BCH,BCH_EsN0_5_burst_0.10000000000000001_RANDOM,5,0.10000000000000001,RANDOM,4,1,1,1,1,a5161cb90e181024a22b332ee00f0ba448920691fe4029d32fb70ab1aa8ab47a,ad4df377423473f0f6832ab789f2744e7b56f3e5f2398a4924302a0bd26d052f,9acdf24f600dcf39468fde9c4dd0aae7c6e6af8db6b308ee7b7e7eccb0827d99,c76dd6f3c17103439dfb85094b25f725c8a46fabf6288b0b9e6743774739eb3e,PASS,"All four interleaver configurations share payload, noise, burst start and frame sequence."
BCH,BCH_EsN0_5_burst_0.10000000000000001_TAIL,5,0.10000000000000001,TAIL,4,1,1,1,1,a5161cb90e181024a22b332ee00f0ba448920691fe4029d32fb70ab1aa8ab47a,ad4df377423473f0f6832ab789f2744e7b56f3e5f2398a4924302a0bd26d052f,200d497cfbeccea8e8b689e65ed36ae1725394120f7262502b6b29c77d328082,c76dd6f3c17103439dfb85094b25f725c8a46fabf6288b0b9e6743774739eb3e,PASS,"All four interleaver configurations share payload, noise, burst start and frame sequence."
BCH,BCH_EsN0_5_burst_0.10000000000000001_THREE_QUARTER,5,0.10000000000000001,THREE_QUARTER,4,1,1,1,1,a5161cb90e181024a22b332ee00f0ba448920691fe4029d32fb70ab1aa8ab47a,ad4df377423473f0f6832ab789f2744e7b56f3e5f2398a4924302a0bd26d052f,fc18e489b7b569493256e05fb8452841ed9b4dd6b29c3ca590ce0ee1ab44c1e8,c76dd6f3c17103439dfb85094b25f725c8a46fabf6288b0b9e6743774739eb3e,PASS,"All four interleaver configurations share payload, noise, burst start and frame sequence."
BCH,BCH_EsN0_5.5_burst_0.02_HEAD,5.5,0.02,HEAD,4,1,1,1,1,a5161cb90e181024a22b332ee00f0ba448920691fe4029d32fb70ab1aa8ab47a,ad4df377423473f0f6832ab789f2744e7b56f3e5f2398a4924302a0bd26d052f,c5c1ed69f998bac669832c6e503881b20248ad6ad5f4556df61650e7693414f9,c76dd6f3c17103439dfb85094b25f725c8a46fabf6288b0b9e6743774739eb3e,PASS,"All four interleaver configurations share payload, noise, burst start and frame sequence."
BCH,BCH_EsN0_5.5_burst_0.02_MIDDLE,5.5,0.02,MIDDLE,4,1,1,1,1,a5161cb90e181024a22b332ee00f0ba448920691fe4029d32fb70ab1aa8ab47a,ad4df377423473f0f6832ab789f2744e7b56f3e5f2398a4924302a0bd26d052f,0bcb3b8a96fa0f1c9434dc2de1933133cd660fab7d3282d216eef023046a1716,c76dd6f3c17103439dfb85094b25f725c8a46fabf6288b0b9e6743774739eb3e,PASS,"All four interleaver configurations share payload, noise, burst start and frame sequence."
BCH,BCH_EsN0_5.5_burst_0.02_QUARTER,5.5,0.02,QUARTER,4,1,1,1,1,a5161cb90e181024a22b332ee00f0ba448920691fe4029d32fb70ab1aa8ab47a,ad4df377423473f0f6832ab789f2744e7b56f3e5f2398a4924302a0bd26d052f,8d74dc3ce841417d7acd12d9068b8fdfe8b42f7f505070e0e04a207337aec7d9,c76dd6f3c17103439dfb85094b25f725c8a46fabf6288b0b9e6743774739eb3e,PASS,"All four interleaver configurations share payload, noise, burst start and frame sequence."
BCH,BCH_EsN0_5.5_burst_0.02_RANDOM,5.5,0.02,RANDOM,4,1,1,1,1,a5161cb90e181024a22b332ee00f0ba448920691fe4029d32fb70ab1aa8ab47a,ad4df377423473f0f6832ab789f2744e7b56f3e5f2398a4924302a0bd26d052f,4810a9913d61edcb4f1f5ae0a6727238738fa0aa43af4a4b563e5bcd6da00f8b,c76dd6f3c17103439dfb85094b25f725c8a46fabf6288b0b9e6743774739eb3e,PASS,"All four interleaver configurations share payload, noise, burst start and frame sequence."
BCH,BCH_EsN0_5.5_burst_0.02_TAIL,5.5,0.02,TAIL,4,1,1,1,1,d8ad87a55fe4085577a10171b25304385f880a0e0c9b9a9ffc6b4b67b3463ee0,f3bd7357702d6139d685ab07e695505be5eeb8572b06cfa4fc42a349e85ff438,5a2077d10bea186ff2831e0a4bd1a8ea02c4f1c7041522ddb970017643e8415e,3c9f8c385dcf91e184e64f378f4519faa321e7e9992886a066e856814b184a81,PASS,"All four interleaver configurations share payload, noise, burst start and frame sequence."
BCH,BCH_EsN0_5.5_burst_0.02_THREE_QUARTER,5.5,0.02,THREE_QUARTER,4,1,1,1,1,a5161cb90e181024a22b332ee00f0ba448920691fe4029d32fb70ab1aa8ab47a,ad4df377423473f0f6832ab789f2744e7b56f3e5f2398a4924302a0bd26d052f,77ee29f4f7322382305a09c0a5fabc2d5f282af54af9ebf38ceb540789bbf816,c76dd6f3c17103439dfb85094b25f725c8a46fabf6288b0b9e6743774739eb3e,PASS,"All four interleaver configurations share payload, noise, burst start and frame sequence."
BCH,BCH_EsN0_5.5_burst_0.050000000000000003_HEAD,5.5,0.050000000000000003,HEAD,4,1,1,1,1,a5161cb90e181024a22b332ee00f0ba448920691fe4029d32fb70ab1aa8ab47a,ad4df377423473f0f6832ab789f2744e7b56f3e5f2398a4924302a0bd26d052f,c0772b0da560b55244a6168051f7a6f11e70e515bccf50d24f07ad32262cc674,c76dd6f3c17103439dfb85094b25f725c8a46fabf6288b0b9e6743774739eb3e,PASS,"All four interleaver configurations share payload, noise, burst start and frame sequence."
BCH,BCH_EsN0_5.5_burst_0.050000000000000003_MIDDLE,5.5,0.050000000000000003,MIDDLE,4,1,1,1,1,a5161cb90e181024a22b332ee00f0ba448920691fe4029d32fb70ab1aa8ab47a,ad4df377423473f0f6832ab789f2744e7b56f3e5f2398a4924302a0bd26d052f,eecbe5c6e2faa2eaa90c72f480c4da70b630bad6e21f1096df1832da225a9b34,c76dd6f3c17103439dfb85094b25f725c8a46fabf6288b0b9e6743774739eb3e,PASS,"All four interleaver configurations share payload, noise, burst start and frame sequence."
BCH,BCH_EsN0_5.5_burst_0.050000000000000003_QUARTER,5.5,0.050000000000000003,QUARTER,4,1,1,1,1,a5161cb90e181024a22b332ee00f0ba448920691fe4029d32fb70ab1aa8ab47a,ad4df377423473f0f6832ab789f2744e7b56f3e5f2398a4924302a0bd26d052f,6c2047f02728e589aa4cc9f7ea764577324ca4879307753db30c1b1d4701fb08,c76dd6f3c17103439dfb85094b25f725c8a46fabf6288b0b9e6743774739eb3e,PASS,"All four interleaver configurations share payload, noise, burst start and frame sequence."
BCH,BCH_EsN0_5.5_burst_0.050000000000000003_RANDOM,5.5,0.050000000000000003,RANDOM,4,1,1,1,1,a5161cb90e181024a22b332ee00f0ba448920691fe4029d32fb70ab1aa8ab47a,ad4df377423473f0f6832ab789f2744e7b56f3e5f2398a4924302a0bd26d052f,c3c4212eb868db0e0af807d21e860a441ec5c887dc2473dce4e48ae84cc9b9de,c76dd6f3c17103439dfb85094b25f725c8a46fabf6288b0b9e6743774739eb3e,PASS,"All four interleaver configurations share payload, noise, burst start and frame sequence."
BCH,BCH_EsN0_5.5_burst_0.050000000000000003_TAIL,5.5,0.050000000000000003,TAIL,4,1,1,1,1,a5161cb90e181024a22b332ee00f0ba448920691fe4029d32fb70ab1aa8ab47a,ad4df377423473f0f6832ab789f2744e7b56f3e5f2398a4924302a0bd26d052f,c390134458f0c8f52072cf2e375b1a4c88b3f34d30221896997dc2b984035c9d,c76dd6f3c17103439dfb85094b25f725c8a46fabf6288b0b9e6743774739eb3e,PASS,"All four interleaver configurations share payload, noise, burst start and frame sequence."
BCH,BCH_EsN0_5.5_burst_0.050000000000000003_THREE_QUARTER,5.5,0.050000000000000003,THREE_QUARTER,4,1,1,1,1,a5161cb90e181024a22b332ee00f0ba448920691fe4029d32fb70ab1aa8ab47a,ad4df377423473f0f6832ab789f2744e7b56f3e5f2398a4924302a0bd26d052f,adcaeb146f8849a0b0b76009d43bdcb10b82f8d7d357e21a665ffddafe5f0c90,c76dd6f3c17103439dfb85094b25f725c8a46fabf6288b0b9e6743774739eb3e,PASS,"All four interleaver configurations share payload, noise, burst start and frame sequence."
BCH,BCH_EsN0_5.5_burst_0.10000000000000001_HEAD,5.5,0.10000000000000001,HEAD,4,1,1,1,1,a5161cb90e181024a22b332ee00f0ba448920691fe4029d32fb70ab1aa8ab47a,ad4df377423473f0f6832ab789f2744e7b56f3e5f2398a4924302a0bd26d052f,c0d9da1fa82d0fcd8ead7d95361036afbb66360e3ddbd3b62e877a318d2e7300,c76dd6f3c17103439dfb85094b25f725c8a46fabf6288b0b9e6743774739eb3e,PASS,"All four interleaver configurations share payload, noise, burst start and frame sequence."
BCH,BCH_EsN0_5.5_burst_0.10000000000000001_MIDDLE,5.5,0.10000000000000001,MIDDLE,4,1,1,1,1,a5161cb90e181024a22b332ee00f0ba448920691fe4029d32fb70ab1aa8ab47a,ad4df377423473f0f6832ab789f2744e7b56f3e5f2398a4924302a0bd26d052f,7d4c6e35daa2ff6d0990de4339551453c5cb57bb0f12e2f32aba9e6f5abe3abf,c76dd6f3c17103439dfb85094b25f725c8a46fabf6288b0b9e6743774739eb3e,PASS,"All four interleaver configurations share payload, noise, burst start and frame sequence."
BCH,BCH_EsN0_5.5_burst_0.10000000000000001_QUARTER,5.5,0.10000000000000001,QUARTER,4,1,1,1,1,a5161cb90e181024a22b332ee00f0ba448920691fe4029d32fb70ab1aa8ab47a,ad4df377423473f0f6832ab789f2744e7b56f3e5f2398a4924302a0bd26d052f,40895591b69e5351625ed98be6c29e9c9bbdad64208c89187e60f62cd8a1a3c5,c76dd6f3c17103439dfb85094b25f725c8a46fabf6288b0b9e6743774739eb3e,PASS,"All four interleaver configurations share payload, noise, burst start and frame sequence."
BCH,BCH_EsN0_5.5_burst_0.10000000000000001_RANDOM,5.5,0.10000000000000001,RANDOM,4,1,1,1,1,a5161cb90e181024a22b332ee00f0ba448920691fe4029d32fb70ab1aa8ab47a,ad4df377423473f0f6832ab789f2744e7b56f3e5f2398a4924302a0bd26d052f,9acdf24f600dcf39468fde9c4dd0aae7c6e6af8db6b308ee7b7e7eccb0827d99,c76dd6f3c17103439dfb85094b25f725c8a46fabf6288b0b9e6743774739eb3e,PASS,"All four interleaver configurations share payload, noise, burst start and frame sequence."
BCH,BCH_EsN0_5.5_burst_0.10000000000000001_TAIL,5.5,0.10000000000000001,TAIL,4,1,1,1,1,a5161cb90e181024a22b332ee00f0ba448920691fe4029d32fb70ab1aa8ab47a,ad4df377423473f0f6832ab789f2744e7b56f3e5f2398a4924302a0bd26d052f,200d497cfbeccea8e8b689e65ed36ae1725394120f7262502b6b29c77d328082,c76dd6f3c17103439dfb85094b25f725c8a46fabf6288b0b9e6743774739eb3e,PASS,"All four interleaver configurations share payload, noise, burst start and frame sequence."
BCH,BCH_EsN0_5.5_burst_0.10000000000000001_THREE_QUARTER,5.5,0.10000000000000001,THREE_QUARTER,4,1,1,1,1,a5161cb90e181024a22b332ee00f0ba448920691fe4029d32fb70ab1aa8ab47a,ad4df377423473f0f6832ab789f2744e7b56f3e5f2398a4924302a0bd26d052f,fc18e489b7b569493256e05fb8452841ed9b4dd6b29c3ca590ce0ee1ab44c1e8,c76dd6f3c17103439dfb85094b25f725c8a46fabf6288b0b9e6743774739eb3e,PASS,"All four interleaver configurations share payload, noise, burst start and frame sequence."
BCH,BCH_EsN0_6_burst_0.02_HEAD,6,0.02,HEAD,4,1,1,1,1,942b6743f365a92834db8c94c495c204ebe4d71f59d7aecc1b7f66f28855731d,599afe66e0064efb6b9c905a3bbfcecb21f40b8676c11d76454d932b4ef0a65f,032f22017aea79f4afa6495542d1a55422c68893d8d931e0e92fa0b5ba2b5b80,a390b4d8e4b6187d8b2bf9b87ef42a2ad41995a67ca7172b74d9a4f7667b788f,PASS,"All four interleaver configurations share payload, noise, burst start and frame sequence."
BCH,BCH_EsN0_6_burst_0.02_MIDDLE,6,0.02,MIDDLE,4,1,1,1,1,40f335468fad477c6f9df26fc08811be85f8f222d276b1c214f821e2c7f98ac5,09e55879d065f22f92329410105453a1cf98f503e077f9b58a43fe7dfcf31b76,f7d7c412714b894fea87ae1f3203b6703acdb67099291ccce6078611a300b8cb,e84414a7e044ffe5a31ac25f3443328bd36c5fe506e7295b45d963f98d68b5ad,PASS,"All four interleaver configurations share payload, noise, burst start and frame sequence."
BCH,BCH_EsN0_6_burst_0.02_QUARTER,6,0.02,QUARTER,4,1,1,1,1,4e249b38b8e62824ae09fae08eef90955312776aa907e428fbed7651c5e7f56b,8b8219a7373eead72cf7812d34460d0c1dd5548cb9d789a6c515458de02ab292,b0cdd46f032696bea24db7f7b7360a69ebfd400720afcd41ccb3594201b0b147,027a605db59d2bae9e5e85664bdd2bc88248b3a7b8f5a37e4dc2af0ba4b6c383,PASS,"All four interleaver configurations share payload, noise, burst start and frame sequence."
BCH,BCH_EsN0_6_burst_0.02_RANDOM,6,0.02,RANDOM,4,1,1,1,1,c1f7921e8e9b850fd4edec132897e0f712ebfc59ac9844b4e61117181a5938c7,0c91761210af041204dc71326060061af04e80541d146317dbabd7d76498e12c,5d5a2519ac33046f92295654839cc918bf646362afbe48d9749fbbe98054ccc8,752949c3f09d0b5cff1655ea8bbe9239e53150b3d89f4c1ce6eb38e06225d109,PASS,"All four interleaver configurations share payload, noise, burst start and frame sequence."
BCH,BCH_EsN0_6_burst_0.02_TAIL,6,0.02,TAIL,4,1,1,1,1,59daa5c818165235636319d7c1b9c70ba5407e663e598bba3c352b77181aec46,ba3006876669e7a2617648b63cfe5f9c64fa6f162ff0bf43b17d69c669510dee,616035defadffc3fa9bba96e19864add921ef189e10ef8a11cca2b1c4934cccc,12ea32cdc92c5ab1c6d4a06fc285d15478496974cdaf0393a86c88981e40baa8,PASS,"All four interleaver configurations share payload, noise, burst start and frame sequence."
BCH,BCH_EsN0_6_burst_0.02_THREE_QUARTER,6,0.02,THREE_QUARTER,4,1,1,1,1,98dd2b1fe1be5a3e1395ffc588344eda224f2b34a284a67cbad41e16e7496504,c8358aa3bc1fa0596230df506be299b7c93f7fa502d62322827e82b9dc7df8f0,45b7bb1d1a78660feb92357cf782f70e6361bc38213fd307278020e3fa1ce0ec,1577d3aaec07f3021e02f38b28053781ad9ffb4f79b0fcd4fe811fca6cf3aa25,PASS,"All four interleaver configurations share payload, noise, burst start and frame sequence."
BCH,BCH_EsN0_6_burst_0.050000000000000003_HEAD,6,0.050000000000000003,HEAD,4,1,1,1,1,a5161cb90e181024a22b332ee00f0ba448920691fe4029d32fb70ab1aa8ab47a,ad4df377423473f0f6832ab789f2744e7b56f3e5f2398a4924302a0bd26d052f,c0772b0da560b55244a6168051f7a6f11e70e515bccf50d24f07ad32262cc674,c76dd6f3c17103439dfb85094b25f725c8a46fabf6288b0b9e6743774739eb3e,PASS,"All four interleaver configurations share payload, noise, burst start and frame sequence."
BCH,BCH_EsN0_6_burst_0.050000000000000003_MIDDLE,6,0.050000000000000003,MIDDLE,4,1,1,1,1,a5161cb90e181024a22b332ee00f0ba448920691fe4029d32fb70ab1aa8ab47a,ad4df377423473f0f6832ab789f2744e7b56f3e5f2398a4924302a0bd26d052f,eecbe5c6e2faa2eaa90c72f480c4da70b630bad6e21f1096df1832da225a9b34,c76dd6f3c17103439dfb85094b25f725c8a46fabf6288b0b9e6743774739eb3e,PASS,"All four interleaver configurations share payload, noise, burst start and frame sequence."
BCH,BCH_EsN0_6_burst_0.050000000000000003_QUARTER,6,0.050000000000000003,QUARTER,4,1,1,1,1,a5161cb90e181024a22b332ee00f0ba448920691fe4029d32fb70ab1aa8ab47a,ad4df377423473f0f6832ab789f2744e7b56f3e5f2398a4924302a0bd26d052f,6c2047f02728e589aa4cc9f7ea764577324ca4879307753db30c1b1d4701fb08,c76dd6f3c17103439dfb85094b25f725c8a46fabf6288b0b9e6743774739eb3e,PASS,"All four interleaver configurations share payload, noise, burst start and frame sequence."
BCH,BCH_EsN0_6_burst_0.050000000000000003_RANDOM,6,0.050000000000000003,RANDOM,4,1,1,1,1,a5161cb90e181024a22b332ee00f0ba448920691fe4029d32fb70ab1aa8ab47a,ad4df377423473f0f6832ab789f2744e7b56f3e5f2398a4924302a0bd26d052f,c3c4212eb868db0e0af807d21e860a441ec5c887dc2473dce4e48ae84cc9b9de,c76dd6f3c17103439dfb85094b25f725c8a46fabf6288b0b9e6743774739eb3e,PASS,"All four interleaver configurations share payload, noise, burst start and frame sequence."
BCH,BCH_EsN0_6_burst_0.050000000000000003_TAIL,6,0.050000000000000003,TAIL,4,1,1,1,1,a5161cb90e181024a22b332ee00f0ba448920691fe4029d32fb70ab1aa8ab47a,ad4df377423473f0f6832ab789f2744e7b56f3e5f2398a4924302a0bd26d052f,c390134458f0c8f52072cf2e375b1a4c88b3f34d30221896997dc2b984035c9d,c76dd6f3c17103439dfb85094b25f725c8a46fabf6288b0b9e6743774739eb3e,PASS,"All four interleaver configurations share payload, noise, burst start and frame sequence."
BCH,BCH_EsN0_6_burst_0.050000000000000003_THREE_QUARTER,6,0.050000000000000003,THREE_QUARTER,4,1,1,1,1,a5161cb90e181024a22b332ee00f0ba448920691fe4029d32fb70ab1aa8ab47a,ad4df377423473f0f6832ab789f2744e7b56f3e5f2398a4924302a0bd26d052f,adcaeb146f8849a0b0b76009d43bdcb10b82f8d7d357e21a665ffddafe5f0c90,c76dd6f3c17103439dfb85094b25f725c8a46fabf6288b0b9e6743774739eb3e,PASS,"All four interleaver configurations share payload, noise, burst start and frame sequence."
BCH,BCH_EsN0_6_burst_0.10000000000000001_HEAD,6,0.10000000000000001,HEAD,4,1,1,1,1,a5161cb90e181024a22b332ee00f0ba448920691fe4029d32fb70ab1aa8ab47a,ad4df377423473f0f6832ab789f2744e7b56f3e5f2398a4924302a0bd26d052f,c0d9da1fa82d0fcd8ead7d95361036afbb66360e3ddbd3b62e877a318d2e7300,c76dd6f3c17103439dfb85094b25f725c8a46fabf6288b0b9e6743774739eb3e,PASS,"All four interleaver configurations share payload, noise, burst start and frame sequence."
BCH,BCH_EsN0_6_burst_0.10000000000000001_MIDDLE,6,0.10000000000000001,MIDDLE,4,1,1,1,1,a5161cb90e181024a22b332ee00f0ba448920691fe4029d32fb70ab1aa8ab47a,ad4df377423473f0f6832ab789f2744e7b56f3e5f2398a4924302a0bd26d052f,7d4c6e35daa2ff6d0990de4339551453c5cb57bb0f12e2f32aba9e6f5abe3abf,c76dd6f3c17103439dfb85094b25f725c8a46fabf6288b0b9e6743774739eb3e,PASS,"All four interleaver configurations share payload, noise, burst start and frame sequence."
BCH,BCH_EsN0_6_burst_0.10000000000000001_QUARTER,6,0.10000000000000001,QUARTER,4,1,1,1,1,a5161cb90e181024a22b332ee00f0ba448920691fe4029d32fb70ab1aa8ab47a,ad4df377423473f0f6832ab789f2744e7b56f3e5f2398a4924302a0bd26d052f,40895591b69e5351625ed98be6c29e9c9bbdad64208c89187e60f62cd8a1a3c5,c76dd6f3c17103439dfb85094b25f725c8a46fabf6288b0b9e6743774739eb3e,PASS,"All four interleaver configurations share payload, noise, burst start and frame sequence."
BCH,BCH_EsN0_6_burst_0.10000000000000001_RANDOM,6,0.10000000000000001,RANDOM,4,1,1,1,1,a5161cb90e181024a22b332ee00f0ba448920691fe4029d32fb70ab1aa8ab47a,ad4df377423473f0f6832ab789f2744e7b56f3e5f2398a4924302a0bd26d052f,9acdf24f600dcf39468fde9c4dd0aae7c6e6af8db6b308ee7b7e7eccb0827d99,c76dd6f3c17103439dfb85094b25f725c8a46fabf6288b0b9e6743774739eb3e,PASS,"All four interleaver configurations share payload, noise, burst start and frame sequence."
BCH,BCH_EsN0_6_burst_0.10000000000000001_TAIL,6,0.10000000000000001,TAIL,4,1,1,1,1,a5161cb90e181024a22b332ee00f0ba448920691fe4029d32fb70ab1aa8ab47a,ad4df377423473f0f6832ab789f2744e7b56f3e5f2398a4924302a0bd26d052f,200d497cfbeccea8e8b689e65ed36ae1725394120f7262502b6b29c77d328082,c76dd6f3c17103439dfb85094b25f725c8a46fabf6288b0b9e6743774739eb3e,PASS,"All four interleaver configurations share payload, noise, burst start and frame sequence."
BCH,BCH_EsN0_6_burst_0.10000000000000001_THREE_QUARTER,6,0.10000000000000001,THREE_QUARTER,4,1,1,1,1,a5161cb90e181024a22b332ee00f0ba448920691fe4029d32fb70ab1aa8ab47a,ad4df377423473f0f6832ab789f2744e7b56f3e5f2398a4924302a0bd26d052f,fc18e489b7b569493256e05fb8452841ed9b4dd6b29c3ca590ce0ee1ab44c1e8,c76dd6f3c17103439dfb85094b25f725c8a46fabf6288b0b9e6743774739eb3e,PASS,"All four interleaver configurations share payload, noise, burst start and frame sequence."
BCH,BCH_EsN0_6.5_burst_0.02_HEAD,6.5,0.02,HEAD,4,1,1,1,1,480f72e6b193842a9d881af6157c0822fec8d5e44f37f145f4f34b36cb4b498d,9ef254c91afb191cc9d4b94dc3117a7dafba145729bd4e3158c29082e87c1f3c,11b9ddd2a7b30e3164ea12e6cfa8a276241f769bc6f71a997e84f9aaa00308c3,49a0c1639f5eca8f3747672d93d56f3263082664480b1369172987ea40d21851,PASS,"All four interleaver configurations share payload, noise, burst start and frame sequence."
BCH,BCH_EsN0_6.5_burst_0.02_MIDDLE,6.5,0.02,MIDDLE,4,1,1,1,1,6e27171d112d551adbb606867d83ae841f7e4d170902f051e2abaa0e9ec723e9,07f172ef6ed037b9ee0256c0c17ed1568eafbfdf1ebe2c9fd0eba6661495b421,41620f844b18d6b5c715dfc955ab390ffec3d2342b42682e9c9c78d41dab182b,2b25b10ee35ef31bf86ec0e25cf2dd886814e4d17bd4ba071b7057a2272c5576,PASS,"All four interleaver configurations share payload, noise, burst start and frame sequence."
BCH,BCH_EsN0_6.5_burst_0.02_QUARTER,6.5,0.02,QUARTER,4,1,1,1,1,60d683f5e62ee30f90b02a78232222f5ab09f16e62aaad203f957af3cc976bc2,8663892f0bb84959cfc0a0f7d4f0475a4ecb326509635bb53a07e48d612a8e8d,a51cc41485847a1781b95271288b3eded22f028ab55724c1978474dd877a35f5,d0f4bbc1ecf3f8ee8c346a87e18a257a418cf99274e07e8883f553dd871b57e1,PASS,"All four interleaver configurations share payload, noise, burst start and frame sequence."
BCH,BCH_EsN0_6.5_burst_0.02_RANDOM,6.5,0.02,RANDOM,4,1,1,1,1,0d61d91208c6e0ea8bf16951c484461f7e730e9a0c24133f9f2bcc7cdd14488e,8b1e4f6251710bc70631054b741c85f99996fd7cf033b108837500980d2bd672,ad6a889e276b14f65bbf41bf1c41de23ffa0a07d5fd2f546bc9cefbbdd4a0afc,69a0302b0210897ed1ad13599aa53938850039cf0dc360259a7454548e3c44c3,PASS,"All four interleaver configurations share payload, noise, burst start and frame sequence."
BCH,BCH_EsN0_6.5_burst_0.02_TAIL,6.5,0.02,TAIL,4,1,1,1,1,f98b1890d9d08814d3fa91b61b4f68f74fae09dcc237e3279c6e63cede9b2873,868c37ac0922535ab7ea975d3b9647c0f2386d853a6770a01cc5686c19ba79a6,f03a834ba6f243da2b86e7183f026f9cbf9204f37174b7d2b903064f58905c33,b8b7bc9af3b72d2bbc95504951100621848767b1e43c94d477c45bdb097720fc,PASS,"All four interleaver configurations share payload, noise, burst start and frame sequence."
BCH,BCH_EsN0_6.5_burst_0.02_THREE_QUARTER,6.5,0.02,THREE_QUARTER,4,1,1,1,1,d8393b56969a64e9ac13e1c09f19b9c67fc525aace2b8a591d67f1027bb2e5db,ba117064420f5a1566f73607af9793920ddeb43701cf28f4ee5576f60b3e8541,cfdde83828ecb8fe73ada61a1d5672916680158f92d1cad45307ccc8a90707b9,8e26d0a290afa42095c6197ef0ad05c93e424a0c24d911cead6bdcb68b128941,PASS,"All four interleaver configurations share payload, noise, burst start and frame sequence."
BCH,BCH_EsN0_6.5_burst_0.050000000000000003_HEAD,6.5,0.050000000000000003,HEAD,4,1,1,1,1,a5161cb90e181024a22b332ee00f0ba448920691fe4029d32fb70ab1aa8ab47a,ad4df377423473f0f6832ab789f2744e7b56f3e5f2398a4924302a0bd26d052f,c0772b0da560b55244a6168051f7a6f11e70e515bccf50d24f07ad32262cc674,c76dd6f3c17103439dfb85094b25f725c8a46fabf6288b0b9e6743774739eb3e,PASS,"All four interleaver configurations share payload, noise, burst start and frame sequence."
BCH,BCH_EsN0_6.5_burst_0.050000000000000003_MIDDLE,6.5,0.050000000000000003,MIDDLE,4,1,1,1,1,a5161cb90e181024a22b332ee00f0ba448920691fe4029d32fb70ab1aa8ab47a,ad4df377423473f0f6832ab789f2744e7b56f3e5f2398a4924302a0bd26d052f,eecbe5c6e2faa2eaa90c72f480c4da70b630bad6e21f1096df1832da225a9b34,c76dd6f3c17103439dfb85094b25f725c8a46fabf6288b0b9e6743774739eb3e,PASS,"All four interleaver configurations share payload, noise, burst start and frame sequence."
BCH,BCH_EsN0_6.5_burst_0.050000000000000003_QUARTER,6.5,0.050000000000000003,QUARTER,4,1,1,1,1,a5161cb90e181024a22b332ee00f0ba448920691fe4029d32fb70ab1aa8ab47a,ad4df377423473f0f6832ab789f2744e7b56f3e5f2398a4924302a0bd26d052f,6c2047f02728e589aa4cc9f7ea764577324ca4879307753db30c1b1d4701fb08,c76dd6f3c17103439dfb85094b25f725c8a46fabf6288b0b9e6743774739eb3e,PASS,"All four interleaver configurations share payload, noise, burst start and frame sequence."
BCH,BCH_EsN0_6.5_burst_0.050000000000000003_RANDOM,6.5,0.050000000000000003,RANDOM,4,1,1,1,1,a5161cb90e181024a22b332ee00f0ba448920691fe4029d32fb70ab1aa8ab47a,ad4df377423473f0f6832ab789f2744e7b56f3e5f2398a4924302a0bd26d052f,c3c4212eb868db0e0af807d21e860a441ec5c887dc2473dce4e48ae84cc9b9de,c76dd6f3c17103439dfb85094b25f725c8a46fabf6288b0b9e6743774739eb3e,PASS,"All four interleaver configurations share payload, noise, burst start and frame sequence."
BCH,BCH_EsN0_6.5_burst_0.050000000000000003_TAIL,6.5,0.050000000000000003,TAIL,4,1,1,1,1,a5161cb90e181024a22b332ee00f0ba448920691fe4029d32fb70ab1aa8ab47a,ad4df377423473f0f6832ab789f2744e7b56f3e5f2398a4924302a0bd26d052f,c390134458f0c8f52072cf2e375b1a4c88b3f34d30221896997dc2b984035c9d,c76dd6f3c17103439dfb85094b25f725c8a46fabf6288b0b9e6743774739eb3e,PASS,"All four interleaver configurations share payload, noise, burst start and frame sequence."
BCH,BCH_EsN0_6.5_burst_0.050000000000000003_THREE_QUARTER,6.5,0.050000000000000003,THREE_QUARTER,4,1,1,1,1,a5161cb90e181024a22b332ee00f0ba448920691fe4029d32fb70ab1aa8ab47a,ad4df377423473f0f6832ab789f2744e7b56f3e5f2398a4924302a0bd26d052f,adcaeb146f8849a0b0b76009d43bdcb10b82f8d7d357e21a665ffddafe5f0c90,c76dd6f3c17103439dfb85094b25f725c8a46fabf6288b0b9e6743774739eb3e,PASS,"All four interleaver configurations share payload, noise, burst start and frame sequence."
BCH,BCH_EsN0_6.5_burst_0.10000000000000001_HEAD,6.5,0.10000000000000001,HEAD,4,1,1,1,1,a5161cb90e181024a22b332ee00f0ba448920691fe4029d32fb70ab1aa8ab47a,ad4df377423473f0f6832ab789f2744e7b56f3e5f2398a4924302a0bd26d052f,c0d9da1fa82d0fcd8ead7d95361036afbb66360e3ddbd3b62e877a318d2e7300,c76dd6f3c17103439dfb85094b25f725c8a46fabf6288b0b9e6743774739eb3e,PASS,"All four interleaver configurations share payload, noise, burst start and frame sequence."
BCH,BCH_EsN0_6.5_burst_0.10000000000000001_MIDDLE,6.5,0.10000000000000001,MIDDLE,4,1,1,1,1,a5161cb90e181024a22b332ee00f0ba448920691fe4029d32fb70ab1aa8ab47a,ad4df377423473f0f6832ab789f2744e7b56f3e5f2398a4924302a0bd26d052f,7d4c6e35daa2ff6d0990de4339551453c5cb57bb0f12e2f32aba9e6f5abe3abf,c76dd6f3c17103439dfb85094b25f725c8a46fabf6288b0b9e6743774739eb3e,PASS,"All four interleaver configurations share payload, noise, burst start and frame sequence."
BCH,BCH_EsN0_6.5_burst_0.10000000000000001_QUARTER,6.5,0.10000000000000001,QUARTER,4,1,1,1,1,a5161cb90e181024a22b332ee00f0ba448920691fe4029d32fb70ab1aa8ab47a,ad4df377423473f0f6832ab789f2744e7b56f3e5f2398a4924302a0bd26d052f,40895591b69e5351625ed98be6c29e9c9bbdad64208c89187e60f62cd8a1a3c5,c76dd6f3c17103439dfb85094b25f725c8a46fabf6288b0b9e6743774739eb3e,PASS,"All four interleaver configurations share payload, noise, burst start and frame sequence."
BCH,BCH_EsN0_6.5_burst_0.10000000000000001_RANDOM,6.5,0.10000000000000001,RANDOM,4,1,1,1,1,a5161cb90e181024a22b332ee00f0ba448920691fe4029d32fb70ab1aa8ab47a,ad4df377423473f0f6832ab789f2744e7b56f3e5f2398a4924302a0bd26d052f,9acdf24f600dcf39468fde9c4dd0aae7c6e6af8db6b308ee7b7e7eccb0827d99,c76dd6f3c17103439dfb85094b25f725c8a46fabf6288b0b9e6743774739eb3e,PASS,"All four interleaver configurations share payload, noise, burst start and frame sequence."
BCH,BCH_EsN0_6.5_burst_0.10000000000000001_TAIL,6.5,0.10000000000000001,TAIL,4,1,1,1,1,a5161cb90e181024a22b332ee00f0ba448920691fe4029d32fb70ab1aa8ab47a,ad4df377423473f0f6832ab789f2744e7b56f3e5f2398a4924302a0bd26d052f,200d497cfbeccea8e8b689e65ed36ae1725394120f7262502b6b29c77d328082,c76dd6f3c17103439dfb85094b25f725c8a46fabf6288b0b9e6743774739eb3e,PASS,"All four interleaver configurations share payload, noise, burst start and frame sequence."
BCH,BCH_EsN0_6.5_burst_0.10000000000000001_THREE_QUARTER,6.5,0.10000000000000001,THREE_QUARTER,4,1,1,1,1,a5161cb90e181024a22b332ee00f0ba448920691fe4029d32fb70ab1aa8ab47a,ad4df377423473f0f6832ab789f2744e7b56f3e5f2398a4924302a0bd26d052f,fc18e489b7b569493256e05fb8452841ed9b4dd6b29c3ca590ce0ee1ab44c1e8,c76dd6f3c17103439dfb85094b25f725c8a46fabf6288b0b9e6743774739eb3e,PASS,"All four interleaver configurations share payload, noise, burst start and frame sequence."
BCH,BCH_EsN0_7_burst_0.02_HEAD,7,0.02,HEAD,4,1,1,1,1,cd6a3325586da944e8cf96be1dbef2903ec6e9ecf4356cf27cccbd5d7801831a,4b3210c8ba1f62e4710165c4250b07e4567ba40708945517e2560508e2411dc9,1ff0c00ab67cfdf9476412c1930decaad238ea7b496197901899fdebcf927c7e,608def9c7a632d798fcbcdb077a79abde0687f37906f96af08de4e4fbc76a49f,PASS,"All four interleaver configurations share payload, noise, burst start and frame sequence."
BCH,BCH_EsN0_7_burst_0.02_MIDDLE,7,0.02,MIDDLE,4,1,1,1,1,cd28bc725f5cd3207c451230eafba9492f6e3bc794b0010dba6998893b353c3d,36f5355bb2affcf480a7b46937c7aac3985e74e9c4644509ce1eef7904aa4680,f12065dd3bc5bd3606dc4178f2563a7d94ad44c908e61762af67241e2d604f9e,5894b826493044f807646b8b6666bd25e11d9f90460ea4c247e12868462f2a47,PASS,"All four interleaver configurations share payload, noise, burst start and frame sequence."
BCH,BCH_EsN0_7_burst_0.02_QUARTER,7,0.02,QUARTER,4,1,1,1,1,29d18ee70678bf1c9fd7e08232db21cad1665f9b721773ebca4ee4d692a2e160,8bff1aee6ce1eaa49cc0605d9ce2439ae1579ff86aca4fe88c7aacb9384d24dc,1226f1f9cea2d136220c66f7aa342223c22ce052fcadf0e41c8cc4628df16ce8,7da7ddf7cd082100946127fe1a846a270066db0b4e99608b59c870c4bce43f6d,PASS,"All four interleaver configurations share payload, noise, burst start and frame sequence."
BCH,BCH_EsN0_7_burst_0.02_RANDOM,7,0.02,RANDOM,4,1,1,1,1,476bd48369575731584ef9ff1c186cba0578c6c2adeaf71398308d0adf76feb8,53974d21bf67e28290ed8e9f169cd0c8cbdd16fceaa7fafb2e684e9cf6de4d9b,1c2f538c370c5b3d33b3425e6ec1a28131321f8ee9be0b46bdd5f693d2a34664,e4e4fa8350e54ce9dd1f28c3ca1409e8d6ead181967fcab141e58be398cff05d,PASS,"All four interleaver configurations share payload, noise, burst start and frame sequence."
BCH,BCH_EsN0_7_burst_0.02_TAIL,7,0.02,TAIL,4,1,1,1,1,81b4cf2c6b52ab224045676359db9e5efa030849aaf1bb793040c85a622fa9f5,59f062cec44d0020b21dbe7bef0e1f0ebfe80ab9301b0f9ba2c7798b1ccd2e4f,081f60042b67adf3c381bbe1d233091dde0c16a78779afaef8c00fe41750d718,ddb25a8ba330385e8ae6eff3ea49f287eca3171ec22113122c2682c6bba0d29d,PASS,"All four interleaver configurations share payload, noise, burst start and frame sequence."
BCH,BCH_EsN0_7_burst_0.02_THREE_QUARTER,7,0.02,THREE_QUARTER,4,1,1,1,1,b76ce99cc18a21383b8d7b29e9be9458047bbd3d530cd3d7f86a1d6919d1c4e5,4e01465063f18675d7a3983e640ef9c0b8028abb1c404260b073edb1d6cf88ae,8ea408ef4aedab1766fbce0a830d04ce3dcaf9e69c2ce4713c0c962414355bb2,346a34654fb1b6d5e3ec84eda14ff0127317dd10cdcea7693e12880d16a7228c,PASS,"All four interleaver configurations share payload, noise, burst start and frame sequence."
BCH,BCH_EsN0_7_burst_0.050000000000000003_HEAD,7,0.050000000000000003,HEAD,4,1,1,1,1,f2da707ce8ea322ace2b872e80dd1e3cd70fe1741faf2f9c742bcec91f75a627,964b32ccb2361dcbb874b34a61baf946b25c87a9177854d90ea173302a23a56a,aa93b35a45e8ecd2b0b266d6e4cf4d25c66fa5cb11a7d6e649651d9a33c6a54d,70ecd3e649e4eb663601a8f7fd0f5ba200eb0709a98809a8156a15d2cf5fdf10,PASS,"All four interleaver configurations share payload, noise, burst start and frame sequence."
BCH,BCH_EsN0_7_burst_0.050000000000000003_MIDDLE,7,0.050000000000000003,MIDDLE,4,1,1,1,1,057e461053a6ff1273052b4b7af927960785c055da00971dd443ee8226463e58,de85610091ec50ee92cfcb2d44a9d5ee22b55a5766957f6a9202fcfe7613ea42,441d972ba38ff3fbb5b0c340da38105b6439b11b468626d06fe3a6e01a4e6b97,2957f6806e4aca1c1c625b8488279f4c1a7d47738223e977f565ccb32f39c0d4,PASS,"All four interleaver configurations share payload, noise, burst start and frame sequence."
BCH,BCH_EsN0_7_burst_0.050000000000000003_QUARTER,7,0.050000000000000003,QUARTER,4,1,1,1,1,9fdd98423faa8e83ab52bed8a9972177e8c03b6af06014fa32a1e763808aaccf,400e9603a0952f1cf18689a05403448184f39000fccf76f2de2ace65fec5e062,9705f7d5a6c76d9e18af3e9e6b802ce896ad0567060cc44f14a0edaaa46bb298,40b1a7356e15d9b7e376a56d621ea34cca22807a2c3bfd5ad3f91c8c3c1c6659,PASS,"All four interleaver configurations share payload, noise, burst start and frame sequence."
BCH,BCH_EsN0_7_burst_0.050000000000000003_RANDOM,7,0.050000000000000003,RANDOM,4,1,1,1,1,3b1d29e87a00d27f7deccfcbdd96aa287106a98d6fa0f837e6b79f81bf9088b9,5405bf2e5144bac989b57cdfe9b055036363d0a2beff00bfb90069054eba295d,75cf47dda275332f9c78bfcba45ede4a1e7c77d18960df26988f0d49c3eb2a09,bd3f1b7d7f3ed2aa1d04e581b9afdf86aa841d0a353a3936ef731da39c15db2a,PASS,"All four interleaver configurations share payload, noise, burst start and frame sequence."
BCH,BCH_EsN0_7_burst_0.050000000000000003_TAIL,7,0.050000000000000003,TAIL,4,1,1,1,1,eeea8b1ff91bd30d2710aa980af62303dc73a9d3580f8e8517244adc7f833c08,ba162ab2cd305926bff700754ef25713ac04eb06cbeef0e9161a6a8a1c42357f,29b981c6d643666cab9be6a2181ad6dabbfd1888b1e4e90deaf0406d04fa7040,86769dd2bee62007d28ea66c5a19abc153f63ffa1ee604b306b19c59eda9ea0c,PASS,"All four interleaver configurations share payload, noise, burst start and frame sequence."
BCH,BCH_EsN0_7_burst_0.050000000000000003_THREE_QUARTER,7,0.050000000000000003,THREE_QUARTER,4,1,1,1,1,05b3934be3d2c9582c7f79c18535ca79d3b621cbfd668405e043a738f841aecf,5edc56b122495f5ff4fb804bffde4903040b6f08121cbd337468a91a88817418,fb974ff401a3413ec54321dd81034b58644ccc542cb4f47cac88499b5361f27f,bddddce9a6bd9145b3f125695e30595889bcf46b0ac3c8035ec72153dc947e79,PASS,"All four interleaver configurations share payload, noise, burst start and frame sequence."
BCH,BCH_EsN0_7_burst_0.10000000000000001_HEAD,7,0.10000000000000001,HEAD,4,1,1,1,1,a5161cb90e181024a22b332ee00f0ba448920691fe4029d32fb70ab1aa8ab47a,ad4df377423473f0f6832ab789f2744e7b56f3e5f2398a4924302a0bd26d052f,c0d9da1fa82d0fcd8ead7d95361036afbb66360e3ddbd3b62e877a318d2e7300,c76dd6f3c17103439dfb85094b25f725c8a46fabf6288b0b9e6743774739eb3e,PASS,"All four interleaver configurations share payload, noise, burst start and frame sequence."
BCH,BCH_EsN0_7_burst_0.10000000000000001_MIDDLE,7,0.10000000000000001,MIDDLE,4,1,1,1,1,a5161cb90e181024a22b332ee00f0ba448920691fe4029d32fb70ab1aa8ab47a,ad4df377423473f0f6832ab789f2744e7b56f3e5f2398a4924302a0bd26d052f,7d4c6e35daa2ff6d0990de4339551453c5cb57bb0f12e2f32aba9e6f5abe3abf,c76dd6f3c17103439dfb85094b25f725c8a46fabf6288b0b9e6743774739eb3e,PASS,"All four interleaver configurations share payload, noise, burst start and frame sequence."
BCH,BCH_EsN0_7_burst_0.10000000000000001_QUARTER,7,0.10000000000000001,QUARTER,4,1,1,1,1,a5161cb90e181024a22b332ee00f0ba448920691fe4029d32fb70ab1aa8ab47a,ad4df377423473f0f6832ab789f2744e7b56f3e5f2398a4924302a0bd26d052f,40895591b69e5351625ed98be6c29e9c9bbdad64208c89187e60f62cd8a1a3c5,c76dd6f3c17103439dfb85094b25f725c8a46fabf6288b0b9e6743774739eb3e,PASS,"All four interleaver configurations share payload, noise, burst start and frame sequence."
BCH,BCH_EsN0_7_burst_0.10000000000000001_RANDOM,7,0.10000000000000001,RANDOM,4,1,1,1,1,a5161cb90e181024a22b332ee00f0ba448920691fe4029d32fb70ab1aa8ab47a,ad4df377423473f0f6832ab789f2744e7b56f3e5f2398a4924302a0bd26d052f,9acdf24f600dcf39468fde9c4dd0aae7c6e6af8db6b308ee7b7e7eccb0827d99,c76dd6f3c17103439dfb85094b25f725c8a46fabf6288b0b9e6743774739eb3e,PASS,"All four interleaver configurations share payload, noise, burst start and frame sequence."
BCH,BCH_EsN0_7_burst_0.10000000000000001_TAIL,7,0.10000000000000001,TAIL,4,1,1,1,1,a5161cb90e181024a22b332ee00f0ba448920691fe4029d32fb70ab1aa8ab47a,ad4df377423473f0f6832ab789f2744e7b56f3e5f2398a4924302a0bd26d052f,200d497cfbeccea8e8b689e65ed36ae1725394120f7262502b6b29c77d328082,c76dd6f3c17103439dfb85094b25f725c8a46fabf6288b0b9e6743774739eb3e,PASS,"All four interleaver configurations share payload, noise, burst start and frame sequence."
BCH,BCH_EsN0_7_burst_0.10000000000000001_THREE_QUARTER,7,0.10000000000000001,THREE_QUARTER,4,1,1,1,1,a5161cb90e181024a22b332ee00f0ba448920691fe4029d32fb70ab1aa8ab47a,ad4df377423473f0f6832ab789f2744e7b56f3e5f2398a4924302a0bd26d052f,fc18e489b7b569493256e05fb8452841ed9b4dd6b29c3ca590ce0ee1ab44c1e8,c76dd6f3c17103439dfb85094b25f725c8a46fabf6288b0b9e6743774739eb3e,PASS,"All four interleaver configurations share payload, noise, burst start and frame sequence."
BCH,BCH_EsN0_7.5_burst_0.02_HEAD,7.5,0.02,HEAD,4,1,1,1,1,cea70daf4f25b3d431da295097d19ff52eee7fcd8c2704adec50bf4237553694,f5d395ddadf7a5d250e7f3db23f25999bd006c95194a39393df721b54db86513,6193d041eb7b622e0c1ee13ae620cebb2d277815f10012e33811621b6b75fc19,9a2c8f088cdc1eedadc4e42a9799c77335b61123297ef80947d0333d38ade1f9,PASS,"All four interleaver configurations share payload, noise, burst start and frame sequence."
BCH,BCH_EsN0_7.5_burst_0.02_MIDDLE,7.5,0.02,MIDDLE,4,1,1,1,1,5f267db073a80d34c67de695ba4deb74e66760d4e4b43a881ce65420e08318da,0d555a57283c24e3aa6320c56915cb1e8e2967e147e74ce29ecf9f356b9fb05b,7bedc74e087c26c417230cc696a3f8b681e61eaf33a964ca0812530933efcd98,3bdfdce932f9c6903d92d7a547eb3883c1da3dac0dbba4fbbab990bc575bb0df,PASS,"All four interleaver configurations share payload, noise, burst start and frame sequence."
BCH,BCH_EsN0_7.5_burst_0.02_QUARTER,7.5,0.02,QUARTER,4,1,1,1,1,04f7a2f2073b17314702d6ba7fe42be111683a410396ede1f35816e5f83f792b,43735e9905ed6b1da47a6ab1ff6c3a11244653a2f554a9f591e9fb91af1a0f28,284cffc9b0cf47f7d241bed9c5bc280d956fecc56372fa670debe74aa9c0a22a,ef02a45b0f3a61e54c5e69849c2bbae814a103e2c1c4c502908331730fc9993b,PASS,"All four interleaver configurations share payload, noise, burst start and frame sequence."
BCH,BCH_EsN0_7.5_burst_0.02_RANDOM,7.5,0.02,RANDOM,4,1,1,1,1,0baee24f041fe8807b251909c3245a8d74ff33e0095138523ce9a829f34140d3,c4e22cf86cb1857a3632b1ef1e3a2ae5215bf2fe30d16ed3eb7c1817cec408a0,bd0609d20b74ea3ce1b8c8951de190c3786ee162373416d726954e97d8d1e6b6,587289f9440d1cfdf706b5ab27ece06c47d3b626d5fa11cbea600fdd7ff11bf9,PASS,"All four interleaver configurations share payload, noise, burst start and frame sequence."
BCH,BCH_EsN0_7.5_burst_0.02_TAIL,7.5,0.02,TAIL,4,1,1,1,1,02a0e0940713cd5369b1ad2bc67fa848346716da363c266abee8ecd48a2e7d90,66f504fafd4377684ae5cfe9025a9e85f9583e0a26cd915fcfac18876f4e8113,656fbe41c692ddbf3464ceb9d7833bf4436213ba09ae907e7361f3befeca02e7,b335a9d40b9d8070cb24116e9a1dc6d0eccf0ec2e522b24765826287c9136c0e,PASS,"All four interleaver configurations share payload, noise, burst start and frame sequence."
BCH,BCH_EsN0_7.5_burst_0.02_THREE_QUARTER,7.5,0.02,THREE_QUARTER,4,1,1,1,1,987f8d85e58e1e23232ac124dcc0204667a03b6f5ed2fdc6ef48e482581e881f,b9a4d3a8bc52eab75c73a871291d8f910ffc5167e8e2f6b776fd3426621cf226,2539df11d11db3407d2b1131ed3a61cbf13ff651015fdf8987c0822df4f29569,723d7e7d9aa49e53aa63af985d60dbd8d71fea5f66c94986eff8f495d193c2cb,PASS,"All four interleaver configurations share payload, noise, burst start and frame sequence."
BCH,BCH_EsN0_7.5_burst_0.050000000000000003_HEAD,7.5,0.050000000000000003,HEAD,4,1,1,1,1,012831ce66ec9ab4097e46841f26b69f5eb65689ea945b387d92d3fd8d3c79e8,ad85b41d9d0f91b4bc70a7dd7db94446e0878e2cf7bdf08feea64bcb19dd9685,a7c51b2518730b2c4b40125c42e6cf01c78253f5a3e1c63c40ded29ab2d0ff2e,dd73c6305a9cd1e20f50aa62b9029bcb11e2cb997f8c14ce154197eb96d26eed,PASS,"All four interleaver configurations share payload, noise, burst start and frame sequence."
BCH,BCH_EsN0_7.5_burst_0.050000000000000003_MIDDLE,7.5,0.050000000000000003,MIDDLE,4,1,1,1,1,59b9a5590fbf392f158a2c37586cbf52b4195b40ece62b349be3ed3d2a627ef6,1506b8033c74e3a124f29d1007c42f236691f4fdf5b5e18138d61b1bd7db7988,f864a6ff5763e368322cab56ee196d42454fbb15154fd54e1ab4b348e68b1be4,f8c1845204f11bbce6b511a00d150ba2067ca44cd55f37f688f83b048eb858c3,PASS,"All four interleaver configurations share payload, noise, burst start and frame sequence."
BCH,BCH_EsN0_7.5_burst_0.050000000000000003_QUARTER,7.5,0.050000000000000003,QUARTER,4,1,1,1,1,a988ba8e5987d0847604f25d375f7c61a646f6372413e1062ce0064a6a5d1de6,9e34da79a9fb93f2621c5dacd1f406a9d752954aff9dedf1bd31b0a31b84e724,201410ff5eda2842778acb4470e34a999c9d433fedd012cb7dc1103b58656c12,b9ff26f5fbafc57daec67fdb633f795ad1d88ae725b7dd84bb8854ffa321d771,PASS,"All four interleaver configurations share payload, noise, burst start and frame sequence."
BCH,BCH_EsN0_7.5_burst_0.050000000000000003_RANDOM,7.5,0.050000000000000003,RANDOM,4,1,1,1,1,d933a9c798da9b03aaad15d122986efb50d58a91d5e979660eaf183dfe26ccfa,605bb262301659ae8052ac8519e10888a3822ca652be4ecc3d676c54f7aac4df,33db22cd6456a0ec61323f4bac4dcc6a1dcf974f66bacdb61ee704d4d0b78917,75acf10ec745d355b1983e795525bc68a8dc9f1918d01187df65edefaee1705c,PASS,"All four interleaver configurations share payload, noise, burst start and frame sequence."
BCH,BCH_EsN0_7.5_burst_0.050000000000000003_TAIL,7.5,0.050000000000000003,TAIL,4,1,1,1,1,4634fa89be840e17db90295c50f2784571d4a96b85daab001e54e03c67c7b897,5ae64b56f533eea00fbe98efccfa4534cc3f0d4a3a0a5c1905b60fd17bd7ac39,3b826c74b34e0d8faedd994b839d6995d986db4693645fe4a644dffa00225af1,b937da51336c7a6af5d54eb3995e97da2451fa30e5211f7ea726f674c6666fbb,PASS,"All four interleaver configurations share payload, noise, burst start and frame sequence."
BCH,BCH_EsN0_7.5_burst_0.050000000000000003_THREE_QUARTER,7.5,0.050000000000000003,THREE_QUARTER,4,1,1,1,1,731fa4d718b1198a0714b74a6244972fc12816211edc2cf8ebe4ebfd859d11f7,defe96845ce90efe9540191969ac1970153a138219fe74dfd37e88e28d4c2d87,f51c47b419bf47dfa9d6e966d584315249a61fe41a9a75de55e35aa25b08a5dd,25740f638f23920aa1b3234fb49d048fb327c9e0709793b664240fdd66dee7ec,PASS,"All four interleaver configurations share payload, noise, burst start and frame sequence."
BCH,BCH_EsN0_7.5_burst_0.10000000000000001_HEAD,7.5,0.10000000000000001,HEAD,4,1,1,1,1,a5161cb90e181024a22b332ee00f0ba448920691fe4029d32fb70ab1aa8ab47a,ad4df377423473f0f6832ab789f2744e7b56f3e5f2398a4924302a0bd26d052f,c0d9da1fa82d0fcd8ead7d95361036afbb66360e3ddbd3b62e877a318d2e7300,c76dd6f3c17103439dfb85094b25f725c8a46fabf6288b0b9e6743774739eb3e,PASS,"All four interleaver configurations share payload, noise, burst start and frame sequence."
BCH,BCH_EsN0_7.5_burst_0.10000000000000001_MIDDLE,7.5,0.10000000000000001,MIDDLE,4,1,1,1,1,a5161cb90e181024a22b332ee00f0ba448920691fe4029d32fb70ab1aa8ab47a,ad4df377423473f0f6832ab789f2744e7b56f3e5f2398a4924302a0bd26d052f,7d4c6e35daa2ff6d0990de4339551453c5cb57bb0f12e2f32aba9e6f5abe3abf,c76dd6f3c17103439dfb85094b25f725c8a46fabf6288b0b9e6743774739eb3e,PASS,"All four interleaver configurations share payload, noise, burst start and frame sequence."
BCH,BCH_EsN0_7.5_burst_0.10000000000000001_QUARTER,7.5,0.10000000000000001,QUARTER,4,1,1,1,1,a5161cb90e181024a22b332ee00f0ba448920691fe4029d32fb70ab1aa8ab47a,ad4df377423473f0f6832ab789f2744e7b56f3e5f2398a4924302a0bd26d052f,40895591b69e5351625ed98be6c29e9c9bbdad64208c89187e60f62cd8a1a3c5,c76dd6f3c17103439dfb85094b25f725c8a46fabf6288b0b9e6743774739eb3e,PASS,"All four interleaver configurations share payload, noise, burst start and frame sequence."
BCH,BCH_EsN0_7.5_burst_0.10000000000000001_RANDOM,7.5,0.10000000000000001,RANDOM,4,1,1,1,1,a5161cb90e181024a22b332ee00f0ba448920691fe4029d32fb70ab1aa8ab47a,ad4df377423473f0f6832ab789f2744e7b56f3e5f2398a4924302a0bd26d052f,9acdf24f600dcf39468fde9c4dd0aae7c6e6af8db6b308ee7b7e7eccb0827d99,c76dd6f3c17103439dfb85094b25f725c8a46fabf6288b0b9e6743774739eb3e,PASS,"All four interleaver configurations share payload, noise, burst start and frame sequence."
BCH,BCH_EsN0_7.5_burst_0.10000000000000001_TAIL,7.5,0.10000000000000001,TAIL,4,1,1,1,1,a5161cb90e181024a22b332ee00f0ba448920691fe4029d32fb70ab1aa8ab47a,ad4df377423473f0f6832ab789f2744e7b56f3e5f2398a4924302a0bd26d052f,200d497cfbeccea8e8b689e65ed36ae1725394120f7262502b6b29c77d328082,c76dd6f3c17103439dfb85094b25f725c8a46fabf6288b0b9e6743774739eb3e,PASS,"All four interleaver configurations share payload, noise, burst start and frame sequence."
BCH,BCH_EsN0_7.5_burst_0.10000000000000001_THREE_QUARTER,7.5,0.10000000000000001,THREE_QUARTER,4,1,1,1,1,a5161cb90e181024a22b332ee00f0ba448920691fe4029d32fb70ab1aa8ab47a,ad4df377423473f0f6832ab789f2744e7b56f3e5f2398a4924302a0bd26d052f,fc18e489b7b569493256e05fb8452841ed9b4dd6b29c3ca590ce0ee1ab44c1e8,c76dd6f3c17103439dfb85094b25f725c8a46fabf6288b0b9e6743774739eb3e,PASS,"All four interleaver configurations share payload, noise, burst start and frame sequence."
BCH,BCH_EsN0_8_burst_0.02_HEAD,8,0.02,HEAD,4,1,1,1,1,dba3bfe702b70a0105eac050babe5dfddfd5b98c0c7405b713966ffd8fe73339,2c25988180df20e6a42112d05eefe157354abf7a5321c4432a3badf7df817237,97579bc609ea45c5af58dbc979b296c90efb6fed6c8240ecf23e80a700836aca,0a038de23593d7a489e8a848744d9ba7c207f17c4443da5d53f461a4a56367e1,PASS,"All four interleaver configurations share payload, noise, burst start and frame sequence."
BCH,BCH_EsN0_8_burst_0.02_MIDDLE,8,0.02,MIDDLE,4,1,1,1,1,f5ba4fdfdecbd66ba81ebca8965f9cd6a3b924780d2e02af0770edd77dde6f7a,8205dd1b42475e5709a02d41ce8508150905b31c2858d4e5106da51fa4cbfa3e,3610367c88751c4dcaed6ddbb3dc8509a5aabe5ab984e47014aa6e4013d1e685,c25c0c3466eb4e31cd39b0fa3d555e8d8213b023c51b6b326a2f1babd650955f,PASS,"All four interleaver configurations share payload, noise, burst start and frame sequence."
BCH,BCH_EsN0_8_burst_0.02_QUARTER,8,0.02,QUARTER,4,1,1,1,1,cf7ee31af69c72ef982378bb69d00da0a7bb3e58a2b467dea0e551d172625bb6,a747a2f9fa7c493bd7776e8925d4c71c977342b330a37745eb3c2f790f01cb27,6f755a5eee26f5fe37b24c95a8ac01a479caa9ca995c4be4aa4638f20f6ae2da,70c03b066a0a24f6279825e9de1e98d6ef268fbca5bf745e328681512d74038b,PASS,"All four interleaver configurations share payload, noise, burst start and frame sequence."
BCH,BCH_EsN0_8_burst_0.02_RANDOM,8,0.02,RANDOM,4,1,1,1,1,c31ce22165d9722807b5dbbb62c897ce45fe6586726e79388926b598a18dfe8d,f717714226ca97e16b64bcd5b16fda09dcbfea857b800bc4d0247f55bd0c970f,e042c2f89de3db48b64ef15b98142e42e1216e681b412a9b3fcaaccf65e6baf5,4c8a6c29c3c351d0ede58444e3f04ef4254bd9a9535f875bbd5114a999115ee4,PASS,"All four interleaver configurations share payload, noise, burst start and frame sequence."
BCH,BCH_EsN0_8_burst_0.02_TAIL,8,0.02,TAIL,4,1,1,1,1,02a0e0940713cd5369b1ad2bc67fa848346716da363c266abee8ecd48a2e7d90,66f504fafd4377684ae5cfe9025a9e85f9583e0a26cd915fcfac18876f4e8113,656fbe41c692ddbf3464ceb9d7833bf4436213ba09ae907e7361f3befeca02e7,b335a9d40b9d8070cb24116e9a1dc6d0eccf0ec2e522b24765826287c9136c0e,PASS,"All four interleaver configurations share payload, noise, burst start and frame sequence."
BCH,BCH_EsN0_8_burst_0.02_THREE_QUARTER,8,0.02,THREE_QUARTER,4,1,1,1,1,2559ba48e92baaccb526be6fd13f03517dfa194d8669ee9de2cad7d58d18aa5a,86b924cf979c11f76121410f5f19d2d9e1f5d36c1f554eb66885f655c39b88b9,69cbec8acf5367458996d7f2cf6e4a04017464b43f28bbd4b9ff26a82a0e316d,231bcb9d7ef32a14f8b8627d62564cde8adc21a6d26a2d7c9d17f1b7dc40e29a,PASS,"All four interleaver configurations share payload, noise, burst start and frame sequence."
BCH,BCH_EsN0_8_burst_0.050000000000000003_HEAD,8,0.050000000000000003,HEAD,4,1,1,1,1,6f078cef6ac984ca35c70340fa2d264e0b04e53d5020fcdbd0a1cc83b8dbbe5e,4a0d895ffec73cd64de9c13bc872bd1442ac231a5c344a359a76cd0ccdd91cdf,7d014ab96d26c48ee4fe5fd679fd02771850bee51aae2c21e963d99339ab389d,846d83f1e6deb44dfd6074fcc979747c91176fc919036b3981956dda167ca5ab,PASS,"All four interleaver configurations share payload, noise, burst start and frame sequence."
BCH,BCH_EsN0_8_burst_0.050000000000000003_MIDDLE,8,0.050000000000000003,MIDDLE,4,1,1,1,1,6f078cef6ac984ca35c70340fa2d264e0b04e53d5020fcdbd0a1cc83b8dbbe5e,4a0d895ffec73cd64de9c13bc872bd1442ac231a5c344a359a76cd0ccdd91cdf,bfe24312cc67c9966ca367792c9ca00904c4a9a30f77e36e3b14a2da285af53a,846d83f1e6deb44dfd6074fcc979747c91176fc919036b3981956dda167ca5ab,PASS,"All four interleaver configurations share payload, noise, burst start and frame sequence."
BCH,BCH_EsN0_8_burst_0.050000000000000003_QUARTER,8,0.050000000000000003,QUARTER,4,1,1,1,1,d2bd0f0f1a7848d84562d06e8d3d937188c69a3c46782c6575de6943608cf931,48b20c032a264cd87c043878de8518799a69c025d103a5fce744c57a254f6f89,96d3ac62369a5b8cb8acdaa56f1ebdd23e3ec4b0bf8ed26ef8399502ba796101,7f143a67cc8122f381977fa9e44b7d166a366c41b78ce63c95a4a22465b158fe,PASS,"All four interleaver configurations share payload, noise, burst start and frame sequence."
BCH,BCH_EsN0_8_burst_0.050000000000000003_RANDOM,8,0.050000000000000003,RANDOM,4,1,1,1,1,452dafcadb06f4cf4b8a78245d3024a840c456a6c886b5b65783b1582fe6dafe,f9acadd0474769b31c218dfe6bc423c1274d994f687024202cdbeb3cda8f2b6f,9f5dfd33bf92dbaddccc3fedded33f183ac55677b344b2c8a32a58986a4a7983,a35775eb9983160d6054b4deb3bdf0235b07855b7567bb61132281efa265621c,PASS,"All four interleaver configurations share payload, noise, burst start and frame sequence."
BCH,BCH_EsN0_8_burst_0.050000000000000003_TAIL,8,0.050000000000000003,TAIL,4,1,1,1,1,3754e29fbff42b4bcdcc75d0a216eb636d13a88ee8e6f7d965d505113156d044,c90f4b98e1eb0a4bc0d8eb766efba6504912700766bb369457aa089c3d7bc9c5,a9ec29d7478facf2ecb7c0c3a4caa164453b1ea28332c8c52afb73bd50a5320e,2b876fd30a7cad2e975df2f581a25ee0152df443ccd43b9044877a859defcf37,PASS,"All four interleaver configurations share payload, noise, burst start and frame sequence."
BCH,BCH_EsN0_8_burst_0.050000000000000003_THREE_QUARTER,8,0.050000000000000003,THREE_QUARTER,4,1,1,1,1,8ae9abdb48b3ffdd5db1bea09bda31c14f7881c847d778ad63cb6c00403aef28,c347689985b2b368666d5fc238fe210e7ba289ec7a97b27abf9878aac900eec6,9ddf6d751bf9b30cb9554da312ba124e115ee58949911437f9374eaf3d290a96,f6fac1a9a5570e6a9f600c84eea7d4f1bfb5e2d2ebe85e35830f86f11f5739cc,PASS,"All four interleaver configurations share payload, noise, burst start and frame sequence."
BCH,BCH_EsN0_8_burst_0.10000000000000001_HEAD,8,0.10000000000000001,HEAD,4,1,1,1,1,a5161cb90e181024a22b332ee00f0ba448920691fe4029d32fb70ab1aa8ab47a,ad4df377423473f0f6832ab789f2744e7b56f3e5f2398a4924302a0bd26d052f,c0d9da1fa82d0fcd8ead7d95361036afbb66360e3ddbd3b62e877a318d2e7300,c76dd6f3c17103439dfb85094b25f725c8a46fabf6288b0b9e6743774739eb3e,PASS,"All four interleaver configurations share payload, noise, burst start and frame sequence."
BCH,BCH_EsN0_8_burst_0.10000000000000001_MIDDLE,8,0.10000000000000001,MIDDLE,4,1,1,1,1,a5161cb90e181024a22b332ee00f0ba448920691fe4029d32fb70ab1aa8ab47a,ad4df377423473f0f6832ab789f2744e7b56f3e5f2398a4924302a0bd26d052f,7d4c6e35daa2ff6d0990de4339551453c5cb57bb0f12e2f32aba9e6f5abe3abf,c76dd6f3c17103439dfb85094b25f725c8a46fabf6288b0b9e6743774739eb3e,PASS,"All four interleaver configurations share payload, noise, burst start and frame sequence."
BCH,BCH_EsN0_8_burst_0.10000000000000001_QUARTER,8,0.10000000000000001,QUARTER,4,1,1,1,1,a5161cb90e181024a22b332ee00f0ba448920691fe4029d32fb70ab1aa8ab47a,ad4df377423473f0f6832ab789f2744e7b56f3e5f2398a4924302a0bd26d052f,40895591b69e5351625ed98be6c29e9c9bbdad64208c89187e60f62cd8a1a3c5,c76dd6f3c17103439dfb85094b25f725c8a46fabf6288b0b9e6743774739eb3e,PASS,"All four interleaver configurations share payload, noise, burst start and frame sequence."
BCH,BCH_EsN0_8_burst_0.10000000000000001_RANDOM,8,0.10000000000000001,RANDOM,4,1,1,1,1,a5161cb90e181024a22b332ee00f0ba448920691fe4029d32fb70ab1aa8ab47a,ad4df377423473f0f6832ab789f2744e7b56f3e5f2398a4924302a0bd26d052f,9acdf24f600dcf39468fde9c4dd0aae7c6e6af8db6b308ee7b7e7eccb0827d99,c76dd6f3c17103439dfb85094b25f725c8a46fabf6288b0b9e6743774739eb3e,PASS,"All four interleaver configurations share payload, noise, burst start and frame sequence."
BCH,BCH_EsN0_8_burst_0.10000000000000001_TAIL,8,0.10000000000000001,TAIL,4,1,1,1,1,a5161cb90e181024a22b332ee00f0ba448920691fe4029d32fb70ab1aa8ab47a,ad4df377423473f0f6832ab789f2744e7b56f3e5f2398a4924302a0bd26d052f,200d497cfbeccea8e8b689e65ed36ae1725394120f7262502b6b29c77d328082,c76dd6f3c17103439dfb85094b25f725c8a46fabf6288b0b9e6743774739eb3e,PASS,"All four interleaver configurations share payload, noise, burst start and frame sequence."
BCH,BCH_EsN0_8_burst_0.10000000000000001_THREE_QUARTER,8,0.10000000000000001,THREE_QUARTER,4,1,1,1,1,a5161cb90e181024a22b332ee00f0ba448920691fe4029d32fb70ab1aa8ab47a,ad4df377423473f0f6832ab789f2744e7b56f3e5f2398a4924302a0bd26d052f,fc18e489b7b569493256e05fb8452841ed9b4dd6b29c3ca590ce0ee1ab44c1e8,c76dd6f3c17103439dfb85094b25f725c8a46fabf6288b0b9e6743774739eb3e,PASS,"All four interleaver configurations share payload, noise, burst start and frame sequence."
BCH,BCH_EsN0_8.5_burst_0.02_HEAD,8.5,0.02,HEAD,4,1,1,1,1,79401bafe1968784788c48b030101499e33579d4b1af1a6fab085eb7248a8801,cc5ff07e4ab2213d282a7729bd335df86d22a0f12ecb50c2830b244aa55bbda5,f72d3d3850f38e62295da4b05fd24f6bb4c748a19e8518a770324b2ef12310d2,7d245a15fff961e5ce0c9176f91e02e17fa0a000a2bbc0b3873b0cb24c283a95,PASS,"All four interleaver configurations share payload, noise, burst start and frame sequence."
BCH,BCH_EsN0_8.5_burst_0.02_MIDDLE,8.5,0.02,MIDDLE,4,1,1,1,1,7f212d6bd31bfcdf3e82fe5db15a1b29655785e50a1023a4b6316c7f7f147998,e75d1960efb2b371829590a965edca5853e3a24a9d50e39b393694a709fe99b9,c7a0ff16a5ac362b813b1a6caeb458d70441b5b638292326118c2930d3660114,4fabc6c4b5d0c6b556b2ad0c5ef88fa68c95c15cacd152e8505d08042e62bccb,PASS,"All four interleaver configurations share payload, noise, burst start and frame sequence."
BCH,BCH_EsN0_8.5_burst_0.02_QUARTER,8.5,0.02,QUARTER,4,1,1,1,1,c8a1110c365516f1d865065492b6955207ad3815ac076a5e818b5e3f57c17eb9,f53bed404cbb6a4251b4b7104f55b362ccc2ed3a6c9e8c0c197a2c892dcd2456,786d1e8ee83d2607459b94b45de3e78330fcfabaa73e40fa8e2bd9ed336d8694,22879dcb610ee1b736368cac3e7504c6876846428702cde441e0fad89374e7b6,PASS,"All four interleaver configurations share payload, noise, burst start and frame sequence."
BCH,BCH_EsN0_8.5_burst_0.02_RANDOM,8.5,0.02,RANDOM,4,1,1,1,1,85e22f91be976808063b5b1190cce4977176f8f34fef2b9b4e5ac74ad76c3d0c,60b8b86225cecebc4af4ec24576d1b2e68c2e91e482ef6b4425b2dd5b7d349b2,b4810c584f958b0393e583ef6f6a7cdbd91acf18a62b22c249a0106b9ee0f18a,1e7747d1dd3fb07e0da5a9ca1e2fbc42586326b257b01937ca0a9a50623ea77c,PASS,"All four interleaver configurations share payload, noise, burst start and frame sequence."
BCH,BCH_EsN0_8.5_burst_0.02_TAIL,8.5,0.02,TAIL,4,1,1,1,1,02a0e0940713cd5369b1ad2bc67fa848346716da363c266abee8ecd48a2e7d90,66f504fafd4377684ae5cfe9025a9e85f9583e0a26cd915fcfac18876f4e8113,656fbe41c692ddbf3464ceb9d7833bf4436213ba09ae907e7361f3befeca02e7,b335a9d40b9d8070cb24116e9a1dc6d0eccf0ec2e522b24765826287c9136c0e,PASS,"All four interleaver configurations share payload, noise, burst start and frame sequence."
BCH,BCH_EsN0_8.5_burst_0.02_THREE_QUARTER,8.5,0.02,THREE_QUARTER,4,1,1,1,1,a4f9efafb902faddb93363e2728a524ce02745e0a45c631fc78dc8267674861a,3db67541710d4e0d198511ec9d5bed89348fa2844d79fd9954bf6352dd3d105b,0d9cf0e7482518d27023b3af76dd5243ae7584934af62691cfdc13758b878968,acebb1dd89bd3a066f5cf4a1421387a44da19446f4bfaa74048c4ee230892eb3,PASS,"All four interleaver configurations share payload, noise, burst start and frame sequence."
BCH,BCH_EsN0_8.5_burst_0.050000000000000003_HEAD,8.5,0.050000000000000003,HEAD,4,1,1,1,1,a05ae6ce3dd6afae1af8cfd68c5eefdb7ecc06fd0f1addd37222b40a5646c12f,55791232b3d572fb81a547acb4f86bc2a31bc5f531c5d25da598aef9f605c63d,bf77c27bbca37bf41587bd89561ca60fa354ddd7ce16ca497097286d3e2626b8,eb290b328ec21c5741088855884fdb2daf320b1b513f34884ed90ea59005672f,PASS,"All four interleaver configurations share payload, noise, burst start and frame sequence."
BCH,BCH_EsN0_8.5_burst_0.050000000000000003_MIDDLE,8.5,0.050000000000000003,MIDDLE,4,1,1,1,1,3aa304db7d737d547784344d4f14a9b4bb43117200117d51ca2a0a99ffc04eed,d123f427bcbdf6bbee945096bb6eaadf47c8a3e944fa8b1f3d730d52f9fb343c,b20835dc8760f421b2c88c04131ac03a1152db3ea213878dcaecc7db86fe17f3,81cf5a6dabf1216436e3767e132e3f21842430f08e0043fbcc82a602ff49b966,PASS,"All four interleaver configurations share payload, noise, burst start and frame sequence."
BCH,BCH_EsN0_8.5_burst_0.050000000000000003_QUARTER,8.5,0.050000000000000003,QUARTER,4,1,1,1,1,be41a1e67d43f04da1e44704dd9303d20be85f6bd84e1035081e5812518a19e5,43e410932a7212e6a203f70c1484e0d5f4f98eff9ffd96927bceb9cf66a9c032,16f9f7a3793fbe1cbeda4be697516745f8cce244b727af73c093e03e4efc2ad5,b737f7320cc6d72f332fbe6ee41cd3c34c1f0872171f5e990b94ba34735ed22b,PASS,"All four interleaver configurations share payload, noise, burst start and frame sequence."
BCH,BCH_EsN0_8.5_burst_0.050000000000000003_RANDOM,8.5,0.050000000000000003,RANDOM,4,1,1,1,1,dd90ef02e22a4220e8d6b625bd4ffbbe9e54e66a77c0251dc2b57027ef68b7f4,72871f28feb93a588f6ffb379316827cf39962d00fe2f9685bea7ccdd63e5902,2cceb97388dac3071b0123a68e999a972a38da77ca00290e3446f6d346e08cf3,3d8aedb86038c8e3fb8aef691a8f4b33744fb0163d1db0b6ebfb5c8964f3bbcc,PASS,"All four interleaver configurations share payload, noise, burst start and frame sequence."
BCH,BCH_EsN0_8.5_burst_0.050000000000000003_TAIL,8.5,0.050000000000000003,TAIL,4,1,1,1,1,983cb857faf5526aa04b74a5e5f524e72ba09db0337971635c835d094ffc1529,45b4db525da9deafd017e6878a1dfcc0562c30b25c6ad6fce0169cc5912043cf,7959c67c1cb4496db0b5f680df0e9929a621f350923cbdb8c9e386db18e35fe5,ca6c04ebd2efac9ca82563c083997a08b8ab15b735559c6c56f3d06fbfeda8aa,PASS,"All four interleaver configurations share payload, noise, burst start and frame sequence."
BCH,BCH_EsN0_8.5_burst_0.050000000000000003_THREE_QUARTER,8.5,0.050000000000000003,THREE_QUARTER,4,1,1,1,1,8e4c379dc84de565425fc7b5ac4a1bf750e073cf68c416e8a1529c080d5d7e3f,3b5cfe9883c24610497ed02a9816a333b66df40394de586bb5680bece603034c,dad6145e1dd87dc46c09031cb290c2d036f7c18cb8b4a6cfb5e4fb3907f28f8a,83c4801c86c082400d99b147b291e9f0f8208ce54d5eec7d0bcd6d8c7e6f6886,PASS,"All four interleaver configurations share payload, noise, burst start and frame sequence."
BCH,BCH_EsN0_8.5_burst_0.10000000000000001_HEAD,8.5,0.10000000000000001,HEAD,4,1,1,1,1,a5161cb90e181024a22b332ee00f0ba448920691fe4029d32fb70ab1aa8ab47a,ad4df377423473f0f6832ab789f2744e7b56f3e5f2398a4924302a0bd26d052f,c0d9da1fa82d0fcd8ead7d95361036afbb66360e3ddbd3b62e877a318d2e7300,c76dd6f3c17103439dfb85094b25f725c8a46fabf6288b0b9e6743774739eb3e,PASS,"All four interleaver configurations share payload, noise, burst start and frame sequence."
BCH,BCH_EsN0_8.5_burst_0.10000000000000001_MIDDLE,8.5,0.10000000000000001,MIDDLE,4,1,1,1,1,a5161cb90e181024a22b332ee00f0ba448920691fe4029d32fb70ab1aa8ab47a,ad4df377423473f0f6832ab789f2744e7b56f3e5f2398a4924302a0bd26d052f,7d4c6e35daa2ff6d0990de4339551453c5cb57bb0f12e2f32aba9e6f5abe3abf,c76dd6f3c17103439dfb85094b25f725c8a46fabf6288b0b9e6743774739eb3e,PASS,"All four interleaver configurations share payload, noise, burst start and frame sequence."
BCH,BCH_EsN0_8.5_burst_0.10000000000000001_QUARTER,8.5,0.10000000000000001,QUARTER,4,1,1,1,1,a5161cb90e181024a22b332ee00f0ba448920691fe4029d32fb70ab1aa8ab47a,ad4df377423473f0f6832ab789f2744e7b56f3e5f2398a4924302a0bd26d052f,40895591b69e5351625ed98be6c29e9c9bbdad64208c89187e60f62cd8a1a3c5,c76dd6f3c17103439dfb85094b25f725c8a46fabf6288b0b9e6743774739eb3e,PASS,"All four interleaver configurations share payload, noise, burst start and frame sequence."
BCH,BCH_EsN0_8.5_burst_0.10000000000000001_RANDOM,8.5,0.10000000000000001,RANDOM,4,1,1,1,1,a5161cb90e181024a22b332ee00f0ba448920691fe4029d32fb70ab1aa8ab47a,ad4df377423473f0f6832ab789f2744e7b56f3e5f2398a4924302a0bd26d052f,9acdf24f600dcf39468fde9c4dd0aae7c6e6af8db6b308ee7b7e7eccb0827d99,c76dd6f3c17103439dfb85094b25f725c8a46fabf6288b0b9e6743774739eb3e,PASS,"All four interleaver configurations share payload, noise, burst start and frame sequence."
BCH,BCH_EsN0_8.5_burst_0.10000000000000001_TAIL,8.5,0.10000000000000001,TAIL,4,1,1,1,1,a5161cb90e181024a22b332ee00f0ba448920691fe4029d32fb70ab1aa8ab47a,ad4df377423473f0f6832ab789f2744e7b56f3e5f2398a4924302a0bd26d052f,200d497cfbeccea8e8b689e65ed36ae1725394120f7262502b6b29c77d328082,c76dd6f3c17103439dfb85094b25f725c8a46fabf6288b0b9e6743774739eb3e,PASS,"All four interleaver configurations share payload, noise, burst start and frame sequence."
BCH,BCH_EsN0_8.5_burst_0.10000000000000001_THREE_QUARTER,8.5,0.10000000000000001,THREE_QUARTER,4,1,1,1,1,a5161cb90e181024a22b332ee00f0ba448920691fe4029d32fb70ab1aa8ab47a,ad4df377423473f0f6832ab789f2744e7b56f3e5f2398a4924302a0bd26d052f,fc18e489b7b569493256e05fb8452841ed9b4dd6b29c3ca590ce0ee1ab44c1e8,c76dd6f3c17103439dfb85094b25f725c8a46fabf6288b0b9e6743774739eb3e,PASS,"All four interleaver configurations share payload, noise, burst start and frame sequence."
BCH,BCH_EsN0_9_burst_0.02_HEAD,9,0.02,HEAD,4,1,1,1,1,02a0e0940713cd5369b1ad2bc67fa848346716da363c266abee8ecd48a2e7d90,66f504fafd4377684ae5cfe9025a9e85f9583e0a26cd915fcfac18876f4e8113,c8fe21d535aee11c9cec71314871f08fda3fad0f0f523f9c51e91d5bb21ba8f4,b335a9d40b9d8070cb24116e9a1dc6d0eccf0ec2e522b24765826287c9136c0e,PASS,"All four interleaver configurations share payload, noise, burst start and frame sequence."
BCH,BCH_EsN0_9_burst_0.02_MIDDLE,9,0.02,MIDDLE,4,1,1,1,1,02a0e0940713cd5369b1ad2bc67fa848346716da363c266abee8ecd48a2e7d90,66f504fafd4377684ae5cfe9025a9e85f9583e0a26cd915fcfac18876f4e8113,7d955c6c2cdf4a8e6cbdae124f2884270618dd662e0e3b157c06718ae17b3278,b335a9d40b9d8070cb24116e9a1dc6d0eccf0ec2e522b24765826287c9136c0e,PASS,"All four interleaver configurations share payload, noise, burst start and frame sequence."
BCH,BCH_EsN0_9_burst_0.02_QUARTER,9,0.02,QUARTER,4,1,1,1,1,02a0e0940713cd5369b1ad2bc67fa848346716da363c266abee8ecd48a2e7d90,66f504fafd4377684ae5cfe9025a9e85f9583e0a26cd915fcfac18876f4e8113,4d167403d366b298c21c0968684421dd1aff3c2dbed5db80a942f948df7902df,b335a9d40b9d8070cb24116e9a1dc6d0eccf0ec2e522b24765826287c9136c0e,PASS,"All four interleaver configurations share payload, noise, burst start and frame sequence."
BCH,BCH_EsN0_9_burst_0.02_RANDOM,9,0.02,RANDOM,4,1,1,1,1,02a0e0940713cd5369b1ad2bc67fa848346716da363c266abee8ecd48a2e7d90,66f504fafd4377684ae5cfe9025a9e85f9583e0a26cd915fcfac18876f4e8113,972556d800eda063f2df9c3dad3a059fe4618fef271805c7747da12f8c2ef219,b335a9d40b9d8070cb24116e9a1dc6d0eccf0ec2e522b24765826287c9136c0e,PASS,"All four interleaver configurations share payload, noise, burst start and frame sequence."
BCH,BCH_EsN0_9_burst_0.02_TAIL,9,0.02,TAIL,4,1,1,1,1,02a0e0940713cd5369b1ad2bc67fa848346716da363c266abee8ecd48a2e7d90,66f504fafd4377684ae5cfe9025a9e85f9583e0a26cd915fcfac18876f4e8113,656fbe41c692ddbf3464ceb9d7833bf4436213ba09ae907e7361f3befeca02e7,b335a9d40b9d8070cb24116e9a1dc6d0eccf0ec2e522b24765826287c9136c0e,PASS,"All four interleaver configurations share payload, noise, burst start and frame sequence."
BCH,BCH_EsN0_9_burst_0.02_THREE_QUARTER,9,0.02,THREE_QUARTER,4,1,1,1,1,02a0e0940713cd5369b1ad2bc67fa848346716da363c266abee8ecd48a2e7d90,66f504fafd4377684ae5cfe9025a9e85f9583e0a26cd915fcfac18876f4e8113,dcafcc78c0aa0d86edc132652157b968d6a9ed8d9f40261c8dbfb725d5dfb273,b335a9d40b9d8070cb24116e9a1dc6d0eccf0ec2e522b24765826287c9136c0e,PASS,"All four interleaver configurations share payload, noise, burst start and frame sequence."
BCH,BCH_EsN0_9_burst_0.050000000000000003_HEAD,9,0.050000000000000003,HEAD,4,1,1,1,1,d4451e2e80c80614852a0305e5f7a196eb82badfe633bab56c5af92f436bee40,c0882f4b2d6b73e18519f1edf9c5dde0e50458446c32ae05b2901dd77eb9bdb3,14b3c312786c85c2b8ad080665561c50ff702e961a6a3c24297e84ca182a206d,9dcb821e9e02bca9edc1abe3b0ec8d82681e844e737aa03e6537d0d5534f7081,PASS,"All four interleaver configurations share payload, noise, burst start and frame sequence."
BCH,BCH_EsN0_9_burst_0.050000000000000003_MIDDLE,9,0.050000000000000003,MIDDLE,4,1,1,1,1,d4451e2e80c80614852a0305e5f7a196eb82badfe633bab56c5af92f436bee40,c0882f4b2d6b73e18519f1edf9c5dde0e50458446c32ae05b2901dd77eb9bdb3,375757e9f97c0455596b92611eb2806da21d7f6c2e2dd2bd064b49a175b90209,9dcb821e9e02bca9edc1abe3b0ec8d82681e844e737aa03e6537d0d5534f7081,PASS,"All four interleaver configurations share payload, noise, burst start and frame sequence."
BCH,BCH_EsN0_9_burst_0.050000000000000003_QUARTER,9,0.050000000000000003,QUARTER,4,1,1,1,1,228e1f4d152ea58868e0f1a40c35dc771b41792a1c65f6862eb943d720fcc333,5b1a5a30dba2482666b3a839aa75b3e624bce547d5b2bb8d27dedb969f2091aa,93253762b76fdda7dfab4ddddf49248698390edcf053bf4d95b9d01313c2e8f0,e60bd9881b985d2bd9b3881a1da5dfb3aa2574c533df2584eac5dbe8bcfb167e,PASS,"All four interleaver configurations share payload, noise, burst start and frame sequence."
BCH,BCH_EsN0_9_burst_0.050000000000000003_RANDOM,9,0.050000000000000003,RANDOM,4,1,1,1,1,cc9e30aa6b39cfbd936448e3eadf14cc61ef00c72bae877a276866cf5cfa8e6e,fb2bbde4e0e4016a164596026cb9b3a19b72cf909c54b2adb4101fd9e85f3112,a3b5009a0cdcce14dc3486a6a5e4b74f838249a646197a8d02377591e27530a5,9c69c15c0953a99bcea53db6f432ed53bb5170451d7732c0545977d93d330736,PASS,"All four interleaver configurations share payload, noise, burst start and frame sequence."
BCH,BCH_EsN0_9_burst_0.050000000000000003_TAIL,9,0.050000000000000003,TAIL,4,1,1,1,1,24720253a75cd97a9dec630e379b4f5c20f2b368426cb72b3a22a9baaef98623,997fada139d43c054a2fadbaca433a256e1aece43ba3135a4d34879b8884980c,e04ace198739f75bdf81c9f2a2424454d2910fb05fd3a31a90a69dc746d9a349,c42d4dc2f3faf5959c7f846d2f70319a9f4899eba305e37aa7f460c517a2fabc,PASS,"All four interleaver configurations share payload, noise, burst start and frame sequence."
BCH,BCH_EsN0_9_burst_0.050000000000000003_THREE_QUARTER,9,0.050000000000000003,THREE_QUARTER,4,1,1,1,1,47bbf2e94a76e98072050b13bf0851dd7298a981c87b2ec57bfc0c33c49b984d,fe63fe0a092ffd1fbc9d0068af276e808d88ef98791097bdb664aabee715b21b,8c2a8243f8574969619b4fbbfea80c2a5a9962e5ddbcd4707bbdba08a66e85b2,1ffe703e35922470daba00be302dd96941816bc721014ee7efea5488f6c6fa72,PASS,"All four interleaver configurations share payload, noise, burst start and frame sequence."
BCH,BCH_EsN0_9_burst_0.10000000000000001_HEAD,9,0.10000000000000001,HEAD,4,1,1,1,1,a5161cb90e181024a22b332ee00f0ba448920691fe4029d32fb70ab1aa8ab47a,ad4df377423473f0f6832ab789f2744e7b56f3e5f2398a4924302a0bd26d052f,c0d9da1fa82d0fcd8ead7d95361036afbb66360e3ddbd3b62e877a318d2e7300,c76dd6f3c17103439dfb85094b25f725c8a46fabf6288b0b9e6743774739eb3e,PASS,"All four interleaver configurations share payload, noise, burst start and frame sequence."
BCH,BCH_EsN0_9_burst_0.10000000000000001_MIDDLE,9,0.10000000000000001,MIDDLE,4,1,1,1,1,a5161cb90e181024a22b332ee00f0ba448920691fe4029d32fb70ab1aa8ab47a,ad4df377423473f0f6832ab789f2744e7b56f3e5f2398a4924302a0bd26d052f,7d4c6e35daa2ff6d0990de4339551453c5cb57bb0f12e2f32aba9e6f5abe3abf,c76dd6f3c17103439dfb85094b25f725c8a46fabf6288b0b9e6743774739eb3e,PASS,"All four interleaver configurations share payload, noise, burst start and frame sequence."
BCH,BCH_EsN0_9_burst_0.10000000000000001_QUARTER,9,0.10000000000000001,QUARTER,4,1,1,1,1,a5161cb90e181024a22b332ee00f0ba448920691fe4029d32fb70ab1aa8ab47a,ad4df377423473f0f6832ab789f2744e7b56f3e5f2398a4924302a0bd26d052f,40895591b69e5351625ed98be6c29e9c9bbdad64208c89187e60f62cd8a1a3c5,c76dd6f3c17103439dfb85094b25f725c8a46fabf6288b0b9e6743774739eb3e,PASS,"All four interleaver configurations share payload, noise, burst start and frame sequence."
BCH,BCH_EsN0_9_burst_0.10000000000000001_RANDOM,9,0.10000000000000001,RANDOM,4,1,1,1,1,a5161cb90e181024a22b332ee00f0ba448920691fe4029d32fb70ab1aa8ab47a,ad4df377423473f0f6832ab789f2744e7b56f3e5f2398a4924302a0bd26d052f,9acdf24f600dcf39468fde9c4dd0aae7c6e6af8db6b308ee7b7e7eccb0827d99,c76dd6f3c17103439dfb85094b25f725c8a46fabf6288b0b9e6743774739eb3e,PASS,"All four interleaver configurations share payload, noise, burst start and frame sequence."
BCH,BCH_EsN0_9_burst_0.10000000000000001_TAIL,9,0.10000000000000001,TAIL,4,1,1,1,1,a5161cb90e181024a22b332ee00f0ba448920691fe4029d32fb70ab1aa8ab47a,ad4df377423473f0f6832ab789f2744e7b56f3e5f2398a4924302a0bd26d052f,200d497cfbeccea8e8b689e65ed36ae1725394120f7262502b6b29c77d328082,c76dd6f3c17103439dfb85094b25f725c8a46fabf6288b0b9e6743774739eb3e,PASS,"All four interleaver configurations share payload, noise, burst start and frame sequence."
BCH,BCH_EsN0_9_burst_0.10000000000000001_THREE_QUARTER,9,0.10000000000000001,THREE_QUARTER,4,1,1,1,1,a5161cb90e181024a22b332ee00f0ba448920691fe4029d32fb70ab1aa8ab47a,ad4df377423473f0f6832ab789f2744e7b56f3e5f2398a4924302a0bd26d052f,fc18e489b7b569493256e05fb8452841ed9b4dd6b29c3ca590ce0ee1ab44c1e8,c76dd6f3c17103439dfb85094b25f725c8a46fabf6288b0b9e6743774739eb3e,PASS,"All four interleaver configurations share payload, noise, burst start and frame sequence."
BCH,BCH_EsN0_9.5_burst_0.02_HEAD,9.5,0.02,HEAD,4,1,1,1,1,02a0e0940713cd5369b1ad2bc67fa848346716da363c266abee8ecd48a2e7d90,66f504fafd4377684ae5cfe9025a9e85f9583e0a26cd915fcfac18876f4e8113,c8fe21d535aee11c9cec71314871f08fda3fad0f0f523f9c51e91d5bb21ba8f4,b335a9d40b9d8070cb24116e9a1dc6d0eccf0ec2e522b24765826287c9136c0e,PASS,"All four interleaver configurations share payload, noise, burst start and frame sequence."
BCH,BCH_EsN0_9.5_burst_0.02_MIDDLE,9.5,0.02,MIDDLE,4,1,1,1,1,02a0e0940713cd5369b1ad2bc67fa848346716da363c266abee8ecd48a2e7d90,66f504fafd4377684ae5cfe9025a9e85f9583e0a26cd915fcfac18876f4e8113,7d955c6c2cdf4a8e6cbdae124f2884270618dd662e0e3b157c06718ae17b3278,b335a9d40b9d8070cb24116e9a1dc6d0eccf0ec2e522b24765826287c9136c0e,PASS,"All four interleaver configurations share payload, noise, burst start and frame sequence."
BCH,BCH_EsN0_9.5_burst_0.02_QUARTER,9.5,0.02,QUARTER,4,1,1,1,1,02a0e0940713cd5369b1ad2bc67fa848346716da363c266abee8ecd48a2e7d90,66f504fafd4377684ae5cfe9025a9e85f9583e0a26cd915fcfac18876f4e8113,4d167403d366b298c21c0968684421dd1aff3c2dbed5db80a942f948df7902df,b335a9d40b9d8070cb24116e9a1dc6d0eccf0ec2e522b24765826287c9136c0e,PASS,"All four interleaver configurations share payload, noise, burst start and frame sequence."
BCH,BCH_EsN0_9.5_burst_0.02_RANDOM,9.5,0.02,RANDOM,4,1,1,1,1,02a0e0940713cd5369b1ad2bc67fa848346716da363c266abee8ecd48a2e7d90,66f504fafd4377684ae5cfe9025a9e85f9583e0a26cd915fcfac18876f4e8113,972556d800eda063f2df9c3dad3a059fe4618fef271805c7747da12f8c2ef219,b335a9d40b9d8070cb24116e9a1dc6d0eccf0ec2e522b24765826287c9136c0e,PASS,"All four interleaver configurations share payload, noise, burst start and frame sequence."
BCH,BCH_EsN0_9.5_burst_0.02_TAIL,9.5,0.02,TAIL,4,1,1,1,1,02a0e0940713cd5369b1ad2bc67fa848346716da363c266abee8ecd48a2e7d90,66f504fafd4377684ae5cfe9025a9e85f9583e0a26cd915fcfac18876f4e8113,656fbe41c692ddbf3464ceb9d7833bf4436213ba09ae907e7361f3befeca02e7,b335a9d40b9d8070cb24116e9a1dc6d0eccf0ec2e522b24765826287c9136c0e,PASS,"All four interleaver configurations share payload, noise, burst start and frame sequence."
BCH,BCH_EsN0_9.5_burst_0.02_THREE_QUARTER,9.5,0.02,THREE_QUARTER,4,1,1,1,1,02a0e0940713cd5369b1ad2bc67fa848346716da363c266abee8ecd48a2e7d90,66f504fafd4377684ae5cfe9025a9e85f9583e0a26cd915fcfac18876f4e8113,dcafcc78c0aa0d86edc132652157b968d6a9ed8d9f40261c8dbfb725d5dfb273,b335a9d40b9d8070cb24116e9a1dc6d0eccf0ec2e522b24765826287c9136c0e,PASS,"All four interleaver configurations share payload, noise, burst start and frame sequence."
BCH,BCH_EsN0_9.5_burst_0.050000000000000003_HEAD,9.5,0.050000000000000003,HEAD,4,1,1,1,1,02a0e0940713cd5369b1ad2bc67fa848346716da363c266abee8ecd48a2e7d90,66f504fafd4377684ae5cfe9025a9e85f9583e0a26cd915fcfac18876f4e8113,5ccfe3c20254db107d9299afd4e2a4b19595c1e3765992c933e08a675574df8a,b335a9d40b9d8070cb24116e9a1dc6d0eccf0ec2e522b24765826287c9136c0e,PASS,"All four interleaver configurations share payload, noise, burst start and frame sequence."
BCH,BCH_EsN0_9.5_burst_0.050000000000000003_MIDDLE,9.5,0.050000000000000003,MIDDLE,4,1,1,1,1,02a0e0940713cd5369b1ad2bc67fa848346716da363c266abee8ecd48a2e7d90,66f504fafd4377684ae5cfe9025a9e85f9583e0a26cd915fcfac18876f4e8113,41c8a5f27586d9af0c46749d74a7c47f64b65395e14039f33d5f4beea3fa320f,b335a9d40b9d8070cb24116e9a1dc6d0eccf0ec2e522b24765826287c9136c0e,PASS,"All four interleaver configurations share payload, noise, burst start and frame sequence."
BCH,BCH_EsN0_9.5_burst_0.050000000000000003_QUARTER,9.5,0.050000000000000003,QUARTER,4,1,1,1,1,02a0e0940713cd5369b1ad2bc67fa848346716da363c266abee8ecd48a2e7d90,66f504fafd4377684ae5cfe9025a9e85f9583e0a26cd915fcfac18876f4e8113,d0fd5d4cfe76737b219c77c08ccc4c87305bb788b8f798ffcf3b4f1569da8ae0,b335a9d40b9d8070cb24116e9a1dc6d0eccf0ec2e522b24765826287c9136c0e,PASS,"All four interleaver configurations share payload, noise, burst start and frame sequence."
BCH,BCH_EsN0_9.5_burst_0.050000000000000003_RANDOM,9.5,0.050000000000000003,RANDOM,4,1,1,1,1,02a0e0940713cd5369b1ad2bc67fa848346716da363c266abee8ecd48a2e7d90,66f504fafd4377684ae5cfe9025a9e85f9583e0a26cd915fcfac18876f4e8113,46d8edd3bf2514af3aefaf37823cab500c34423bc12d9a70220b9634aafa74c2,b335a9d40b9d8070cb24116e9a1dc6d0eccf0ec2e522b24765826287c9136c0e,PASS,"All four interleaver configurations share payload, noise, burst start and frame sequence."
BCH,BCH_EsN0_9.5_burst_0.050000000000000003_TAIL,9.5,0.050000000000000003,TAIL,4,1,1,1,1,02a0e0940713cd5369b1ad2bc67fa848346716da363c266abee8ecd48a2e7d90,66f504fafd4377684ae5cfe9025a9e85f9583e0a26cd915fcfac18876f4e8113,7679c7e85a9f35be104696b846afd38c05e0defde383273546fadd75bf853ce2,b335a9d40b9d8070cb24116e9a1dc6d0eccf0ec2e522b24765826287c9136c0e,PASS,"All four interleaver configurations share payload, noise, burst start and frame sequence."
BCH,BCH_EsN0_9.5_burst_0.050000000000000003_THREE_QUARTER,9.5,0.050000000000000003,THREE_QUARTER,4,1,1,1,1,02a0e0940713cd5369b1ad2bc67fa848346716da363c266abee8ecd48a2e7d90,66f504fafd4377684ae5cfe9025a9e85f9583e0a26cd915fcfac18876f4e8113,0e6fdb95fb961c39d7eb4fe06936b7b036a888b3e81579e2165d987d72226b95,b335a9d40b9d8070cb24116e9a1dc6d0eccf0ec2e522b24765826287c9136c0e,PASS,"All four interleaver configurations share payload, noise, burst start and frame sequence."
BCH,BCH_EsN0_9.5_burst_0.10000000000000001_HEAD,9.5,0.10000000000000001,HEAD,4,1,1,1,1,a5161cb90e181024a22b332ee00f0ba448920691fe4029d32fb70ab1aa8ab47a,ad4df377423473f0f6832ab789f2744e7b56f3e5f2398a4924302a0bd26d052f,c0d9da1fa82d0fcd8ead7d95361036afbb66360e3ddbd3b62e877a318d2e7300,c76dd6f3c17103439dfb85094b25f725c8a46fabf6288b0b9e6743774739eb3e,PASS,"All four interleaver configurations share payload, noise, burst start and frame sequence."
BCH,BCH_EsN0_9.5_burst_0.10000000000000001_MIDDLE,9.5,0.10000000000000001,MIDDLE,4,1,1,1,1,a5161cb90e181024a22b332ee00f0ba448920691fe4029d32fb70ab1aa8ab47a,ad4df377423473f0f6832ab789f2744e7b56f3e5f2398a4924302a0bd26d052f,7d4c6e35daa2ff6d0990de4339551453c5cb57bb0f12e2f32aba9e6f5abe3abf,c76dd6f3c17103439dfb85094b25f725c8a46fabf6288b0b9e6743774739eb3e,PASS,"All four interleaver configurations share payload, noise, burst start and frame sequence."
BCH,BCH_EsN0_9.5_burst_0.10000000000000001_QUARTER,9.5,0.10000000000000001,QUARTER,4,1,1,1,1,a5161cb90e181024a22b332ee00f0ba448920691fe4029d32fb70ab1aa8ab47a,ad4df377423473f0f6832ab789f2744e7b56f3e5f2398a4924302a0bd26d052f,40895591b69e5351625ed98be6c29e9c9bbdad64208c89187e60f62cd8a1a3c5,c76dd6f3c17103439dfb85094b25f725c8a46fabf6288b0b9e6743774739eb3e,PASS,"All four interleaver configurations share payload, noise, burst start and frame sequence."
BCH,BCH_EsN0_9.5_burst_0.10000000000000001_RANDOM,9.5,0.10000000000000001,RANDOM,4,1,1,1,1,a5161cb90e181024a22b332ee00f0ba448920691fe4029d32fb70ab1aa8ab47a,ad4df377423473f0f6832ab789f2744e7b56f3e5f2398a4924302a0bd26d052f,9acdf24f600dcf39468fde9c4dd0aae7c6e6af8db6b308ee7b7e7eccb0827d99,c76dd6f3c17103439dfb85094b25f725c8a46fabf6288b0b9e6743774739eb3e,PASS,"All four interleaver configurations share payload, noise, burst start and frame sequence."
BCH,BCH_EsN0_9.5_burst_0.10000000000000001_TAIL,9.5,0.10000000000000001,TAIL,4,1,1,1,1,a5161cb90e181024a22b332ee00f0ba448920691fe4029d32fb70ab1aa8ab47a,ad4df377423473f0f6832ab789f2744e7b56f3e5f2398a4924302a0bd26d052f,200d497cfbeccea8e8b689e65ed36ae1725394120f7262502b6b29c77d328082,c76dd6f3c17103439dfb85094b25f725c8a46fabf6288b0b9e6743774739eb3e,PASS,"All four interleaver configurations share payload, noise, burst start and frame sequence."
BCH,BCH_EsN0_9.5_burst_0.10000000000000001_THREE_QUARTER,9.5,0.10000000000000001,THREE_QUARTER,4,1,1,1,1,a5161cb90e181024a22b332ee00f0ba448920691fe4029d32fb70ab1aa8ab47a,ad4df377423473f0f6832ab789f2744e7b56f3e5f2398a4924302a0bd26d052f,fc18e489b7b569493256e05fb8452841ed9b4dd6b29c3ca590ce0ee1ab44c1e8,c76dd6f3c17103439dfb85094b25f725c8a46fabf6288b0b9e6743774739eb3e,PASS,"All four interleaver configurations share payload, noise, burst start and frame sequence."
BCH,BCH_EsN0_10_burst_0.02_HEAD,10,0.02,HEAD,4,1,1,1,1,02a0e0940713cd5369b1ad2bc67fa848346716da363c266abee8ecd48a2e7d90,66f504fafd4377684ae5cfe9025a9e85f9583e0a26cd915fcfac18876f4e8113,c8fe21d535aee11c9cec71314871f08fda3fad0f0f523f9c51e91d5bb21ba8f4,b335a9d40b9d8070cb24116e9a1dc6d0eccf0ec2e522b24765826287c9136c0e,PASS,"All four interleaver configurations share payload, noise, burst start and frame sequence."
BCH,BCH_EsN0_10_burst_0.02_MIDDLE,10,0.02,MIDDLE,4,1,1,1,1,02a0e0940713cd5369b1ad2bc67fa848346716da363c266abee8ecd48a2e7d90,66f504fafd4377684ae5cfe9025a9e85f9583e0a26cd915fcfac18876f4e8113,7d955c6c2cdf4a8e6cbdae124f2884270618dd662e0e3b157c06718ae17b3278,b335a9d40b9d8070cb24116e9a1dc6d0eccf0ec2e522b24765826287c9136c0e,PASS,"All four interleaver configurations share payload, noise, burst start and frame sequence."
BCH,BCH_EsN0_10_burst_0.02_QUARTER,10,0.02,QUARTER,4,1,1,1,1,02a0e0940713cd5369b1ad2bc67fa848346716da363c266abee8ecd48a2e7d90,66f504fafd4377684ae5cfe9025a9e85f9583e0a26cd915fcfac18876f4e8113,4d167403d366b298c21c0968684421dd1aff3c2dbed5db80a942f948df7902df,b335a9d40b9d8070cb24116e9a1dc6d0eccf0ec2e522b24765826287c9136c0e,PASS,"All four interleaver configurations share payload, noise, burst start and frame sequence."
BCH,BCH_EsN0_10_burst_0.02_RANDOM,10,0.02,RANDOM,4,1,1,1,1,02a0e0940713cd5369b1ad2bc67fa848346716da363c266abee8ecd48a2e7d90,66f504fafd4377684ae5cfe9025a9e85f9583e0a26cd915fcfac18876f4e8113,972556d800eda063f2df9c3dad3a059fe4618fef271805c7747da12f8c2ef219,b335a9d40b9d8070cb24116e9a1dc6d0eccf0ec2e522b24765826287c9136c0e,PASS,"All four interleaver configurations share payload, noise, burst start and frame sequence."
BCH,BCH_EsN0_10_burst_0.02_TAIL,10,0.02,TAIL,4,1,1,1,1,02a0e0940713cd5369b1ad2bc67fa848346716da363c266abee8ecd48a2e7d90,66f504fafd4377684ae5cfe9025a9e85f9583e0a26cd915fcfac18876f4e8113,656fbe41c692ddbf3464ceb9d7833bf4436213ba09ae907e7361f3befeca02e7,b335a9d40b9d8070cb24116e9a1dc6d0eccf0ec2e522b24765826287c9136c0e,PASS,"All four interleaver configurations share payload, noise, burst start and frame sequence."
BCH,BCH_EsN0_10_burst_0.02_THREE_QUARTER,10,0.02,THREE_QUARTER,4,1,1,1,1,02a0e0940713cd5369b1ad2bc67fa848346716da363c266abee8ecd48a2e7d90,66f504fafd4377684ae5cfe9025a9e85f9583e0a26cd915fcfac18876f4e8113,dcafcc78c0aa0d86edc132652157b968d6a9ed8d9f40261c8dbfb725d5dfb273,b335a9d40b9d8070cb24116e9a1dc6d0eccf0ec2e522b24765826287c9136c0e,PASS,"All four interleaver configurations share payload, noise, burst start and frame sequence."
BCH,BCH_EsN0_10_burst_0.050000000000000003_HEAD,10,0.050000000000000003,HEAD,4,1,1,1,1,02a0e0940713cd5369b1ad2bc67fa848346716da363c266abee8ecd48a2e7d90,66f504fafd4377684ae5cfe9025a9e85f9583e0a26cd915fcfac18876f4e8113,5ccfe3c20254db107d9299afd4e2a4b19595c1e3765992c933e08a675574df8a,b335a9d40b9d8070cb24116e9a1dc6d0eccf0ec2e522b24765826287c9136c0e,PASS,"All four interleaver configurations share payload, noise, burst start and frame sequence."
BCH,BCH_EsN0_10_burst_0.050000000000000003_MIDDLE,10,0.050000000000000003,MIDDLE,4,1,1,1,1,02a0e0940713cd5369b1ad2bc67fa848346716da363c266abee8ecd48a2e7d90,66f504fafd4377684ae5cfe9025a9e85f9583e0a26cd915fcfac18876f4e8113,41c8a5f27586d9af0c46749d74a7c47f64b65395e14039f33d5f4beea3fa320f,b335a9d40b9d8070cb24116e9a1dc6d0eccf0ec2e522b24765826287c9136c0e,PASS,"All four interleaver configurations share payload, noise, burst start and frame sequence."
BCH,BCH_EsN0_10_burst_0.050000000000000003_QUARTER,10,0.050000000000000003,QUARTER,4,1,1,1,1,02a0e0940713cd5369b1ad2bc67fa848346716da363c266abee8ecd48a2e7d90,66f504fafd4377684ae5cfe9025a9e85f9583e0a26cd915fcfac18876f4e8113,d0fd5d4cfe76737b219c77c08ccc4c87305bb788b8f798ffcf3b4f1569da8ae0,b335a9d40b9d8070cb24116e9a1dc6d0eccf0ec2e522b24765826287c9136c0e,PASS,"All four interleaver configurations share payload, noise, burst start and frame sequence."
BCH,BCH_EsN0_10_burst_0.050000000000000003_RANDOM,10,0.050000000000000003,RANDOM,4,1,1,1,1,02a0e0940713cd5369b1ad2bc67fa848346716da363c266abee8ecd48a2e7d90,66f504fafd4377684ae5cfe9025a9e85f9583e0a26cd915fcfac18876f4e8113,46d8edd3bf2514af3aefaf37823cab500c34423bc12d9a70220b9634aafa74c2,b335a9d40b9d8070cb24116e9a1dc6d0eccf0ec2e522b24765826287c9136c0e,PASS,"All four interleaver configurations share payload, noise, burst start and frame sequence."
BCH,BCH_EsN0_10_burst_0.050000000000000003_TAIL,10,0.050000000000000003,TAIL,4,1,1,1,1,02a0e0940713cd5369b1ad2bc67fa848346716da363c266abee8ecd48a2e7d90,66f504fafd4377684ae5cfe9025a9e85f9583e0a26cd915fcfac18876f4e8113,7679c7e85a9f35be104696b846afd38c05e0defde383273546fadd75bf853ce2,b335a9d40b9d8070cb24116e9a1dc6d0eccf0ec2e522b24765826287c9136c0e,PASS,"All four interleaver configurations share payload, noise, burst start and frame sequence."
BCH,BCH_EsN0_10_burst_0.050000000000000003_THREE_QUARTER,10,0.050000000000000003,THREE_QUARTER,4,1,1,1,1,02a0e0940713cd5369b1ad2bc67fa848346716da363c266abee8ecd48a2e7d90,66f504fafd4377684ae5cfe9025a9e85f9583e0a26cd915fcfac18876f4e8113,0e6fdb95fb961c39d7eb4fe06936b7b036a888b3e81579e2165d987d72226b95,b335a9d40b9d8070cb24116e9a1dc6d0eccf0ec2e522b24765826287c9136c0e,PASS,"All four interleaver configurations share payload, noise, burst start and frame sequence."
BCH,BCH_EsN0_10_burst_0.10000000000000001_HEAD,10,0.10000000000000001,HEAD,4,1,1,1,1,a5161cb90e181024a22b332ee00f0ba448920691fe4029d32fb70ab1aa8ab47a,ad4df377423473f0f6832ab789f2744e7b56f3e5f2398a4924302a0bd26d052f,c0d9da1fa82d0fcd8ead7d95361036afbb66360e3ddbd3b62e877a318d2e7300,c76dd6f3c17103439dfb85094b25f725c8a46fabf6288b0b9e6743774739eb3e,PASS,"All four interleaver configurations share payload, noise, burst start and frame sequence."
BCH,BCH_EsN0_10_burst_0.10000000000000001_MIDDLE,10,0.10000000000000001,MIDDLE,4,1,1,1,1,a5161cb90e181024a22b332ee00f0ba448920691fe4029d32fb70ab1aa8ab47a,ad4df377423473f0f6832ab789f2744e7b56f3e5f2398a4924302a0bd26d052f,7d4c6e35daa2ff6d0990de4339551453c5cb57bb0f12e2f32aba9e6f5abe3abf,c76dd6f3c17103439dfb85094b25f725c8a46fabf6288b0b9e6743774739eb3e,PASS,"All four interleaver configurations share payload, noise, burst start and frame sequence."
BCH,BCH_EsN0_10_burst_0.10000000000000001_QUARTER,10,0.10000000000000001,QUARTER,4,1,1,1,1,a5161cb90e181024a22b332ee00f0ba448920691fe4029d32fb70ab1aa8ab47a,ad4df377423473f0f6832ab789f2744e7b56f3e5f2398a4924302a0bd26d052f,40895591b69e5351625ed98be6c29e9c9bbdad64208c89187e60f62cd8a1a3c5,c76dd6f3c17103439dfb85094b25f725c8a46fabf6288b0b9e6743774739eb3e,PASS,"All four interleaver configurations share payload, noise, burst start and frame sequence."
BCH,BCH_EsN0_10_burst_0.10000000000000001_RANDOM,10,0.10000000000000001,RANDOM,4,1,1,1,1,a5161cb90e181024a22b332ee00f0ba448920691fe4029d32fb70ab1aa8ab47a,ad4df377423473f0f6832ab789f2744e7b56f3e5f2398a4924302a0bd26d052f,9acdf24f600dcf39468fde9c4dd0aae7c6e6af8db6b308ee7b7e7eccb0827d99,c76dd6f3c17103439dfb85094b25f725c8a46fabf6288b0b9e6743774739eb3e,PASS,"All four interleaver configurations share payload, noise, burst start and frame sequence."
BCH,BCH_EsN0_10_burst_0.10000000000000001_TAIL,10,0.10000000000000001,TAIL,4,1,1,1,1,a5161cb90e181024a22b332ee00f0ba448920691fe4029d32fb70ab1aa8ab47a,ad4df377423473f0f6832ab789f2744e7b56f3e5f2398a4924302a0bd26d052f,200d497cfbeccea8e8b689e65ed36ae1725394120f7262502b6b29c77d328082,c76dd6f3c17103439dfb85094b25f725c8a46fabf6288b0b9e6743774739eb3e,PASS,"All four interleaver configurations share payload, noise, burst start and frame sequence."
BCH,BCH_EsN0_10_burst_0.10000000000000001_THREE_QUARTER,10,0.10000000000000001,THREE_QUARTER,4,1,1,1,1,a5161cb90e181024a22b332ee00f0ba448920691fe4029d32fb70ab1aa8ab47a,ad4df377423473f0f6832ab789f2744e7b56f3e5f2398a4924302a0bd26d052f,fc18e489b7b569493256e05fb8452841ed9b4dd6b29c3ca590ce0ee1ab44c1e8,c76dd6f3c17103439dfb85094b25f725c8a46fabf6288b0b9e6743774739eb3e,PASS,"All four interleaver configurations share payload, noise, burst start and frame sequence."
CC,CC_EsN0_-5_burst_0.02_HEAD,-5,0.02,HEAD,4,1,1,1,1,08ec7ceefd5edddc416430cf958972d88028591172aa30858db77bb3b3d6f815,ac9e56be9674b2959aee8a068a31aafed2b056ef958164a35928f0eb9c7493f3,f0e1f6e82903f8c98fe871ea9b05e156da4305fdff95aa37c325c0289bf10f6f,c76dd6f3c17103439dfb85094b25f725c8a46fabf6288b0b9e6743774739eb3e,PASS,"All four interleaver configurations share payload, noise, burst start and frame sequence."
CC,CC_EsN0_-5_burst_0.02_MIDDLE,-5,0.02,MIDDLE,4,1,1,1,1,08ec7ceefd5edddc416430cf958972d88028591172aa30858db77bb3b3d6f815,ac9e56be9674b2959aee8a068a31aafed2b056ef958164a35928f0eb9c7493f3,05ef1f09fc1b0e1a83db2032a6ea84c4e48771f63030ca60ca9e22010fea1cd8,c76dd6f3c17103439dfb85094b25f725c8a46fabf6288b0b9e6743774739eb3e,PASS,"All four interleaver configurations share payload, noise, burst start and frame sequence."
CC,CC_EsN0_-5_burst_0.02_QUARTER,-5,0.02,QUARTER,4,1,1,1,1,08ec7ceefd5edddc416430cf958972d88028591172aa30858db77bb3b3d6f815,ac9e56be9674b2959aee8a068a31aafed2b056ef958164a35928f0eb9c7493f3,39c5d52c01ce879d96dd95c00c6a468a870b6ee6a31fc4ee755083ab940c1116,c76dd6f3c17103439dfb85094b25f725c8a46fabf6288b0b9e6743774739eb3e,PASS,"All four interleaver configurations share payload, noise, burst start and frame sequence."
CC,CC_EsN0_-5_burst_0.02_RANDOM,-5,0.02,RANDOM,4,1,1,1,1,08ec7ceefd5edddc416430cf958972d88028591172aa30858db77bb3b3d6f815,ac9e56be9674b2959aee8a068a31aafed2b056ef958164a35928f0eb9c7493f3,59a1e8e474dec5aa9d6c073e7ca26c5fd545f0b7df504079e994ea96d033c6f7,c76dd6f3c17103439dfb85094b25f725c8a46fabf6288b0b9e6743774739eb3e,PASS,"All four interleaver configurations share payload, noise, burst start and frame sequence."
CC,CC_EsN0_-5_burst_0.02_TAIL,-5,0.02,TAIL,4,1,1,1,1,08ec7ceefd5edddc416430cf958972d88028591172aa30858db77bb3b3d6f815,ac9e56be9674b2959aee8a068a31aafed2b056ef958164a35928f0eb9c7493f3,8fff70873a2d2a064d7f2e4f043881e68eddb9164a145d994af6fed687848704,c76dd6f3c17103439dfb85094b25f725c8a46fabf6288b0b9e6743774739eb3e,PASS,"All four interleaver configurations share payload, noise, burst start and frame sequence."
CC,CC_EsN0_-5_burst_0.02_THREE_QUARTER,-5,0.02,THREE_QUARTER,4,1,1,1,1,08ec7ceefd5edddc416430cf958972d88028591172aa30858db77bb3b3d6f815,ac9e56be9674b2959aee8a068a31aafed2b056ef958164a35928f0eb9c7493f3,bf6e1947f56948d1a55e056b0e77cdceb2cb66efd91559c7509647b1e4925e81,c76dd6f3c17103439dfb85094b25f725c8a46fabf6288b0b9e6743774739eb3e,PASS,"All four interleaver configurations share payload, noise, burst start and frame sequence."
CC,CC_EsN0_-5_burst_0.050000000000000003_HEAD,-5,0.050000000000000003,HEAD,4,1,1,1,1,08ec7ceefd5edddc416430cf958972d88028591172aa30858db77bb3b3d6f815,ac9e56be9674b2959aee8a068a31aafed2b056ef958164a35928f0eb9c7493f3,0c79440d07fc8b2fd679a1ecfd881260c38df03f251058f993ce83c1ce71f8ce,c76dd6f3c17103439dfb85094b25f725c8a46fabf6288b0b9e6743774739eb3e,PASS,"All four interleaver configurations share payload, noise, burst start and frame sequence."
CC,CC_EsN0_-5_burst_0.050000000000000003_MIDDLE,-5,0.050000000000000003,MIDDLE,4,1,1,1,1,08ec7ceefd5edddc416430cf958972d88028591172aa30858db77bb3b3d6f815,ac9e56be9674b2959aee8a068a31aafed2b056ef958164a35928f0eb9c7493f3,49a58081ad494916be7ef69554edef45c18cbfdb24dd9ac822d637b8db7eb80d,c76dd6f3c17103439dfb85094b25f725c8a46fabf6288b0b9e6743774739eb3e,PASS,"All four interleaver configurations share payload, noise, burst start and frame sequence."
CC,CC_EsN0_-5_burst_0.050000000000000003_QUARTER,-5,0.050000000000000003,QUARTER,4,1,1,1,1,08ec7ceefd5edddc416430cf958972d88028591172aa30858db77bb3b3d6f815,ac9e56be9674b2959aee8a068a31aafed2b056ef958164a35928f0eb9c7493f3,aebe1c0b6608f12e5613f803f00db1badce4159b9922e2d0746b5cce49e64597,c76dd6f3c17103439dfb85094b25f725c8a46fabf6288b0b9e6743774739eb3e,PASS,"All four interleaver configurations share payload, noise, burst start and frame sequence."
CC,CC_EsN0_-5_burst_0.050000000000000003_RANDOM,-5,0.050000000000000003,RANDOM,4,1,1,1,1,08ec7ceefd5edddc416430cf958972d88028591172aa30858db77bb3b3d6f815,ac9e56be9674b2959aee8a068a31aafed2b056ef958164a35928f0eb9c7493f3,727479f3d7b6f321e63f35d9939f564cdefdb0fd4bee2e91c43d7f9b983ab975,c76dd6f3c17103439dfb85094b25f725c8a46fabf6288b0b9e6743774739eb3e,PASS,"All four interleaver configurations share payload, noise, burst start and frame sequence."
CC,CC_EsN0_-5_burst_0.050000000000000003_TAIL,-5,0.050000000000000003,TAIL,4,1,1,1,1,08ec7ceefd5edddc416430cf958972d88028591172aa30858db77bb3b3d6f815,ac9e56be9674b2959aee8a068a31aafed2b056ef958164a35928f0eb9c7493f3,f6b13592c6a1c708cbcaa3e6b35f881242d9c91aa48740beb7dfda742a3a8694,c76dd6f3c17103439dfb85094b25f725c8a46fabf6288b0b9e6743774739eb3e,PASS,"All four interleaver configurations share payload, noise, burst start and frame sequence."
CC,CC_EsN0_-5_burst_0.050000000000000003_THREE_QUARTER,-5,0.050000000000000003,THREE_QUARTER,4,1,1,1,1,08ec7ceefd5edddc416430cf958972d88028591172aa30858db77bb3b3d6f815,ac9e56be9674b2959aee8a068a31aafed2b056ef958164a35928f0eb9c7493f3,c4201a36e8389236a84998ac9b61c840bf3be5218969bd4811ccd9338a0a1ab0,c76dd6f3c17103439dfb85094b25f725c8a46fabf6288b0b9e6743774739eb3e,PASS,"All four interleaver configurations share payload, noise, burst start and frame sequence."
CC,CC_EsN0_-5_burst_0.10000000000000001_HEAD,-5,0.10000000000000001,HEAD,4,1,1,1,1,08ec7ceefd5edddc416430cf958972d88028591172aa30858db77bb3b3d6f815,ac9e56be9674b2959aee8a068a31aafed2b056ef958164a35928f0eb9c7493f3,c324396b615ecfff2e457f0ff1d8cbe81838840aec7bceb6d6ef9d0937617711,c76dd6f3c17103439dfb85094b25f725c8a46fabf6288b0b9e6743774739eb3e,PASS,"All four interleaver configurations share payload, noise, burst start and frame sequence."
CC,CC_EsN0_-5_burst_0.10000000000000001_MIDDLE,-5,0.10000000000000001,MIDDLE,4,1,1,1,1,08ec7ceefd5edddc416430cf958972d88028591172aa30858db77bb3b3d6f815,ac9e56be9674b2959aee8a068a31aafed2b056ef958164a35928f0eb9c7493f3,99a092448ed42180903cfc0220fce3a5544b874f4535661c1643e4a33e150508,c76dd6f3c17103439dfb85094b25f725c8a46fabf6288b0b9e6743774739eb3e,PASS,"All four interleaver configurations share payload, noise, burst start and frame sequence."
CC,CC_EsN0_-5_burst_0.10000000000000001_QUARTER,-5,0.10000000000000001,QUARTER,4,1,1,1,1,08ec7ceefd5edddc416430cf958972d88028591172aa30858db77bb3b3d6f815,ac9e56be9674b2959aee8a068a31aafed2b056ef958164a35928f0eb9c7493f3,65d43aedfc85d2cf50c59c439fdb0efc99d854b31ae23068cee46aefb81ece9d,c76dd6f3c17103439dfb85094b25f725c8a46fabf6288b0b9e6743774739eb3e,PASS,"All four interleaver configurations share payload, noise, burst start and frame sequence."
CC,CC_EsN0_-5_burst_0.10000000000000001_RANDOM,-5,0.10000000000000001,RANDOM,4,1,1,1,1,08ec7ceefd5edddc416430cf958972d88028591172aa30858db77bb3b3d6f815,ac9e56be9674b2959aee8a068a31aafed2b056ef958164a35928f0eb9c7493f3,d73998b1e17cbbc6cb4b13860640c89919d1ca3feea4c264741944225b960092,c76dd6f3c17103439dfb85094b25f725c8a46fabf6288b0b9e6743774739eb3e,PASS,"All four interleaver configurations share payload, noise, burst start and frame sequence."
CC,CC_EsN0_-5_burst_0.10000000000000001_TAIL,-5,0.10000000000000001,TAIL,4,1,1,1,1,08ec7ceefd5edddc416430cf958972d88028591172aa30858db77bb3b3d6f815,ac9e56be9674b2959aee8a068a31aafed2b056ef958164a35928f0eb9c7493f3,f6879b518bb5067dfc3a078c5c5b096acd5dc9a4e6cf25195584fce2bbdfcff5,c76dd6f3c17103439dfb85094b25f725c8a46fabf6288b0b9e6743774739eb3e,PASS,"All four interleaver configurations share payload, noise, burst start and frame sequence."
CC,CC_EsN0_-5_burst_0.10000000000000001_THREE_QUARTER,-5,0.10000000000000001,THREE_QUARTER,4,1,1,1,1,08ec7ceefd5edddc416430cf958972d88028591172aa30858db77bb3b3d6f815,ac9e56be9674b2959aee8a068a31aafed2b056ef958164a35928f0eb9c7493f3,925b598b952c39eaa6eabacd7e8f9c0ca105363bdf5b8b2b6ae659433b9e383b,c76dd6f3c17103439dfb85094b25f725c8a46fabf6288b0b9e6743774739eb3e,PASS,"All four interleaver configurations share payload, noise, burst start and frame sequence."
CC,CC_EsN0_-4.5_burst_0.02_HEAD,-4.5,0.02,HEAD,4,1,1,1,1,08ec7ceefd5edddc416430cf958972d88028591172aa30858db77bb3b3d6f815,ac9e56be9674b2959aee8a068a31aafed2b056ef958164a35928f0eb9c7493f3,f0e1f6e82903f8c98fe871ea9b05e156da4305fdff95aa37c325c0289bf10f6f,c76dd6f3c17103439dfb85094b25f725c8a46fabf6288b0b9e6743774739eb3e,PASS,"All four interleaver configurations share payload, noise, burst start and frame sequence."
CC,CC_EsN0_-4.5_burst_0.02_MIDDLE,-4.5,0.02,MIDDLE,4,1,1,1,1,08ec7ceefd5edddc416430cf958972d88028591172aa30858db77bb3b3d6f815,ac9e56be9674b2959aee8a068a31aafed2b056ef958164a35928f0eb9c7493f3,05ef1f09fc1b0e1a83db2032a6ea84c4e48771f63030ca60ca9e22010fea1cd8,c76dd6f3c17103439dfb85094b25f725c8a46fabf6288b0b9e6743774739eb3e,PASS,"All four interleaver configurations share payload, noise, burst start and frame sequence."
CC,CC_EsN0_-4.5_burst_0.02_QUARTER,-4.5,0.02,QUARTER,4,1,1,1,1,08ec7ceefd5edddc416430cf958972d88028591172aa30858db77bb3b3d6f815,ac9e56be9674b2959aee8a068a31aafed2b056ef958164a35928f0eb9c7493f3,39c5d52c01ce879d96dd95c00c6a468a870b6ee6a31fc4ee755083ab940c1116,c76dd6f3c17103439dfb85094b25f725c8a46fabf6288b0b9e6743774739eb3e,PASS,"All four interleaver configurations share payload, noise, burst start and frame sequence."
CC,CC_EsN0_-4.5_burst_0.02_RANDOM,-4.5,0.02,RANDOM,4,1,1,1,1,08ec7ceefd5edddc416430cf958972d88028591172aa30858db77bb3b3d6f815,ac9e56be9674b2959aee8a068a31aafed2b056ef958164a35928f0eb9c7493f3,59a1e8e474dec5aa9d6c073e7ca26c5fd545f0b7df504079e994ea96d033c6f7,c76dd6f3c17103439dfb85094b25f725c8a46fabf6288b0b9e6743774739eb3e,PASS,"All four interleaver configurations share payload, noise, burst start and frame sequence."
CC,CC_EsN0_-4.5_burst_0.02_TAIL,-4.5,0.02,TAIL,4,1,1,1,1,08ec7ceefd5edddc416430cf958972d88028591172aa30858db77bb3b3d6f815,ac9e56be9674b2959aee8a068a31aafed2b056ef958164a35928f0eb9c7493f3,8fff70873a2d2a064d7f2e4f043881e68eddb9164a145d994af6fed687848704,c76dd6f3c17103439dfb85094b25f725c8a46fabf6288b0b9e6743774739eb3e,PASS,"All four interleaver configurations share payload, noise, burst start and frame sequence."
CC,CC_EsN0_-4.5_burst_0.02_THREE_QUARTER,-4.5,0.02,THREE_QUARTER,4,1,1,1,1,08ec7ceefd5edddc416430cf958972d88028591172aa30858db77bb3b3d6f815,ac9e56be9674b2959aee8a068a31aafed2b056ef958164a35928f0eb9c7493f3,bf6e1947f56948d1a55e056b0e77cdceb2cb66efd91559c7509647b1e4925e81,c76dd6f3c17103439dfb85094b25f725c8a46fabf6288b0b9e6743774739eb3e,PASS,"All four interleaver configurations share payload, noise, burst start and frame sequence."
CC,CC_EsN0_-4.5_burst_0.050000000000000003_HEAD,-4.5,0.050000000000000003,HEAD,4,1,1,1,1,08ec7ceefd5edddc416430cf958972d88028591172aa30858db77bb3b3d6f815,ac9e56be9674b2959aee8a068a31aafed2b056ef958164a35928f0eb9c7493f3,0c79440d07fc8b2fd679a1ecfd881260c38df03f251058f993ce83c1ce71f8ce,c76dd6f3c17103439dfb85094b25f725c8a46fabf6288b0b9e6743774739eb3e,PASS,"All four interleaver configurations share payload, noise, burst start and frame sequence."
CC,CC_EsN0_-4.5_burst_0.050000000000000003_MIDDLE,-4.5,0.050000000000000003,MIDDLE,4,1,1,1,1,08ec7ceefd5edddc416430cf958972d88028591172aa30858db77bb3b3d6f815,ac9e56be9674b2959aee8a068a31aafed2b056ef958164a35928f0eb9c7493f3,49a58081ad494916be7ef69554edef45c18cbfdb24dd9ac822d637b8db7eb80d,c76dd6f3c17103439dfb85094b25f725c8a46fabf6288b0b9e6743774739eb3e,PASS,"All four interleaver configurations share payload, noise, burst start and frame sequence."
CC,CC_EsN0_-4.5_burst_0.050000000000000003_QUARTER,-4.5,0.050000000000000003,QUARTER,4,1,1,1,1,08ec7ceefd5edddc416430cf958972d88028591172aa30858db77bb3b3d6f815,ac9e56be9674b2959aee8a068a31aafed2b056ef958164a35928f0eb9c7493f3,aebe1c0b6608f12e5613f803f00db1badce4159b9922e2d0746b5cce49e64597,c76dd6f3c17103439dfb85094b25f725c8a46fabf6288b0b9e6743774739eb3e,PASS,"All four interleaver configurations share payload, noise, burst start and frame sequence."
CC,CC_EsN0_-4.5_burst_0.050000000000000003_RANDOM,-4.5,0.050000000000000003,RANDOM,4,1,1,1,1,08ec7ceefd5edddc416430cf958972d88028591172aa30858db77bb3b3d6f815,ac9e56be9674b2959aee8a068a31aafed2b056ef958164a35928f0eb9c7493f3,727479f3d7b6f321e63f35d9939f564cdefdb0fd4bee2e91c43d7f9b983ab975,c76dd6f3c17103439dfb85094b25f725c8a46fabf6288b0b9e6743774739eb3e,PASS,"All four interleaver configurations share payload, noise, burst start and frame sequence."
CC,CC_EsN0_-4.5_burst_0.050000000000000003_TAIL,-4.5,0.050000000000000003,TAIL,4,1,1,1,1,08ec7ceefd5edddc416430cf958972d88028591172aa30858db77bb3b3d6f815,ac9e56be9674b2959aee8a068a31aafed2b056ef958164a35928f0eb9c7493f3,f6b13592c6a1c708cbcaa3e6b35f881242d9c91aa48740beb7dfda742a3a8694,c76dd6f3c17103439dfb85094b25f725c8a46fabf6288b0b9e6743774739eb3e,PASS,"All four interleaver configurations share payload, noise, burst start and frame sequence."
CC,CC_EsN0_-4.5_burst_0.050000000000000003_THREE_QUARTER,-4.5,0.050000000000000003,THREE_QUARTER,4,1,1,1,1,08ec7ceefd5edddc416430cf958972d88028591172aa30858db77bb3b3d6f815,ac9e56be9674b2959aee8a068a31aafed2b056ef958164a35928f0eb9c7493f3,c4201a36e8389236a84998ac9b61c840bf3be5218969bd4811ccd9338a0a1ab0,c76dd6f3c17103439dfb85094b25f725c8a46fabf6288b0b9e6743774739eb3e,PASS,"All four interleaver configurations share payload, noise, burst start and frame sequence."
CC,CC_EsN0_-4.5_burst_0.10000000000000001_HEAD,-4.5,0.10000000000000001,HEAD,4,1,1,1,1,08ec7ceefd5edddc416430cf958972d88028591172aa30858db77bb3b3d6f815,ac9e56be9674b2959aee8a068a31aafed2b056ef958164a35928f0eb9c7493f3,c324396b615ecfff2e457f0ff1d8cbe81838840aec7bceb6d6ef9d0937617711,c76dd6f3c17103439dfb85094b25f725c8a46fabf6288b0b9e6743774739eb3e,PASS,"All four interleaver configurations share payload, noise, burst start and frame sequence."
CC,CC_EsN0_-4.5_burst_0.10000000000000001_MIDDLE,-4.5,0.10000000000000001,MIDDLE,4,1,1,1,1,08ec7ceefd5edddc416430cf958972d88028591172aa30858db77bb3b3d6f815,ac9e56be9674b2959aee8a068a31aafed2b056ef958164a35928f0eb9c7493f3,99a092448ed42180903cfc0220fce3a5544b874f4535661c1643e4a33e150508,c76dd6f3c17103439dfb85094b25f725c8a46fabf6288b0b9e6743774739eb3e,PASS,"All four interleaver configurations share payload, noise, burst start and frame sequence."
CC,CC_EsN0_-4.5_burst_0.10000000000000001_QUARTER,-4.5,0.10000000000000001,QUARTER,4,1,1,1,1,08ec7ceefd5edddc416430cf958972d88028591172aa30858db77bb3b3d6f815,ac9e56be9674b2959aee8a068a31aafed2b056ef958164a35928f0eb9c7493f3,65d43aedfc85d2cf50c59c439fdb0efc99d854b31ae23068cee46aefb81ece9d,c76dd6f3c17103439dfb85094b25f725c8a46fabf6288b0b9e6743774739eb3e,PASS,"All four interleaver configurations share payload, noise, burst start and frame sequence."
CC,CC_EsN0_-4.5_burst_0.10000000000000001_RANDOM,-4.5,0.10000000000000001,RANDOM,4,1,1,1,1,08ec7ceefd5edddc416430cf958972d88028591172aa30858db77bb3b3d6f815,ac9e56be9674b2959aee8a068a31aafed2b056ef958164a35928f0eb9c7493f3,d73998b1e17cbbc6cb4b13860640c89919d1ca3feea4c264741944225b960092,c76dd6f3c17103439dfb85094b25f725c8a46fabf6288b0b9e6743774739eb3e,PASS,"All four interleaver configurations share payload, noise, burst start and frame sequence."
CC,CC_EsN0_-4.5_burst_0.10000000000000001_TAIL,-4.5,0.10000000000000001,TAIL,4,1,1,1,1,08ec7ceefd5edddc416430cf958972d88028591172aa30858db77bb3b3d6f815,ac9e56be9674b2959aee8a068a31aafed2b056ef958164a35928f0eb9c7493f3,f6879b518bb5067dfc3a078c5c5b096acd5dc9a4e6cf25195584fce2bbdfcff5,c76dd6f3c17103439dfb85094b25f725c8a46fabf6288b0b9e6743774739eb3e,PASS,"All four interleaver configurations share payload, noise, burst start and frame sequence."
CC,CC_EsN0_-4.5_burst_0.10000000000000001_THREE_QUARTER,-4.5,0.10000000000000001,THREE_QUARTER,4,1,1,1,1,08ec7ceefd5edddc416430cf958972d88028591172aa30858db77bb3b3d6f815,ac9e56be9674b2959aee8a068a31aafed2b056ef958164a35928f0eb9c7493f3,925b598b952c39eaa6eabacd7e8f9c0ca105363bdf5b8b2b6ae659433b9e383b,c76dd6f3c17103439dfb85094b25f725c8a46fabf6288b0b9e6743774739eb3e,PASS,"All four interleaver configurations share payload, noise, burst start and frame sequence."
CC,CC_EsN0_-4_burst_0.02_HEAD,-4,0.02,HEAD,4,1,1,1,1,08ec7ceefd5edddc416430cf958972d88028591172aa30858db77bb3b3d6f815,ac9e56be9674b2959aee8a068a31aafed2b056ef958164a35928f0eb9c7493f3,f0e1f6e82903f8c98fe871ea9b05e156da4305fdff95aa37c325c0289bf10f6f,c76dd6f3c17103439dfb85094b25f725c8a46fabf6288b0b9e6743774739eb3e,PASS,"All four interleaver configurations share payload, noise, burst start and frame sequence."
CC,CC_EsN0_-4_burst_0.02_MIDDLE,-4,0.02,MIDDLE,4,1,1,1,1,08ec7ceefd5edddc416430cf958972d88028591172aa30858db77bb3b3d6f815,ac9e56be9674b2959aee8a068a31aafed2b056ef958164a35928f0eb9c7493f3,05ef1f09fc1b0e1a83db2032a6ea84c4e48771f63030ca60ca9e22010fea1cd8,c76dd6f3c17103439dfb85094b25f725c8a46fabf6288b0b9e6743774739eb3e,PASS,"All four interleaver configurations share payload, noise, burst start and frame sequence."
CC,CC_EsN0_-4_burst_0.02_QUARTER,-4,0.02,QUARTER,4,1,1,1,1,08ec7ceefd5edddc416430cf958972d88028591172aa30858db77bb3b3d6f815,ac9e56be9674b2959aee8a068a31aafed2b056ef958164a35928f0eb9c7493f3,39c5d52c01ce879d96dd95c00c6a468a870b6ee6a31fc4ee755083ab940c1116,c76dd6f3c17103439dfb85094b25f725c8a46fabf6288b0b9e6743774739eb3e,PASS,"All four interleaver configurations share payload, noise, burst start and frame sequence."
CC,CC_EsN0_-4_burst_0.02_RANDOM,-4,0.02,RANDOM,4,1,1,1,1,08ec7ceefd5edddc416430cf958972d88028591172aa30858db77bb3b3d6f815,ac9e56be9674b2959aee8a068a31aafed2b056ef958164a35928f0eb9c7493f3,59a1e8e474dec5aa9d6c073e7ca26c5fd545f0b7df504079e994ea96d033c6f7,c76dd6f3c17103439dfb85094b25f725c8a46fabf6288b0b9e6743774739eb3e,PASS,"All four interleaver configurations share payload, noise, burst start and frame sequence."
CC,CC_EsN0_-4_burst_0.02_TAIL,-4,0.02,TAIL,4,1,1,1,1,08ec7ceefd5edddc416430cf958972d88028591172aa30858db77bb3b3d6f815,ac9e56be9674b2959aee8a068a31aafed2b056ef958164a35928f0eb9c7493f3,8fff70873a2d2a064d7f2e4f043881e68eddb9164a145d994af6fed687848704,c76dd6f3c17103439dfb85094b25f725c8a46fabf6288b0b9e6743774739eb3e,PASS,"All four interleaver configurations share payload, noise, burst start and frame sequence."
CC,CC_EsN0_-4_burst_0.02_THREE_QUARTER,-4,0.02,THREE_QUARTER,4,1,1,1,1,08ec7ceefd5edddc416430cf958972d88028591172aa30858db77bb3b3d6f815,ac9e56be9674b2959aee8a068a31aafed2b056ef958164a35928f0eb9c7493f3,bf6e1947f56948d1a55e056b0e77cdceb2cb66efd91559c7509647b1e4925e81,c76dd6f3c17103439dfb85094b25f725c8a46fabf6288b0b9e6743774739eb3e,PASS,"All four interleaver configurations share payload, noise, burst start and frame sequence."
CC,CC_EsN0_-4_burst_0.050000000000000003_HEAD,-4,0.050000000000000003,HEAD,4,1,1,1,1,08ec7ceefd5edddc416430cf958972d88028591172aa30858db77bb3b3d6f815,ac9e56be9674b2959aee8a068a31aafed2b056ef958164a35928f0eb9c7493f3,0c79440d07fc8b2fd679a1ecfd881260c38df03f251058f993ce83c1ce71f8ce,c76dd6f3c17103439dfb85094b25f725c8a46fabf6288b0b9e6743774739eb3e,PASS,"All four interleaver configurations share payload, noise, burst start and frame sequence."
CC,CC_EsN0_-4_burst_0.050000000000000003_MIDDLE,-4,0.050000000000000003,MIDDLE,4,1,1,1,1,08ec7ceefd5edddc416430cf958972d88028591172aa30858db77bb3b3d6f815,ac9e56be9674b2959aee8a068a31aafed2b056ef958164a35928f0eb9c7493f3,49a58081ad494916be7ef69554edef45c18cbfdb24dd9ac822d637b8db7eb80d,c76dd6f3c17103439dfb85094b25f725c8a46fabf6288b0b9e6743774739eb3e,PASS,"All four interleaver configurations share payload, noise, burst start and frame sequence."
CC,CC_EsN0_-4_burst_0.050000000000000003_QUARTER,-4,0.050000000000000003,QUARTER,4,1,1,1,1,08ec7ceefd5edddc416430cf958972d88028591172aa30858db77bb3b3d6f815,ac9e56be9674b2959aee8a068a31aafed2b056ef958164a35928f0eb9c7493f3,aebe1c0b6608f12e5613f803f00db1badce4159b9922e2d0746b5cce49e64597,c76dd6f3c17103439dfb85094b25f725c8a46fabf6288b0b9e6743774739eb3e,PASS,"All four interleaver configurations share payload, noise, burst start and frame sequence."
CC,CC_EsN0_-4_burst_0.050000000000000003_RANDOM,-4,0.050000000000000003,RANDOM,4,1,1,1,1,08ec7ceefd5edddc416430cf958972d88028591172aa30858db77bb3b3d6f815,ac9e56be9674b2959aee8a068a31aafed2b056ef958164a35928f0eb9c7493f3,727479f3d7b6f321e63f35d9939f564cdefdb0fd4bee2e91c43d7f9b983ab975,c76dd6f3c17103439dfb85094b25f725c8a46fabf6288b0b9e6743774739eb3e,PASS,"All four interleaver configurations share payload, noise, burst start and frame sequence."
CC,CC_EsN0_-4_burst_0.050000000000000003_TAIL,-4,0.050000000000000003,TAIL,4,1,1,1,1,08ec7ceefd5edddc416430cf958972d88028591172aa30858db77bb3b3d6f815,ac9e56be9674b2959aee8a068a31aafed2b056ef958164a35928f0eb9c7493f3,f6b13592c6a1c708cbcaa3e6b35f881242d9c91aa48740beb7dfda742a3a8694,c76dd6f3c17103439dfb85094b25f725c8a46fabf6288b0b9e6743774739eb3e,PASS,"All four interleaver configurations share payload, noise, burst start and frame sequence."
CC,CC_EsN0_-4_burst_0.050000000000000003_THREE_QUARTER,-4,0.050000000000000003,THREE_QUARTER,4,1,1,1,1,08ec7ceefd5edddc416430cf958972d88028591172aa30858db77bb3b3d6f815,ac9e56be9674b2959aee8a068a31aafed2b056ef958164a35928f0eb9c7493f3,c4201a36e8389236a84998ac9b61c840bf3be5218969bd4811ccd9338a0a1ab0,c76dd6f3c17103439dfb85094b25f725c8a46fabf6288b0b9e6743774739eb3e,PASS,"All four interleaver configurations share payload, noise, burst start and frame sequence."
CC,CC_EsN0_-4_burst_0.10000000000000001_HEAD,-4,0.10000000000000001,HEAD,4,1,1,1,1,08ec7ceefd5edddc416430cf958972d88028591172aa30858db77bb3b3d6f815,ac9e56be9674b2959aee8a068a31aafed2b056ef958164a35928f0eb9c7493f3,c324396b615ecfff2e457f0ff1d8cbe81838840aec7bceb6d6ef9d0937617711,c76dd6f3c17103439dfb85094b25f725c8a46fabf6288b0b9e6743774739eb3e,PASS,"All four interleaver configurations share payload, noise, burst start and frame sequence."
CC,CC_EsN0_-4_burst_0.10000000000000001_MIDDLE,-4,0.10000000000000001,MIDDLE,4,1,1,1,1,08ec7ceefd5edddc416430cf958972d88028591172aa30858db77bb3b3d6f815,ac9e56be9674b2959aee8a068a31aafed2b056ef958164a35928f0eb9c7493f3,99a092448ed42180903cfc0220fce3a5544b874f4535661c1643e4a33e150508,c76dd6f3c17103439dfb85094b25f725c8a46fabf6288b0b9e6743774739eb3e,PASS,"All four interleaver configurations share payload, noise, burst start and frame sequence."
CC,CC_EsN0_-4_burst_0.10000000000000001_QUARTER,-4,0.10000000000000001,QUARTER,4,1,1,1,1,08ec7ceefd5edddc416430cf958972d88028591172aa30858db77bb3b3d6f815,ac9e56be9674b2959aee8a068a31aafed2b056ef958164a35928f0eb9c7493f3,65d43aedfc85d2cf50c59c439fdb0efc99d854b31ae23068cee46aefb81ece9d,c76dd6f3c17103439dfb85094b25f725c8a46fabf6288b0b9e6743774739eb3e,PASS,"All four interleaver configurations share payload, noise, burst start and frame sequence."
CC,CC_EsN0_-4_burst_0.10000000000000001_RANDOM,-4,0.10000000000000001,RANDOM,4,1,1,1,1,08ec7ceefd5edddc416430cf958972d88028591172aa30858db77bb3b3d6f815,ac9e56be9674b2959aee8a068a31aafed2b056ef958164a35928f0eb9c7493f3,d73998b1e17cbbc6cb4b13860640c89919d1ca3feea4c264741944225b960092,c76dd6f3c17103439dfb85094b25f725c8a46fabf6288b0b9e6743774739eb3e,PASS,"All four interleaver configurations share payload, noise, burst start and frame sequence."
CC,CC_EsN0_-4_burst_0.10000000000000001_TAIL,-4,0.10000000000000001,TAIL,4,1,1,1,1,08ec7ceefd5edddc416430cf958972d88028591172aa30858db77bb3b3d6f815,ac9e56be9674b2959aee8a068a31aafed2b056ef958164a35928f0eb9c7493f3,f6879b518bb5067dfc3a078c5c5b096acd5dc9a4e6cf25195584fce2bbdfcff5,c76dd6f3c17103439dfb85094b25f725c8a46fabf6288b0b9e6743774739eb3e,PASS,"All four interleaver configurations share payload, noise, burst start and frame sequence."
CC,CC_EsN0_-4_burst_0.10000000000000001_THREE_QUARTER,-4,0.10000000000000001,THREE_QUARTER,4,1,1,1,1,08ec7ceefd5edddc416430cf958972d88028591172aa30858db77bb3b3d6f815,ac9e56be9674b2959aee8a068a31aafed2b056ef958164a35928f0eb9c7493f3,925b598b952c39eaa6eabacd7e8f9c0ca105363bdf5b8b2b6ae659433b9e383b,c76dd6f3c17103439dfb85094b25f725c8a46fabf6288b0b9e6743774739eb3e,PASS,"All four interleaver configurations share payload, noise, burst start and frame sequence."
CC,CC_EsN0_-3.5_burst_0.02_HEAD,-3.5,0.02,HEAD,4,1,1,1,1,08ec7ceefd5edddc416430cf958972d88028591172aa30858db77bb3b3d6f815,ac9e56be9674b2959aee8a068a31aafed2b056ef958164a35928f0eb9c7493f3,f0e1f6e82903f8c98fe871ea9b05e156da4305fdff95aa37c325c0289bf10f6f,c76dd6f3c17103439dfb85094b25f725c8a46fabf6288b0b9e6743774739eb3e,PASS,"All four interleaver configurations share payload, noise, burst start and frame sequence."
CC,CC_EsN0_-3.5_burst_0.02_MIDDLE,-3.5,0.02,MIDDLE,4,1,1,1,1,08ec7ceefd5edddc416430cf958972d88028591172aa30858db77bb3b3d6f815,ac9e56be9674b2959aee8a068a31aafed2b056ef958164a35928f0eb9c7493f3,05ef1f09fc1b0e1a83db2032a6ea84c4e48771f63030ca60ca9e22010fea1cd8,c76dd6f3c17103439dfb85094b25f725c8a46fabf6288b0b9e6743774739eb3e,PASS,"All four interleaver configurations share payload, noise, burst start and frame sequence."
CC,CC_EsN0_-3.5_burst_0.02_QUARTER,-3.5,0.02,QUARTER,4,1,1,1,1,08ec7ceefd5edddc416430cf958972d88028591172aa30858db77bb3b3d6f815,ac9e56be9674b2959aee8a068a31aafed2b056ef958164a35928f0eb9c7493f3,39c5d52c01ce879d96dd95c00c6a468a870b6ee6a31fc4ee755083ab940c1116,c76dd6f3c17103439dfb85094b25f725c8a46fabf6288b0b9e6743774739eb3e,PASS,"All four interleaver configurations share payload, noise, burst start and frame sequence."
CC,CC_EsN0_-3.5_burst_0.02_RANDOM,-3.5,0.02,RANDOM,4,1,1,1,1,08ec7ceefd5edddc416430cf958972d88028591172aa30858db77bb3b3d6f815,ac9e56be9674b2959aee8a068a31aafed2b056ef958164a35928f0eb9c7493f3,59a1e8e474dec5aa9d6c073e7ca26c5fd545f0b7df504079e994ea96d033c6f7,c76dd6f3c17103439dfb85094b25f725c8a46fabf6288b0b9e6743774739eb3e,PASS,"All four interleaver configurations share payload, noise, burst start and frame sequence."
CC,CC_EsN0_-3.5_burst_0.02_TAIL,-3.5,0.02,TAIL,4,1,1,1,1,08ec7ceefd5edddc416430cf958972d88028591172aa30858db77bb3b3d6f815,ac9e56be9674b2959aee8a068a31aafed2b056ef958164a35928f0eb9c7493f3,8fff70873a2d2a064d7f2e4f043881e68eddb9164a145d994af6fed687848704,c76dd6f3c17103439dfb85094b25f725c8a46fabf6288b0b9e6743774739eb3e,PASS,"All four interleaver configurations share payload, noise, burst start and frame sequence."
CC,CC_EsN0_-3.5_burst_0.02_THREE_QUARTER,-3.5,0.02,THREE_QUARTER,4,1,1,1,1,08ec7ceefd5edddc416430cf958972d88028591172aa30858db77bb3b3d6f815,ac9e56be9674b2959aee8a068a31aafed2b056ef958164a35928f0eb9c7493f3,bf6e1947f56948d1a55e056b0e77cdceb2cb66efd91559c7509647b1e4925e81,c76dd6f3c17103439dfb85094b25f725c8a46fabf6288b0b9e6743774739eb3e,PASS,"All four interleaver configurations share payload, noise, burst start and frame sequence."
CC,CC_EsN0_-3.5_burst_0.050000000000000003_HEAD,-3.5,0.050000000000000003,HEAD,4,1,1,1,1,08ec7ceefd5edddc416430cf958972d88028591172aa30858db77bb3b3d6f815,ac9e56be9674b2959aee8a068a31aafed2b056ef958164a35928f0eb9c7493f3,0c79440d07fc8b2fd679a1ecfd881260c38df03f251058f993ce83c1ce71f8ce,c76dd6f3c17103439dfb85094b25f725c8a46fabf6288b0b9e6743774739eb3e,PASS,"All four interleaver configurations share payload, noise, burst start and frame sequence."
CC,CC_EsN0_-3.5_burst_0.050000000000000003_MIDDLE,-3.5,0.050000000000000003,MIDDLE,4,1,1,1,1,08ec7ceefd5edddc416430cf958972d88028591172aa30858db77bb3b3d6f815,ac9e56be9674b2959aee8a068a31aafed2b056ef958164a35928f0eb9c7493f3,49a58081ad494916be7ef69554edef45c18cbfdb24dd9ac822d637b8db7eb80d,c76dd6f3c17103439dfb85094b25f725c8a46fabf6288b0b9e6743774739eb3e,PASS,"All four interleaver configurations share payload, noise, burst start and frame sequence."
CC,CC_EsN0_-3.5_burst_0.050000000000000003_QUARTER,-3.5,0.050000000000000003,QUARTER,4,1,1,1,1,08ec7ceefd5edddc416430cf958972d88028591172aa30858db77bb3b3d6f815,ac9e56be9674b2959aee8a068a31aafed2b056ef958164a35928f0eb9c7493f3,aebe1c0b6608f12e5613f803f00db1badce4159b9922e2d0746b5cce49e64597,c76dd6f3c17103439dfb85094b25f725c8a46fabf6288b0b9e6743774739eb3e,PASS,"All four interleaver configurations share payload, noise, burst start and frame sequence."
CC,CC_EsN0_-3.5_burst_0.050000000000000003_RANDOM,-3.5,0.050000000000000003,RANDOM,4,1,1,1,1,08ec7ceefd5edddc416430cf958972d88028591172aa30858db77bb3b3d6f815,ac9e56be9674b2959aee8a068a31aafed2b056ef958164a35928f0eb9c7493f3,727479f3d7b6f321e63f35d9939f564cdefdb0fd4bee2e91c43d7f9b983ab975,c76dd6f3c17103439dfb85094b25f725c8a46fabf6288b0b9e6743774739eb3e,PASS,"All four interleaver configurations share payload, noise, burst start and frame sequence."
CC,CC_EsN0_-3.5_burst_0.050000000000000003_TAIL,-3.5,0.050000000000000003,TAIL,4,1,1,1,1,08ec7ceefd5edddc416430cf958972d88028591172aa30858db77bb3b3d6f815,ac9e56be9674b2959aee8a068a31aafed2b056ef958164a35928f0eb9c7493f3,f6b13592c6a1c708cbcaa3e6b35f881242d9c91aa48740beb7dfda742a3a8694,c76dd6f3c17103439dfb85094b25f725c8a46fabf6288b0b9e6743774739eb3e,PASS,"All four interleaver configurations share payload, noise, burst start and frame sequence."
CC,CC_EsN0_-3.5_burst_0.050000000000000003_THREE_QUARTER,-3.5,0.050000000000000003,THREE_QUARTER,4,1,1,1,1,08ec7ceefd5edddc416430cf958972d88028591172aa30858db77bb3b3d6f815,ac9e56be9674b2959aee8a068a31aafed2b056ef958164a35928f0eb9c7493f3,c4201a36e8389236a84998ac9b61c840bf3be5218969bd4811ccd9338a0a1ab0,c76dd6f3c17103439dfb85094b25f725c8a46fabf6288b0b9e6743774739eb3e,PASS,"All four interleaver configurations share payload, noise, burst start and frame sequence."
CC,CC_EsN0_-3.5_burst_0.10000000000000001_HEAD,-3.5,0.10000000000000001,HEAD,4,1,1,1,1,08ec7ceefd5edddc416430cf958972d88028591172aa30858db77bb3b3d6f815,ac9e56be9674b2959aee8a068a31aafed2b056ef958164a35928f0eb9c7493f3,c324396b615ecfff2e457f0ff1d8cbe81838840aec7bceb6d6ef9d0937617711,c76dd6f3c17103439dfb85094b25f725c8a46fabf6288b0b9e6743774739eb3e,PASS,"All four interleaver configurations share payload, noise, burst start and frame sequence."
CC,CC_EsN0_-3.5_burst_0.10000000000000001_MIDDLE,-3.5,0.10000000000000001,MIDDLE,4,1,1,1,1,08ec7ceefd5edddc416430cf958972d88028591172aa30858db77bb3b3d6f815,ac9e56be9674b2959aee8a068a31aafed2b056ef958164a35928f0eb9c7493f3,99a092448ed42180903cfc0220fce3a5544b874f4535661c1643e4a33e150508,c76dd6f3c17103439dfb85094b25f725c8a46fabf6288b0b9e6743774739eb3e,PASS,"All four interleaver configurations share payload, noise, burst start and frame sequence."
CC,CC_EsN0_-3.5_burst_0.10000000000000001_QUARTER,-3.5,0.10000000000000001,QUARTER,4,1,1,1,1,08ec7ceefd5edddc416430cf958972d88028591172aa30858db77bb3b3d6f815,ac9e56be9674b2959aee8a068a31aafed2b056ef958164a35928f0eb9c7493f3,65d43aedfc85d2cf50c59c439fdb0efc99d854b31ae23068cee46aefb81ece9d,c76dd6f3c17103439dfb85094b25f725c8a46fabf6288b0b9e6743774739eb3e,PASS,"All four interleaver configurations share payload, noise, burst start and frame sequence."
CC,CC_EsN0_-3.5_burst_0.10000000000000001_RANDOM,-3.5,0.10000000000000001,RANDOM,4,1,1,1,1,08ec7ceefd5edddc416430cf958972d88028591172aa30858db77bb3b3d6f815,ac9e56be9674b2959aee8a068a31aafed2b056ef958164a35928f0eb9c7493f3,d73998b1e17cbbc6cb4b13860640c89919d1ca3feea4c264741944225b960092,c76dd6f3c17103439dfb85094b25f725c8a46fabf6288b0b9e6743774739eb3e,PASS,"All four interleaver configurations share payload, noise, burst start and frame sequence."
CC,CC_EsN0_-3.5_burst_0.10000000000000001_TAIL,-3.5,0.10000000000000001,TAIL,4,1,1,1,1,08ec7ceefd5edddc416430cf958972d88028591172aa30858db77bb3b3d6f815,ac9e56be9674b2959aee8a068a31aafed2b056ef958164a35928f0eb9c7493f3,f6879b518bb5067dfc3a078c5c5b096acd5dc9a4e6cf25195584fce2bbdfcff5,c76dd6f3c17103439dfb85094b25f725c8a46fabf6288b0b9e6743774739eb3e,PASS,"All four interleaver configurations share payload, noise, burst start and frame sequence."
CC,CC_EsN0_-3.5_burst_0.10000000000000001_THREE_QUARTER,-3.5,0.10000000000000001,THREE_QUARTER,4,1,1,1,1,08ec7ceefd5edddc416430cf958972d88028591172aa30858db77bb3b3d6f815,ac9e56be9674b2959aee8a068a31aafed2b056ef958164a35928f0eb9c7493f3,925b598b952c39eaa6eabacd7e8f9c0ca105363bdf5b8b2b6ae659433b9e383b,c76dd6f3c17103439dfb85094b25f725c8a46fabf6288b0b9e6743774739eb3e,PASS,"All four interleaver configurations share payload, noise, burst start and frame sequence."
CC,CC_EsN0_-3_burst_0.02_HEAD,-3,0.02,HEAD,4,1,1,1,1,08ec7ceefd5edddc416430cf958972d88028591172aa30858db77bb3b3d6f815,ac9e56be9674b2959aee8a068a31aafed2b056ef958164a35928f0eb9c7493f3,f0e1f6e82903f8c98fe871ea9b05e156da4305fdff95aa37c325c0289bf10f6f,c76dd6f3c17103439dfb85094b25f725c8a46fabf6288b0b9e6743774739eb3e,PASS,"All four interleaver configurations share payload, noise, burst start and frame sequence."
CC,CC_EsN0_-3_burst_0.02_MIDDLE,-3,0.02,MIDDLE,4,1,1,1,1,08ec7ceefd5edddc416430cf958972d88028591172aa30858db77bb3b3d6f815,ac9e56be9674b2959aee8a068a31aafed2b056ef958164a35928f0eb9c7493f3,05ef1f09fc1b0e1a83db2032a6ea84c4e48771f63030ca60ca9e22010fea1cd8,c76dd6f3c17103439dfb85094b25f725c8a46fabf6288b0b9e6743774739eb3e,PASS,"All four interleaver configurations share payload, noise, burst start and frame sequence."
CC,CC_EsN0_-3_burst_0.02_QUARTER,-3,0.02,QUARTER,4,1,1,1,1,08ec7ceefd5edddc416430cf958972d88028591172aa30858db77bb3b3d6f815,ac9e56be9674b2959aee8a068a31aafed2b056ef958164a35928f0eb9c7493f3,39c5d52c01ce879d96dd95c00c6a468a870b6ee6a31fc4ee755083ab940c1116,c76dd6f3c17103439dfb85094b25f725c8a46fabf6288b0b9e6743774739eb3e,PASS,"All four interleaver configurations share payload, noise, burst start and frame sequence."
CC,CC_EsN0_-3_burst_0.02_RANDOM,-3,0.02,RANDOM,4,1,1,1,1,08ec7ceefd5edddc416430cf958972d88028591172aa30858db77bb3b3d6f815,ac9e56be9674b2959aee8a068a31aafed2b056ef958164a35928f0eb9c7493f3,59a1e8e474dec5aa9d6c073e7ca26c5fd545f0b7df504079e994ea96d033c6f7,c76dd6f3c17103439dfb85094b25f725c8a46fabf6288b0b9e6743774739eb3e,PASS,"All four interleaver configurations share payload, noise, burst start and frame sequence."
CC,CC_EsN0_-3_burst_0.02_TAIL,-3,0.02,TAIL,4,1,1,1,1,08ec7ceefd5edddc416430cf958972d88028591172aa30858db77bb3b3d6f815,ac9e56be9674b2959aee8a068a31aafed2b056ef958164a35928f0eb9c7493f3,8fff70873a2d2a064d7f2e4f043881e68eddb9164a145d994af6fed687848704,c76dd6f3c17103439dfb85094b25f725c8a46fabf6288b0b9e6743774739eb3e,PASS,"All four interleaver configurations share payload, noise, burst start and frame sequence."
CC,CC_EsN0_-3_burst_0.02_THREE_QUARTER,-3,0.02,THREE_QUARTER,4,1,1,1,1,08ec7ceefd5edddc416430cf958972d88028591172aa30858db77bb3b3d6f815,ac9e56be9674b2959aee8a068a31aafed2b056ef958164a35928f0eb9c7493f3,bf6e1947f56948d1a55e056b0e77cdceb2cb66efd91559c7509647b1e4925e81,c76dd6f3c17103439dfb85094b25f725c8a46fabf6288b0b9e6743774739eb3e,PASS,"All four interleaver configurations share payload, noise, burst start and frame sequence."
CC,CC_EsN0_-3_burst_0.050000000000000003_HEAD,-3,0.050000000000000003,HEAD,4,1,1,1,1,08ec7ceefd5edddc416430cf958972d88028591172aa30858db77bb3b3d6f815,ac9e56be9674b2959aee8a068a31aafed2b056ef958164a35928f0eb9c7493f3,0c79440d07fc8b2fd679a1ecfd881260c38df03f251058f993ce83c1ce71f8ce,c76dd6f3c17103439dfb85094b25f725c8a46fabf6288b0b9e6743774739eb3e,PASS,"All four interleaver configurations share payload, noise, burst start and frame sequence."
CC,CC_EsN0_-3_burst_0.050000000000000003_MIDDLE,-3,0.050000000000000003,MIDDLE,4,1,1,1,1,08ec7ceefd5edddc416430cf958972d88028591172aa30858db77bb3b3d6f815,ac9e56be9674b2959aee8a068a31aafed2b056ef958164a35928f0eb9c7493f3,49a58081ad494916be7ef69554edef45c18cbfdb24dd9ac822d637b8db7eb80d,c76dd6f3c17103439dfb85094b25f725c8a46fabf6288b0b9e6743774739eb3e,PASS,"All four interleaver configurations share payload, noise, burst start and frame sequence."
CC,CC_EsN0_-3_burst_0.050000000000000003_QUARTER,-3,0.050000000000000003,QUARTER,4,1,1,1,1,08ec7ceefd5edddc416430cf958972d88028591172aa30858db77bb3b3d6f815,ac9e56be9674b2959aee8a068a31aafed2b056ef958164a35928f0eb9c7493f3,aebe1c0b6608f12e5613f803f00db1badce4159b9922e2d0746b5cce49e64597,c76dd6f3c17103439dfb85094b25f725c8a46fabf6288b0b9e6743774739eb3e,PASS,"All four interleaver configurations share payload, noise, burst start and frame sequence."
CC,CC_EsN0_-3_burst_0.050000000000000003_RANDOM,-3,0.050000000000000003,RANDOM,4,1,1,1,1,08ec7ceefd5edddc416430cf958972d88028591172aa30858db77bb3b3d6f815,ac9e56be9674b2959aee8a068a31aafed2b056ef958164a35928f0eb9c7493f3,727479f3d7b6f321e63f35d9939f564cdefdb0fd4bee2e91c43d7f9b983ab975,c76dd6f3c17103439dfb85094b25f725c8a46fabf6288b0b9e6743774739eb3e,PASS,"All four interleaver configurations share payload, noise, burst start and frame sequence."
CC,CC_EsN0_-3_burst_0.050000000000000003_TAIL,-3,0.050000000000000003,TAIL,4,1,1,1,1,08ec7ceefd5edddc416430cf958972d88028591172aa30858db77bb3b3d6f815,ac9e56be9674b2959aee8a068a31aafed2b056ef958164a35928f0eb9c7493f3,f6b13592c6a1c708cbcaa3e6b35f881242d9c91aa48740beb7dfda742a3a8694,c76dd6f3c17103439dfb85094b25f725c8a46fabf6288b0b9e6743774739eb3e,PASS,"All four interleaver configurations share payload, noise, burst start and frame sequence."
CC,CC_EsN0_-3_burst_0.050000000000000003_THREE_QUARTER,-3,0.050000000000000003,THREE_QUARTER,4,1,1,1,1,08ec7ceefd5edddc416430cf958972d88028591172aa30858db77bb3b3d6f815,ac9e56be9674b2959aee8a068a31aafed2b056ef958164a35928f0eb9c7493f3,c4201a36e8389236a84998ac9b61c840bf3be5218969bd4811ccd9338a0a1ab0,c76dd6f3c17103439dfb85094b25f725c8a46fabf6288b0b9e6743774739eb3e,PASS,"All four interleaver configurations share payload, noise, burst start and frame sequence."
CC,CC_EsN0_-3_burst_0.10000000000000001_HEAD,-3,0.10000000000000001,HEAD,4,1,1,1,1,08ec7ceefd5edddc416430cf958972d88028591172aa30858db77bb3b3d6f815,ac9e56be9674b2959aee8a068a31aafed2b056ef958164a35928f0eb9c7493f3,c324396b615ecfff2e457f0ff1d8cbe81838840aec7bceb6d6ef9d0937617711,c76dd6f3c17103439dfb85094b25f725c8a46fabf6288b0b9e6743774739eb3e,PASS,"All four interleaver configurations share payload, noise, burst start and frame sequence."
CC,CC_EsN0_-3_burst_0.10000000000000001_MIDDLE,-3,0.10000000000000001,MIDDLE,4,1,1,1,1,08ec7ceefd5edddc416430cf958972d88028591172aa30858db77bb3b3d6f815,ac9e56be9674b2959aee8a068a31aafed2b056ef958164a35928f0eb9c7493f3,99a092448ed42180903cfc0220fce3a5544b874f4535661c1643e4a33e150508,c76dd6f3c17103439dfb85094b25f725c8a46fabf6288b0b9e6743774739eb3e,PASS,"All four interleaver configurations share payload, noise, burst start and frame sequence."
CC,CC_EsN0_-3_burst_0.10000000000000001_QUARTER,-3,0.10000000000000001,QUARTER,4,1,1,1,1,08ec7ceefd5edddc416430cf958972d88028591172aa30858db77bb3b3d6f815,ac9e56be9674b2959aee8a068a31aafed2b056ef958164a35928f0eb9c7493f3,65d43aedfc85d2cf50c59c439fdb0efc99d854b31ae23068cee46aefb81ece9d,c76dd6f3c17103439dfb85094b25f725c8a46fabf6288b0b9e6743774739eb3e,PASS,"All four interleaver configurations share payload, noise, burst start and frame sequence."
CC,CC_EsN0_-3_burst_0.10000000000000001_RANDOM,-3,0.10000000000000001,RANDOM,4,1,1,1,1,08ec7ceefd5edddc416430cf958972d88028591172aa30858db77bb3b3d6f815,ac9e56be9674b2959aee8a068a31aafed2b056ef958164a35928f0eb9c7493f3,d73998b1e17cbbc6cb4b13860640c89919d1ca3feea4c264741944225b960092,c76dd6f3c17103439dfb85094b25f725c8a46fabf6288b0b9e6743774739eb3e,PASS,"All four interleaver configurations share payload, noise, burst start and frame sequence."
CC,CC_EsN0_-3_burst_0.10000000000000001_TAIL,-3,0.10000000000000001,TAIL,4,1,1,1,1,08ec7ceefd5edddc416430cf958972d88028591172aa30858db77bb3b3d6f815,ac9e56be9674b2959aee8a068a31aafed2b056ef958164a35928f0eb9c7493f3,f6879b518bb5067dfc3a078c5c5b096acd5dc9a4e6cf25195584fce2bbdfcff5,c76dd6f3c17103439dfb85094b25f725c8a46fabf6288b0b9e6743774739eb3e,PASS,"All four interleaver configurations share payload, noise, burst start and frame sequence."
CC,CC_EsN0_-3_burst_0.10000000000000001_THREE_QUARTER,-3,0.10000000000000001,THREE_QUARTER,4,1,1,1,1,08ec7ceefd5edddc416430cf958972d88028591172aa30858db77bb3b3d6f815,ac9e56be9674b2959aee8a068a31aafed2b056ef958164a35928f0eb9c7493f3,925b598b952c39eaa6eabacd7e8f9c0ca105363bdf5b8b2b6ae659433b9e383b,c76dd6f3c17103439dfb85094b25f725c8a46fabf6288b0b9e6743774739eb3e,PASS,"All four interleaver configurations share payload, noise, burst start and frame sequence."
CC,CC_EsN0_-2.5_burst_0.02_HEAD,-2.5,0.02,HEAD,4,1,1,1,1,08ec7ceefd5edddc416430cf958972d88028591172aa30858db77bb3b3d6f815,ac9e56be9674b2959aee8a068a31aafed2b056ef958164a35928f0eb9c7493f3,f0e1f6e82903f8c98fe871ea9b05e156da4305fdff95aa37c325c0289bf10f6f,c76dd6f3c17103439dfb85094b25f725c8a46fabf6288b0b9e6743774739eb3e,PASS,"All four interleaver configurations share payload, noise, burst start and frame sequence."
CC,CC_EsN0_-2.5_burst_0.02_MIDDLE,-2.5,0.02,MIDDLE,4,1,1,1,1,08ec7ceefd5edddc416430cf958972d88028591172aa30858db77bb3b3d6f815,ac9e56be9674b2959aee8a068a31aafed2b056ef958164a35928f0eb9c7493f3,05ef1f09fc1b0e1a83db2032a6ea84c4e48771f63030ca60ca9e22010fea1cd8,c76dd6f3c17103439dfb85094b25f725c8a46fabf6288b0b9e6743774739eb3e,PASS,"All four interleaver configurations share payload, noise, burst start and frame sequence."
CC,CC_EsN0_-2.5_burst_0.02_QUARTER,-2.5,0.02,QUARTER,4,1,1,1,1,08ec7ceefd5edddc416430cf958972d88028591172aa30858db77bb3b3d6f815,ac9e56be9674b2959aee8a068a31aafed2b056ef958164a35928f0eb9c7493f3,39c5d52c01ce879d96dd95c00c6a468a870b6ee6a31fc4ee755083ab940c1116,c76dd6f3c17103439dfb85094b25f725c8a46fabf6288b0b9e6743774739eb3e,PASS,"All four interleaver configurations share payload, noise, burst start and frame sequence."
CC,CC_EsN0_-2.5_burst_0.02_RANDOM,-2.5,0.02,RANDOM,4,1,1,1,1,08ec7ceefd5edddc416430cf958972d88028591172aa30858db77bb3b3d6f815,ac9e56be9674b2959aee8a068a31aafed2b056ef958164a35928f0eb9c7493f3,59a1e8e474dec5aa9d6c073e7ca26c5fd545f0b7df504079e994ea96d033c6f7,c76dd6f3c17103439dfb85094b25f725c8a46fabf6288b0b9e6743774739eb3e,PASS,"All four interleaver configurations share payload, noise, burst start and frame sequence."
CC,CC_EsN0_-2.5_burst_0.02_TAIL,-2.5,0.02,TAIL,4,1,1,1,1,08ec7ceefd5edddc416430cf958972d88028591172aa30858db77bb3b3d6f815,ac9e56be9674b2959aee8a068a31aafed2b056ef958164a35928f0eb9c7493f3,8fff70873a2d2a064d7f2e4f043881e68eddb9164a145d994af6fed687848704,c76dd6f3c17103439dfb85094b25f725c8a46fabf6288b0b9e6743774739eb3e,PASS,"All four interleaver configurations share payload, noise, burst start and frame sequence."
CC,CC_EsN0_-2.5_burst_0.02_THREE_QUARTER,-2.5,0.02,THREE_QUARTER,4,1,1,1,1,08ec7ceefd5edddc416430cf958972d88028591172aa30858db77bb3b3d6f815,ac9e56be9674b2959aee8a068a31aafed2b056ef958164a35928f0eb9c7493f3,bf6e1947f56948d1a55e056b0e77cdceb2cb66efd91559c7509647b1e4925e81,c76dd6f3c17103439dfb85094b25f725c8a46fabf6288b0b9e6743774739eb3e,PASS,"All four interleaver configurations share payload, noise, burst start and frame sequence."
CC,CC_EsN0_-2.5_burst_0.050000000000000003_HEAD,-2.5,0.050000000000000003,HEAD,4,1,1,1,1,08ec7ceefd5edddc416430cf958972d88028591172aa30858db77bb3b3d6f815,ac9e56be9674b2959aee8a068a31aafed2b056ef958164a35928f0eb9c7493f3,0c79440d07fc8b2fd679a1ecfd881260c38df03f251058f993ce83c1ce71f8ce,c76dd6f3c17103439dfb85094b25f725c8a46fabf6288b0b9e6743774739eb3e,PASS,"All four interleaver configurations share payload, noise, burst start and frame sequence."
CC,CC_EsN0_-2.5_burst_0.050000000000000003_MIDDLE,-2.5,0.050000000000000003,MIDDLE,4,1,1,1,1,08ec7ceefd5edddc416430cf958972d88028591172aa30858db77bb3b3d6f815,ac9e56be9674b2959aee8a068a31aafed2b056ef958164a35928f0eb9c7493f3,49a58081ad494916be7ef69554edef45c18cbfdb24dd9ac822d637b8db7eb80d,c76dd6f3c17103439dfb85094b25f725c8a46fabf6288b0b9e6743774739eb3e,PASS,"All four interleaver configurations share payload, noise, burst start and frame sequence."
CC,CC_EsN0_-2.5_burst_0.050000000000000003_QUARTER,-2.5,0.050000000000000003,QUARTER,4,1,1,1,1,08ec7ceefd5edddc416430cf958972d88028591172aa30858db77bb3b3d6f815,ac9e56be9674b2959aee8a068a31aafed2b056ef958164a35928f0eb9c7493f3,aebe1c0b6608f12e5613f803f00db1badce4159b9922e2d0746b5cce49e64597,c76dd6f3c17103439dfb85094b25f725c8a46fabf6288b0b9e6743774739eb3e,PASS,"All four interleaver configurations share payload, noise, burst start and frame sequence."
CC,CC_EsN0_-2.5_burst_0.050000000000000003_RANDOM,-2.5,0.050000000000000003,RANDOM,4,1,1,1,1,08ec7ceefd5edddc416430cf958972d88028591172aa30858db77bb3b3d6f815,ac9e56be9674b2959aee8a068a31aafed2b056ef958164a35928f0eb9c7493f3,727479f3d7b6f321e63f35d9939f564cdefdb0fd4bee2e91c43d7f9b983ab975,c76dd6f3c17103439dfb85094b25f725c8a46fabf6288b0b9e6743774739eb3e,PASS,"All four interleaver configurations share payload, noise, burst start and frame sequence."
CC,CC_EsN0_-2.5_burst_0.050000000000000003_TAIL,-2.5,0.050000000000000003,TAIL,4,1,1,1,1,08ec7ceefd5edddc416430cf958972d88028591172aa30858db77bb3b3d6f815,ac9e56be9674b2959aee8a068a31aafed2b056ef958164a35928f0eb9c7493f3,f6b13592c6a1c708cbcaa3e6b35f881242d9c91aa48740beb7dfda742a3a8694,c76dd6f3c17103439dfb85094b25f725c8a46fabf6288b0b9e6743774739eb3e,PASS,"All four interleaver configurations share payload, noise, burst start and frame sequence."
CC,CC_EsN0_-2.5_burst_0.050000000000000003_THREE_QUARTER,-2.5,0.050000000000000003,THREE_QUARTER,4,1,1,1,1,08ec7ceefd5edddc416430cf958972d88028591172aa30858db77bb3b3d6f815,ac9e56be9674b2959aee8a068a31aafed2b056ef958164a35928f0eb9c7493f3,c4201a36e8389236a84998ac9b61c840bf3be5218969bd4811ccd9338a0a1ab0,c76dd6f3c17103439dfb85094b25f725c8a46fabf6288b0b9e6743774739eb3e,PASS,"All four interleaver configurations share payload, noise, burst start and frame sequence."
CC,CC_EsN0_-2.5_burst_0.10000000000000001_HEAD,-2.5,0.10000000000000001,HEAD,4,1,1,1,1,08ec7ceefd5edddc416430cf958972d88028591172aa30858db77bb3b3d6f815,ac9e56be9674b2959aee8a068a31aafed2b056ef958164a35928f0eb9c7493f3,c324396b615ecfff2e457f0ff1d8cbe81838840aec7bceb6d6ef9d0937617711,c76dd6f3c17103439dfb85094b25f725c8a46fabf6288b0b9e6743774739eb3e,PASS,"All four interleaver configurations share payload, noise, burst start and frame sequence."
CC,CC_EsN0_-2.5_burst_0.10000000000000001_MIDDLE,-2.5,0.10000000000000001,MIDDLE,4,1,1,1,1,08ec7ceefd5edddc416430cf958972d88028591172aa30858db77bb3b3d6f815,ac9e56be9674b2959aee8a068a31aafed2b056ef958164a35928f0eb9c7493f3,99a092448ed42180903cfc0220fce3a5544b874f4535661c1643e4a33e150508,c76dd6f3c17103439dfb85094b25f725c8a46fabf6288b0b9e6743774739eb3e,PASS,"All four interleaver configurations share payload, noise, burst start and frame sequence."
CC,CC_EsN0_-2.5_burst_0.10000000000000001_QUARTER,-2.5,0.10000000000000001,QUARTER,4,1,1,1,1,08ec7ceefd5edddc416430cf958972d88028591172aa30858db77bb3b3d6f815,ac9e56be9674b2959aee8a068a31aafed2b056ef958164a35928f0eb9c7493f3,65d43aedfc85d2cf50c59c439fdb0efc99d854b31ae23068cee46aefb81ece9d,c76dd6f3c17103439dfb85094b25f725c8a46fabf6288b0b9e6743774739eb3e,PASS,"All four interleaver configurations share payload, noise, burst start and frame sequence."
CC,CC_EsN0_-2.5_burst_0.10000000000000001_RANDOM,-2.5,0.10000000000000001,RANDOM,4,1,1,1,1,08ec7ceefd5edddc416430cf958972d88028591172aa30858db77bb3b3d6f815,ac9e56be9674b2959aee8a068a31aafed2b056ef958164a35928f0eb9c7493f3,d73998b1e17cbbc6cb4b13860640c89919d1ca3feea4c264741944225b960092,c76dd6f3c17103439dfb85094b25f725c8a46fabf6288b0b9e6743774739eb3e,PASS,"All four interleaver configurations share payload, noise, burst start and frame sequence."
CC,CC_EsN0_-2.5_burst_0.10000000000000001_TAIL,-2.5,0.10000000000000001,TAIL,4,1,1,1,1,08ec7ceefd5edddc416430cf958972d88028591172aa30858db77bb3b3d6f815,ac9e56be9674b2959aee8a068a31aafed2b056ef958164a35928f0eb9c7493f3,f6879b518bb5067dfc3a078c5c5b096acd5dc9a4e6cf25195584fce2bbdfcff5,c76dd6f3c17103439dfb85094b25f725c8a46fabf6288b0b9e6743774739eb3e,PASS,"All four interleaver configurations share payload, noise, burst start and frame sequence."
CC,CC_EsN0_-2.5_burst_0.10000000000000001_THREE_QUARTER,-2.5,0.10000000000000001,THREE_QUARTER,4,1,1,1,1,08ec7ceefd5edddc416430cf958972d88028591172aa30858db77bb3b3d6f815,ac9e56be9674b2959aee8a068a31aafed2b056ef958164a35928f0eb9c7493f3,925b598b952c39eaa6eabacd7e8f9c0ca105363bdf5b8b2b6ae659433b9e383b,c76dd6f3c17103439dfb85094b25f725c8a46fabf6288b0b9e6743774739eb3e,PASS,"All four interleaver configurations share payload, noise, burst start and frame sequence."
CC,CC_EsN0_-2_burst_0.02_HEAD,-2,0.02,HEAD,4,1,1,1,1,08ec7ceefd5edddc416430cf958972d88028591172aa30858db77bb3b3d6f815,ac9e56be9674b2959aee8a068a31aafed2b056ef958164a35928f0eb9c7493f3,f0e1f6e82903f8c98fe871ea9b05e156da4305fdff95aa37c325c0289bf10f6f,c76dd6f3c17103439dfb85094b25f725c8a46fabf6288b0b9e6743774739eb3e,PASS,"All four interleaver configurations share payload, noise, burst start and frame sequence."
CC,CC_EsN0_-2_burst_0.02_MIDDLE,-2,0.02,MIDDLE,4,1,1,1,1,08ec7ceefd5edddc416430cf958972d88028591172aa30858db77bb3b3d6f815,ac9e56be9674b2959aee8a068a31aafed2b056ef958164a35928f0eb9c7493f3,05ef1f09fc1b0e1a83db2032a6ea84c4e48771f63030ca60ca9e22010fea1cd8,c76dd6f3c17103439dfb85094b25f725c8a46fabf6288b0b9e6743774739eb3e,PASS,"All four interleaver configurations share payload, noise, burst start and frame sequence."
CC,CC_EsN0_-2_burst_0.02_QUARTER,-2,0.02,QUARTER,4,1,1,1,1,08ec7ceefd5edddc416430cf958972d88028591172aa30858db77bb3b3d6f815,ac9e56be9674b2959aee8a068a31aafed2b056ef958164a35928f0eb9c7493f3,39c5d52c01ce879d96dd95c00c6a468a870b6ee6a31fc4ee755083ab940c1116,c76dd6f3c17103439dfb85094b25f725c8a46fabf6288b0b9e6743774739eb3e,PASS,"All four interleaver configurations share payload, noise, burst start and frame sequence."
CC,CC_EsN0_-2_burst_0.02_RANDOM,-2,0.02,RANDOM,4,1,1,1,1,08ec7ceefd5edddc416430cf958972d88028591172aa30858db77bb3b3d6f815,ac9e56be9674b2959aee8a068a31aafed2b056ef958164a35928f0eb9c7493f3,59a1e8e474dec5aa9d6c073e7ca26c5fd545f0b7df504079e994ea96d033c6f7,c76dd6f3c17103439dfb85094b25f725c8a46fabf6288b0b9e6743774739eb3e,PASS,"All four interleaver configurations share payload, noise, burst start and frame sequence."
CC,CC_EsN0_-2_burst_0.02_TAIL,-2,0.02,TAIL,4,1,1,1,1,08ec7ceefd5edddc416430cf958972d88028591172aa30858db77bb3b3d6f815,ac9e56be9674b2959aee8a068a31aafed2b056ef958164a35928f0eb9c7493f3,8fff70873a2d2a064d7f2e4f043881e68eddb9164a145d994af6fed687848704,c76dd6f3c17103439dfb85094b25f725c8a46fabf6288b0b9e6743774739eb3e,PASS,"All four interleaver configurations share payload, noise, burst start and frame sequence."
CC,CC_EsN0_-2_burst_0.02_THREE_QUARTER,-2,0.02,THREE_QUARTER,4,1,1,1,1,08ec7ceefd5edddc416430cf958972d88028591172aa30858db77bb3b3d6f815,ac9e56be9674b2959aee8a068a31aafed2b056ef958164a35928f0eb9c7493f3,bf6e1947f56948d1a55e056b0e77cdceb2cb66efd91559c7509647b1e4925e81,c76dd6f3c17103439dfb85094b25f725c8a46fabf6288b0b9e6743774739eb3e,PASS,"All four interleaver configurations share payload, noise, burst start and frame sequence."
CC,CC_EsN0_-2_burst_0.050000000000000003_HEAD,-2,0.050000000000000003,HEAD,4,1,1,1,1,08ec7ceefd5edddc416430cf958972d88028591172aa30858db77bb3b3d6f815,ac9e56be9674b2959aee8a068a31aafed2b056ef958164a35928f0eb9c7493f3,0c79440d07fc8b2fd679a1ecfd881260c38df03f251058f993ce83c1ce71f8ce,c76dd6f3c17103439dfb85094b25f725c8a46fabf6288b0b9e6743774739eb3e,PASS,"All four interleaver configurations share payload, noise, burst start and frame sequence."
CC,CC_EsN0_-2_burst_0.050000000000000003_MIDDLE,-2,0.050000000000000003,MIDDLE,4,1,1,1,1,08ec7ceefd5edddc416430cf958972d88028591172aa30858db77bb3b3d6f815,ac9e56be9674b2959aee8a068a31aafed2b056ef958164a35928f0eb9c7493f3,49a58081ad494916be7ef69554edef45c18cbfdb24dd9ac822d637b8db7eb80d,c76dd6f3c17103439dfb85094b25f725c8a46fabf6288b0b9e6743774739eb3e,PASS,"All four interleaver configurations share payload, noise, burst start and frame sequence."
CC,CC_EsN0_-2_burst_0.050000000000000003_QUARTER,-2,0.050000000000000003,QUARTER,4,1,1,1,1,08ec7ceefd5edddc416430cf958972d88028591172aa30858db77bb3b3d6f815,ac9e56be9674b2959aee8a068a31aafed2b056ef958164a35928f0eb9c7493f3,aebe1c0b6608f12e5613f803f00db1badce4159b9922e2d0746b5cce49e64597,c76dd6f3c17103439dfb85094b25f725c8a46fabf6288b0b9e6743774739eb3e,PASS,"All four interleaver configurations share payload, noise, burst start and frame sequence."
CC,CC_EsN0_-2_burst_0.050000000000000003_RANDOM,-2,0.050000000000000003,RANDOM,4,1,1,1,1,08ec7ceefd5edddc416430cf958972d88028591172aa30858db77bb3b3d6f815,ac9e56be9674b2959aee8a068a31aafed2b056ef958164a35928f0eb9c7493f3,727479f3d7b6f321e63f35d9939f564cdefdb0fd4bee2e91c43d7f9b983ab975,c76dd6f3c17103439dfb85094b25f725c8a46fabf6288b0b9e6743774739eb3e,PASS,"All four interleaver configurations share payload, noise, burst start and frame sequence."
CC,CC_EsN0_-2_burst_0.050000000000000003_TAIL,-2,0.050000000000000003,TAIL,4,1,1,1,1,08ec7ceefd5edddc416430cf958972d88028591172aa30858db77bb3b3d6f815,ac9e56be9674b2959aee8a068a31aafed2b056ef958164a35928f0eb9c7493f3,f6b13592c6a1c708cbcaa3e6b35f881242d9c91aa48740beb7dfda742a3a8694,c76dd6f3c17103439dfb85094b25f725c8a46fabf6288b0b9e6743774739eb3e,PASS,"All four interleaver configurations share payload, noise, burst start and frame sequence."
CC,CC_EsN0_-2_burst_0.050000000000000003_THREE_QUARTER,-2,0.050000000000000003,THREE_QUARTER,4,1,1,1,1,08ec7ceefd5edddc416430cf958972d88028591172aa30858db77bb3b3d6f815,ac9e56be9674b2959aee8a068a31aafed2b056ef958164a35928f0eb9c7493f3,c4201a36e8389236a84998ac9b61c840bf3be5218969bd4811ccd9338a0a1ab0,c76dd6f3c17103439dfb85094b25f725c8a46fabf6288b0b9e6743774739eb3e,PASS,"All four interleaver configurations share payload, noise, burst start and frame sequence."
CC,CC_EsN0_-2_burst_0.10000000000000001_HEAD,-2,0.10000000000000001,HEAD,4,1,1,1,1,08ec7ceefd5edddc416430cf958972d88028591172aa30858db77bb3b3d6f815,ac9e56be9674b2959aee8a068a31aafed2b056ef958164a35928f0eb9c7493f3,c324396b615ecfff2e457f0ff1d8cbe81838840aec7bceb6d6ef9d0937617711,c76dd6f3c17103439dfb85094b25f725c8a46fabf6288b0b9e6743774739eb3e,PASS,"All four interleaver configurations share payload, noise, burst start and frame sequence."
CC,CC_EsN0_-2_burst_0.10000000000000001_MIDDLE,-2,0.10000000000000001,MIDDLE,4,1,1,1,1,08ec7ceefd5edddc416430cf958972d88028591172aa30858db77bb3b3d6f815,ac9e56be9674b2959aee8a068a31aafed2b056ef958164a35928f0eb9c7493f3,99a092448ed42180903cfc0220fce3a5544b874f4535661c1643e4a33e150508,c76dd6f3c17103439dfb85094b25f725c8a46fabf6288b0b9e6743774739eb3e,PASS,"All four interleaver configurations share payload, noise, burst start and frame sequence."
CC,CC_EsN0_-2_burst_0.10000000000000001_QUARTER,-2,0.10000000000000001,QUARTER,4,1,1,1,1,08ec7ceefd5edddc416430cf958972d88028591172aa30858db77bb3b3d6f815,ac9e56be9674b2959aee8a068a31aafed2b056ef958164a35928f0eb9c7493f3,65d43aedfc85d2cf50c59c439fdb0efc99d854b31ae23068cee46aefb81ece9d,c76dd6f3c17103439dfb85094b25f725c8a46fabf6288b0b9e6743774739eb3e,PASS,"All four interleaver configurations share payload, noise, burst start and frame sequence."
CC,CC_EsN0_-2_burst_0.10000000000000001_RANDOM,-2,0.10000000000000001,RANDOM,4,1,1,1,1,08ec7ceefd5edddc416430cf958972d88028591172aa30858db77bb3b3d6f815,ac9e56be9674b2959aee8a068a31aafed2b056ef958164a35928f0eb9c7493f3,d73998b1e17cbbc6cb4b13860640c89919d1ca3feea4c264741944225b960092,c76dd6f3c17103439dfb85094b25f725c8a46fabf6288b0b9e6743774739eb3e,PASS,"All four interleaver configurations share payload, noise, burst start and frame sequence."
CC,CC_EsN0_-2_burst_0.10000000000000001_TAIL,-2,0.10000000000000001,TAIL,4,1,1,1,1,08ec7ceefd5edddc416430cf958972d88028591172aa30858db77bb3b3d6f815,ac9e56be9674b2959aee8a068a31aafed2b056ef958164a35928f0eb9c7493f3,f6879b518bb5067dfc3a078c5c5b096acd5dc9a4e6cf25195584fce2bbdfcff5,c76dd6f3c17103439dfb85094b25f725c8a46fabf6288b0b9e6743774739eb3e,PASS,"All four interleaver configurations share payload, noise, burst start and frame sequence."
CC,CC_EsN0_-2_burst_0.10000000000000001_THREE_QUARTER,-2,0.10000000000000001,THREE_QUARTER,4,1,1,1,1,08ec7ceefd5edddc416430cf958972d88028591172aa30858db77bb3b3d6f815,ac9e56be9674b2959aee8a068a31aafed2b056ef958164a35928f0eb9c7493f3,925b598b952c39eaa6eabacd7e8f9c0ca105363bdf5b8b2b6ae659433b9e383b,c76dd6f3c17103439dfb85094b25f725c8a46fabf6288b0b9e6743774739eb3e,PASS,"All four interleaver configurations share payload, noise, burst start and frame sequence."
CC,CC_EsN0_-1.5_burst_0.02_HEAD,-1.5,0.02,HEAD,4,1,1,1,1,08ec7ceefd5edddc416430cf958972d88028591172aa30858db77bb3b3d6f815,ac9e56be9674b2959aee8a068a31aafed2b056ef958164a35928f0eb9c7493f3,f0e1f6e82903f8c98fe871ea9b05e156da4305fdff95aa37c325c0289bf10f6f,c76dd6f3c17103439dfb85094b25f725c8a46fabf6288b0b9e6743774739eb3e,PASS,"All four interleaver configurations share payload, noise, burst start and frame sequence."
CC,CC_EsN0_-1.5_burst_0.02_MIDDLE,-1.5,0.02,MIDDLE,4,1,1,1,1,08ec7ceefd5edddc416430cf958972d88028591172aa30858db77bb3b3d6f815,ac9e56be9674b2959aee8a068a31aafed2b056ef958164a35928f0eb9c7493f3,05ef1f09fc1b0e1a83db2032a6ea84c4e48771f63030ca60ca9e22010fea1cd8,c76dd6f3c17103439dfb85094b25f725c8a46fabf6288b0b9e6743774739eb3e,PASS,"All four interleaver configurations share payload, noise, burst start and frame sequence."
CC,CC_EsN0_-1.5_burst_0.02_QUARTER,-1.5,0.02,QUARTER,4,1,1,1,1,08ec7ceefd5edddc416430cf958972d88028591172aa30858db77bb3b3d6f815,ac9e56be9674b2959aee8a068a31aafed2b056ef958164a35928f0eb9c7493f3,39c5d52c01ce879d96dd95c00c6a468a870b6ee6a31fc4ee755083ab940c1116,c76dd6f3c17103439dfb85094b25f725c8a46fabf6288b0b9e6743774739eb3e,PASS,"All four interleaver configurations share payload, noise, burst start and frame sequence."
CC,CC_EsN0_-1.5_burst_0.02_RANDOM,-1.5,0.02,RANDOM,4,1,1,1,1,08ec7ceefd5edddc416430cf958972d88028591172aa30858db77bb3b3d6f815,ac9e56be9674b2959aee8a068a31aafed2b056ef958164a35928f0eb9c7493f3,59a1e8e474dec5aa9d6c073e7ca26c5fd545f0b7df504079e994ea96d033c6f7,c76dd6f3c17103439dfb85094b25f725c8a46fabf6288b0b9e6743774739eb3e,PASS,"All four interleaver configurations share payload, noise, burst start and frame sequence."
CC,CC_EsN0_-1.5_burst_0.02_TAIL,-1.5,0.02,TAIL,4,1,1,1,1,08ec7ceefd5edddc416430cf958972d88028591172aa30858db77bb3b3d6f815,ac9e56be9674b2959aee8a068a31aafed2b056ef958164a35928f0eb9c7493f3,8fff70873a2d2a064d7f2e4f043881e68eddb9164a145d994af6fed687848704,c76dd6f3c17103439dfb85094b25f725c8a46fabf6288b0b9e6743774739eb3e,PASS,"All four interleaver configurations share payload, noise, burst start and frame sequence."
CC,CC_EsN0_-1.5_burst_0.02_THREE_QUARTER,-1.5,0.02,THREE_QUARTER,4,1,1,1,1,08ec7ceefd5edddc416430cf958972d88028591172aa30858db77bb3b3d6f815,ac9e56be9674b2959aee8a068a31aafed2b056ef958164a35928f0eb9c7493f3,bf6e1947f56948d1a55e056b0e77cdceb2cb66efd91559c7509647b1e4925e81,c76dd6f3c17103439dfb85094b25f725c8a46fabf6288b0b9e6743774739eb3e,PASS,"All four interleaver configurations share payload, noise, burst start and frame sequence."
CC,CC_EsN0_-1.5_burst_0.050000000000000003_HEAD,-1.5,0.050000000000000003,HEAD,4,1,1,1,1,08ec7ceefd5edddc416430cf958972d88028591172aa30858db77bb3b3d6f815,ac9e56be9674b2959aee8a068a31aafed2b056ef958164a35928f0eb9c7493f3,0c79440d07fc8b2fd679a1ecfd881260c38df03f251058f993ce83c1ce71f8ce,c76dd6f3c17103439dfb85094b25f725c8a46fabf6288b0b9e6743774739eb3e,PASS,"All four interleaver configurations share payload, noise, burst start and frame sequence."
CC,CC_EsN0_-1.5_burst_0.050000000000000003_MIDDLE,-1.5,0.050000000000000003,MIDDLE,4,1,1,1,1,08ec7ceefd5edddc416430cf958972d88028591172aa30858db77bb3b3d6f815,ac9e56be9674b2959aee8a068a31aafed2b056ef958164a35928f0eb9c7493f3,49a58081ad494916be7ef69554edef45c18cbfdb24dd9ac822d637b8db7eb80d,c76dd6f3c17103439dfb85094b25f725c8a46fabf6288b0b9e6743774739eb3e,PASS,"All four interleaver configurations share payload, noise, burst start and frame sequence."
CC,CC_EsN0_-1.5_burst_0.050000000000000003_QUARTER,-1.5,0.050000000000000003,QUARTER,4,1,1,1,1,08ec7ceefd5edddc416430cf958972d88028591172aa30858db77bb3b3d6f815,ac9e56be9674b2959aee8a068a31aafed2b056ef958164a35928f0eb9c7493f3,aebe1c0b6608f12e5613f803f00db1badce4159b9922e2d0746b5cce49e64597,c76dd6f3c17103439dfb85094b25f725c8a46fabf6288b0b9e6743774739eb3e,PASS,"All four interleaver configurations share payload, noise, burst start and frame sequence."
CC,CC_EsN0_-1.5_burst_0.050000000000000003_RANDOM,-1.5,0.050000000000000003,RANDOM,4,1,1,1,1,08ec7ceefd5edddc416430cf958972d88028591172aa30858db77bb3b3d6f815,ac9e56be9674b2959aee8a068a31aafed2b056ef958164a35928f0eb9c7493f3,727479f3d7b6f321e63f35d9939f564cdefdb0fd4bee2e91c43d7f9b983ab975,c76dd6f3c17103439dfb85094b25f725c8a46fabf6288b0b9e6743774739eb3e,PASS,"All four interleaver configurations share payload, noise, burst start and frame sequence."
CC,CC_EsN0_-1.5_burst_0.050000000000000003_TAIL,-1.5,0.050000000000000003,TAIL,4,1,1,1,1,08ec7ceefd5edddc416430cf958972d88028591172aa30858db77bb3b3d6f815,ac9e56be9674b2959aee8a068a31aafed2b056ef958164a35928f0eb9c7493f3,f6b13592c6a1c708cbcaa3e6b35f881242d9c91aa48740beb7dfda742a3a8694,c76dd6f3c17103439dfb85094b25f725c8a46fabf6288b0b9e6743774739eb3e,PASS,"All four interleaver configurations share payload, noise, burst start and frame sequence."
CC,CC_EsN0_-1.5_burst_0.050000000000000003_THREE_QUARTER,-1.5,0.050000000000000003,THREE_QUARTER,4,1,1,1,1,08ec7ceefd5edddc416430cf958972d88028591172aa30858db77bb3b3d6f815,ac9e56be9674b2959aee8a068a31aafed2b056ef958164a35928f0eb9c7493f3,c4201a36e8389236a84998ac9b61c840bf3be5218969bd4811ccd9338a0a1ab0,c76dd6f3c17103439dfb85094b25f725c8a46fabf6288b0b9e6743774739eb3e,PASS,"All four interleaver configurations share payload, noise, burst start and frame sequence."
CC,CC_EsN0_-1.5_burst_0.10000000000000001_HEAD,-1.5,0.10000000000000001,HEAD,4,1,1,1,1,08ec7ceefd5edddc416430cf958972d88028591172aa30858db77bb3b3d6f815,ac9e56be9674b2959aee8a068a31aafed2b056ef958164a35928f0eb9c7493f3,c324396b615ecfff2e457f0ff1d8cbe81838840aec7bceb6d6ef9d0937617711,c76dd6f3c17103439dfb85094b25f725c8a46fabf6288b0b9e6743774739eb3e,PASS,"All four interleaver configurations share payload, noise, burst start and frame sequence."
CC,CC_EsN0_-1.5_burst_0.10000000000000001_MIDDLE,-1.5,0.10000000000000001,MIDDLE,4,1,1,1,1,08ec7ceefd5edddc416430cf958972d88028591172aa30858db77bb3b3d6f815,ac9e56be9674b2959aee8a068a31aafed2b056ef958164a35928f0eb9c7493f3,99a092448ed42180903cfc0220fce3a5544b874f4535661c1643e4a33e150508,c76dd6f3c17103439dfb85094b25f725c8a46fabf6288b0b9e6743774739eb3e,PASS,"All four interleaver configurations share payload, noise, burst start and frame sequence."
CC,CC_EsN0_-1.5_burst_0.10000000000000001_QUARTER,-1.5,0.10000000000000001,QUARTER,4,1,1,1,1,08ec7ceefd5edddc416430cf958972d88028591172aa30858db77bb3b3d6f815,ac9e56be9674b2959aee8a068a31aafed2b056ef958164a35928f0eb9c7493f3,65d43aedfc85d2cf50c59c439fdb0efc99d854b31ae23068cee46aefb81ece9d,c76dd6f3c17103439dfb85094b25f725c8a46fabf6288b0b9e6743774739eb3e,PASS,"All four interleaver configurations share payload, noise, burst start and frame sequence."
CC,CC_EsN0_-1.5_burst_0.10000000000000001_RANDOM,-1.5,0.10000000000000001,RANDOM,4,1,1,1,1,08ec7ceefd5edddc416430cf958972d88028591172aa30858db77bb3b3d6f815,ac9e56be9674b2959aee8a068a31aafed2b056ef958164a35928f0eb9c7493f3,d73998b1e17cbbc6cb4b13860640c89919d1ca3feea4c264741944225b960092,c76dd6f3c17103439dfb85094b25f725c8a46fabf6288b0b9e6743774739eb3e,PASS,"All four interleaver configurations share payload, noise, burst start and frame sequence."
CC,CC_EsN0_-1.5_burst_0.10000000000000001_TAIL,-1.5,0.10000000000000001,TAIL,4,1,1,1,1,08ec7ceefd5edddc416430cf958972d88028591172aa30858db77bb3b3d6f815,ac9e56be9674b2959aee8a068a31aafed2b056ef958164a35928f0eb9c7493f3,f6879b518bb5067dfc3a078c5c5b096acd5dc9a4e6cf25195584fce2bbdfcff5,c76dd6f3c17103439dfb85094b25f725c8a46fabf6288b0b9e6743774739eb3e,PASS,"All four interleaver configurations share payload, noise, burst start and frame sequence."
CC,CC_EsN0_-1.5_burst_0.10000000000000001_THREE_QUARTER,-1.5,0.10000000000000001,THREE_QUARTER,4,1,1,1,1,08ec7ceefd5edddc416430cf958972d88028591172aa30858db77bb3b3d6f815,ac9e56be9674b2959aee8a068a31aafed2b056ef958164a35928f0eb9c7493f3,925b598b952c39eaa6eabacd7e8f9c0ca105363bdf5b8b2b6ae659433b9e383b,c76dd6f3c17103439dfb85094b25f725c8a46fabf6288b0b9e6743774739eb3e,PASS,"All four interleaver configurations share payload, noise, burst start and frame sequence."
CC,CC_EsN0_-1_burst_0.02_HEAD,-1,0.02,HEAD,4,1,1,1,1,08ec7ceefd5edddc416430cf958972d88028591172aa30858db77bb3b3d6f815,ac9e56be9674b2959aee8a068a31aafed2b056ef958164a35928f0eb9c7493f3,f0e1f6e82903f8c98fe871ea9b05e156da4305fdff95aa37c325c0289bf10f6f,c76dd6f3c17103439dfb85094b25f725c8a46fabf6288b0b9e6743774739eb3e,PASS,"All four interleaver configurations share payload, noise, burst start and frame sequence."
CC,CC_EsN0_-1_burst_0.02_MIDDLE,-1,0.02,MIDDLE,4,1,1,1,1,08ec7ceefd5edddc416430cf958972d88028591172aa30858db77bb3b3d6f815,ac9e56be9674b2959aee8a068a31aafed2b056ef958164a35928f0eb9c7493f3,05ef1f09fc1b0e1a83db2032a6ea84c4e48771f63030ca60ca9e22010fea1cd8,c76dd6f3c17103439dfb85094b25f725c8a46fabf6288b0b9e6743774739eb3e,PASS,"All four interleaver configurations share payload, noise, burst start and frame sequence."
CC,CC_EsN0_-1_burst_0.02_QUARTER,-1,0.02,QUARTER,4,1,1,1,1,08ec7ceefd5edddc416430cf958972d88028591172aa30858db77bb3b3d6f815,ac9e56be9674b2959aee8a068a31aafed2b056ef958164a35928f0eb9c7493f3,39c5d52c01ce879d96dd95c00c6a468a870b6ee6a31fc4ee755083ab940c1116,c76dd6f3c17103439dfb85094b25f725c8a46fabf6288b0b9e6743774739eb3e,PASS,"All four interleaver configurations share payload, noise, burst start and frame sequence."
CC,CC_EsN0_-1_burst_0.02_RANDOM,-1,0.02,RANDOM,4,1,1,1,1,08ec7ceefd5edddc416430cf958972d88028591172aa30858db77bb3b3d6f815,ac9e56be9674b2959aee8a068a31aafed2b056ef958164a35928f0eb9c7493f3,59a1e8e474dec5aa9d6c073e7ca26c5fd545f0b7df504079e994ea96d033c6f7,c76dd6f3c17103439dfb85094b25f725c8a46fabf6288b0b9e6743774739eb3e,PASS,"All four interleaver configurations share payload, noise, burst start and frame sequence."
CC,CC_EsN0_-1_burst_0.02_TAIL,-1,0.02,TAIL,4,1,1,1,1,08ec7ceefd5edddc416430cf958972d88028591172aa30858db77bb3b3d6f815,ac9e56be9674b2959aee8a068a31aafed2b056ef958164a35928f0eb9c7493f3,8fff70873a2d2a064d7f2e4f043881e68eddb9164a145d994af6fed687848704,c76dd6f3c17103439dfb85094b25f725c8a46fabf6288b0b9e6743774739eb3e,PASS,"All four interleaver configurations share payload, noise, burst start and frame sequence."
CC,CC_EsN0_-1_burst_0.02_THREE_QUARTER,-1,0.02,THREE_QUARTER,4,1,1,1,1,08ec7ceefd5edddc416430cf958972d88028591172aa30858db77bb3b3d6f815,ac9e56be9674b2959aee8a068a31aafed2b056ef958164a35928f0eb9c7493f3,bf6e1947f56948d1a55e056b0e77cdceb2cb66efd91559c7509647b1e4925e81,c76dd6f3c17103439dfb85094b25f725c8a46fabf6288b0b9e6743774739eb3e,PASS,"All four interleaver configurations share payload, noise, burst start and frame sequence."
CC,CC_EsN0_-1_burst_0.050000000000000003_HEAD,-1,0.050000000000000003,HEAD,4,1,1,1,1,08ec7ceefd5edddc416430cf958972d88028591172aa30858db77bb3b3d6f815,ac9e56be9674b2959aee8a068a31aafed2b056ef958164a35928f0eb9c7493f3,0c79440d07fc8b2fd679a1ecfd881260c38df03f251058f993ce83c1ce71f8ce,c76dd6f3c17103439dfb85094b25f725c8a46fabf6288b0b9e6743774739eb3e,PASS,"All four interleaver configurations share payload, noise, burst start and frame sequence."
CC,CC_EsN0_-1_burst_0.050000000000000003_MIDDLE,-1,0.050000000000000003,MIDDLE,4,1,1,1,1,08ec7ceefd5edddc416430cf958972d88028591172aa30858db77bb3b3d6f815,ac9e56be9674b2959aee8a068a31aafed2b056ef958164a35928f0eb9c7493f3,49a58081ad494916be7ef69554edef45c18cbfdb24dd9ac822d637b8db7eb80d,c76dd6f3c17103439dfb85094b25f725c8a46fabf6288b0b9e6743774739eb3e,PASS,"All four interleaver configurations share payload, noise, burst start and frame sequence."
CC,CC_EsN0_-1_burst_0.050000000000000003_QUARTER,-1,0.050000000000000003,QUARTER,4,1,1,1,1,08ec7ceefd5edddc416430cf958972d88028591172aa30858db77bb3b3d6f815,ac9e56be9674b2959aee8a068a31aafed2b056ef958164a35928f0eb9c7493f3,aebe1c0b6608f12e5613f803f00db1badce4159b9922e2d0746b5cce49e64597,c76dd6f3c17103439dfb85094b25f725c8a46fabf6288b0b9e6743774739eb3e,PASS,"All four interleaver configurations share payload, noise, burst start and frame sequence."
CC,CC_EsN0_-1_burst_0.050000000000000003_RANDOM,-1,0.050000000000000003,RANDOM,4,1,1,1,1,08ec7ceefd5edddc416430cf958972d88028591172aa30858db77bb3b3d6f815,ac9e56be9674b2959aee8a068a31aafed2b056ef958164a35928f0eb9c7493f3,727479f3d7b6f321e63f35d9939f564cdefdb0fd4bee2e91c43d7f9b983ab975,c76dd6f3c17103439dfb85094b25f725c8a46fabf6288b0b9e6743774739eb3e,PASS,"All four interleaver configurations share payload, noise, burst start and frame sequence."
CC,CC_EsN0_-1_burst_0.050000000000000003_TAIL,-1,0.050000000000000003,TAIL,4,1,1,1,1,08ec7ceefd5edddc416430cf958972d88028591172aa30858db77bb3b3d6f815,ac9e56be9674b2959aee8a068a31aafed2b056ef958164a35928f0eb9c7493f3,f6b13592c6a1c708cbcaa3e6b35f881242d9c91aa48740beb7dfda742a3a8694,c76dd6f3c17103439dfb85094b25f725c8a46fabf6288b0b9e6743774739eb3e,PASS,"All four interleaver configurations share payload, noise, burst start and frame sequence."
CC,CC_EsN0_-1_burst_0.050000000000000003_THREE_QUARTER,-1,0.050000000000000003,THREE_QUARTER,4,1,1,1,1,08ec7ceefd5edddc416430cf958972d88028591172aa30858db77bb3b3d6f815,ac9e56be9674b2959aee8a068a31aafed2b056ef958164a35928f0eb9c7493f3,c4201a36e8389236a84998ac9b61c840bf3be5218969bd4811ccd9338a0a1ab0,c76dd6f3c17103439dfb85094b25f725c8a46fabf6288b0b9e6743774739eb3e,PASS,"All four interleaver configurations share payload, noise, burst start and frame sequence."
CC,CC_EsN0_-1_burst_0.10000000000000001_HEAD,-1,0.10000000000000001,HEAD,4,1,1,1,1,08ec7ceefd5edddc416430cf958972d88028591172aa30858db77bb3b3d6f815,ac9e56be9674b2959aee8a068a31aafed2b056ef958164a35928f0eb9c7493f3,c324396b615ecfff2e457f0ff1d8cbe81838840aec7bceb6d6ef9d0937617711,c76dd6f3c17103439dfb85094b25f725c8a46fabf6288b0b9e6743774739eb3e,PASS,"All four interleaver configurations share payload, noise, burst start and frame sequence."
CC,CC_EsN0_-1_burst_0.10000000000000001_MIDDLE,-1,0.10000000000000001,MIDDLE,4,1,1,1,1,08ec7ceefd5edddc416430cf958972d88028591172aa30858db77bb3b3d6f815,ac9e56be9674b2959aee8a068a31aafed2b056ef958164a35928f0eb9c7493f3,99a092448ed42180903cfc0220fce3a5544b874f4535661c1643e4a33e150508,c76dd6f3c17103439dfb85094b25f725c8a46fabf6288b0b9e6743774739eb3e,PASS,"All four interleaver configurations share payload, noise, burst start and frame sequence."
CC,CC_EsN0_-1_burst_0.10000000000000001_QUARTER,-1,0.10000000000000001,QUARTER,4,1,1,1,1,08ec7ceefd5edddc416430cf958972d88028591172aa30858db77bb3b3d6f815,ac9e56be9674b2959aee8a068a31aafed2b056ef958164a35928f0eb9c7493f3,65d43aedfc85d2cf50c59c439fdb0efc99d854b31ae23068cee46aefb81ece9d,c76dd6f3c17103439dfb85094b25f725c8a46fabf6288b0b9e6743774739eb3e,PASS,"All four interleaver configurations share payload, noise, burst start and frame sequence."
CC,CC_EsN0_-1_burst_0.10000000000000001_RANDOM,-1,0.10000000000000001,RANDOM,4,1,1,1,1,08ec7ceefd5edddc416430cf958972d88028591172aa30858db77bb3b3d6f815,ac9e56be9674b2959aee8a068a31aafed2b056ef958164a35928f0eb9c7493f3,d73998b1e17cbbc6cb4b13860640c89919d1ca3feea4c264741944225b960092,c76dd6f3c17103439dfb85094b25f725c8a46fabf6288b0b9e6743774739eb3e,PASS,"All four interleaver configurations share payload, noise, burst start and frame sequence."
CC,CC_EsN0_-1_burst_0.10000000000000001_TAIL,-1,0.10000000000000001,TAIL,4,1,1,1,1,08ec7ceefd5edddc416430cf958972d88028591172aa30858db77bb3b3d6f815,ac9e56be9674b2959aee8a068a31aafed2b056ef958164a35928f0eb9c7493f3,f6879b518bb5067dfc3a078c5c5b096acd5dc9a4e6cf25195584fce2bbdfcff5,c76dd6f3c17103439dfb85094b25f725c8a46fabf6288b0b9e6743774739eb3e,PASS,"All four interleaver configurations share payload, noise, burst start and frame sequence."
CC,CC_EsN0_-1_burst_0.10000000000000001_THREE_QUARTER,-1,0.10000000000000001,THREE_QUARTER,4,1,1,1,1,08ec7ceefd5edddc416430cf958972d88028591172aa30858db77bb3b3d6f815,ac9e56be9674b2959aee8a068a31aafed2b056ef958164a35928f0eb9c7493f3,925b598b952c39eaa6eabacd7e8f9c0ca105363bdf5b8b2b6ae659433b9e383b,c76dd6f3c17103439dfb85094b25f725c8a46fabf6288b0b9e6743774739eb3e,PASS,"All four interleaver configurations share payload, noise, burst start and frame sequence."
CC,CC_EsN0_-0.5_burst_0.02_HEAD,-0.5,0.02,HEAD,4,1,1,1,1,08ec7ceefd5edddc416430cf958972d88028591172aa30858db77bb3b3d6f815,ac9e56be9674b2959aee8a068a31aafed2b056ef958164a35928f0eb9c7493f3,f0e1f6e82903f8c98fe871ea9b05e156da4305fdff95aa37c325c0289bf10f6f,c76dd6f3c17103439dfb85094b25f725c8a46fabf6288b0b9e6743774739eb3e,PASS,"All four interleaver configurations share payload, noise, burst start and frame sequence."
CC,CC_EsN0_-0.5_burst_0.02_MIDDLE,-0.5,0.02,MIDDLE,4,1,1,1,1,08ec7ceefd5edddc416430cf958972d88028591172aa30858db77bb3b3d6f815,ac9e56be9674b2959aee8a068a31aafed2b056ef958164a35928f0eb9c7493f3,05ef1f09fc1b0e1a83db2032a6ea84c4e48771f63030ca60ca9e22010fea1cd8,c76dd6f3c17103439dfb85094b25f725c8a46fabf6288b0b9e6743774739eb3e,PASS,"All four interleaver configurations share payload, noise, burst start and frame sequence."
CC,CC_EsN0_-0.5_burst_0.02_QUARTER,-0.5,0.02,QUARTER,4,1,1,1,1,08ec7ceefd5edddc416430cf958972d88028591172aa30858db77bb3b3d6f815,ac9e56be9674b2959aee8a068a31aafed2b056ef958164a35928f0eb9c7493f3,39c5d52c01ce879d96dd95c00c6a468a870b6ee6a31fc4ee755083ab940c1116,c76dd6f3c17103439dfb85094b25f725c8a46fabf6288b0b9e6743774739eb3e,PASS,"All four interleaver configurations share payload, noise, burst start and frame sequence."
CC,CC_EsN0_-0.5_burst_0.02_RANDOM,-0.5,0.02,RANDOM,4,1,1,1,1,08ec7ceefd5edddc416430cf958972d88028591172aa30858db77bb3b3d6f815,ac9e56be9674b2959aee8a068a31aafed2b056ef958164a35928f0eb9c7493f3,59a1e8e474dec5aa9d6c073e7ca26c5fd545f0b7df504079e994ea96d033c6f7,c76dd6f3c17103439dfb85094b25f725c8a46fabf6288b0b9e6743774739eb3e,PASS,"All four interleaver configurations share payload, noise, burst start and frame sequence."
CC,CC_EsN0_-0.5_burst_0.02_TAIL,-0.5,0.02,TAIL,4,1,1,1,1,08ec7ceefd5edddc416430cf958972d88028591172aa30858db77bb3b3d6f815,ac9e56be9674b2959aee8a068a31aafed2b056ef958164a35928f0eb9c7493f3,8fff70873a2d2a064d7f2e4f043881e68eddb9164a145d994af6fed687848704,c76dd6f3c17103439dfb85094b25f725c8a46fabf6288b0b9e6743774739eb3e,PASS,"All four interleaver configurations share payload, noise, burst start and frame sequence."
CC,CC_EsN0_-0.5_burst_0.02_THREE_QUARTER,-0.5,0.02,THREE_QUARTER,4,1,1,1,1,08ec7ceefd5edddc416430cf958972d88028591172aa30858db77bb3b3d6f815,ac9e56be9674b2959aee8a068a31aafed2b056ef958164a35928f0eb9c7493f3,bf6e1947f56948d1a55e056b0e77cdceb2cb66efd91559c7509647b1e4925e81,c76dd6f3c17103439dfb85094b25f725c8a46fabf6288b0b9e6743774739eb3e,PASS,"All four interleaver configurations share payload, noise, burst start and frame sequence."
CC,CC_EsN0_-0.5_burst_0.050000000000000003_HEAD,-0.5,0.050000000000000003,HEAD,4,1,1,1,1,08ec7ceefd5edddc416430cf958972d88028591172aa30858db77bb3b3d6f815,ac9e56be9674b2959aee8a068a31aafed2b056ef958164a35928f0eb9c7493f3,0c79440d07fc8b2fd679a1ecfd881260c38df03f251058f993ce83c1ce71f8ce,c76dd6f3c17103439dfb85094b25f725c8a46fabf6288b0b9e6743774739eb3e,PASS,"All four interleaver configurations share payload, noise, burst start and frame sequence."
CC,CC_EsN0_-0.5_burst_0.050000000000000003_MIDDLE,-0.5,0.050000000000000003,MIDDLE,4,1,1,1,1,08ec7ceefd5edddc416430cf958972d88028591172aa30858db77bb3b3d6f815,ac9e56be9674b2959aee8a068a31aafed2b056ef958164a35928f0eb9c7493f3,49a58081ad494916be7ef69554edef45c18cbfdb24dd9ac822d637b8db7eb80d,c76dd6f3c17103439dfb85094b25f725c8a46fabf6288b0b9e6743774739eb3e,PASS,"All four interleaver configurations share payload, noise, burst start and frame sequence."
CC,CC_EsN0_-0.5_burst_0.050000000000000003_QUARTER,-0.5,0.050000000000000003,QUARTER,4,1,1,1,1,08ec7ceefd5edddc416430cf958972d88028591172aa30858db77bb3b3d6f815,ac9e56be9674b2959aee8a068a31aafed2b056ef958164a35928f0eb9c7493f3,aebe1c0b6608f12e5613f803f00db1badce4159b9922e2d0746b5cce49e64597,c76dd6f3c17103439dfb85094b25f725c8a46fabf6288b0b9e6743774739eb3e,PASS,"All four interleaver configurations share payload, noise, burst start and frame sequence."
CC,CC_EsN0_-0.5_burst_0.050000000000000003_RANDOM,-0.5,0.050000000000000003,RANDOM,4,1,1,1,1,08ec7ceefd5edddc416430cf958972d88028591172aa30858db77bb3b3d6f815,ac9e56be9674b2959aee8a068a31aafed2b056ef958164a35928f0eb9c7493f3,727479f3d7b6f321e63f35d9939f564cdefdb0fd4bee2e91c43d7f9b983ab975,c76dd6f3c17103439dfb85094b25f725c8a46fabf6288b0b9e6743774739eb3e,PASS,"All four interleaver configurations share payload, noise, burst start and frame sequence."
CC,CC_EsN0_-0.5_burst_0.050000000000000003_TAIL,-0.5,0.050000000000000003,TAIL,4,1,1,1,1,08ec7ceefd5edddc416430cf958972d88028591172aa30858db77bb3b3d6f815,ac9e56be9674b2959aee8a068a31aafed2b056ef958164a35928f0eb9c7493f3,f6b13592c6a1c708cbcaa3e6b35f881242d9c91aa48740beb7dfda742a3a8694,c76dd6f3c17103439dfb85094b25f725c8a46fabf6288b0b9e6743774739eb3e,PASS,"All four interleaver configurations share payload, noise, burst start and frame sequence."
CC,CC_EsN0_-0.5_burst_0.050000000000000003_THREE_QUARTER,-0.5,0.050000000000000003,THREE_QUARTER,4,1,1,1,1,08ec7ceefd5edddc416430cf958972d88028591172aa30858db77bb3b3d6f815,ac9e56be9674b2959aee8a068a31aafed2b056ef958164a35928f0eb9c7493f3,c4201a36e8389236a84998ac9b61c840bf3be5218969bd4811ccd9338a0a1ab0,c76dd6f3c17103439dfb85094b25f725c8a46fabf6288b0b9e6743774739eb3e,PASS,"All four interleaver configurations share payload, noise, burst start and frame sequence."
CC,CC_EsN0_-0.5_burst_0.10000000000000001_HEAD,-0.5,0.10000000000000001,HEAD,4,1,1,1,1,08ec7ceefd5edddc416430cf958972d88028591172aa30858db77bb3b3d6f815,ac9e56be9674b2959aee8a068a31aafed2b056ef958164a35928f0eb9c7493f3,c324396b615ecfff2e457f0ff1d8cbe81838840aec7bceb6d6ef9d0937617711,c76dd6f3c17103439dfb85094b25f725c8a46fabf6288b0b9e6743774739eb3e,PASS,"All four interleaver configurations share payload, noise, burst start and frame sequence."
CC,CC_EsN0_-0.5_burst_0.10000000000000001_MIDDLE,-0.5,0.10000000000000001,MIDDLE,4,1,1,1,1,08ec7ceefd5edddc416430cf958972d88028591172aa30858db77bb3b3d6f815,ac9e56be9674b2959aee8a068a31aafed2b056ef958164a35928f0eb9c7493f3,99a092448ed42180903cfc0220fce3a5544b874f4535661c1643e4a33e150508,c76dd6f3c17103439dfb85094b25f725c8a46fabf6288b0b9e6743774739eb3e,PASS,"All four interleaver configurations share payload, noise, burst start and frame sequence."
CC,CC_EsN0_-0.5_burst_0.10000000000000001_QUARTER,-0.5,0.10000000000000001,QUARTER,4,1,1,1,1,08ec7ceefd5edddc416430cf958972d88028591172aa30858db77bb3b3d6f815,ac9e56be9674b2959aee8a068a31aafed2b056ef958164a35928f0eb9c7493f3,65d43aedfc85d2cf50c59c439fdb0efc99d854b31ae23068cee46aefb81ece9d,c76dd6f3c17103439dfb85094b25f725c8a46fabf6288b0b9e6743774739eb3e,PASS,"All four interleaver configurations share payload, noise, burst start and frame sequence."
CC,CC_EsN0_-0.5_burst_0.10000000000000001_RANDOM,-0.5,0.10000000000000001,RANDOM,4,1,1,1,1,08ec7ceefd5edddc416430cf958972d88028591172aa30858db77bb3b3d6f815,ac9e56be9674b2959aee8a068a31aafed2b056ef958164a35928f0eb9c7493f3,d73998b1e17cbbc6cb4b13860640c89919d1ca3feea4c264741944225b960092,c76dd6f3c17103439dfb85094b25f725c8a46fabf6288b0b9e6743774739eb3e,PASS,"All four interleaver configurations share payload, noise, burst start and frame sequence."
CC,CC_EsN0_-0.5_burst_0.10000000000000001_TAIL,-0.5,0.10000000000000001,TAIL,4,1,1,1,1,08ec7ceefd5edddc416430cf958972d88028591172aa30858db77bb3b3d6f815,ac9e56be9674b2959aee8a068a31aafed2b056ef958164a35928f0eb9c7493f3,f6879b518bb5067dfc3a078c5c5b096acd5dc9a4e6cf25195584fce2bbdfcff5,c76dd6f3c17103439dfb85094b25f725c8a46fabf6288b0b9e6743774739eb3e,PASS,"All four interleaver configurations share payload, noise, burst start and frame sequence."
CC,CC_EsN0_-0.5_burst_0.10000000000000001_THREE_QUARTER,-0.5,0.10000000000000001,THREE_QUARTER,4,1,1,1,1,08ec7ceefd5edddc416430cf958972d88028591172aa30858db77bb3b3d6f815,ac9e56be9674b2959aee8a068a31aafed2b056ef958164a35928f0eb9c7493f3,925b598b952c39eaa6eabacd7e8f9c0ca105363bdf5b8b2b6ae659433b9e383b,c76dd6f3c17103439dfb85094b25f725c8a46fabf6288b0b9e6743774739eb3e,PASS,"All four interleaver configurations share payload, noise, burst start and frame sequence."
CC,CC_EsN0_0_burst_0.02_HEAD,0,0.02,HEAD,4,1,1,1,1,08ec7ceefd5edddc416430cf958972d88028591172aa30858db77bb3b3d6f815,ac9e56be9674b2959aee8a068a31aafed2b056ef958164a35928f0eb9c7493f3,f0e1f6e82903f8c98fe871ea9b05e156da4305fdff95aa37c325c0289bf10f6f,c76dd6f3c17103439dfb85094b25f725c8a46fabf6288b0b9e6743774739eb3e,PASS,"All four interleaver configurations share payload, noise, burst start and frame sequence."
CC,CC_EsN0_0_burst_0.02_MIDDLE,0,0.02,MIDDLE,4,1,1,1,1,08ec7ceefd5edddc416430cf958972d88028591172aa30858db77bb3b3d6f815,ac9e56be9674b2959aee8a068a31aafed2b056ef958164a35928f0eb9c7493f3,05ef1f09fc1b0e1a83db2032a6ea84c4e48771f63030ca60ca9e22010fea1cd8,c76dd6f3c17103439dfb85094b25f725c8a46fabf6288b0b9e6743774739eb3e,PASS,"All four interleaver configurations share payload, noise, burst start and frame sequence."
CC,CC_EsN0_0_burst_0.02_QUARTER,0,0.02,QUARTER,4,1,1,1,1,08ec7ceefd5edddc416430cf958972d88028591172aa30858db77bb3b3d6f815,ac9e56be9674b2959aee8a068a31aafed2b056ef958164a35928f0eb9c7493f3,39c5d52c01ce879d96dd95c00c6a468a870b6ee6a31fc4ee755083ab940c1116,c76dd6f3c17103439dfb85094b25f725c8a46fabf6288b0b9e6743774739eb3e,PASS,"All four interleaver configurations share payload, noise, burst start and frame sequence."
CC,CC_EsN0_0_burst_0.02_RANDOM,0,0.02,RANDOM,4,1,1,1,1,08ec7ceefd5edddc416430cf958972d88028591172aa30858db77bb3b3d6f815,ac9e56be9674b2959aee8a068a31aafed2b056ef958164a35928f0eb9c7493f3,59a1e8e474dec5aa9d6c073e7ca26c5fd545f0b7df504079e994ea96d033c6f7,c76dd6f3c17103439dfb85094b25f725c8a46fabf6288b0b9e6743774739eb3e,PASS,"All four interleaver configurations share payload, noise, burst start and frame sequence."
CC,CC_EsN0_0_burst_0.02_TAIL,0,0.02,TAIL,4,1,1,1,1,08ec7ceefd5edddc416430cf958972d88028591172aa30858db77bb3b3d6f815,ac9e56be9674b2959aee8a068a31aafed2b056ef958164a35928f0eb9c7493f3,8fff70873a2d2a064d7f2e4f043881e68eddb9164a145d994af6fed687848704,c76dd6f3c17103439dfb85094b25f725c8a46fabf6288b0b9e6743774739eb3e,PASS,"All four interleaver configurations share payload, noise, burst start and frame sequence."
CC,CC_EsN0_0_burst_0.02_THREE_QUARTER,0,0.02,THREE_QUARTER,4,1,1,1,1,08ec7ceefd5edddc416430cf958972d88028591172aa30858db77bb3b3d6f815,ac9e56be9674b2959aee8a068a31aafed2b056ef958164a35928f0eb9c7493f3,bf6e1947f56948d1a55e056b0e77cdceb2cb66efd91559c7509647b1e4925e81,c76dd6f3c17103439dfb85094b25f725c8a46fabf6288b0b9e6743774739eb3e,PASS,"All four interleaver configurations share payload, noise, burst start and frame sequence."
CC,CC_EsN0_0_burst_0.050000000000000003_HEAD,0,0.050000000000000003,HEAD,4,1,1,1,1,08ec7ceefd5edddc416430cf958972d88028591172aa30858db77bb3b3d6f815,ac9e56be9674b2959aee8a068a31aafed2b056ef958164a35928f0eb9c7493f3,0c79440d07fc8b2fd679a1ecfd881260c38df03f251058f993ce83c1ce71f8ce,c76dd6f3c17103439dfb85094b25f725c8a46fabf6288b0b9e6743774739eb3e,PASS,"All four interleaver configurations share payload, noise, burst start and frame sequence."
CC,CC_EsN0_0_burst_0.050000000000000003_MIDDLE,0,0.050000000000000003,MIDDLE,4,1,1,1,1,08ec7ceefd5edddc416430cf958972d88028591172aa30858db77bb3b3d6f815,ac9e56be9674b2959aee8a068a31aafed2b056ef958164a35928f0eb9c7493f3,49a58081ad494916be7ef69554edef45c18cbfdb24dd9ac822d637b8db7eb80d,c76dd6f3c17103439dfb85094b25f725c8a46fabf6288b0b9e6743774739eb3e,PASS,"All four interleaver configurations share payload, noise, burst start and frame sequence."
CC,CC_EsN0_0_burst_0.050000000000000003_QUARTER,0,0.050000000000000003,QUARTER,4,1,1,1,1,08ec7ceefd5edddc416430cf958972d88028591172aa30858db77bb3b3d6f815,ac9e56be9674b2959aee8a068a31aafed2b056ef958164a35928f0eb9c7493f3,aebe1c0b6608f12e5613f803f00db1badce4159b9922e2d0746b5cce49e64597,c76dd6f3c17103439dfb85094b25f725c8a46fabf6288b0b9e6743774739eb3e,PASS,"All four interleaver configurations share payload, noise, burst start and frame sequence."
CC,CC_EsN0_0_burst_0.050000000000000003_RANDOM,0,0.050000000000000003,RANDOM,4,1,1,1,1,08ec7ceefd5edddc416430cf958972d88028591172aa30858db77bb3b3d6f815,ac9e56be9674b2959aee8a068a31aafed2b056ef958164a35928f0eb9c7493f3,727479f3d7b6f321e63f35d9939f564cdefdb0fd4bee2e91c43d7f9b983ab975,c76dd6f3c17103439dfb85094b25f725c8a46fabf6288b0b9e6743774739eb3e,PASS,"All four interleaver configurations share payload, noise, burst start and frame sequence."
CC,CC_EsN0_0_burst_0.050000000000000003_TAIL,0,0.050000000000000003,TAIL,4,1,1,1,1,08ec7ceefd5edddc416430cf958972d88028591172aa30858db77bb3b3d6f815,ac9e56be9674b2959aee8a068a31aafed2b056ef958164a35928f0eb9c7493f3,f6b13592c6a1c708cbcaa3e6b35f881242d9c91aa48740beb7dfda742a3a8694,c76dd6f3c17103439dfb85094b25f725c8a46fabf6288b0b9e6743774739eb3e,PASS,"All four interleaver configurations share payload, noise, burst start and frame sequence."
CC,CC_EsN0_0_burst_0.050000000000000003_THREE_QUARTER,0,0.050000000000000003,THREE_QUARTER,4,1,1,1,1,08ec7ceefd5edddc416430cf958972d88028591172aa30858db77bb3b3d6f815,ac9e56be9674b2959aee8a068a31aafed2b056ef958164a35928f0eb9c7493f3,c4201a36e8389236a84998ac9b61c840bf3be5218969bd4811ccd9338a0a1ab0,c76dd6f3c17103439dfb85094b25f725c8a46fabf6288b0b9e6743774739eb3e,PASS,"All four interleaver configurations share payload, noise, burst start and frame sequence."
CC,CC_EsN0_0_burst_0.10000000000000001_HEAD,0,0.10000000000000001,HEAD,4,1,1,1,1,08ec7ceefd5edddc416430cf958972d88028591172aa30858db77bb3b3d6f815,ac9e56be9674b2959aee8a068a31aafed2b056ef958164a35928f0eb9c7493f3,c324396b615ecfff2e457f0ff1d8cbe81838840aec7bceb6d6ef9d0937617711,c76dd6f3c17103439dfb85094b25f725c8a46fabf6288b0b9e6743774739eb3e,PASS,"All four interleaver configurations share payload, noise, burst start and frame sequence."
CC,CC_EsN0_0_burst_0.10000000000000001_MIDDLE,0,0.10000000000000001,MIDDLE,4,1,1,1,1,08ec7ceefd5edddc416430cf958972d88028591172aa30858db77bb3b3d6f815,ac9e56be9674b2959aee8a068a31aafed2b056ef958164a35928f0eb9c7493f3,99a092448ed42180903cfc0220fce3a5544b874f4535661c1643e4a33e150508,c76dd6f3c17103439dfb85094b25f725c8a46fabf6288b0b9e6743774739eb3e,PASS,"All four interleaver configurations share payload, noise, burst start and frame sequence."
CC,CC_EsN0_0_burst_0.10000000000000001_QUARTER,0,0.10000000000000001,QUARTER,4,1,1,1,1,08ec7ceefd5edddc416430cf958972d88028591172aa30858db77bb3b3d6f815,ac9e56be9674b2959aee8a068a31aafed2b056ef958164a35928f0eb9c7493f3,65d43aedfc85d2cf50c59c439fdb0efc99d854b31ae23068cee46aefb81ece9d,c76dd6f3c17103439dfb85094b25f725c8a46fabf6288b0b9e6743774739eb3e,PASS,"All four interleaver configurations share payload, noise, burst start and frame sequence."
CC,CC_EsN0_0_burst_0.10000000000000001_RANDOM,0,0.10000000000000001,RANDOM,4,1,1,1,1,08ec7ceefd5edddc416430cf958972d88028591172aa30858db77bb3b3d6f815,ac9e56be9674b2959aee8a068a31aafed2b056ef958164a35928f0eb9c7493f3,d73998b1e17cbbc6cb4b13860640c89919d1ca3feea4c264741944225b960092,c76dd6f3c17103439dfb85094b25f725c8a46fabf6288b0b9e6743774739eb3e,PASS,"All four interleaver configurations share payload, noise, burst start and frame sequence."
CC,CC_EsN0_0_burst_0.10000000000000001_TAIL,0,0.10000000000000001,TAIL,4,1,1,1,1,08ec7ceefd5edddc416430cf958972d88028591172aa30858db77bb3b3d6f815,ac9e56be9674b2959aee8a068a31aafed2b056ef958164a35928f0eb9c7493f3,f6879b518bb5067dfc3a078c5c5b096acd5dc9a4e6cf25195584fce2bbdfcff5,c76dd6f3c17103439dfb85094b25f725c8a46fabf6288b0b9e6743774739eb3e,PASS,"All four interleaver configurations share payload, noise, burst start and frame sequence."
CC,CC_EsN0_0_burst_0.10000000000000001_THREE_QUARTER,0,0.10000000000000001,THREE_QUARTER,4,1,1,1,1,08ec7ceefd5edddc416430cf958972d88028591172aa30858db77bb3b3d6f815,ac9e56be9674b2959aee8a068a31aafed2b056ef958164a35928f0eb9c7493f3,925b598b952c39eaa6eabacd7e8f9c0ca105363bdf5b8b2b6ae659433b9e383b,c76dd6f3c17103439dfb85094b25f725c8a46fabf6288b0b9e6743774739eb3e,PASS,"All four interleaver configurations share payload, noise, burst start and frame sequence."
CC,CC_EsN0_0.5_burst_0.02_HEAD,0.5,0.02,HEAD,4,1,1,1,1,08ec7ceefd5edddc416430cf958972d88028591172aa30858db77bb3b3d6f815,ac9e56be9674b2959aee8a068a31aafed2b056ef958164a35928f0eb9c7493f3,f0e1f6e82903f8c98fe871ea9b05e156da4305fdff95aa37c325c0289bf10f6f,c76dd6f3c17103439dfb85094b25f725c8a46fabf6288b0b9e6743774739eb3e,PASS,"All four interleaver configurations share payload, noise, burst start and frame sequence."
CC,CC_EsN0_0.5_burst_0.02_MIDDLE,0.5,0.02,MIDDLE,4,1,1,1,1,08ec7ceefd5edddc416430cf958972d88028591172aa30858db77bb3b3d6f815,ac9e56be9674b2959aee8a068a31aafed2b056ef958164a35928f0eb9c7493f3,05ef1f09fc1b0e1a83db2032a6ea84c4e48771f63030ca60ca9e22010fea1cd8,c76dd6f3c17103439dfb85094b25f725c8a46fabf6288b0b9e6743774739eb3e,PASS,"All four interleaver configurations share payload, noise, burst start and frame sequence."
CC,CC_EsN0_0.5_burst_0.02_QUARTER,0.5,0.02,QUARTER,4,1,1,1,1,08ec7ceefd5edddc416430cf958972d88028591172aa30858db77bb3b3d6f815,ac9e56be9674b2959aee8a068a31aafed2b056ef958164a35928f0eb9c7493f3,39c5d52c01ce879d96dd95c00c6a468a870b6ee6a31fc4ee755083ab940c1116,c76dd6f3c17103439dfb85094b25f725c8a46fabf6288b0b9e6743774739eb3e,PASS,"All four interleaver configurations share payload, noise, burst start and frame sequence."
CC,CC_EsN0_0.5_burst_0.02_RANDOM,0.5,0.02,RANDOM,4,1,1,1,1,08ec7ceefd5edddc416430cf958972d88028591172aa30858db77bb3b3d6f815,ac9e56be9674b2959aee8a068a31aafed2b056ef958164a35928f0eb9c7493f3,59a1e8e474dec5aa9d6c073e7ca26c5fd545f0b7df504079e994ea96d033c6f7,c76dd6f3c17103439dfb85094b25f725c8a46fabf6288b0b9e6743774739eb3e,PASS,"All four interleaver configurations share payload, noise, burst start and frame sequence."
CC,CC_EsN0_0.5_burst_0.02_TAIL,0.5,0.02,TAIL,4,1,1,1,1,08ec7ceefd5edddc416430cf958972d88028591172aa30858db77bb3b3d6f815,ac9e56be9674b2959aee8a068a31aafed2b056ef958164a35928f0eb9c7493f3,8fff70873a2d2a064d7f2e4f043881e68eddb9164a145d994af6fed687848704,c76dd6f3c17103439dfb85094b25f725c8a46fabf6288b0b9e6743774739eb3e,PASS,"All four interleaver configurations share payload, noise, burst start and frame sequence."
CC,CC_EsN0_0.5_burst_0.02_THREE_QUARTER,0.5,0.02,THREE_QUARTER,4,1,1,1,1,08ec7ceefd5edddc416430cf958972d88028591172aa30858db77bb3b3d6f815,ac9e56be9674b2959aee8a068a31aafed2b056ef958164a35928f0eb9c7493f3,bf6e1947f56948d1a55e056b0e77cdceb2cb66efd91559c7509647b1e4925e81,c76dd6f3c17103439dfb85094b25f725c8a46fabf6288b0b9e6743774739eb3e,PASS,"All four interleaver configurations share payload, noise, burst start and frame sequence."
CC,CC_EsN0_0.5_burst_0.050000000000000003_HEAD,0.5,0.050000000000000003,HEAD,4,1,1,1,1,08ec7ceefd5edddc416430cf958972d88028591172aa30858db77bb3b3d6f815,ac9e56be9674b2959aee8a068a31aafed2b056ef958164a35928f0eb9c7493f3,0c79440d07fc8b2fd679a1ecfd881260c38df03f251058f993ce83c1ce71f8ce,c76dd6f3c17103439dfb85094b25f725c8a46fabf6288b0b9e6743774739eb3e,PASS,"All four interleaver configurations share payload, noise, burst start and frame sequence."
CC,CC_EsN0_0.5_burst_0.050000000000000003_MIDDLE,0.5,0.050000000000000003,MIDDLE,4,1,1,1,1,08ec7ceefd5edddc416430cf958972d88028591172aa30858db77bb3b3d6f815,ac9e56be9674b2959aee8a068a31aafed2b056ef958164a35928f0eb9c7493f3,49a58081ad494916be7ef69554edef45c18cbfdb24dd9ac822d637b8db7eb80d,c76dd6f3c17103439dfb85094b25f725c8a46fabf6288b0b9e6743774739eb3e,PASS,"All four interleaver configurations share payload, noise, burst start and frame sequence."
CC,CC_EsN0_0.5_burst_0.050000000000000003_QUARTER,0.5,0.050000000000000003,QUARTER,4,1,1,1,1,08ec7ceefd5edddc416430cf958972d88028591172aa30858db77bb3b3d6f815,ac9e56be9674b2959aee8a068a31aafed2b056ef958164a35928f0eb9c7493f3,aebe1c0b6608f12e5613f803f00db1badce4159b9922e2d0746b5cce49e64597,c76dd6f3c17103439dfb85094b25f725c8a46fabf6288b0b9e6743774739eb3e,PASS,"All four interleaver configurations share payload, noise, burst start and frame sequence."
CC,CC_EsN0_0.5_burst_0.050000000000000003_RANDOM,0.5,0.050000000000000003,RANDOM,4,1,1,1,1,08ec7ceefd5edddc416430cf958972d88028591172aa30858db77bb3b3d6f815,ac9e56be9674b2959aee8a068a31aafed2b056ef958164a35928f0eb9c7493f3,727479f3d7b6f321e63f35d9939f564cdefdb0fd4bee2e91c43d7f9b983ab975,c76dd6f3c17103439dfb85094b25f725c8a46fabf6288b0b9e6743774739eb3e,PASS,"All four interleaver configurations share payload, noise, burst start and frame sequence."
CC,CC_EsN0_0.5_burst_0.050000000000000003_TAIL,0.5,0.050000000000000003,TAIL,4,1,1,1,1,08ec7ceefd5edddc416430cf958972d88028591172aa30858db77bb3b3d6f815,ac9e56be9674b2959aee8a068a31aafed2b056ef958164a35928f0eb9c7493f3,f6b13592c6a1c708cbcaa3e6b35f881242d9c91aa48740beb7dfda742a3a8694,c76dd6f3c17103439dfb85094b25f725c8a46fabf6288b0b9e6743774739eb3e,PASS,"All four interleaver configurations share payload, noise, burst start and frame sequence."
CC,CC_EsN0_0.5_burst_0.050000000000000003_THREE_QUARTER,0.5,0.050000000000000003,THREE_QUARTER,4,1,1,1,1,08ec7ceefd5edddc416430cf958972d88028591172aa30858db77bb3b3d6f815,ac9e56be9674b2959aee8a068a31aafed2b056ef958164a35928f0eb9c7493f3,c4201a36e8389236a84998ac9b61c840bf3be5218969bd4811ccd9338a0a1ab0,c76dd6f3c17103439dfb85094b25f725c8a46fabf6288b0b9e6743774739eb3e,PASS,"All four interleaver configurations share payload, noise, burst start and frame sequence."
CC,CC_EsN0_0.5_burst_0.10000000000000001_HEAD,0.5,0.10000000000000001,HEAD,4,1,1,1,1,08ec7ceefd5edddc416430cf958972d88028591172aa30858db77bb3b3d6f815,ac9e56be9674b2959aee8a068a31aafed2b056ef958164a35928f0eb9c7493f3,c324396b615ecfff2e457f0ff1d8cbe81838840aec7bceb6d6ef9d0937617711,c76dd6f3c17103439dfb85094b25f725c8a46fabf6288b0b9e6743774739eb3e,PASS,"All four interleaver configurations share payload, noise, burst start and frame sequence."
CC,CC_EsN0_0.5_burst_0.10000000000000001_MIDDLE,0.5,0.10000000000000001,MIDDLE,4,1,1,1,1,08ec7ceefd5edddc416430cf958972d88028591172aa30858db77bb3b3d6f815,ac9e56be9674b2959aee8a068a31aafed2b056ef958164a35928f0eb9c7493f3,99a092448ed42180903cfc0220fce3a5544b874f4535661c1643e4a33e150508,c76dd6f3c17103439dfb85094b25f725c8a46fabf6288b0b9e6743774739eb3e,PASS,"All four interleaver configurations share payload, noise, burst start and frame sequence."
CC,CC_EsN0_0.5_burst_0.10000000000000001_QUARTER,0.5,0.10000000000000001,QUARTER,4,1,1,1,1,08ec7ceefd5edddc416430cf958972d88028591172aa30858db77bb3b3d6f815,ac9e56be9674b2959aee8a068a31aafed2b056ef958164a35928f0eb9c7493f3,65d43aedfc85d2cf50c59c439fdb0efc99d854b31ae23068cee46aefb81ece9d,c76dd6f3c17103439dfb85094b25f725c8a46fabf6288b0b9e6743774739eb3e,PASS,"All four interleaver configurations share payload, noise, burst start and frame sequence."
CC,CC_EsN0_0.5_burst_0.10000000000000001_RANDOM,0.5,0.10000000000000001,RANDOM,4,1,1,1,1,08ec7ceefd5edddc416430cf958972d88028591172aa30858db77bb3b3d6f815,ac9e56be9674b2959aee8a068a31aafed2b056ef958164a35928f0eb9c7493f3,d73998b1e17cbbc6cb4b13860640c89919d1ca3feea4c264741944225b960092,c76dd6f3c17103439dfb85094b25f725c8a46fabf6288b0b9e6743774739eb3e,PASS,"All four interleaver configurations share payload, noise, burst start and frame sequence."
CC,CC_EsN0_0.5_burst_0.10000000000000001_TAIL,0.5,0.10000000000000001,TAIL,4,1,1,1,1,08ec7ceefd5edddc416430cf958972d88028591172aa30858db77bb3b3d6f815,ac9e56be9674b2959aee8a068a31aafed2b056ef958164a35928f0eb9c7493f3,f6879b518bb5067dfc3a078c5c5b096acd5dc9a4e6cf25195584fce2bbdfcff5,c76dd6f3c17103439dfb85094b25f725c8a46fabf6288b0b9e6743774739eb3e,PASS,"All four interleaver configurations share payload, noise, burst start and frame sequence."
CC,CC_EsN0_0.5_burst_0.10000000000000001_THREE_QUARTER,0.5,0.10000000000000001,THREE_QUARTER,4,1,1,1,1,08ec7ceefd5edddc416430cf958972d88028591172aa30858db77bb3b3d6f815,ac9e56be9674b2959aee8a068a31aafed2b056ef958164a35928f0eb9c7493f3,925b598b952c39eaa6eabacd7e8f9c0ca105363bdf5b8b2b6ae659433b9e383b,c76dd6f3c17103439dfb85094b25f725c8a46fabf6288b0b9e6743774739eb3e,PASS,"All four interleaver configurations share payload, noise, burst start and frame sequence."
CC,CC_EsN0_1_burst_0.02_HEAD,1,0.02,HEAD,4,1,1,1,1,08ec7ceefd5edddc416430cf958972d88028591172aa30858db77bb3b3d6f815,ac9e56be9674b2959aee8a068a31aafed2b056ef958164a35928f0eb9c7493f3,f0e1f6e82903f8c98fe871ea9b05e156da4305fdff95aa37c325c0289bf10f6f,c76dd6f3c17103439dfb85094b25f725c8a46fabf6288b0b9e6743774739eb3e,PASS,"All four interleaver configurations share payload, noise, burst start and frame sequence."
CC,CC_EsN0_1_burst_0.02_MIDDLE,1,0.02,MIDDLE,4,1,1,1,1,08ec7ceefd5edddc416430cf958972d88028591172aa30858db77bb3b3d6f815,ac9e56be9674b2959aee8a068a31aafed2b056ef958164a35928f0eb9c7493f3,05ef1f09fc1b0e1a83db2032a6ea84c4e48771f63030ca60ca9e22010fea1cd8,c76dd6f3c17103439dfb85094b25f725c8a46fabf6288b0b9e6743774739eb3e,PASS,"All four interleaver configurations share payload, noise, burst start and frame sequence."
CC,CC_EsN0_1_burst_0.02_QUARTER,1,0.02,QUARTER,4,1,1,1,1,08ec7ceefd5edddc416430cf958972d88028591172aa30858db77bb3b3d6f815,ac9e56be9674b2959aee8a068a31aafed2b056ef958164a35928f0eb9c7493f3,39c5d52c01ce879d96dd95c00c6a468a870b6ee6a31fc4ee755083ab940c1116,c76dd6f3c17103439dfb85094b25f725c8a46fabf6288b0b9e6743774739eb3e,PASS,"All four interleaver configurations share payload, noise, burst start and frame sequence."
CC,CC_EsN0_1_burst_0.02_RANDOM,1,0.02,RANDOM,4,1,1,1,1,08ec7ceefd5edddc416430cf958972d88028591172aa30858db77bb3b3d6f815,ac9e56be9674b2959aee8a068a31aafed2b056ef958164a35928f0eb9c7493f3,59a1e8e474dec5aa9d6c073e7ca26c5fd545f0b7df504079e994ea96d033c6f7,c76dd6f3c17103439dfb85094b25f725c8a46fabf6288b0b9e6743774739eb3e,PASS,"All four interleaver configurations share payload, noise, burst start and frame sequence."
CC,CC_EsN0_1_burst_0.02_TAIL,1,0.02,TAIL,4,1,1,1,1,08ec7ceefd5edddc416430cf958972d88028591172aa30858db77bb3b3d6f815,ac9e56be9674b2959aee8a068a31aafed2b056ef958164a35928f0eb9c7493f3,8fff70873a2d2a064d7f2e4f043881e68eddb9164a145d994af6fed687848704,c76dd6f3c17103439dfb85094b25f725c8a46fabf6288b0b9e6743774739eb3e,PASS,"All four interleaver configurations share payload, noise, burst start and frame sequence."
CC,CC_EsN0_1_burst_0.02_THREE_QUARTER,1,0.02,THREE_QUARTER,4,1,1,1,1,08ec7ceefd5edddc416430cf958972d88028591172aa30858db77bb3b3d6f815,ac9e56be9674b2959aee8a068a31aafed2b056ef958164a35928f0eb9c7493f3,bf6e1947f56948d1a55e056b0e77cdceb2cb66efd91559c7509647b1e4925e81,c76dd6f3c17103439dfb85094b25f725c8a46fabf6288b0b9e6743774739eb3e,PASS,"All four interleaver configurations share payload, noise, burst start and frame sequence."
CC,CC_EsN0_1_burst_0.050000000000000003_HEAD,1,0.050000000000000003,HEAD,4,1,1,1,1,08ec7ceefd5edddc416430cf958972d88028591172aa30858db77bb3b3d6f815,ac9e56be9674b2959aee8a068a31aafed2b056ef958164a35928f0eb9c7493f3,0c79440d07fc8b2fd679a1ecfd881260c38df03f251058f993ce83c1ce71f8ce,c76dd6f3c17103439dfb85094b25f725c8a46fabf6288b0b9e6743774739eb3e,PASS,"All four interleaver configurations share payload, noise, burst start and frame sequence."
CC,CC_EsN0_1_burst_0.050000000000000003_MIDDLE,1,0.050000000000000003,MIDDLE,4,1,1,1,1,08ec7ceefd5edddc416430cf958972d88028591172aa30858db77bb3b3d6f815,ac9e56be9674b2959aee8a068a31aafed2b056ef958164a35928f0eb9c7493f3,49a58081ad494916be7ef69554edef45c18cbfdb24dd9ac822d637b8db7eb80d,c76dd6f3c17103439dfb85094b25f725c8a46fabf6288b0b9e6743774739eb3e,PASS,"All four interleaver configurations share payload, noise, burst start and frame sequence."
CC,CC_EsN0_1_burst_0.050000000000000003_QUARTER,1,0.050000000000000003,QUARTER,4,1,1,1,1,08ec7ceefd5edddc416430cf958972d88028591172aa30858db77bb3b3d6f815,ac9e56be9674b2959aee8a068a31aafed2b056ef958164a35928f0eb9c7493f3,aebe1c0b6608f12e5613f803f00db1badce4159b9922e2d0746b5cce49e64597,c76dd6f3c17103439dfb85094b25f725c8a46fabf6288b0b9e6743774739eb3e,PASS,"All four interleaver configurations share payload, noise, burst start and frame sequence."
CC,CC_EsN0_1_burst_0.050000000000000003_RANDOM,1,0.050000000000000003,RANDOM,4,1,1,1,1,08ec7ceefd5edddc416430cf958972d88028591172aa30858db77bb3b3d6f815,ac9e56be9674b2959aee8a068a31aafed2b056ef958164a35928f0eb9c7493f3,727479f3d7b6f321e63f35d9939f564cdefdb0fd4bee2e91c43d7f9b983ab975,c76dd6f3c17103439dfb85094b25f725c8a46fabf6288b0b9e6743774739eb3e,PASS,"All four interleaver configurations share payload, noise, burst start and frame sequence."
CC,CC_EsN0_1_burst_0.050000000000000003_TAIL,1,0.050000000000000003,TAIL,4,1,1,1,1,08ec7ceefd5edddc416430cf958972d88028591172aa30858db77bb3b3d6f815,ac9e56be9674b2959aee8a068a31aafed2b056ef958164a35928f0eb9c7493f3,f6b13592c6a1c708cbcaa3e6b35f881242d9c91aa48740beb7dfda742a3a8694,c76dd6f3c17103439dfb85094b25f725c8a46fabf6288b0b9e6743774739eb3e,PASS,"All four interleaver configurations share payload, noise, burst start and frame sequence."
CC,CC_EsN0_1_burst_0.050000000000000003_THREE_QUARTER,1,0.050000000000000003,THREE_QUARTER,4,1,1,1,1,08ec7ceefd5edddc416430cf958972d88028591172aa30858db77bb3b3d6f815,ac9e56be9674b2959aee8a068a31aafed2b056ef958164a35928f0eb9c7493f3,c4201a36e8389236a84998ac9b61c840bf3be5218969bd4811ccd9338a0a1ab0,c76dd6f3c17103439dfb85094b25f725c8a46fabf6288b0b9e6743774739eb3e,PASS,"All four interleaver configurations share payload, noise, burst start and frame sequence."
CC,CC_EsN0_1_burst_0.10000000000000001_HEAD,1,0.10000000000000001,HEAD,4,1,1,1,1,08ec7ceefd5edddc416430cf958972d88028591172aa30858db77bb3b3d6f815,ac9e56be9674b2959aee8a068a31aafed2b056ef958164a35928f0eb9c7493f3,c324396b615ecfff2e457f0ff1d8cbe81838840aec7bceb6d6ef9d0937617711,c76dd6f3c17103439dfb85094b25f725c8a46fabf6288b0b9e6743774739eb3e,PASS,"All four interleaver configurations share payload, noise, burst start and frame sequence."
CC,CC_EsN0_1_burst_0.10000000000000001_MIDDLE,1,0.10000000000000001,MIDDLE,4,1,1,1,1,08ec7ceefd5edddc416430cf958972d88028591172aa30858db77bb3b3d6f815,ac9e56be9674b2959aee8a068a31aafed2b056ef958164a35928f0eb9c7493f3,99a092448ed42180903cfc0220fce3a5544b874f4535661c1643e4a33e150508,c76dd6f3c17103439dfb85094b25f725c8a46fabf6288b0b9e6743774739eb3e,PASS,"All four interleaver configurations share payload, noise, burst start and frame sequence."
CC,CC_EsN0_1_burst_0.10000000000000001_QUARTER,1,0.10000000000000001,QUARTER,4,1,1,1,1,08ec7ceefd5edddc416430cf958972d88028591172aa30858db77bb3b3d6f815,ac9e56be9674b2959aee8a068a31aafed2b056ef958164a35928f0eb9c7493f3,65d43aedfc85d2cf50c59c439fdb0efc99d854b31ae23068cee46aefb81ece9d,c76dd6f3c17103439dfb85094b25f725c8a46fabf6288b0b9e6743774739eb3e,PASS,"All four interleaver configurations share payload, noise, burst start and frame sequence."
CC,CC_EsN0_1_burst_0.10000000000000001_RANDOM,1,0.10000000000000001,RANDOM,4,1,1,1,1,08ec7ceefd5edddc416430cf958972d88028591172aa30858db77bb3b3d6f815,ac9e56be9674b2959aee8a068a31aafed2b056ef958164a35928f0eb9c7493f3,d73998b1e17cbbc6cb4b13860640c89919d1ca3feea4c264741944225b960092,c76dd6f3c17103439dfb85094b25f725c8a46fabf6288b0b9e6743774739eb3e,PASS,"All four interleaver configurations share payload, noise, burst start and frame sequence."
CC,CC_EsN0_1_burst_0.10000000000000001_TAIL,1,0.10000000000000001,TAIL,4,1,1,1,1,08ec7ceefd5edddc416430cf958972d88028591172aa30858db77bb3b3d6f815,ac9e56be9674b2959aee8a068a31aafed2b056ef958164a35928f0eb9c7493f3,f6879b518bb5067dfc3a078c5c5b096acd5dc9a4e6cf25195584fce2bbdfcff5,c76dd6f3c17103439dfb85094b25f725c8a46fabf6288b0b9e6743774739eb3e,PASS,"All four interleaver configurations share payload, noise, burst start and frame sequence."
CC,CC_EsN0_1_burst_0.10000000000000001_THREE_QUARTER,1,0.10000000000000001,THREE_QUARTER,4,1,1,1,1,08ec7ceefd5edddc416430cf958972d88028591172aa30858db77bb3b3d6f815,ac9e56be9674b2959aee8a068a31aafed2b056ef958164a35928f0eb9c7493f3,925b598b952c39eaa6eabacd7e8f9c0ca105363bdf5b8b2b6ae659433b9e383b,c76dd6f3c17103439dfb85094b25f725c8a46fabf6288b0b9e6743774739eb3e,PASS,"All four interleaver configurations share payload, noise, burst start and frame sequence."
CC,CC_EsN0_1.5_burst_0.02_HEAD,1.5,0.02,HEAD,4,1,1,1,1,08ec7ceefd5edddc416430cf958972d88028591172aa30858db77bb3b3d6f815,ac9e56be9674b2959aee8a068a31aafed2b056ef958164a35928f0eb9c7493f3,f0e1f6e82903f8c98fe871ea9b05e156da4305fdff95aa37c325c0289bf10f6f,c76dd6f3c17103439dfb85094b25f725c8a46fabf6288b0b9e6743774739eb3e,PASS,"All four interleaver configurations share payload, noise, burst start and frame sequence."
CC,CC_EsN0_1.5_burst_0.02_MIDDLE,1.5,0.02,MIDDLE,4,1,1,1,1,08ec7ceefd5edddc416430cf958972d88028591172aa30858db77bb3b3d6f815,ac9e56be9674b2959aee8a068a31aafed2b056ef958164a35928f0eb9c7493f3,05ef1f09fc1b0e1a83db2032a6ea84c4e48771f63030ca60ca9e22010fea1cd8,c76dd6f3c17103439dfb85094b25f725c8a46fabf6288b0b9e6743774739eb3e,PASS,"All four interleaver configurations share payload, noise, burst start and frame sequence."
CC,CC_EsN0_1.5_burst_0.02_QUARTER,1.5,0.02,QUARTER,4,1,1,1,1,08ec7ceefd5edddc416430cf958972d88028591172aa30858db77bb3b3d6f815,ac9e56be9674b2959aee8a068a31aafed2b056ef958164a35928f0eb9c7493f3,39c5d52c01ce879d96dd95c00c6a468a870b6ee6a31fc4ee755083ab940c1116,c76dd6f3c17103439dfb85094b25f725c8a46fabf6288b0b9e6743774739eb3e,PASS,"All four interleaver configurations share payload, noise, burst start and frame sequence."
CC,CC_EsN0_1.5_burst_0.02_RANDOM,1.5,0.02,RANDOM,4,1,1,1,1,08ec7ceefd5edddc416430cf958972d88028591172aa30858db77bb3b3d6f815,ac9e56be9674b2959aee8a068a31aafed2b056ef958164a35928f0eb9c7493f3,59a1e8e474dec5aa9d6c073e7ca26c5fd545f0b7df504079e994ea96d033c6f7,c76dd6f3c17103439dfb85094b25f725c8a46fabf6288b0b9e6743774739eb3e,PASS,"All four interleaver configurations share payload, noise, burst start and frame sequence."
CC,CC_EsN0_1.5_burst_0.02_TAIL,1.5,0.02,TAIL,4,1,1,1,1,08ec7ceefd5edddc416430cf958972d88028591172aa30858db77bb3b3d6f815,ac9e56be9674b2959aee8a068a31aafed2b056ef958164a35928f0eb9c7493f3,8fff70873a2d2a064d7f2e4f043881e68eddb9164a145d994af6fed687848704,c76dd6f3c17103439dfb85094b25f725c8a46fabf6288b0b9e6743774739eb3e,PASS,"All four interleaver configurations share payload, noise, burst start and frame sequence."
CC,CC_EsN0_1.5_burst_0.02_THREE_QUARTER,1.5,0.02,THREE_QUARTER,4,1,1,1,1,08ec7ceefd5edddc416430cf958972d88028591172aa30858db77bb3b3d6f815,ac9e56be9674b2959aee8a068a31aafed2b056ef958164a35928f0eb9c7493f3,bf6e1947f56948d1a55e056b0e77cdceb2cb66efd91559c7509647b1e4925e81,c76dd6f3c17103439dfb85094b25f725c8a46fabf6288b0b9e6743774739eb3e,PASS,"All four interleaver configurations share payload, noise, burst start and frame sequence."
CC,CC_EsN0_1.5_burst_0.050000000000000003_HEAD,1.5,0.050000000000000003,HEAD,4,1,1,1,1,08ec7ceefd5edddc416430cf958972d88028591172aa30858db77bb3b3d6f815,ac9e56be9674b2959aee8a068a31aafed2b056ef958164a35928f0eb9c7493f3,0c79440d07fc8b2fd679a1ecfd881260c38df03f251058f993ce83c1ce71f8ce,c76dd6f3c17103439dfb85094b25f725c8a46fabf6288b0b9e6743774739eb3e,PASS,"All four interleaver configurations share payload, noise, burst start and frame sequence."
CC,CC_EsN0_1.5_burst_0.050000000000000003_MIDDLE,1.5,0.050000000000000003,MIDDLE,4,1,1,1,1,08ec7ceefd5edddc416430cf958972d88028591172aa30858db77bb3b3d6f815,ac9e56be9674b2959aee8a068a31aafed2b056ef958164a35928f0eb9c7493f3,49a58081ad494916be7ef69554edef45c18cbfdb24dd9ac822d637b8db7eb80d,c76dd6f3c17103439dfb85094b25f725c8a46fabf6288b0b9e6743774739eb3e,PASS,"All four interleaver configurations share payload, noise, burst start and frame sequence."
CC,CC_EsN0_1.5_burst_0.050000000000000003_QUARTER,1.5,0.050000000000000003,QUARTER,4,1,1,1,1,08ec7ceefd5edddc416430cf958972d88028591172aa30858db77bb3b3d6f815,ac9e56be9674b2959aee8a068a31aafed2b056ef958164a35928f0eb9c7493f3,aebe1c0b6608f12e5613f803f00db1badce4159b9922e2d0746b5cce49e64597,c76dd6f3c17103439dfb85094b25f725c8a46fabf6288b0b9e6743774739eb3e,PASS,"All four interleaver configurations share payload, noise, burst start and frame sequence."
CC,CC_EsN0_1.5_burst_0.050000000000000003_RANDOM,1.5,0.050000000000000003,RANDOM,4,1,1,1,1,08ec7ceefd5edddc416430cf958972d88028591172aa30858db77bb3b3d6f815,ac9e56be9674b2959aee8a068a31aafed2b056ef958164a35928f0eb9c7493f3,727479f3d7b6f321e63f35d9939f564cdefdb0fd4bee2e91c43d7f9b983ab975,c76dd6f3c17103439dfb85094b25f725c8a46fabf6288b0b9e6743774739eb3e,PASS,"All four interleaver configurations share payload, noise, burst start and frame sequence."
CC,CC_EsN0_1.5_burst_0.050000000000000003_TAIL,1.5,0.050000000000000003,TAIL,4,1,1,1,1,08ec7ceefd5edddc416430cf958972d88028591172aa30858db77bb3b3d6f815,ac9e56be9674b2959aee8a068a31aafed2b056ef958164a35928f0eb9c7493f3,f6b13592c6a1c708cbcaa3e6b35f881242d9c91aa48740beb7dfda742a3a8694,c76dd6f3c17103439dfb85094b25f725c8a46fabf6288b0b9e6743774739eb3e,PASS,"All four interleaver configurations share payload, noise, burst start and frame sequence."
CC,CC_EsN0_1.5_burst_0.050000000000000003_THREE_QUARTER,1.5,0.050000000000000003,THREE_QUARTER,4,1,1,1,1,08ec7ceefd5edddc416430cf958972d88028591172aa30858db77bb3b3d6f815,ac9e56be9674b2959aee8a068a31aafed2b056ef958164a35928f0eb9c7493f3,c4201a36e8389236a84998ac9b61c840bf3be5218969bd4811ccd9338a0a1ab0,c76dd6f3c17103439dfb85094b25f725c8a46fabf6288b0b9e6743774739eb3e,PASS,"All four interleaver configurations share payload, noise, burst start and frame sequence."
CC,CC_EsN0_1.5_burst_0.10000000000000001_HEAD,1.5,0.10000000000000001,HEAD,4,1,1,1,1,08ec7ceefd5edddc416430cf958972d88028591172aa30858db77bb3b3d6f815,ac9e56be9674b2959aee8a068a31aafed2b056ef958164a35928f0eb9c7493f3,c324396b615ecfff2e457f0ff1d8cbe81838840aec7bceb6d6ef9d0937617711,c76dd6f3c17103439dfb85094b25f725c8a46fabf6288b0b9e6743774739eb3e,PASS,"All four interleaver configurations share payload, noise, burst start and frame sequence."
CC,CC_EsN0_1.5_burst_0.10000000000000001_MIDDLE,1.5,0.10000000000000001,MIDDLE,4,1,1,1,1,08ec7ceefd5edddc416430cf958972d88028591172aa30858db77bb3b3d6f815,ac9e56be9674b2959aee8a068a31aafed2b056ef958164a35928f0eb9c7493f3,99a092448ed42180903cfc0220fce3a5544b874f4535661c1643e4a33e150508,c76dd6f3c17103439dfb85094b25f725c8a46fabf6288b0b9e6743774739eb3e,PASS,"All four interleaver configurations share payload, noise, burst start and frame sequence."
CC,CC_EsN0_1.5_burst_0.10000000000000001_QUARTER,1.5,0.10000000000000001,QUARTER,4,1,1,1,1,08ec7ceefd5edddc416430cf958972d88028591172aa30858db77bb3b3d6f815,ac9e56be9674b2959aee8a068a31aafed2b056ef958164a35928f0eb9c7493f3,65d43aedfc85d2cf50c59c439fdb0efc99d854b31ae23068cee46aefb81ece9d,c76dd6f3c17103439dfb85094b25f725c8a46fabf6288b0b9e6743774739eb3e,PASS,"All four interleaver configurations share payload, noise, burst start and frame sequence."
CC,CC_EsN0_1.5_burst_0.10000000000000001_RANDOM,1.5,0.10000000000000001,RANDOM,4,1,1,1,1,08ec7ceefd5edddc416430cf958972d88028591172aa30858db77bb3b3d6f815,ac9e56be9674b2959aee8a068a31aafed2b056ef958164a35928f0eb9c7493f3,d73998b1e17cbbc6cb4b13860640c89919d1ca3feea4c264741944225b960092,c76dd6f3c17103439dfb85094b25f725c8a46fabf6288b0b9e6743774739eb3e,PASS,"All four interleaver configurations share payload, noise, burst start and frame sequence."
CC,CC_EsN0_1.5_burst_0.10000000000000001_TAIL,1.5,0.10000000000000001,TAIL,4,1,1,1,1,08ec7ceefd5edddc416430cf958972d88028591172aa30858db77bb3b3d6f815,ac9e56be9674b2959aee8a068a31aafed2b056ef958164a35928f0eb9c7493f3,f6879b518bb5067dfc3a078c5c5b096acd5dc9a4e6cf25195584fce2bbdfcff5,c76dd6f3c17103439dfb85094b25f725c8a46fabf6288b0b9e6743774739eb3e,PASS,"All four interleaver configurations share payload, noise, burst start and frame sequence."
CC,CC_EsN0_1.5_burst_0.10000000000000001_THREE_QUARTER,1.5,0.10000000000000001,THREE_QUARTER,4,1,1,1,1,08ec7ceefd5edddc416430cf958972d88028591172aa30858db77bb3b3d6f815,ac9e56be9674b2959aee8a068a31aafed2b056ef958164a35928f0eb9c7493f3,925b598b952c39eaa6eabacd7e8f9c0ca105363bdf5b8b2b6ae659433b9e383b,c76dd6f3c17103439dfb85094b25f725c8a46fabf6288b0b9e6743774739eb3e,PASS,"All four interleaver configurations share payload, noise, burst start and frame sequence."
CC,CC_EsN0_2_burst_0.02_HEAD,2,0.02,HEAD,4,1,1,1,1,08ec7ceefd5edddc416430cf958972d88028591172aa30858db77bb3b3d6f815,ac9e56be9674b2959aee8a068a31aafed2b056ef958164a35928f0eb9c7493f3,f0e1f6e82903f8c98fe871ea9b05e156da4305fdff95aa37c325c0289bf10f6f,c76dd6f3c17103439dfb85094b25f725c8a46fabf6288b0b9e6743774739eb3e,PASS,"All four interleaver configurations share payload, noise, burst start and frame sequence."
CC,CC_EsN0_2_burst_0.02_MIDDLE,2,0.02,MIDDLE,4,1,1,1,1,08ec7ceefd5edddc416430cf958972d88028591172aa30858db77bb3b3d6f815,ac9e56be9674b2959aee8a068a31aafed2b056ef958164a35928f0eb9c7493f3,05ef1f09fc1b0e1a83db2032a6ea84c4e48771f63030ca60ca9e22010fea1cd8,c76dd6f3c17103439dfb85094b25f725c8a46fabf6288b0b9e6743774739eb3e,PASS,"All four interleaver configurations share payload, noise, burst start and frame sequence."
CC,CC_EsN0_2_burst_0.02_QUARTER,2,0.02,QUARTER,4,1,1,1,1,08ec7ceefd5edddc416430cf958972d88028591172aa30858db77bb3b3d6f815,ac9e56be9674b2959aee8a068a31aafed2b056ef958164a35928f0eb9c7493f3,39c5d52c01ce879d96dd95c00c6a468a870b6ee6a31fc4ee755083ab940c1116,c76dd6f3c17103439dfb85094b25f725c8a46fabf6288b0b9e6743774739eb3e,PASS,"All four interleaver configurations share payload, noise, burst start and frame sequence."
CC,CC_EsN0_2_burst_0.02_RANDOM,2,0.02,RANDOM,4,1,1,1,1,08ec7ceefd5edddc416430cf958972d88028591172aa30858db77bb3b3d6f815,ac9e56be9674b2959aee8a068a31aafed2b056ef958164a35928f0eb9c7493f3,59a1e8e474dec5aa9d6c073e7ca26c5fd545f0b7df504079e994ea96d033c6f7,c76dd6f3c17103439dfb85094b25f725c8a46fabf6288b0b9e6743774739eb3e,PASS,"All four interleaver configurations share payload, noise, burst start and frame sequence."
CC,CC_EsN0_2_burst_0.02_TAIL,2,0.02,TAIL,4,1,1,1,1,08ec7ceefd5edddc416430cf958972d88028591172aa30858db77bb3b3d6f815,ac9e56be9674b2959aee8a068a31aafed2b056ef958164a35928f0eb9c7493f3,8fff70873a2d2a064d7f2e4f043881e68eddb9164a145d994af6fed687848704,c76dd6f3c17103439dfb85094b25f725c8a46fabf6288b0b9e6743774739eb3e,PASS,"All four interleaver configurations share payload, noise, burst start and frame sequence."
CC,CC_EsN0_2_burst_0.02_THREE_QUARTER,2,0.02,THREE_QUARTER,4,1,1,1,1,08ec7ceefd5edddc416430cf958972d88028591172aa30858db77bb3b3d6f815,ac9e56be9674b2959aee8a068a31aafed2b056ef958164a35928f0eb9c7493f3,bf6e1947f56948d1a55e056b0e77cdceb2cb66efd91559c7509647b1e4925e81,c76dd6f3c17103439dfb85094b25f725c8a46fabf6288b0b9e6743774739eb3e,PASS,"All four interleaver configurations share payload, noise, burst start and frame sequence."
CC,CC_EsN0_2_burst_0.050000000000000003_HEAD,2,0.050000000000000003,HEAD,4,1,1,1,1,08ec7ceefd5edddc416430cf958972d88028591172aa30858db77bb3b3d6f815,ac9e56be9674b2959aee8a068a31aafed2b056ef958164a35928f0eb9c7493f3,0c79440d07fc8b2fd679a1ecfd881260c38df03f251058f993ce83c1ce71f8ce,c76dd6f3c17103439dfb85094b25f725c8a46fabf6288b0b9e6743774739eb3e,PASS,"All four interleaver configurations share payload, noise, burst start and frame sequence."
CC,CC_EsN0_2_burst_0.050000000000000003_MIDDLE,2,0.050000000000000003,MIDDLE,4,1,1,1,1,08ec7ceefd5edddc416430cf958972d88028591172aa30858db77bb3b3d6f815,ac9e56be9674b2959aee8a068a31aafed2b056ef958164a35928f0eb9c7493f3,49a58081ad494916be7ef69554edef45c18cbfdb24dd9ac822d637b8db7eb80d,c76dd6f3c17103439dfb85094b25f725c8a46fabf6288b0b9e6743774739eb3e,PASS,"All four interleaver configurations share payload, noise, burst start and frame sequence."
CC,CC_EsN0_2_burst_0.050000000000000003_QUARTER,2,0.050000000000000003,QUARTER,4,1,1,1,1,08ec7ceefd5edddc416430cf958972d88028591172aa30858db77bb3b3d6f815,ac9e56be9674b2959aee8a068a31aafed2b056ef958164a35928f0eb9c7493f3,aebe1c0b6608f12e5613f803f00db1badce4159b9922e2d0746b5cce49e64597,c76dd6f3c17103439dfb85094b25f725c8a46fabf6288b0b9e6743774739eb3e,PASS,"All four interleaver configurations share payload, noise, burst start and frame sequence."
CC,CC_EsN0_2_burst_0.050000000000000003_RANDOM,2,0.050000000000000003,RANDOM,4,1,1,1,1,08ec7ceefd5edddc416430cf958972d88028591172aa30858db77bb3b3d6f815,ac9e56be9674b2959aee8a068a31aafed2b056ef958164a35928f0eb9c7493f3,727479f3d7b6f321e63f35d9939f564cdefdb0fd4bee2e91c43d7f9b983ab975,c76dd6f3c17103439dfb85094b25f725c8a46fabf6288b0b9e6743774739eb3e,PASS,"All four interleaver configurations share payload, noise, burst start and frame sequence."
CC,CC_EsN0_2_burst_0.050000000000000003_TAIL,2,0.050000000000000003,TAIL,4,1,1,1,1,08ec7ceefd5edddc416430cf958972d88028591172aa30858db77bb3b3d6f815,ac9e56be9674b2959aee8a068a31aafed2b056ef958164a35928f0eb9c7493f3,f6b13592c6a1c708cbcaa3e6b35f881242d9c91aa48740beb7dfda742a3a8694,c76dd6f3c17103439dfb85094b25f725c8a46fabf6288b0b9e6743774739eb3e,PASS,"All four interleaver configurations share payload, noise, burst start and frame sequence."
CC,CC_EsN0_2_burst_0.050000000000000003_THREE_QUARTER,2,0.050000000000000003,THREE_QUARTER,4,1,1,1,1,08ec7ceefd5edddc416430cf958972d88028591172aa30858db77bb3b3d6f815,ac9e56be9674b2959aee8a068a31aafed2b056ef958164a35928f0eb9c7493f3,c4201a36e8389236a84998ac9b61c840bf3be5218969bd4811ccd9338a0a1ab0,c76dd6f3c17103439dfb85094b25f725c8a46fabf6288b0b9e6743774739eb3e,PASS,"All four interleaver configurations share payload, noise, burst start and frame sequence."
CC,CC_EsN0_2_burst_0.10000000000000001_HEAD,2,0.10000000000000001,HEAD,4,1,1,1,1,08ec7ceefd5edddc416430cf958972d88028591172aa30858db77bb3b3d6f815,ac9e56be9674b2959aee8a068a31aafed2b056ef958164a35928f0eb9c7493f3,c324396b615ecfff2e457f0ff1d8cbe81838840aec7bceb6d6ef9d0937617711,c76dd6f3c17103439dfb85094b25f725c8a46fabf6288b0b9e6743774739eb3e,PASS,"All four interleaver configurations share payload, noise, burst start and frame sequence."
CC,CC_EsN0_2_burst_0.10000000000000001_MIDDLE,2,0.10000000000000001,MIDDLE,4,1,1,1,1,08ec7ceefd5edddc416430cf958972d88028591172aa30858db77bb3b3d6f815,ac9e56be9674b2959aee8a068a31aafed2b056ef958164a35928f0eb9c7493f3,99a092448ed42180903cfc0220fce3a5544b874f4535661c1643e4a33e150508,c76dd6f3c17103439dfb85094b25f725c8a46fabf6288b0b9e6743774739eb3e,PASS,"All four interleaver configurations share payload, noise, burst start and frame sequence."
CC,CC_EsN0_2_burst_0.10000000000000001_QUARTER,2,0.10000000000000001,QUARTER,4,1,1,1,1,08ec7ceefd5edddc416430cf958972d88028591172aa30858db77bb3b3d6f815,ac9e56be9674b2959aee8a068a31aafed2b056ef958164a35928f0eb9c7493f3,65d43aedfc85d2cf50c59c439fdb0efc99d854b31ae23068cee46aefb81ece9d,c76dd6f3c17103439dfb85094b25f725c8a46fabf6288b0b9e6743774739eb3e,PASS,"All four interleaver configurations share payload, noise, burst start and frame sequence."
CC,CC_EsN0_2_burst_0.10000000000000001_RANDOM,2,0.10000000000000001,RANDOM,4,1,1,1,1,08ec7ceefd5edddc416430cf958972d88028591172aa30858db77bb3b3d6f815,ac9e56be9674b2959aee8a068a31aafed2b056ef958164a35928f0eb9c7493f3,d73998b1e17cbbc6cb4b13860640c89919d1ca3feea4c264741944225b960092,c76dd6f3c17103439dfb85094b25f725c8a46fabf6288b0b9e6743774739eb3e,PASS,"All four interleaver configurations share payload, noise, burst start and frame sequence."
CC,CC_EsN0_2_burst_0.10000000000000001_TAIL,2,0.10000000000000001,TAIL,4,1,1,1,1,08ec7ceefd5edddc416430cf958972d88028591172aa30858db77bb3b3d6f815,ac9e56be9674b2959aee8a068a31aafed2b056ef958164a35928f0eb9c7493f3,f6879b518bb5067dfc3a078c5c5b096acd5dc9a4e6cf25195584fce2bbdfcff5,c76dd6f3c17103439dfb85094b25f725c8a46fabf6288b0b9e6743774739eb3e,PASS,"All four interleaver configurations share payload, noise, burst start and frame sequence."
CC,CC_EsN0_2_burst_0.10000000000000001_THREE_QUARTER,2,0.10000000000000001,THREE_QUARTER,4,1,1,1,1,08ec7ceefd5edddc416430cf958972d88028591172aa30858db77bb3b3d6f815,ac9e56be9674b2959aee8a068a31aafed2b056ef958164a35928f0eb9c7493f3,925b598b952c39eaa6eabacd7e8f9c0ca105363bdf5b8b2b6ae659433b9e383b,c76dd6f3c17103439dfb85094b25f725c8a46fabf6288b0b9e6743774739eb3e,PASS,"All four interleaver configurations share payload, noise, burst start and frame sequence."
CC,CC_EsN0_2.5_burst_0.02_HEAD,2.5,0.02,HEAD,4,1,1,1,1,08ec7ceefd5edddc416430cf958972d88028591172aa30858db77bb3b3d6f815,ac9e56be9674b2959aee8a068a31aafed2b056ef958164a35928f0eb9c7493f3,f0e1f6e82903f8c98fe871ea9b05e156da4305fdff95aa37c325c0289bf10f6f,c76dd6f3c17103439dfb85094b25f725c8a46fabf6288b0b9e6743774739eb3e,PASS,"All four interleaver configurations share payload, noise, burst start and frame sequence."
CC,CC_EsN0_2.5_burst_0.02_MIDDLE,2.5,0.02,MIDDLE,4,1,1,1,1,08ec7ceefd5edddc416430cf958972d88028591172aa30858db77bb3b3d6f815,ac9e56be9674b2959aee8a068a31aafed2b056ef958164a35928f0eb9c7493f3,05ef1f09fc1b0e1a83db2032a6ea84c4e48771f63030ca60ca9e22010fea1cd8,c76dd6f3c17103439dfb85094b25f725c8a46fabf6288b0b9e6743774739eb3e,PASS,"All four interleaver configurations share payload, noise, burst start and frame sequence."
CC,CC_EsN0_2.5_burst_0.02_QUARTER,2.5,0.02,QUARTER,4,1,1,1,1,08ec7ceefd5edddc416430cf958972d88028591172aa30858db77bb3b3d6f815,ac9e56be9674b2959aee8a068a31aafed2b056ef958164a35928f0eb9c7493f3,39c5d52c01ce879d96dd95c00c6a468a870b6ee6a31fc4ee755083ab940c1116,c76dd6f3c17103439dfb85094b25f725c8a46fabf6288b0b9e6743774739eb3e,PASS,"All four interleaver configurations share payload, noise, burst start and frame sequence."
CC,CC_EsN0_2.5_burst_0.02_RANDOM,2.5,0.02,RANDOM,4,1,1,1,1,08ec7ceefd5edddc416430cf958972d88028591172aa30858db77bb3b3d6f815,ac9e56be9674b2959aee8a068a31aafed2b056ef958164a35928f0eb9c7493f3,59a1e8e474dec5aa9d6c073e7ca26c5fd545f0b7df504079e994ea96d033c6f7,c76dd6f3c17103439dfb85094b25f725c8a46fabf6288b0b9e6743774739eb3e,PASS,"All four interleaver configurations share payload, noise, burst start and frame sequence."
CC,CC_EsN0_2.5_burst_0.02_TAIL,2.5,0.02,TAIL,4,1,1,1,1,08ec7ceefd5edddc416430cf958972d88028591172aa30858db77bb3b3d6f815,ac9e56be9674b2959aee8a068a31aafed2b056ef958164a35928f0eb9c7493f3,8fff70873a2d2a064d7f2e4f043881e68eddb9164a145d994af6fed687848704,c76dd6f3c17103439dfb85094b25f725c8a46fabf6288b0b9e6743774739eb3e,PASS,"All four interleaver configurations share payload, noise, burst start and frame sequence."
CC,CC_EsN0_2.5_burst_0.02_THREE_QUARTER,2.5,0.02,THREE_QUARTER,4,1,1,1,1,08ec7ceefd5edddc416430cf958972d88028591172aa30858db77bb3b3d6f815,ac9e56be9674b2959aee8a068a31aafed2b056ef958164a35928f0eb9c7493f3,bf6e1947f56948d1a55e056b0e77cdceb2cb66efd91559c7509647b1e4925e81,c76dd6f3c17103439dfb85094b25f725c8a46fabf6288b0b9e6743774739eb3e,PASS,"All four interleaver configurations share payload, noise, burst start and frame sequence."
CC,CC_EsN0_2.5_burst_0.050000000000000003_HEAD,2.5,0.050000000000000003,HEAD,4,1,1,1,1,08ec7ceefd5edddc416430cf958972d88028591172aa30858db77bb3b3d6f815,ac9e56be9674b2959aee8a068a31aafed2b056ef958164a35928f0eb9c7493f3,0c79440d07fc8b2fd679a1ecfd881260c38df03f251058f993ce83c1ce71f8ce,c76dd6f3c17103439dfb85094b25f725c8a46fabf6288b0b9e6743774739eb3e,PASS,"All four interleaver configurations share payload, noise, burst start and frame sequence."
CC,CC_EsN0_2.5_burst_0.050000000000000003_MIDDLE,2.5,0.050000000000000003,MIDDLE,4,1,1,1,1,08ec7ceefd5edddc416430cf958972d88028591172aa30858db77bb3b3d6f815,ac9e56be9674b2959aee8a068a31aafed2b056ef958164a35928f0eb9c7493f3,49a58081ad494916be7ef69554edef45c18cbfdb24dd9ac822d637b8db7eb80d,c76dd6f3c17103439dfb85094b25f725c8a46fabf6288b0b9e6743774739eb3e,PASS,"All four interleaver configurations share payload, noise, burst start and frame sequence."
CC,CC_EsN0_2.5_burst_0.050000000000000003_QUARTER,2.5,0.050000000000000003,QUARTER,4,1,1,1,1,08ec7ceefd5edddc416430cf958972d88028591172aa30858db77bb3b3d6f815,ac9e56be9674b2959aee8a068a31aafed2b056ef958164a35928f0eb9c7493f3,aebe1c0b6608f12e5613f803f00db1badce4159b9922e2d0746b5cce49e64597,c76dd6f3c17103439dfb85094b25f725c8a46fabf6288b0b9e6743774739eb3e,PASS,"All four interleaver configurations share payload, noise, burst start and frame sequence."
CC,CC_EsN0_2.5_burst_0.050000000000000003_RANDOM,2.5,0.050000000000000003,RANDOM,4,1,1,1,1,08ec7ceefd5edddc416430cf958972d88028591172aa30858db77bb3b3d6f815,ac9e56be9674b2959aee8a068a31aafed2b056ef958164a35928f0eb9c7493f3,727479f3d7b6f321e63f35d9939f564cdefdb0fd4bee2e91c43d7f9b983ab975,c76dd6f3c17103439dfb85094b25f725c8a46fabf6288b0b9e6743774739eb3e,PASS,"All four interleaver configurations share payload, noise, burst start and frame sequence."
CC,CC_EsN0_2.5_burst_0.050000000000000003_TAIL,2.5,0.050000000000000003,TAIL,4,1,1,1,1,08ec7ceefd5edddc416430cf958972d88028591172aa30858db77bb3b3d6f815,ac9e56be9674b2959aee8a068a31aafed2b056ef958164a35928f0eb9c7493f3,f6b13592c6a1c708cbcaa3e6b35f881242d9c91aa48740beb7dfda742a3a8694,c76dd6f3c17103439dfb85094b25f725c8a46fabf6288b0b9e6743774739eb3e,PASS,"All four interleaver configurations share payload, noise, burst start and frame sequence."
CC,CC_EsN0_2.5_burst_0.050000000000000003_THREE_QUARTER,2.5,0.050000000000000003,THREE_QUARTER,4,1,1,1,1,08ec7ceefd5edddc416430cf958972d88028591172aa30858db77bb3b3d6f815,ac9e56be9674b2959aee8a068a31aafed2b056ef958164a35928f0eb9c7493f3,c4201a36e8389236a84998ac9b61c840bf3be5218969bd4811ccd9338a0a1ab0,c76dd6f3c17103439dfb85094b25f725c8a46fabf6288b0b9e6743774739eb3e,PASS,"All four interleaver configurations share payload, noise, burst start and frame sequence."
CC,CC_EsN0_2.5_burst_0.10000000000000001_HEAD,2.5,0.10000000000000001,HEAD,4,1,1,1,1,08ec7ceefd5edddc416430cf958972d88028591172aa30858db77bb3b3d6f815,ac9e56be9674b2959aee8a068a31aafed2b056ef958164a35928f0eb9c7493f3,c324396b615ecfff2e457f0ff1d8cbe81838840aec7bceb6d6ef9d0937617711,c76dd6f3c17103439dfb85094b25f725c8a46fabf6288b0b9e6743774739eb3e,PASS,"All four interleaver configurations share payload, noise, burst start and frame sequence."
CC,CC_EsN0_2.5_burst_0.10000000000000001_MIDDLE,2.5,0.10000000000000001,MIDDLE,4,1,1,1,1,08ec7ceefd5edddc416430cf958972d88028591172aa30858db77bb3b3d6f815,ac9e56be9674b2959aee8a068a31aafed2b056ef958164a35928f0eb9c7493f3,99a092448ed42180903cfc0220fce3a5544b874f4535661c1643e4a33e150508,c76dd6f3c17103439dfb85094b25f725c8a46fabf6288b0b9e6743774739eb3e,PASS,"All four interleaver configurations share payload, noise, burst start and frame sequence."
CC,CC_EsN0_2.5_burst_0.10000000000000001_QUARTER,2.5,0.10000000000000001,QUARTER,4,1,1,1,1,08ec7ceefd5edddc416430cf958972d88028591172aa30858db77bb3b3d6f815,ac9e56be9674b2959aee8a068a31aafed2b056ef958164a35928f0eb9c7493f3,65d43aedfc85d2cf50c59c439fdb0efc99d854b31ae23068cee46aefb81ece9d,c76dd6f3c17103439dfb85094b25f725c8a46fabf6288b0b9e6743774739eb3e,PASS,"All four interleaver configurations share payload, noise, burst start and frame sequence."
CC,CC_EsN0_2.5_burst_0.10000000000000001_RANDOM,2.5,0.10000000000000001,RANDOM,4,1,1,1,1,08ec7ceefd5edddc416430cf958972d88028591172aa30858db77bb3b3d6f815,ac9e56be9674b2959aee8a068a31aafed2b056ef958164a35928f0eb9c7493f3,d73998b1e17cbbc6cb4b13860640c89919d1ca3feea4c264741944225b960092,c76dd6f3c17103439dfb85094b25f725c8a46fabf6288b0b9e6743774739eb3e,PASS,"All four interleaver configurations share payload, noise, burst start and frame sequence."
CC,CC_EsN0_2.5_burst_0.10000000000000001_TAIL,2.5,0.10000000000000001,TAIL,4,1,1,1,1,08ec7ceefd5edddc416430cf958972d88028591172aa30858db77bb3b3d6f815,ac9e56be9674b2959aee8a068a31aafed2b056ef958164a35928f0eb9c7493f3,f6879b518bb5067dfc3a078c5c5b096acd5dc9a4e6cf25195584fce2bbdfcff5,c76dd6f3c17103439dfb85094b25f725c8a46fabf6288b0b9e6743774739eb3e,PASS,"All four interleaver configurations share payload, noise, burst start and frame sequence."
CC,CC_EsN0_2.5_burst_0.10000000000000001_THREE_QUARTER,2.5,0.10000000000000001,THREE_QUARTER,4,1,1,1,1,08ec7ceefd5edddc416430cf958972d88028591172aa30858db77bb3b3d6f815,ac9e56be9674b2959aee8a068a31aafed2b056ef958164a35928f0eb9c7493f3,925b598b952c39eaa6eabacd7e8f9c0ca105363bdf5b8b2b6ae659433b9e383b,c76dd6f3c17103439dfb85094b25f725c8a46fabf6288b0b9e6743774739eb3e,PASS,"All four interleaver configurations share payload, noise, burst start and frame sequence."
CC,CC_EsN0_3_burst_0.02_HEAD,3,0.02,HEAD,4,1,1,1,1,08ec7ceefd5edddc416430cf958972d88028591172aa30858db77bb3b3d6f815,ac9e56be9674b2959aee8a068a31aafed2b056ef958164a35928f0eb9c7493f3,f0e1f6e82903f8c98fe871ea9b05e156da4305fdff95aa37c325c0289bf10f6f,c76dd6f3c17103439dfb85094b25f725c8a46fabf6288b0b9e6743774739eb3e,PASS,"All four interleaver configurations share payload, noise, burst start and frame sequence."
CC,CC_EsN0_3_burst_0.02_MIDDLE,3,0.02,MIDDLE,4,1,1,1,1,08ec7ceefd5edddc416430cf958972d88028591172aa30858db77bb3b3d6f815,ac9e56be9674b2959aee8a068a31aafed2b056ef958164a35928f0eb9c7493f3,05ef1f09fc1b0e1a83db2032a6ea84c4e48771f63030ca60ca9e22010fea1cd8,c76dd6f3c17103439dfb85094b25f725c8a46fabf6288b0b9e6743774739eb3e,PASS,"All four interleaver configurations share payload, noise, burst start and frame sequence."
CC,CC_EsN0_3_burst_0.02_QUARTER,3,0.02,QUARTER,4,1,1,1,1,08ec7ceefd5edddc416430cf958972d88028591172aa30858db77bb3b3d6f815,ac9e56be9674b2959aee8a068a31aafed2b056ef958164a35928f0eb9c7493f3,39c5d52c01ce879d96dd95c00c6a468a870b6ee6a31fc4ee755083ab940c1116,c76dd6f3c17103439dfb85094b25f725c8a46fabf6288b0b9e6743774739eb3e,PASS,"All four interleaver configurations share payload, noise, burst start and frame sequence."
CC,CC_EsN0_3_burst_0.02_RANDOM,3,0.02,RANDOM,4,1,1,1,1,08ec7ceefd5edddc416430cf958972d88028591172aa30858db77bb3b3d6f815,ac9e56be9674b2959aee8a068a31aafed2b056ef958164a35928f0eb9c7493f3,59a1e8e474dec5aa9d6c073e7ca26c5fd545f0b7df504079e994ea96d033c6f7,c76dd6f3c17103439dfb85094b25f725c8a46fabf6288b0b9e6743774739eb3e,PASS,"All four interleaver configurations share payload, noise, burst start and frame sequence."
CC,CC_EsN0_3_burst_0.02_TAIL,3,0.02,TAIL,4,1,1,1,1,08ec7ceefd5edddc416430cf958972d88028591172aa30858db77bb3b3d6f815,ac9e56be9674b2959aee8a068a31aafed2b056ef958164a35928f0eb9c7493f3,8fff70873a2d2a064d7f2e4f043881e68eddb9164a145d994af6fed687848704,c76dd6f3c17103439dfb85094b25f725c8a46fabf6288b0b9e6743774739eb3e,PASS,"All four interleaver configurations share payload, noise, burst start and frame sequence."
CC,CC_EsN0_3_burst_0.02_THREE_QUARTER,3,0.02,THREE_QUARTER,4,1,1,1,1,08ec7ceefd5edddc416430cf958972d88028591172aa30858db77bb3b3d6f815,ac9e56be9674b2959aee8a068a31aafed2b056ef958164a35928f0eb9c7493f3,bf6e1947f56948d1a55e056b0e77cdceb2cb66efd91559c7509647b1e4925e81,c76dd6f3c17103439dfb85094b25f725c8a46fabf6288b0b9e6743774739eb3e,PASS,"All four interleaver configurations share payload, noise, burst start and frame sequence."
CC,CC_EsN0_3_burst_0.050000000000000003_HEAD,3,0.050000000000000003,HEAD,4,1,1,1,1,08ec7ceefd5edddc416430cf958972d88028591172aa30858db77bb3b3d6f815,ac9e56be9674b2959aee8a068a31aafed2b056ef958164a35928f0eb9c7493f3,0c79440d07fc8b2fd679a1ecfd881260c38df03f251058f993ce83c1ce71f8ce,c76dd6f3c17103439dfb85094b25f725c8a46fabf6288b0b9e6743774739eb3e,PASS,"All four interleaver configurations share payload, noise, burst start and frame sequence."
CC,CC_EsN0_3_burst_0.050000000000000003_MIDDLE,3,0.050000000000000003,MIDDLE,4,1,1,1,1,08ec7ceefd5edddc416430cf958972d88028591172aa30858db77bb3b3d6f815,ac9e56be9674b2959aee8a068a31aafed2b056ef958164a35928f0eb9c7493f3,49a58081ad494916be7ef69554edef45c18cbfdb24dd9ac822d637b8db7eb80d,c76dd6f3c17103439dfb85094b25f725c8a46fabf6288b0b9e6743774739eb3e,PASS,"All four interleaver configurations share payload, noise, burst start and frame sequence."
CC,CC_EsN0_3_burst_0.050000000000000003_QUARTER,3,0.050000000000000003,QUARTER,4,1,1,1,1,08ec7ceefd5edddc416430cf958972d88028591172aa30858db77bb3b3d6f815,ac9e56be9674b2959aee8a068a31aafed2b056ef958164a35928f0eb9c7493f3,aebe1c0b6608f12e5613f803f00db1badce4159b9922e2d0746b5cce49e64597,c76dd6f3c17103439dfb85094b25f725c8a46fabf6288b0b9e6743774739eb3e,PASS,"All four interleaver configurations share payload, noise, burst start and frame sequence."
CC,CC_EsN0_3_burst_0.050000000000000003_RANDOM,3,0.050000000000000003,RANDOM,4,1,1,1,1,08ec7ceefd5edddc416430cf958972d88028591172aa30858db77bb3b3d6f815,ac9e56be9674b2959aee8a068a31aafed2b056ef958164a35928f0eb9c7493f3,727479f3d7b6f321e63f35d9939f564cdefdb0fd4bee2e91c43d7f9b983ab975,c76dd6f3c17103439dfb85094b25f725c8a46fabf6288b0b9e6743774739eb3e,PASS,"All four interleaver configurations share payload, noise, burst start and frame sequence."
CC,CC_EsN0_3_burst_0.050000000000000003_TAIL,3,0.050000000000000003,TAIL,4,1,1,1,1,08ec7ceefd5edddc416430cf958972d88028591172aa30858db77bb3b3d6f815,ac9e56be9674b2959aee8a068a31aafed2b056ef958164a35928f0eb9c7493f3,f6b13592c6a1c708cbcaa3e6b35f881242d9c91aa48740beb7dfda742a3a8694,c76dd6f3c17103439dfb85094b25f725c8a46fabf6288b0b9e6743774739eb3e,PASS,"All four interleaver configurations share payload, noise, burst start and frame sequence."
CC,CC_EsN0_3_burst_0.050000000000000003_THREE_QUARTER,3,0.050000000000000003,THREE_QUARTER,4,1,1,1,1,08ec7ceefd5edddc416430cf958972d88028591172aa30858db77bb3b3d6f815,ac9e56be9674b2959aee8a068a31aafed2b056ef958164a35928f0eb9c7493f3,c4201a36e8389236a84998ac9b61c840bf3be5218969bd4811ccd9338a0a1ab0,c76dd6f3c17103439dfb85094b25f725c8a46fabf6288b0b9e6743774739eb3e,PASS,"All four interleaver configurations share payload, noise, burst start and frame sequence."
CC,CC_EsN0_3_burst_0.10000000000000001_HEAD,3,0.10000000000000001,HEAD,4,1,1,1,1,08ec7ceefd5edddc416430cf958972d88028591172aa30858db77bb3b3d6f815,ac9e56be9674b2959aee8a068a31aafed2b056ef958164a35928f0eb9c7493f3,c324396b615ecfff2e457f0ff1d8cbe81838840aec7bceb6d6ef9d0937617711,c76dd6f3c17103439dfb85094b25f725c8a46fabf6288b0b9e6743774739eb3e,PASS,"All four interleaver configurations share payload, noise, burst start and frame sequence."
CC,CC_EsN0_3_burst_0.10000000000000001_MIDDLE,3,0.10000000000000001,MIDDLE,4,1,1,1,1,08ec7ceefd5edddc416430cf958972d88028591172aa30858db77bb3b3d6f815,ac9e56be9674b2959aee8a068a31aafed2b056ef958164a35928f0eb9c7493f3,99a092448ed42180903cfc0220fce3a5544b874f4535661c1643e4a33e150508,c76dd6f3c17103439dfb85094b25f725c8a46fabf6288b0b9e6743774739eb3e,PASS,"All four interleaver configurations share payload, noise, burst start and frame sequence."
CC,CC_EsN0_3_burst_0.10000000000000001_QUARTER,3,0.10000000000000001,QUARTER,4,1,1,1,1,08ec7ceefd5edddc416430cf958972d88028591172aa30858db77bb3b3d6f815,ac9e56be9674b2959aee8a068a31aafed2b056ef958164a35928f0eb9c7493f3,65d43aedfc85d2cf50c59c439fdb0efc99d854b31ae23068cee46aefb81ece9d,c76dd6f3c17103439dfb85094b25f725c8a46fabf6288b0b9e6743774739eb3e,PASS,"All four interleaver configurations share payload, noise, burst start and frame sequence."
CC,CC_EsN0_3_burst_0.10000000000000001_RANDOM,3,0.10000000000000001,RANDOM,4,1,1,1,1,08ec7ceefd5edddc416430cf958972d88028591172aa30858db77bb3b3d6f815,ac9e56be9674b2959aee8a068a31aafed2b056ef958164a35928f0eb9c7493f3,d73998b1e17cbbc6cb4b13860640c89919d1ca3feea4c264741944225b960092,c76dd6f3c17103439dfb85094b25f725c8a46fabf6288b0b9e6743774739eb3e,PASS,"All four interleaver configurations share payload, noise, burst start and frame sequence."
CC,CC_EsN0_3_burst_0.10000000000000001_TAIL,3,0.10000000000000001,TAIL,4,1,1,1,1,08ec7ceefd5edddc416430cf958972d88028591172aa30858db77bb3b3d6f815,ac9e56be9674b2959aee8a068a31aafed2b056ef958164a35928f0eb9c7493f3,f6879b518bb5067dfc3a078c5c5b096acd5dc9a4e6cf25195584fce2bbdfcff5,c76dd6f3c17103439dfb85094b25f725c8a46fabf6288b0b9e6743774739eb3e,PASS,"All four interleaver configurations share payload, noise, burst start and frame sequence."
CC,CC_EsN0_3_burst_0.10000000000000001_THREE_QUARTER,3,0.10000000000000001,THREE_QUARTER,4,1,1,1,1,08ec7ceefd5edddc416430cf958972d88028591172aa30858db77bb3b3d6f815,ac9e56be9674b2959aee8a068a31aafed2b056ef958164a35928f0eb9c7493f3,925b598b952c39eaa6eabacd7e8f9c0ca105363bdf5b8b2b6ae659433b9e383b,c76dd6f3c17103439dfb85094b25f725c8a46fabf6288b0b9e6743774739eb3e,PASS,"All four interleaver configurations share payload, noise, burst start and frame sequence."
CC,CC_EsN0_3.5_burst_0.02_HEAD,3.5,0.02,HEAD,4,1,1,1,1,08ec7ceefd5edddc416430cf958972d88028591172aa30858db77bb3b3d6f815,ac9e56be9674b2959aee8a068a31aafed2b056ef958164a35928f0eb9c7493f3,f0e1f6e82903f8c98fe871ea9b05e156da4305fdff95aa37c325c0289bf10f6f,c76dd6f3c17103439dfb85094b25f725c8a46fabf6288b0b9e6743774739eb3e,PASS,"All four interleaver configurations share payload, noise, burst start and frame sequence."
CC,CC_EsN0_3.5_burst_0.02_MIDDLE,3.5,0.02,MIDDLE,4,1,1,1,1,08ec7ceefd5edddc416430cf958972d88028591172aa30858db77bb3b3d6f815,ac9e56be9674b2959aee8a068a31aafed2b056ef958164a35928f0eb9c7493f3,05ef1f09fc1b0e1a83db2032a6ea84c4e48771f63030ca60ca9e22010fea1cd8,c76dd6f3c17103439dfb85094b25f725c8a46fabf6288b0b9e6743774739eb3e,PASS,"All four interleaver configurations share payload, noise, burst start and frame sequence."
CC,CC_EsN0_3.5_burst_0.02_QUARTER,3.5,0.02,QUARTER,4,1,1,1,1,08ec7ceefd5edddc416430cf958972d88028591172aa30858db77bb3b3d6f815,ac9e56be9674b2959aee8a068a31aafed2b056ef958164a35928f0eb9c7493f3,39c5d52c01ce879d96dd95c00c6a468a870b6ee6a31fc4ee755083ab940c1116,c76dd6f3c17103439dfb85094b25f725c8a46fabf6288b0b9e6743774739eb3e,PASS,"All four interleaver configurations share payload, noise, burst start and frame sequence."
CC,CC_EsN0_3.5_burst_0.02_RANDOM,3.5,0.02,RANDOM,4,1,1,1,1,08ec7ceefd5edddc416430cf958972d88028591172aa30858db77bb3b3d6f815,ac9e56be9674b2959aee8a068a31aafed2b056ef958164a35928f0eb9c7493f3,59a1e8e474dec5aa9d6c073e7ca26c5fd545f0b7df504079e994ea96d033c6f7,c76dd6f3c17103439dfb85094b25f725c8a46fabf6288b0b9e6743774739eb3e,PASS,"All four interleaver configurations share payload, noise, burst start and frame sequence."
CC,CC_EsN0_3.5_burst_0.02_TAIL,3.5,0.02,TAIL,4,1,1,1,1,08ec7ceefd5edddc416430cf958972d88028591172aa30858db77bb3b3d6f815,ac9e56be9674b2959aee8a068a31aafed2b056ef958164a35928f0eb9c7493f3,8fff70873a2d2a064d7f2e4f043881e68eddb9164a145d994af6fed687848704,c76dd6f3c17103439dfb85094b25f725c8a46fabf6288b0b9e6743774739eb3e,PASS,"All four interleaver configurations share payload, noise, burst start and frame sequence."
CC,CC_EsN0_3.5_burst_0.02_THREE_QUARTER,3.5,0.02,THREE_QUARTER,4,1,1,1,1,08ec7ceefd5edddc416430cf958972d88028591172aa30858db77bb3b3d6f815,ac9e56be9674b2959aee8a068a31aafed2b056ef958164a35928f0eb9c7493f3,bf6e1947f56948d1a55e056b0e77cdceb2cb66efd91559c7509647b1e4925e81,c76dd6f3c17103439dfb85094b25f725c8a46fabf6288b0b9e6743774739eb3e,PASS,"All four interleaver configurations share payload, noise, burst start and frame sequence."
CC,CC_EsN0_3.5_burst_0.050000000000000003_HEAD,3.5,0.050000000000000003,HEAD,4,1,1,1,1,08ec7ceefd5edddc416430cf958972d88028591172aa30858db77bb3b3d6f815,ac9e56be9674b2959aee8a068a31aafed2b056ef958164a35928f0eb9c7493f3,0c79440d07fc8b2fd679a1ecfd881260c38df03f251058f993ce83c1ce71f8ce,c76dd6f3c17103439dfb85094b25f725c8a46fabf6288b0b9e6743774739eb3e,PASS,"All four interleaver configurations share payload, noise, burst start and frame sequence."
CC,CC_EsN0_3.5_burst_0.050000000000000003_MIDDLE,3.5,0.050000000000000003,MIDDLE,4,1,1,1,1,08ec7ceefd5edddc416430cf958972d88028591172aa30858db77bb3b3d6f815,ac9e56be9674b2959aee8a068a31aafed2b056ef958164a35928f0eb9c7493f3,49a58081ad494916be7ef69554edef45c18cbfdb24dd9ac822d637b8db7eb80d,c76dd6f3c17103439dfb85094b25f725c8a46fabf6288b0b9e6743774739eb3e,PASS,"All four interleaver configurations share payload, noise, burst start and frame sequence."
CC,CC_EsN0_3.5_burst_0.050000000000000003_QUARTER,3.5,0.050000000000000003,QUARTER,4,1,1,1,1,08ec7ceefd5edddc416430cf958972d88028591172aa30858db77bb3b3d6f815,ac9e56be9674b2959aee8a068a31aafed2b056ef958164a35928f0eb9c7493f3,aebe1c0b6608f12e5613f803f00db1badce4159b9922e2d0746b5cce49e64597,c76dd6f3c17103439dfb85094b25f725c8a46fabf6288b0b9e6743774739eb3e,PASS,"All four interleaver configurations share payload, noise, burst start and frame sequence."
CC,CC_EsN0_3.5_burst_0.050000000000000003_RANDOM,3.5,0.050000000000000003,RANDOM,4,1,1,1,1,08ec7ceefd5edddc416430cf958972d88028591172aa30858db77bb3b3d6f815,ac9e56be9674b2959aee8a068a31aafed2b056ef958164a35928f0eb9c7493f3,727479f3d7b6f321e63f35d9939f564cdefdb0fd4bee2e91c43d7f9b983ab975,c76dd6f3c17103439dfb85094b25f725c8a46fabf6288b0b9e6743774739eb3e,PASS,"All four interleaver configurations share payload, noise, burst start and frame sequence."
CC,CC_EsN0_3.5_burst_0.050000000000000003_TAIL,3.5,0.050000000000000003,TAIL,4,1,1,1,1,08ec7ceefd5edddc416430cf958972d88028591172aa30858db77bb3b3d6f815,ac9e56be9674b2959aee8a068a31aafed2b056ef958164a35928f0eb9c7493f3,f6b13592c6a1c708cbcaa3e6b35f881242d9c91aa48740beb7dfda742a3a8694,c76dd6f3c17103439dfb85094b25f725c8a46fabf6288b0b9e6743774739eb3e,PASS,"All four interleaver configurations share payload, noise, burst start and frame sequence."
CC,CC_EsN0_3.5_burst_0.050000000000000003_THREE_QUARTER,3.5,0.050000000000000003,THREE_QUARTER,4,1,1,1,1,08ec7ceefd5edddc416430cf958972d88028591172aa30858db77bb3b3d6f815,ac9e56be9674b2959aee8a068a31aafed2b056ef958164a35928f0eb9c7493f3,c4201a36e8389236a84998ac9b61c840bf3be5218969bd4811ccd9338a0a1ab0,c76dd6f3c17103439dfb85094b25f725c8a46fabf6288b0b9e6743774739eb3e,PASS,"All four interleaver configurations share payload, noise, burst start and frame sequence."
CC,CC_EsN0_3.5_burst_0.10000000000000001_HEAD,3.5,0.10000000000000001,HEAD,4,1,1,1,1,08ec7ceefd5edddc416430cf958972d88028591172aa30858db77bb3b3d6f815,ac9e56be9674b2959aee8a068a31aafed2b056ef958164a35928f0eb9c7493f3,c324396b615ecfff2e457f0ff1d8cbe81838840aec7bceb6d6ef9d0937617711,c76dd6f3c17103439dfb85094b25f725c8a46fabf6288b0b9e6743774739eb3e,PASS,"All four interleaver configurations share payload, noise, burst start and frame sequence."
CC,CC_EsN0_3.5_burst_0.10000000000000001_MIDDLE,3.5,0.10000000000000001,MIDDLE,4,1,1,1,1,08ec7ceefd5edddc416430cf958972d88028591172aa30858db77bb3b3d6f815,ac9e56be9674b2959aee8a068a31aafed2b056ef958164a35928f0eb9c7493f3,99a092448ed42180903cfc0220fce3a5544b874f4535661c1643e4a33e150508,c76dd6f3c17103439dfb85094b25f725c8a46fabf6288b0b9e6743774739eb3e,PASS,"All four interleaver configurations share payload, noise, burst start and frame sequence."
CC,CC_EsN0_3.5_burst_0.10000000000000001_QUARTER,3.5,0.10000000000000001,QUARTER,4,1,1,1,1,08ec7ceefd5edddc416430cf958972d88028591172aa30858db77bb3b3d6f815,ac9e56be9674b2959aee8a068a31aafed2b056ef958164a35928f0eb9c7493f3,65d43aedfc85d2cf50c59c439fdb0efc99d854b31ae23068cee46aefb81ece9d,c76dd6f3c17103439dfb85094b25f725c8a46fabf6288b0b9e6743774739eb3e,PASS,"All four interleaver configurations share payload, noise, burst start and frame sequence."
CC,CC_EsN0_3.5_burst_0.10000000000000001_RANDOM,3.5,0.10000000000000001,RANDOM,4,1,1,1,1,08ec7ceefd5edddc416430cf958972d88028591172aa30858db77bb3b3d6f815,ac9e56be9674b2959aee8a068a31aafed2b056ef958164a35928f0eb9c7493f3,d73998b1e17cbbc6cb4b13860640c89919d1ca3feea4c264741944225b960092,c76dd6f3c17103439dfb85094b25f725c8a46fabf6288b0b9e6743774739eb3e,PASS,"All four interleaver configurations share payload, noise, burst start and frame sequence."
CC,CC_EsN0_3.5_burst_0.10000000000000001_TAIL,3.5,0.10000000000000001,TAIL,4,1,1,1,1,08ec7ceefd5edddc416430cf958972d88028591172aa30858db77bb3b3d6f815,ac9e56be9674b2959aee8a068a31aafed2b056ef958164a35928f0eb9c7493f3,f6879b518bb5067dfc3a078c5c5b096acd5dc9a4e6cf25195584fce2bbdfcff5,c76dd6f3c17103439dfb85094b25f725c8a46fabf6288b0b9e6743774739eb3e,PASS,"All four interleaver configurations share payload, noise, burst start and frame sequence."
CC,CC_EsN0_3.5_burst_0.10000000000000001_THREE_QUARTER,3.5,0.10000000000000001,THREE_QUARTER,4,1,1,1,1,08ec7ceefd5edddc416430cf958972d88028591172aa30858db77bb3b3d6f815,ac9e56be9674b2959aee8a068a31aafed2b056ef958164a35928f0eb9c7493f3,925b598b952c39eaa6eabacd7e8f9c0ca105363bdf5b8b2b6ae659433b9e383b,c76dd6f3c17103439dfb85094b25f725c8a46fabf6288b0b9e6743774739eb3e,PASS,"All four interleaver configurations share payload, noise, burst start and frame sequence."
CC,CC_EsN0_4_burst_0.02_HEAD,4,0.02,HEAD,4,1,1,1,1,08ec7ceefd5edddc416430cf958972d88028591172aa30858db77bb3b3d6f815,ac9e56be9674b2959aee8a068a31aafed2b056ef958164a35928f0eb9c7493f3,f0e1f6e82903f8c98fe871ea9b05e156da4305fdff95aa37c325c0289bf10f6f,c76dd6f3c17103439dfb85094b25f725c8a46fabf6288b0b9e6743774739eb3e,PASS,"All four interleaver configurations share payload, noise, burst start and frame sequence."
CC,CC_EsN0_4_burst_0.02_MIDDLE,4,0.02,MIDDLE,4,1,1,1,1,08ec7ceefd5edddc416430cf958972d88028591172aa30858db77bb3b3d6f815,ac9e56be9674b2959aee8a068a31aafed2b056ef958164a35928f0eb9c7493f3,05ef1f09fc1b0e1a83db2032a6ea84c4e48771f63030ca60ca9e22010fea1cd8,c76dd6f3c17103439dfb85094b25f725c8a46fabf6288b0b9e6743774739eb3e,PASS,"All four interleaver configurations share payload, noise, burst start and frame sequence."
CC,CC_EsN0_4_burst_0.02_QUARTER,4,0.02,QUARTER,4,1,1,1,1,08ec7ceefd5edddc416430cf958972d88028591172aa30858db77bb3b3d6f815,ac9e56be9674b2959aee8a068a31aafed2b056ef958164a35928f0eb9c7493f3,39c5d52c01ce879d96dd95c00c6a468a870b6ee6a31fc4ee755083ab940c1116,c76dd6f3c17103439dfb85094b25f725c8a46fabf6288b0b9e6743774739eb3e,PASS,"All four interleaver configurations share payload, noise, burst start and frame sequence."
CC,CC_EsN0_4_burst_0.02_RANDOM,4,0.02,RANDOM,4,1,1,1,1,08ec7ceefd5edddc416430cf958972d88028591172aa30858db77bb3b3d6f815,ac9e56be9674b2959aee8a068a31aafed2b056ef958164a35928f0eb9c7493f3,59a1e8e474dec5aa9d6c073e7ca26c5fd545f0b7df504079e994ea96d033c6f7,c76dd6f3c17103439dfb85094b25f725c8a46fabf6288b0b9e6743774739eb3e,PASS,"All four interleaver configurations share payload, noise, burst start and frame sequence."
CC,CC_EsN0_4_burst_0.02_TAIL,4,0.02,TAIL,4,1,1,1,1,08ec7ceefd5edddc416430cf958972d88028591172aa30858db77bb3b3d6f815,ac9e56be9674b2959aee8a068a31aafed2b056ef958164a35928f0eb9c7493f3,8fff70873a2d2a064d7f2e4f043881e68eddb9164a145d994af6fed687848704,c76dd6f3c17103439dfb85094b25f725c8a46fabf6288b0b9e6743774739eb3e,PASS,"All four interleaver configurations share payload, noise, burst start and frame sequence."
CC,CC_EsN0_4_burst_0.02_THREE_QUARTER,4,0.02,THREE_QUARTER,4,1,1,1,1,08ec7ceefd5edddc416430cf958972d88028591172aa30858db77bb3b3d6f815,ac9e56be9674b2959aee8a068a31aafed2b056ef958164a35928f0eb9c7493f3,bf6e1947f56948d1a55e056b0e77cdceb2cb66efd91559c7509647b1e4925e81,c76dd6f3c17103439dfb85094b25f725c8a46fabf6288b0b9e6743774739eb3e,PASS,"All four interleaver configurations share payload, noise, burst start and frame sequence."
CC,CC_EsN0_4_burst_0.050000000000000003_HEAD,4,0.050000000000000003,HEAD,4,1,1,1,1,08ec7ceefd5edddc416430cf958972d88028591172aa30858db77bb3b3d6f815,ac9e56be9674b2959aee8a068a31aafed2b056ef958164a35928f0eb9c7493f3,0c79440d07fc8b2fd679a1ecfd881260c38df03f251058f993ce83c1ce71f8ce,c76dd6f3c17103439dfb85094b25f725c8a46fabf6288b0b9e6743774739eb3e,PASS,"All four interleaver configurations share payload, noise, burst start and frame sequence."
CC,CC_EsN0_4_burst_0.050000000000000003_MIDDLE,4,0.050000000000000003,MIDDLE,4,1,1,1,1,08ec7ceefd5edddc416430cf958972d88028591172aa30858db77bb3b3d6f815,ac9e56be9674b2959aee8a068a31aafed2b056ef958164a35928f0eb9c7493f3,49a58081ad494916be7ef69554edef45c18cbfdb24dd9ac822d637b8db7eb80d,c76dd6f3c17103439dfb85094b25f725c8a46fabf6288b0b9e6743774739eb3e,PASS,"All four interleaver configurations share payload, noise, burst start and frame sequence."
CC,CC_EsN0_4_burst_0.050000000000000003_QUARTER,4,0.050000000000000003,QUARTER,4,1,1,1,1,08ec7ceefd5edddc416430cf958972d88028591172aa30858db77bb3b3d6f815,ac9e56be9674b2959aee8a068a31aafed2b056ef958164a35928f0eb9c7493f3,aebe1c0b6608f12e5613f803f00db1badce4159b9922e2d0746b5cce49e64597,c76dd6f3c17103439dfb85094b25f725c8a46fabf6288b0b9e6743774739eb3e,PASS,"All four interleaver configurations share payload, noise, burst start and frame sequence."
CC,CC_EsN0_4_burst_0.050000000000000003_RANDOM,4,0.050000000000000003,RANDOM,4,1,1,1,1,08ec7ceefd5edddc416430cf958972d88028591172aa30858db77bb3b3d6f815,ac9e56be9674b2959aee8a068a31aafed2b056ef958164a35928f0eb9c7493f3,727479f3d7b6f321e63f35d9939f564cdefdb0fd4bee2e91c43d7f9b983ab975,c76dd6f3c17103439dfb85094b25f725c8a46fabf6288b0b9e6743774739eb3e,PASS,"All four interleaver configurations share payload, noise, burst start and frame sequence."
CC,CC_EsN0_4_burst_0.050000000000000003_TAIL,4,0.050000000000000003,TAIL,4,1,1,1,1,08ec7ceefd5edddc416430cf958972d88028591172aa30858db77bb3b3d6f815,ac9e56be9674b2959aee8a068a31aafed2b056ef958164a35928f0eb9c7493f3,f6b13592c6a1c708cbcaa3e6b35f881242d9c91aa48740beb7dfda742a3a8694,c76dd6f3c17103439dfb85094b25f725c8a46fabf6288b0b9e6743774739eb3e,PASS,"All four interleaver configurations share payload, noise, burst start and frame sequence."
CC,CC_EsN0_4_burst_0.050000000000000003_THREE_QUARTER,4,0.050000000000000003,THREE_QUARTER,4,1,1,1,1,08ec7ceefd5edddc416430cf958972d88028591172aa30858db77bb3b3d6f815,ac9e56be9674b2959aee8a068a31aafed2b056ef958164a35928f0eb9c7493f3,c4201a36e8389236a84998ac9b61c840bf3be5218969bd4811ccd9338a0a1ab0,c76dd6f3c17103439dfb85094b25f725c8a46fabf6288b0b9e6743774739eb3e,PASS,"All four interleaver configurations share payload, noise, burst start and frame sequence."
CC,CC_EsN0_4_burst_0.10000000000000001_HEAD,4,0.10000000000000001,HEAD,4,1,1,1,1,08ec7ceefd5edddc416430cf958972d88028591172aa30858db77bb3b3d6f815,ac9e56be9674b2959aee8a068a31aafed2b056ef958164a35928f0eb9c7493f3,c324396b615ecfff2e457f0ff1d8cbe81838840aec7bceb6d6ef9d0937617711,c76dd6f3c17103439dfb85094b25f725c8a46fabf6288b0b9e6743774739eb3e,PASS,"All four interleaver configurations share payload, noise, burst start and frame sequence."
CC,CC_EsN0_4_burst_0.10000000000000001_MIDDLE,4,0.10000000000000001,MIDDLE,4,1,1,1,1,08ec7ceefd5edddc416430cf958972d88028591172aa30858db77bb3b3d6f815,ac9e56be9674b2959aee8a068a31aafed2b056ef958164a35928f0eb9c7493f3,99a092448ed42180903cfc0220fce3a5544b874f4535661c1643e4a33e150508,c76dd6f3c17103439dfb85094b25f725c8a46fabf6288b0b9e6743774739eb3e,PASS,"All four interleaver configurations share payload, noise, burst start and frame sequence."
CC,CC_EsN0_4_burst_0.10000000000000001_QUARTER,4,0.10000000000000001,QUARTER,4,1,1,1,1,08ec7ceefd5edddc416430cf958972d88028591172aa30858db77bb3b3d6f815,ac9e56be9674b2959aee8a068a31aafed2b056ef958164a35928f0eb9c7493f3,65d43aedfc85d2cf50c59c439fdb0efc99d854b31ae23068cee46aefb81ece9d,c76dd6f3c17103439dfb85094b25f725c8a46fabf6288b0b9e6743774739eb3e,PASS,"All four interleaver configurations share payload, noise, burst start and frame sequence."
CC,CC_EsN0_4_burst_0.10000000000000001_RANDOM,4,0.10000000000000001,RANDOM,4,1,1,1,1,08ec7ceefd5edddc416430cf958972d88028591172aa30858db77bb3b3d6f815,ac9e56be9674b2959aee8a068a31aafed2b056ef958164a35928f0eb9c7493f3,d73998b1e17cbbc6cb4b13860640c89919d1ca3feea4c264741944225b960092,c76dd6f3c17103439dfb85094b25f725c8a46fabf6288b0b9e6743774739eb3e,PASS,"All four interleaver configurations share payload, noise, burst start and frame sequence."
CC,CC_EsN0_4_burst_0.10000000000000001_TAIL,4,0.10000000000000001,TAIL,4,1,1,1,1,08ec7ceefd5edddc416430cf958972d88028591172aa30858db77bb3b3d6f815,ac9e56be9674b2959aee8a068a31aafed2b056ef958164a35928f0eb9c7493f3,f6879b518bb5067dfc3a078c5c5b096acd5dc9a4e6cf25195584fce2bbdfcff5,c76dd6f3c17103439dfb85094b25f725c8a46fabf6288b0b9e6743774739eb3e,PASS,"All four interleaver configurations share payload, noise, burst start and frame sequence."
CC,CC_EsN0_4_burst_0.10000000000000001_THREE_QUARTER,4,0.10000000000000001,THREE_QUARTER,4,1,1,1,1,08ec7ceefd5edddc416430cf958972d88028591172aa30858db77bb3b3d6f815,ac9e56be9674b2959aee8a068a31aafed2b056ef958164a35928f0eb9c7493f3,925b598b952c39eaa6eabacd7e8f9c0ca105363bdf5b8b2b6ae659433b9e383b,c76dd6f3c17103439dfb85094b25f725c8a46fabf6288b0b9e6743774739eb3e,PASS,"All four interleaver configurations share payload, noise, burst start and frame sequence."
CC,CC_EsN0_4.5_burst_0.02_HEAD,4.5,0.02,HEAD,4,1,1,1,1,08ec7ceefd5edddc416430cf958972d88028591172aa30858db77bb3b3d6f815,ac9e56be9674b2959aee8a068a31aafed2b056ef958164a35928f0eb9c7493f3,f0e1f6e82903f8c98fe871ea9b05e156da4305fdff95aa37c325c0289bf10f6f,c76dd6f3c17103439dfb85094b25f725c8a46fabf6288b0b9e6743774739eb3e,PASS,"All four interleaver configurations share payload, noise, burst start and frame sequence."
CC,CC_EsN0_4.5_burst_0.02_MIDDLE,4.5,0.02,MIDDLE,4,1,1,1,1,817ae2ab0035e727fb8c6d39ff895e41695aed7967e95d6f3e6d0c3e97c7b1f0,cb0edaa87ee28eca74167cb313eae4f3f886f2fa7b7ffecb681e13dae4a7ccb4,5f4de022186c493a80a7a5f6b96bc55c0cb7d66d4e255e8f37a6d090d0f67165,38280833a19df5e851919c053a12744562ebd57d295d051492ed00a822e7bc10,PASS,"All four interleaver configurations share payload, noise, burst start and frame sequence."
CC,CC_EsN0_4.5_burst_0.02_QUARTER,4.5,0.02,QUARTER,4,1,1,1,1,08ec7ceefd5edddc416430cf958972d88028591172aa30858db77bb3b3d6f815,ac9e56be9674b2959aee8a068a31aafed2b056ef958164a35928f0eb9c7493f3,39c5d52c01ce879d96dd95c00c6a468a870b6ee6a31fc4ee755083ab940c1116,c76dd6f3c17103439dfb85094b25f725c8a46fabf6288b0b9e6743774739eb3e,PASS,"All four interleaver configurations share payload, noise, burst start and frame sequence."
CC,CC_EsN0_4.5_burst_0.02_RANDOM,4.5,0.02,RANDOM,4,1,1,1,1,08ec7ceefd5edddc416430cf958972d88028591172aa30858db77bb3b3d6f815,ac9e56be9674b2959aee8a068a31aafed2b056ef958164a35928f0eb9c7493f3,59a1e8e474dec5aa9d6c073e7ca26c5fd545f0b7df504079e994ea96d033c6f7,c76dd6f3c17103439dfb85094b25f725c8a46fabf6288b0b9e6743774739eb3e,PASS,"All four interleaver configurations share payload, noise, burst start and frame sequence."
CC,CC_EsN0_4.5_burst_0.02_TAIL,4.5,0.02,TAIL,4,1,1,1,1,08ec7ceefd5edddc416430cf958972d88028591172aa30858db77bb3b3d6f815,ac9e56be9674b2959aee8a068a31aafed2b056ef958164a35928f0eb9c7493f3,8fff70873a2d2a064d7f2e4f043881e68eddb9164a145d994af6fed687848704,c76dd6f3c17103439dfb85094b25f725c8a46fabf6288b0b9e6743774739eb3e,PASS,"All four interleaver configurations share payload, noise, burst start and frame sequence."
CC,CC_EsN0_4.5_burst_0.02_THREE_QUARTER,4.5,0.02,THREE_QUARTER,4,1,1,1,1,f185676c0ae5f1ab8d7ffe46d8e7d8b26ff1a31b162ff0ed1651257e6f9ed3f5,c21ae67fbe225cb98f6fa54210d866d1930d99591412bd9e88cb7b9a983af127,b17c7351047ac64ec1769feccd6860b31c2c6b9738a2d6adb9706efc89eb3a5f,cbf194e72b1114d5422f776d3823fc70441b1b394ec76afba8c245193815e339,PASS,"All four interleaver configurations share payload, noise, burst start and frame sequence."
CC,CC_EsN0_4.5_burst_0.050000000000000003_HEAD,4.5,0.050000000000000003,HEAD,4,1,1,1,1,08ec7ceefd5edddc416430cf958972d88028591172aa30858db77bb3b3d6f815,ac9e56be9674b2959aee8a068a31aafed2b056ef958164a35928f0eb9c7493f3,0c79440d07fc8b2fd679a1ecfd881260c38df03f251058f993ce83c1ce71f8ce,c76dd6f3c17103439dfb85094b25f725c8a46fabf6288b0b9e6743774739eb3e,PASS,"All four interleaver configurations share payload, noise, burst start and frame sequence."
CC,CC_EsN0_4.5_burst_0.050000000000000003_MIDDLE,4.5,0.050000000000000003,MIDDLE,4,1,1,1,1,08ec7ceefd5edddc416430cf958972d88028591172aa30858db77bb3b3d6f815,ac9e56be9674b2959aee8a068a31aafed2b056ef958164a35928f0eb9c7493f3,49a58081ad494916be7ef69554edef45c18cbfdb24dd9ac822d637b8db7eb80d,c76dd6f3c17103439dfb85094b25f725c8a46fabf6288b0b9e6743774739eb3e,PASS,"All four interleaver configurations share payload, noise, burst start and frame sequence."
CC,CC_EsN0_4.5_burst_0.050000000000000003_QUARTER,4.5,0.050000000000000003,QUARTER,4,1,1,1,1,08ec7ceefd5edddc416430cf958972d88028591172aa30858db77bb3b3d6f815,ac9e56be9674b2959aee8a068a31aafed2b056ef958164a35928f0eb9c7493f3,aebe1c0b6608f12e5613f803f00db1badce4159b9922e2d0746b5cce49e64597,c76dd6f3c17103439dfb85094b25f725c8a46fabf6288b0b9e6743774739eb3e,PASS,"All four interleaver configurations share payload, noise, burst start and frame sequence."
CC,CC_EsN0_4.5_burst_0.050000000000000003_RANDOM,4.5,0.050000000000000003,RANDOM,4,1,1,1,1,08ec7ceefd5edddc416430cf958972d88028591172aa30858db77bb3b3d6f815,ac9e56be9674b2959aee8a068a31aafed2b056ef958164a35928f0eb9c7493f3,727479f3d7b6f321e63f35d9939f564cdefdb0fd4bee2e91c43d7f9b983ab975,c76dd6f3c17103439dfb85094b25f725c8a46fabf6288b0b9e6743774739eb3e,PASS,"All four interleaver configurations share payload, noise, burst start and frame sequence."
CC,CC_EsN0_4.5_burst_0.050000000000000003_TAIL,4.5,0.050000000000000003,TAIL,4,1,1,1,1,08ec7ceefd5edddc416430cf958972d88028591172aa30858db77bb3b3d6f815,ac9e56be9674b2959aee8a068a31aafed2b056ef958164a35928f0eb9c7493f3,f6b13592c6a1c708cbcaa3e6b35f881242d9c91aa48740beb7dfda742a3a8694,c76dd6f3c17103439dfb85094b25f725c8a46fabf6288b0b9e6743774739eb3e,PASS,"All four interleaver configurations share payload, noise, burst start and frame sequence."
CC,CC_EsN0_4.5_burst_0.050000000000000003_THREE_QUARTER,4.5,0.050000000000000003,THREE_QUARTER,4,1,1,1,1,08ec7ceefd5edddc416430cf958972d88028591172aa30858db77bb3b3d6f815,ac9e56be9674b2959aee8a068a31aafed2b056ef958164a35928f0eb9c7493f3,c4201a36e8389236a84998ac9b61c840bf3be5218969bd4811ccd9338a0a1ab0,c76dd6f3c17103439dfb85094b25f725c8a46fabf6288b0b9e6743774739eb3e,PASS,"All four interleaver configurations share payload, noise, burst start and frame sequence."
CC,CC_EsN0_4.5_burst_0.10000000000000001_HEAD,4.5,0.10000000000000001,HEAD,4,1,1,1,1,08ec7ceefd5edddc416430cf958972d88028591172aa30858db77bb3b3d6f815,ac9e56be9674b2959aee8a068a31aafed2b056ef958164a35928f0eb9c7493f3,c324396b615ecfff2e457f0ff1d8cbe81838840aec7bceb6d6ef9d0937617711,c76dd6f3c17103439dfb85094b25f725c8a46fabf6288b0b9e6743774739eb3e,PASS,"All four interleaver configurations share payload, noise, burst start and frame sequence."
CC,CC_EsN0_4.5_burst_0.10000000000000001_MIDDLE,4.5,0.10000000000000001,MIDDLE,4,1,1,1,1,08ec7ceefd5edddc416430cf958972d88028591172aa30858db77bb3b3d6f815,ac9e56be9674b2959aee8a068a31aafed2b056ef958164a35928f0eb9c7493f3,99a092448ed42180903cfc0220fce3a5544b874f4535661c1643e4a33e150508,c76dd6f3c17103439dfb85094b25f725c8a46fabf6288b0b9e6743774739eb3e,PASS,"All four interleaver configurations share payload, noise, burst start and frame sequence."
CC,CC_EsN0_4.5_burst_0.10000000000000001_QUARTER,4.5,0.10000000000000001,QUARTER,4,1,1,1,1,08ec7ceefd5edddc416430cf958972d88028591172aa30858db77bb3b3d6f815,ac9e56be9674b2959aee8a068a31aafed2b056ef958164a35928f0eb9c7493f3,65d43aedfc85d2cf50c59c439fdb0efc99d854b31ae23068cee46aefb81ece9d,c76dd6f3c17103439dfb85094b25f725c8a46fabf6288b0b9e6743774739eb3e,PASS,"All four interleaver configurations share payload, noise, burst start and frame sequence."
CC,CC_EsN0_4.5_burst_0.10000000000000001_RANDOM,4.5,0.10000000000000001,RANDOM,4,1,1,1,1,08ec7ceefd5edddc416430cf958972d88028591172aa30858db77bb3b3d6f815,ac9e56be9674b2959aee8a068a31aafed2b056ef958164a35928f0eb9c7493f3,d73998b1e17cbbc6cb4b13860640c89919d1ca3feea4c264741944225b960092,c76dd6f3c17103439dfb85094b25f725c8a46fabf6288b0b9e6743774739eb3e,PASS,"All four interleaver configurations share payload, noise, burst start and frame sequence."
CC,CC_EsN0_4.5_burst_0.10000000000000001_TAIL,4.5,0.10000000000000001,TAIL,4,1,1,1,1,08ec7ceefd5edddc416430cf958972d88028591172aa30858db77bb3b3d6f815,ac9e56be9674b2959aee8a068a31aafed2b056ef958164a35928f0eb9c7493f3,f6879b518bb5067dfc3a078c5c5b096acd5dc9a4e6cf25195584fce2bbdfcff5,c76dd6f3c17103439dfb85094b25f725c8a46fabf6288b0b9e6743774739eb3e,PASS,"All four interleaver configurations share payload, noise, burst start and frame sequence."
CC,CC_EsN0_4.5_burst_0.10000000000000001_THREE_QUARTER,4.5,0.10000000000000001,THREE_QUARTER,4,1,1,1,1,08ec7ceefd5edddc416430cf958972d88028591172aa30858db77bb3b3d6f815,ac9e56be9674b2959aee8a068a31aafed2b056ef958164a35928f0eb9c7493f3,925b598b952c39eaa6eabacd7e8f9c0ca105363bdf5b8b2b6ae659433b9e383b,c76dd6f3c17103439dfb85094b25f725c8a46fabf6288b0b9e6743774739eb3e,PASS,"All four interleaver configurations share payload, noise, burst start and frame sequence."
CC,CC_EsN0_5_burst_0.02_HEAD,5,0.02,HEAD,4,1,1,1,1,08ec7ceefd5edddc416430cf958972d88028591172aa30858db77bb3b3d6f815,ac9e56be9674b2959aee8a068a31aafed2b056ef958164a35928f0eb9c7493f3,f0e1f6e82903f8c98fe871ea9b05e156da4305fdff95aa37c325c0289bf10f6f,c76dd6f3c17103439dfb85094b25f725c8a46fabf6288b0b9e6743774739eb3e,PASS,"All four interleaver configurations share payload, noise, burst start and frame sequence."
CC,CC_EsN0_5_burst_0.02_MIDDLE,5,0.02,MIDDLE,4,1,1,1,1,e746e25232b5497cfded1c3e90048f041b59eac37c1ed0153184026e5c0bac6c,fc3d998ade37cda348a3132c05c5367c1658f87572f6ed69ad37fd7317156a01,9143c8d4f44bea6a7586969ad85108a00df6f9cbad8c23e4775a7f47cd81b4a8,7e31dedbba1ae044546d66b9055921bbd66dbedfc2e1e5f4853dd678a9546199,PASS,"All four interleaver configurations share payload, noise, burst start and frame sequence."
CC,CC_EsN0_5_burst_0.02_QUARTER,5,0.02,QUARTER,4,1,1,1,1,08ec7ceefd5edddc416430cf958972d88028591172aa30858db77bb3b3d6f815,ac9e56be9674b2959aee8a068a31aafed2b056ef958164a35928f0eb9c7493f3,39c5d52c01ce879d96dd95c00c6a468a870b6ee6a31fc4ee755083ab940c1116,c76dd6f3c17103439dfb85094b25f725c8a46fabf6288b0b9e6743774739eb3e,PASS,"All four interleaver configurations share payload, noise, burst start and frame sequence."
CC,CC_EsN0_5_burst_0.02_RANDOM,5,0.02,RANDOM,4,1,1,1,1,08ec7ceefd5edddc416430cf958972d88028591172aa30858db77bb3b3d6f815,ac9e56be9674b2959aee8a068a31aafed2b056ef958164a35928f0eb9c7493f3,59a1e8e474dec5aa9d6c073e7ca26c5fd545f0b7df504079e994ea96d033c6f7,c76dd6f3c17103439dfb85094b25f725c8a46fabf6288b0b9e6743774739eb3e,PASS,"All four interleaver configurations share payload, noise, burst start and frame sequence."
CC,CC_EsN0_5_burst_0.02_TAIL,5,0.02,TAIL,4,1,1,1,1,08ec7ceefd5edddc416430cf958972d88028591172aa30858db77bb3b3d6f815,ac9e56be9674b2959aee8a068a31aafed2b056ef958164a35928f0eb9c7493f3,8fff70873a2d2a064d7f2e4f043881e68eddb9164a145d994af6fed687848704,c76dd6f3c17103439dfb85094b25f725c8a46fabf6288b0b9e6743774739eb3e,PASS,"All four interleaver configurations share payload, noise, burst start and frame sequence."
CC,CC_EsN0_5_burst_0.02_THREE_QUARTER,5,0.02,THREE_QUARTER,4,1,1,1,1,e8ea9f6e44451fadd6cdd61a0903d43bcac54a110404fb6f026f3f01018a3e9f,25c627e3528da82f763790770ce612f0508482c2f50021e2acfebfb1dd68e385,b65d783cd0ba640049cd7d145935b60d112913fa3b00907fb81c963e13f9c263,1f87051610da502cded73f197418bc7a88498ae86665f08d596c36367521765c,PASS,"All four interleaver configurations share payload, noise, burst start and frame sequence."
CC,CC_EsN0_5_burst_0.050000000000000003_HEAD,5,0.050000000000000003,HEAD,4,1,1,1,1,08ec7ceefd5edddc416430cf958972d88028591172aa30858db77bb3b3d6f815,ac9e56be9674b2959aee8a068a31aafed2b056ef958164a35928f0eb9c7493f3,0c79440d07fc8b2fd679a1ecfd881260c38df03f251058f993ce83c1ce71f8ce,c76dd6f3c17103439dfb85094b25f725c8a46fabf6288b0b9e6743774739eb3e,PASS,"All four interleaver configurations share payload, noise, burst start and frame sequence."
CC,CC_EsN0_5_burst_0.050000000000000003_MIDDLE,5,0.050000000000000003,MIDDLE,4,1,1,1,1,08ec7ceefd5edddc416430cf958972d88028591172aa30858db77bb3b3d6f815,ac9e56be9674b2959aee8a068a31aafed2b056ef958164a35928f0eb9c7493f3,49a58081ad494916be7ef69554edef45c18cbfdb24dd9ac822d637b8db7eb80d,c76dd6f3c17103439dfb85094b25f725c8a46fabf6288b0b9e6743774739eb3e,PASS,"All four interleaver configurations share payload, noise, burst start and frame sequence."
CC,CC_EsN0_5_burst_0.050000000000000003_QUARTER,5,0.050000000000000003,QUARTER,4,1,1,1,1,08ec7ceefd5edddc416430cf958972d88028591172aa30858db77bb3b3d6f815,ac9e56be9674b2959aee8a068a31aafed2b056ef958164a35928f0eb9c7493f3,aebe1c0b6608f12e5613f803f00db1badce4159b9922e2d0746b5cce49e64597,c76dd6f3c17103439dfb85094b25f725c8a46fabf6288b0b9e6743774739eb3e,PASS,"All four interleaver configurations share payload, noise, burst start and frame sequence."
CC,CC_EsN0_5_burst_0.050000000000000003_RANDOM,5,0.050000000000000003,RANDOM,4,1,1,1,1,08ec7ceefd5edddc416430cf958972d88028591172aa30858db77bb3b3d6f815,ac9e56be9674b2959aee8a068a31aafed2b056ef958164a35928f0eb9c7493f3,727479f3d7b6f321e63f35d9939f564cdefdb0fd4bee2e91c43d7f9b983ab975,c76dd6f3c17103439dfb85094b25f725c8a46fabf6288b0b9e6743774739eb3e,PASS,"All four interleaver configurations share payload, noise, burst start and frame sequence."
CC,CC_EsN0_5_burst_0.050000000000000003_TAIL,5,0.050000000000000003,TAIL,4,1,1,1,1,08ec7ceefd5edddc416430cf958972d88028591172aa30858db77bb3b3d6f815,ac9e56be9674b2959aee8a068a31aafed2b056ef958164a35928f0eb9c7493f3,f6b13592c6a1c708cbcaa3e6b35f881242d9c91aa48740beb7dfda742a3a8694,c76dd6f3c17103439dfb85094b25f725c8a46fabf6288b0b9e6743774739eb3e,PASS,"All four interleaver configurations share payload, noise, burst start and frame sequence."
CC,CC_EsN0_5_burst_0.050000000000000003_THREE_QUARTER,5,0.050000000000000003,THREE_QUARTER,4,1,1,1,1,08ec7ceefd5edddc416430cf958972d88028591172aa30858db77bb3b3d6f815,ac9e56be9674b2959aee8a068a31aafed2b056ef958164a35928f0eb9c7493f3,c4201a36e8389236a84998ac9b61c840bf3be5218969bd4811ccd9338a0a1ab0,c76dd6f3c17103439dfb85094b25f725c8a46fabf6288b0b9e6743774739eb3e,PASS,"All four interleaver configurations share payload, noise, burst start and frame sequence."
CC,CC_EsN0_5_burst_0.10000000000000001_HEAD,5,0.10000000000000001,HEAD,4,1,1,1,1,08ec7ceefd5edddc416430cf958972d88028591172aa30858db77bb3b3d6f815,ac9e56be9674b2959aee8a068a31aafed2b056ef958164a35928f0eb9c7493f3,c324396b615ecfff2e457f0ff1d8cbe81838840aec7bceb6d6ef9d0937617711,c76dd6f3c17103439dfb85094b25f725c8a46fabf6288b0b9e6743774739eb3e,PASS,"All four interleaver configurations share payload, noise, burst start and frame sequence."
CC,CC_EsN0_5_burst_0.10000000000000001_MIDDLE,5,0.10000000000000001,MIDDLE,4,1,1,1,1,08ec7ceefd5edddc416430cf958972d88028591172aa30858db77bb3b3d6f815,ac9e56be9674b2959aee8a068a31aafed2b056ef958164a35928f0eb9c7493f3,99a092448ed42180903cfc0220fce3a5544b874f4535661c1643e4a33e150508,c76dd6f3c17103439dfb85094b25f725c8a46fabf6288b0b9e6743774739eb3e,PASS,"All four interleaver configurations share payload, noise, burst start and frame sequence."
CC,CC_EsN0_5_burst_0.10000000000000001_QUARTER,5,0.10000000000000001,QUARTER,4,1,1,1,1,08ec7ceefd5edddc416430cf958972d88028591172aa30858db77bb3b3d6f815,ac9e56be9674b2959aee8a068a31aafed2b056ef958164a35928f0eb9c7493f3,65d43aedfc85d2cf50c59c439fdb0efc99d854b31ae23068cee46aefb81ece9d,c76dd6f3c17103439dfb85094b25f725c8a46fabf6288b0b9e6743774739eb3e,PASS,"All four interleaver configurations share payload, noise, burst start and frame sequence."
CC,CC_EsN0_5_burst_0.10000000000000001_RANDOM,5,0.10000000000000001,RANDOM,4,1,1,1,1,08ec7ceefd5edddc416430cf958972d88028591172aa30858db77bb3b3d6f815,ac9e56be9674b2959aee8a068a31aafed2b056ef958164a35928f0eb9c7493f3,d73998b1e17cbbc6cb4b13860640c89919d1ca3feea4c264741944225b960092,c76dd6f3c17103439dfb85094b25f725c8a46fabf6288b0b9e6743774739eb3e,PASS,"All four interleaver configurations share payload, noise, burst start and frame sequence."
CC,CC_EsN0_5_burst_0.10000000000000001_TAIL,5,0.10000000000000001,TAIL,4,1,1,1,1,08ec7ceefd5edddc416430cf958972d88028591172aa30858db77bb3b3d6f815,ac9e56be9674b2959aee8a068a31aafed2b056ef958164a35928f0eb9c7493f3,f6879b518bb5067dfc3a078c5c5b096acd5dc9a4e6cf25195584fce2bbdfcff5,c76dd6f3c17103439dfb85094b25f725c8a46fabf6288b0b9e6743774739eb3e,PASS,"All four interleaver configurations share payload, noise, burst start and frame sequence."
CC,CC_EsN0_5_burst_0.10000000000000001_THREE_QUARTER,5,0.10000000000000001,THREE_QUARTER,4,1,1,1,1,08ec7ceefd5edddc416430cf958972d88028591172aa30858db77bb3b3d6f815,ac9e56be9674b2959aee8a068a31aafed2b056ef958164a35928f0eb9c7493f3,925b598b952c39eaa6eabacd7e8f9c0ca105363bdf5b8b2b6ae659433b9e383b,c76dd6f3c17103439dfb85094b25f725c8a46fabf6288b0b9e6743774739eb3e,PASS,"All four interleaver configurations share payload, noise, burst start and frame sequence."
CC,CC_EsN0_5.5_burst_0.02_HEAD,5.5,0.02,HEAD,4,1,1,1,1,08ec7ceefd5edddc416430cf958972d88028591172aa30858db77bb3b3d6f815,ac9e56be9674b2959aee8a068a31aafed2b056ef958164a35928f0eb9c7493f3,f0e1f6e82903f8c98fe871ea9b05e156da4305fdff95aa37c325c0289bf10f6f,c76dd6f3c17103439dfb85094b25f725c8a46fabf6288b0b9e6743774739eb3e,PASS,"All four interleaver configurations share payload, noise, burst start and frame sequence."
CC,CC_EsN0_5.5_burst_0.02_MIDDLE,5.5,0.02,MIDDLE,4,1,1,1,1,e3bb48807efd7cda65561d465e8595eae335dbf645bf62d3db7f91538da8d16c,aecf2ffa9233b8922570fdf33ff9c6421be7bf242321ac0a8f4247f23cc018dc,93181eba39daab6c869ba5a81696f095e9a2534606e522791a0d6b369125a898,28f488751289c57a5a0faafc35abae61d370b7e6838874075968d061433e6673,PASS,"All four interleaver configurations share payload, noise, burst start and frame sequence."
CC,CC_EsN0_5.5_burst_0.02_QUARTER,5.5,0.02,QUARTER,4,1,1,1,1,08ec7ceefd5edddc416430cf958972d88028591172aa30858db77bb3b3d6f815,ac9e56be9674b2959aee8a068a31aafed2b056ef958164a35928f0eb9c7493f3,39c5d52c01ce879d96dd95c00c6a468a870b6ee6a31fc4ee755083ab940c1116,c76dd6f3c17103439dfb85094b25f725c8a46fabf6288b0b9e6743774739eb3e,PASS,"All four interleaver configurations share payload, noise, burst start and frame sequence."
CC,CC_EsN0_5.5_burst_0.02_RANDOM,5.5,0.02,RANDOM,4,1,1,1,1,08ec7ceefd5edddc416430cf958972d88028591172aa30858db77bb3b3d6f815,ac9e56be9674b2959aee8a068a31aafed2b056ef958164a35928f0eb9c7493f3,59a1e8e474dec5aa9d6c073e7ca26c5fd545f0b7df504079e994ea96d033c6f7,c76dd6f3c17103439dfb85094b25f725c8a46fabf6288b0b9e6743774739eb3e,PASS,"All four interleaver configurations share payload, noise, burst start and frame sequence."
CC,CC_EsN0_5.5_burst_0.02_TAIL,5.5,0.02,TAIL,4,1,1,1,1,08ec7ceefd5edddc416430cf958972d88028591172aa30858db77bb3b3d6f815,ac9e56be9674b2959aee8a068a31aafed2b056ef958164a35928f0eb9c7493f3,8fff70873a2d2a064d7f2e4f043881e68eddb9164a145d994af6fed687848704,c76dd6f3c17103439dfb85094b25f725c8a46fabf6288b0b9e6743774739eb3e,PASS,"All four interleaver configurations share payload, noise, burst start and frame sequence."
CC,CC_EsN0_5.5_burst_0.02_THREE_QUARTER,5.5,0.02,THREE_QUARTER,4,1,1,1,1,435203e0c2396919f2265257a485bcae6cba6f9d25078b91592417b2842d5253,7f6f86d6034116d92fce1942f0abcc74c782ea75b3be2823b61ec0b414c77772,549f797c00ef9b27fbe326f6183fc2a1055ac8e818edc4dd35a9b7dea32ed23c,09c1c3aaa2e6b41f59521ee04b7f1d2e7a995c6e203d5d1071e3aa6d87d17475,PASS,"All four interleaver configurations share payload, noise, burst start and frame sequence."
CC,CC_EsN0_5.5_burst_0.050000000000000003_HEAD,5.5,0.050000000000000003,HEAD,4,1,1,1,1,08ec7ceefd5edddc416430cf958972d88028591172aa30858db77bb3b3d6f815,ac9e56be9674b2959aee8a068a31aafed2b056ef958164a35928f0eb9c7493f3,0c79440d07fc8b2fd679a1ecfd881260c38df03f251058f993ce83c1ce71f8ce,c76dd6f3c17103439dfb85094b25f725c8a46fabf6288b0b9e6743774739eb3e,PASS,"All four interleaver configurations share payload, noise, burst start and frame sequence."
CC,CC_EsN0_5.5_burst_0.050000000000000003_MIDDLE,5.5,0.050000000000000003,MIDDLE,4,1,1,1,1,08ec7ceefd5edddc416430cf958972d88028591172aa30858db77bb3b3d6f815,ac9e56be9674b2959aee8a068a31aafed2b056ef958164a35928f0eb9c7493f3,49a58081ad494916be7ef69554edef45c18cbfdb24dd9ac822d637b8db7eb80d,c76dd6f3c17103439dfb85094b25f725c8a46fabf6288b0b9e6743774739eb3e,PASS,"All four interleaver configurations share payload, noise, burst start and frame sequence."
CC,CC_EsN0_5.5_burst_0.050000000000000003_QUARTER,5.5,0.050000000000000003,QUARTER,4,1,1,1,1,08ec7ceefd5edddc416430cf958972d88028591172aa30858db77bb3b3d6f815,ac9e56be9674b2959aee8a068a31aafed2b056ef958164a35928f0eb9c7493f3,aebe1c0b6608f12e5613f803f00db1badce4159b9922e2d0746b5cce49e64597,c76dd6f3c17103439dfb85094b25f725c8a46fabf6288b0b9e6743774739eb3e,PASS,"All four interleaver configurations share payload, noise, burst start and frame sequence."
CC,CC_EsN0_5.5_burst_0.050000000000000003_RANDOM,5.5,0.050000000000000003,RANDOM,4,1,1,1,1,08ec7ceefd5edddc416430cf958972d88028591172aa30858db77bb3b3d6f815,ac9e56be9674b2959aee8a068a31aafed2b056ef958164a35928f0eb9c7493f3,727479f3d7b6f321e63f35d9939f564cdefdb0fd4bee2e91c43d7f9b983ab975,c76dd6f3c17103439dfb85094b25f725c8a46fabf6288b0b9e6743774739eb3e,PASS,"All four interleaver configurations share payload, noise, burst start and frame sequence."
CC,CC_EsN0_5.5_burst_0.050000000000000003_TAIL,5.5,0.050000000000000003,TAIL,4,1,1,1,1,08ec7ceefd5edddc416430cf958972d88028591172aa30858db77bb3b3d6f815,ac9e56be9674b2959aee8a068a31aafed2b056ef958164a35928f0eb9c7493f3,f6b13592c6a1c708cbcaa3e6b35f881242d9c91aa48740beb7dfda742a3a8694,c76dd6f3c17103439dfb85094b25f725c8a46fabf6288b0b9e6743774739eb3e,PASS,"All four interleaver configurations share payload, noise, burst start and frame sequence."
CC,CC_EsN0_5.5_burst_0.050000000000000003_THREE_QUARTER,5.5,0.050000000000000003,THREE_QUARTER,4,1,1,1,1,08ec7ceefd5edddc416430cf958972d88028591172aa30858db77bb3b3d6f815,ac9e56be9674b2959aee8a068a31aafed2b056ef958164a35928f0eb9c7493f3,c4201a36e8389236a84998ac9b61c840bf3be5218969bd4811ccd9338a0a1ab0,c76dd6f3c17103439dfb85094b25f725c8a46fabf6288b0b9e6743774739eb3e,PASS,"All four interleaver configurations share payload, noise, burst start and frame sequence."
CC,CC_EsN0_5.5_burst_0.10000000000000001_HEAD,5.5,0.10000000000000001,HEAD,4,1,1,1,1,08ec7ceefd5edddc416430cf958972d88028591172aa30858db77bb3b3d6f815,ac9e56be9674b2959aee8a068a31aafed2b056ef958164a35928f0eb9c7493f3,c324396b615ecfff2e457f0ff1d8cbe81838840aec7bceb6d6ef9d0937617711,c76dd6f3c17103439dfb85094b25f725c8a46fabf6288b0b9e6743774739eb3e,PASS,"All four interleaver configurations share payload, noise, burst start and frame sequence."
CC,CC_EsN0_5.5_burst_0.10000000000000001_MIDDLE,5.5,0.10000000000000001,MIDDLE,4,1,1,1,1,08ec7ceefd5edddc416430cf958972d88028591172aa30858db77bb3b3d6f815,ac9e56be9674b2959aee8a068a31aafed2b056ef958164a35928f0eb9c7493f3,99a092448ed42180903cfc0220fce3a5544b874f4535661c1643e4a33e150508,c76dd6f3c17103439dfb85094b25f725c8a46fabf6288b0b9e6743774739eb3e,PASS,"All four interleaver configurations share payload, noise, burst start and frame sequence."
CC,CC_EsN0_5.5_burst_0.10000000000000001_QUARTER,5.5,0.10000000000000001,QUARTER,4,1,1,1,1,08ec7ceefd5edddc416430cf958972d88028591172aa30858db77bb3b3d6f815,ac9e56be9674b2959aee8a068a31aafed2b056ef958164a35928f0eb9c7493f3,65d43aedfc85d2cf50c59c439fdb0efc99d854b31ae23068cee46aefb81ece9d,c76dd6f3c17103439dfb85094b25f725c8a46fabf6288b0b9e6743774739eb3e,PASS,"All four interleaver configurations share payload, noise, burst start and frame sequence."
CC,CC_EsN0_5.5_burst_0.10000000000000001_RANDOM,5.5,0.10000000000000001,RANDOM,4,1,1,1,1,08ec7ceefd5edddc416430cf958972d88028591172aa30858db77bb3b3d6f815,ac9e56be9674b2959aee8a068a31aafed2b056ef958164a35928f0eb9c7493f3,d73998b1e17cbbc6cb4b13860640c89919d1ca3feea4c264741944225b960092,c76dd6f3c17103439dfb85094b25f725c8a46fabf6288b0b9e6743774739eb3e,PASS,"All four interleaver configurations share payload, noise, burst start and frame sequence."
CC,CC_EsN0_5.5_burst_0.10000000000000001_TAIL,5.5,0.10000000000000001,TAIL,4,1,1,1,1,08ec7ceefd5edddc416430cf958972d88028591172aa30858db77bb3b3d6f815,ac9e56be9674b2959aee8a068a31aafed2b056ef958164a35928f0eb9c7493f3,f6879b518bb5067dfc3a078c5c5b096acd5dc9a4e6cf25195584fce2bbdfcff5,c76dd6f3c17103439dfb85094b25f725c8a46fabf6288b0b9e6743774739eb3e,PASS,"All four interleaver configurations share payload, noise, burst start and frame sequence."
CC,CC_EsN0_5.5_burst_0.10000000000000001_THREE_QUARTER,5.5,0.10000000000000001,THREE_QUARTER,4,1,1,1,1,08ec7ceefd5edddc416430cf958972d88028591172aa30858db77bb3b3d6f815,ac9e56be9674b2959aee8a068a31aafed2b056ef958164a35928f0eb9c7493f3,925b598b952c39eaa6eabacd7e8f9c0ca105363bdf5b8b2b6ae659433b9e383b,c76dd6f3c17103439dfb85094b25f725c8a46fabf6288b0b9e6743774739eb3e,PASS,"All four interleaver configurations share payload, noise, burst start and frame sequence."
CC,CC_EsN0_6_burst_0.02_HEAD,6,0.02,HEAD,4,1,1,1,1,08ec7ceefd5edddc416430cf958972d88028591172aa30858db77bb3b3d6f815,ac9e56be9674b2959aee8a068a31aafed2b056ef958164a35928f0eb9c7493f3,f0e1f6e82903f8c98fe871ea9b05e156da4305fdff95aa37c325c0289bf10f6f,c76dd6f3c17103439dfb85094b25f725c8a46fabf6288b0b9e6743774739eb3e,PASS,"All four interleaver configurations share payload, noise, burst start and frame sequence."
CC,CC_EsN0_6_burst_0.02_MIDDLE,6,0.02,MIDDLE,4,1,1,1,1,12612e92276e916f2ff8a34e0b0fa851bbf08500a6f63c2d639859a3d531ee1c,0759cfe5439bb849a64ac780267823cf7db0ca2f22c6010a6a7dbcd3307ab96b,6a5c3c01b2ae4a3c1e049e520e5d479d9c79f1bde2eaa0f574775625c91abcc2,dea228ce11fc6f8d8a563669fa4b4cddfdd10e9fb473287219088b8e2aece460,PASS,"All four interleaver configurations share payload, noise, burst start and frame sequence."
CC,CC_EsN0_6_burst_0.02_QUARTER,6,0.02,QUARTER,4,1,1,1,1,08ec7ceefd5edddc416430cf958972d88028591172aa30858db77bb3b3d6f815,ac9e56be9674b2959aee8a068a31aafed2b056ef958164a35928f0eb9c7493f3,39c5d52c01ce879d96dd95c00c6a468a870b6ee6a31fc4ee755083ab940c1116,c76dd6f3c17103439dfb85094b25f725c8a46fabf6288b0b9e6743774739eb3e,PASS,"All four interleaver configurations share payload, noise, burst start and frame sequence."
CC,CC_EsN0_6_burst_0.02_RANDOM,6,0.02,RANDOM,4,1,1,1,1,08ec7ceefd5edddc416430cf958972d88028591172aa30858db77bb3b3d6f815,ac9e56be9674b2959aee8a068a31aafed2b056ef958164a35928f0eb9c7493f3,59a1e8e474dec5aa9d6c073e7ca26c5fd545f0b7df504079e994ea96d033c6f7,c76dd6f3c17103439dfb85094b25f725c8a46fabf6288b0b9e6743774739eb3e,PASS,"All four interleaver configurations share payload, noise, burst start and frame sequence."
CC,CC_EsN0_6_burst_0.02_TAIL,6,0.02,TAIL,4,1,1,1,1,08ec7ceefd5edddc416430cf958972d88028591172aa30858db77bb3b3d6f815,ac9e56be9674b2959aee8a068a31aafed2b056ef958164a35928f0eb9c7493f3,8fff70873a2d2a064d7f2e4f043881e68eddb9164a145d994af6fed687848704,c76dd6f3c17103439dfb85094b25f725c8a46fabf6288b0b9e6743774739eb3e,PASS,"All four interleaver configurations share payload, noise, burst start and frame sequence."
CC,CC_EsN0_6_burst_0.02_THREE_QUARTER,6,0.02,THREE_QUARTER,4,1,1,1,1,b509f998dbbbdb5eb20be2abcd2a829911da75fcf4782a3025f25e574cc70d06,b2397b33519fab8deb4a09f6111d76107233913b4f9d02a8493e6532c7a81283,a3637b3ba079fb19c662a9227cc96849cb980d43c413ebafd1a69938901a53cb,2be31955c62598d1007f2255d1f417ba6f4bae6284e54c6e369e97b5237d4501,PASS,"All four interleaver configurations share payload, noise, burst start and frame sequence."
CC,CC_EsN0_6_burst_0.050000000000000003_HEAD,6,0.050000000000000003,HEAD,4,1,1,1,1,08ec7ceefd5edddc416430cf958972d88028591172aa30858db77bb3b3d6f815,ac9e56be9674b2959aee8a068a31aafed2b056ef958164a35928f0eb9c7493f3,0c79440d07fc8b2fd679a1ecfd881260c38df03f251058f993ce83c1ce71f8ce,c76dd6f3c17103439dfb85094b25f725c8a46fabf6288b0b9e6743774739eb3e,PASS,"All four interleaver configurations share payload, noise, burst start and frame sequence."
CC,CC_EsN0_6_burst_0.050000000000000003_MIDDLE,6,0.050000000000000003,MIDDLE,4,1,1,1,1,08ec7ceefd5edddc416430cf958972d88028591172aa30858db77bb3b3d6f815,ac9e56be9674b2959aee8a068a31aafed2b056ef958164a35928f0eb9c7493f3,49a58081ad494916be7ef69554edef45c18cbfdb24dd9ac822d637b8db7eb80d,c76dd6f3c17103439dfb85094b25f725c8a46fabf6288b0b9e6743774739eb3e,PASS,"All four interleaver configurations share payload, noise, burst start and frame sequence."
CC,CC_EsN0_6_burst_0.050000000000000003_QUARTER,6,0.050000000000000003,QUARTER,4,1,1,1,1,08ec7ceefd5edddc416430cf958972d88028591172aa30858db77bb3b3d6f815,ac9e56be9674b2959aee8a068a31aafed2b056ef958164a35928f0eb9c7493f3,aebe1c0b6608f12e5613f803f00db1badce4159b9922e2d0746b5cce49e64597,c76dd6f3c17103439dfb85094b25f725c8a46fabf6288b0b9e6743774739eb3e,PASS,"All four interleaver configurations share payload, noise, burst start and frame sequence."
CC,CC_EsN0_6_burst_0.050000000000000003_RANDOM,6,0.050000000000000003,RANDOM,4,1,1,1,1,08ec7ceefd5edddc416430cf958972d88028591172aa30858db77bb3b3d6f815,ac9e56be9674b2959aee8a068a31aafed2b056ef958164a35928f0eb9c7493f3,727479f3d7b6f321e63f35d9939f564cdefdb0fd4bee2e91c43d7f9b983ab975,c76dd6f3c17103439dfb85094b25f725c8a46fabf6288b0b9e6743774739eb3e,PASS,"All four interleaver configurations share payload, noise, burst start and frame sequence."
CC,CC_EsN0_6_burst_0.050000000000000003_TAIL,6,0.050000000000000003,TAIL,4,1,1,1,1,08ec7ceefd5edddc416430cf958972d88028591172aa30858db77bb3b3d6f815,ac9e56be9674b2959aee8a068a31aafed2b056ef958164a35928f0eb9c7493f3,f6b13592c6a1c708cbcaa3e6b35f881242d9c91aa48740beb7dfda742a3a8694,c76dd6f3c17103439dfb85094b25f725c8a46fabf6288b0b9e6743774739eb3e,PASS,"All four interleaver configurations share payload, noise, burst start and frame sequence."
CC,CC_EsN0_6_burst_0.050000000000000003_THREE_QUARTER,6,0.050000000000000003,THREE_QUARTER,4,1,1,1,1,08ec7ceefd5edddc416430cf958972d88028591172aa30858db77bb3b3d6f815,ac9e56be9674b2959aee8a068a31aafed2b056ef958164a35928f0eb9c7493f3,c4201a36e8389236a84998ac9b61c840bf3be5218969bd4811ccd9338a0a1ab0,c76dd6f3c17103439dfb85094b25f725c8a46fabf6288b0b9e6743774739eb3e,PASS,"All four interleaver configurations share payload, noise, burst start and frame sequence."
CC,CC_EsN0_6_burst_0.10000000000000001_HEAD,6,0.10000000000000001,HEAD,4,1,1,1,1,08ec7ceefd5edddc416430cf958972d88028591172aa30858db77bb3b3d6f815,ac9e56be9674b2959aee8a068a31aafed2b056ef958164a35928f0eb9c7493f3,c324396b615ecfff2e457f0ff1d8cbe81838840aec7bceb6d6ef9d0937617711,c76dd6f3c17103439dfb85094b25f725c8a46fabf6288b0b9e6743774739eb3e,PASS,"All four interleaver configurations share payload, noise, burst start and frame sequence."
CC,CC_EsN0_6_burst_0.10000000000000001_MIDDLE,6,0.10000000000000001,MIDDLE,4,1,1,1,1,08ec7ceefd5edddc416430cf958972d88028591172aa30858db77bb3b3d6f815,ac9e56be9674b2959aee8a068a31aafed2b056ef958164a35928f0eb9c7493f3,99a092448ed42180903cfc0220fce3a5544b874f4535661c1643e4a33e150508,c76dd6f3c17103439dfb85094b25f725c8a46fabf6288b0b9e6743774739eb3e,PASS,"All four interleaver configurations share payload, noise, burst start and frame sequence."
CC,CC_EsN0_6_burst_0.10000000000000001_QUARTER,6,0.10000000000000001,QUARTER,4,1,1,1,1,08ec7ceefd5edddc416430cf958972d88028591172aa30858db77bb3b3d6f815,ac9e56be9674b2959aee8a068a31aafed2b056ef958164a35928f0eb9c7493f3,65d43aedfc85d2cf50c59c439fdb0efc99d854b31ae23068cee46aefb81ece9d,c76dd6f3c17103439dfb85094b25f725c8a46fabf6288b0b9e6743774739eb3e,PASS,"All four interleaver configurations share payload, noise, burst start and frame sequence."
CC,CC_EsN0_6_burst_0.10000000000000001_RANDOM,6,0.10000000000000001,RANDOM,4,1,1,1,1,08ec7ceefd5edddc416430cf958972d88028591172aa30858db77bb3b3d6f815,ac9e56be9674b2959aee8a068a31aafed2b056ef958164a35928f0eb9c7493f3,d73998b1e17cbbc6cb4b13860640c89919d1ca3feea4c264741944225b960092,c76dd6f3c17103439dfb85094b25f725c8a46fabf6288b0b9e6743774739eb3e,PASS,"All four interleaver configurations share payload, noise, burst start and frame sequence."
CC,CC_EsN0_6_burst_0.10000000000000001_TAIL,6,0.10000000000000001,TAIL,4,1,1,1,1,08ec7ceefd5edddc416430cf958972d88028591172aa30858db77bb3b3d6f815,ac9e56be9674b2959aee8a068a31aafed2b056ef958164a35928f0eb9c7493f3,f6879b518bb5067dfc3a078c5c5b096acd5dc9a4e6cf25195584fce2bbdfcff5,c76dd6f3c17103439dfb85094b25f725c8a46fabf6288b0b9e6743774739eb3e,PASS,"All four interleaver configurations share payload, noise, burst start and frame sequence."
CC,CC_EsN0_6_burst_0.10000000000000001_THREE_QUARTER,6,0.10000000000000001,THREE_QUARTER,4,1,1,1,1,08ec7ceefd5edddc416430cf958972d88028591172aa30858db77bb3b3d6f815,ac9e56be9674b2959aee8a068a31aafed2b056ef958164a35928f0eb9c7493f3,925b598b952c39eaa6eabacd7e8f9c0ca105363bdf5b8b2b6ae659433b9e383b,c76dd6f3c17103439dfb85094b25f725c8a46fabf6288b0b9e6743774739eb3e,PASS,"All four interleaver configurations share payload, noise, burst start and frame sequence."
CC,CC_EsN0_6.5_burst_0.02_HEAD,6.5,0.02,HEAD,4,1,1,1,1,08ec7ceefd5edddc416430cf958972d88028591172aa30858db77bb3b3d6f815,ac9e56be9674b2959aee8a068a31aafed2b056ef958164a35928f0eb9c7493f3,f0e1f6e82903f8c98fe871ea9b05e156da4305fdff95aa37c325c0289bf10f6f,c76dd6f3c17103439dfb85094b25f725c8a46fabf6288b0b9e6743774739eb3e,PASS,"All four interleaver configurations share payload, noise, burst start and frame sequence."
CC,CC_EsN0_6.5_burst_0.02_MIDDLE,6.5,0.02,MIDDLE,4,1,1,1,1,0ab768c03959ed833d642c27e0086113a41859b61bbcabb77e6e2f8247ea108f,d643fa26f0c4ae7511c4b50ad362b13b9c28d284c4abd2e56a08ec5ebde4c94c,486efaaadf3dec12cd201e7ca76294ea702282c6fc16ddbab823ac576e266669,fedac0649612943c32915ac15d867e8d7e25be20d6ad260804a0be761f8056cd,PASS,"All four interleaver configurations share payload, noise, burst start and frame sequence."
CC,CC_EsN0_6.5_burst_0.02_QUARTER,6.5,0.02,QUARTER,4,1,1,1,1,08ec7ceefd5edddc416430cf958972d88028591172aa30858db77bb3b3d6f815,ac9e56be9674b2959aee8a068a31aafed2b056ef958164a35928f0eb9c7493f3,39c5d52c01ce879d96dd95c00c6a468a870b6ee6a31fc4ee755083ab940c1116,c76dd6f3c17103439dfb85094b25f725c8a46fabf6288b0b9e6743774739eb3e,PASS,"All four interleaver configurations share payload, noise, burst start and frame sequence."
CC,CC_EsN0_6.5_burst_0.02_RANDOM,6.5,0.02,RANDOM,4,1,1,1,1,08ec7ceefd5edddc416430cf958972d88028591172aa30858db77bb3b3d6f815,ac9e56be9674b2959aee8a068a31aafed2b056ef958164a35928f0eb9c7493f3,59a1e8e474dec5aa9d6c073e7ca26c5fd545f0b7df504079e994ea96d033c6f7,c76dd6f3c17103439dfb85094b25f725c8a46fabf6288b0b9e6743774739eb3e,PASS,"All four interleaver configurations share payload, noise, burst start and frame sequence."
CC,CC_EsN0_6.5_burst_0.02_TAIL,6.5,0.02,TAIL,4,1,1,1,1,08ec7ceefd5edddc416430cf958972d88028591172aa30858db77bb3b3d6f815,ac9e56be9674b2959aee8a068a31aafed2b056ef958164a35928f0eb9c7493f3,8fff70873a2d2a064d7f2e4f043881e68eddb9164a145d994af6fed687848704,c76dd6f3c17103439dfb85094b25f725c8a46fabf6288b0b9e6743774739eb3e,PASS,"All four interleaver configurations share payload, noise, burst start and frame sequence."
CC,CC_EsN0_6.5_burst_0.02_THREE_QUARTER,6.5,0.02,THREE_QUARTER,4,1,1,1,1,9f25eff8d0e6d901c49e3c90e28903672559957ded8b30212c383bb7985f39f4,ccdba9836c339e224f0de18debda77d6aec5c0dede4cf2ee5f14178c766a1431,8eb6afbf8d40e19a3575e86497ec7cd6ed4cebaf8e8f72c9d46499d86f311d81,8e590b3fe02c46651c2937c3279cf9f714932d6d6a4373e00e4a578f1d773b3b,PASS,"All four interleaver configurations share payload, noise, burst start and frame sequence."
CC,CC_EsN0_6.5_burst_0.050000000000000003_HEAD,6.5,0.050000000000000003,HEAD,4,1,1,1,1,08ec7ceefd5edddc416430cf958972d88028591172aa30858db77bb3b3d6f815,ac9e56be9674b2959aee8a068a31aafed2b056ef958164a35928f0eb9c7493f3,0c79440d07fc8b2fd679a1ecfd881260c38df03f251058f993ce83c1ce71f8ce,c76dd6f3c17103439dfb85094b25f725c8a46fabf6288b0b9e6743774739eb3e,PASS,"All four interleaver configurations share payload, noise, burst start and frame sequence."
CC,CC_EsN0_6.5_burst_0.050000000000000003_MIDDLE,6.5,0.050000000000000003,MIDDLE,4,1,1,1,1,08ec7ceefd5edddc416430cf958972d88028591172aa30858db77bb3b3d6f815,ac9e56be9674b2959aee8a068a31aafed2b056ef958164a35928f0eb9c7493f3,49a58081ad494916be7ef69554edef45c18cbfdb24dd9ac822d637b8db7eb80d,c76dd6f3c17103439dfb85094b25f725c8a46fabf6288b0b9e6743774739eb3e,PASS,"All four interleaver configurations share payload, noise, burst start and frame sequence."
CC,CC_EsN0_6.5_burst_0.050000000000000003_QUARTER,6.5,0.050000000000000003,QUARTER,4,1,1,1,1,08ec7ceefd5edddc416430cf958972d88028591172aa30858db77bb3b3d6f815,ac9e56be9674b2959aee8a068a31aafed2b056ef958164a35928f0eb9c7493f3,aebe1c0b6608f12e5613f803f00db1badce4159b9922e2d0746b5cce49e64597,c76dd6f3c17103439dfb85094b25f725c8a46fabf6288b0b9e6743774739eb3e,PASS,"All four interleaver configurations share payload, noise, burst start and frame sequence."
CC,CC_EsN0_6.5_burst_0.050000000000000003_RANDOM,6.5,0.050000000000000003,RANDOM,4,1,1,1,1,08ec7ceefd5edddc416430cf958972d88028591172aa30858db77bb3b3d6f815,ac9e56be9674b2959aee8a068a31aafed2b056ef958164a35928f0eb9c7493f3,727479f3d7b6f321e63f35d9939f564cdefdb0fd4bee2e91c43d7f9b983ab975,c76dd6f3c17103439dfb85094b25f725c8a46fabf6288b0b9e6743774739eb3e,PASS,"All four interleaver configurations share payload, noise, burst start and frame sequence."
CC,CC_EsN0_6.5_burst_0.050000000000000003_TAIL,6.5,0.050000000000000003,TAIL,4,1,1,1,1,08ec7ceefd5edddc416430cf958972d88028591172aa30858db77bb3b3d6f815,ac9e56be9674b2959aee8a068a31aafed2b056ef958164a35928f0eb9c7493f3,f6b13592c6a1c708cbcaa3e6b35f881242d9c91aa48740beb7dfda742a3a8694,c76dd6f3c17103439dfb85094b25f725c8a46fabf6288b0b9e6743774739eb3e,PASS,"All four interleaver configurations share payload, noise, burst start and frame sequence."
CC,CC_EsN0_6.5_burst_0.050000000000000003_THREE_QUARTER,6.5,0.050000000000000003,THREE_QUARTER,4,1,1,1,1,08ec7ceefd5edddc416430cf958972d88028591172aa30858db77bb3b3d6f815,ac9e56be9674b2959aee8a068a31aafed2b056ef958164a35928f0eb9c7493f3,c4201a36e8389236a84998ac9b61c840bf3be5218969bd4811ccd9338a0a1ab0,c76dd6f3c17103439dfb85094b25f725c8a46fabf6288b0b9e6743774739eb3e,PASS,"All four interleaver configurations share payload, noise, burst start and frame sequence."
CC,CC_EsN0_6.5_burst_0.10000000000000001_HEAD,6.5,0.10000000000000001,HEAD,4,1,1,1,1,08ec7ceefd5edddc416430cf958972d88028591172aa30858db77bb3b3d6f815,ac9e56be9674b2959aee8a068a31aafed2b056ef958164a35928f0eb9c7493f3,c324396b615ecfff2e457f0ff1d8cbe81838840aec7bceb6d6ef9d0937617711,c76dd6f3c17103439dfb85094b25f725c8a46fabf6288b0b9e6743774739eb3e,PASS,"All four interleaver configurations share payload, noise, burst start and frame sequence."
CC,CC_EsN0_6.5_burst_0.10000000000000001_MIDDLE,6.5,0.10000000000000001,MIDDLE,4,1,1,1,1,08ec7ceefd5edddc416430cf958972d88028591172aa30858db77bb3b3d6f815,ac9e56be9674b2959aee8a068a31aafed2b056ef958164a35928f0eb9c7493f3,99a092448ed42180903cfc0220fce3a5544b874f4535661c1643e4a33e150508,c76dd6f3c17103439dfb85094b25f725c8a46fabf6288b0b9e6743774739eb3e,PASS,"All four interleaver configurations share payload, noise, burst start and frame sequence."
CC,CC_EsN0_6.5_burst_0.10000000000000001_QUARTER,6.5,0.10000000000000001,QUARTER,4,1,1,1,1,08ec7ceefd5edddc416430cf958972d88028591172aa30858db77bb3b3d6f815,ac9e56be9674b2959aee8a068a31aafed2b056ef958164a35928f0eb9c7493f3,65d43aedfc85d2cf50c59c439fdb0efc99d854b31ae23068cee46aefb81ece9d,c76dd6f3c17103439dfb85094b25f725c8a46fabf6288b0b9e6743774739eb3e,PASS,"All four interleaver configurations share payload, noise, burst start and frame sequence."
CC,CC_EsN0_6.5_burst_0.10000000000000001_RANDOM,6.5,0.10000000000000001,RANDOM,4,1,1,1,1,08ec7ceefd5edddc416430cf958972d88028591172aa30858db77bb3b3d6f815,ac9e56be9674b2959aee8a068a31aafed2b056ef958164a35928f0eb9c7493f3,d73998b1e17cbbc6cb4b13860640c89919d1ca3feea4c264741944225b960092,c76dd6f3c17103439dfb85094b25f725c8a46fabf6288b0b9e6743774739eb3e,PASS,"All four interleaver configurations share payload, noise, burst start and frame sequence."
CC,CC_EsN0_6.5_burst_0.10000000000000001_TAIL,6.5,0.10000000000000001,TAIL,4,1,1,1,1,08ec7ceefd5edddc416430cf958972d88028591172aa30858db77bb3b3d6f815,ac9e56be9674b2959aee8a068a31aafed2b056ef958164a35928f0eb9c7493f3,f6879b518bb5067dfc3a078c5c5b096acd5dc9a4e6cf25195584fce2bbdfcff5,c76dd6f3c17103439dfb85094b25f725c8a46fabf6288b0b9e6743774739eb3e,PASS,"All four interleaver configurations share payload, noise, burst start and frame sequence."
CC,CC_EsN0_6.5_burst_0.10000000000000001_THREE_QUARTER,6.5,0.10000000000000001,THREE_QUARTER,4,1,1,1,1,08ec7ceefd5edddc416430cf958972d88028591172aa30858db77bb3b3d6f815,ac9e56be9674b2959aee8a068a31aafed2b056ef958164a35928f0eb9c7493f3,925b598b952c39eaa6eabacd7e8f9c0ca105363bdf5b8b2b6ae659433b9e383b,c76dd6f3c17103439dfb85094b25f725c8a46fabf6288b0b9e6743774739eb3e,PASS,"All four interleaver configurations share payload, noise, burst start and frame sequence."
CC,CC_EsN0_7_burst_0.02_HEAD,7,0.02,HEAD,4,1,1,1,1,08ec7ceefd5edddc416430cf958972d88028591172aa30858db77bb3b3d6f815,ac9e56be9674b2959aee8a068a31aafed2b056ef958164a35928f0eb9c7493f3,f0e1f6e82903f8c98fe871ea9b05e156da4305fdff95aa37c325c0289bf10f6f,c76dd6f3c17103439dfb85094b25f725c8a46fabf6288b0b9e6743774739eb3e,PASS,"All four interleaver configurations share payload, noise, burst start and frame sequence."
CC,CC_EsN0_7_burst_0.02_MIDDLE,7,0.02,MIDDLE,4,1,1,1,1,01387ccaed9cd054c7f663cd8f93970c5f3b2e5d1ab931c5f4caa71dd1d38e48,3e3cd811ffb3a044a3369765ff506e2e5ad3bbdf96bbef4b246f28446ab6d3d7,269bc29b3218e033f2ed40b7eeae1cbd8bcdf203856de38a9f3316e5332a2d09,2c3e3d8934ef15f03aaf12c567a83c54e1a7e48d8db0c35bb47aa56ea46b8130,PASS,"All four interleaver configurations share payload, noise, burst start and frame sequence."
CC,CC_EsN0_7_burst_0.02_QUARTER,7,0.02,QUARTER,4,1,1,1,1,08ec7ceefd5edddc416430cf958972d88028591172aa30858db77bb3b3d6f815,ac9e56be9674b2959aee8a068a31aafed2b056ef958164a35928f0eb9c7493f3,39c5d52c01ce879d96dd95c00c6a468a870b6ee6a31fc4ee755083ab940c1116,c76dd6f3c17103439dfb85094b25f725c8a46fabf6288b0b9e6743774739eb3e,PASS,"All four interleaver configurations share payload, noise, burst start and frame sequence."
CC,CC_EsN0_7_burst_0.02_RANDOM,7,0.02,RANDOM,4,1,1,1,1,08ec7ceefd5edddc416430cf958972d88028591172aa30858db77bb3b3d6f815,ac9e56be9674b2959aee8a068a31aafed2b056ef958164a35928f0eb9c7493f3,59a1e8e474dec5aa9d6c073e7ca26c5fd545f0b7df504079e994ea96d033c6f7,c76dd6f3c17103439dfb85094b25f725c8a46fabf6288b0b9e6743774739eb3e,PASS,"All four interleaver configurations share payload, noise, burst start and frame sequence."
CC,CC_EsN0_7_burst_0.02_TAIL,7,0.02,TAIL,4,1,1,1,1,08ec7ceefd5edddc416430cf958972d88028591172aa30858db77bb3b3d6f815,ac9e56be9674b2959aee8a068a31aafed2b056ef958164a35928f0eb9c7493f3,8fff70873a2d2a064d7f2e4f043881e68eddb9164a145d994af6fed687848704,c76dd6f3c17103439dfb85094b25f725c8a46fabf6288b0b9e6743774739eb3e,PASS,"All four interleaver configurations share payload, noise, burst start and frame sequence."
CC,CC_EsN0_7_burst_0.02_THREE_QUARTER,7,0.02,THREE_QUARTER,4,1,1,1,1,91d3d1fdad10fe62bb8071fdbfd0475a56dfbdfea2485b4e1d750630d0ce3183,6cbac1cd7578fdbfc4dad4dda04512598d2821daa6124e6cbd4520d457f19961,90aa16edd1e5935524f5d9e00587b7e0d3d6cb83aa2e417ca715b8aa57b3a8f0,3cef7ecf1fdff5681dcd97629cd5c050751fb80c5168cb4e1c2e8831ab2e4a9d,PASS,"All four interleaver configurations share payload, noise, burst start and frame sequence."
CC,CC_EsN0_7_burst_0.050000000000000003_HEAD,7,0.050000000000000003,HEAD,4,1,1,1,1,08ec7ceefd5edddc416430cf958972d88028591172aa30858db77bb3b3d6f815,ac9e56be9674b2959aee8a068a31aafed2b056ef958164a35928f0eb9c7493f3,0c79440d07fc8b2fd679a1ecfd881260c38df03f251058f993ce83c1ce71f8ce,c76dd6f3c17103439dfb85094b25f725c8a46fabf6288b0b9e6743774739eb3e,PASS,"All four interleaver configurations share payload, noise, burst start and frame sequence."
CC,CC_EsN0_7_burst_0.050000000000000003_MIDDLE,7,0.050000000000000003,MIDDLE,4,1,1,1,1,08ec7ceefd5edddc416430cf958972d88028591172aa30858db77bb3b3d6f815,ac9e56be9674b2959aee8a068a31aafed2b056ef958164a35928f0eb9c7493f3,49a58081ad494916be7ef69554edef45c18cbfdb24dd9ac822d637b8db7eb80d,c76dd6f3c17103439dfb85094b25f725c8a46fabf6288b0b9e6743774739eb3e,PASS,"All four interleaver configurations share payload, noise, burst start and frame sequence."
CC,CC_EsN0_7_burst_0.050000000000000003_QUARTER,7,0.050000000000000003,QUARTER,4,1,1,1,1,08ec7ceefd5edddc416430cf958972d88028591172aa30858db77bb3b3d6f815,ac9e56be9674b2959aee8a068a31aafed2b056ef958164a35928f0eb9c7493f3,aebe1c0b6608f12e5613f803f00db1badce4159b9922e2d0746b5cce49e64597,c76dd6f3c17103439dfb85094b25f725c8a46fabf6288b0b9e6743774739eb3e,PASS,"All four interleaver configurations share payload, noise, burst start and frame sequence."
CC,CC_EsN0_7_burst_0.050000000000000003_RANDOM,7,0.050000000000000003,RANDOM,4,1,1,1,1,08ec7ceefd5edddc416430cf958972d88028591172aa30858db77bb3b3d6f815,ac9e56be9674b2959aee8a068a31aafed2b056ef958164a35928f0eb9c7493f3,727479f3d7b6f321e63f35d9939f564cdefdb0fd4bee2e91c43d7f9b983ab975,c76dd6f3c17103439dfb85094b25f725c8a46fabf6288b0b9e6743774739eb3e,PASS,"All four interleaver configurations share payload, noise, burst start and frame sequence."
CC,CC_EsN0_7_burst_0.050000000000000003_TAIL,7,0.050000000000000003,TAIL,4,1,1,1,1,08ec7ceefd5edddc416430cf958972d88028591172aa30858db77bb3b3d6f815,ac9e56be9674b2959aee8a068a31aafed2b056ef958164a35928f0eb9c7493f3,f6b13592c6a1c708cbcaa3e6b35f881242d9c91aa48740beb7dfda742a3a8694,c76dd6f3c17103439dfb85094b25f725c8a46fabf6288b0b9e6743774739eb3e,PASS,"All four interleaver configurations share payload, noise, burst start and frame sequence."
CC,CC_EsN0_7_burst_0.050000000000000003_THREE_QUARTER,7,0.050000000000000003,THREE_QUARTER,4,1,1,1,1,08ec7ceefd5edddc416430cf958972d88028591172aa30858db77bb3b3d6f815,ac9e56be9674b2959aee8a068a31aafed2b056ef958164a35928f0eb9c7493f3,c4201a36e8389236a84998ac9b61c840bf3be5218969bd4811ccd9338a0a1ab0,c76dd6f3c17103439dfb85094b25f725c8a46fabf6288b0b9e6743774739eb3e,PASS,"All four interleaver configurations share payload, noise, burst start and frame sequence."
CC,CC_EsN0_7_burst_0.10000000000000001_HEAD,7,0.10000000000000001,HEAD,4,1,1,1,1,08ec7ceefd5edddc416430cf958972d88028591172aa30858db77bb3b3d6f815,ac9e56be9674b2959aee8a068a31aafed2b056ef958164a35928f0eb9c7493f3,c324396b615ecfff2e457f0ff1d8cbe81838840aec7bceb6d6ef9d0937617711,c76dd6f3c17103439dfb85094b25f725c8a46fabf6288b0b9e6743774739eb3e,PASS,"All four interleaver configurations share payload, noise, burst start and frame sequence."
CC,CC_EsN0_7_burst_0.10000000000000001_MIDDLE,7,0.10000000000000001,MIDDLE,4,1,1,1,1,08ec7ceefd5edddc416430cf958972d88028591172aa30858db77bb3b3d6f815,ac9e56be9674b2959aee8a068a31aafed2b056ef958164a35928f0eb9c7493f3,99a092448ed42180903cfc0220fce3a5544b874f4535661c1643e4a33e150508,c76dd6f3c17103439dfb85094b25f725c8a46fabf6288b0b9e6743774739eb3e,PASS,"All four interleaver configurations share payload, noise, burst start and frame sequence."
CC,CC_EsN0_7_burst_0.10000000000000001_QUARTER,7,0.10000000000000001,QUARTER,4,1,1,1,1,08ec7ceefd5edddc416430cf958972d88028591172aa30858db77bb3b3d6f815,ac9e56be9674b2959aee8a068a31aafed2b056ef958164a35928f0eb9c7493f3,65d43aedfc85d2cf50c59c439fdb0efc99d854b31ae23068cee46aefb81ece9d,c76dd6f3c17103439dfb85094b25f725c8a46fabf6288b0b9e6743774739eb3e,PASS,"All four interleaver configurations share payload, noise, burst start and frame sequence."
CC,CC_EsN0_7_burst_0.10000000000000001_RANDOM,7,0.10000000000000001,RANDOM,4,1,1,1,1,08ec7ceefd5edddc416430cf958972d88028591172aa30858db77bb3b3d6f815,ac9e56be9674b2959aee8a068a31aafed2b056ef958164a35928f0eb9c7493f3,d73998b1e17cbbc6cb4b13860640c89919d1ca3feea4c264741944225b960092,c76dd6f3c17103439dfb85094b25f725c8a46fabf6288b0b9e6743774739eb3e,PASS,"All four interleaver configurations share payload, noise, burst start and frame sequence."
CC,CC_EsN0_7_burst_0.10000000000000001_TAIL,7,0.10000000000000001,TAIL,4,1,1,1,1,08ec7ceefd5edddc416430cf958972d88028591172aa30858db77bb3b3d6f815,ac9e56be9674b2959aee8a068a31aafed2b056ef958164a35928f0eb9c7493f3,f6879b518bb5067dfc3a078c5c5b096acd5dc9a4e6cf25195584fce2bbdfcff5,c76dd6f3c17103439dfb85094b25f725c8a46fabf6288b0b9e6743774739eb3e,PASS,"All four interleaver configurations share payload, noise, burst start and frame sequence."
CC,CC_EsN0_7_burst_0.10000000000000001_THREE_QUARTER,7,0.10000000000000001,THREE_QUARTER,4,1,1,1,1,08ec7ceefd5edddc416430cf958972d88028591172aa30858db77bb3b3d6f815,ac9e56be9674b2959aee8a068a31aafed2b056ef958164a35928f0eb9c7493f3,925b598b952c39eaa6eabacd7e8f9c0ca105363bdf5b8b2b6ae659433b9e383b,c76dd6f3c17103439dfb85094b25f725c8a46fabf6288b0b9e6743774739eb3e,PASS,"All four interleaver configurations share payload, noise, burst start and frame sequence."
CC,CC_EsN0_7.5_burst_0.02_HEAD,7.5,0.02,HEAD,4,1,1,1,1,08ec7ceefd5edddc416430cf958972d88028591172aa30858db77bb3b3d6f815,ac9e56be9674b2959aee8a068a31aafed2b056ef958164a35928f0eb9c7493f3,f0e1f6e82903f8c98fe871ea9b05e156da4305fdff95aa37c325c0289bf10f6f,c76dd6f3c17103439dfb85094b25f725c8a46fabf6288b0b9e6743774739eb3e,PASS,"All four interleaver configurations share payload, noise, burst start and frame sequence."
CC,CC_EsN0_7.5_burst_0.02_MIDDLE,7.5,0.02,MIDDLE,4,1,1,1,1,b1b444ae36fb77ffe0d4223ca0a3d041943b18b4dc4187ba3cdb7ad7b84db69c,7eae690f1d50a72ac25cc9a1b4e329cd61139061f625ca0e8b725acf6c8ab917,63be756448320ff58e0c5eefd691165cc2bfd3167401ce9f23a94d307db4717f,0d7a194f8b494232117796c7c83db832cbc00fc7eb94161b913d9848c1671a7d,PASS,"All four interleaver configurations share payload, noise, burst start and frame sequence."
CC,CC_EsN0_7.5_burst_0.02_QUARTER,7.5,0.02,QUARTER,4,1,1,1,1,08ec7ceefd5edddc416430cf958972d88028591172aa30858db77bb3b3d6f815,ac9e56be9674b2959aee8a068a31aafed2b056ef958164a35928f0eb9c7493f3,39c5d52c01ce879d96dd95c00c6a468a870b6ee6a31fc4ee755083ab940c1116,c76dd6f3c17103439dfb85094b25f725c8a46fabf6288b0b9e6743774739eb3e,PASS,"All four interleaver configurations share payload, noise, burst start and frame sequence."
CC,CC_EsN0_7.5_burst_0.02_RANDOM,7.5,0.02,RANDOM,4,1,1,1,1,08ec7ceefd5edddc416430cf958972d88028591172aa30858db77bb3b3d6f815,ac9e56be9674b2959aee8a068a31aafed2b056ef958164a35928f0eb9c7493f3,59a1e8e474dec5aa9d6c073e7ca26c5fd545f0b7df504079e994ea96d033c6f7,c76dd6f3c17103439dfb85094b25f725c8a46fabf6288b0b9e6743774739eb3e,PASS,"All four interleaver configurations share payload, noise, burst start and frame sequence."
CC,CC_EsN0_7.5_burst_0.02_TAIL,7.5,0.02,TAIL,4,1,1,1,1,08ec7ceefd5edddc416430cf958972d88028591172aa30858db77bb3b3d6f815,ac9e56be9674b2959aee8a068a31aafed2b056ef958164a35928f0eb9c7493f3,8fff70873a2d2a064d7f2e4f043881e68eddb9164a145d994af6fed687848704,c76dd6f3c17103439dfb85094b25f725c8a46fabf6288b0b9e6743774739eb3e,PASS,"All four interleaver configurations share payload, noise, burst start and frame sequence."
CC,CC_EsN0_7.5_burst_0.02_THREE_QUARTER,7.5,0.02,THREE_QUARTER,4,1,1,1,1,b942ff6fa912ce079b584261a3d2386da51485b968a8dc440299b21f54805b2f,9ac773ff3a64fdfcee5cde77e43e2a2e6ddaa1fcfc20256e90819ba7bf43d04e,e5e3559179ef1a71f61d223d1768767ec6333fae9cb0451284d8de975918d8cb,edbe4a55d6a989fbc5c56c1540d4bdf55e9d71c5cd23bbb62642d98f5e065843,PASS,"All four interleaver configurations share payload, noise, burst start and frame sequence."
CC,CC_EsN0_7.5_burst_0.050000000000000003_HEAD,7.5,0.050000000000000003,HEAD,4,1,1,1,1,08ec7ceefd5edddc416430cf958972d88028591172aa30858db77bb3b3d6f815,ac9e56be9674b2959aee8a068a31aafed2b056ef958164a35928f0eb9c7493f3,0c79440d07fc8b2fd679a1ecfd881260c38df03f251058f993ce83c1ce71f8ce,c76dd6f3c17103439dfb85094b25f725c8a46fabf6288b0b9e6743774739eb3e,PASS,"All four interleaver configurations share payload, noise, burst start and frame sequence."
CC,CC_EsN0_7.5_burst_0.050000000000000003_MIDDLE,7.5,0.050000000000000003,MIDDLE,4,1,1,1,1,08ec7ceefd5edddc416430cf958972d88028591172aa30858db77bb3b3d6f815,ac9e56be9674b2959aee8a068a31aafed2b056ef958164a35928f0eb9c7493f3,49a58081ad494916be7ef69554edef45c18cbfdb24dd9ac822d637b8db7eb80d,c76dd6f3c17103439dfb85094b25f725c8a46fabf6288b0b9e6743774739eb3e,PASS,"All four interleaver configurations share payload, noise, burst start and frame sequence."
CC,CC_EsN0_7.5_burst_0.050000000000000003_QUARTER,7.5,0.050000000000000003,QUARTER,4,1,1,1,1,08ec7ceefd5edddc416430cf958972d88028591172aa30858db77bb3b3d6f815,ac9e56be9674b2959aee8a068a31aafed2b056ef958164a35928f0eb9c7493f3,aebe1c0b6608f12e5613f803f00db1badce4159b9922e2d0746b5cce49e64597,c76dd6f3c17103439dfb85094b25f725c8a46fabf6288b0b9e6743774739eb3e,PASS,"All four interleaver configurations share payload, noise, burst start and frame sequence."
CC,CC_EsN0_7.5_burst_0.050000000000000003_RANDOM,7.5,0.050000000000000003,RANDOM,4,1,1,1,1,08ec7ceefd5edddc416430cf958972d88028591172aa30858db77bb3b3d6f815,ac9e56be9674b2959aee8a068a31aafed2b056ef958164a35928f0eb9c7493f3,727479f3d7b6f321e63f35d9939f564cdefdb0fd4bee2e91c43d7f9b983ab975,c76dd6f3c17103439dfb85094b25f725c8a46fabf6288b0b9e6743774739eb3e,PASS,"All four interleaver configurations share payload, noise, burst start and frame sequence."
CC,CC_EsN0_7.5_burst_0.050000000000000003_TAIL,7.5,0.050000000000000003,TAIL,4,1,1,1,1,08ec7ceefd5edddc416430cf958972d88028591172aa30858db77bb3b3d6f815,ac9e56be9674b2959aee8a068a31aafed2b056ef958164a35928f0eb9c7493f3,f6b13592c6a1c708cbcaa3e6b35f881242d9c91aa48740beb7dfda742a3a8694,c76dd6f3c17103439dfb85094b25f725c8a46fabf6288b0b9e6743774739eb3e,PASS,"All four interleaver configurations share payload, noise, burst start and frame sequence."
CC,CC_EsN0_7.5_burst_0.050000000000000003_THREE_QUARTER,7.5,0.050000000000000003,THREE_QUARTER,4,1,1,1,1,08ec7ceefd5edddc416430cf958972d88028591172aa30858db77bb3b3d6f815,ac9e56be9674b2959aee8a068a31aafed2b056ef958164a35928f0eb9c7493f3,c4201a36e8389236a84998ac9b61c840bf3be5218969bd4811ccd9338a0a1ab0,c76dd6f3c17103439dfb85094b25f725c8a46fabf6288b0b9e6743774739eb3e,PASS,"All four interleaver configurations share payload, noise, burst start and frame sequence."
CC,CC_EsN0_7.5_burst_0.10000000000000001_HEAD,7.5,0.10000000000000001,HEAD,4,1,1,1,1,08ec7ceefd5edddc416430cf958972d88028591172aa30858db77bb3b3d6f815,ac9e56be9674b2959aee8a068a31aafed2b056ef958164a35928f0eb9c7493f3,c324396b615ecfff2e457f0ff1d8cbe81838840aec7bceb6d6ef9d0937617711,c76dd6f3c17103439dfb85094b25f725c8a46fabf6288b0b9e6743774739eb3e,PASS,"All four interleaver configurations share payload, noise, burst start and frame sequence."
CC,CC_EsN0_7.5_burst_0.10000000000000001_MIDDLE,7.5,0.10000000000000001,MIDDLE,4,1,1,1,1,08ec7ceefd5edddc416430cf958972d88028591172aa30858db77bb3b3d6f815,ac9e56be9674b2959aee8a068a31aafed2b056ef958164a35928f0eb9c7493f3,99a092448ed42180903cfc0220fce3a5544b874f4535661c1643e4a33e150508,c76dd6f3c17103439dfb85094b25f725c8a46fabf6288b0b9e6743774739eb3e,PASS,"All four interleaver configurations share payload, noise, burst start and frame sequence."
CC,CC_EsN0_7.5_burst_0.10000000000000001_QUARTER,7.5,0.10000000000000001,QUARTER,4,1,1,1,1,08ec7ceefd5edddc416430cf958972d88028591172aa30858db77bb3b3d6f815,ac9e56be9674b2959aee8a068a31aafed2b056ef958164a35928f0eb9c7493f3,65d43aedfc85d2cf50c59c439fdb0efc99d854b31ae23068cee46aefb81ece9d,c76dd6f3c17103439dfb85094b25f725c8a46fabf6288b0b9e6743774739eb3e,PASS,"All four interleaver configurations share payload, noise, burst start and frame sequence."
CC,CC_EsN0_7.5_burst_0.10000000000000001_RANDOM,7.5,0.10000000000000001,RANDOM,4,1,1,1,1,08ec7ceefd5edddc416430cf958972d88028591172aa30858db77bb3b3d6f815,ac9e56be9674b2959aee8a068a31aafed2b056ef958164a35928f0eb9c7493f3,d73998b1e17cbbc6cb4b13860640c89919d1ca3feea4c264741944225b960092,c76dd6f3c17103439dfb85094b25f725c8a46fabf6288b0b9e6743774739eb3e,PASS,"All four interleaver configurations share payload, noise, burst start and frame sequence."
CC,CC_EsN0_7.5_burst_0.10000000000000001_TAIL,7.5,0.10000000000000001,TAIL,4,1,1,1,1,08ec7ceefd5edddc416430cf958972d88028591172aa30858db77bb3b3d6f815,ac9e56be9674b2959aee8a068a31aafed2b056ef958164a35928f0eb9c7493f3,f6879b518bb5067dfc3a078c5c5b096acd5dc9a4e6cf25195584fce2bbdfcff5,c76dd6f3c17103439dfb85094b25f725c8a46fabf6288b0b9e6743774739eb3e,PASS,"All four interleaver configurations share payload, noise, burst start and frame sequence."
CC,CC_EsN0_7.5_burst_0.10000000000000001_THREE_QUARTER,7.5,0.10000000000000001,THREE_QUARTER,4,1,1,1,1,08ec7ceefd5edddc416430cf958972d88028591172aa30858db77bb3b3d6f815,ac9e56be9674b2959aee8a068a31aafed2b056ef958164a35928f0eb9c7493f3,925b598b952c39eaa6eabacd7e8f9c0ca105363bdf5b8b2b6ae659433b9e383b,c76dd6f3c17103439dfb85094b25f725c8a46fabf6288b0b9e6743774739eb3e,PASS,"All four interleaver configurations share payload, noise, burst start and frame sequence."
CC,CC_EsN0_8_burst_0.02_HEAD,8,0.02,HEAD,4,1,1,1,1,08ec7ceefd5edddc416430cf958972d88028591172aa30858db77bb3b3d6f815,ac9e56be9674b2959aee8a068a31aafed2b056ef958164a35928f0eb9c7493f3,f0e1f6e82903f8c98fe871ea9b05e156da4305fdff95aa37c325c0289bf10f6f,c76dd6f3c17103439dfb85094b25f725c8a46fabf6288b0b9e6743774739eb3e,PASS,"All four interleaver configurations share payload, noise, burst start and frame sequence."
CC,CC_EsN0_8_burst_0.02_MIDDLE,8,0.02,MIDDLE,4,1,1,1,1,e1549d50fb1cc644d8453880e00c18dc87300f2b768a132fcbe4444c415de25b,bb3b9cca182d3f60ffd07f8c294a5d3700dfad87f17f3adcc25d63de6f04f1f1,e94362c5d17fd0b31bc497a44dc6a9ce5a284ed284529e5c6375d8b57d47a146,99b50fca3c8831cd850ccab6f366d94fcc40b21ec16038511e9d04973d6de786,PASS,"All four interleaver configurations share payload, noise, burst start and frame sequence."
CC,CC_EsN0_8_burst_0.02_QUARTER,8,0.02,QUARTER,4,1,1,1,1,08ec7ceefd5edddc416430cf958972d88028591172aa30858db77bb3b3d6f815,ac9e56be9674b2959aee8a068a31aafed2b056ef958164a35928f0eb9c7493f3,39c5d52c01ce879d96dd95c00c6a468a870b6ee6a31fc4ee755083ab940c1116,c76dd6f3c17103439dfb85094b25f725c8a46fabf6288b0b9e6743774739eb3e,PASS,"All four interleaver configurations share payload, noise, burst start and frame sequence."
CC,CC_EsN0_8_burst_0.02_RANDOM,8,0.02,RANDOM,4,1,1,1,1,08ec7ceefd5edddc416430cf958972d88028591172aa30858db77bb3b3d6f815,ac9e56be9674b2959aee8a068a31aafed2b056ef958164a35928f0eb9c7493f3,59a1e8e474dec5aa9d6c073e7ca26c5fd545f0b7df504079e994ea96d033c6f7,c76dd6f3c17103439dfb85094b25f725c8a46fabf6288b0b9e6743774739eb3e,PASS,"All four interleaver configurations share payload, noise, burst start and frame sequence."
CC,CC_EsN0_8_burst_0.02_TAIL,8,0.02,TAIL,4,1,1,1,1,08ec7ceefd5edddc416430cf958972d88028591172aa30858db77bb3b3d6f815,ac9e56be9674b2959aee8a068a31aafed2b056ef958164a35928f0eb9c7493f3,8fff70873a2d2a064d7f2e4f043881e68eddb9164a145d994af6fed687848704,c76dd6f3c17103439dfb85094b25f725c8a46fabf6288b0b9e6743774739eb3e,PASS,"All four interleaver configurations share payload, noise, burst start and frame sequence."
CC,CC_EsN0_8_burst_0.02_THREE_QUARTER,8,0.02,THREE_QUARTER,4,1,1,1,1,fd7b1e5e3a7d4589ffe94c12b43d75f0e55ffe65e0be4806b4c77ddd26481277,8dbe1dcde44e88c410cef0283868c5b20d36fd853744a1e64da94ea05a9e35c8,f02e9726eaf2aec3e40b6ec11fd162a2e21bf2e19c49e298d4c87bc97e9bf85c,99e110d5b7b8ded140cbb9107ea8cb720d5d685efd926fd7f1b902c9dfebd0bc,PASS,"All four interleaver configurations share payload, noise, burst start and frame sequence."
CC,CC_EsN0_8_burst_0.050000000000000003_HEAD,8,0.050000000000000003,HEAD,4,1,1,1,1,08ec7ceefd5edddc416430cf958972d88028591172aa30858db77bb3b3d6f815,ac9e56be9674b2959aee8a068a31aafed2b056ef958164a35928f0eb9c7493f3,0c79440d07fc8b2fd679a1ecfd881260c38df03f251058f993ce83c1ce71f8ce,c76dd6f3c17103439dfb85094b25f725c8a46fabf6288b0b9e6743774739eb3e,PASS,"All four interleaver configurations share payload, noise, burst start and frame sequence."
CC,CC_EsN0_8_burst_0.050000000000000003_MIDDLE,8,0.050000000000000003,MIDDLE,4,1,1,1,1,08ec7ceefd5edddc416430cf958972d88028591172aa30858db77bb3b3d6f815,ac9e56be9674b2959aee8a068a31aafed2b056ef958164a35928f0eb9c7493f3,49a58081ad494916be7ef69554edef45c18cbfdb24dd9ac822d637b8db7eb80d,c76dd6f3c17103439dfb85094b25f725c8a46fabf6288b0b9e6743774739eb3e,PASS,"All four interleaver configurations share payload, noise, burst start and frame sequence."
CC,CC_EsN0_8_burst_0.050000000000000003_QUARTER,8,0.050000000000000003,QUARTER,4,1,1,1,1,08ec7ceefd5edddc416430cf958972d88028591172aa30858db77bb3b3d6f815,ac9e56be9674b2959aee8a068a31aafed2b056ef958164a35928f0eb9c7493f3,aebe1c0b6608f12e5613f803f00db1badce4159b9922e2d0746b5cce49e64597,c76dd6f3c17103439dfb85094b25f725c8a46fabf6288b0b9e6743774739eb3e,PASS,"All four interleaver configurations share payload, noise, burst start and frame sequence."
CC,CC_EsN0_8_burst_0.050000000000000003_RANDOM,8,0.050000000000000003,RANDOM,4,1,1,1,1,08ec7ceefd5edddc416430cf958972d88028591172aa30858db77bb3b3d6f815,ac9e56be9674b2959aee8a068a31aafed2b056ef958164a35928f0eb9c7493f3,727479f3d7b6f321e63f35d9939f564cdefdb0fd4bee2e91c43d7f9b983ab975,c76dd6f3c17103439dfb85094b25f725c8a46fabf6288b0b9e6743774739eb3e,PASS,"All four interleaver configurations share payload, noise, burst start and frame sequence."
CC,CC_EsN0_8_burst_0.050000000000000003_TAIL,8,0.050000000000000003,TAIL,4,1,1,1,1,08ec7ceefd5edddc416430cf958972d88028591172aa30858db77bb3b3d6f815,ac9e56be9674b2959aee8a068a31aafed2b056ef958164a35928f0eb9c7493f3,f6b13592c6a1c708cbcaa3e6b35f881242d9c91aa48740beb7dfda742a3a8694,c76dd6f3c17103439dfb85094b25f725c8a46fabf6288b0b9e6743774739eb3e,PASS,"All four interleaver configurations share payload, noise, burst start and frame sequence."
CC,CC_EsN0_8_burst_0.050000000000000003_THREE_QUARTER,8,0.050000000000000003,THREE_QUARTER,4,1,1,1,1,08ec7ceefd5edddc416430cf958972d88028591172aa30858db77bb3b3d6f815,ac9e56be9674b2959aee8a068a31aafed2b056ef958164a35928f0eb9c7493f3,c4201a36e8389236a84998ac9b61c840bf3be5218969bd4811ccd9338a0a1ab0,c76dd6f3c17103439dfb85094b25f725c8a46fabf6288b0b9e6743774739eb3e,PASS,"All four interleaver configurations share payload, noise, burst start and frame sequence."
CC,CC_EsN0_8_burst_0.10000000000000001_HEAD,8,0.10000000000000001,HEAD,4,1,1,1,1,08ec7ceefd5edddc416430cf958972d88028591172aa30858db77bb3b3d6f815,ac9e56be9674b2959aee8a068a31aafed2b056ef958164a35928f0eb9c7493f3,c324396b615ecfff2e457f0ff1d8cbe81838840aec7bceb6d6ef9d0937617711,c76dd6f3c17103439dfb85094b25f725c8a46fabf6288b0b9e6743774739eb3e,PASS,"All four interleaver configurations share payload, noise, burst start and frame sequence."
CC,CC_EsN0_8_burst_0.10000000000000001_MIDDLE,8,0.10000000000000001,MIDDLE,4,1,1,1,1,08ec7ceefd5edddc416430cf958972d88028591172aa30858db77bb3b3d6f815,ac9e56be9674b2959aee8a068a31aafed2b056ef958164a35928f0eb9c7493f3,99a092448ed42180903cfc0220fce3a5544b874f4535661c1643e4a33e150508,c76dd6f3c17103439dfb85094b25f725c8a46fabf6288b0b9e6743774739eb3e,PASS,"All four interleaver configurations share payload, noise, burst start and frame sequence."
CC,CC_EsN0_8_burst_0.10000000000000001_QUARTER,8,0.10000000000000001,QUARTER,4,1,1,1,1,08ec7ceefd5edddc416430cf958972d88028591172aa30858db77bb3b3d6f815,ac9e56be9674b2959aee8a068a31aafed2b056ef958164a35928f0eb9c7493f3,65d43aedfc85d2cf50c59c439fdb0efc99d854b31ae23068cee46aefb81ece9d,c76dd6f3c17103439dfb85094b25f725c8a46fabf6288b0b9e6743774739eb3e,PASS,"All four interleaver configurations share payload, noise, burst start and frame sequence."
CC,CC_EsN0_8_burst_0.10000000000000001_RANDOM,8,0.10000000000000001,RANDOM,4,1,1,1,1,08ec7ceefd5edddc416430cf958972d88028591172aa30858db77bb3b3d6f815,ac9e56be9674b2959aee8a068a31aafed2b056ef958164a35928f0eb9c7493f3,d73998b1e17cbbc6cb4b13860640c89919d1ca3feea4c264741944225b960092,c76dd6f3c17103439dfb85094b25f725c8a46fabf6288b0b9e6743774739eb3e,PASS,"All four interleaver configurations share payload, noise, burst start and frame sequence."
CC,CC_EsN0_8_burst_0.10000000000000001_TAIL,8,0.10000000000000001,TAIL,4,1,1,1,1,08ec7ceefd5edddc416430cf958972d88028591172aa30858db77bb3b3d6f815,ac9e56be9674b2959aee8a068a31aafed2b056ef958164a35928f0eb9c7493f3,f6879b518bb5067dfc3a078c5c5b096acd5dc9a4e6cf25195584fce2bbdfcff5,c76dd6f3c17103439dfb85094b25f725c8a46fabf6288b0b9e6743774739eb3e,PASS,"All four interleaver configurations share payload, noise, burst start and frame sequence."
CC,CC_EsN0_8_burst_0.10000000000000001_THREE_QUARTER,8,0.10000000000000001,THREE_QUARTER,4,1,1,1,1,08ec7ceefd5edddc416430cf958972d88028591172aa30858db77bb3b3d6f815,ac9e56be9674b2959aee8a068a31aafed2b056ef958164a35928f0eb9c7493f3,925b598b952c39eaa6eabacd7e8f9c0ca105363bdf5b8b2b6ae659433b9e383b,c76dd6f3c17103439dfb85094b25f725c8a46fabf6288b0b9e6743774739eb3e,PASS,"All four interleaver configurations share payload, noise, burst start and frame sequence."
CC,CC_EsN0_8.5_burst_0.02_HEAD,8.5,0.02,HEAD,4,1,1,1,1,08ec7ceefd5edddc416430cf958972d88028591172aa30858db77bb3b3d6f815,ac9e56be9674b2959aee8a068a31aafed2b056ef958164a35928f0eb9c7493f3,f0e1f6e82903f8c98fe871ea9b05e156da4305fdff95aa37c325c0289bf10f6f,c76dd6f3c17103439dfb85094b25f725c8a46fabf6288b0b9e6743774739eb3e,PASS,"All four interleaver configurations share payload, noise, burst start and frame sequence."
CC,CC_EsN0_8.5_burst_0.02_MIDDLE,8.5,0.02,MIDDLE,4,1,1,1,1,56f636f369c6b6184a7de482e88fdea81515c72257336077dbd429368a0831f4,acd591eb26a3eff060f395f200e6c0d1d4fff792616b6a56951ab3b07e10ce6d,0ebe860865a6742a8db12e41e605b45662404e5b78cfc30b13a0bb28a00400c5,5652cdd220e6e82b2e5252fb5bf29d5e5aaa769147e0e90c581d100253915d92,PASS,"All four interleaver configurations share payload, noise, burst start and frame sequence."
CC,CC_EsN0_8.5_burst_0.02_QUARTER,8.5,0.02,QUARTER,4,1,1,1,1,08ec7ceefd5edddc416430cf958972d88028591172aa30858db77bb3b3d6f815,ac9e56be9674b2959aee8a068a31aafed2b056ef958164a35928f0eb9c7493f3,39c5d52c01ce879d96dd95c00c6a468a870b6ee6a31fc4ee755083ab940c1116,c76dd6f3c17103439dfb85094b25f725c8a46fabf6288b0b9e6743774739eb3e,PASS,"All four interleaver configurations share payload, noise, burst start and frame sequence."
CC,CC_EsN0_8.5_burst_0.02_RANDOM,8.5,0.02,RANDOM,4,1,1,1,1,08ec7ceefd5edddc416430cf958972d88028591172aa30858db77bb3b3d6f815,ac9e56be9674b2959aee8a068a31aafed2b056ef958164a35928f0eb9c7493f3,59a1e8e474dec5aa9d6c073e7ca26c5fd545f0b7df504079e994ea96d033c6f7,c76dd6f3c17103439dfb85094b25f725c8a46fabf6288b0b9e6743774739eb3e,PASS,"All four interleaver configurations share payload, noise, burst start and frame sequence."
CC,CC_EsN0_8.5_burst_0.02_TAIL,8.5,0.02,TAIL,4,1,1,1,1,08ec7ceefd5edddc416430cf958972d88028591172aa30858db77bb3b3d6f815,ac9e56be9674b2959aee8a068a31aafed2b056ef958164a35928f0eb9c7493f3,8fff70873a2d2a064d7f2e4f043881e68eddb9164a145d994af6fed687848704,c76dd6f3c17103439dfb85094b25f725c8a46fabf6288b0b9e6743774739eb3e,PASS,"All four interleaver configurations share payload, noise, burst start and frame sequence."
CC,CC_EsN0_8.5_burst_0.02_THREE_QUARTER,8.5,0.02,THREE_QUARTER,4,1,1,1,1,603adc0a1c3b0c50cc6ee94f4cc22dfc62027b71e9b246bff5166bd4f5051a33,6f0241eab8d6f9c4e747a8e162674ea1ccd5e3ebe606f30715bb5c8c81af4d72,eb25a9f673cd250362324f8f0f331d7cc60de121a8b4d7b923654847810a61a5,ee739ce8a482ef7e1612c82e698ec64a26711ebc0dbada98fc8831574db51c44,PASS,"All four interleaver configurations share payload, noise, burst start and frame sequence."
CC,CC_EsN0_8.5_burst_0.050000000000000003_HEAD,8.5,0.050000000000000003,HEAD,4,1,1,1,1,08ec7ceefd5edddc416430cf958972d88028591172aa30858db77bb3b3d6f815,ac9e56be9674b2959aee8a068a31aafed2b056ef958164a35928f0eb9c7493f3,0c79440d07fc8b2fd679a1ecfd881260c38df03f251058f993ce83c1ce71f8ce,c76dd6f3c17103439dfb85094b25f725c8a46fabf6288b0b9e6743774739eb3e,PASS,"All four interleaver configurations share payload, noise, burst start and frame sequence."
CC,CC_EsN0_8.5_burst_0.050000000000000003_MIDDLE,8.5,0.050000000000000003,MIDDLE,4,1,1,1,1,08ec7ceefd5edddc416430cf958972d88028591172aa30858db77bb3b3d6f815,ac9e56be9674b2959aee8a068a31aafed2b056ef958164a35928f0eb9c7493f3,49a58081ad494916be7ef69554edef45c18cbfdb24dd9ac822d637b8db7eb80d,c76dd6f3c17103439dfb85094b25f725c8a46fabf6288b0b9e6743774739eb3e,PASS,"All four interleaver configurations share payload, noise, burst start and frame sequence."
CC,CC_EsN0_8.5_burst_0.050000000000000003_QUARTER,8.5,0.050000000000000003,QUARTER,4,1,1,1,1,08ec7ceefd5edddc416430cf958972d88028591172aa30858db77bb3b3d6f815,ac9e56be9674b2959aee8a068a31aafed2b056ef958164a35928f0eb9c7493f3,aebe1c0b6608f12e5613f803f00db1badce4159b9922e2d0746b5cce49e64597,c76dd6f3c17103439dfb85094b25f725c8a46fabf6288b0b9e6743774739eb3e,PASS,"All four interleaver configurations share payload, noise, burst start and frame sequence."
CC,CC_EsN0_8.5_burst_0.050000000000000003_RANDOM,8.5,0.050000000000000003,RANDOM,4,1,1,1,1,08ec7ceefd5edddc416430cf958972d88028591172aa30858db77bb3b3d6f815,ac9e56be9674b2959aee8a068a31aafed2b056ef958164a35928f0eb9c7493f3,727479f3d7b6f321e63f35d9939f564cdefdb0fd4bee2e91c43d7f9b983ab975,c76dd6f3c17103439dfb85094b25f725c8a46fabf6288b0b9e6743774739eb3e,PASS,"All four interleaver configurations share payload, noise, burst start and frame sequence."
CC,CC_EsN0_8.5_burst_0.050000000000000003_TAIL,8.5,0.050000000000000003,TAIL,4,1,1,1,1,08ec7ceefd5edddc416430cf958972d88028591172aa30858db77bb3b3d6f815,ac9e56be9674b2959aee8a068a31aafed2b056ef958164a35928f0eb9c7493f3,f6b13592c6a1c708cbcaa3e6b35f881242d9c91aa48740beb7dfda742a3a8694,c76dd6f3c17103439dfb85094b25f725c8a46fabf6288b0b9e6743774739eb3e,PASS,"All four interleaver configurations share payload, noise, burst start and frame sequence."
CC,CC_EsN0_8.5_burst_0.050000000000000003_THREE_QUARTER,8.5,0.050000000000000003,THREE_QUARTER,4,1,1,1,1,08ec7ceefd5edddc416430cf958972d88028591172aa30858db77bb3b3d6f815,ac9e56be9674b2959aee8a068a31aafed2b056ef958164a35928f0eb9c7493f3,c4201a36e8389236a84998ac9b61c840bf3be5218969bd4811ccd9338a0a1ab0,c76dd6f3c17103439dfb85094b25f725c8a46fabf6288b0b9e6743774739eb3e,PASS,"All four interleaver configurations share payload, noise, burst start and frame sequence."
CC,CC_EsN0_8.5_burst_0.10000000000000001_HEAD,8.5,0.10000000000000001,HEAD,4,1,1,1,1,08ec7ceefd5edddc416430cf958972d88028591172aa30858db77bb3b3d6f815,ac9e56be9674b2959aee8a068a31aafed2b056ef958164a35928f0eb9c7493f3,c324396b615ecfff2e457f0ff1d8cbe81838840aec7bceb6d6ef9d0937617711,c76dd6f3c17103439dfb85094b25f725c8a46fabf6288b0b9e6743774739eb3e,PASS,"All four interleaver configurations share payload, noise, burst start and frame sequence."
CC,CC_EsN0_8.5_burst_0.10000000000000001_MIDDLE,8.5,0.10000000000000001,MIDDLE,4,1,1,1,1,08ec7ceefd5edddc416430cf958972d88028591172aa30858db77bb3b3d6f815,ac9e56be9674b2959aee8a068a31aafed2b056ef958164a35928f0eb9c7493f3,99a092448ed42180903cfc0220fce3a5544b874f4535661c1643e4a33e150508,c76dd6f3c17103439dfb85094b25f725c8a46fabf6288b0b9e6743774739eb3e,PASS,"All four interleaver configurations share payload, noise, burst start and frame sequence."
CC,CC_EsN0_8.5_burst_0.10000000000000001_QUARTER,8.5,0.10000000000000001,QUARTER,4,1,1,1,1,08ec7ceefd5edddc416430cf958972d88028591172aa30858db77bb3b3d6f815,ac9e56be9674b2959aee8a068a31aafed2b056ef958164a35928f0eb9c7493f3,65d43aedfc85d2cf50c59c439fdb0efc99d854b31ae23068cee46aefb81ece9d,c76dd6f3c17103439dfb85094b25f725c8a46fabf6288b0b9e6743774739eb3e,PASS,"All four interleaver configurations share payload, noise, burst start and frame sequence."
CC,CC_EsN0_8.5_burst_0.10000000000000001_RANDOM,8.5,0.10000000000000001,RANDOM,4,1,1,1,1,08ec7ceefd5edddc416430cf958972d88028591172aa30858db77bb3b3d6f815,ac9e56be9674b2959aee8a068a31aafed2b056ef958164a35928f0eb9c7493f3,d73998b1e17cbbc6cb4b13860640c89919d1ca3feea4c264741944225b960092,c76dd6f3c17103439dfb85094b25f725c8a46fabf6288b0b9e6743774739eb3e,PASS,"All four interleaver configurations share payload, noise, burst start and frame sequence."
CC,CC_EsN0_8.5_burst_0.10000000000000001_TAIL,8.5,0.10000000000000001,TAIL,4,1,1,1,1,08ec7ceefd5edddc416430cf958972d88028591172aa30858db77bb3b3d6f815,ac9e56be9674b2959aee8a068a31aafed2b056ef958164a35928f0eb9c7493f3,f6879b518bb5067dfc3a078c5c5b096acd5dc9a4e6cf25195584fce2bbdfcff5,c76dd6f3c17103439dfb85094b25f725c8a46fabf6288b0b9e6743774739eb3e,PASS,"All four interleaver configurations share payload, noise, burst start and frame sequence."
CC,CC_EsN0_8.5_burst_0.10000000000000001_THREE_QUARTER,8.5,0.10000000000000001,THREE_QUARTER,4,1,1,1,1,08ec7ceefd5edddc416430cf958972d88028591172aa30858db77bb3b3d6f815,ac9e56be9674b2959aee8a068a31aafed2b056ef958164a35928f0eb9c7493f3,925b598b952c39eaa6eabacd7e8f9c0ca105363bdf5b8b2b6ae659433b9e383b,c76dd6f3c17103439dfb85094b25f725c8a46fabf6288b0b9e6743774739eb3e,PASS,"All four interleaver configurations share payload, noise, burst start and frame sequence."
CC,CC_EsN0_9_burst_0.02_HEAD,9,0.02,HEAD,4,1,1,1,1,08ec7ceefd5edddc416430cf958972d88028591172aa30858db77bb3b3d6f815,ac9e56be9674b2959aee8a068a31aafed2b056ef958164a35928f0eb9c7493f3,f0e1f6e82903f8c98fe871ea9b05e156da4305fdff95aa37c325c0289bf10f6f,c76dd6f3c17103439dfb85094b25f725c8a46fabf6288b0b9e6743774739eb3e,PASS,"All four interleaver configurations share payload, noise, burst start and frame sequence."
CC,CC_EsN0_9_burst_0.02_MIDDLE,9,0.02,MIDDLE,4,1,1,1,1,2a8df18597c790705ce9731a50264573bf6b69dab5938d39290ce4fbdbc6ba06,ef04c0eff8990f8da24d3011c8f71cad2c17b98f92e63402f684272e09aaf18e,a77383ef0013394b8d5c6908a70f230c95f6857a6ddd7777c5df00bd5355281e,48c9c022f0db8b5737059d2aebccd926a4d5a43d78ec8434ec008b162317dd83,PASS,"All four interleaver configurations share payload, noise, burst start and frame sequence."
CC,CC_EsN0_9_burst_0.02_QUARTER,9,0.02,QUARTER,4,1,1,1,1,08ec7ceefd5edddc416430cf958972d88028591172aa30858db77bb3b3d6f815,ac9e56be9674b2959aee8a068a31aafed2b056ef958164a35928f0eb9c7493f3,39c5d52c01ce879d96dd95c00c6a468a870b6ee6a31fc4ee755083ab940c1116,c76dd6f3c17103439dfb85094b25f725c8a46fabf6288b0b9e6743774739eb3e,PASS,"All four interleaver configurations share payload, noise, burst start and frame sequence."
CC,CC_EsN0_9_burst_0.02_RANDOM,9,0.02,RANDOM,4,1,1,1,1,08ec7ceefd5edddc416430cf958972d88028591172aa30858db77bb3b3d6f815,ac9e56be9674b2959aee8a068a31aafed2b056ef958164a35928f0eb9c7493f3,59a1e8e474dec5aa9d6c073e7ca26c5fd545f0b7df504079e994ea96d033c6f7,c76dd6f3c17103439dfb85094b25f725c8a46fabf6288b0b9e6743774739eb3e,PASS,"All four interleaver configurations share payload, noise, burst start and frame sequence."
CC,CC_EsN0_9_burst_0.02_TAIL,9,0.02,TAIL,4,1,1,1,1,08ec7ceefd5edddc416430cf958972d88028591172aa30858db77bb3b3d6f815,ac9e56be9674b2959aee8a068a31aafed2b056ef958164a35928f0eb9c7493f3,8fff70873a2d2a064d7f2e4f043881e68eddb9164a145d994af6fed687848704,c76dd6f3c17103439dfb85094b25f725c8a46fabf6288b0b9e6743774739eb3e,PASS,"All four interleaver configurations share payload, noise, burst start and frame sequence."
CC,CC_EsN0_9_burst_0.02_THREE_QUARTER,9,0.02,THREE_QUARTER,4,1,1,1,1,0b6265fc3417140ef037c4e94d278ab79b7287ea9b4e49b6fd756ceb30bbcd7e,adc416b4d720dbde2b7357180edf3c10d48ac4056c60e72f21fe2b5f5aa5e87c,da5c442f955e5dd16d49168facd30fdd769f27d3b789e54dc4c37762914c10a5,655562cd117f61a9347633852f0fdef771e465dd4e9136d3e4dec6a2635df2df,PASS,"All four interleaver configurations share payload, noise, burst start and frame sequence."
CC,CC_EsN0_9_burst_0.050000000000000003_HEAD,9,0.050000000000000003,HEAD,4,1,1,1,1,08ec7ceefd5edddc416430cf958972d88028591172aa30858db77bb3b3d6f815,ac9e56be9674b2959aee8a068a31aafed2b056ef958164a35928f0eb9c7493f3,0c79440d07fc8b2fd679a1ecfd881260c38df03f251058f993ce83c1ce71f8ce,c76dd6f3c17103439dfb85094b25f725c8a46fabf6288b0b9e6743774739eb3e,PASS,"All four interleaver configurations share payload, noise, burst start and frame sequence."
CC,CC_EsN0_9_burst_0.050000000000000003_MIDDLE,9,0.050000000000000003,MIDDLE,4,1,1,1,1,08ec7ceefd5edddc416430cf958972d88028591172aa30858db77bb3b3d6f815,ac9e56be9674b2959aee8a068a31aafed2b056ef958164a35928f0eb9c7493f3,49a58081ad494916be7ef69554edef45c18cbfdb24dd9ac822d637b8db7eb80d,c76dd6f3c17103439dfb85094b25f725c8a46fabf6288b0b9e6743774739eb3e,PASS,"All four interleaver configurations share payload, noise, burst start and frame sequence."
CC,CC_EsN0_9_burst_0.050000000000000003_QUARTER,9,0.050000000000000003,QUARTER,4,1,1,1,1,08ec7ceefd5edddc416430cf958972d88028591172aa30858db77bb3b3d6f815,ac9e56be9674b2959aee8a068a31aafed2b056ef958164a35928f0eb9c7493f3,aebe1c0b6608f12e5613f803f00db1badce4159b9922e2d0746b5cce49e64597,c76dd6f3c17103439dfb85094b25f725c8a46fabf6288b0b9e6743774739eb3e,PASS,"All four interleaver configurations share payload, noise, burst start and frame sequence."
CC,CC_EsN0_9_burst_0.050000000000000003_RANDOM,9,0.050000000000000003,RANDOM,4,1,1,1,1,08ec7ceefd5edddc416430cf958972d88028591172aa30858db77bb3b3d6f815,ac9e56be9674b2959aee8a068a31aafed2b056ef958164a35928f0eb9c7493f3,727479f3d7b6f321e63f35d9939f564cdefdb0fd4bee2e91c43d7f9b983ab975,c76dd6f3c17103439dfb85094b25f725c8a46fabf6288b0b9e6743774739eb3e,PASS,"All four interleaver configurations share payload, noise, burst start and frame sequence."
CC,CC_EsN0_9_burst_0.050000000000000003_TAIL,9,0.050000000000000003,TAIL,4,1,1,1,1,08ec7ceefd5edddc416430cf958972d88028591172aa30858db77bb3b3d6f815,ac9e56be9674b2959aee8a068a31aafed2b056ef958164a35928f0eb9c7493f3,f6b13592c6a1c708cbcaa3e6b35f881242d9c91aa48740beb7dfda742a3a8694,c76dd6f3c17103439dfb85094b25f725c8a46fabf6288b0b9e6743774739eb3e,PASS,"All four interleaver configurations share payload, noise, burst start and frame sequence."
CC,CC_EsN0_9_burst_0.050000000000000003_THREE_QUARTER,9,0.050000000000000003,THREE_QUARTER,4,1,1,1,1,08ec7ceefd5edddc416430cf958972d88028591172aa30858db77bb3b3d6f815,ac9e56be9674b2959aee8a068a31aafed2b056ef958164a35928f0eb9c7493f3,c4201a36e8389236a84998ac9b61c840bf3be5218969bd4811ccd9338a0a1ab0,c76dd6f3c17103439dfb85094b25f725c8a46fabf6288b0b9e6743774739eb3e,PASS,"All four interleaver configurations share payload, noise, burst start and frame sequence."
CC,CC_EsN0_9_burst_0.10000000000000001_HEAD,9,0.10000000000000001,HEAD,4,1,1,1,1,08ec7ceefd5edddc416430cf958972d88028591172aa30858db77bb3b3d6f815,ac9e56be9674b2959aee8a068a31aafed2b056ef958164a35928f0eb9c7493f3,c324396b615ecfff2e457f0ff1d8cbe81838840aec7bceb6d6ef9d0937617711,c76dd6f3c17103439dfb85094b25f725c8a46fabf6288b0b9e6743774739eb3e,PASS,"All four interleaver configurations share payload, noise, burst start and frame sequence."
CC,CC_EsN0_9_burst_0.10000000000000001_MIDDLE,9,0.10000000000000001,MIDDLE,4,1,1,1,1,08ec7ceefd5edddc416430cf958972d88028591172aa30858db77bb3b3d6f815,ac9e56be9674b2959aee8a068a31aafed2b056ef958164a35928f0eb9c7493f3,99a092448ed42180903cfc0220fce3a5544b874f4535661c1643e4a33e150508,c76dd6f3c17103439dfb85094b25f725c8a46fabf6288b0b9e6743774739eb3e,PASS,"All four interleaver configurations share payload, noise, burst start and frame sequence."
CC,CC_EsN0_9_burst_0.10000000000000001_QUARTER,9,0.10000000000000001,QUARTER,4,1,1,1,1,08ec7ceefd5edddc416430cf958972d88028591172aa30858db77bb3b3d6f815,ac9e56be9674b2959aee8a068a31aafed2b056ef958164a35928f0eb9c7493f3,65d43aedfc85d2cf50c59c439fdb0efc99d854b31ae23068cee46aefb81ece9d,c76dd6f3c17103439dfb85094b25f725c8a46fabf6288b0b9e6743774739eb3e,PASS,"All four interleaver configurations share payload, noise, burst start and frame sequence."
CC,CC_EsN0_9_burst_0.10000000000000001_RANDOM,9,0.10000000000000001,RANDOM,4,1,1,1,1,08ec7ceefd5edddc416430cf958972d88028591172aa30858db77bb3b3d6f815,ac9e56be9674b2959aee8a068a31aafed2b056ef958164a35928f0eb9c7493f3,d73998b1e17cbbc6cb4b13860640c89919d1ca3feea4c264741944225b960092,c76dd6f3c17103439dfb85094b25f725c8a46fabf6288b0b9e6743774739eb3e,PASS,"All four interleaver configurations share payload, noise, burst start and frame sequence."
CC,CC_EsN0_9_burst_0.10000000000000001_TAIL,9,0.10000000000000001,TAIL,4,1,1,1,1,08ec7ceefd5edddc416430cf958972d88028591172aa30858db77bb3b3d6f815,ac9e56be9674b2959aee8a068a31aafed2b056ef958164a35928f0eb9c7493f3,f6879b518bb5067dfc3a078c5c5b096acd5dc9a4e6cf25195584fce2bbdfcff5,c76dd6f3c17103439dfb85094b25f725c8a46fabf6288b0b9e6743774739eb3e,PASS,"All four interleaver configurations share payload, noise, burst start and frame sequence."
CC,CC_EsN0_9_burst_0.10000000000000001_THREE_QUARTER,9,0.10000000000000001,THREE_QUARTER,4,1,1,1,1,08ec7ceefd5edddc416430cf958972d88028591172aa30858db77bb3b3d6f815,ac9e56be9674b2959aee8a068a31aafed2b056ef958164a35928f0eb9c7493f3,925b598b952c39eaa6eabacd7e8f9c0ca105363bdf5b8b2b6ae659433b9e383b,c76dd6f3c17103439dfb85094b25f725c8a46fabf6288b0b9e6743774739eb3e,PASS,"All four interleaver configurations share payload, noise, burst start and frame sequence."
CC,CC_EsN0_9.5_burst_0.02_HEAD,9.5,0.02,HEAD,4,1,1,1,1,08ec7ceefd5edddc416430cf958972d88028591172aa30858db77bb3b3d6f815,ac9e56be9674b2959aee8a068a31aafed2b056ef958164a35928f0eb9c7493f3,f0e1f6e82903f8c98fe871ea9b05e156da4305fdff95aa37c325c0289bf10f6f,c76dd6f3c17103439dfb85094b25f725c8a46fabf6288b0b9e6743774739eb3e,PASS,"All four interleaver configurations share payload, noise, burst start and frame sequence."
CC,CC_EsN0_9.5_burst_0.02_MIDDLE,9.5,0.02,MIDDLE,4,1,1,1,1,2d09fdaf42eea5af11b1fe2473e0330bc0bbe6c0c517ee8872ea3c7e499cdc4a,5d2bc2276ad430a0ff71ba451249e012e6267ec6e522fa2b4fd173a3d459d756,35b7714ff3de463e7b814ada4155957bc4cb603ab11f7c92b236a10af0e28901,3222d03bb17d6d6357b0e8981962fdabf8d8de61bd3fc7c1b449fa3bf4ab0478,PASS,"All four interleaver configurations share payload, noise, burst start and frame sequence."
CC,CC_EsN0_9.5_burst_0.02_QUARTER,9.5,0.02,QUARTER,4,1,1,1,1,08ec7ceefd5edddc416430cf958972d88028591172aa30858db77bb3b3d6f815,ac9e56be9674b2959aee8a068a31aafed2b056ef958164a35928f0eb9c7493f3,39c5d52c01ce879d96dd95c00c6a468a870b6ee6a31fc4ee755083ab940c1116,c76dd6f3c17103439dfb85094b25f725c8a46fabf6288b0b9e6743774739eb3e,PASS,"All four interleaver configurations share payload, noise, burst start and frame sequence."
CC,CC_EsN0_9.5_burst_0.02_RANDOM,9.5,0.02,RANDOM,4,1,1,1,1,08ec7ceefd5edddc416430cf958972d88028591172aa30858db77bb3b3d6f815,ac9e56be9674b2959aee8a068a31aafed2b056ef958164a35928f0eb9c7493f3,59a1e8e474dec5aa9d6c073e7ca26c5fd545f0b7df504079e994ea96d033c6f7,c76dd6f3c17103439dfb85094b25f725c8a46fabf6288b0b9e6743774739eb3e,PASS,"All four interleaver configurations share payload, noise, burst start and frame sequence."
CC,CC_EsN0_9.5_burst_0.02_TAIL,9.5,0.02,TAIL,4,1,1,1,1,08ec7ceefd5edddc416430cf958972d88028591172aa30858db77bb3b3d6f815,ac9e56be9674b2959aee8a068a31aafed2b056ef958164a35928f0eb9c7493f3,8fff70873a2d2a064d7f2e4f043881e68eddb9164a145d994af6fed687848704,c76dd6f3c17103439dfb85094b25f725c8a46fabf6288b0b9e6743774739eb3e,PASS,"All four interleaver configurations share payload, noise, burst start and frame sequence."
CC,CC_EsN0_9.5_burst_0.02_THREE_QUARTER,9.5,0.02,THREE_QUARTER,4,1,1,1,1,2c766f18708ea7d4ed2d0b23f8294454bc6219ddac32b5b94e26ffd8b3619a99,8388d7c1a8c5f0ec3acabe2280251e500edcada5a8c265f29b17f3115e30be19,49e5ae2f098593ea2e5de45936dc467f6a0dc0b33301db2e6f86261616a3fd75,3bced7222c6db1fc92853cec9dffdc5f78049bf94b9f8cbfa892f6995018e84d,PASS,"All four interleaver configurations share payload, noise, burst start and frame sequence."
CC,CC_EsN0_9.5_burst_0.050000000000000003_HEAD,9.5,0.050000000000000003,HEAD,4,1,1,1,1,08ec7ceefd5edddc416430cf958972d88028591172aa30858db77bb3b3d6f815,ac9e56be9674b2959aee8a068a31aafed2b056ef958164a35928f0eb9c7493f3,0c79440d07fc8b2fd679a1ecfd881260c38df03f251058f993ce83c1ce71f8ce,c76dd6f3c17103439dfb85094b25f725c8a46fabf6288b0b9e6743774739eb3e,PASS,"All four interleaver configurations share payload, noise, burst start and frame sequence."
CC,CC_EsN0_9.5_burst_0.050000000000000003_MIDDLE,9.5,0.050000000000000003,MIDDLE,4,1,1,1,1,08ec7ceefd5edddc416430cf958972d88028591172aa30858db77bb3b3d6f815,ac9e56be9674b2959aee8a068a31aafed2b056ef958164a35928f0eb9c7493f3,49a58081ad494916be7ef69554edef45c18cbfdb24dd9ac822d637b8db7eb80d,c76dd6f3c17103439dfb85094b25f725c8a46fabf6288b0b9e6743774739eb3e,PASS,"All four interleaver configurations share payload, noise, burst start and frame sequence."
CC,CC_EsN0_9.5_burst_0.050000000000000003_QUARTER,9.5,0.050000000000000003,QUARTER,4,1,1,1,1,08ec7ceefd5edddc416430cf958972d88028591172aa30858db77bb3b3d6f815,ac9e56be9674b2959aee8a068a31aafed2b056ef958164a35928f0eb9c7493f3,aebe1c0b6608f12e5613f803f00db1badce4159b9922e2d0746b5cce49e64597,c76dd6f3c17103439dfb85094b25f725c8a46fabf6288b0b9e6743774739eb3e,PASS,"All four interleaver configurations share payload, noise, burst start and frame sequence."
CC,CC_EsN0_9.5_burst_0.050000000000000003_RANDOM,9.5,0.050000000000000003,RANDOM,4,1,1,1,1,08ec7ceefd5edddc416430cf958972d88028591172aa30858db77bb3b3d6f815,ac9e56be9674b2959aee8a068a31aafed2b056ef958164a35928f0eb9c7493f3,727479f3d7b6f321e63f35d9939f564cdefdb0fd4bee2e91c43d7f9b983ab975,c76dd6f3c17103439dfb85094b25f725c8a46fabf6288b0b9e6743774739eb3e,PASS,"All four interleaver configurations share payload, noise, burst start and frame sequence."
CC,CC_EsN0_9.5_burst_0.050000000000000003_TAIL,9.5,0.050000000000000003,TAIL,4,1,1,1,1,08ec7ceefd5edddc416430cf958972d88028591172aa30858db77bb3b3d6f815,ac9e56be9674b2959aee8a068a31aafed2b056ef958164a35928f0eb9c7493f3,f6b13592c6a1c708cbcaa3e6b35f881242d9c91aa48740beb7dfda742a3a8694,c76dd6f3c17103439dfb85094b25f725c8a46fabf6288b0b9e6743774739eb3e,PASS,"All four interleaver configurations share payload, noise, burst start and frame sequence."
CC,CC_EsN0_9.5_burst_0.050000000000000003_THREE_QUARTER,9.5,0.050000000000000003,THREE_QUARTER,4,1,1,1,1,08ec7ceefd5edddc416430cf958972d88028591172aa30858db77bb3b3d6f815,ac9e56be9674b2959aee8a068a31aafed2b056ef958164a35928f0eb9c7493f3,c4201a36e8389236a84998ac9b61c840bf3be5218969bd4811ccd9338a0a1ab0,c76dd6f3c17103439dfb85094b25f725c8a46fabf6288b0b9e6743774739eb3e,PASS,"All four interleaver configurations share payload, noise, burst start and frame sequence."
CC,CC_EsN0_9.5_burst_0.10000000000000001_HEAD,9.5,0.10000000000000001,HEAD,4,1,1,1,1,08ec7ceefd5edddc416430cf958972d88028591172aa30858db77bb3b3d6f815,ac9e56be9674b2959aee8a068a31aafed2b056ef958164a35928f0eb9c7493f3,c324396b615ecfff2e457f0ff1d8cbe81838840aec7bceb6d6ef9d0937617711,c76dd6f3c17103439dfb85094b25f725c8a46fabf6288b0b9e6743774739eb3e,PASS,"All four interleaver configurations share payload, noise, burst start and frame sequence."
CC,CC_EsN0_9.5_burst_0.10000000000000001_MIDDLE,9.5,0.10000000000000001,MIDDLE,4,1,1,1,1,08ec7ceefd5edddc416430cf958972d88028591172aa30858db77bb3b3d6f815,ac9e56be9674b2959aee8a068a31aafed2b056ef958164a35928f0eb9c7493f3,99a092448ed42180903cfc0220fce3a5544b874f4535661c1643e4a33e150508,c76dd6f3c17103439dfb85094b25f725c8a46fabf6288b0b9e6743774739eb3e,PASS,"All four interleaver configurations share payload, noise, burst start and frame sequence."
CC,CC_EsN0_9.5_burst_0.10000000000000001_QUARTER,9.5,0.10000000000000001,QUARTER,4,1,1,1,1,08ec7ceefd5edddc416430cf958972d88028591172aa30858db77bb3b3d6f815,ac9e56be9674b2959aee8a068a31aafed2b056ef958164a35928f0eb9c7493f3,65d43aedfc85d2cf50c59c439fdb0efc99d854b31ae23068cee46aefb81ece9d,c76dd6f3c17103439dfb85094b25f725c8a46fabf6288b0b9e6743774739eb3e,PASS,"All four interleaver configurations share payload, noise, burst start and frame sequence."
CC,CC_EsN0_9.5_burst_0.10000000000000001_RANDOM,9.5,0.10000000000000001,RANDOM,4,1,1,1,1,08ec7ceefd5edddc416430cf958972d88028591172aa30858db77bb3b3d6f815,ac9e56be9674b2959aee8a068a31aafed2b056ef958164a35928f0eb9c7493f3,d73998b1e17cbbc6cb4b13860640c89919d1ca3feea4c264741944225b960092,c76dd6f3c17103439dfb85094b25f725c8a46fabf6288b0b9e6743774739eb3e,PASS,"All four interleaver configurations share payload, noise, burst start and frame sequence."
CC,CC_EsN0_9.5_burst_0.10000000000000001_TAIL,9.5,0.10000000000000001,TAIL,4,1,1,1,1,08ec7ceefd5edddc416430cf958972d88028591172aa30858db77bb3b3d6f815,ac9e56be9674b2959aee8a068a31aafed2b056ef958164a35928f0eb9c7493f3,f6879b518bb5067dfc3a078c5c5b096acd5dc9a4e6cf25195584fce2bbdfcff5,c76dd6f3c17103439dfb85094b25f725c8a46fabf6288b0b9e6743774739eb3e,PASS,"All four interleaver configurations share payload, noise, burst start and frame sequence."
CC,CC_EsN0_9.5_burst_0.10000000000000001_THREE_QUARTER,9.5,0.10000000000000001,THREE_QUARTER,4,1,1,1,1,08ec7ceefd5edddc416430cf958972d88028591172aa30858db77bb3b3d6f815,ac9e56be9674b2959aee8a068a31aafed2b056ef958164a35928f0eb9c7493f3,925b598b952c39eaa6eabacd7e8f9c0ca105363bdf5b8b2b6ae659433b9e383b,c76dd6f3c17103439dfb85094b25f725c8a46fabf6288b0b9e6743774739eb3e,PASS,"All four interleaver configurations share payload, noise, burst start and frame sequence."
CC,CC_EsN0_10_burst_0.02_HEAD,10,0.02,HEAD,4,1,1,1,1,08ec7ceefd5edddc416430cf958972d88028591172aa30858db77bb3b3d6f815,ac9e56be9674b2959aee8a068a31aafed2b056ef958164a35928f0eb9c7493f3,f0e1f6e82903f8c98fe871ea9b05e156da4305fdff95aa37c325c0289bf10f6f,c76dd6f3c17103439dfb85094b25f725c8a46fabf6288b0b9e6743774739eb3e,PASS,"All four interleaver configurations share payload, noise, burst start and frame sequence."
CC,CC_EsN0_10_burst_0.02_MIDDLE,10,0.02,MIDDLE,4,1,1,1,1,3a4d03b3acd52a899a08e55702ee7da3391327247e23e65da152a35392047004,e7f548e5232b33c5f63e8e39f99de460e3ddee53a32519e9501df8582497feea,f7a044af1892a3c13d0373c8b075e95c15c1a1c408e4301c48e49edb1cb01778,def21711ee6ec62d5e150676efb65f6efb63474bcc65c84bb02f08f5292da6b7,PASS,"All four interleaver configurations share payload, noise, burst start and frame sequence."
CC,CC_EsN0_10_burst_0.02_QUARTER,10,0.02,QUARTER,4,1,1,1,1,08ec7ceefd5edddc416430cf958972d88028591172aa30858db77bb3b3d6f815,ac9e56be9674b2959aee8a068a31aafed2b056ef958164a35928f0eb9c7493f3,39c5d52c01ce879d96dd95c00c6a468a870b6ee6a31fc4ee755083ab940c1116,c76dd6f3c17103439dfb85094b25f725c8a46fabf6288b0b9e6743774739eb3e,PASS,"All four interleaver configurations share payload, noise, burst start and frame sequence."
CC,CC_EsN0_10_burst_0.02_RANDOM,10,0.02,RANDOM,4,1,1,1,1,08ec7ceefd5edddc416430cf958972d88028591172aa30858db77bb3b3d6f815,ac9e56be9674b2959aee8a068a31aafed2b056ef958164a35928f0eb9c7493f3,59a1e8e474dec5aa9d6c073e7ca26c5fd545f0b7df504079e994ea96d033c6f7,c76dd6f3c17103439dfb85094b25f725c8a46fabf6288b0b9e6743774739eb3e,PASS,"All four interleaver configurations share payload, noise, burst start and frame sequence."
CC,CC_EsN0_10_burst_0.02_TAIL,10,0.02,TAIL,4,1,1,1,1,08ec7ceefd5edddc416430cf958972d88028591172aa30858db77bb3b3d6f815,ac9e56be9674b2959aee8a068a31aafed2b056ef958164a35928f0eb9c7493f3,8fff70873a2d2a064d7f2e4f043881e68eddb9164a145d994af6fed687848704,c76dd6f3c17103439dfb85094b25f725c8a46fabf6288b0b9e6743774739eb3e,PASS,"All four interleaver configurations share payload, noise, burst start and frame sequence."
CC,CC_EsN0_10_burst_0.02_THREE_QUARTER,10,0.02,THREE_QUARTER,4,1,1,1,1,950ac2ffa7a7b241fc4fab1ed299813e59a7a2e6074a5e3464a748413f48f6b7,fdda8d3eb6a735670ffbca17ba5730123bfeb577e0040691ce66871fa4b48e9b,71647e78ddd95ed129bc3b1f2e4663399c48b28a85c48f4afcd341fa7fb496a1,b8922c497e99af6d3f54916d369fc09ace41100888b6971ef1a514e67046a15f,PASS,"All four interleaver configurations share payload, noise, burst start and frame sequence."
CC,CC_EsN0_10_burst_0.050000000000000003_HEAD,10,0.050000000000000003,HEAD,4,1,1,1,1,08ec7ceefd5edddc416430cf958972d88028591172aa30858db77bb3b3d6f815,ac9e56be9674b2959aee8a068a31aafed2b056ef958164a35928f0eb9c7493f3,0c79440d07fc8b2fd679a1ecfd881260c38df03f251058f993ce83c1ce71f8ce,c76dd6f3c17103439dfb85094b25f725c8a46fabf6288b0b9e6743774739eb3e,PASS,"All four interleaver configurations share payload, noise, burst start and frame sequence."
CC,CC_EsN0_10_burst_0.050000000000000003_MIDDLE,10,0.050000000000000003,MIDDLE,4,1,1,1,1,08ec7ceefd5edddc416430cf958972d88028591172aa30858db77bb3b3d6f815,ac9e56be9674b2959aee8a068a31aafed2b056ef958164a35928f0eb9c7493f3,49a58081ad494916be7ef69554edef45c18cbfdb24dd9ac822d637b8db7eb80d,c76dd6f3c17103439dfb85094b25f725c8a46fabf6288b0b9e6743774739eb3e,PASS,"All four interleaver configurations share payload, noise, burst start and frame sequence."
CC,CC_EsN0_10_burst_0.050000000000000003_QUARTER,10,0.050000000000000003,QUARTER,4,1,1,1,1,08ec7ceefd5edddc416430cf958972d88028591172aa30858db77bb3b3d6f815,ac9e56be9674b2959aee8a068a31aafed2b056ef958164a35928f0eb9c7493f3,aebe1c0b6608f12e5613f803f00db1badce4159b9922e2d0746b5cce49e64597,c76dd6f3c17103439dfb85094b25f725c8a46fabf6288b0b9e6743774739eb3e,PASS,"All four interleaver configurations share payload, noise, burst start and frame sequence."
CC,CC_EsN0_10_burst_0.050000000000000003_RANDOM,10,0.050000000000000003,RANDOM,4,1,1,1,1,08ec7ceefd5edddc416430cf958972d88028591172aa30858db77bb3b3d6f815,ac9e56be9674b2959aee8a068a31aafed2b056ef958164a35928f0eb9c7493f3,727479f3d7b6f321e63f35d9939f564cdefdb0fd4bee2e91c43d7f9b983ab975,c76dd6f3c17103439dfb85094b25f725c8a46fabf6288b0b9e6743774739eb3e,PASS,"All four interleaver configurations share payload, noise, burst start and frame sequence."
CC,CC_EsN0_10_burst_0.050000000000000003_TAIL,10,0.050000000000000003,TAIL,4,1,1,1,1,08ec7ceefd5edddc416430cf958972d88028591172aa30858db77bb3b3d6f815,ac9e56be9674b2959aee8a068a31aafed2b056ef958164a35928f0eb9c7493f3,f6b13592c6a1c708cbcaa3e6b35f881242d9c91aa48740beb7dfda742a3a8694,c76dd6f3c17103439dfb85094b25f725c8a46fabf6288b0b9e6743774739eb3e,PASS,"All four interleaver configurations share payload, noise, burst start and frame sequence."
CC,CC_EsN0_10_burst_0.050000000000000003_THREE_QUARTER,10,0.050000000000000003,THREE_QUARTER,4,1,1,1,1,08ec7ceefd5edddc416430cf958972d88028591172aa30858db77bb3b3d6f815,ac9e56be9674b2959aee8a068a31aafed2b056ef958164a35928f0eb9c7493f3,c4201a36e8389236a84998ac9b61c840bf3be5218969bd4811ccd9338a0a1ab0,c76dd6f3c17103439dfb85094b25f725c8a46fabf6288b0b9e6743774739eb3e,PASS,"All four interleaver configurations share payload, noise, burst start and frame sequence."
CC,CC_EsN0_10_burst_0.10000000000000001_HEAD,10,0.10000000000000001,HEAD,4,1,1,1,1,08ec7ceefd5edddc416430cf958972d88028591172aa30858db77bb3b3d6f815,ac9e56be9674b2959aee8a068a31aafed2b056ef958164a35928f0eb9c7493f3,c324396b615ecfff2e457f0ff1d8cbe81838840aec7bceb6d6ef9d0937617711,c76dd6f3c17103439dfb85094b25f725c8a46fabf6288b0b9e6743774739eb3e,PASS,"All four interleaver configurations share payload, noise, burst start and frame sequence."
CC,CC_EsN0_10_burst_0.10000000000000001_MIDDLE,10,0.10000000000000001,MIDDLE,4,1,1,1,1,08ec7ceefd5edddc416430cf958972d88028591172aa30858db77bb3b3d6f815,ac9e56be9674b2959aee8a068a31aafed2b056ef958164a35928f0eb9c7493f3,99a092448ed42180903cfc0220fce3a5544b874f4535661c1643e4a33e150508,c76dd6f3c17103439dfb85094b25f725c8a46fabf6288b0b9e6743774739eb3e,PASS,"All four interleaver configurations share payload, noise, burst start and frame sequence."
CC,CC_EsN0_10_burst_0.10000000000000001_QUARTER,10,0.10000000000000001,QUARTER,4,1,1,1,1,08ec7ceefd5edddc416430cf958972d88028591172aa30858db77bb3b3d6f815,ac9e56be9674b2959aee8a068a31aafed2b056ef958164a35928f0eb9c7493f3,65d43aedfc85d2cf50c59c439fdb0efc99d854b31ae23068cee46aefb81ece9d,c76dd6f3c17103439dfb85094b25f725c8a46fabf6288b0b9e6743774739eb3e,PASS,"All four interleaver configurations share payload, noise, burst start and frame sequence."
CC,CC_EsN0_10_burst_0.10000000000000001_RANDOM,10,0.10000000000000001,RANDOM,4,1,1,1,1,08ec7ceefd5edddc416430cf958972d88028591172aa30858db77bb3b3d6f815,ac9e56be9674b2959aee8a068a31aafed2b056ef958164a35928f0eb9c7493f3,d73998b1e17cbbc6cb4b13860640c89919d1ca3feea4c264741944225b960092,c76dd6f3c17103439dfb85094b25f725c8a46fabf6288b0b9e6743774739eb3e,PASS,"All four interleaver configurations share payload, noise, burst start and frame sequence."
CC,CC_EsN0_10_burst_0.10000000000000001_TAIL,10,0.10000000000000001,TAIL,4,1,1,1,1,08ec7ceefd5edddc416430cf958972d88028591172aa30858db77bb3b3d6f815,ac9e56be9674b2959aee8a068a31aafed2b056ef958164a35928f0eb9c7493f3,f6879b518bb5067dfc3a078c5c5b096acd5dc9a4e6cf25195584fce2bbdfcff5,c76dd6f3c17103439dfb85094b25f725c8a46fabf6288b0b9e6743774739eb3e,PASS,"All four interleaver configurations share payload, noise, burst start and frame sequence."
CC,CC_EsN0_10_burst_0.10000000000000001_THREE_QUARTER,10,0.10000000000000001,THREE_QUARTER,4,1,1,1,1,08ec7ceefd5edddc416430cf958972d88028591172aa30858db77bb3b3d6f815,ac9e56be9674b2959aee8a068a31aafed2b056ef958164a35928f0eb9c7493f3,925b598b952c39eaa6eabacd7e8f9c0ca105363bdf5b8b2b6ae659433b9e383b,c76dd6f3c17103439dfb85094b25f725c8a46fabf6288b0b9e6743774739eb3e,PASS,"All four interleaver configurations share payload, noise, burst start and frame sequence."
