rateCase,snrDb,esN0Db,ebN0Db,actualRate,sigmaSquared,quantMode,quantBits,clipMax,quantStep,frames,bitErrors,frameErrors,BER,FER,berCiLow,berCiHigh,ferCiLow,ferCiHigh,avgDecodeTimeUs,medianDecodeTimeUs,p95DecodeTimeUs,maxDecodeTimeUs,inputMemoryBytes,pathMetricMemoryBytes,survivorMemoryBytes,totalDecoderMemoryBytes,trueClipCount,trueClipRatePercent,edgeBinCount,edgeBinRatePercent,integerOverflowCount,pathMetricSaturationCount,relativeBerIncreaseVsFloat,relativeFerIncreaseVsFloat,payloadSeed,noiseSeed,frameIndex,caseId,sourceNoiseId,gridLayer,stopReason,timingBatchCount
R12,-5,-5,-1.9036983257410123,0.49019607843137253,1.5811388300841895,Q3,3,1.5,0.5,1000,122362,1000,0.40787333333333331,1,0.40611596288186919,0.40963306309322872,0.99617324151444497,1,323.17700000000008,289,433.10000000000002,1813.3,230,512,58752,59494,225232,36.802614379084964,279798,45.718627450980392,0,0,0.038620853563304233,0,2026072001,2026072902,0-999,CC-B-R12-S-Q3,STAGE11-1200,coarse,TARGET_ERRORS_REACHED,5
R12,-4.5,-4.5,-1.4036983257410123,0.49019607843137253,1.4091914656322269,Q3,3,1.5,0.5,1000,109813,1000,0.36604333333333333,1,0.36432127218828803,0.36776882502790931,0.99617324151444497,1,326.29220000000015,292.39999999999998,420.69999999999999,1070.5,230,512,58752,59494,216299,35.342973856209149,272344,44.500653594771244,0,0,0.056778266434421097,0,2026072001,2026072902,0-999,CC-B-R12-S-Q3,STAGE11-1200,coarse,TARGET_ERRORS_REACHED,5
R12,-4,-4,-0.90369832574101228,0.49019607843137253,1.2559432157547903,Q3,3,1.5,0.5,1000,93258,1000,0.31086000000000003,1,0.30920618939755656,0.31251865436389542,0.99617324151444497,1,324.14049999999997,284.39999999999998,432,1000.6,230,512,58752,59494,207936,33.976470588235294,265365,43.360294117647058,0,0,0.083425305249950815,0,2026072001,2026072902,0-999,CC-B-R12-S-Q3,STAGE11-1200,coarse,TARGET_ERRORS_REACHED,5
R12,-3.5,-3.5,-0.40369832574101228,0.49019607843137253,1.1193605692841697,Q3,3,1.5,0.5,1000,71673,998,0.23891000000000001,0.998,0.23738746136275152,0.24043922499485387,0.99273719213650791,0.99945135641187932,322.74170000000004,288.69999999999999,419.19999999999999,664.39999999999998,230,512,58752,59494,199825,32.651143790849673,258677,42.267483660130722,0,0,0.10442862426035501,0,2026072001,2026072902,0-999,CC-B-R12-S-Q3,STAGE11-1200,coarse,TARGET_ERRORS_REACHED,5
R12,-3,-3,0.096301674258987724,0.49019607843137253,0.99763115748443987,Q3,3,1.5,0.5,1000,49525,981,0.16508333333333333,0.98099999999999998,0.16375912622318334,0.16641611745754492,0.97051554408768681,0.98780311424920908,351.04220000000009,370.30000000000001,435.69999999999999,1049.0999999999999,230,512,58752,59494,191876,31.352287581699347,252534,41.26372549019608,0,0,0.1597817432438762,0.01552795031055902,2026072001,2026072902,0-999,CC-B-R12-S-Q3,STAGE11-1200,coarse,TARGET_ERRORS_REACHED,5
R12,-2.5,-2.5,0.59630167425898772,0.49019607843137253,0.88913970501946138,Q3,3,1.5,0.5,1000,30056,924,0.10018666666666666,0.92400000000000004,0.099117374307120046,0.10126619800481097,0.90590435687595172,0.93885055192829769,354.92269999999968,370.69999999999999,457,2535.5,230,512,58752,59494,184255,30.107026143790851,246655,40.303104575163395,0,0,0.24414272704694095,0.066974595842956175,2026072001,2026072902,0-999,CC-B-R12-S-Q3,STAGE11-1200,coarse,TARGET_ERRORS_REACHED,5
R12,-2,-2,1.0963016742589877,0.49019607843137253,0.79244659623055669,Q3,3,1.5,0.5,1000,15083,752,0.050276666666666664,0.752,0.049500476555546104,0.051064373921416488,0.72430355802502444,0.77776775569825574,348.94600000000003,362.10000000000002,438.30000000000001,1125.7,230,512,58752,59494,176633,28.861601307189542,241345,39.435457516339866,0,0,0.31167927645882232,0.12406576980568006,2026072001,2026072902,0-999,CC-B-R12-S-Q3,STAGE11-1200,coarse,TARGET_ERRORS_REACHED,5
R12,-1.5,-1.5,1.5963016742589877,0.49019607843137253,0.70626877231137719,Q3,3,1.5,0.5,1000,6515,510,0.021716666666666665,0.51000000000000001,0.021201183797772798,0.022244398083583715,0.47903749580454597,0.54088596902574282,357.88990000000024,373,453.89999999999998,1267,230,512,58752,59494,169144,27.637908496732027,236200,38.594771241830067,0,0,0.406216274552126,0.29770992366412213,2026072001,2026072902,0-999,CC-B-R12-S-Q3,STAGE11-1200,coarse,TARGET_ERRORS_REACHED,5
R12,-1,-1,2.0963016742589877,0.49019607843137253,0.62946270589708364,Q3,3,1.5,0.5,1123,2654,283,0.0078777085188483226,0.25200356188780054,0.0075847441726197354,0.0081818954590923698,0.22748537731539764,0.27821261095090799,365.22288512911842,373.10000000000002,441.30000000000001,3293.3000000000002,230,512,58752,59494,181460,26.402784325365648,259580,37.769396865305936,0,0,0.46710889994472066,0.41500000000000009,2026072001,2026072902,0-1122,CC-B-R12-S-Q3,STAGE11-1200,coarse,TARGET_ERRORS_REACHED,5
R12,-0.5,-0.5,2.5963016742589877,0.49019607843137253,0.56100922715098167,Q3,3,1.5,0.5,2830,2210,309,0.0026030624263839812,0.10918727915194346,0.0024969045212463502,0.0027137214415517983,0.098222255301353423,0.12121184779045255,358.86508833922318,374,427.5,1283.8,230,512,58752,59494,437957,25.286784914201252,641991,37.067311023349269,0,0,0.61078717201166177,0.54499999999999982,2026072001,2026072902,0-2829,CC-B-R12-S-Q3,STAGE11-1200,coarse,TARGET_ERRORS_REACHED,5
R12,0,0,3.0963016742589877,0.49019607843137253,0.5,Q3,3,1.5,0.5,10180,2051,351,0.00067157825802226592,0.034479371316306483,0.00064314489140996191,0.00070126777863417189,0.031106957288136478,0.03820298451278703,387.6788015717097,383.60000000000002,498.19999999999999,13639.4,230,512,58752,59494,1495345,24.001711031498388,2260209,36.278506491005047,0,0,0.79126637554585166,0.755,2026072001,2026072902,0-10179,CC-B-R12-S-Q3,STAGE11-1200,coarse,TARGET_ERRORS_REACHED,5
R12,0.5,0.5,3.5963016742589877,0.49019607843137253,0.44562546906687278,Q3,3,1.5,0.5,38219,1856,399,0.00016187411148032828,0.010439833590622465,0.00015467588480983362,0.00016940726875851422,0.0094688941961533993,0.011509176198863059,402.00818441089444,393,510.5,48888.199999999997,230,512,58752,59494,5312905,22.714402052019775,8294474,35.461582175104709,0,0,1.0877390326209224,0.99499999999999977,2026072001,2026072902,0-38218,CC-B-R12-S-Q3,STAGE11-1200,coarse,TARGET_ERRORS_REACHED,5
R12,1,1,4.0963016742589877,0.49019607843137253,0.39716411736214075,Q3,3,1.5,0.5,50000,536,127,3.5733333333333332e-05,0.0025400000000000002,3.2833622238623991e-05,3.8889123314757372e-05,0.0021353892432223543,0.0030210437686899894,396.09045399999746,392.80000000000001,508.10000000000002,33794.099999999999,230,512,58752,59494,6546712,21.394483660130717,10593693,34.619911764705883,0,0,1.3612334801762114,1.54,2026072001,2026072902,0-49999,CC-B-R12-S-Q3,STAGE11-1200,coarse,MAX_FRAMES_REACHED,5
R12,1.5,1.5,4.5963016742589877,0.49019607843137253,0.35397289219206896,Q3,3,1.5,0.5,50000,86,25,5.7333333333333332e-06,0.00050000000000000001,4.6429067424736068e-06,7.079854176739112e-06,0.00033871117174399089,0.00073803527912686448,395.91940200000101,393.80000000000001,507.5,49183,230,512,58752,59494,6134099,20.046075163398694,10327188,33.748980392156859,0,0,2.4399999999999995,2.5714285714285716,2026072001,2026072902,0-49999,CC-B-R12-S-Q3,STAGE11-1200,coarse,MAX_FRAMES_REACHED,5
R12,2,2,5.0963016742589877,0.49019607843137253,0.31547867224009662,Q3,3,1.5,0.5,50000,25,7,1.6666666666666667e-06,0.00013999999999999999,1.1289639272114893e-06,2.4604657415917013e-06,6.781887437968768e-05,0.00028898288924855225,393.5477560000021,390,500.89999999999998,27451.599999999999,230,512,58752,59494,5714684,18.675437908496733,10048919,32.839604575163399,0,0,7.3333333333333339,2.4999999999999996,2026072001,2026072902,0-49999,CC-B-R12-S-Q3,STAGE11-1200,coarse,MAX_FRAMES_REACHED,5
R12,2.5,2.5,5.5963016742589877,0.49019607843137253,0.28117066259517454,Q3,3,1.5,0.5,50000,0,0,0,0,0,2.5609718912715457e-07,0,7.6823274145000517e-05,372.22394199999661,378.89999999999998,465.19999999999999,11018.4,230,512,58752,59494,5291800,17.293464052287582,9758953,31.892003267973855,0,0,0,0,2026072001,2026072902,0-49999,CC-B-R12-S-Q3,STAGE11-1200,coarse,MAX_FRAMES_REACHED,5
R12,3,3,6.0963016742589877,0.49019607843137253,0.25059361681363618,Q3,3,1.5,0.5,50000,0,0,0,0,0,2.5609718912715457e-07,0,7.6823274145000517e-05,363.20082799999773,375.10000000000002,463.39999999999998,11525.200000000001,230,512,58752,59494,4865108,15.899045751633986,9453824,30.894849673202614,0,0,0,0,2026072001,2026072902,0-49999,CC-B-R12-S-Q3,STAGE11-1200,coarse,MAX_FRAMES_REACHED,5
R12,3.5,3.5,6.5963016742589877,0.49019607843137253,0.22334179607548157,Q3,3,1.5,0.5,50000,0,0,0,0,0,2.5609718912715457e-07,0,7.6823274145000517e-05,369.11683000000215,376,472.80000000000001,36683.099999999999,230,512,58752,59494,4439012,14.506575163398693,9136851,29.85899019607843,0,0,0,0,2026072001,2026072902,0-49999,CC-B-R12-S-Q3,STAGE11-1200,coarse,MAX_FRAMES_REACHED,5
R12,4,4,7.0963016742589877,0.49019607843137253,0.19905358527674863,Q3,3,1.5,0.5,50000,0,0,0,0,0,2.5609718912715457e-07,0,7.6823274145000517e-05,390.01755800000228,385,508.19999999999999,43806.199999999997,230,512,58752,59494,4016460,13.125686274509803,8806708,28.780091503267975,0,0,0,0,2026072001,2026072902,0-49999,CC-B-R12-S-Q3,STAGE11-1200,coarse,MAX_FRAMES_REACHED,5
R12,4.5,4.5,7.5963016742589877,0.49019607843137253,0.17740669461678774,Q3,3,1.5,0.5,50000,0,0,0,0,0,2.5609718912715457e-07,0,7.6823274145000517e-05,422.05358000000365,406.30000000000001,599.29999999999995,38532,230,512,58752,59494,3599556,11.763254901960785,8463669,27.659049019607842,0,0,0,0,2026072001,2026072902,0-49999,CC-B-R12-S-Q3,STAGE11-1200,coarse,MAX_FRAMES_REACHED,5
R12,5,5,8.0963016742589886,0.49019607843137253,0.15811388300841897,Q3,3,1.5,0.5,50000,0,0,0,0,0,2.5609718912715457e-07,0,7.6823274145000517e-05,415.50952599999721,406.60000000000002,601.60000000000002,22051.799999999999,230,512,58752,59494,3193824,10.437333333333333,8107648,26.495581699346406,0,0,0,0,2026072001,2026072902,0-49999,CC-B-R12-S-Q3,STAGE11-1200,coarse,MAX_FRAMES_REACHED,5
R12,5.5,5.5,8.5963016742589886,0.49019607843137253,0.14091914656322269,Q3,3,1.5,0.5,50000,0,0,0,0,0,2.5609718912715457e-07,0,7.6823274145000517e-05,414.7821959999975,406,599,18014.900000000001,230,512,58752,59494,2799629,9.1491143790849669,7737612,25.286313725490196,0,0,0,0,2026072001,2026072902,0-49999,CC-B-R12-S-Q3,STAGE11-1200,coarse,MAX_FRAMES_REACHED,5
R12,6,6,9.0963016742589886,0.49019607843137253,0.12559432157547901,Q3,3,1.5,0.5,50000,0,0,0,0,0,2.5609718912715457e-07,0,7.6823274145000517e-05,404.91978799999646,402.80000000000001,594,19271.799999999999,230,512,58752,59494,2422462,7.9165424836601304,7357668,24.044666666666668,0,0,0,0,2026072001,2026072902,0-49999,CC-B-R12-S-Q3,STAGE11-1200,coarse,MAX_FRAMES_REACHED,5
R12,6.5,6.5,9.5963016742589886,0.49019607843137253,0.11193605692841696,Q3,3,1.5,0.5,50000,0,0,0,0,0,2.5609718912715457e-07,0,7.6823274145000517e-05,374.91126199999911,371.5,531.10000000000002,17824.400000000001,230,512,58752,59494,2067511,6.7565718954248366,6964737,22.760578431372551,0,0,0,0,2026072001,2026072902,0-49999,CC-B-R12-S-Q3,STAGE11-1200,coarse,MAX_FRAMES_REACHED,5
R12,7,7,10.096301674258989,0.49019607843137253,0.099763115748444001,Q3,3,1.5,0.5,50000,0,0,0,0,0,2.5609718912715457e-07,0,7.6823274145000517e-05,361.52084400000041,326.30000000000001,499.30000000000001,17101.599999999999,230,512,58752,59494,1736696,5.6754771241830069,6562264,21.445307189542483,0,0,0,0,2026072001,2026072902,0-49999,CC-B-R12-S-Q3,STAGE11-1200,coarse,MAX_FRAMES_REACHED,5
R12,7.5,7.5,10.596301674258989,0.49019607843137253,0.088913970501946132,Q3,3,1.5,0.5,50000,0,0,0,0,0,2.5609718912715457e-07,0,7.6823274145000517e-05,357.72158000000127,318.30000000000001,493.10000000000002,7389.3999999999996,230,512,58752,59494,1433020,4.6830718954248365,6150802,20.100660130718953,0,0,0,0,2026072001,2026072902,0-49999,CC-B-R12-S-Q3,STAGE11-1200,coarse,MAX_FRAMES_REACHED,5
R12,8,8,11.096301674258989,0.49019607843137253,0.079244659623055658,Q3,3,1.5,0.5,50000,0,0,0,0,0,2.5609718912715457e-07,0,7.6823274145000517e-05,356.53934400000168,312.10000000000002,494.5,10259.9,230,512,58752,59494,1159701,3.7898725490196079,5731972,18.731934640522876,0,0,0,0,2026072001,2026072902,0-49999,CC-B-R12-S-Q3,STAGE11-1200,coarse,MAX_FRAMES_REACHED,5
R12,8.5,8.5,11.596301674258989,0.49019607843137253,0.070626877231137725,Q3,3,1.5,0.5,50000,0,0,0,0,0,2.5609718912715457e-07,0,7.6823274145000517e-05,414.74875799999887,397.39999999999998,616.5,50210.699999999997,230,512,58752,59494,917790,2.9993137254901963,5309049,17.349833333333333,0,0,0,0,2026072001,2026072902,0-49999,CC-B-R12-S-Q3,STAGE11-1200,coarse,MAX_FRAMES_REACHED,5
R12,9,9,12.096301674258989,0.49019607843137253,0.06294627058970835,Q3,3,1.5,0.5,50000,0,0,0,0,0,2.5609718912715457e-07,0,7.6823274145000517e-05,445.27539599999892,409.60000000000002,684.5,75889.899999999994,230,512,58752,59494,708655,2.3158660130718953,4882643,15.956349673202615,0,0,0,0,2026072001,2026072902,0-49999,CC-B-R12-S-Q3,STAGE11-1200,coarse,MAX_FRAMES_REACHED,5
R12,9.5,9.5,12.596301674258989,0.49019607843137253,0.05610092271509818,Q3,3,1.5,0.5,50000,0,0,0,0,0,2.5609718912715457e-07,0,7.6823274145000517e-05,448.80974199999861,411.30000000000001,706.39999999999998,35565.199999999997,230,512,58752,59494,532721,1.7409183006535949,4456628,14.564143790849673,0,0,0,0,2026072001,2026072902,0-49999,CC-B-R12-S-Q3,STAGE11-1200,coarse,MAX_FRAMES_REACHED,5
R12,10,10,13.096301674258989,0.49019607843137253,0.050000000000000003,Q3,3,1.5,0.5,50000,0,0,0,0,0,2.5609718912715457e-07,0,7.6823274145000517e-05,472.66758999999729,418.5,741,119158,230,512,58752,59494,388972,1.2711503267973856,4033821,13.182421568627451,0,0,0,0,2026072001,2026072902,0-49999,CC-B-R12-S-Q3,STAGE11-1200,coarse,MAX_FRAMES_REACHED,5
R12,-5,-5,-1.9036983257410123,0.49019607843137253,1.5811388300841895,Q4,4,1.5,0.21428571428571427,1000,120408,1000,0.40135999999999999,1,0.39960724238987855,0.4031152837210954,0.99617324151444497,1,309.86019999999968,272.39999999999998,400.39999999999998,3517,306,512,58752,59570,225232,36.802614379084964,247866,40.500980392156862,0,0,0.022035106780294061,0,2026072001,2026072902,0-999,CC-B-R12-S-Q4,STAGE11-1200,coarse,TARGET_ERRORS_REACHED,5
R12,-4.5,-4.5,-1.4036983257410123,0.49019607843137253,1.4091914656322269,Q4,4,1.5,0.21428571428571427,1000,107667,1000,0.35888999999999999,1,0.35717535402138889,0.36060825972069888,0.99617324151444497,1,313.13070000000039,281.10000000000002,405.89999999999998,767.20000000000005,306,512,58752,59570,216299,35.342973856209149,239547,39.141666666666666,0,0,0.036126374948274004,0,2026072001,2026072902,0-999,CC-B-R12-S-Q4,STAGE11-1200,coarse,TARGET_ERRORS_REACHED,5
R12,-4,-4,-0.90369832574101228,0.49019607843137253,1.2559432157547903,Q4,4,1.5,0.21428571428571427,1000,89754,1000,0.29918,1,0.29754404014494029,0.30082110273427498,0.99617324151444497,1,312.02409999999992,277.5,405.80000000000001,749.60000000000002,306,512,58752,59570,207936,33.976470588235294,231574,37.838888888888889,0,0,0.042717566829699086,0,2026072001,2026072902,0-999,CC-B-R12-S-Q4,STAGE11-1200,coarse,TARGET_ERRORS_REACHED,5
R12,-3.5,-3.5,-0.40369832574101228,0.49019607843137253,1.1193605692841697,Q4,4,1.5,0.21428571428571427,1000,67956,998,0.22652,0.998,0.2250256678076456,0.22802133585039536,0.99273719213650791,0.99945135641187932,309.88899999999956,271.69999999999999,401.5,848.29999999999995,306,512,58752,59570,199825,32.651143790849673,224139,36.624019607843138,0,0,0.047152366863905261,0,2026072001,2026072902,0-999,CC-B-R12-S-Q4,STAGE11-1200,coarse,TARGET_ERRORS_REACHED,5
R12,-3,-3,0.096301674258987724,0.49019607843137253,0.99763115748443987,Q4,4,1.5,0.21428571428571427,1000,46555,979,0.15518333333333334,0.97899999999999998,0.15389208882110492,0.15648340839265903,0.96810970493876247,0.98622426043207578,338.86360000000047,357.80000000000001,422.19999999999999,974.89999999999998,306,512,58752,59570,191876,31.352287581699347,216900,35.441176470588232,0,0,0.09022996580956405,0.013457556935817818,2026072001,2026072902,0-999,CC-B-R12-S-Q4,STAGE11-1200,coarse,TARGET_ERRORS_REACHED,5
R12,-2.5,-2.5,0.59630167425898772,0.49019607843137253,0.88913970501946138,Q4,4,1.5,0.21428571428571427,1000,26957,899,0.089856666666666668,0.89900000000000002,0.088838577249553283,0.090885259607454402,0.87877025738092618,0.91617598934760092,340.74830000000003,359.30000000000001,422.5,1441.4000000000001,306,512,58752,59570,184255,30.107026143790851,209958,34.306862745098037,0,0,0.11586224025167653,0.038106235565819893,2026072001,2026072902,0-999,CC-B-R12-S-Q4,STAGE11-1200,coarse,TARGET_ERRORS_REACHED,5
R12,-2,-2,1.0963016742589877,0.49019607843137253,0.79244659623055669,Q4,4,1.5,0.21428571428571427,1000,12893,704,0.04297666666666667,0.70399999999999996,0.042256786450066086,0.043708250975498603,0.67496965687587274,0.73146902566202066,341.99270000000013,357.60000000000002,441.19999999999999,1304.5999999999999,306,512,58752,59570,176633,28.861601307189542,203312,33.220915032679741,0,0,0.12122793286372728,0.052316890881913179,2026072001,2026072902,0-999,CC-B-R12-S-Q4,STAGE11-1200,coarse,TARGET_ERRORS_REACHED,5
R12,-1.5,-1.5,1.5963016742589877,0.49019607843137253,0.70626877231137719,Q4,4,1.5,0.21428571428571427,1000,5369,444,0.017896666666666668,0.44400000000000001,0.017428394590858952,0.018377285118396196,0.41347775946028981,0.47495083749009243,340.72059999999993,359.60000000000002,429.5,1389.5,306,512,58752,59570,169144,27.637908496732027,196631,32.129248366013073,0,0,0.15886034966544368,0.12977099236641218,2026072001,2026072902,0-999,CC-B-R12-S-Q4,STAGE11-1200,coarse,TARGET_ERRORS_REACHED,5
R12,-1,-1,2.0963016742589877,0.49019607843137253,0.62946270589708364,Q4,4,1.5,0.21428571428571427,1123,2117,224,0.0062837637281092313,0.19946571682991987,0.0060225028578664852,0.0065562835414529792,0.1771363701292038,0.22384413629764771,356.66553873553005,364.39999999999998,445.19999999999999,2219.1999999999998,306,512,58752,59570,181460,26.402784325365648,213485,31.062484358540093,0,0,0.17025981205085675,0.12000000000000012,2026072001,2026072902,0-1122,CC-B-R12-S-Q4,STAGE11-1200,coarse,TARGET_ERRORS_REACHED,5
R12,-0.5,-0.5,2.5963016742589877,0.49019607843137253,0.56100922715098167,Q4,4,1.5,0.21428571428571427,2830,1579,228,0.0018598351001177856,0.080565371024734989,0.0017704126194902669,0.0019537654164863269,0.071097196633914617,0.091170687968231606,347.42282685512384,363,427.80000000000001,1039.0999999999999,306,512,58752,59570,437957,25.286784914201252,521021,30.082738631377168,0,0,0.15087463556851305,0.14000000000000004,2026072001,2026072902,0-2829,CC-B-R12-S-Q4,STAGE11-1200,coarse,TARGET_ERRORS_REACHED,5
R12,0,0,3.0963016742589877,0.49019607843137253,0.5,Q4,4,1.5,0.21428571428571427,10180,1356,228,0.00044400785854616895,0.022396856581532416,0.00042100067112503102,0.00046827177246279536,0.019697502600007029,0.025456525050571166,375.84277996070847,372.60000000000002,475,11271.9,306,512,58752,59570,1495345,24.001711031498388,1805242,28.975852947596852,0,0,0.18427947598253275,0.13999999999999999,2026072001,2026072902,0-10179,CC-B-R12-S-Q4,STAGE11-1200,coarse,TARGET_ERRORS_REACHED,5
R12,0.5,0.5,3.5963016742589877,0.49019607843137253,0.44562546906687278,Q4,4,1.5,0.21428571428571427,38219,1114,251,9.7159353550153939e-05,0.0065674141133990945,9.1619207998787578e-05,0.00010303447307315693,0.005805733986107355,0.0074282758235940391,387.05938407598359,381.89999999999998,494.89999999999998,13125.799999999999,306,512,58752,59570,5312905,22.714402052019775,6512636,27.843643453526436,0,0,0.25309336332958382,0.25499999999999989,2026072001,2026072902,0-38218,CC-B-R12-S-Q4,STAGE11-1200,coarse,TARGET_ERRORS_REACHED,5
R12,1,1,4.0963016742589877,0.49019607843137253,0.39716411736214075,Q4,4,1.5,0.21428571428571427,50000,296,67,1.9733333333333333e-05,0.00134,1.7609722677491339e-05,2.2113031071000082e-05,0.0010553957032662614,0.0017012216845040304,384.03310400000373,381.5,494.69999999999999,37817.800000000003,306,512,58752,59570,6546712,21.394483660130717,8163339,26.677578431372549,0,0,0.30396475770925113,0.34000000000000002,2026072001,2026072902,0-49999,CC-B-R12-S-Q4,STAGE11-1200,coarse,MAX_FRAMES_REACHED,5
R12,1.5,1.5,4.5963016742589877,0.49019607843137253,0.35397289219206896,Q4,4,1.5,0.21428571428571427,50000,27,7,1.7999999999999999e-06,0.00013999999999999999,1.2371281417013567e-06,2.6189681254759166e-06,6.781887437968768e-05,0.00028898288924855225,381.66603799999945,382.5,492.60000000000002,44055.099999999999,306,512,58752,59570,6134099,20.046075163398694,7794040,25.470718954248365,0,0,0.07999999999999996,0,2026072001,2026072902,0-49999,CC-B-R12-S-Q4,STAGE11-1200,coarse,MAX_FRAMES_REACHED,5
R12,2,2,5.0963016742589877,0.49019607843137253,0.31547867224009662,Q4,4,1.5,0.21428571428571427,50000,3,2,1.9999999999999999e-07,4.0000000000000003e-05,6.8018050835858217e-08,5.8807903585242071e-07,1.0969511301390302e-05,0.00014584761698167861,380.46591799999709,378.5,486.60000000000002,27083.200000000001,306,512,58752,59570,5714684,18.675437908496733,7414897,24.231689542483661,0,0,0,0,2026072001,2026072902,0-49999,CC-B-R12-S-Q4,STAGE11-1200,coarse,MAX_FRAMES_REACHED,5
R12,2.5,2.5,5.5963016742589877,0.49019607843137253,0.28117066259517454,Q4,4,1.5,0.21428571428571427,50000,2,1,1.3333333333333334e-07,2.0000000000000002e-05,3.6564809978675663e-08,4.8619897752256183e-07,3.530499822832098e-06,0.00011328970139120264,360.33036800000139,368,451.5,31569.700000000001,306,512,58752,59570,5291800,17.293464052287582,7023516,22.952666666666666,0,0,1,1,2026072001,2026072902,0-49999,CC-B-R12-S-Q4,STAGE11-1200,coarse,MAX_FRAMES_REACHED,5
R12,3,3,6.0963016742589877,0.49019607843137253,0.25059361681363618,Q4,4,1.5,0.21428571428571427,50000,0,0,0,0,0,2.5609718912715457e-07,0,7.6823274145000517e-05,352.18915199999975,364.69999999999999,452.10000000000002,9717.8999999999996,306,512,58752,59570,4865108,15.899045751633986,6622579,21.64241503267974,0,0,0,0,2026072001,2026072902,0-49999,CC-B-R12-S-Q4,STAGE11-1200,coarse,MAX_FRAMES_REACHED,5
R12,3.5,3.5,6.5963016742589877,0.49019607843137253,0.22334179607548157,Q4,4,1.5,0.21428571428571427,50000,0,0,0,0,0,2.5609718912715457e-07,0,7.6823274145000517e-05,358.19102000000106,365.39999999999998,458.5,72383.899999999994,306,512,58752,59570,4439012,14.506575163398693,6212521,20.302356209150325,0,0,0,0,2026072001,2026072902,0-49999,CC-B-R12-S-Q4,STAGE11-1200,coarse,MAX_FRAMES_REACHED,5
R12,4,4,7.0963016742589877,0.49019607843137253,0.19905358527674863,Q4,4,1.5,0.21428571428571427,50000,0,0,0,0,0,2.5609718912715457e-07,0,7.6823274145000517e-05,377.33017999999748,373.60000000000002,494,14585.700000000001,306,512,58752,59570,4016460,13.125686274509803,5794430,18.936045751633987,0,0,0,0,2026072001,2026072902,0-49999,CC-B-R12-S-Q4,STAGE11-1200,coarse,MAX_FRAMES_REACHED,5
R12,4.5,4.5,7.5963016742589877,0.49019607843137253,0.17740669461678774,Q4,4,1.5,0.21428571428571427,50000,0,0,0,0,0,2.5609718912715457e-07,0,7.6823274145000517e-05,407.92235999999724,394.30000000000001,582.20000000000005,39353,306,512,58752,59570,3599556,11.763254901960785,5371696,17.554562091503268,0,0,0,0,2026072001,2026072902,0-49999,CC-B-R12-S-Q4,STAGE11-1200,coarse,MAX_FRAMES_REACHED,5
R12,5,5,8.0963016742589886,0.49019607843137253,0.15811388300841897,Q4,4,1.5,0.21428571428571427,50000,0,0,0,0,0,2.5609718912715457e-07,0,7.6823274145000517e-05,404.17268999999999,394.60000000000002,584.39999999999998,26512.299999999999,306,512,58752,59570,3193824,10.437333333333333,4946140,16.163856209150328,0,0,0,0,2026072001,2026072902,0-49999,CC-B-R12-S-Q4,STAGE11-1200,coarse,MAX_FRAMES_REACHED,5
R12,5.5,5.5,8.5963016742589886,0.49019607843137253,0.14091914656322269,Q4,4,1.5,0.21428571428571427,50000,0,0,0,0,0,2.5609718912715457e-07,0,7.6823274145000517e-05,400.45476399999603,394.19999999999999,574.5,19648.5,306,512,58752,59570,2799629,9.1491143790849669,4519547,14.769761437908496,0,0,0,0,2026072001,2026072902,0-49999,CC-B-R12-S-Q4,STAGE11-1200,coarse,MAX_FRAMES_REACHED,5
R12,6,6,9.0963016742589886,0.49019607843137253,0.12559432157547901,Q4,4,1.5,0.21428571428571427,50000,0,0,0,0,0,2.5609718912715457e-07,0,7.6823274145000517e-05,392.53483999999861,391.30000000000001,568.60000000000002,23155.200000000001,306,512,58752,59570,2422462,7.9165424836601304,4095918,13.385352941176471,0,0,0,0,2026072001,2026072902,0-49999,CC-B-R12-S-Q4,STAGE11-1200,coarse,MAX_FRAMES_REACHED,5
R12,6.5,6.5,9.5963016742589886,0.49019607843137253,0.11193605692841696,Q4,4,1.5,0.21428571428571427,50000,0,0,0,0,0,2.5609718912715457e-07,0,7.6823274145000517e-05,363.97091799999947,360.60000000000002,514.39999999999998,25456.299999999999,306,512,58752,59570,2067511,6.7565718954248366,3678251,12.020428104575164,0,0,0,0,2026072001,2026072902,0-49999,CC-B-R12-S-Q4,STAGE11-1200,coarse,MAX_FRAMES_REACHED,5
R12,7,7,10.096301674258989,0.49019607843137253,0.099763115748444001,Q4,4,1.5,0.21428571428571427,50000,0,0,0,0,0,2.5609718912715457e-07,0,7.6823274145000517e-05,349.31679800000086,316,484,11926.1,306,512,58752,59570,1736696,5.6754771241830069,3269446,10.684464052287582,0,0,0,0,2026072001,2026072902,0-49999,CC-B-R12-S-Q4,STAGE11-1200,coarse,MAX_FRAMES_REACHED,5
R12,7.5,7.5,10.596301674258989,0.49019607843137253,0.088913970501946132,Q4,4,1.5,0.21428571428571427,50000,0,0,0,0,0,2.5609718912715457e-07,0,7.6823274145000517e-05,348.04604199999937,306.60000000000002,485.60000000000002,13766.799999999999,306,512,58752,59570,1433020,4.6830718954248365,2872672,9.3878169934640514,0,0,0,0,2026072001,2026072902,0-49999,CC-B-R12-S-Q4,STAGE11-1200,coarse,MAX_FRAMES_REACHED,5
R12,8,8,11.096301674258989,0.49019607843137253,0.079244659623055658,Q4,4,1.5,0.21428571428571427,50000,0,0,0,0,0,2.5609718912715457e-07,0,7.6823274145000517e-05,348.368378000002,300.69999999999999,485.10000000000002,19602.900000000001,306,512,58752,59570,1159701,3.7898725490196079,2492627,8.1458398692810459,0,0,0,0,2026072001,2026072902,0-49999,CC-B-R12-S-Q4,STAGE11-1200,coarse,MAX_FRAMES_REACHED,5
R12,8.5,8.5,11.596301674258989,0.49019607843137253,0.070626877231137725,Q4,4,1.5,0.21428571428571427,50000,0,0,0,0,0,2.5609718912715457e-07,0,7.6823274145000517e-05,402.77881000000014,387.10000000000002,602.60000000000002,56552.300000000003,306,512,58752,59570,917790,2.9993137254901963,2132962,6.970464052287582,0,0,0,0,2026072001,2026072902,0-49999,CC-B-R12-S-Q4,STAGE11-1200,coarse,MAX_FRAMES_REACHED,5
R12,9,9,12.096301674258989,0.49019607843137253,0.06294627058970835,Q4,4,1.5,0.21428571428571427,50000,0,0,0,0,0,2.5609718912715457e-07,0,7.6823274145000517e-05,433.24223799999953,399.39999999999998,663.79999999999995,44345,306,512,58752,59570,708655,2.3158660130718953,1797326,5.8736143790849678,0,0,0,0,2026072001,2026072902,0-49999,CC-B-R12-S-Q4,STAGE11-1200,coarse,MAX_FRAMES_REACHED,5
R12,9.5,9.5,12.596301674258989,0.49019607843137253,0.05610092271509818,Q4,4,1.5,0.21428571428571427,50000,0,0,0,0,0,2.5609718912715457e-07,0,7.6823274145000517e-05,435.48012400000027,401.19999999999999,675.79999999999995,59473,306,512,58752,59570,532721,1.7409183006535949,1488078,4.8630000000000004,0,0,0,0,2026072001,2026072902,0-49999,CC-B-R12-S-Q4,STAGE11-1200,coarse,MAX_FRAMES_REACHED,5
R12,10,10,13.096301674258989,0.49019607843137253,0.050000000000000003,Q4,4,1.5,0.21428571428571427,50000,0,0,0,0,0,2.5609718912715457e-07,0,7.6823274145000517e-05,460.96995400000145,408.69999999999999,733.29999999999995,48670.5,306,512,58752,59570,388972,1.2711503267973856,1208662,3.949875816993464,0,0,0,0,2026072001,2026072902,0-49999,CC-B-R12-S-Q4,STAGE11-1200,coarse,MAX_FRAMES_REACHED,5
R12,-5,-5,-1.9036983257410123,0.49019607843137253,1.5811388300841895,Q5,5,1.5,0.10000000000000001,1000,120955,1000,0.40318333333333334,1,0.4014292520425945,0.40493989404057795,0.99617324151444497,1,303.20910000000015,268.89999999999998,394.80000000000001,975.10000000000002,383,512,58752,59647,225232,36.802614379084964,235691,38.511601307189544,0,0,0.026678097307574838,0,2026072001,2026072902,0-999,CC-B-R12-S-Q5,STAGE11-1200,coarse,TARGET_ERRORS_REACHED,5
R12,-4.5,-4.5,-1.4036983257410123,0.49019607843137253,1.4091914656322269,Q5,5,1.5,0.10000000000000001,1000,107104,1000,0.35701333333333335,1,0.35530070117380003,0.3587296272952572,0.99617324151444497,1,308.00090000000006,273.89999999999998,401.89999999999998,1050.0999999999999,383,512,58752,59647,216299,35.342973856209149,227044,37.098692810457514,0,0,0.030708381049531868,0,2026072001,2026072902,0-999,CC-B-R12-S-Q5,STAGE11-1200,coarse,TARGET_ERRORS_REACHED,5
R12,-4,-4,-0.90369832574101228,0.49019607843137253,1.2559432157547903,Q5,5,1.5,0.10000000000000001,1000,89351,1000,0.29783666666666669,1,0.29620284057234153,0.29947567004216452,0.99617324151444497,1,305.68419999999992,269.80000000000001,396.39999999999998,793.79999999999995,383,512,58752,59647,207936,33.976470588235294,218832,35.75686274509804,0,0,0.038035712211159964,0,2026072001,2026072902,0-999,CC-B-R12-S-Q5,STAGE11-1200,coarse,TARGET_ERRORS_REACHED,5
R12,-3.5,-3.5,-0.40369832574101228,0.49019607843137253,1.1193605692841697,Q5,5,1.5,0.10000000000000001,1000,67302,996,0.22434000000000001,0.996,0.22285082142470683,0.22583623806182082,0.98976044372273775,0.99844341185959162,303.84990000000005,267,396.39999999999998,927.20000000000005,383,512,58752,59647,199825,32.651143790849673,210853,34.453104575163401,0,0,0.037074704142011826,-0.0020040080160320657,2026072001,2026072902,0-999,CC-B-R12-S-Q5,STAGE11-1200,coarse,TARGET_ERRORS_REACHED,5
R12,-3,-3,0.096301674258987724,0.49019607843137253,0.99763115748443987,Q5,5,1.5,0.10000000000000001,1000,45155,976,0.15051666666666666,0.97599999999999998,0.14924159226929126,0.15180069112166125,0.96453709438838853,0.98381983153336294,331.49839999999966,351.60000000000002,423.69999999999999,773.79999999999995,383,512,58752,59647,191876,31.352287581699347,203407,33.236437908496733,0,0,0.057444616177228229,0.010351966873706014,2026072001,2026072902,0-999,CC-B-R12-S-Q5,STAGE11-1200,coarse,TARGET_ERRORS_REACHED,5
R12,-2.5,-2.5,0.59630167425898772,0.49019607843137253,0.88913970501946138,Q5,5,1.5,0.10000000000000001,1000,26054,892,0.086846666666666669,0.89200000000000002,0.085844238777530377,0.087859675163763931,0.87124101990987668,0.90975880143744814,340.22310000000016,354.10000000000002,432.60000000000002,2008.7,383,512,58752,59647,184255,30.107026143790851,196146,32.049999999999997,0,0,0.078483318155476531,0.030023094688221737,2026072001,2026072902,0-999,CC-B-R12-S-Q5,STAGE11-1200,coarse,TARGET_ERRORS_REACHED,5
R12,-2,-2,1.0963016742589877,0.49019607843137253,0.79244659623055669,Q5,5,1.5,0.10000000000000001,1000,12684,690,0.042279999999999998,0.68999999999999995,0.041565772530470474,0.043005949402974489,0.66065347684071685,0.71789235493477221,373.08010000000024,401.5,450.80000000000001,858.10000000000002,383,512,58752,59647,176633,28.861601307189542,188878,30.862418300653594,0,0,0.10305243934255139,0.031390134529147844,2026072001,2026072902,0-999,CC-B-R12-S-Q5,STAGE11-1200,dense,TARGET_ERRORS_REACHED,5
R12,-1.8999999999999999,-1.8999999999999999,1.1963016742589878,0.49019607843137253,0.77440830945624062,Q5,5,1.5,0.10000000000000001,1000,10733,644,0.035776666666666665,0.64400000000000002,0.035117964274904628,0.036447257538322383,0.61382393003402236,0.67307396352213777,368.69420000000002,400.69999999999999,445,819.29999999999995,383,512,58752,59647,175090,28.609477124183005,187427,30.625326797385622,0,0,0.12694246115077695,0.050570962479608531,2026072001,2026072902,0-999,CC-B-R12-S-Q5,STAGE11-1200,dense,TARGET_ERRORS_REACHED,5
R12,-1.8,-1.8,1.2963016742589877,0.49019607843137253,0.7567806242181041,Q5,5,1.5,0.10000000000000001,1000,9042,587,0.03014,0.58699999999999997,0.029534184920216103,0.030757847911315077,0.55620667596283824,0.6171274680606752,374.24100000000033,403,468.5,1550.9000000000001,383,512,58752,59647,173626,28.370261437908496,186024,30.396078431372548,0,0,0.11231393775372119,0.055755395683453085,2026072001,2026072902,0-999,CC-B-R12-S-Q5,STAGE11-1200,dense,TARGET_ERRORS_REACHED,5
R12,-1.7,-1.7,1.3963016742589878,0.49019607843137253,0.73955419408410372,Q5,5,1.5,0.10000000000000001,1000,7622,541,0.025406666666666668,0.54100000000000004,0.024849630712290915,0.025975856670388656,0.51001646738872664,0.57166973841545787,373.36609999999962,399.60000000000002,457.5,873.89999999999998,383,512,58752,59647,172066,28.115359477124183,184559,30.15669934640523,0,0,0.12269848283988806,0.088531187122736499,2026072001,2026072902,0-999,CC-B-R12-S-Q5,STAGE11-1200,dense,TARGET_ERRORS_REACHED,5
R12,-1.6000000000000001,-1.6000000000000001,1.4963016742589876,0.49019607843137253,0.72271988537296372,Q5,5,1.5,0.10000000000000001,1000,6252,480,0.020840000000000001,0.47999999999999998,0.020334934546409122,0.021357336452519245,0.44917079499694124,0.51098227534248097,408.12209999999988,413.80000000000001,498.10000000000002,1221,383,512,58752,59647,170583,27.873039215686273,183194,29.933660130718955,0,0,0.11583080492593252,0.08108108108108103,2026072001,2026072902,0-999,CC-B-R12-S-Q5,STAGE11-1200,dense,TARGET_ERRORS_REACHED,5
R12,-1.5,-1.5,1.5963016742589877,0.49019607843137253,0.70626877231137719,Q5,5,1.5,0.10000000000000001,1000,5024,419,0.016746666666666667,0.41899999999999998,0.016293634345491706,0.017212074814570613,0.38878656102884962,0.44983337384581029,398.54260000000005,410.89999999999998,490.69999999999999,1977,383,512,58752,59647,169144,27.637908496732027,181722,29.693137254901959,0,0,0.084394560759766896,0.066157760814249275,2026072001,2026072902,0-999,CC-B-R12-S-Q5,STAGE11-1200,dense,TARGET_ERRORS_REACHED,5
R12,-1.3999999999999999,-1.3999999999999999,1.6963016742589878,0.49019607843137253,0.69019213230144238,Q5,5,1.5,0.10000000000000001,1000,4174,370,0.013913333333333333,0.37,0.01350037255742619,0.014338742495929183,0.3406266753339855,0.40036828187225881,411.82609999999994,415.80000000000001,497.19999999999999,1491.5,383,512,58752,59647,167600,27.385620915032678,180343,29.46781045751634,0,0,0.084155844155844109,0.069364161849711045,2026072001,2026072902,0-999,CC-B-R12-S-Q5,STAGE11-1200,dense,TARGET_ERRORS_REACHED,5
R12,-1.2999999999999998,-1.2999999999999998,1.7963016742589879,0.49019607843137253,0.67448144129582677,Q5,5,1.5,0.10000000000000001,1000,3306,310,0.01102,0.31,0.010652641145938601,0.011399881337273677,0.28210764506522773,0.33934652315928321,405.5757000000005,412.69999999999999,485.5,1363.9000000000001,383,512,58752,59647,166087,27.138398692810458,178896,29.231372549019607,0,0,0.063706563706563787,0.029900332225913647,2026072001,2026072902,0-999,CC-B-R12-S-Q5,STAGE11-1200,dense,TARGET_ERRORS_REACHED,5
R12,-1.2,-1.2,1.8963016742589878,0.49019607843137253,0.65912836927820351,Q5,5,1.5,0.10000000000000001,1000,2688,265,0.0089599999999999992,0.26500000000000001,0.0086290315541667599,0.0093035436844044611,0.23858325625975632,0.29321532022845459,419.83350000000064,411.69999999999999,523.39999999999998,1385.5,383,512,58752,59647,164558,26.888562091503267,177436,28.992810457516338,0,0,0.079951787866612903,0.031128404669260729,2026072001,2026072902,0-999,CC-B-R12-S-Q5,STAGE11-1200,dense,TARGET_ERRORS_REACHED,5
R12,-1.1000000000000001,-1.1000000000000001,1.9963016742589876,0.49019607843137253,0.64412477584656702,Q5,5,1.5,0.10000000000000001,1000,2155,231,0.0071833333333333332,0.23100000000000001,0.0068873863380162388,0.007491901066584622,0.20593646391387108,0.2581223321513576,439.76789999999988,413.80000000000001,562.60000000000002,6285.1999999999998,383,512,58752,59647,163072,26.645751633986929,175959,28.751470588235293,0,0,0.091139240506329086,0.074418604651162859,2026072001,2026072902,0-999,CC-B-R12-S-Q5,STAGE11-1200,dense,TARGET_ERRORS_REACHED,5
R12,-1,-1,2.0963016742589877,0.49019607843137253,0.62946270589708364,Q5,5,1.5,0.10000000000000001,1123,1983,218,0.0058860195903829033,0.19412288512911843,0.0056332923709732034,0.0061500148232426968,0.17204862133731208,0.21828264964823901,426.47729296527183,413.89999999999998,513.89999999999998,4086.6999999999998,383,512,58752,59647,181460,26.402784325365648,196041,28.524348296754141,0,0,0.096185737976782745,0.090000000000000052,2026072001,2026072902,0-1122,CC-B-R12-S-Q5,STAGE11-1200,dense,TARGET_ERRORS_REACHED,5
R12,-0.89999999999999991,-0.89999999999999991,2.1963016742589878,0.49019607843137253,0.6151343854061907,Q5,5,1.5,0.10000000000000001,1431,1904,229,0.0044351269508502216,0.16002795248078266,0.0042407406391121684,0.0046383820024827613,0.14194592725679928,0.17993037202457551,425.88462613556896,410.39999999999998,518,4324.8999999999996,383,512,58752,59647,229494,26.204765623929514,248230,28.344135231544282,0,0,0.16026812918951872,0.14499999999999988,2026072001,2026072902,0-1430,CC-B-R12-S-Q5,STAGE11-1200,dense,TARGET_ERRORS_REACHED,5
R12,-0.79999999999999982,-0.79999999999999982,2.2963016742589879,0.49019607843137253,0.60113221730870636,Q5,5,1.5,0.10000000000000001,1731,1805,232,0.0034758328519160406,0.1340265742345465,0.0033193933961354291,0.0036396182080705853,0.11878528351642589,0.15088861460376438,400.54829578278532,404.80000000000001,470,1258.5,383,512,58752,59647,275502,26.006162141344117,298181,28.146958764249007,0,0,0.14240506329113917,0.15999999999999992,2026072001,2026072902,0-1730,CC-B-R12-S-Q5,STAGE11-1200,dense,TARGET_ERRORS_REACHED,5
R12,-0.69999999999999996,-0.69999999999999996,2.3963016742589875,0.49019607843137253,0.58744877746976476,Q5,5,1.5,0.10000000000000001,2083,1711,224,0.0027380380860937748,0.10753720595295248,0.0026115003526001263,0.0028706894365091258,0.094948416079109491,0.12157088724929795,404.9206433029288,405.89999999999998,480.69999999999999,1006.8,383,512,58752,59647,328378,25.75925873629977,355791,27.909642013310364,0,0,0.15842924847664169,0.12000000000000009,2026072001,2026072902,0-2082,CC-B-R12-S-Q5,STAGE11-1200,dense,TARGET_ERRORS_REACHED,5
R12,-0.59999999999999987,-0.59999999999999987,2.4963016742589881,0.49019607843137253,0.5740768107484413,Q5,5,1.5,0.10000000000000001,2465,1583,216,0.002140635564570656,0.087626774847870181,0.0020378523044324768,0.0022485912285281381,0.077096604959721524,0.099440230673654886,404.07598377282034,404.80000000000001,463.60000000000002,2330.5999999999999,383,512,58752,59647,385332,25.542695780137613,418066,27.712550875657904,0,0,0.087972508591065313,0.080000000000000002,2026072001,2026072902,0-2464,CC-B-R12-S-Q5,STAGE11-1200,dense,TARGET_ERRORS_REACHED,5
R12,-0.5,-0.5,2.5963016742589877,0.49019607843137253,0.56100922715098167,Q5,5,1.5,0.10000000000000001,2830,1488,214,0.0017526501766784452,0.075618374558303891,0.0016659026682134086,0.0018439064908364632,0.066442481650451163,0.08594482197817363,404.87371024734961,406,480.5,2932.6999999999998,383,512,58752,59647,437957,25.286784914201252,475752,27.468994665003812,0,0,0.084548104956268175,0.070000000000000021,2026072001,2026072902,0-2829,CC-B-R12-S-Q5,STAGE11-1200,dense,TARGET_ERRORS_REACHED,5
R12,-0.39999999999999991,-0.39999999999999991,2.6963016742589878,0.49019607843137253,0.54823909807159255,Q5,5,1.5,0.10000000000000001,3548,1433,215,0.0013462983840661405,0.06059751972942503,0.0012784164738382931,0.0014177796004707099,0.053211898069087937,0.06893360415857655,400.93015783540153,406.10000000000002,461.39999999999998,1499.5999999999999,383,512,58752,59647,543491,25.029796774027162,591266,27.230014516140916,0,0,0.039912917271407798,0.07500000000000008,2026072001,2026072902,0-3547,CC-B-R12-S-Q5,STAGE11-1200,dense,TARGET_ERRORS_REACHED,5
R12,-0.29999999999999982,-0.29999999999999982,2.7963016742589879,0.49019607843137253,0.53575965261880321,Q5,5,1.5,0.10000000000000001,5159,1515,232,0.00097887187439426237,0.04496995541771661,0.00093082808893549642,0.0010293928380611592,0.039645466945609768,0.050971582319265261,405.33126574917503,407.10000000000002,464.60000000000002,2181.0999999999999,383,512,58752,59647,782233,24.775314920178836,852330,26.995465757537751,0,0,0.17807153965785366,0.16000000000000003,2026072001,2026072902,0-5158,CC-B-R12-S-Q5,STAGE11-1200,dense,TARGET_ERRORS_REACHED,5
R12,-0.19999999999999996,-0.19999999999999996,2.8963016742589875,0.49019607843137253,0.52356427402544969,Q5,5,1.5,0.10000000000000001,6961,1433,234,0.00068620408945074937,0.033615859790260022,0.00065159431632087696,0.00072265084946683544,0.029632370775192179,0.03811381721924173,407.4057893980733,408.39999999999998,474,3794.1999999999998,383,512,58752,59647,1044723,24.523254209024508,1139841,26.756001926700861,0,0,0.19715956558061817,0.16417910447761205,2026072001,2026072902,0-6960,CC-B-R12-S-Q5,STAGE11-1200,dense,TARGET_ERRORS_REACHED,5
R12,-0.099999999999999867,-0.099999999999999867,2.9963016742589881,0.49019607843137253,0.51164649614037705,Q5,5,1.5,0.10000000000000001,8530,1392,227,0.00054396248534583822,0.026611957796014069,0.00051613446750612107,0.00057329002403017093,0.023403671502593641,0.030246429806408646,405.45213364595691,407.19999999999999,470.89999999999998,2552.5,383,512,58752,59647,1266343,24.257771494686189,1383669,26.505241017860836,0,0,0.16,0.12935323383084579,2026072001,2026072902,0-8529,CC-B-R12-S-Q5,STAGE11-1200,dense,TARGET_ERRORS_REACHED,5
R12,0,0,3.0963016742589877,0.49019607843137253,0.5,Q5,5,1.5,0.10000000000000001,10180,1265,214,0.00041421087098886706,0.021021611001964636,0.0003920096523157391,0.00043766889111737661,0.018410237979119067,0.023994336028330392,406.39929273084527,406.19999999999999,476.69999999999999,3620.5999999999999,383,512,58752,59647,1495345,24.001711031498388,1636234,26.263113627900406,0,0,0.10480349344978167,0.069999999999999993,2026072001,2026072902,0-10179,CC-B-R12-S-Q5,STAGE11-1200,dense,TARGET_ERRORS_REACHED,5
R12,0.5,0.5,3.5963016742589877,0.49019607843137253,0.44562546906687278,Q5,5,1.5,0.10000000000000001,38219,1020,223,8.8960987990266627e-05,0.0058347942123027812,8.366671898522919e-05,9.4590236460486337e-05,0.0051193106294085576,0.0066496066371251198,379.89734948586045,376.89999999999998,485.89999999999998,12464.799999999999,383,512,58752,59647,5312905,22.714402052019775,5856811,25.039777635152895,0,0,0.14735658042744665,0.11499999999999991,2026072001,2026072902,0-38218,CC-B-R12-S-Q5,STAGE11-1200,coarse,TARGET_ERRORS_REACHED,5
R12,1,1,4.0963016742589877,0.49019607843137253,0.39716411736214075,Q5,5,1.5,0.10000000000000001,50000,263,61,1.7533333333333334e-05,0.0012199999999999999,1.5538512876148356e-05,1.9784241999170702e-05,0.00094997019803163088,0.0015666656273244557,377.15787199999744,376.80000000000001,486.5,27076.799999999999,383,512,58752,59647,6546712,21.394483660130717,7277528,23.782771241830066,0,0,0.15859030837004409,0.21999999999999992,2026072001,2026072902,0-49999,CC-B-R12-S-Q5,STAGE11-1200,coarse,MAX_FRAMES_REACHED,5
R12,1.5,1.5,4.5963016742589877,0.49019607843137253,0.35397289219206896,Q5,5,1.5,0.10000000000000001,50000,32,8,2.1333333333333334e-06,0.00016000000000000001,1.5112241931851212e-06,3.0115385699273595e-06,8.1078132814049511e-05,0.00031572055788322461,376.78343000000348,377.80000000000001,483.30000000000001,30874.299999999999,383,512,58752,59647,6134099,20.046075163398694,6881341,22.488042483660131,0,0,0.28000000000000003,0.14285714285714304,2026072001,2026072902,0-49999,CC-B-R12-S-Q5,STAGE11-1200,coarse,MAX_FRAMES_REACHED,5
R12,2,2,5.0963016742589877,0.49019607843137253,0.31547867224009662,Q5,5,1.5,0.10000000000000001,50000,2,1,1.3333333333333334e-07,2.0000000000000002e-05,3.6564809978675663e-08,4.8619897752256183e-07,3.530499822832098e-06,0.00011328970139120264,374.99916800000085,373.80000000000001,477.60000000000002,31725.900000000001,383,512,58752,59647,5714684,18.675437908496733,6476057,21.163584967320261,0,0,-0.33333333333333331,-0.5,2026072001,2026072902,0-49999,CC-B-R12-S-Q5,STAGE11-1200,coarse,MAX_FRAMES_REACHED,5
R12,2.5,2.5,5.5963016742589877,0.49019607843137253,0.28117066259517454,Q5,5,1.5,0.10000000000000001,50000,0,0,0,0,0,2.5609718912715457e-07,0,7.6823274145000517e-05,355.17092999999716,363.69999999999999,446,33613.800000000003,383,512,58752,59647,5291800,17.293464052287582,6063496,19.815346405228759,0,0,0,0,2026072001,2026072902,0-49999,CC-B-R12-S-Q5,STAGE11-1200,coarse,MAX_FRAMES_REACHED,5
R12,3,3,6.0963016742589877,0.49019607843137253,0.25059361681363618,Q5,5,1.5,0.10000000000000001,50000,0,0,0,0,0,2.5609718912715457e-07,0,7.6823274145000517e-05,348.36443199999752,360.30000000000001,446.10000000000002,48145.900000000001,383,512,58752,59647,4865108,15.899045751633986,5642556,18.439725490196079,0,0,0,0,2026072001,2026072902,0-49999,CC-B-R12-S-Q5,STAGE11-1200,coarse,MAX_FRAMES_REACHED,5
R12,3.5,3.5,6.5963016742589877,0.49019607843137253,0.22334179607548157,Q5,5,1.5,0.10000000000000001,50000,0,0,0,0,0,2.5609718912715457e-07,0,7.6823274145000517e-05,350.61794599999803,361.10000000000002,452.89999999999998,13957,383,512,58752,59647,4439012,14.506575163398693,5219502,17.057196078431371,0,0,0,0,2026072001,2026072902,0-49999,CC-B-R12-S-Q5,STAGE11-1200,coarse,MAX_FRAMES_REACHED,5
R12,4,4,7.0963016742589877,0.49019607843137253,0.19905358527674863,Q5,5,1.5,0.10000000000000001,50000,0,0,0,0,0,2.5609718912715457e-07,0,7.6823274145000517e-05,371.81270799999987,369,485,17289.599999999999,383,512,58752,59647,4016460,13.125686274509803,4792417,15.661493464052288,0,0,0,0,2026072001,2026072902,0-49999,CC-B-R12-S-Q5,STAGE11-1200,coarse,MAX_FRAMES_REACHED,5
R12,4.5,4.5,7.5963016742589877,0.49019607843137253,0.17740669461678774,Q5,5,1.5,0.10000000000000001,50000,0,0,0,0,0,2.5609718912715457e-07,0,7.6823274145000517e-05,402.80209400000138,389.60000000000002,571.60000000000002,20674.799999999999,383,512,58752,59647,3599556,11.763254901960785,4366687,14.270218954248366,0,0,0,0,2026072001,2026072902,0-49999,CC-B-R12-S-Q5,STAGE11-1200,coarse,MAX_FRAMES_REACHED,5
R12,5,5,8.0963016742589886,0.49019607843137253,0.15811388300841897,Q5,5,1.5,0.10000000000000001,50000,0,0,0,0,0,2.5609718912715457e-07,0,7.6823274145000517e-05,399.31563399999959,389.5,573.39999999999998,33127.699999999997,383,512,58752,59647,3193824,10.437333333333333,3945659,12.89431045751634,0,0,0,0,2026072001,2026072902,0-49999,CC-B-R12-S-Q5,STAGE11-1200,coarse,MAX_FRAMES_REACHED,5
R12,5.5,5.5,8.5963016742589886,0.49019607843137253,0.14091914656322269,Q5,5,1.5,0.10000000000000001,50000,0,0,0,0,0,2.5609718912715457e-07,0,7.6823274145000517e-05,395.47787000000187,389.30000000000001,566.39999999999998,27359.099999999999,383,512,58752,59647,2799629,9.1491143790849669,3529608,11.534666666666666,0,0,0,0,2026072001,2026072902,0-49999,CC-B-R12-S-Q5,STAGE11-1200,coarse,MAX_FRAMES_REACHED,5
R12,6,6,9.0963016742589886,0.49019607843137253,0.12559432157547901,Q5,5,1.5,0.10000000000000001,50000,0,0,0,0,0,2.5609718912715457e-07,0,7.6823274145000517e-05,386.33725599999786,386.5,564.89999999999998,32506.400000000001,383,512,58752,59647,2422462,7.9165424836601304,3125609,10.214408496732027,0,0,0,0,2026072001,2026072902,0-49999,CC-B-R12-S-Q5,STAGE11-1200,coarse,MAX_FRAMES_REACHED,5
R12,6.5,6.5,9.5963016742589886,0.49019607843137253,0.11193605692841696,Q5,5,1.5,0.10000000000000001,50000,0,0,0,0,0,2.5609718912715457e-07,0,7.6823274145000517e-05,360.33194200000077,353.39999999999998,508.80000000000001,34845.800000000003,383,512,58752,59647,2067511,6.7565718954248366,2734272,8.9355294117647066,0,0,0,0,2026072001,2026072902,0-49999,CC-B-R12-S-Q5,STAGE11-1200,coarse,MAX_FRAMES_REACHED,5
R12,7,7,10.096301674258989,0.49019607843137253,0.099763115748444001,Q5,5,1.5,0.10000000000000001,50000,0,0,0,0,0,2.5609718912715457e-07,0,7.6823274145000517e-05,344.98593999999912,310.19999999999999,478.10000000000002,25096.299999999999,383,512,58752,59647,1736696,5.6754771241830069,2360767,7.7149248366013072,0,0,0,0,2026072001,2026072902,0-49999,CC-B-R12-S-Q5,STAGE11-1200,coarse,MAX_FRAMES_REACHED,5
R12,7.5,7.5,10.596301674258989,0.49019607843137253,0.088913970501946132,Q5,5,1.5,0.10000000000000001,50000,0,0,0,0,0,2.5609718912715457e-07,0,7.6823274145000517e-05,341.27775000000196,302.69999999999999,473.30000000000001,12816.6,383,512,58752,59647,1433020,4.6830718954248365,2009613,6.5673627450980394,0,0,0,0,2026072001,2026072902,0-49999,CC-B-R12-S-Q5,STAGE11-1200,coarse,MAX_FRAMES_REACHED,5
R12,8,8,11.096301674258989,0.49019607843137253,0.079244659623055658,Q5,5,1.5,0.10000000000000001,50000,0,0,0,0,0,2.5609718912715457e-07,0,7.6823274145000517e-05,340.40122599999978,295.30000000000001,474.19999999999999,15353,383,512,58752,59647,1159701,3.7898725490196079,1683006,5.5000196078431376,0,0,0,0,2026072001,2026072902,0-49999,CC-B-R12-S-Q5,STAGE11-1200,coarse,MAX_FRAMES_REACHED,5
R12,8.5,8.5,11.596301674258989,0.49019607843137253,0.070626877231137725,Q5,5,1.5,0.10000000000000001,50000,0,0,0,0,0,2.5609718912715457e-07,0,7.6823274145000517e-05,394.23577599999936,382.30000000000001,595.20000000000005,19239.400000000001,383,512,58752,59647,917790,2.9993137254901963,1384413,4.5242254901960788,0,0,0,0,2026072001,2026072902,0-49999,CC-B-R12-S-Q5,STAGE11-1200,coarse,MAX_FRAMES_REACHED,5
R12,9,9,12.096301674258989,0.49019607843137253,0.06294627058970835,Q5,5,1.5,0.10000000000000001,50000,0,0,0,0,0,2.5609718912715457e-07,0,7.6823274145000517e-05,427.67462599999482,394.19999999999999,662.39999999999998,49564.199999999997,383,512,58752,59647,708655,2.3158660130718953,1115984,3.6470065359477126,0,0,0,0,2026072001,2026072902,0-49999,CC-B-R12-S-Q5,STAGE11-1200,coarse,MAX_FRAMES_REACHED,5
R12,9.5,9.5,12.596301674258989,0.49019607843137253,0.05610092271509818,Q5,5,1.5,0.10000000000000001,50000,0,0,0,0,0,2.5609718912715457e-07,0,7.6823274145000517e-05,435.20207399999452,395.60000000000002,674.79999999999995,58509.300000000003,383,512,58752,59647,532721,1.7409183006535949,880193,2.8764477124183006,0,0,0,0,2026072001,2026072902,0-49999,CC-B-R12-S-Q5,STAGE11-1200,coarse,MAX_FRAMES_REACHED,5
R12,10,10,13.096301674258989,0.49019607843137253,0.050000000000000003,Q5,5,1.5,0.10000000000000001,50000,0,0,0,0,0,2.5609718912715457e-07,0,7.6823274145000517e-05,452.10562400000276,403.10000000000002,711,44137.800000000003,383,512,58752,59647,388972,1.2711503267973856,676377,2.2103823529411764,0,0,0,0,2026072001,2026072902,0-49999,CC-B-R12-S-Q5,STAGE11-1200,coarse,MAX_FRAMES_REACHED,5
R12,-5,-5,-1.9036983257410123,0.49019607843137253,1.5811388300841895,Q6,6,1.5,0.048387096774193547,1000,120539,1000,0.40179666666666669,1,0.40004358975324084,0.40355225850829624,0.99617324151444497,1,299.34679999999997,264.30000000000001,399,650.29999999999995,459,512,58752,59723,225232,36.802614379084964,230220,37.617647058823529,0,0,0.023147047838929929,0,2026072001,2026072902,0-999,CC-B-R12-S-Q6,STAGE11-1200,coarse,TARGET_ERRORS_REACHED,5
R12,-4.5,-4.5,-1.4036983257410123,0.49019607843137253,1.4091914656322269,Q6,6,1.5,0.048387096774193547,1000,107330,1000,0.35776666666666668,1,0.35605322268200157,0.35948375316130954,0.99617324151444497,1,309.22179999999992,284.30000000000001,406.69999999999999,900.20000000000005,459,512,58752,59723,216299,35.342973856209149,221508,36.194117647058825,0,0,0.032883277357019847,0,2026072001,2026072902,0-999,CC-B-R12-S-Q6,STAGE11-1200,coarse,TARGET_ERRORS_REACHED,5
R12,-4,-4,-0.90369832574101228,0.49019607843137253,1.2559432157547903,Q6,6,1.5,0.048387096774193547,1000,89707,1000,0.29902333333333331,1,0.29738762146140013,0.30066419209662071,0.99617324151444497,1,300.2806000000005,265.80000000000001,387.5,875.70000000000005,459,512,58752,59723,207936,33.976470588235294,213069,34.81519607843137,0,0,0.042171544082623698,0,2026072001,2026072902,0-999,CC-B-R12-S-Q6,STAGE11-1200,coarse,TARGET_ERRORS_REACHED,5
R12,-3.5,-3.5,-0.40369832574101228,0.49019607843137253,1.1193605692841697,Q6,6,1.5,0.048387096774193547,1000,67021,998,0.22340333333333334,0.998,0.22191638703305763,0.22489736310760575,0.99273719213650791,0.99945135641187932,300.20830000000018,262.5,394.39999999999998,1075.2,459,512,58752,59723,199825,32.651143790849673,205206,33.530392156862746,0,0,0.03274469921104535,0,2026072001,2026072902,0-999,CC-B-R12-S-Q6,STAGE11-1200,coarse,TARGET_ERRORS_REACHED,5
R12,-3,-3,0.096301674258987724,0.49019607843137253,0.99763115748443987,Q6,6,1.5,0.048387096774193547,1000,45036,975,0.15012,0.97499999999999998,0.14884631948615021,0.15140264072986334,0.96335471073215662,0.98300986870656593,330.50099999999964,349.60000000000002,412,1020.7,459,512,58752,59723,191876,31.352287581699347,197483,32.268464052287584,0,0,0.054657861458479763,0.0093167701863354126,2026072001,2026072902,0-999,CC-B-R12-S-Q6,STAGE11-1200,coarse,TARGET_ERRORS_REACHED,5
R12,-2.5,-2.5,0.59630167425898772,0.49019607843137253,0.88913970501946138,Q6,6,1.5,0.048387096774193547,1000,26080,893,0.086933333333333335,0.89300000000000002,0.085930449509265483,0.087946795545881029,0.87231504213837374,0.91067712569198001,335.74780000000021,350,423.69999999999999,1784.5999999999999,459,512,58752,59723,184255,30.107026143790851,189923,31.033169934640522,0,0,0.079559566189254138,0.031177829099307188,2026072001,2026072902,0-999,CC-B-R12-S-Q6,STAGE11-1200,coarse,TARGET_ERRORS_REACHED,5
R12,-2,-2,1.0963016742589877,0.49019607843137253,0.79244659623055669,Q6,6,1.5,0.048387096774193547,1000,12671,698,0.042236666666666665,0.69799999999999995,0.041522792550657224,0.042962263825861637,0.6688303415169653,0.72565426212275475,370.85620000000017,398.39999999999998,451.69999999999999,1258.9000000000001,459,512,58752,59723,176633,28.861601307189542,182567,29.831209150326796,0,0,0.10192190625271751,0.043348281016442322,2026072001,2026072902,0-999,CC-B-R12-S-Q6,STAGE11-1200,dense,TARGET_ERRORS_REACHED,5
R12,-1.8999999999999999,-1.8999999999999999,1.1963016742589878,0.49019607843137253,0.77440830945624062,Q6,6,1.5,0.048387096774193547,1000,10496,639,0.034986666666666666,0.63900000000000001,0.034335083666066434,0.035650158378584644,0.60875216296783496,0.66818399817318075,368.93119999999948,399.60000000000002,468.19999999999999,948.60000000000002,459,512,58752,59723,175090,28.609477124183005,181081,29.588398692810458,0,0,0.10205795884082318,0.042414355628058766,2026072001,2026072902,0-999,CC-B-R12-S-Q6,STAGE11-1200,dense,TARGET_ERRORS_REACHED,5
R12,-1.8,-1.8,1.2963016742589877,0.49019607843137253,0.7567806242181041,Q6,6,1.5,0.048387096774193547,1000,8922,595,0.029739999999999999,0.59499999999999997,0.0291381377829362,0.030353905292353999,0.56426730766133681,0.62500560822640761,367.42839999999995,397.60000000000002,466.10000000000002,866,459,512,58752,59723,173626,28.370261437908496,179597,29.345915032679738,0,0,0.097551974412596776,0.070143884892086186,2026072001,2026072902,0-999,CC-B-R12-S-Q6,STAGE11-1200,dense,TARGET_ERRORS_REACHED,5
R12,-1.7,-1.7,1.3963016742589878,0.49019607843137253,0.73955419408410372,Q6,6,1.5,0.048387096774193547,1000,7516,541,0.025053333333333334,0.54100000000000004,0.024500129398150054,0.025618700366516648,0.51001646738872664,0.57166973841545787,367.20940000000041,396.30000000000001,450.80000000000001,1087.5,459,512,58752,59723,172066,28.115359477124183,178125,29.105392156862745,0,0,0.10708499042568859,0.088531187122736499,2026072001,2026072902,0-999,CC-B-R12-S-Q6,STAGE11-1200,dense,TARGET_ERRORS_REACHED,5
R12,-1.6000000000000001,-1.6000000000000001,1.4963016742589876,0.49019607843137253,0.72271988537296372,Q6,6,1.5,0.048387096774193547,1000,6269,479,0.020896666666666668,0.47899999999999998,0.020390920867555753,0.021414682013506752,0.44817715046181089,0.50998357339458233,401.03350000000029,410.10000000000002,473.80000000000001,950.10000000000002,459,512,58752,59723,170583,27.873039215686273,176602,28.85653594771242,0,0,0.11886489380688915,0.078828828828828773,2026072001,2026072902,0-999,CC-B-R12-S-Q6,STAGE11-1200,dense,TARGET_ERRORS_REACHED,5
R12,-1.5,-1.5,1.5963016742589877,0.49019607843137253,0.70626877231137719,Q6,6,1.5,0.048387096774193547,1000,4988,413,0.016626666666666668,0.41299999999999998,0.016175255898900644,0.017090456334289388,0.3828725319393248,0.44379332403716176,392.54869999999937,407.69999999999999,479.39999999999998,952.89999999999998,459,512,58752,59723,169144,27.637908496732027,175092,28.609803921568627,0,0,0.076624217569609424,0.05089058524173018,2026072001,2026072902,0-999,CC-B-R12-S-Q6,STAGE11-1200,dense,TARGET_ERRORS_REACHED,5
R12,-1.3999999999999999,-1.3999999999999999,1.6963016742589878,0.49019607843137253,0.69019213230144238,Q6,6,1.5,0.048387096774193547,1000,4133,359,0.013776666666666666,0.35899999999999999,0.013365742107701828,0.01420004311227121,0.32985959695418837,0.38921954893873817,402.02909999999974,410.69999999999999,481.30000000000001,972.60000000000002,459,512,58752,59723,167600,27.385620915032678,173636,28.371895424836602,0,0,0.073506493506493437,0.037572254335260152,2026072001,2026072902,0-999,CC-B-R12-S-Q6,STAGE11-1200,dense,TARGET_ERRORS_REACHED,5
R12,-1.2999999999999998,-1.2999999999999998,1.7963016742589879,0.49019607843137253,0.67448144129582677,Q6,6,1.5,0.048387096774193547,1000,3294,309,0.01098,0.309,0.0106133126118394,0.011359210895748777,0.28113685771666347,0.33832496402481854,403.44940000000008,410.39999999999998,505.69999999999999,980.39999999999998,459,512,58752,59723,166087,27.138398692810458,172151,28.129248366013073,0,0,0.05984555984555992,0.026578073089701022,2026072001,2026072902,0-999,CC-B-R12-S-Q6,STAGE11-1200,dense,TARGET_ERRORS_REACHED,5
R12,-1.2,-1.2,1.8963016742589878,0.49019607843137253,0.65912836927820351,Q6,6,1.5,0.048387096774193547,1000,2551,259,0.0085033333333333332,0.25900000000000001,0.0081809987970346484,0.0088382548031614508,0.23280623499082614,0.28703826259921145,419.7293999999996,408.39999999999998,527.79999999999995,2606.9000000000001,459,512,58752,59723,164558,26.888562091503267,170690,27.890522875816995,0,0,0.024909602249899448,0.0077821011673151821,2026072001,2026072902,0-999,CC-B-R12-S-Q6,STAGE11-1200,dense,TARGET_ERRORS_REACHED,5
R12,-1.1000000000000001,-1.1000000000000001,1.9963016742589876,0.49019607843137253,0.64412477584656702,Q6,6,1.5,0.048387096774193547,1000,2191,223,0.0073033333333333336,0.223,0.0070048901369685014,0.0076143941945046546,0.19828813022889644,0.24983189397210112,432.14389999999952,408.89999999999998,524.60000000000002,5678.1000000000004,459,512,58752,59723,163072,26.645751633986929,169284,27.66078431372549,0,0,0.10936708860759496,0.03720930232558143,2026072001,2026072902,0-999,CC-B-R12-S-Q6,STAGE11-1200,dense,TARGET_ERRORS_REACHED,5
R12,-1,-1,2.0963016742589877,0.49019607843137253,0.62946270589708364,Q6,6,1.5,0.048387096774193547,1123,2018,220,0.0059899079845651525,0.19590382902938558,0.0057349242251688139,0.0062561573882905534,0.17374380429885788,0.22013721183379337,420.0445235975065,409.60000000000002,526.79999999999995,2455.3000000000002,459,512,58752,59723,181460,26.402784325365648,188409,27.413877394234632,0,0,0.11553344389165271,0.10000000000000007,2026072001,2026072902,0-1122,CC-B-R12-S-Q6,STAGE11-1200,dense,TARGET_ERRORS_REACHED,5
R12,-0.89999999999999991,-0.89999999999999991,2.1963016742589878,0.49019607843137253,0.6151343854061907,Q6,6,1.5,0.048387096774193547,1431,1882,235,0.0043838807360819937,0.1642208245981831,0.0041906411993179217,0.0045859899298542825,0.14592943893370777,0.18431015367615985,419.28832983927288,407.5,496.10000000000002,6841.5,459,512,58752,59723,229494,26.204765623929514,238458,27.228319699647855,0,0,0.14686166971358924,0.17499999999999999,2026072001,2026072902,0-1430,CC-B-R12-S-Q6,STAGE11-1200,dense,TARGET_ERRORS_REACHED,5
R12,-0.79999999999999982,-0.79999999999999982,2.2963016742589879,0.49019607843137253,0.60113221730870636,Q6,6,1.5,0.048387096774193547,1731,1753,225,0.0033756980550741383,0.12998266897746968,0.0032215733506495278,0.0035371701413317736,0.1149564881021844,0.14664750833977597,398.5848642403231,401.30000000000001,465,1265,459,512,58752,59723,275502,26.006162141344117,286335,27.028749107962074,0,0,0.10949367088607596,0.12500000000000006,2026072001,2026072902,0-1730,CC-B-R12-S-Q6,STAGE11-1200,dense,TARGET_ERRORS_REACHED,5
R12,-0.69999999999999996,-0.69999999999999996,2.3963016742589875,0.49019607843137253,0.58744877746976476,Q6,6,1.5,0.048387096774193547,2083,1764,233,0.0028228516562650023,0.11185789726356217,0.0026943282504841028,0.0029574876362220945,0.099030375962483416,0.12611440292561127,402.30244839174242,402.19999999999999,465.69999999999999,1815.4000000000001,459,512,58752,59723,328378,25.75925873629977,341487,26.787580130467934,0,0,0.1943127962085307,0.16500000000000004,2026072001,2026072902,0-2082,CC-B-R12-S-Q6,STAGE11-1200,dense,TARGET_ERRORS_REACHED,5
R12,-0.59999999999999987,-0.59999999999999987,2.4963016742589881,0.49019607843137253,0.5740768107484413,Q6,6,1.5,0.048387096774193547,2465,1601,219,0.0021649763353617309,0.088843813387423934,0.0020615972274138058,0.0022735275942457056,0.078242278061542644,0.10072484728467181,399.07030425963472,401.10000000000002,457.60000000000002,1419,459,512,58752,59723,385332,25.542695780137613,400967,26.57910087632078,0,0,0.10034364261168381,0.095000000000000001,2026072001,2026072902,0-2464,CC-B-R12-S-Q6,STAGE11-1200,dense,TARGET_ERRORS_REACHED,5
R12,-0.5,-0.5,2.5963016742589877,0.49019607843137253,0.56100922715098167,Q6,6,1.5,0.048387096774193547,2830,1422,210,0.0016749116607773851,0.074204946996466431,0.0015901560332468605,0.0017641767974825317,0.065114741728259692,0.084449538765073232,400.69045936395753,402,468.89999999999998,2347.5,459,512,58752,59723,437957,25.286784914201252,455915,26.3236448878727,0,0,0.03644314868804658,0.049999999999999961,2026072001,2026072902,0-2829,CC-B-R12-S-Q6,STAGE11-1200,dense,TARGET_ERRORS_REACHED,5
R12,-0.39999999999999991,-0.39999999999999991,2.6963016742589878,0.49019607843137253,0.54823909807159255,Q6,6,1.5,0.048387096774193547,3548,1447,217,0.0013594513340849305,0.061161217587373168,0.0012912305072201721,0.001431271372187791,0.053741039650463535,0.06953063896946822,396.197491544532,402,453.39999999999998,2639.4000000000001,459,512,58752,59723,543491,25.029796774027162,566165,26.074019423628151,0,0,0.050072568940493473,0.085000000000000048,2026072001,2026072902,0-3547,CC-B-R12-S-Q6,STAGE11-1200,dense,TARGET_ERRORS_REACHED,5
R12,-0.29999999999999982,-0.29999999999999982,2.7963016742589879,0.49019607843137253,0.53575965261880321,Q6,6,1.5,0.048387096774193547,5159,1487,231,0.00096078051301931903,0.044776119402985072,0.00091319357774934681,0.0010108447163042931,0.039463369468489398,0.050766296217797727,400.10942043031628,403.60000000000002,462.30000000000001,1449.7,459,512,58752,59723,782233,24.775314920178836,815733,25.836345392974014,0,0,0.15629860031104198,0.155,2026072001,2026072902,0-5158,CC-B-R12-S-Q6,STAGE11-1200,dense,TARGET_ERRORS_REACHED,5
R12,-0.19999999999999996,-0.19999999999999996,2.8963016742589875,0.49019607843137253,0.52356427402544969,Q6,6,1.5,0.048387096774193547,6961,1447,234,0.00069290810707273859,0.033615859790260022,0.00065812542835930936,0.00072952774800814706,0.029632370775192179,0.03811381721924173,402.58656802183521,404.5,469.30000000000001,1962.5999999999999,459,512,58752,59723,1044723,24.523254209024508,1090050,25.587235325102604,0,0,0.20885547201336677,0.16417910447761205,2026072001,2026072902,0-6960,CC-B-R12-S-Q6,STAGE11-1200,dense,TARGET_ERRORS_REACHED,5
R12,-0.099999999999999867,-0.099999999999999867,2.9963016742589881,0.49019607843137253,0.51164649614037705,Q6,6,1.5,0.048387096774193547,8530,1335,215,0.00052168815943728019,0.025205158264947247,0.00049445067226157227,0.00055042523433199012,0.02208636929237992,0.028751399479650608,400.51342321219244,403.10000000000002,468.39999999999998,1380.3,459,512,58752,59723,1266343,24.257771494686189,1322223,25.328195756614488,0,0,0.1125,0.069651741293532368,2026072001,2026072902,0-8529,CC-B-R12-S-Q6,STAGE11-1200,dense,TARGET_ERRORS_REACHED,5
R12,0,0,3.0963016742589877,0.49019607843137253,0.5,Q6,6,1.5,0.048387096774193547,10180,1228,207,0.00040209561231172231,0.020333988212180746,0.00038023036513140326,0.00042521769142562127,0.017767746983670125,0.023262100202214968,403.3369646365424,402.89999999999998,471,6795.3999999999996,459,512,58752,59723,1495345,24.001711031498388,1562695,25.082742658294489,0,0,0.072489082969432295,0.034999999999999996,2026072001,2026072902,0-10179,CC-B-R12-S-Q6,STAGE11-1200,dense,TARGET_ERRORS_REACHED,5
R12,0.5,0.5,3.5963016742589877,0.49019607843137253,0.44562546906687278,Q6,6,1.5,0.048387096774193547,38219,948,211,8.2681388838012505e-05,0.0055208142546900752,7.7583212698318924e-05,8.8114548650710547e-05,0.0048260255571726069,0.0063149949051463346,378.15334257829767,374.39999999999998,485.19999999999999,28452.900000000001,459,512,58752,59723,5312905,22.714402052019775,5573133,23.826961643654297,0,0,0.066366704161979734,0.054999999999999861,2026072001,2026072902,0-38218,CC-B-R12-S-Q6,STAGE11-1200,coarse,TARGET_ERRORS_REACHED,5
R12,1,1,4.0963016742589877,0.49019607843137253,0.39716411736214075,Q6,6,1.5,0.048387096774193547,50000,263,60,1.7533333333333334e-05,0.0011999999999999999,1.5538512876148356e-05,1.9784241999170702e-05,0.0009324670604951862,0.0015441718377918658,376.23703200000227,374.19999999999999,486.80000000000001,61819,459,512,58752,59723,6546712,21.394483660130717,6894586,22.531326797385621,0,0,0.15859030837004409,0.19999999999999987,2026072001,2026072902,0-49999,CC-B-R12-S-Q6,STAGE11-1200,coarse,MAX_FRAMES_REACHED,5
R12,1.5,1.5,4.5963016742589877,0.49019607843137253,0.35397289219206896,Q6,6,1.5,0.048387096774193547,50000,34,8,2.2666666666666668e-06,0.00016000000000000001,1.6221333321720988e-06,3.1672960293144653e-06,8.1078132814049511e-05,0.00031572055788322461,377.13936600000238,375.30000000000001,484.30000000000001,45717.900000000001,459,512,58752,59723,6134099,20.046075163398694,6489103,21.206218954248367,0,0,0.3600000000000001,0.14285714285714304,2026072001,2026072902,0-49999,CC-B-R12-S-Q6,STAGE11-1200,coarse,MAX_FRAMES_REACHED,5
R12,2,2,5.0963016742589877,0.49019607843137253,0.31547867224009662,Q6,6,1.5,0.048387096774193547,50000,3,2,1.9999999999999999e-07,4.0000000000000003e-05,6.8018050835858217e-08,5.8807903585242071e-07,1.0969511301390302e-05,0.00014584761698167861,374.92138000000119,371.5,475.69999999999999,44668.300000000003,459,512,58752,59723,5714684,18.675437908496733,6076528,19.857934640522874,0,0,0,0,2026072001,2026072902,0-49999,CC-B-R12-S-Q6,STAGE11-1200,coarse,MAX_FRAMES_REACHED,5
R12,2.5,2.5,5.5963016742589877,0.49019607843137253,0.28117066259517454,Q6,6,1.5,0.048387096774193547,50000,0,0,0,0,0,2.5609718912715457e-07,0,7.6823274145000517e-05,352.21732599999933,361.5,443.30000000000001,10796.1,459,512,58752,59723,5291800,17.293464052287582,5655891,18.483303921568627,0,0,0,0,2026072001,2026072902,0-49999,CC-B-R12-S-Q6,STAGE11-1200,coarse,MAX_FRAMES_REACHED,5
R12,3,3,6.0963016742589877,0.49019607843137253,0.25059361681363618,Q6,6,1.5,0.048387096774193547,50000,0,0,0,0,0,2.5609718912715457e-07,0,7.6823274145000517e-05,346.55432599999955,358.39999999999998,442.19999999999999,15250.5,459,512,58752,59723,4865108,15.899045751633986,5232990,17.101274509803922,0,0,0,0,2026072001,2026072902,0-49999,CC-B-R12-S-Q6,STAGE11-1200,coarse,MAX_FRAMES_REACHED,5
R12,3.5,3.5,6.5963016742589877,0.49019607843137253,0.22334179607548157,Q6,6,1.5,0.048387096774193547,50000,0,0,0,0,0,2.5609718912715457e-07,0,7.6823274145000517e-05,348.48000799999977,358.80000000000001,447.80000000000001,33115,459,512,58752,59723,4439012,14.506575163398693,4805796,15.70521568627451,0,0,0,0,2026072001,2026072902,0-49999,CC-B-R12-S-Q6,STAGE11-1200,coarse,MAX_FRAMES_REACHED,5
R12,4,4,7.0963016742589877,0.49019607843137253,0.19905358527674863,Q6,6,1.5,0.048387096774193547,50000,0,0,0,0,0,2.5609718912715457e-07,0,7.6823274145000517e-05,368.99599000000052,366.69999999999999,480.5,21458.299999999999,459,512,58752,59723,4016460,13.125686274509803,4379815,14.31312091503268,0,0,0,0,2026072001,2026072902,0-49999,CC-B-R12-S-Q6,STAGE11-1200,coarse,MAX_FRAMES_REACHED,5
R12,4.5,4.5,7.5963016742589877,0.49019607843137253,0.17740669461678774,Q6,6,1.5,0.048387096774193547,50000,0,0,0,0,0,2.5609718912715457e-07,0,7.6823274145000517e-05,399.41760199999817,387,571.60000000000002,16510.700000000001,459,512,58752,59723,3599556,11.763254901960785,3958675,12.936846405228758,0,0,0,0,2026072001,2026072902,0-49999,CC-B-R12-S-Q6,STAGE11-1200,coarse,MAX_FRAMES_REACHED,5
R12,5,5,8.0963016742589886,0.49019607843137253,0.15811388300841897,Q6,6,1.5,0.048387096774193547,50000,0,0,0,0,0,2.5609718912715457e-07,0,7.6823274145000517e-05,396.12620599999974,387.19999999999999,570.20000000000005,28908.299999999999,459,512,58752,59723,3193824,10.437333333333333,3542459,11.57666339869281,0,0,0,0,2026072001,2026072902,0-49999,CC-B-R12-S-Q6,STAGE11-1200,coarse,MAX_FRAMES_REACHED,5
R12,5.5,5.5,8.5963016742589886,0.49019607843137253,0.14091914656322269,Q6,6,1.5,0.048387096774193547,50000,0,0,0,0,0,2.5609718912715457e-07,0,7.6823274145000517e-05,391.99531799999767,386.80000000000001,567.20000000000005,21049.700000000001,459,512,58752,59723,2799629,9.1491143790849669,3138192,10.255529411764705,0,0,0,0,2026072001,2026072902,0-49999,CC-B-R12-S-Q6,STAGE11-1200,coarse,MAX_FRAMES_REACHED,5
R12,6,6,9.0963016742589886,0.49019607843137253,0.12559432157547901,Q6,6,1.5,0.048387096774193547,50000,0,0,0,0,0,2.5609718912715457e-07,0,7.6823274145000517e-05,384.84297999999694,384.39999999999998,561.39999999999998,20682.200000000001,459,512,58752,59723,2422462,7.9165424836601304,2746158,8.9743725490196073,0,0,0,0,2026072001,2026072902,0-49999,CC-B-R12-S-Q6,STAGE11-1200,coarse,MAX_FRAMES_REACHED,5
R12,6.5,6.5,9.5963016742589886,0.49019607843137253,0.11193605692841696,Q6,6,1.5,0.048387096774193547,50000,0,0,0,0,0,2.5609718912715457e-07,0,7.6823274145000517e-05,354.53892999999692,348.89999999999998,503.80000000000001,11173.1,459,512,58752,59723,2067511,6.7565718954248366,2372125,7.7520424836601309,0,0,0,0,2026072001,2026072902,0-49999,CC-B-R12-S-Q6,STAGE11-1200,coarse,MAX_FRAMES_REACHED,5
R12,7,7,10.096301674258989,0.49019607843137253,0.099763115748444001,Q6,6,1.5,0.048387096774193547,50000,0,0,0,0,0,2.5609718912715457e-07,0,7.6823274145000517e-05,341.26087199999654,308.19999999999999,472.5,15674.4,459,512,58752,59723,1736696,5.6754771241830069,2020306,6.6023071895424836,0,0,0,0,2026072001,2026072902,0-49999,CC-B-R12-S-Q6,STAGE11-1200,coarse,MAX_FRAMES_REACHED,5
R12,7.5,7.5,10.596301674258989,0.49019607843137253,0.088913970501946132,Q6,6,1.5,0.048387096774193547,50000,0,0,0,0,0,2.5609718912715457e-07,0,7.6823274145000517e-05,340.06351799999948,298.19999999999999,470.5,18044.299999999999,459,512,58752,59723,1433020,4.6830718954248365,1693051,5.5328464052287583,0,0,0,0,2026072001,2026072902,0-49999,CC-B-R12-S-Q6,STAGE11-1200,coarse,MAX_FRAMES_REACHED,5
R12,8,8,11.096301674258989,0.49019607843137253,0.079244659623055658,Q6,6,1.5,0.048387096774193547,50000,0,0,0,0,0,2.5609718912715457e-07,0,7.6823274145000517e-05,337.00199000000083,292.39999999999998,468.30000000000001,12888.5,459,512,58752,59723,1159701,3.7898725490196079,1393352,4.5534379084967318,0,0,0,0,2026072001,2026072902,0-49999,CC-B-R12-S-Q6,STAGE11-1200,coarse,MAX_FRAMES_REACHED,5
R12,8.5,8.5,11.596301674258989,0.49019607843137253,0.070626877231137725,Q6,6,1.5,0.048387096774193547,50000,0,0,0,0,0,2.5609718912715457e-07,0,7.6823274145000517e-05,390.95643000000081,380.30000000000001,590.20000000000005,21450,459,512,58752,59723,917790,2.9993137254901963,1124089,3.6734934640522874,0,0,0,0,2026072001,2026072902,0-49999,CC-B-R12-S-Q6,STAGE11-1200,coarse,MAX_FRAMES_REACHED,5
R12,9,9,12.096301674258989,0.49019607843137253,0.06294627058970835,Q6,6,1.5,0.048387096774193547,50000,0,0,0,0,0,2.5609718912715457e-07,0,7.6823274145000517e-05,426.46368600000233,391.39999999999998,651,79126.600000000006,459,512,58752,59723,708655,2.3158660130718953,887046,2.8988431372549019,0,0,0,0,2026072001,2026072902,0-49999,CC-B-R12-S-Q6,STAGE11-1200,coarse,MAX_FRAMES_REACHED,5
R12,9.5,9.5,12.596301674258989,0.49019607843137253,0.05610092271509818,Q6,6,1.5,0.048387096774193547,50000,0,0,0,0,0,2.5609718912715457e-07,0,7.6823274145000517e-05,430.0562320000052,392.89999999999998,660.29999999999995,80982.199999999997,459,512,58752,59723,532721,1.7409183006535949,682209,2.2294411764705884,0,0,0,0,2026072001,2026072902,0-49999,CC-B-R12-S-Q6,STAGE11-1200,coarse,MAX_FRAMES_REACHED,5
R12,10,10,13.096301674258989,0.49019607843137253,0.050000000000000003,Q6,6,1.5,0.048387096774193547,50000,0,0,0,0,0,2.5609718912715457e-07,0,7.6823274145000517e-05,449.07285799999818,400.10000000000002,708.89999999999998,27822.299999999999,459,512,58752,59723,388972,1.2711503267973856,510970,1.6698366013071895,0,0,0,0,2026072001,2026072902,0-49999,CC-B-R12-S-Q6,STAGE11-1200,coarse,MAX_FRAMES_REACHED,5
R12,-5,-5,-1.9036983257410123,0.49019607843137253,1.5811388300841895,Q7,7,2,0.031746031746031744,1000,118284,1000,0.39428000000000002,1,0.39253262216861667,0.39603008525689204,0.99617324151444497,1,298.32940000000042,263.39999999999998,387.30000000000001,775,536,512,58752,59800,135128,22.079738562091503,137556,22.476470588235294,0,0,0.0040063830509626469,0,2026072001,2026072902,0-999,CC-B-R12-S-Q7,STAGE11-1200,coarse,TARGET_ERRORS_REACHED,5
R12,-4.5,-4.5,-1.4036983257410123,0.49019607843137253,1.4091914656322269,Q7,7,2,0.031746031746031744,1000,104344,1000,0.34781333333333331,1,0.34611098990899664,0.34951957416651797,0.99617324151444497,1,307.63059999999928,285,399.5,796.10000000000002,536,512,58752,59800,125306,20.474836601307189,127765,20.876633986928105,0,0,0.0041477004802093339,0,2026072001,2026072902,0-999,CC-B-R12-S-Q7,STAGE11-1200,coarse,TARGET_ERRORS_REACHED,5
R12,-4,-4,-0.90369832574101228,0.49019607843137253,1.2559432157547903,Q7,7,2,0.031746031746031744,1000,86682,1000,0.28893999999999997,1,0.28732073469876368,0.2905646704206824,0.99617324151444497,1,301.03969999999981,265.30000000000001,391.19999999999999,719.89999999999998,536,512,58752,59800,115929,18.942647058823528,118301,19.330228758169934,0,0,0.0070285906804372833,0,2026072001,2026072902,0-999,CC-B-R12-S-Q7,STAGE11-1200,coarse,TARGET_ERRORS_REACHED,5
R12,-3.5,-3.5,-0.40369832574101228,0.49019607843137253,1.1193605692841697,Q7,7,2,0.031746031746031744,1000,65313,998,0.21770999999999999,0.998,0.21623685755606675,0.21919037172076661,0.99273719213650791,0.99945135641187932,300.07210000000003,261.89999999999998,396,941.29999999999995,536,512,58752,59800,106585,17.415849673202615,109033,17.815849673202614,0,0,0.0064256656804732547,0,2026072001,2026072902,0-999,CC-B-R12-S-Q7,STAGE11-1200,coarse,TARGET_ERRORS_REACHED,5
R12,-3,-3,0.096301674258987724,0.49019607843137253,0.99763115748443987,Q7,7,2,0.031746031746031744,1000,42946,968,0.14315333333333333,0.96799999999999997,0.14190464645837139,0.14441115883644504,0.95517526191623137,0.97724289214128912,331.76539999999966,349.69999999999999,428.30000000000001,1125.2,536,512,58752,59800,97641,15.954411764705883,100066,16.350653594771241,0,0,0.0057140180787785067,0.0020703933747412027,2026072001,2026072902,0-999,CC-B-R12-S-Q7,STAGE11-1200,coarse,TARGET_ERRORS_REACHED,5
R12,-2.5,-2.5,0.59630167425898772,0.49019607843137253,0.88913970501946138,Q7,7,2,0.031746031746031744,1000,24256,868,0.080853333333333333,0.86799999999999999,0.079883188351058995,0.081834212409224602,0.8456051419027083,0.88757836385192312,337.78680000000014,352.39999999999998,445.5,2367.9000000000001,536,512,58752,59800,88776,14.505882352941176,91132,14.890849673202615,0,0,0.004056627204238797,0.0023094688221709028,2026072001,2026072902,0-999,CC-B-R12-S-Q7,STAGE11-1200,coarse,TARGET_ERRORS_REACHED,5
R12,-2,-2,1.0963016742589877,0.49019607843137253,0.79244659623055669,Q7,7,2,0.031746031746031744,1000,11665,677,0.038883333333333332,0.67700000000000005,0.038197454131414933,0.039581021455283701,0.64738722027136164,0.70525810722475202,371.37550000000039,398.19999999999999,448.80000000000001,1793.2,536,512,58752,59800,80201,13.104738562091503,82412,13.466013071895425,0,0,0.014436037916340445,0.011958146487294478,2026072001,2026072902,0-999,CC-B-R12-S-Q7,STAGE11-1200,dense,TARGET_ERRORS_REACHED,5
R12,-1.8999999999999999,-1.8999999999999999,1.1963016742589878,0.49019607843137253,0.77440830945624062,Q7,7,2,0.031746031746031744,1000,9751,616,0.032503333333333335,0.61599999999999999,0.031874730258829108,0.033143908715825877,0.58546633347167321,0.64564585855967804,369.42259999999953,396.30000000000001,453.89999999999998,990.89999999999998,536,512,58752,59800,78535,12.832516339869281,80772,13.198039215686274,0,0,0.023834523309533895,0.004893964110929858,2026072001,2026072902,0-999,CC-B-R12-S-Q7,STAGE11-1200,dense,TARGET_ERRORS_REACHED,5
R12,-1.8,-1.8,1.2963016742589877,0.49019607843137253,0.7567806242181041,Q7,7,2,0.031746031746031744,1000,8241,563,0.027470000000000001,0.56299999999999994,0.026891140997709718,0.028060960210912918,0.53207407529917738,0.59344375313164266,368.82570000000084,399.30000000000001,455.80000000000001,2199.0999999999999,536,512,58752,59800,76855,12.558006535947712,79127,12.929248366013072,0,0,0.013777832451716071,0.012589928057553768,2026072001,2026072902,0-999,CC-B-R12-S-Q7,STAGE11-1200,dense,TARGET_ERRORS_REACHED,5
R12,-1.7,-1.7,1.3963016742589878,0.49019607843137253,0.73955419408410372,Q7,7,2,0.031746031746031744,1000,6862,504,0.022873333333333332,0.504,0.022344443556922552,0.0234144420362308,0.4730552793350446,0.53491410659707084,366.77529999999973,396.10000000000002,448.89999999999998,1703,536,512,58752,59800,75217,12.290359477124182,77460,12.656862745098039,0,0,0.01075268817204293,0.014084507042253534,2026072001,2026072902,0-999,CC-B-R12-S-Q7,STAGE11-1200,dense,TARGET_ERRORS_REACHED,5
R12,-1.6000000000000001,-1.6000000000000001,1.4963016742589876,0.49019607843137253,0.72271988537296372,Q7,7,2,0.031746031746031744,1000,5628,450,0.018759999999999999,0.45000000000000001,0.018280623601381517,0.019251700665093741,0.41941538407429679,0.48096729177425879,399.6898000000001,408,465.69999999999999,1540,536,512,58752,59800,73563,12.020098039215686,75861,12.395588235294118,0,0,0.0044618954131713951,0.013513513513513525,2026072001,2026072902,0-999,CC-B-R12-S-Q7,STAGE11-1200,dense,TARGET_ERRORS_REACHED,5
R12,-1.5,-1.5,1.5963016742589877,0.49019607843137253,0.70626877231137719,Q7,7,2,0.031746031746031744,1000,4697,400,0.015656666666666666,0.40000000000000002,0.015218595499101923,0.016107141575203723,0.37007478121137727,0.43069057048573378,392.14940000000013,406.5,482.80000000000001,1848.3,536,512,58752,59800,71805,11.732843137254902,74189,12.122385620915033,0,0,0.013813943449168966,0.017811704834605611,2026072001,2026072902,0-999,CC-B-R12-S-Q7,STAGE11-1200,dense,TARGET_ERRORS_REACHED,5
R12,-1.3999999999999999,-1.3999999999999999,1.6963016742589878,0.49019607843137253,0.69019213230144238,Q7,7,2,0.031746031746031744,1000,3888,348,0.012959999999999999,0.34799999999999998,0.012561468453267966,0.013371004347713067,0.31910940015314609,0.37805393442646257,402.66200000000015,408.80000000000001,487.89999999999998,1212.0999999999999,536,512,58752,59800,70105,11.455065359477125,72473,11.841993464052287,0,0,0.0098701298701297825,0.0057803468208092543,2026072001,2026072902,0-999,CC-B-R12-S-Q7,STAGE11-1200,dense,TARGET_ERRORS_REACHED,5
R12,-1.2999999999999998,-1.2999999999999998,1.7963016742589879,0.49019607843137253,0.67448144129582677,Q7,7,2,0.031746031746031744,1000,3125,299,0.010416666666666666,0.29899999999999999,0.010059573307579088,0.010786297959969706,0.27143763442230356,0.32810072248888961,403.43400000000025,409.19999999999999,482.5,1568.5,536,512,58752,59800,68480,11.18954248366013,70741,11.558986928104575,0,0,0.0054697554697554704,-0.0066445182724252554,2026072001,2026072902,0-999,CC-B-R12-S-Q7,STAGE11-1200,dense,TARGET_ERRORS_REACHED,5
R12,-1.2,-1.2,1.8963016742589878,0.49019607843137253,0.65912836927820351,Q7,7,2,0.031746031746031744,1000,2434,259,0.0081133333333333335,0.25900000000000001,0.0077985623690264684,0.0084407012188346779,0.23280623499082614,0.28703826259921145,425.30319999999966,408.10000000000002,540.10000000000002,1975.0999999999999,536,512,58752,59800,66830,10.919934640522875,69130,11.295751633986928,0,0,-0.022097227802330328,0.0077821011673151821,2026072001,2026072902,0-999,CC-B-R12-S-Q7,STAGE11-1200,dense,TARGET_ERRORS_REACHED,5
R12,-1.1000000000000001,-1.1000000000000001,1.9963016742589876,0.49019607843137253,0.64412477584656702,Q7,7,2,0.031746031746031744,1000,1998,213,0.0066600000000000001,0.21299999999999999,0.0063751964093567131,0.006957437730828863,0.18874695684098677,0.23944960252972189,428.01710000000003,409,519.70000000000005,5296.6999999999998,536,512,58752,59800,65164,10.647712418300653,67465,11.023692810457517,0,0,0.011645569620253173,-0.0093023255813953574,2026072001,2026072902,0-999,CC-B-R12-S-Q7,STAGE11-1200,dense,TARGET_ERRORS_REACHED,5
R12,-1,-1,2.0963016742589877,0.49019607843137253,0.62946270589708364,Q7,7,2,0.031746031746031744,1123,1830,203,0.005431878895814782,0.18076580587711488,0.0051892622319902977,0.0056857739295327258,0.15935900355780322,0.20434917882449685,447.39332146037424,408.60000000000002,552.5,8721.6000000000004,536,512,58752,59800,71328,10.378363277635186,73820,10.740954143604608,0,0,0.01160862354892201,0.015000000000000112,2026072001,2026072902,0-1122,CC-B-R12-S-Q7,STAGE11-1200,dense,TARGET_ERRORS_REACHED,5
R12,-0.89999999999999991,-0.89999999999999991,2.1963016742589878,0.49019607843137253,0.6151343854061907,Q7,7,2,0.031746031746031744,1431,1665,203,0.0038784067085953877,0.14185883997204751,0.0036968634606995869,0.0040688286595757456,0.12473905617215401,0.16089630535241856,423.38225017470398,405.60000000000002,518.70000000000005,5063.1000000000004,536,512,58752,59800,88710,10.129348734602157,91984,10.503190328076258,0,0,0.014625228519195612,0.014999999999999862,2026072001,2026072902,0-1430,CC-B-R12-S-Q7,STAGE11-1200,dense,TARGET_ERRORS_REACHED,5
R12,-0.79999999999999982,-0.79999999999999982,2.2963016742589879,0.49019607843137253,0.60113221730870636,Q7,7,2,0.031746031746031744,1731,1586,202,0.003054111303678028,0.11669555170421722,0.0029076648722153502,0.0032079098747365819,0.10241270348145347,0.13267590173203708,395.93801270941617,400,461.10000000000002,805.5,536,512,58752,59800,104543,9.8683937276046567,108482,10.240217789407309,0,0,0.0037974683544303497,0.009999999999999995,2026072001,2026072902,0-1730,CC-B-R12-S-Q7,STAGE11-1200,dense,TARGET_ERRORS_REACHED,5
R12,-0.69999999999999996,-0.69999999999999996,2.3963016742589875,0.49019607843137253,0.58744877746976476,Q7,7,2,0.031746031746031744,2083,1488,203,0.0023811809889582331,0.097455592894863177,0.0022633586927504482,0.002505121289488637,0.085450530053675963,0.11094266363546119,398.54752760441693,401.10000000000002,464.10000000000002,875.89999999999998,536,512,58752,59800,122339,9.5967511664611429,126998,9.9622214064054173,0,0,0.007447528774542838,0.015000000000000031,2026072001,2026072902,0-2082,CC-B-R12-S-Q7,STAGE11-1200,dense,TARGET_ERRORS_REACHED,5
R12,-0.59999999999999987,-0.59999999999999987,2.4963016742589881,0.49019607843137253,0.5740768107484413,Q7,7,2,0.031746031746031744,2465,1442,202,0.0019499661933739013,0.081947261663286003,0.0018519734631827849,0.002053133308303139,0.071758821628549047,0.093436662011583183,397.9772008113589,400.30000000000001,460.60000000000002,1306.8,536,512,58752,59800,141109,9.3537631414973017,146556,9.7148311657320132,0,0,-0.0089347079037800734,0.01,2026072001,2026072902,0-2464,CC-B-R12-S-Q7,STAGE11-1200,dense,TARGET_ERRORS_REACHED,5
R12,-0.5,-0.5,2.5963016742589877,0.49019607843137253,0.56100922715098167,Q7,7,2,0.031746031746031744,2830,1372,203,0.0016160188457008246,0.071731448763250882,0.0015328033196973824,0.0017037444138195256,0.062793654317073247,0.081830335689498976,398.1625441696105,401.19999999999999,464.19999999999999,3327.5999999999999,536,512,58752,59800,157447,9.090683387607104,163502,9.4402873045566871,0,0,0,0.014999999999999949,2026072001,2026072902,0-2829,CC-B-R12-S-Q7,STAGE11-1200,dense,TARGET_ERRORS_REACHED,5
R12,-0.39999999999999991,-0.39999999999999991,2.6963016742589878,0.49019607843137253,0.54823909807159255,Q7,7,2,0.031746031746031744,3548,1394,203,0.0013096580232995114,0.057215332581736188,0.0012427290954089589,0.0013801865218386557,0.050041151583649857,0.065347292290411016,396.04808342728307,401.60000000000002,450.30000000000001,2145.8000000000002,536,512,58752,59800,192125,8.8480760586835263,199442,9.1850513222951715,0,0,0.011611030478954933,0.015000000000000015,2026072001,2026072902,0-3547,CC-B-R12-S-Q7,STAGE11-1200,dense,TARGET_ERRORS_REACHED,5
R12,-0.29999999999999982,-0.29999999999999982,2.7963016742589879,0.49019607843137253,0.53575965261880321,Q7,7,2,0.031746031746031744,5159,1331,204,0.00085998578535891968,0.039542547005233575,0.00081502709315907471,0.00090742224592633438,0.034558246536900032,0.045212062527513454,399.53235123085847,402.80000000000001,462.10000000000002,3105.9000000000001,536,512,58752,59800,271667,8.6043870284432185,282357,8.9429666031948738,0,0,0.034992223950233214,0.020000000000000115,2026072001,2026072902,0-5158,CC-B-R12-S-Q7,STAGE11-1200,dense,TARGET_ERRORS_REACHED,5
R12,-0.19999999999999996,-0.19999999999999996,2.8963016742589875,0.49019607843137253,0.52356427402544969,Q7,7,2,0.031746031746031744,6961,1202,200,0.00057558779868792799,0.028731504094239333,0.00054396367895684741,0.00060904931226508821,0.025059623314756897,0.032923241221124964,402.20940956759011,403.89999999999998,467.19999999999999,5480,536,512,58752,59800,356151,8.3600930675387524,370752,8.7028289264276317,0,0,0.0041771094402673738,-0.0049751243781094232,2026072001,2026072902,0-6960,CC-B-R12-S-Q7,STAGE11-1200,dense,TARGET_ERRORS_REACHED,5
R12,-0.099999999999999867,-0.099999999999999867,2.9963016742589881,0.49019607843137253,0.51164649614037705,Q7,7,2,0.031746031746031744,8530,1254,207,0.0004900351699882767,0.024267291910902697,0.00046365900847487781,0.00051791101425270028,0.021209659580580777,0.027753220833468574,399.92842907385671,402.30000000000001,464,2231.9000000000001,536,512,58752,59800,423232,8.1073335938517648,441173,8.4510072102307117,0,0,0.045000000000000068,0.029850746268656709,2026072001,2026072902,0-8529,CC-B-R12-S-Q7,STAGE11-1200,dense,TARGET_ERRORS_REACHED,5
R12,0,0,3.0963016742589877,0.49019607843137253,0.5,Q7,7,2,0.031746031746031744,10180,1142,201,0.00037393582187295353,0.01974459724950884,0.00035287160618155958,0.00039625694033914492,0.017217684529149131,0.022633825381109356,402.48966601178819,401.89999999999998,467.80000000000001,6128.8000000000002,536,512,58752,59800,489800,7.8617563593872388,510741,8.1978793482029353,0,0,-0.0026200873362444586,0.0049999999999999741,2026072001,2026072902,0-10179,CC-B-R12-S-Q7,STAGE11-1200,dense,TARGET_ERRORS_REACHED,5
R12,0.5,0.5,3.5963016742589877,0.49019607843137253,0.44562546906687278,Q7,7,2,0.031746031746031744,38219,892,201,7.7797256164037086e-05,0.0052591642900128212,7.2856800235358997e-05,8.3072699038470223e-05,0.0045820803555952994,0.0060356927698780325,378.02576728852353,374,481.19999999999999,38193.300000000003,536,512,58752,59800,1569044,6.7081749538735052,1642377,7.0216974515806481,0,0,0.0033745781777278099,0.0050000000000000175,2026072001,2026072902,0-38218,CC-B-R12-S-Q7,STAGE11-1200,coarse,TARGET_ERRORS_REACHED,5
R12,1,1,4.0963016742589877,0.49019607843137253,0.39716411736214075,Q7,7,2,0.031746031746031744,50000,226,49,1.5066666666666666e-05,0.00097999999999999997,1.3226242885787028e-05,1.7163179919611492e-05,0.00074141993084967034,0.001295252769678006,375.71943799999639,374.10000000000002,484.69999999999999,40684.199999999997,536,512,58752,59800,1723701,5.6330098039215688,1812538,5.923326797385621,0,0,-0.0044052863436123673,-0.020000000000000052,2026072001,2026072902,0-49999,CC-B-R12-S-Q7,STAGE11-1200,coarse,MAX_FRAMES_REACHED,5
R12,1.5,1.5,4.5963016742589877,0.49019607843137253,0.35397289219206896,Q7,7,2,0.031746031746031744,50000,29,8,1.9333333333333332e-06,0.00016000000000000001,1.3461775521591696e-06,2.7765853133921871e-06,8.1078132814049511e-05,0.00031572055788322461,376.07794799999721,375.19999999999999,480.80000000000001,40727.599999999999,536,512,58752,59800,1421169,4.6443431372549018,1502274,4.9093921568627454,0,0,0.15999999999999992,0.14285714285714304,2026072001,2026072902,0-49999,CC-B-R12-S-Q7,STAGE11-1200,coarse,MAX_FRAMES_REACHED,5
R12,2,2,5.0963016742589877,0.49019607843137253,0.31547867224009662,Q7,7,2,0.031746031746031744,50000,3,2,1.9999999999999999e-07,4.0000000000000003e-05,6.8018050835858217e-08,5.8807903585242071e-07,1.0969511301390302e-05,0.00014584761698167861,371.89285199999762,371.39999999999998,478.30000000000001,22859.299999999999,536,512,58752,59800,1148919,3.7546372549019607,1221351,3.9913431372549018,0,0,0,0,2026072001,2026072902,0-49999,CC-B-R12-S-Q7,STAGE11-1200,coarse,MAX_FRAMES_REACHED,5
R12,2.5,2.5,5.5963016742589877,0.49019607843137253,0.28117066259517454,Q7,7,2,0.031746031746031744,50000,0,0,0,0,0,2.5609718912715457e-07,0,7.6823274145000517e-05,352.43449200000026,361.10000000000002,444.5,13028.700000000001,536,512,58752,59800,908707,2.9696307189542486,972316,3.1775032679738562,0,0,0,0,2026072001,2026072902,0-49999,CC-B-R12-S-Q7,STAGE11-1200,coarse,MAX_FRAMES_REACHED,5
R12,3,3,6.0963016742589877,0.49019607843137253,0.25059361681363618,Q7,7,2,0.031746031746031744,50000,0,0,0,0,0,2.5609718912715457e-07,0,7.6823274145000517e-05,346.21915800000107,358.10000000000002,444,22421.900000000001,536,512,58752,59800,700754,2.2900457516339867,755399,2.4686241830065359,0,0,0,0,2026072001,2026072902,0-49999,CC-B-R12-S-Q7,STAGE11-1200,coarse,MAX_FRAMES_REACHED,5
R12,3.5,3.5,6.5963016742589877,0.49019607843137253,0.22334179607548157,Q7,7,2,0.031746031746031744,50000,0,0,0,0,0,2.5609718912715457e-07,0,7.6823274145000517e-05,347.66129000000103,358.39999999999998,449.60000000000002,45682.400000000001,536,512,58752,59800,526114,1.719326797385621,571200,1.8666666666666667,0,0,0,0,2026072001,2026072902,0-49999,CC-B-R12-S-Q7,STAGE11-1200,coarse,MAX_FRAMES_REACHED,5
R12,4,4,7.0963016742589877,0.49019607843137253,0.19905358527674863,Q7,7,2,0.031746031746031744,50000,0,0,0,0,0,2.5609718912715457e-07,0,7.6823274145000517e-05,370.55330799999939,366.39999999999998,484.39999999999998,37488.400000000001,536,512,58752,59800,383717,1.2539771241830064,420375,1.3737745098039216,0,0,0,0,2026072001,2026072902,0-49999,CC-B-R12-S-Q7,STAGE11-1200,coarse,MAX_FRAMES_REACHED,5
R12,4.5,4.5,7.5963016742589877,0.49019607843137253,0.17740669461678774,Q7,7,2,0.031746031746031744,50000,0,0,0,0,0,2.5609718912715457e-07,0,7.6823274145000517e-05,399.55709199999558,386.39999999999998,567.79999999999995,43185.900000000001,536,512,58752,59800,270159,0.88287254901960788,298767,0.97636274509803922,0,0,0,0,2026072001,2026072902,0-49999,CC-B-R12-S-Q7,STAGE11-1200,coarse,MAX_FRAMES_REACHED,5
R12,5,5,8.0963016742589886,0.49019607843137253,0.15811388300841897,Q7,7,2,0.031746031746031744,50000,0,0,0,0,0,2.5609718912715457e-07,0,7.6823274145000517e-05,394.91258199999936,386.39999999999998,574.5,25228.700000000001,536,512,58752,59800,183012,0.59807843137254901,204711,0.66899019607843135,0,0,0,0,2026072001,2026072902,0-49999,CC-B-R12-S-Q7,STAGE11-1200,coarse,MAX_FRAMES_REACHED,5
R12,5.5,5.5,8.5963016742589886,0.49019607843137253,0.14091914656322269,Q7,7,2,0.031746031746031744,50000,0,0,0,0,0,2.5609718912715457e-07,0,7.6823274145000517e-05,391.0208240000016,385.69999999999999,562.89999999999998,55342.800000000003,536,512,58752,59800,118911,0.38859803921568625,134571,0.43977450980392158,0,0,0,0,2026072001,2026072902,0-49999,CC-B-R12-S-Q7,STAGE11-1200,coarse,MAX_FRAMES_REACHED,5
R12,6,6,9.0963016742589886,0.49019607843137253,0.12559432157547901,Q7,7,2,0.031746031746031744,50000,0,0,0,0,0,2.5609718912715457e-07,0,7.6823274145000517e-05,382.21350799999692,383.10000000000002,551.89999999999998,19768.200000000001,536,512,58752,59800,73457,0.24005555555555555,84413,0.27585947712418302,0,0,0,0,2026072001,2026072902,0-49999,CC-B-R12-S-Q7,STAGE11-1200,coarse,MAX_FRAMES_REACHED,5
R12,6.5,6.5,9.5963016742589886,0.49019607843137253,0.11193605692841696,Q7,7,2,0.031746031746031744,50000,0,0,0,0,0,2.5609718912715457e-07,0,7.6823274145000517e-05,353.18015799999938,347.5,503.5,16550.799999999999,536,512,58752,59800,43011,0.14055882352941176,50160,0.16392156862745097,0,0,0,0,2026072001,2026072902,0-49999,CC-B-R12-S-Q7,STAGE11-1200,coarse,MAX_FRAMES_REACHED,5
R12,7,7,10.096301674258989,0.49019607843137253,0.099763115748444001,Q7,7,2,0.031746031746031744,50000,0,0,0,0,0,2.5609718912715457e-07,0,7.6823274145000517e-05,340.30920399999587,305.60000000000002,473.5,24622.400000000001,536,512,58752,59800,23773,0.077689542483660126,28230,0.092254901960784313,0,0,0,0,2026072001,2026072902,0-49999,CC-B-R12-S-Q7,STAGE11-1200,coarse,MAX_FRAMES_REACHED,5
R12,7.5,7.5,10.596301674258989,0.49019607843137253,0.088913970501946132,Q7,7,2,0.031746031746031744,50000,0,0,0,0,0,2.5609718912715457e-07,0,7.6823274145000517e-05,337.39197999999692,296.19999999999999,468.10000000000002,13833,536,512,58752,59800,12323,0.040271241830065356,14922,0.048764705882352939,0,0,0,0,2026072001,2026072902,0-49999,CC-B-R12-S-Q7,STAGE11-1200,coarse,MAX_FRAMES_REACHED,5
R12,8,8,11.096301674258989,0.49019607843137253,0.079244659623055658,Q7,7,2,0.031746031746031744,50000,0,0,0,0,0,2.5609718912715457e-07,0,7.6823274145000517e-05,337.08391599999965,291.19999999999999,470,19397.599999999999,536,512,58752,59800,6062,0.01981045751633987,7414,0.024228758169934639,0,0,0,0,2026072001,2026072902,0-49999,CC-B-R12-S-Q7,STAGE11-1200,coarse,MAX_FRAMES_REACHED,5
R12,8.5,8.5,11.596301674258989,0.49019607843137253,0.070626877231137725,Q7,7,2,0.031746031746031744,50000,0,0,0,0,0,2.5609718912715457e-07,0,7.6823274145000517e-05,391.81242400000212,378.89999999999998,594.39999999999998,54558.099999999999,536,512,58752,59800,2712,0.0088627450980392156,3431,0.011212418300653594,0,0,0,0,2026072001,2026072902,0-49999,CC-B-R12-S-Q7,STAGE11-1200,coarse,MAX_FRAMES_REACHED,5
R12,9,9,12.096301674258989,0.49019607843137253,0.06294627058970835,Q7,7,2,0.031746031746031744,50000,0,0,0,0,0,2.5609718912715457e-07,0,7.6823274145000517e-05,419.20536799999678,390.30000000000001,652.10000000000002,53653.5,536,512,58752,59800,1068,0.0034901960784313726,1423,0.0046503267973856208,0,0,0,0,2026072001,2026072902,0-49999,CC-B-R12-S-Q7,STAGE11-1200,coarse,MAX_FRAMES_REACHED,5
R12,9.5,9.5,12.596301674258989,0.49019607843137253,0.05610092271509818,Q7,7,2,0.031746031746031744,50000,0,0,0,0,0,2.5609718912715457e-07,0,7.6823274145000517e-05,425.65473200000235,391.69999999999999,660.89999999999998,34815.099999999999,536,512,58752,59800,385,0.0012581699346405229,526,0.0017189542483660131,0,0,0,0,2026072001,2026072902,0-49999,CC-B-R12-S-Q7,STAGE11-1200,coarse,MAX_FRAMES_REACHED,5
R12,10,10,13.096301674258989,0.49019607843137253,0.050000000000000003,Q7,7,2,0.031746031746031744,50000,0,0,0,0,0,2.5609718912715457e-07,0,7.6823274145000517e-05,446.82598399999881,398.69999999999999,705.39999999999998,31980.099999999999,536,512,58752,59800,119,0.00038888888888888887,171,0.00055882352941176471,0,0,0,0,2026072001,2026072902,0-49999,CC-B-R12-S-Q7,STAGE11-1200,coarse,MAX_FRAMES_REACHED,5
R12,-5,-5,-1.9036983257410123,0.49019607843137253,1.5811388300841895,Q8,8,2,0.015748031496062992,1000,118234,1000,0.39411333333333332,1,0.39236608675941947,0.39586329160098871,0.99617324151444497,1,299.70250000000004,265.10000000000002,396.19999999999999,866.20000000000005,612,512,58752,59876,135128,22.079738562091503,136323,22.274999999999999,0,0,0.0035819780667504172,0,2026072001,2026072902,0-999,CC-B-R12-S-Q8,STAGE11-1200,coarse,TARGET_ERRORS_REACHED,5
R12,-4.5,-4.5,-1.4036983257410123,0.49019607843137253,1.4091914656322269,Q8,8,2,0.015748031496062992,1000,104584,1000,0.34861333333333333,1,0.3469100675973088,0.35032047599068783,0.99617324151444497,1,304.6694,273.39999999999998,392.10000000000002,1371.4000000000001,612,512,58752,59876,125306,20.474836601307189,126555,20.678921568627452,0,0,0.0064573248775417836,0,2026072001,2026072902,0-999,CC-B-R12-S-Q8,STAGE11-1200,coarse,TARGET_ERRORS_REACHED,5
R12,-4,-4,-0.90369832574101228,0.49019607843137253,1.2559432157547903,Q8,8,2,0.015748031496062992,1000,86516,1000,0.28838666666666668,1,0.28676833188689266,0.29001042073642014,0.99617324151444497,1,302.9672999999998,267.80000000000001,399.5,1104.3,612,512,58752,59876,115929,18.942647058823528,117098,19.133660130718955,0,0,0.0051000848077885109,0,2026072001,2026072902,0-999,CC-B-R12-S-Q8,STAGE11-1200,coarse,TARGET_ERRORS_REACHED,5
R12,-3.5,-3.5,-0.40369832574101228,0.49019607843137253,1.1193605692841697,Q8,8,2,0.015748031496062992,1000,65327,998,0.21775666666666665,0.998,0.21628340941512991,0.21923715199993155,0.99273719213650791,0.99945135641187932,300.02659999999992,264.69999999999999,390.5,1048,612,512,58752,59876,106585,17.415849673202615,107820,17.617647058823529,0,0,0.006641395463510732,0,2026072001,2026072902,0-999,CC-B-R12-S-Q8,STAGE11-1200,coarse,TARGET_ERRORS_REACHED,5
R12,-3,-3,0.096301674258987724,0.49019607843137253,0.99763115748443987,Q8,8,2,0.015748031496062992,1000,42909,966,0.14302999999999999,0.96599999999999997,0.14178176452458396,0.14428737726205815,0.9528648097546889,0.97556865133677373,327.59480000000008,348.10000000000002,411.80000000000001,891.89999999999998,612,512,58752,59876,97641,15.954411764705883,98842,16.150653594771242,0,0,0.0048475481242096123,0,2026072001,2026072902,0-999,CC-B-R12-S-Q8,STAGE11-1200,coarse,TARGET_ERRORS_REACHED,5
R12,-2.5,-2.5,0.59630167425898772,0.49019607843137253,0.88913970501946138,Q8,8,2,0.015748031496062992,1000,24150,869,0.080500000000000002,0.86899999999999999,0.079531806239071426,0.081478936903199309,0.84666835843966937,0.88850749379799099,338.75959999999969,351.30000000000001,424.69999999999999,2937.6999999999998,612,512,58752,59876,88776,14.505882352941176,89944,14.69673202614379,0,0,-0.00033115324116227694,0.0034642032332563542,2026072001,2026072902,0-999,CC-B-R12-S-Q8,STAGE11-1200,coarse,TARGET_ERRORS_REACHED,5
R12,-2,-2,1.0963016742589877,0.49019607843137253,0.79244659623055669,Q8,8,2,0.015748031496062992,1000,11837,677,0.039456666666666668,0.67700000000000005,0.038765906920920377,0.040159220649723666,0.64738722027136164,0.70525810722475202,368.12509999999935,397.80000000000001,444.80000000000001,834.10000000000002,612,512,58752,59876,80201,13.104738562091503,81279,13.280882352941177,0,0,0.02939386033568131,0.011958146487294478,2026072001,2026072902,0-999,CC-B-R12-S-Q8,STAGE11-1200,dense,TARGET_ERRORS_REACHED,5
R12,-1.8999999999999999,-1.8999999999999999,1.1963016742589878,0.49019607843137253,0.77440830945624062,Q8,8,2,0.015748031496062992,1000,9637,612,0.03212333333333333,0.61199999999999999,0.03149833130943467,0.032760317396791382,0.58142392457642111,0.64171888152281442,364.89110000000028,394.39999999999998,449.69999999999999,1075.5999999999999,612,512,58752,59876,78535,12.832516339869281,79649,13.014542483660131,0,0,0.011864762704745823,-0.0016313213703099524,2026072001,2026072902,0-999,CC-B-R12-S-Q8,STAGE11-1200,dense,TARGET_ERRORS_REACHED,5
R12,-1.8,-1.8,1.2963016742589877,0.49019607843137253,0.7567806242181041,Q8,8,2,0.015748031496062992,1000,8212,562,0.027373333333333333,0.56200000000000006,0.026795476484178068,0.027963293866686324,0.53107013838604444,0.59245534356174689,363.62260000000003,396.19999999999999,455.30000000000001,833.29999999999995,612,512,58752,59876,76855,12.558006535947712,77979,12.741666666666667,0,0,0.010210357977610947,0.010791366906474829,2026072001,2026072902,0-999,CC-B-R12-S-Q8,STAGE11-1200,dense,TARGET_ERRORS_REACHED,5
R12,-1.7,-1.7,1.3963016742589878,0.49019607843137253,0.73955419408410372,Q8,8,2,0.015748031496062992,1000,6891,503,0.022970000000000001,0.503,0.022440006355893202,0.023512210095018388,0.47205867471427643,0.53391836473481036,369.49319999999977,396.19999999999999,456.5,3491.8000000000002,612,512,58752,59876,75217,12.290359477124182,76351,12.475653594771241,0,0,0.015024304021210782,0.012072434607645887,2026072001,2026072902,0-999,CC-B-R12-S-Q8,STAGE11-1200,dense,TARGET_ERRORS_REACHED,5
R12,-1.6000000000000001,-1.6000000000000001,1.4963016742589876,0.49019607843137253,0.72271988537296372,Q8,8,2,0.015748031496062992,1000,5663,449,0.018876666666666667,0.44900000000000001,0.018395810566771618,0.019369844045273931,0.41842546673459929,0.47996486263092736,398.42879999999968,407,469.30000000000001,1124.8,612,512,58752,59876,73563,12.020098039215686,74722,12.209477124183007,0,0,0.010708548991611571,0.011261261261261271,2026072001,2026072902,0-999,CC-B-R12-S-Q8,STAGE11-1200,dense,TARGET_ERRORS_REACHED,5
R12,-1.5,-1.5,1.5963016742589877,0.49019607843137253,0.70626877231137719,Q8,8,2,0.015748031496062992,1000,4725,401,0.01575,0.40100000000000002,0.015310626788731118,0.016201774562030754,0.37105844196706284,0.43169925621307714,387.22089999999974,402.89999999999998,473.10000000000002,1136.8,612,512,58752,59876,71805,11.732843137254902,72991,11.926633986928104,0,0,0.019857543708180461,0.020356234096692131,2026072001,2026072902,0-999,CC-B-R12-S-Q8,STAGE11-1200,dense,TARGET_ERRORS_REACHED,5
R12,-1.3999999999999999,-1.3999999999999999,1.6963016742589878,0.49019607843137253,0.69019213230144238,Q8,8,2,0.015748031496062992,1000,3836,344,0.012786666666666667,0.34399999999999997,0.012390817259078764,0.013194993314197847,0.31520449220284491,0.37398945644464826,399.88040000000041,407.89999999999998,476.19999999999999,1609.0999999999999,612,512,58752,59876,70105,11.455065359477125,71270,11.645424836601308,0,0,-0.0036363636363636685,-0.0057803468208092543,2026072001,2026072902,0-999,CC-B-R12-S-Q8,STAGE11-1200,dense,TARGET_ERRORS_REACHED,5
R12,-1.2999999999999998,-1.2999999999999998,1.7963016742589879,0.49019607843137253,0.67448144129582677,Q8,8,2,0.015748031496062992,1000,3094,299,0.010313333333333334,0.29899999999999999,0.0099580286335454425,0.010681178613641099,0.27143763442230356,0.32810072248888961,399.5886999999999,407.5,479.60000000000002,2520.5,612,512,58752,59876,68480,11.18954248366013,69589,11.370751633986927,0,0,-0.004504504504504377,-0.0066445182724252554,2026072001,2026072902,0-999,CC-B-R12-S-Q8,STAGE11-1200,dense,TARGET_ERRORS_REACHED,5
R12,-1.2,-1.2,1.8963016742589878,0.49019607843137253,0.65912836927820351,Q8,8,2,0.015748031496062992,1000,2475,258,0.0082500000000000004,0.25800000000000001,0.0079325577824193912,0.0085800356388240889,0.23184403439388107,0.28600811671312759,425.93630000000024,406.69999999999999,542.29999999999995,3283.5,612,512,58752,59876,66830,10.919934640522875,67960,11.104575163398692,0,0,-0.0056247488951386591,0.0038910505836575911,2026072001,2026072902,0-999,CC-B-R12-S-Q8,STAGE11-1200,dense,TARGET_ERRORS_REACHED,5
R12,-1.1000000000000001,-1.1000000000000001,1.9963016742589876,0.49019607843137253,0.64412477584656702,Q8,8,2,0.015748031496062992,1000,2004,214,0.0066800000000000002,0.214,0.0063947625076444404,0.0069778711203531858,0.18970008521445181,0.24048882063928573,433.50859999999989,407.19999999999999,528.89999999999998,4462.3000000000002,612,512,58752,59876,65164,10.647712418300653,66296,10.832679738562092,0,0,0.014683544303797485,-0.0046511627906976787,2026072001,2026072902,0-999,CC-B-R12-S-Q8,STAGE11-1200,dense,TARGET_ERRORS_REACHED,5
R12,-1,-1,2.0963016742589877,0.49019607843137253,0.62946270589708364,Q8,8,2,0.015748031496062992,1123,1811,202,0.0053754823389729894,0.1798753339269813,0.005134150759294573,0.0056280935746391399,0.15851460141436974,0.2034187083943802,424.29857524488017,407.39999999999998,528.70000000000005,5129.1000000000004,612,512,58752,59876,71328,10.378363277635186,72549,10.556021161803992,0,0,0.001105583195135445,0.010000000000000023,2026072001,2026072902,0-1122,CC-B-R12-S-Q8,STAGE11-1200,dense,TARGET_ERRORS_REACHED,5
R12,-0.89999999999999991,-0.89999999999999991,2.1963016742589878,0.49019607843137253,0.6151343854061907,Q8,8,2,0.015748031496062992,1431,1658,202,0.0038621010948054974,0.14116002795248078,0.0036809476141881499,0.0040521335703163162,0.1240791529135182,0.16016232638963893,424.06044723969279,404.30000000000001,518.5,12319.1,612,512,58752,59876,88710,10.129348734602157,90344,10.315926976427654,0,0,0.01035953686776361,0.0099999999999999083,2026072001,2026072902,0-1430,CC-B-R12-S-Q8,STAGE11-1200,dense,TARGET_ERRORS_REACHED,5
R12,-0.79999999999999982,-0.79999999999999982,2.2963016742589879,0.49019607843137253,0.60113221730870636,Q8,8,2,0.015748031496062992,1731,1593,204,0.0030675909878682844,0.11785095320623917,0.0029208147468442096,0.0032217191690610495,0.10350111675240087,0.13389317465486966,396.86250722125959,398.60000000000002,466.60000000000002,1115.3,612,512,58752,59876,104543,9.8683937276046567,106516,10.05463614292241,0,0,0.008227848101265877,0.01999999999999999,2026072001,2026072902,0-1730,CC-B-R12-S-Q8,STAGE11-1200,dense,TARGET_ERRORS_REACHED,5
R12,-0.69999999999999996,-0.69999999999999996,2.3963016742589875,0.49019607843137253,0.58744877746976476,Q8,8,2,0.015748031496062992,2083,1503,202,0.0024051848295727316,0.09697551608257321,0.0022867564854619003,0.0025297308828895284,0.084999242443369108,0.11043556507246947,398.58943831013045,400.10000000000002,468.5,932.20000000000005,612,512,58752,59876,122339,9.5967511664611429,124619,9.7756033122162282,0,0,0.017603249830737883,0.010000000000000021,2026072001,2026072902,0-2082,CC-B-R12-S-Q8,STAGE11-1200,dense,TARGET_ERRORS_REACHED,5
R12,-0.59999999999999987,-0.59999999999999987,2.4963016742589881,0.49019607843137253,0.5740768107484413,Q8,8,2,0.015748031496062992,2465,1462,203,0.0019770114942528737,0.082352941176470587,0.0018783253557609783,0.0020808717365014984,0.072139600565406331,0.093865979645671893,396.80231237322505,399.10000000000002,461.60000000000002,939.89999999999998,612,512,58752,59876,141109,9.3537631414973017,143760,9.529491309708467,0,0,0.004810996563573945,0.014999999999999999,2026072001,2026072902,0-2464,CC-B-R12-S-Q8,STAGE11-1200,dense,TARGET_ERRORS_REACHED,5
R12,-0.5,-0.5,2.5963016742589877,0.49019607843137253,0.56100922715098167,Q8,8,2,0.015748031496062992,2830,1368,201,0.0016113074204946996,0.071024734982332152,0.0015282163107333538,0.0016989086150065551,0.062131077713005287,0.081081400725921002,397.74505300353434,400,466.39999999999998,2454.9000000000001,612,512,58752,59876,157447,9.090683387607104,160364,9.2591052911152687,0,0,-0.002915451895043818,0.0049999999999999177,2026072001,2026072902,0-2829,CC-B-R12-S-Q8,STAGE11-1200,dense,TARGET_ERRORS_REACHED,5
R12,-0.39999999999999991,-0.39999999999999991,2.6963016742589878,0.49019607843137253,0.54823909807159255,Q8,8,2,0.015748031496062992,3548,1403,207,0.0013181134911687336,0.058342728297632471,0.0012509634692822601,0.0013888630226718286,0.051097268106830393,0.066543528551765027,395.73055242390137,400.5,453.30000000000001,6964.5,612,512,58752,59876,192125,8.8480760586835263,195676,9.0116129127336766,0,0,0.018142235123367198,0.03500000000000008,2026072001,2026072902,0-3547,CC-B-R12-S-Q8,STAGE11-1200,dense,TARGET_ERRORS_REACHED,5
R12,-0.29999999999999982,-0.29999999999999982,2.7963016742589879,0.49019607843137253,0.53575965261880321,Q8,8,2,0.015748031496062992,5159,1292,201,0.00083478710344381984,0.03896103896103896,0.00079050926045938247,0.00088154283988396882,0.034014699637067929,0.044593458691581815,400.43262260127898,401.60000000000002,459.60000000000002,5585.8999999999996,612,512,58752,59876,271667,8.6043870284432185,277024,8.774056886436167,0,0,0.0046656298600310257,0.0050000000000000287,2026072001,2026072902,0-5158,CC-B-R12-S-Q8,STAGE11-1200,dense,TARGET_ERRORS_REACHED,5
R12,-0.19999999999999996,-0.19999999999999996,2.8963016742589875,0.49019607843137253,0.52356427402544969,Q8,8,2,0.015748031496062992,6961,1197,201,0.00057319350668007469,0.028875161614710529,0.00054163705356700866,0.00060658736244787554,0.025193722648928829,0.033076298459263388,404.61351817267683,402.39999999999998,468.19999999999999,17816.900000000001,612,512,58752,59876,356151,8.3600930675387524,363365,8.529430543466729,0,0,0,0,2026072001,2026072902,0-6960,CC-B-R12-S-Q8,STAGE11-1200,dense,TARGET_ERRORS_REACHED,5
R12,-0.099999999999999867,-0.099999999999999867,2.9963016742589881,0.49019607843137253,0.51164649614037705,Q8,8,2,0.015748031496062992,8530,1196,200,0.00046737006643220007,0.023446658851113716,0.00044162788929215044,0.00049461199437089546,0.02044357972502623,0.026878773375789596,398.34002344665925,401.19999999999999,464.69999999999999,1507,612,512,58752,59876,423232,8.1073335938517648,432108,8.2773601820564107,0,0,-0.00333333333333336,-0.0049751243781094761,2026072001,2026072902,0-8529,CC-B-R12-S-Q8,STAGE11-1200,dense,TARGET_ERRORS_REACHED,5
R12,0,0,3.0963016742589877,0.49019607843137253,0.5,Q8,8,2,0.015748031496062992,10180,1160,203,0.00037982973149967256,0.019941060903732811,0.00035859542579867211,0.0004023209251482389,0.017400970887150532,0.022843318114983493,399.90773084479423,400.10000000000002,465.69999999999999,2983.5,612,512,58752,59876,489800,7.8617563593872388,500056,8.0263749245605247,0,0,0.013100436681222728,0.0150000000000001,2026072001,2026072902,0-10179,CC-B-R12-S-Q8,STAGE11-1200,dense,TARGET_ERRORS_REACHED,5
R12,0.5,0.5,3.5963016742589877,0.49019607843137253,0.44562546906687278,Q8,8,2,0.015748031496062992,38219,891,202,7.7710039509144667e-05,0.005285329286480546,7.2772444309246811e-05,8.2982621713239565e-05,0.0046064551479554263,0.0060636427112024643,381.38700122975399,372.89999999999998,486.19999999999999,46949.900000000001,612,512,58752,59876,1569044,6.7081749538735052,1605164,6.8625997369477281,0,0,0.0022497187851518731,0.0099999999999998684,2026072001,2026072902,0-38218,CC-B-R12-S-Q8,STAGE11-1200,coarse,TARGET_ERRORS_REACHED,5
R12,1,1,4.0963016742589877,0.49019607843137253,0.39716411736214075,Q8,8,2,0.015748031496062992,50000,226,50,1.5066666666666666e-05,0.001,1.3226242885787028e-05,1.7163179919611492e-05,0.00075866356246956726,0.0013180060651271433,373.06167400000118,373.19999999999999,480.69999999999999,33046.599999999999,612,512,58752,59876,1723701,5.6330098039215688,1767280,5.7754248366013075,0,0,-0.0044052863436123673,0,2026072001,2026072902,0-49999,CC-B-R12-S-Q8,STAGE11-1200,coarse,MAX_FRAMES_REACHED,5
R12,1.5,1.5,4.5963016742589877,0.49019607843137253,0.35397289219206896,Q8,8,2,0.015748031496062992,50000,29,8,1.9333333333333332e-06,0.00016000000000000001,1.3461775521591696e-06,2.7765853133921871e-06,8.1078132814049511e-05,0.00031572055788322461,374.08692400000081,373.89999999999998,481.80000000000001,38403.199999999997,612,512,58752,59876,1421169,4.6443431372549018,1460859,4.7740490196078431,0,0,0.15999999999999992,0.14285714285714304,2026072001,2026072902,0-49999,CC-B-R12-S-Q8,STAGE11-1200,coarse,MAX_FRAMES_REACHED,5
R12,2,2,5.0963016742589877,0.49019607843137253,0.31547867224009662,Q8,8,2,0.015748031496062992,50000,3,2,1.9999999999999999e-07,4.0000000000000003e-05,6.8018050835858217e-08,5.8807903585242071e-07,1.0969511301390302e-05,0.00014584761698167861,374.53209599999269,370.60000000000002,475.69999999999999,39407.900000000001,612,512,58752,59876,1148919,3.7546372549019607,1184124,3.869686274509804,0,0,0,0,2026072001,2026072902,0-49999,CC-B-R12-S-Q8,STAGE11-1200,coarse,MAX_FRAMES_REACHED,5
R12,2.5,2.5,5.5963016742589877,0.49019607843137253,0.28117066259517454,Q8,8,2,0.015748031496062992,50000,0,0,0,0,0,2.5609718912715457e-07,0,7.6823274145000517e-05,351.31576399999983,360.39999999999998,445.39999999999998,11574.1,612,512,58752,59876,908707,2.9696307189542486,939638,3.0707124183006536,0,0,0,0,2026072001,2026072902,0-49999,CC-B-R12-S-Q8,STAGE11-1200,coarse,MAX_FRAMES_REACHED,5
R12,3,3,6.0963016742589877,0.49019607843137253,0.25059361681363618,Q8,8,2,0.015748031496062992,50000,0,0,0,0,0,2.5609718912715457e-07,0,7.6823274145000517e-05,343.99330399999633,357.19999999999999,442.89999999999998,13458,612,512,58752,59876,700754,2.2900457516339867,727393,2.3771013071895424,0,0,0,0,2026072001,2026072902,0-49999,CC-B-R12-S-Q8,STAGE11-1200,coarse,MAX_FRAMES_REACHED,5
R12,3.5,3.5,6.5963016742589877,0.49019607843137253,0.22334179607548157,Q8,8,2,0.015748031496062992,50000,0,0,0,0,0,2.5609718912715457e-07,0,7.6823274145000517e-05,348.34979600000099,357.69999999999999,448.80000000000001,45663.5,612,512,58752,59876,526114,1.719326797385621,548315,1.7918790849673203,0,0,0,0,2026072001,2026072902,0-49999,CC-B-R12-S-Q8,STAGE11-1200,coarse,MAX_FRAMES_REACHED,5
R12,4,4,7.0963016742589877,0.49019607843137253,0.19905358527674863,Q8,8,2,0.015748031496062992,50000,0,0,0,0,0,2.5609718912715457e-07,0,7.6823274145000517e-05,370.19555999999983,365.39999999999998,478.60000000000002,105745.10000000001,612,512,58752,59876,383717,1.2539771241830064,401565,1.3123039215686274,0,0,0,0,2026072001,2026072902,0-49999,CC-B-R12-S-Q8,STAGE11-1200,coarse,MAX_FRAMES_REACHED,5
R12,4.5,4.5,7.5963016742589877,0.49019607843137253,0.17740669461678774,Q8,8,2,0.015748031496062992,50000,0,0,0,0,0,2.5609718912715457e-07,0,7.6823274145000517e-05,399.03776199999629,385.5,574.39999999999998,57349.300000000003,612,512,58752,59876,270159,0.88287254901960788,284047,0.9282581699346405,0,0,0,0,2026072001,2026072902,0-49999,CC-B-R12-S-Q8,STAGE11-1200,coarse,MAX_FRAMES_REACHED,5
R12,5,5,8.0963016742589886,0.49019607843137253,0.15811388300841897,Q8,8,2,0.015748031496062992,50000,0,0,0,0,0,2.5609718912715457e-07,0,7.6823274145000517e-05,393.66654799999617,385.60000000000002,567.60000000000002,19600,612,512,58752,59876,183012,0.59807843137254901,193555,0.63253267973856209,0,0,0,0,2026072001,2026072902,0-49999,CC-B-R12-S-Q8,STAGE11-1200,coarse,MAX_FRAMES_REACHED,5
R12,5.5,5.5,8.5963016742589886,0.49019607843137253,0.14091914656322269,Q8,8,2,0.015748031496062992,50000,0,0,0,0,0,2.5609718912715457e-07,0,7.6823274145000517e-05,390.94972200000495,385.10000000000002,566.70000000000005,22522.099999999999,612,512,58752,59876,118911,0.38859803921568625,126486,0.41335294117647059,0,0,0,0,2026072001,2026072902,0-49999,CC-B-R12-S-Q8,STAGE11-1200,coarse,MAX_FRAMES_REACHED,5
R12,6,6,9.0963016742589886,0.49019607843137253,0.12559432157547901,Q8,8,2,0.015748031496062992,50000,0,0,0,0,0,2.5609718912715457e-07,0,7.6823274145000517e-05,379.57628999999969,381.89999999999998,549.70000000000005,20208.900000000001,612,512,58752,59876,73457,0.24005555555555555,78658,0.25705228758169935,0,0,0,0,2026072001,2026072902,0-49999,CC-B-R12-S-Q8,STAGE11-1200,coarse,MAX_FRAMES_REACHED,5
R12,6.5,6.5,9.5963016742589886,0.49019607843137253,0.11193605692841696,Q8,8,2,0.015748031496062992,50000,0,0,0,0,0,2.5609718912715457e-07,0,7.6823274145000517e-05,355.01698200000124,347.60000000000002,501,46117.5,612,512,58752,59876,43011,0.14055882352941176,46461,0.15183333333333332,0,0,0,0,2026072001,2026072902,0-49999,CC-B-R12-S-Q8,STAGE11-1200,coarse,MAX_FRAMES_REACHED,5
R12,7,7,10.096301674258989,0.49019607843137253,0.099763115748444001,Q8,8,2,0.015748031496062992,50000,0,0,0,0,0,2.5609718912715457e-07,0,7.6823274145000517e-05,339.44974399999944,306.19999999999999,470.89999999999998,17977.400000000001,612,512,58752,59876,23773,0.077689542483660126,25929,0.084735294117647061,0,0,0,0,2026072001,2026072902,0-49999,CC-B-R12-S-Q8,STAGE11-1200,coarse,MAX_FRAMES_REACHED,5
R12,7.5,7.5,10.596301674258989,0.49019607843137253,0.088913970501946132,Q8,8,2,0.015748031496062992,50000,0,0,0,0,0,2.5609718912715457e-07,0,7.6823274145000517e-05,336.08052199999906,294.19999999999999,465.5,10198.700000000001,612,512,58752,59876,12323,0.040271241830065356,13583,0.044388888888888887,0,0,0,0,2026072001,2026072902,0-49999,CC-B-R12-S-Q8,STAGE11-1200,coarse,MAX_FRAMES_REACHED,5
R12,8,8,11.096301674258989,0.49019607843137253,0.079244659623055658,Q8,8,2,0.015748031496062992,50000,0,0,0,0,0,2.5609718912715457e-07,0,7.6823274145000517e-05,335.38176999999763,289.19999999999999,463.30000000000001,18610.200000000001,612,512,58752,59876,6062,0.01981045751633987,6755,0.02207516339869281,0,0,0,0,2026072001,2026072902,0-49999,CC-B-R12-S-Q8,STAGE11-1200,coarse,MAX_FRAMES_REACHED,5
R12,8.5,8.5,11.596301674258989,0.49019607843137253,0.070626877231137725,Q8,8,2,0.015748031496062992,50000,0,0,0,0,0,2.5609718912715457e-07,0,7.6823274145000517e-05,388.55914800000465,377.60000000000002,588,31853,612,512,58752,59876,2712,0.0088627450980392156,3037,0.0099248366013071892,0,0,0,0,2026072001,2026072902,0-49999,CC-B-R12-S-Q8,STAGE11-1200,coarse,MAX_FRAMES_REACHED,5
R12,9,9,12.096301674258989,0.49019607843137253,0.06294627058970835,Q8,8,2,0.015748031496062992,50000,0,0,0,0,0,2.5609718912715457e-07,0,7.6823274145000517e-05,421.87572399999624,389,652.79999999999995,24286.700000000001,612,512,58752,59876,1068,0.0034901960784313726,1246,0.0040718954248366015,0,0,0,0,2026072001,2026072902,0-49999,CC-B-R12-S-Q8,STAGE11-1200,coarse,MAX_FRAMES_REACHED,5
R12,9.5,9.5,12.596301674258989,0.49019607843137253,0.05610092271509818,Q8,8,2,0.015748031496062992,50000,0,0,0,0,0,2.5609718912715457e-07,0,7.6823274145000517e-05,429.85200400000139,391.19999999999999,669,114864.3,612,512,58752,59876,385,0.0012581699346405229,445,0.0014542483660130718,0,0,0,0,2026072001,2026072902,0-49999,CC-B-R12-S-Q8,STAGE11-1200,coarse,MAX_FRAMES_REACHED,5
R12,10,10,13.096301674258989,0.49019607843137253,0.050000000000000003,Q8,8,2,0.015748031496062992,50000,0,0,0,0,0,2.5609718912715457e-07,0,7.6823274145000517e-05,448.04707799999977,397.80000000000001,706.70000000000005,34767,612,512,58752,59876,119,0.00038888888888888887,139,0.00045424836601307188,0,0,0,0,2026072001,2026072902,0-49999,CC-B-R12-S-Q8,STAGE11-1200,coarse,MAX_FRAMES_REACHED,5
R12,-5,-5,-1.9036983257410123,0.49019607843137253,1.5811388300841895,Float,0,0,0,1000,117812,1000,0.39270666666666665,1,0.39096053639411332,0.3944555446568474,0.99617324151444497,1,302.18939999999975,265.30000000000001,411.89999999999998,620.79999999999995,4896,1024,58752,64672,0,0,0,0,0,0,0,0,2026072001,2026072902,0-999,CC-B-R12-S-Float,STAGE11-1200,coarse,TARGET_ERRORS_REACHED,5
R12,-4.5,-4.5,-1.4036983257410123,0.49019607843137253,1.4091914656322269,Float,0,0,0,1000,103913,1000,0.34637666666666667,1,0.3446759928696943,0.34808127466465477,0.99617324151444497,1,305.0907999999996,267.30000000000001,401.89999999999998,868.20000000000005,4896,1024,58752,64672,0,0,0,0,0,0,0,0,2026072001,2026072902,0-999,CC-B-R12-S-Float,STAGE11-1200,coarse,TARGET_ERRORS_REACHED,5
R12,-4,-4,-0.90369832574101228,0.49019607843137253,1.2559432157547903,Float,0,0,0,1000,86077,1000,0.28692333333333331,1,0.28530747360210335,0.28854464982962785,0.99617324151444497,1,301.57240000000024,259.30000000000001,402.60000000000002,968.70000000000005,4896,1024,58752,64672,0,0,0,0,0,0,0,0,2026072001,2026072902,0-999,CC-B-R12-S-Float,STAGE11-1200,coarse,TARGET_ERRORS_REACHED,5
R12,-3.5,-3.5,-0.40369832574101228,0.49019607843137253,1.1193605692841697,Float,0,0,0,1000,64896,998,0.21632000000000001,0.998,0.21485028991923494,0.21779697495466105,0.99273719213650791,0.99945135641187932,306.56149999999968,261,408.10000000000002,1025.2,4896,1024,58752,64672,0,0,0,0,0,0,0,0,2026072001,2026072902,0-999,CC-B-R12-S-Float,STAGE11-1200,coarse,TARGET_ERRORS_REACHED,5
R12,-3,-3,0.096301674258987724,0.49019607843137253,0.99763115748443987,Float,0,0,0,1000,42702,966,0.14233999999999999,0.96599999999999997,0.14109429578109528,0.14359486367603114,0.9528648097546889,0.97556865133677373,342.73380000000031,363.89999999999998,447.80000000000001,1232.4000000000001,4896,1024,58752,64672,0,0,0,0,0,0,0,0,2026072001,2026072902,0-999,CC-B-R12-S-Float,STAGE11-1200,coarse,TARGET_ERRORS_REACHED,5
R12,-2.5,-2.5,0.59630167425898772,0.49019607843137253,0.88913970501946138,Float,0,0,0,1000,24158,866,0.080526666666666663,0.86599999999999999,0.079558325450691761,0.081505750341995017,0.84347988878269997,0.8857189240058736,354.15220000000022,365.80000000000001,444.19999999999999,10285.5,4896,1024,58752,64672,0,0,0,0,0,0,0,0,2026072001,2026072902,0-999,CC-B-R12-S-Float,STAGE11-1200,coarse,TARGET_ERRORS_REACHED,5
R12,-2,-2,1.0963016742589877,0.49019607843137253,0.79244659623055669,Float,0,0,0,1000,11499,669,0.038330000000000003,0.66900000000000004,0.037648869676805682,0.039022953413759609,0.63923606946990996,0.69747048616197249,382.53040000000004,416.39999999999998,487.5,1053.2,4896,1024,58752,64672,0,0,0,0,0,0,0,0,2026072001,2026072902,0-999,CC-B-R12-S-Float,STAGE11-1200,dense,TARGET_ERRORS_REACHED,5
R12,-1.8999999999999999,-1.8999999999999999,1.1963016742589878,0.49019607843137253,0.77440830945624062,Float,0,0,0,1000,9524,613,0.031746666666666666,0.61299999999999999,0.031125257355457375,0.032380067663641751,0.58243432667296591,0.64270082590929856,379.03649999999965,415.30000000000001,474.5,2297,4896,1024,58752,64672,0,0,0,0,0,0,0,0,2026072001,2026072902,0-999,CC-B-R12-S-Float,STAGE11-1200,dense,TARGET_ERRORS_REACHED,5
R12,-1.8,-1.8,1.2963016742589877,0.49019607843137253,0.7567806242181041,Float,0,0,0,1000,8129,556,0.027096666666666668,0.55600000000000005,0.026521688716276297,0.027683755386521423,0.52504916250990774,0.58652224053971025,380.51249999999999,414.89999999999998,495.60000000000002,1037.5999999999999,4896,1024,58752,64672,0,0,0,0,0,0,0,0,2026072001,2026072902,0-999,CC-B-R12-S-Float,STAGE11-1200,dense,TARGET_ERRORS_REACHED,5
R12,-1.7,-1.7,1.3963016742589878,0.49019607843137253,0.73955419408410372,Float,0,0,0,1000,6789,497,0.022630000000000001,0.497,0.022103900032959384,0.023168325125147372,0.4660816352651897,0.52794132528572357,381.82359999999989,416,490.19999999999999,1351.0999999999999,4896,1024,58752,64672,0,0,0,0,0,0,0,0,2026072001,2026072902,0-999,CC-B-R12-S-Float,STAGE11-1200,dense,TARGET_ERRORS_REACHED,5
R12,-1.6000000000000001,-1.6000000000000001,1.4963016742589876,0.49019607843137253,0.72271988537296372,Float,0,0,0,1000,5603,444,0.018676666666666668,0.44400000000000001,0.018198350179110662,0.0191673095548144,0.41347775946028981,0.47495083749009243,418.15220000000005,428.10000000000002,492.5,1454.8,4896,1024,58752,64672,0,0,0,0,0,0,0,0,2026072001,2026072902,0-999,CC-B-R12-S-Float,STAGE11-1200,dense,TARGET_ERRORS_REACHED,5
R12,-1.5,-1.5,1.5963016742589877,0.49019607843137253,0.70626877231137719,Float,0,0,0,1000,4633,393,0.015443333333333333,0.39300000000000002,0.01500825361436911,0.015890822256608018,0.36319283324054991,0.42362609307535887,408.60920000000021,426,520.29999999999995,1037.4000000000001,4896,1024,58752,64672,0,0,0,0,0,0,0,0,2026072001,2026072902,0-999,CC-B-R12-S-Float,STAGE11-1200,dense,TARGET_ERRORS_REACHED,5
R12,-1.3999999999999999,-1.3999999999999999,1.6963016742589878,0.49019607843137253,0.69019213230144238,Float,0,0,0,1000,3850,346,0.012833333333333334,0.34599999999999997,0.012436759963457113,0.013242382748047612,0.31715666010206423,0.37602198151148669,427.52379999999999,431.80000000000001,521.39999999999998,2537.5999999999999,4896,1024,58752,64672,0,0,0,0,0,0,0,0,2026072001,2026072902,0-999,CC-B-R12-S-Float,STAGE11-1200,dense,TARGET_ERRORS_REACHED,5
R12,-1.2999999999999998,-1.2999999999999998,1.7963016742589879,0.49019607843137253,0.67448144129582677,Float,0,0,0,1000,3108,301,0.010359999999999999,0.30099999999999999,0.010003886380260512,0.010728653005154144,0.27337621044619009,0.33014683943106082,424.24509999999975,431.30000000000001,528.39999999999998,1228.7,4896,1024,58752,64672,0,0,0,0,0,0,0,0,2026072001,2026072902,0-999,CC-B-R12-S-Float,STAGE11-1200,dense,TARGET_ERRORS_REACHED,5
R12,-1.2,-1.2,1.8963016742589878,0.49019607843137253,0.65912836927820351,Float,0,0,0,1000,2489,257,0.0082966666666666675,0.25700000000000001,0.0079783175099191802,0.0086276080495524144,0.23088201740604794,0.28497778721793177,450.87600000000094,430.60000000000002,583.79999999999995,4376.8000000000002,4896,1024,58752,64672,0,0,0,0,0,0,0,0,2026072001,2026072902,0-999,CC-B-R12-S-Float,STAGE11-1200,dense,TARGET_ERRORS_REACHED,5
R12,-1.1000000000000001,-1.1000000000000001,1.9963016742589876,0.49019607843137253,0.64412477584656702,Float,0,0,0,1000,1975,215,0.0065833333333333334,0.215,0.0063001992149191149,0.0068791035553202734,0.19065343629137976,0.2415278160453867,460.64329999999916,435.10000000000002,574.89999999999998,4446.6000000000004,4896,1024,58752,64672,0,0,0,0,0,0,0,0,2026072001,2026072902,0-999,CC-B-R12-S-Float,STAGE11-1200,dense,TARGET_ERRORS_REACHED,5
R12,-1,-1,2.0963016742589877,0.49019607843137253,0.62946270589708364,Float,0,0,0,1123,1809,200,0.0053695458593054322,0.17809439002671415,0.0051283499489941202,0.0056220215609828223,0.15682640688699773,0.20155715777465211,453.46331255565451,434.30000000000001,563.60000000000002,3277.3000000000002,4896,1024,58752,64672,0,0,0,0,0,0,0,0,2026072001,2026072902,0-1122,CC-B-R12-S-Float,STAGE11-1200,dense,TARGET_ERRORS_REACHED,5
R12,-0.89999999999999991,-0.89999999999999991,2.1963016742589878,0.49019607843137253,0.6151343854061907,Float,0,0,0,1431,1641,200,0.0038225017470300488,0.13976240391334732,0.0036422983205342276,0.0040115848770981323,0.12275979316080608,0.15869392169952012,439.54150943396212,431.80000000000001,538.39999999999998,2431.4000000000001,4896,1024,58752,64672,0,0,0,0,0,0,0,0,2026072001,2026072902,0-1430,CC-B-R12-S-Float,STAGE11-1200,dense,TARGET_ERRORS_REACHED,5
R12,-0.79999999999999982,-0.79999999999999982,2.2963016742589879,0.49019607843137253,0.60113221730870636,Float,0,0,0,1731,1580,200,0.0030425572886578086,0.11554015020219527,0.0028963941356830109,0.0031960727521660702,0.10132476148371435,0.13145815753599624,420.34228769497389,425.19999999999999,505.89999999999998,1020.6,4896,1024,58752,64672,0,0,0,0,0,0,0,0,2026072001,2026072902,0-1730,CC-B-R12-S-Float,STAGE11-1200,dense,TARGET_ERRORS_REACHED,5
R12,-0.69999999999999996,-0.69999999999999996,2.3963016742589875,0.49019607843137253,0.58744877746976476,Float,0,0,0,2083,1477,200,0.0023635781725076014,0.096015362457993275,0.0022462022674322214,0.0024870722983244796,0.08409695205242311,0.10942108311681829,426.49947191550734,427.30000000000001,507.5,3630.6999999999998,4896,1024,58752,64672,0,0,0,0,0,0,0,0,2026072001,2026072902,0-2082,CC-B-R12-S-Float,STAGE11-1200,dense,TARGET_ERRORS_REACHED,5
R12,-0.59999999999999987,-0.59999999999999987,2.4963016742589881,0.49019607843137253,0.5740768107484413,Float,0,0,0,2465,1455,200,0.0019675456389452333,0.081135902636916835,0.0018691016479531759,0.002071163832037507,0.070997498599592326,0.092577791898647857,426.29115618661291,427.69999999999999,510.10000000000002,1921,4896,1024,58752,64672,0,0,0,0,0,0,0,0,2026072001,2026072902,0-2464,CC-B-R12-S-Float,STAGE11-1200,dense,TARGET_ERRORS_REACHED,5
R12,-0.5,-0.5,2.5963016742589877,0.49019607843137253,0.56100922715098167,Float,0,0,0,2830,1372,200,0.0016160188457008246,0.070671378091872794,0.0015328033196973824,0.0017037444138195256,0.061799890189033806,0.080706832466069522,424.9651590106015,429.60000000000002,506.39999999999998,1439.7,4896,1024,58752,64672,0,0,0,0,0,0,0,0,2026072001,2026072902,0-2829,CC-B-R12-S-Float,STAGE11-1200,dense,TARGET_ERRORS_REACHED,5
R12,-0.39999999999999991,-0.39999999999999991,2.6963016742589878,0.49019607843137253,0.54823909807159255,Float,0,0,0,3548,1378,200,0.0012946260804208944,0.056369785794813977,0.0012280919836275719,0.0013647598563640883,0.049249606577451061,0.064449572708208905,420.59515219842194,429.19999999999999,497.39999999999998,2479.5,4896,1024,58752,64672,0,0,0,0,0,0,0,0,2026072001,2026072902,0-3547,CC-B-R12-S-Float,STAGE11-1200,dense,TARGET_ERRORS_REACHED,5
R12,-0.29999999999999982,-0.29999999999999982,2.7963016742589879,0.49019607843137253,0.53575965261880321,Float,0,0,0,5159,1286,200,0.00083091038314918916,0.038767202946307422,0.00078673819513567524,0.00087756048386274435,0.033833587236070425,0.0443871875139914,426.67842605156,430.89999999999998,505.80000000000001,5446.8000000000002,4896,1024,58752,64672,0,0,0,0,0,0,0,0,2026072001,2026072902,0-5158,CC-B-R12-S-Float,STAGE11-1200,dense,TARGET_ERRORS_REACHED,5
R12,-0.19999999999999996,-0.19999999999999996,2.8963016742589875,0.49019607843137253,0.52356427402544969,Float,0,0,0,6961,1197,201,0.00057319350668007469,0.028875161614710529,0.00054163705356700866,0.00060658736244787554,0.025193722648928829,0.033076298459263388,428.21868984341239,432.39999999999998,507.69999999999999,1850.0999999999999,4896,1024,58752,64672,0,0,0,0,0,0,0,0,2026072001,2026072902,0-6960,CC-B-R12-S-Float,STAGE11-1200,dense,TARGET_ERRORS_REACHED,5
R12,-0.099999999999999867,-0.099999999999999867,2.9963016742589881,0.49019607843137253,0.51164649614037705,Float,0,0,0,8530,1200,201,0.00046893317702227433,0.023563892145369286,0.00044314678965814709,0.00049621931049210794,0.020552958223182968,0.027003755922380503,427.98026963657776,431.30000000000001,510.80000000000001,6089.8000000000002,4896,1024,58752,64672,0,0,0,0,0,0,0,0,2026072001,2026072902,0-8529,CC-B-R12-S-Float,STAGE11-1200,dense,TARGET_ERRORS_REACHED,5
R12,0,0,3.0963016742589877,0.49019607843137253,0.5,Float,0,0,0,10180,1145,200,0.00037491814014407334,0.019646365422396856,0.00035382548349199654,0.00039726769709974238,0.017126067203454876,0.022529053160865845,427.24693516699256,429.60000000000002,508.69999999999999,3183.1999999999998,4896,1024,58752,64672,0,0,0,0,0,0,0,0,2026072001,2026072902,0-10179,CC-B-R12-S-Float,STAGE11-1200,dense,TARGET_ERRORS_REACHED,5
R12,0.5,0.5,3.5963016742589877,0.49019607843137253,0.44562546906687278,Float,0,0,0,38219,889,200,7.7535606199359829e-05,0.0052329992935450957,7.2603737273004809e-05,8.2802462246795824e-05,0.0045577100655055163,0.0060077383262832533,400.99229964153943,394.60000000000002,519.10000000000002,40683.599999999999,4896,1024,58752,64672,0,0,0,0,0,0,0,0,2026072001,2026072902,0-38218,CC-B-R12-S-Float,STAGE11-1200,coarse,TARGET_ERRORS_REACHED,5
R12,1,1,4.0963016742589877,0.49019607843137253,0.39716411736214075,Float,0,0,0,50000,227,50,1.5133333333333333e-05,0.001,1.3288577776533677e-05,1.7234178328051884e-05,0.00075866356246956726,0.0013180060651271433,394.56875400000132,394.80000000000001,519.89999999999998,38933.699999999997,4896,1024,58752,64672,0,0,0,0,0,0,0,0,2026072001,2026072902,0-49999,CC-B-R12-S-Float,STAGE11-1200,coarse,MAX_FRAMES_REACHED,5
R12,1.5,1.5,4.5963016742589877,0.49019607843137253,0.35397289219206896,Float,0,0,0,50000,25,7,1.6666666666666667e-06,0.00013999999999999999,1.1289639272114893e-06,2.4604657415917013e-06,6.781887437968768e-05,0.00028898288924855225,395.18965400000377,395.69999999999999,518.10000000000002,43873,4896,1024,58752,64672,0,0,0,0,0,0,0,0,2026072001,2026072902,0-49999,CC-B-R12-S-Float,STAGE11-1200,coarse,MAX_FRAMES_REACHED,5
R12,2,2,5.0963016742589877,0.49019607843137253,0.31547867224009662,Float,0,0,0,50000,3,2,1.9999999999999999e-07,4.0000000000000003e-05,6.8018050835858217e-08,5.8807903585242071e-07,1.0969511301390302e-05,0.00014584761698167861,396.75463199999899,395.10000000000002,515.70000000000005,27473.799999999999,4896,1024,58752,64672,0,0,0,0,0,0,0,0,2026072001,2026072902,0-49999,CC-B-R12-S-Float,STAGE11-1200,coarse,MAX_FRAMES_REACHED,5
R12,2.5,2.5,5.5963016742589877,0.49019607843137253,0.28117066259517454,Float,0,0,0,50000,0,0,0,0,0,2.5609718912715457e-07,0,7.6823274145000517e-05,373.99792600000205,384.10000000000002,483.69999999999999,6803.3999999999996,4896,1024,58752,64672,0,0,0,0,0,0,0,0,2026072001,2026072902,0-49999,CC-B-R12-S-Float,STAGE11-1200,coarse,MAX_FRAMES_REACHED,5
R12,3,3,6.0963016742589877,0.49019607843137253,0.25059361681363618,Float,0,0,0,50000,0,0,0,0,0,2.5609718912715457e-07,0,7.6823274145000517e-05,365.03250200000002,381.5,478.5,14910.9,4896,1024,58752,64672,0,0,0,0,0,0,0,0,2026072001,2026072902,0-49999,CC-B-R12-S-Float,STAGE11-1200,coarse,MAX_FRAMES_REACHED,5
R12,3.5,3.5,6.5963016742589877,0.49019607843137253,0.22334179607548157,Float,0,0,0,50000,0,0,0,0,0,2.5609718912715457e-07,0,7.6823274145000517e-05,368.0264260000007,382,485.5,14701.299999999999,4896,1024,58752,64672,0,0,0,0,0,0,0,0,2026072001,2026072902,0-49999,CC-B-R12-S-Float,STAGE11-1200,coarse,MAX_FRAMES_REACHED,5
R12,4,4,7.0963016742589877,0.49019607843137253,0.19905358527674863,Float,0,0,0,50000,0,0,0,0,0,2.5609718912715457e-07,0,7.6823274145000517e-05,391.81667000000084,391.39999999999998,527.29999999999995,9180,4896,1024,58752,64672,0,0,0,0,0,0,0,0,2026072001,2026072902,0-49999,CC-B-R12-S-Float,STAGE11-1200,coarse,MAX_FRAMES_REACHED,5
R12,4.5,4.5,7.5963016742589877,0.49019607843137253,0.17740669461678774,Float,0,0,0,50000,0,0,0,0,0,2.5609718912715457e-07,0,7.6823274145000517e-05,422.46473599999905,413.39999999999998,612.29999999999995,14306.9,4896,1024,58752,64672,0,0,0,0,0,0,0,0,2026072001,2026072902,0-49999,CC-B-R12-S-Float,STAGE11-1200,coarse,MAX_FRAMES_REACHED,5
R12,5,5,8.0963016742589886,0.49019607843137253,0.15811388300841897,Float,0,0,0,50000,0,0,0,0,0,2.5609718912715457e-07,0,7.6823274145000517e-05,421.00365600000498,414.30000000000001,623.5,27073.400000000001,4896,1024,58752,64672,0,0,0,0,0,0,0,0,2026072001,2026072902,0-49999,CC-B-R12-S-Float,STAGE11-1200,coarse,MAX_FRAMES_REACHED,5
R12,5.5,5.5,8.5963016742589886,0.49019607843137253,0.14091914656322269,Float,0,0,0,50000,0,0,0,0,0,2.5609718912715457e-07,0,7.6823274145000517e-05,416.98977199999536,414,610.39999999999998,14883,4896,1024,58752,64672,0,0,0,0,0,0,0,0,2026072001,2026072902,0-49999,CC-B-R12-S-Float,STAGE11-1200,coarse,MAX_FRAMES_REACHED,5
R12,6,6,9.0963016742589886,0.49019607843137253,0.12559432157547901,Float,0,0,0,50000,0,0,0,0,0,2.5609718912715457e-07,0,7.6823274145000517e-05,407.10569399999713,411.10000000000002,602.10000000000002,20746.099999999999,4896,1024,58752,64672,0,0,0,0,0,0,0,0,2026072001,2026072902,0-49999,CC-B-R12-S-Float,STAGE11-1200,coarse,MAX_FRAMES_REACHED,5
R12,6.5,6.5,9.5963016742589886,0.49019607843137253,0.11193605692841696,Float,0,0,0,50000,0,0,0,0,0,2.5609718912715457e-07,0,7.6823274145000517e-05,372.07260999999909,359.19999999999999,537.20000000000005,20741.200000000001,4896,1024,58752,64672,0,0,0,0,0,0,0,0,2026072001,2026072902,0-49999,CC-B-R12-S-Float,STAGE11-1200,coarse,MAX_FRAMES_REACHED,5
R12,7,7,10.096301674258989,0.49019607843137253,0.099763115748444001,Float,0,0,0,50000,0,0,0,0,0,2.5609718912715457e-07,0,7.6823274145000517e-05,358.14200799999787,315.60000000000002,506.80000000000001,14587.5,4896,1024,58752,64672,0,0,0,0,0,0,0,0,2026072001,2026072902,0-49999,CC-B-R12-S-Float,STAGE11-1200,coarse,MAX_FRAMES_REACHED,5
R12,7.5,7.5,10.596301674258989,0.49019607843137253,0.088913970501946132,Float,0,0,0,50000,0,0,0,0,0,2.5609718912715457e-07,0,7.6823274145000517e-05,354.90761799999672,305.60000000000002,505.89999999999998,7063.5,4896,1024,58752,64672,0,0,0,0,0,0,0,0,2026072001,2026072902,0-49999,CC-B-R12-S-Float,STAGE11-1200,coarse,MAX_FRAMES_REACHED,5
R12,8,8,11.096301674258989,0.49019607843137253,0.079244659623055658,Float,0,0,0,50000,0,0,0,0,0,2.5609718912715457e-07,0,7.6823274145000517e-05,354.52100800000318,299.30000000000001,504.80000000000001,18354.5,4896,1024,58752,64672,0,0,0,0,0,0,0,0,2026072001,2026072902,0-49999,CC-B-R12-S-Float,STAGE11-1200,coarse,MAX_FRAMES_REACHED,5
R12,8.5,8.5,11.596301674258989,0.49019607843137253,0.070626877231137725,Float,0,0,0,50000,0,0,0,0,0,2.5609718912715457e-07,0,7.6823274145000517e-05,416.30040400000212,402.60000000000002,642.5,38814.900000000001,4896,1024,58752,64672,0,0,0,0,0,0,0,0,2026072001,2026072902,0-49999,CC-B-R12-S-Float,STAGE11-1200,coarse,MAX_FRAMES_REACHED,5
R12,9,9,12.096301674258989,0.49019607843137253,0.06294627058970835,Float,0,0,0,50000,0,0,0,0,0,2.5609718912715457e-07,0,7.6823274145000517e-05,455.35202199999975,419.69999999999999,708.29999999999995,65124.699999999997,4896,1024,58752,64672,0,0,0,0,0,0,0,0,2026072001,2026072902,0-49999,CC-B-R12-S-Float,STAGE11-1200,coarse,MAX_FRAMES_REACHED,5
R12,9.5,9.5,12.596301674258989,0.49019607843137253,0.05610092271509818,Float,0,0,0,50000,0,0,0,0,0,2.5609718912715457e-07,0,7.6823274145000517e-05,458.1758719999965,421.10000000000002,726.79999999999995,49954.5,4896,1024,58752,64672,0,0,0,0,0,0,0,0,2026072001,2026072902,0-49999,CC-B-R12-S-Float,STAGE11-1200,coarse,MAX_FRAMES_REACHED,5
R12,10,10,13.096301674258989,0.49019607843137253,0.050000000000000003,Float,0,0,0,50000,0,0,0,0,0,2.5609718912715457e-07,0,7.6823274145000517e-05,483.95619599999429,431.5,766.20000000000005,34985.900000000001,4896,1024,58752,64672,0,0,0,0,0,0,0,0,2026072001,2026072902,0-49999,CC-B-R12-S-Float,STAGE11-1200,coarse,MAX_FRAMES_REACHED,5
R23,-5,-5,-3.1530856918240122,0.65359477124183007,1.5811388300841895,Q3,3,1.5,0.5,1000,142676,1000,0.47558666666666666,1,0.47379993057329639,0.47737402797079564,0.99617324151444497,1,476.4879999999996,404.69999999999999,728.39999999999998,16338.299999999999,173,512,58752,59437,169644,36.959477124183003,210523,45.865577342047928,0,0,0.0014670063944633048,0,2026072001,2026072902,0-999,CC-B-R23-S-Q3,STAGE11-2300,coarse,TARGET_ERRORS_REACHED,5
R23,-4.5,-4.5,-2.6530856918240122,0.65359477124183007,1.4091914656322269,Q3,3,1.5,0.5,1000,139915,1000,0.46638333333333332,1,0.46459862946445313,0.4681688981047944,0.99617324151444497,1,628.79880000000071,436.5,1058.2,39694,173,512,58752,59437,162851,35.479520697167757,204927,44.646405228758169,0,0,0.003953675267644413,0,2026072001,2026072902,0-999,CC-B-R23-S-Q3,STAGE11-2300,coarse,TARGET_ERRORS_REACHED,5
R23,-4,-4,-2.1530856918240122,0.65359477124183007,1.2559432157547903,Q3,3,1.5,0.5,1000,136807,1000,0.45602333333333334,1,0.45424164746910017,0.45780614541350589,0.99617324151444497,1,524.8947999999998,419.39999999999998,840.5,43853.599999999999,173,512,58752,59437,156441,34.08300653594771,199660,43.498910675381261,0,0,0.01003337074006256,0,2026072001,2026072902,0-999,CC-B-R23-S-Q3,STAGE11-2300,coarse,TARGET_ERRORS_REACHED,5
R23,-3.5,-3.5,-1.6530856918240122,0.65359477124183007,1.1193605692841697,Q3,3,1.5,0.5,1000,132084,1000,0.44028,1,0.4385043898497733,0.44205713954344822,0.99617324151444497,1,522.55339999999956,399.80000000000001,655.39999999999998,61279.099999999999,173,512,58752,59437,150146,32.711546840958604,194723,42.423311546840957,0,0,0.016859901150168666,0,2026072001,2026072902,0-999,CC-B-R23-S-Q3,STAGE11-2300,coarse,TARGET_ERRORS_REACHED,5
R23,-3,-3,-1.1530856918240122,0.65359477124183007,0.99763115748443987,Q3,3,1.5,0.5,1000,124327,1000,0.41442333333333331,1,0.41266164654368498,0.41618721168985906,0.99617324151444497,1,400.90999999999923,392.30000000000001,558.10000000000002,1995.5999999999999,173,512,58752,59437,144369,31.452941176470588,190120,41.420479302832241,0,0,0.025377319587628792,0,2026072001,2026072902,0-999,CC-B-R23-S-Q3,STAGE11-2300,coarse,TARGET_ERRORS_REACHED,5
R23,-2.5,-2.5,-0.65308569182401222,0.65359477124183007,0.88913970501946138,Q3,3,1.5,0.5,1000,113208,1000,0.37735999999999997,1,0.37562704242202549,0.37909609831448954,0.99617324151444497,1,506.45329999999956,420.60000000000002,832.70000000000005,15593.6,173,512,58752,59437,138556,30.186492374727671,185878,40.496296296296293,0,0,0.042027944993648744,0,2026072001,2026072902,0-999,CC-B-R23-S-Q3,STAGE11-2300,coarse,TARGET_ERRORS_REACHED,5
R23,-2,-2,-0.15308569182401222,0.65359477124183007,0.79244659623055669,Q3,3,1.5,0.5,1000,96780,999,0.3226,0.999,0.32092948757130402,0.3242750555358207,0.99435744140204207,0.99982345362937386,426.32639999999964,402.60000000000002,618.70000000000005,5552.3000000000002,173,512,58752,59437,132959,28.967102396514161,181889,39.627233115468407,0,0,0.063972471718648671,0.0010020040080160328,2026072001,2026072902,0-999,CC-B-R23-S-Q3,STAGE11-2300,coarse,TARGET_ERRORS_REACHED,5
R23,-1.5,-1.5,0.34691430817598778,0.65359477124183007,0.70626877231137719,Q3,3,1.5,0.5,1000,75200,995,0.25066666666666665,0.995,0.24911900349120028,0.25222071511858796,0.98834904462662487,0.99786246447267557,406.17809999999986,401,627.29999999999995,4112.6999999999998,173,512,58752,59437,127339,27.742701525054468,178031,38.786710239651413,0,0,0.095539174266484034,0.0020140986908358527,2026072001,2026072902,0-999,CC-B-R23-S-Q3,STAGE11-2300,coarse,TARGET_ERRORS_REACHED,5
R23,-1,-1,0.84691430817598778,0.65359477124183007,0.62946270589708364,Q3,3,1.5,0.5,1000,52317,958,0.17438999999999999,0.95799999999999996,0.17303637187844967,0.17575196679748539,0.94371557477339685,0.96877911445383458,427.50750000000039,399,593.20000000000005,4698.3000000000002,173,512,58752,59437,121550,26.481481481481481,174228,37.958169934640523,0,0,0.18648795754524419,0.036796536796536709,2026072001,2026072902,0-999,CC-B-R23-S-Q3,STAGE11-2300,coarse,TARGET_ERRORS_REACHED,5
R23,-0.5,-0.5,1.3469143081759878,0.65359477124183007,0.56100922715098167,Q3,3,1.5,0.5,1000,30866,856,0.10288666666666667,0.85599999999999998,0.10180459365358067,0.10397890951297699,0.83287629787029827,0.87639905008798646,443.74259999999992,408.60000000000002,670.89999999999998,11323.799999999999,173,512,58752,59437,115756,25.219172113289762,170523,37.15098039215686,0,0,0.32290416595234017,0.10880829015544037,2026072001,2026072902,0-999,CC-B-R23-S-Q3,STAGE11-2300,coarse,TARGET_ERRORS_REACHED,5
R23,0,0,1.8469143081759878,0.65359477124183007,0.5,Q3,3,1.5,0.5,1000,15013,613,0.050043333333333335,0.61299999999999999,0.049268866883605204,0.050829322902216818,0.58243432667296591,0.64270082590929856,455.58340000000055,409.80000000000001,726.10000000000002,4804.6000000000004,173,512,58752,59437,109932,23.950326797385621,166844,36.349455337690635,0,0,0.53068923327895612,0.23838383838383836,2026072001,2026072902,0-999,CC-B-R23-S-Q3,STAGE11-2300,coarse,TARGET_ERRORS_REACHED,5
R23,0.5,0.5,2.3469143081759878,0.65359477124183007,0.44562546906687278,Q3,3,1.5,0.5,1000,5749,341,0.019163333333333334,0.34100000000000003,0.018678861820637896,0.019660118783380358,0.31227731829126676,0.37093959090713985,436.18499999999943,414.19999999999999,709.39999999999998,2630.3000000000002,173,512,58752,59437,103968,22.650980392156864,163041,35.520915032679738,0,0,0.69988172678888239,0.46351931330472107,2026072001,2026072902,0-999,CC-B-R23-S-Q3,STAGE11-2300,coarse,TARGET_ERRORS_REACHED,5
R23,1,1,2.8469143081759878,0.65359477124183007,0.39716411736214075,Q3,3,1.5,0.5,2276,4384,368,0.0064206209724663151,0.16168717047451669,0.0062339295510849312,0.0066128661553942871,0.14713395920800204,0.17738047400324236,450.187785588753,409.60000000000002,725.5,3372.4000000000001,173,512,58752,59437,222994,21.345593500044032,361674,34.620421103415005,0,0,1.1448140900195694,0.83999999999999986,2026072001,2026072902,0-2275,CC-B-R23-S-Q3,STAGE11-2300,coarse,TARGET_ERRORS_REACHED,5
R23,1.5,1.5,3.3469143081759878,0.65359477124183007,0.35397289219206896,Q3,3,1.5,0.5,6845,3756,422,0.0018290723155588021,0.061650840029218411,0.0017715557272811153,0.0018884527455939088,0.056195123604405074,0.067598289328047942,473.46486486486555,415.39999999999998,701.79999999999995,56199.800000000003,173,512,58752,59437,629293,20.029345720919647,1060568,33.756109050226698,0,0,1.2343842950624628,1.1100000000000001,2026072001,2026072902,0-6844,CC-B-R23-S-Q3,STAGE11-2300,coarse,TARGET_ERRORS_REACHED,5
R23,2,2,3.8469143081759878,0.65359477124183007,0.31547867224009662,Q3,3,1.5,0.5,26288,3593,465,0.00045559444106309596,0.017688679245283018,0.00044094221004826334,0.000470733327162208,0.016164246225181526,0.019354051733647758,419.11927115033797,399.89999999999998,602,13271.4,173,512,58752,59437,2252777,18.670157080212217,3962159,32.836863527449253,0,0,1.426063470627954,1.325,2026072001,2026072902,0-26287,CC-B-R23-S-Q3,STAGE11-2300,coarse,TARGET_ERRORS_REACHED,5
R23,2.5,2.5,4.3469143081759878,0.65359477124183007,0.28117066259517454,Q3,3,1.5,0.5,50000,1836,257,0.00012239999999999999,0.0051399999999999996,0.00011692812014399923,0.00012812791435253603,0.0045500937897636701,0.0058059397411231181,418.25780000000549,405,611.79999999999995,45864.699999999997,173,512,58752,59437,3967333,17.28685403050109,7316537,31.880335511982572,0,0,2.6141732283464569,1.8241758241758239,2026072001,2026072902,0-49999,CC-B-R23-S-Q3,STAGE11-2300,coarse,MAX_FRAMES_REACHED,5
R23,3,3,4.8469143081759878,0.65359477124183007,0.25059361681363618,Q3,3,1.5,0.5,50000,385,62,2.5666666666666666e-05,0.00124,2.3227728509784731e-05,2.836168886635338e-05,0.00096749346656859977,0.0015891392858565212,425.9578819999976,401.30000000000001,634.20000000000005,65388.099999999999,173,512,58752,59437,3647591,15.893642701525055,7089658,30.891755991285404,0,0,4.0657894736842106,2.6470588235294117,2026072001,2026072902,0-49999,CC-B-R23-S-Q3,STAGE11-2300,coarse,MAX_FRAMES_REACHED,5
R23,3.5,3.5,5.3469143081759878,0.65359477124183007,0.22334179607548157,Q3,3,1.5,0.5,50000,71,13,4.7333333333333335e-06,0.00025999999999999998,3.7529657409377126e-06,5.9697956904693861e-06,0.00015195813607502405,0.00044482518996742096,416.66341200000267,403.80000000000001,609.79999999999995,45011.300000000003,173,512,58752,59437,3329565,14.507908496732027,6852685,29.859193899782134,0,0,3.7333333333333338,3.333333333333333,2026072001,2026072902,0-49999,CC-B-R23-S-Q3,STAGE11-2300,coarse,MAX_FRAMES_REACHED,5
R23,4,4,5.8469143081759878,0.65359477124183007,0.19905358527674863,Q3,3,1.5,0.5,50000,7,2,4.6666666666666666e-07,4.0000000000000003e-05,2.2605760716423519e-07,9.6337267627220965e-07,1.0969511301390302e-05,0.00014584761698167861,434.80640800000054,413.69999999999999,645.10000000000002,72589.699999999997,173,512,58752,59437,3012670,13.127102396514161,6604531,28.7779128540305,0,0,1,1,2026072001,2026072902,0-49999,CC-B-R23-S-Q3,STAGE11-2300,coarse,MAX_FRAMES_REACHED,5
R23,4.5,4.5,6.3469143081759878,0.65359477124183007,0.17740669461678774,Q3,3,1.5,0.5,50000,0,0,0,0,0,2.5609718912715457e-07,0,7.6823274145000517e-05,463.66135000000031,419.60000000000002,703.79999999999995,63562.199999999997,173,512,58752,59437,2700271,11.765886710239652,6347586,27.658326797385619,0,0,0,0,2026072001,2026072902,0-49999,CC-B-R23-S-Q3,STAGE11-2300,coarse,MAX_FRAMES_REACHED,5
R23,5,5,6.8469143081759878,0.65359477124183007,0.15811388300841897,Q3,3,1.5,0.5,50000,0,0,0,0,0,2.5609718912715457e-07,0,7.6823274145000517e-05,452.53694799999619,417.80000000000001,687.60000000000002,56674.199999999997,173,512,58752,59437,2394772,10.434736383442266,6079058,26.488270152505446,0,0,0,0,2026072001,2026072902,0-49999,CC-B-R23-S-Q3,STAGE11-2300,coarse,MAX_FRAMES_REACHED,5
R23,5.5,5.5,7.3469143081759878,0.65359477124183007,0.14091914656322269,Q3,3,1.5,0.5,50000,0,0,0,0,0,2.5609718912715457e-07,0,7.6823274145000517e-05,459.46188999999919,418.39999999999998,700.10000000000002,68496.800000000003,173,512,58752,59437,2099027,9.1460871459694992,5801894,25.280583877995642,0,0,0,0,2026072001,2026072902,0-49999,CC-B-R23-S-Q3,STAGE11-2300,coarse,MAX_FRAMES_REACHED,5
R23,6,6,7.8469143081759878,0.65359477124183007,0.12559432157547901,Q3,3,1.5,0.5,50000,0,0,0,0,0,2.5609718912715457e-07,0,7.6823274145000517e-05,469.63690999999841,420.60000000000002,739.79999999999995,44426.5,173,512,58752,59437,1816194,7.9136993464052283,5515989,24.03481045751634,0,0,0,0,2026072001,2026072902,0-49999,CC-B-R23-S-Q3,STAGE11-2300,coarse,MAX_FRAMES_REACHED,5
R23,6.5,6.5,8.3469143081759878,0.65359477124183007,0.11193605692841696,Q3,3,1.5,0.5,50000,0,0,0,0,0,2.5609718912715457e-07,0,7.6823274145000517e-05,452.68768199999755,416.80000000000001,659.10000000000002,44314.099999999999,173,512,58752,59437,1549032,6.7495947712418305,5221555,22.751873638344225,0,0,0,0,2026072001,2026072902,0-49999,CC-B-R23-S-Q3,STAGE11-2300,coarse,MAX_FRAMES_REACHED,5
R23,7,7,8.8469143081759878,0.65359477124183007,0.099763115748444001,Q3,3,1.5,0.5,50000,0,0,0,0,0,2.5609718912715457e-07,0,7.6823274145000517e-05,465.49038200000217,418.60000000000002,706,44609.5,173,512,58752,59437,1300221,5.6654509803921567,4919913,21.437529411764707,0,0,0,0,2026072001,2026072902,0-49999,CC-B-R23-S-Q3,STAGE11-2300,coarse,MAX_FRAMES_REACHED,5
R23,7.5,7.5,9.3469143081759878,0.65359477124183007,0.088913970501946132,Q3,3,1.5,0.5,50000,0,0,0,0,0,2.5609718912715457e-07,0,7.6823274145000517e-05,453.73023999999776,416.39999999999998,678,49474.599999999999,173,512,58752,59437,1072634,4.6737864923747274,4611489,20.093633986928104,0,0,0,0,2026072001,2026072902,0-49999,CC-B-R23-S-Q3,STAGE11-2300,coarse,MAX_FRAMES_REACHED,5
R23,8,8,9.8469143081759878,0.65359477124183007,0.079244659623055658,Q3,3,1.5,0.5,50000,0,0,0,0,0,2.5609718912715457e-07,0,7.6823274145000517e-05,448.57534599999974,414.89999999999998,659.10000000000002,38413.599999999999,173,512,58752,59437,867350,3.7793028322440088,4297444,18.725246187363833,0,0,0,0,2026072001,2026072902,0-49999,CC-B-R23-S-Q3,STAGE11-2300,coarse,MAX_FRAMES_REACHED,5
R23,8.5,8.5,10.346914308175988,0.65359477124183007,0.070626877231137725,Q3,3,1.5,0.5,50000,0,0,0,0,0,2.5609718912715457e-07,0,7.6823274145000517e-05,461.29389800000087,418.80000000000001,761.70000000000005,28367,173,512,58752,59437,686703,2.9921699346405228,3980673,17.344980392156863,0,0,0,0,2026072001,2026072902,0-49999,CC-B-R23-S-Q3,STAGE11-2300,coarse,MAX_FRAMES_REACHED,5
R23,9,9,10.846914308175988,0.65359477124183007,0.06294627058970835,Q3,3,1.5,0.5,50000,0,0,0,0,0,2.5609718912715457e-07,0,7.6823274145000517e-05,446.60038399999553,414.80000000000001,688.5,38508.699999999997,173,512,58752,59437,530671,2.3122919389978214,3660752,15.950989106753813,0,0,0,0,2026072001,2026072902,0-49999,CC-B-R23-S-Q3,STAGE11-2300,coarse,MAX_FRAMES_REACHED,5
R23,9.5,9.5,11.346914308175988,0.65359477124183007,0.05610092271509818,Q3,3,1.5,0.5,50000,0,0,0,0,0,2.5609718912715457e-07,0,7.6823274145000517e-05,455.46552200000377,415.39999999999998,748.20000000000005,36916.300000000003,173,512,58752,59437,398734,1.7374030501089324,3342809,14.565616557734204,0,0,0,0,2026072001,2026072902,0-49999,CC-B-R23-S-Q3,STAGE11-2300,coarse,MAX_FRAMES_REACHED,5
R23,10,10,11.846914308175988,0.65359477124183007,0.050000000000000003,Q3,3,1.5,0.5,50000,0,0,0,0,0,2.5609718912715457e-07,0,7.6823274145000517e-05,465.81062199999718,416.19999999999999,791.70000000000005,48399.800000000003,173,512,58752,59437,290251,1.264710239651416,3025470,13.182875816993464,0,0,0,0,2026072001,2026072902,0-49999,CC-B-R23-S-Q3,STAGE11-2300,coarse,MAX_FRAMES_REACHED,5
R23,-5,-5,-3.1530856918240122,0.65359477124183007,1.5811388300841895,Q4,4,1.5,0.21428571428571427,1000,142012,1000,0.47337333333333331,1,0.47158703034709859,0.47516031821246008,0.99617324151444497,1,425.01690000000031,389.80000000000001,680.79999999999995,3895.5,230,512,58752,59494,169644,36.959477124183003,186727,40.681263616557736,0,0,-0.0031937220549320185,0,2026072001,2026072902,0-999,CC-B-R23-S-Q4,STAGE11-2300,coarse,TARGET_ERRORS_REACHED,5
R23,-4.5,-4.5,-2.6530856918240122,0.65359477124183007,1.4091914656322269,Q4,4,1.5,0.21428571428571427,1000,139582,1000,0.46527333333333332,1,0.4634889157692752,0.46705864022640353,0.99617324151444497,1,521.45850000000087,419.30000000000001,1031,5497.3000000000002,230,512,58752,59494,162851,35.479520697167757,180529,39.330936819172116,0,0,0.0015642490169627448,0,2026072001,2026072902,0-999,CC-B-R23-S-Q4,STAGE11-2300,coarse,TARGET_ERRORS_REACHED,5
R23,-4,-4,-2.1530856918240122,0.65359477124183007,1.2559432157547903,Q4,4,1.5,0.21428571428571427,1000,136195,1000,0.45398333333333335,1,0.45220233319929543,0.45576551192648168,0.99617324151444497,1,444.34000000000037,401.30000000000001,719.89999999999998,3766.5999999999999,230,512,58752,59494,156441,34.08300653594771,174576,38.033986928104575,0,0,0.005515031598842343,0,2026072001,2026072902,0-999,CC-B-R23-S-Q4,STAGE11-2300,coarse,TARGET_ERRORS_REACHED,5
R23,-3.5,-3.5,-1.6530856918240122,0.65359477124183007,1.1193605692841697,Q4,4,1.5,0.21428571428571427,1000,130904,1000,0.43634666666666666,1,0.43457285670893969,0.43812210674791213,0.99617324151444497,1,399.65869999999984,382.80000000000001,640.79999999999995,4645.1999999999998,230,512,58752,59494,150146,32.711546840958604,168941,36.806318082788671,0,0,0.0077755708500777971,0,2026072001,2026072902,0-999,CC-B-R23-S-Q4,STAGE11-2300,coarse,TARGET_ERRORS_REACHED,5
R23,-3,-3,-1.1530856918240122,0.65359477124183007,0.99763115748443987,Q4,4,1.5,0.21428571428571427,1000,123326,1000,0.41108666666666666,1,0.40932713842409041,0.41284847192614338,0.99617324151444497,1,383.74530000000027,376,525.89999999999998,2598.0999999999999,230,512,58752,59494,144369,31.452941176470588,163393,35.597603485838782,0,0,0.017121649484536035,0,2026072001,2026072902,0-999,CC-B-R23-S-Q4,STAGE11-2300,coarse,TARGET_ERRORS_REACHED,5
R23,-2.5,-2.5,-0.65308569182401222,0.65359477124183007,0.88913970501946138,Q4,4,1.5,0.21428571428571427,1000,110535,1000,0.36845,1,0.36672553641564692,0.37017783250060038,0.99617324151444497,1,461.26909999999924,402.5,761.89999999999998,3603.5999999999999,230,512,58752,59494,138556,30.186492374727671,158146,34.454466230936816,0,0,0.01742420058540891,0,2026072001,2026072902,0-999,CC-B-R23-S-Q4,STAGE11-2300,coarse,TARGET_ERRORS_REACHED,5
R23,-2,-2,-0.15308569182401222,0.65359477124183007,0.79244659623055669,Q4,4,1.5,0.21428571428571427,1000,91929,999,0.30642999999999998,0.999,0.30478281283268943,0.3080821443783936,0.99435744140204207,0.99982345362937386,407.95819999999861,386.39999999999998,619.70000000000005,2417.4000000000001,230,512,58752,59494,132959,28.967102396514161,153001,33.333551198257084,0,0,0.010641923461703331,0.0010020040080160328,2026072001,2026072902,0-999,CC-B-R23-S-Q4,STAGE11-2300,coarse,TARGET_ERRORS_REACHED,5
R23,-1.5,-1.5,0.34691430817598778,0.65359477124183007,0.70626877231137719,Q4,4,1.5,0.21428571428571427,1000,70473,991,0.23491000000000001,0.99099999999999999,0.23339636923101545,0.23643041956418012,0.98298418383466202,0.99525793933252293,385.67760000000027,383.19999999999999,578.70000000000005,2339.8000000000002,230,512,58752,59494,127339,27.742701525054468,147865,32.214596949891067,0,0,0.026674630692578961,-0.0020140986908358527,2026072001,2026072902,0-999,CC-B-R23-S-Q4,STAGE11-2300,coarse,TARGET_ERRORS_REACHED,5
R23,-1,-1,0.84691430817598778,0.65359477124183007,0.62946270589708364,Q4,4,1.5,0.21428571428571427,1000,46127,942,0.15375666666666668,0.94199999999999995,0.15247032132225399,0.15505187909425047,0.92575042373376748,0.95486672176500176,411.73809999999997,384.89999999999998,643.29999999999995,3148,230,512,58752,59494,121550,26.481481481481481,142982,31.150762527233116,0,0,0.046106046174082739,0.019480519480519376,2026072001,2026072902,0-999,CC-B-R23-S-Q4,STAGE11-2300,coarse,TARGET_ERRORS_REACHED,5
R23,-0.5,-0.5,1.3469143081759878,0.65359477124183007,0.56100922715098167,Q4,4,1.5,0.21428571428571427,1000,24830,782,0.082766666666666669,0.78200000000000003,0.081786050553622952,0.08375796787401335,0.75535652279483856,0.80648518541930836,462.1510999999997,394.69999999999999,696.39999999999998,15594.299999999999,230,512,58752,59494,115756,25.219172113289762,137857,30.034204793028323,0,0,0.064203668781073239,0.01295336787564768,2026072001,2026072902,0-999,CC-B-R23-S-Q4,STAGE11-2300,coarse,TARGET_ERRORS_REACHED,5
R23,0,0,1.8469143081759878,0.65359477124183007,0.5,Q4,4,1.5,0.21428571428571427,1000,10857,516,0.03619,0.51600000000000001,0.035527607592724178,0.036864270301951857,0.48502415202019794,0.5468533917082643,446.64889999999991,394.5,703.79999999999995,13123,230,512,58752,59494,109932,23.950326797385621,132803,28.933115468409586,0,0,0.10695350734094623,0.042424242424242462,2026072001,2026072902,0-999,CC-B-R23-S-Q4,STAGE11-2300,coarse,TARGET_ERRORS_REACHED,5
R23,0.5,0.5,2.3469143081759878,0.65359477124183007,0.44562546906687278,Q4,4,1.5,0.21428571428571427,1000,3918,268,0.01306,0.26800000000000002,0.012659929536524096,0.013472540703517184,0.24147419135844106,0.29630142457885655,429.11639999999954,399.60000000000002,773.5,5393.3000000000002,230,512,58752,59494,103968,22.650980392156864,127685,27.818082788671024,0,0,0.15848610289769374,0.15021459227467812,2026072001,2026072902,0-999,CC-B-R23-S-Q4,STAGE11-2300,coarse,TARGET_ERRORS_REACHED,5
R23,1,1,2.8469143081759878,0.65359477124183007,0.39716411736214075,Q4,4,1.5,0.21428571428571427,2276,2580,238,0.0037785588752196836,0.10456942003514938,0.0036357976569640921,0.0039269035835386989,0.092657341587105008,0.11781407385460921,437.40935852372581,392.89999999999998,699.60000000000002,10012.1,230,512,58752,59494,222994,21.345593500044032,278292,26.638868787116486,0,0,0.26223091976516627,0.18999999999999989,2026072001,2026072902,0-2275,CC-B-R23-S-Q4,STAGE11-2300,coarse,TARGET_ERRORS_REACHED,5
R23,1.5,1.5,3.3469143081759878,0.65359477124183007,0.35397289219206896,Q4,4,1.5,0.21428571428571427,6845,1966,230,0.00095738982225468709,0.033601168736303873,0.00091601342658907973,0.0010006333209644335,0.029587047617469192,0.038138488388815187,452.66489408327249,399.19999999999999,706.39999999999998,23251.5,230,512,58752,59494,629293,20.029345720919647,799929,25.460404760881708,0,0,0.1695419393218322,0.14999999999999999,2026072001,2026072902,0-6844,CC-B-R23-S-Q4,STAGE11-2300,coarse,TARGET_ERRORS_REACHED,5
R23,2,2,3.8469143081759878,0.65359477124183007,0.31547867224009662,Q4,4,1.5,0.21428571428571427,26288,1972,262,0.00025005072022722663,0.0099665246500304314,0.00023925656492904772,0.0002613317308499351,0.0088352901504190392,0.011240955161170107,406.21600349969754,384.69999999999999,589.29999999999995,39246.099999999999,230,512,58752,59494,2252777,18.670157080212217,2923363,24.227718239524119,0,0,0.33153274814314654,0.30999999999999994,2026072001,2026072902,0-26287,CC-B-R23-S-Q4,STAGE11-2300,coarse,TARGET_ERRORS_REACHED,5
R23,2.5,2.5,4.3469143081759878,0.65359477124183007,0.28117066259517454,Q4,4,1.5,0.21428571428571427,50000,681,106,4.5399999999999999e-05,0.0021199999999999999,4.2115900101474955e-05,4.8940173834027423e-05,0.0017533005834367633,0.002563196960025862,400.70606400000111,390.30000000000001,581.39999999999998,31371.299999999999,230,512,58752,59494,3967333,17.28685403050109,5265595,22.943769063180827,0,0,0.34055118110236221,0.16483516483516478,2026072001,2026072902,0-49999,CC-B-R23-S-Q4,STAGE11-2300,coarse,MAX_FRAMES_REACHED,5
R23,3,3,4.8469143081759878,0.65359477124183007,0.25059361681363618,Q4,4,1.5,0.21428571428571427,50000,89,20,5.933333333333333e-06,0.00040000000000000002,4.8220672814929835e-06,7.3006935352808594e-06,0.00025896487722254513,0.00061779693830313939,408.75550199999645,386.39999999999998,606.29999999999995,37400,230,512,58752,59494,3647591,15.893642701525055,4964934,21.63369934640523,0,0,0.17105263157894729,0.1764705882352941,2026072001,2026072902,0-49999,CC-B-R23-S-Q4,STAGE11-2300,coarse,MAX_FRAMES_REACHED,5
R23,3.5,3.5,5.3469143081759878,0.65359477124183007,0.22334179607548157,Q4,4,1.5,0.21428571428571427,50000,11,2,7.3333333333333334e-07,4.0000000000000003e-05,4.0949584508113408e-07,1.3132676351034765e-06,1.0969511301390302e-05,0.00014584761698167861,401.68752999999663,389.19999999999999,585.29999999999995,46317.099999999999,230,512,58752,59494,3329565,14.507908496732027,4657729,20.295115468409588,0,0,-0.26666666666666661,-0.33333333333333331,2026072001,2026072902,0-49999,CC-B-R23-S-Q4,STAGE11-2300,coarse,MAX_FRAMES_REACHED,5
R23,4,4,5.8469143081759878,0.65359477124183007,0.19905358527674863,Q4,4,1.5,0.21428571428571427,50000,4,1,2.6666666666666667e-07,2.0000000000000002e-05,1.0370146364631062e-07,6.857289222290097e-07,3.530499822832098e-06,0.00011328970139120264,415.6543540000028,398.10000000000002,625.70000000000005,46524.800000000003,230,512,58752,59494,3012670,13.127102396514161,4344485,18.930217864923748,0,0,1,1,2026072001,2026072902,0-49999,CC-B-R23-S-Q4,STAGE11-2300,coarse,MAX_FRAMES_REACHED,5
R23,4.5,4.5,6.3469143081759878,0.65359477124183007,0.17740669461678774,Q4,4,1.5,0.21428571428571427,50000,0,0,0,0,0,2.5609718912715457e-07,0,7.6823274145000517e-05,445.21152600000261,403.80000000000001,682.79999999999995,57042.5,230,512,58752,59494,2700271,11.765886710239652,4027752,17.550117647058823,0,0,0,0,2026072001,2026072902,0-49999,CC-B-R23-S-Q4,STAGE11-2300,coarse,MAX_FRAMES_REACHED,5
R23,5,5,6.8469143081759878,0.65359477124183007,0.15811388300841897,Q4,4,1.5,0.21428571428571427,50000,0,0,0,0,0,2.5609718912715457e-07,0,7.6823274145000517e-05,436.3574039999956,402.19999999999999,659.5,40589.300000000003,230,512,58752,59494,2394772,10.434736383442266,3707880,16.156339869281044,0,0,0,0,2026072001,2026072902,0-49999,CC-B-R23-S-Q4,STAGE11-2300,coarse,MAX_FRAMES_REACHED,5
R23,5.5,5.5,7.3469143081759878,0.65359477124183007,0.14091914656322269,Q4,4,1.5,0.21428571428571427,50000,0,0,0,0,0,2.5609718912715457e-07,0,7.6823274145000517e-05,439.78273399999858,403.10000000000002,678.39999999999998,27271.299999999999,230,512,58752,59494,2099027,9.1460871459694992,3389882,14.770727668845316,0,0,0,0,2026072001,2026072902,0-49999,CC-B-R23-S-Q4,STAGE11-2300,coarse,MAX_FRAMES_REACHED,5
R23,6,6,7.8469143081759878,0.65359477124183007,0.12559432157547901,Q4,4,1.5,0.21428571428571427,50000,0,0,0,0,0,2.5609718912715457e-07,0,7.6823274145000517e-05,456.02546000000143,405.10000000000002,718.29999999999995,80956,230,512,58752,59494,1816194,7.9136993464052283,3072167,13.386348583877995,0,0,0,0,2026072001,2026072902,0-49999,CC-B-R23-S-Q4,STAGE11-2300,coarse,MAX_FRAMES_REACHED,5
R23,6.5,6.5,8.3469143081759878,0.65359477124183007,0.11193605692841696,Q4,4,1.5,0.21428571428571427,50000,0,0,0,0,0,2.5609718912715457e-07,0,7.6823274145000517e-05,438.08108999999615,401.5,637.89999999999998,79610.399999999994,230,512,58752,59494,1549032,6.7495947712418305,2759026,12.021899782135076,0,0,0,0,2026072001,2026072902,0-49999,CC-B-R23-S-Q4,STAGE11-2300,coarse,MAX_FRAMES_REACHED,5
R23,7,7,8.8469143081759878,0.65359477124183007,0.099763115748444001,Q4,4,1.5,0.21428571428571427,50000,0,0,0,0,0,2.5609718912715457e-07,0,7.6823274145000517e-05,445.090102,403.19999999999999,691.10000000000002,33394.199999999997,230,512,58752,59494,1300221,5.6654509803921567,2451790,10.68318082788671,0,0,0,0,2026072001,2026072902,0-49999,CC-B-R23-S-Q4,STAGE11-2300,coarse,MAX_FRAMES_REACHED,5
R23,7.5,7.5,9.3469143081759878,0.65359477124183007,0.088913970501946132,Q4,4,1.5,0.21428571428571427,50000,0,0,0,0,0,2.5609718912715457e-07,0,7.6823274145000517e-05,437.9097180000017,401.10000000000002,651.70000000000005,48684.800000000003,230,512,58752,59494,1072634,4.6737864923747274,2154087,9.3859999999999992,0,0,0,0,2026072001,2026072902,0-49999,CC-B-R23-S-Q4,STAGE11-2300,coarse,MAX_FRAMES_REACHED,5
R23,8,8,9.8469143081759878,0.65359477124183007,0.079244659623055658,Q4,4,1.5,0.21428571428571427,50000,0,0,0,0,0,2.5609718912715457e-07,0,7.6823274145000517e-05,433.42960999999906,400.39999999999998,636.89999999999998,46916.699999999997,230,512,58752,59494,867350,3.7793028322440088,1868458,8.141429193899782,0,0,0,0,2026072001,2026072902,0-49999,CC-B-R23-S-Q4,STAGE11-2300,coarse,MAX_FRAMES_REACHED,5
R23,8.5,8.5,10.346914308175988,0.65359477124183007,0.070626877231137725,Q4,4,1.5,0.21428571428571427,50000,0,0,0,0,0,2.5609718912715457e-07,0,7.6823274145000517e-05,442.59995399999815,403.69999999999999,743,17347.299999999999,230,512,58752,59494,686703,2.9921699346405228,1598398,6.9646971677559915,0,0,0,0,2026072001,2026072902,0-49999,CC-B-R23-S-Q4,STAGE11-2300,coarse,MAX_FRAMES_REACHED,5
R23,9,9,10.846914308175988,0.65359477124183007,0.06294627058970835,Q4,4,1.5,0.21428571428571427,50000,0,0,0,0,0,2.5609718912715457e-07,0,7.6823274145000517e-05,431.79755999999986,400.5,664.20000000000005,33024,230,512,58752,59494,530671,2.3122919389978214,1345992,5.8648888888888893,0,0,0,0,2026072001,2026072902,0-49999,CC-B-R23-S-Q4,STAGE11-2300,coarse,MAX_FRAMES_REACHED,5
R23,9.5,9.5,11.346914308175988,0.65359477124183007,0.05610092271509818,Q4,4,1.5,0.21428571428571427,50000,0,0,0,0,0,2.5609718912715457e-07,0,7.6823274145000517e-05,440.0698859999988,401.19999999999999,713.70000000000005,64128.800000000003,230,512,58752,59494,398734,1.7374030501089324,1114350,4.8555555555555552,0,0,0,0,2026072001,2026072902,0-49999,CC-B-R23-S-Q4,STAGE11-2300,coarse,MAX_FRAMES_REACHED,5
R23,10,10,11.846914308175988,0.65359477124183007,0.050000000000000003,Q4,4,1.5,0.21428571428571427,50000,0,0,0,0,0,2.5609718912715457e-07,0,7.6823274145000517e-05,449.78506399999759,402.10000000000002,758.5,28836.900000000001,230,512,58752,59494,290251,1.264710239651416,904509,3.9412156862745098,0,0,0,0,2026072001,2026072902,0-49999,CC-B-R23-S-Q4,STAGE11-2300,coarse,MAX_FRAMES_REACHED,5
R23,-5,-5,-3.1530856918240122,0.65359477124183007,1.5811388300841895,Q5,5,1.5,0.10000000000000001,1000,142082,1000,0.47360666666666668,1,0.47182031636173083,0.47539369288896849,0.99617324151444497,1,437.18590000000052,382.39999999999998,663.89999999999998,6600.3999999999996,287,512,58752,59551,169644,36.959477124183003,177648,38.703267973856207,0,0,-0.0027023802003270296,0,2026072001,2026072902,0-999,CC-B-R23-S-Q5,STAGE11-2300,coarse,TARGET_ERRORS_REACHED,5
R23,-4.5,-4.5,-2.6530856918240122,0.65359477124183007,1.4091914656322269,Q5,5,1.5,0.10000000000000001,1000,139885,1000,0.46628333333333333,1,0.46449865489374564,0.46806887523644158,0.99617324151444497,1,578.01880000000062,415,1142.0999999999999,13331.4,287,512,58752,59551,162851,35.479520697167757,171131,37.283442265795209,0,0,0.003738411641456899,0,2026072001,2026072902,0-999,CC-B-R23-S-Q5,STAGE11-2300,coarse,TARGET_ERRORS_REACHED,5
R23,-4,-4,-2.1530856918240122,0.65359477124183007,1.2559432157547903,Q5,5,1.5,0.10000000000000001,1000,136174,1000,0.45391333333333334,1,0.45213235726436407,0.45569548965407092,0.99617324151444497,1,474.93250000000012,394,817.5,20230.400000000001,287,512,58752,59551,156441,34.08300653594771,164785,35.90087145969499,0,0,0.005359990549878871,0,2026072001,2026072902,0-999,CC-B-R23-S-Q5,STAGE11-2300,coarse,TARGET_ERRORS_REACHED,5
R23,-3.5,-3.5,-1.6530856918240122,0.65359477124183007,1.1193605692841697,Q5,5,1.5,0.10000000000000001,1000,130853,1000,0.43617666666666666,1,0.43440293706947042,0.43795203074097899,0.99617324151444497,1,388.3059000000008,375.5,596,4612.6000000000004,287,512,58752,59551,150146,32.711546840958604,158756,34.587363834422661,0,0,0.0073829430150738626,0,2026072001,2026072902,0-999,CC-B-R23-S-Q5,STAGE11-2300,coarse,TARGET_ERRORS_REACHED,5
R23,-3,-3,-1.1530856918240122,0.65359477124183007,0.99763115748443987,Q5,5,1.5,0.10000000000000001,1000,122023,1000,0.40674333333333335,1,0.40498674017175101,0.40850231474196624,0.99617324151444497,1,371.48659999999995,367.89999999999998,495.80000000000001,1873.8,287,512,58752,59551,144369,31.452941176470588,153039,33.341830065359474,0,0,0.0063752577319587745,0,2026072001,2026072902,0-999,CC-B-R23-S-Q5,STAGE11-2300,coarse,TARGET_ERRORS_REACHED,5
R23,-2.5,-2.5,-0.65308569182401222,0.65359477124183007,0.88913970501946138,Q5,5,1.5,0.10000000000000001,1000,109718,1000,0.36572666666666664,1,0.36400492507859061,0.36745184691391586,0.99617324151444497,1,461.35109999999992,395.5,809.60000000000002,4664.5,287,512,58752,59551,138556,30.186492374727671,147445,32.123093681917211,0,0,0.0099040886581615584,0,2026072001,2026072902,0-999,CC-B-R23-S-Q5,STAGE11-2300,coarse,TARGET_ERRORS_REACHED,5
R23,-2,-2,-0.15308569182401222,0.65359477124183007,0.79244659623055669,Q5,5,1.5,0.10000000000000001,1000,92131,999,0.30710333333333334,0.999,0.30545512794933866,0.30875647868475015,0.99435744140204207,0.99982345362937386,402.0849000000004,381.10000000000002,599.5,2153.9000000000001,287,512,58752,59551,132959,28.967102396514161,142126,30.964270152505446,0,0,0.012862655423753085,0.0010020040080160328,2026072001,2026072902,0-999,CC-B-R23-S-Q5,STAGE11-2300,coarse,TARGET_ERRORS_REACHED,5
R23,-1.5,-1.5,0.34691430817598778,0.65359477124183007,0.70626877231137719,Q5,5,1.5,0.10000000000000001,1000,69014,992,0.23004666666666668,0.99199999999999999,0.22854411976811947,0.23155612690744617,0.98429366546901986,0.99594080418119402,381.54520000000014,375.69999999999999,602.20000000000005,3393.3000000000002,287,512,58752,59551,127339,27.742701525054468,136670,29.775599128540303,0,0,0.0054194225109991797,-0.0010070493454179263,2026072001,2026072902,0-999,CC-B-R23-S-Q5,STAGE11-2300,coarse,TARGET_ERRORS_REACHED,5
R23,-1,-1,0.84691430817598778,0.65359477124183007,0.62946270589708364,Q5,5,1.5,0.10000000000000001,1000,44923,929,0.14974333333333334,0.92900000000000005,0.14847097928199351,0.1510246572468931,0.91138633656984525,0.94333030464954859,418.45870000000014,378.60000000000002,633.70000000000005,4112.6000000000004,287,512,58752,59551,121550,26.481481481481481,131431,28.634204793028321,0,0,0.018800743865378555,0.0054112554112554162,2026072001,2026072902,0-999,CC-B-R23-S-Q5,STAGE11-2300,coarse,TARGET_ERRORS_REACHED,5
R23,-0.5,-0.5,1.3469143081759878,0.65359477124183007,0.56100922715098167,Q5,5,1.5,0.10000000000000001,1000,23958,773,0.07986,0.77300000000000002,0.078895354669536233,0.080835404862748927,0.74602121413433031,0.79788937573255669,387.77980000000019,386.5,472.5,1079.5,287,512,58752,59551,115756,25.219172113289762,125925,27.434640522875817,0,0,0.02683010457740443,0.001295336787564768,2026072001,2026072902,0-999,CC-B-R23-S-Q5,STAGE11-2300,dense,TARGET_ERRORS_REACHED,5
R23,-0.40000000000000002,-0.40000000000000002,1.4469143081759879,0.65359477124183007,0.54823909807159255,Q5,5,1.5,0.10000000000000001,1000,20872,730,0.069573333333333334,0.72999999999999998,0.068668396869832282,0.070489292764455647,0.70164205871310359,0.75659763238354105,378.9906000000002,384.19999999999999,437.30000000000001,760,287,512,58752,59551,114616,24.970806100217864,124856,27.201742919389979,0,0,0.029851482705876547,0.013888888888888902,2026072001,2026072902,0-999,CC-B-R23-S-Q5,STAGE11-2300,dense,TARGET_ERRORS_REACHED,5
R23,-0.29999999999999999,-0.29999999999999999,1.5469143081759877,0.65359477124183007,0.53575965261880321,Q5,5,1.5,0.10000000000000001,1000,17792,680,0.059306666666666667,0.68000000000000005,0.058467088857019081,0.06015753036708367,0.65044637592664178,0.70817599101855844,378.52679999999987,379.60000000000002,424.30000000000001,1522.3,287,512,58752,59551,113486,24.724618736383441,123715,26.953159041394336,0,0,0.032198178337297628,0.02102102102102104,2026072001,2026072902,0-999,CC-B-R23-S-Q5,STAGE11-2300,dense,TARGET_ERRORS_REACHED,5
R23,-0.19999999999999996,-0.19999999999999996,1.6469143081759878,0.65359477124183007,0.52356427402544969,Q5,5,1.5,0.10000000000000001,1000,14560,618,0.048533333333333331,0.61799999999999999,0.047770136423540062,0.049308092032472252,0.58748834036293507,0.64760854463447382,373.77919999999961,377.10000000000002,422.19999999999999,1180.4000000000001,287,512,58752,59551,112278,24.46143790849673,122626,26.715904139433551,0,0,0.0028929604628736998,0.011456628477905084,2026072001,2026072902,0-999,CC-B-R23-S-Q5,STAGE11-2300,dense,TARGET_ERRORS_REACHED,5
R23,-0.099999999999999978,-0.099999999999999978,1.7469143081759877,0.65359477124183007,0.51164649614037705,Q5,5,1.5,0.10000000000000001,1000,12333,566,0.041110000000000001,0.56599999999999995,0.040405386439938858,0.041826365456501251,0.53508664381575088,0.59640822406415572,378.46629999999965,381.10000000000002,451.69999999999999,813,287,512,58752,59551,111078,24.199999999999999,121489,26.468191721132897,0,0,0.041374651692983211,0.027223230490017968,2026072001,2026072902,0-999,CC-B-R23-S-Q5,STAGE11-2300,dense,TARGET_ERRORS_REACHED,5
R23,0,0,1.8469143081759878,0.65359477124183007,0.5,Q5,5,1.5,0.10000000000000001,1000,10298,497,0.034326666666666665,0.497,0.033681100388586419,0.034984158558267045,0.4660816352651897,0.52794132528572357,377.47750000000019,380.5,437.69999999999999,1298.0999999999999,287,512,58752,59551,109932,23.950326797385621,120334,26.216557734204795,0,0,0.049959216965742272,0.0040404040404040439,2026072001,2026072902,0-999,CC-B-R23-S-Q5,STAGE11-2300,dense,TARGET_ERRORS_REACHED,5
R23,0.10000000000000009,0.10000000000000009,1.9469143081759879,0.65359477124183007,0.48861861047790534,Q5,5,1.5,0.10000000000000001,1000,8267,428,0.027556666666666667,0.42799999999999999,0.026976910809859242,0.028148521512615599,0.39766625317441773,0.45888480004750221,370.51940000000036,378.69999999999999,418.5,904.5,287,512,58752,59551,108776,23.698474945533768,119226,25.975163398692811,0,0,0.0053508451903198275,-0.0046511627906976787,2026072001,2026072902,0-999,CC-B-R23-S-Q5,STAGE11-2300,dense,TARGET_ERRORS_REACHED,5
R23,0.20000000000000007,0.20000000000000007,2.046914308175988,0.65359477124183007,0.47749629301071794,Q5,5,1.5,0.10000000000000001,1000,6909,379,0.023029999999999998,0.379,0.022499322447955841,0.023572892466391895,0.34944843375830026,0.40947764179520407,369.36849999999947,375.80000000000001,422.30000000000001,937.79999999999995,287,512,58752,59551,107608,23.444008714596951,118066,25.722440087145969,0,0,0.036920306168392515,0.0053050397877984134,2026072001,2026072902,0-999,CC-B-R23-S-Q5,STAGE11-2300,dense,TARGET_ERRORS_REACHED,5
R23,0.30000000000000004,0.30000000000000004,2.1469143081759876,0.65359477124183007,0.4666271503984955,Q5,5,1.5,0.10000000000000001,1000,5659,332,0.018863333333333333,0.33200000000000002,0.018382646096876606,0.019356342189960907,0.30350363489239063,0.36178215595875596,383.60159999999973,385.30000000000001,447.80000000000001,1224.7,287,512,58752,59551,106442,23.189978213507626,116962,25.481917211328977,0,0,0.02648285869762379,-0.0030030030030030056,2026072001,2026072902,0-999,CC-B-R23-S-Q5,STAGE11-2300,dense,TARGET_ERRORS_REACHED,5
R23,0.40000000000000002,0.40000000000000002,2.2469143081759877,0.65359477124183007,0.45600541967795483,Q5,5,1.5,0.10000000000000001,1000,4445,280,0.014816666666666667,0.28000000000000003,0.014390501578067618,0.015255257008131972,0.25305370081259326,0.30863007292105105,379.70549999999957,382.30000000000001,432.80000000000001,1119.8,287,512,58752,59551,105192,22.91764705882353,115791,25.226797385620916,0,0,0.046128500823723266,0.0035842293906810066,2026072001,2026072902,0-999,CC-B-R23-S-Q5,STAGE11-2300,dense,TARGET_ERRORS_REACHED,5
R23,0.5,0.5,2.3469143081759878,0.65359477124183007,0.44562546906687278,Q5,5,1.5,0.10000000000000001,1000,3458,242,0.011526666666666666,0.24199999999999999,0.011150909205563579,0.011914933635553937,0.2164742872986182,0.26950032007992825,377.42879999999991,379.80000000000001,436.69999999999999,892.60000000000002,287,512,58752,59551,103968,22.650980392156864,114691,24.987145969498911,0,0,0.022471910112359508,0.038626609442059999,2026072001,2026072902,0-999,CC-B-R23-S-Q5,STAGE11-2300,dense,TARGET_ERRORS_REACHED,5
R23,0.60000000000000009,0.60000000000000009,2.4469143081759879,0.65359477124183007,0.43548179497804029,Q5,5,1.5,0.10000000000000001,1011,2830,205,0.0093306956808440495,0.20276953511374876,0.0089946927675945403,0.0096791276218174075,0.17913233246144739,0.22865693868402043,379.16795252225518,380,451.5,1087.5999999999999,287,512,58752,59551,103928,22.395910776663673,114846,24.748679557546726,0,0,0.036250457707799486,0.019900497512437752,2026072001,2026072902,0-1010,CC-B-R23-S-Q5,STAGE11-2300,dense,TARGET_ERRORS_REACHED,5
R23,0.70000000000000018,0.70000000000000018,2.546914308175988,0.65359477124183007,0.42556901910118822,Q5,5,1.5,0.10000000000000001,1220,2677,211,0.0073142076502732238,0.17295081967213113,0.0070432758040625647,0.0075954816403002376,0.15276342750056332,0.19519133065172151,380.85180327868869,385.39999999999998,432,750.70000000000005,287,512,58752,59551,123837,22.114539804993036,137007,24.466409514625521,0,0,0.024885145482388998,0.055,2026072001,2026072902,0-1219,CC-B-R23-S-Q5,STAGE11-2300,dense,TARGET_ERRORS_REACHED,5
R23,0.80000000000000004,0.80000000000000004,2.6469143081759876,0.65359477124183007,0.41588188555133548,Q5,5,1.5,0.10000000000000001,1419,2296,200,0.0053934695795160911,0.14094432699083861,0.0051778716310190648,0.0056179939713947207,0.12380751028589809,0.16001993676882398,376.54503171247342,380.39999999999998,422.60000000000002,913.5,287,512,58752,59551,142159,21.826257713170619,157642,24.203426574607604,0,0,-0.049668874172185407,-0.024390243902438984,2026072001,2026072902,0-1418,CC-B-R23-S-Q5,STAGE11-2300,dense,TARGET_ERRORS_REACHED,5
R23,0.90000000000000013,0.90000000000000013,2.7469143081759881,0.65359477124183007,0.40641525808204959,Q5,5,1.5,0.10000000000000001,1842,2396,211,0.0043358668114368438,0.11454940282301845,0.0041660432273765338,0.0045125816735292149,0.1008006609755724,0.12990249978925497,391.49695982627594,385.39999999999998,484.5,2028.2,287,512,58752,59551,182429,21.577025067476622,202528,23.954260193641939,0,0,0.081715575620767478,0.054999999999999896,2026072001,2026072902,0-1841,CC-B-R23-S-Q5,STAGE11-2300,dense,TARGET_ERRORS_REACHED,5
R23,1,1,2.8469143081759878,0.65359477124183007,0.39716411736214075,Q5,5,1.5,0.10000000000000001,2276,2146,203,0.0031429408318687756,0.089191564147627411,0.0030129414048506303,0.0032785309009327763,0.078163699708030887,0.10160382633419443,374.59894551845372,381,432.30000000000001,979.5,287,512,58752,59551,222994,21.345593500044032,247845,23.724398957005182,0,0,0.049902152641878583,0.014999999999999892,2026072001,2026072902,0-2275,CC-B-R23-S-Q5,STAGE11-2300,dense,TARGET_ERRORS_REACHED,5
R23,1.1000000000000001,1.1000000000000001,2.9469143081759879,0.65359477124183007,0.38812355831434586,Q5,5,1.5,0.10000000000000001,2884,2193,210,0.0025346740638002773,0.07281553398058252,0.0024309102817541952,0.0026428552847728558,0.063890074450594705,0.082877490481372815,380.88938973647697,381.89999999999998,437.39999999999998,1441.7,287,512,58752,59551,279129,21.086136720060193,310868,23.483784020620114,0,0,0.019525801952580208,0.019417475728155331,2026072001,2026072902,0-2883,CC-B-R23-S-Q5,STAGE11-2300,dense,TARGET_ERRORS_REACHED,5
R23,1.2000000000000002,1.2000000000000002,3.046914308175988,0.65359477124183007,0.37928878751459183,Q5,5,1.5,0.10000000000000001,3603,1989,210,0.0018401332223147377,0.058284762697751874,0.0017610902281186376,0.0019227170691583149,0.051094969379470521,0.066415451763152944,383.82536774909687,382,456.30000000000001,3209.6999999999998,287,512,58752,59551,344410,20.825661500915782,384307,23.2381391203288,0,0,0.04905063291139241,0.050000000000000017,2026072001,2026072902,0-3602,CC-B-R23-S-Q5,STAGE11-2300,dense,TARGET_ERRORS_REACHED,5
R23,1.3,1.3,3.1469143081759876,0.65359477124183007,0.3706551206504588,Q5,5,1.5,0.10000000000000001,4622,1995,216,0.0014387710947641713,0.046733016010385112,0.0013770479845693808,0.0015032566413134137,0.041015431750096261,0.053203417447516964,379.25491129381192,381.39999999999998,439.30000000000001,2042.4000000000001,287,512,58752,59551,436341,20.567589505151549,487875,22.996722127477849,0,0,0.10160132523467691,0.074626865671641812,2026072001,2026072902,0-4621,CC-B-R23-S-Q5,STAGE11-2300,dense,TARGET_ERRORS_REACHED,5
R23,1.4000000000000001,1.4000000000000001,3.2469143081759881,0.65359477124183007,0.36221798003749506,Q5,5,1.5,0.10000000000000001,5632,1878,214,0.0011115056818181818,0.037997159090909088,0.0010623847896533024,0.0011628951052920179,0.033310626508534544,0.04331350530497062,382.97272727272775,384.60000000000002,447.69999999999999,1890,287,512,58752,59551,524630,20.294473534363242,587485,22.725918808179838,0,0,0.048576214405360141,0.064676616915422772,2026072001,2026072902,0-5631,CC-B-R23-S-Q5,STAGE11-2300,dense,TARGET_ERRORS_REACHED,5
R23,1.5,1.5,3.3469143081759878,0.65359477124183007,0.35397289219206896,Q5,5,1.5,0.10000000000000001,6845,1798,214,0.00087557828098368642,0.031263696128560996,0.00083604757132764288,0.00091697639977111412,0.027396661470280248,0.035656551458823404,382.03287070854668,382,444.5,2539.6999999999998,287,512,58752,59551,629293,20.029345720919647,706058,22.472647528291407,0,0,0.069601427721594319,0.070000000000000021,2026072001,2026072902,0-6844,CC-B-R23-S-Q5,STAGE11-2300,dense,TARGET_ERRORS_REACHED,5
R23,1.6000000000000001,1.6000000000000001,3.4469143081759879,0.65359477124183007,0.34591548545946826,Q5,5,1.5,0.10000000000000001,9133,1722,213,0.00062849009087922916,0.02332201905179021,0.00059950680809089311,0.00065887365280329008,0.020421318396572397,0.026623545056292466,380.96143654877955,383.39999999999998,441.5,3089.5999999999999,287,512,58752,59551,828306,19.758986480829055,931228,22.214159335522716,0,0,0.063619518221124077,0.059701492537313335,2026072001,2026072902,0-9132,CC-B-R23-S-Q5,STAGE11-2300,dense,TARGET_ERRORS_REACHED,5
R23,1.7000000000000002,1.7000000000000002,3.546914308175988,0.65359477124183007,0.33804148769599091,Q5,5,1.5,0.10000000000000001,11546,1735,227,0.0005008949708412726,0.019660488480859172,0.00047787912592936466,0.0005250187337131854,0.01728331948506694,0.022357177785225672,380.48258271262858,382.80000000000001,443.69999999999999,2662.1999999999998,287,512,58752,59551,1033146,19.494740560350245,1163564,21.955636769017516,0,0,0.15282392026578068,0.12935323383084585,2026072001,2026072902,0-11545,CC-B-R23-S-Q5,STAGE11-2300,dense,TARGET_ERRORS_REACHED,5
R23,1.8000000000000003,1.8000000000000003,3.6469143081759881,0.65359477124183007,0.330346724003798,Q5,5,1.5,0.10000000000000001,14853,1608,218,0.00036086985794115669,0.014677169595367939,0.00034366027282140883,0.00037894092625800148,0.012864862150068776,0.01674045201040204,380.78013869252072,383.5,440.39999999999998,3422.9000000000001,287,512,58752,59551,1311136,19.231841692742837,1479847,21.706507359633484,0,0,0.06138613861386151,0.079207920792079167,2026072001,2026072902,0-14852,CC-B-R23-S-Q5,STAGE11-2300,dense,TARGET_ERRORS_REACHED,5
R23,1.9000000000000004,1.9000000000000004,3.7469143081759881,0.65359477124183007,0.32282711451732771,Q5,5,1.5,0.10000000000000001,18291,1581,213,0.00028811984035864631,0.011645071346563883,0.0002742652226878799,0.00030267411770392951,0.010189661723233642,0.013305565594707934,382.08088130774564,383.80000000000001,444.10000000000002,2313.1999999999998,287,512,58752,59551,1591430,18.955594314095922,1799870,21.438332529933348,0,0,0.035363457760314243,0.044117647058823518,2026072001,2026072902,0-18290,CC-B-R23-S-Q5,STAGE11-2300,dense,TARGET_ERRORS_REACHED,5
R23,2,2,3.8469143081759878,0.65359477124183007,0.31547867224009662,Q5,5,1.5,0.10000000000000001,26288,1591,220,0.00020173970379387299,0.0083688374923919662,0.00019206818465986421,0.00021189812531689957,0.0073371816741324043,0.0095441561932001658,381.45809494826551,383.39999999999998,441.69999999999999,4689.6000000000004,287,512,58752,59551,2252777,18.670157080212217,2553323,21.160967768455865,0,0,0.074274139095205888,0.10000000000000007,2026072001,2026072902,0-26287,CC-B-R23-S-Q5,STAGE11-2300,dense,TARGET_ERRORS_REACHED,5
R23,2.5,2.5,4.3469143081759878,0.65359477124183007,0.28117066259517454,Q5,5,1.5,0.10000000000000001,50000,506,85,3.3733333333333331e-05,0.0016999999999999999,3.0919415666126464e-05,3.6803330911643654e-05,0.0013751791446212852,0.002101382930391622,393.61363600000084,384.10000000000002,570.79999999999995,16448.900000000001,287,512,58752,59551,3967333,17.28685403050109,4545421,19.805755991285402,0,0,-0.0039370078740157775,-0.065934065934065991,2026072001,2026072902,0-49999,CC-B-R23-S-Q5,STAGE11-2300,coarse,MAX_FRAMES_REACHED,5
R23,3,3,4.8469143081759878,0.65359477124183007,0.25059361681363618,Q5,5,1.5,0.10000000000000001,50000,82,17,5.4666666666666663e-06,0.00034000000000000002,4.404593532046043e-06,6.7848341904185092e-06,0.00021229975507718098,0.00054447127924140087,403.78031200000419,380.69999999999999,600.60000000000002,71074.899999999994,287,512,58752,59551,3647591,15.893642701525055,4230889,18.435246187363834,0,0,0.078947368421052544,0,2026072001,2026072902,0-49999,CC-B-R23-S-Q5,STAGE11-2300,coarse,MAX_FRAMES_REACHED,5
R23,3.5,3.5,5.3469143081759878,0.65359477124183007,0.22334179607548157,Q5,5,1.5,0.10000000000000001,50000,11,2,7.3333333333333334e-07,4.0000000000000003e-05,4.0949584508113408e-07,1.3132676351034765e-06,1.0969511301390302e-05,0.00014584761698167861,394.17465600000031,383.60000000000002,575.5,72402.899999999994,287,512,58752,59551,3329565,14.507908496732027,3912782,17.049159041394336,0,0,-0.26666666666666661,-0.33333333333333331,2026072001,2026072902,0-49999,CC-B-R23-S-Q5,STAGE11-2300,coarse,MAX_FRAMES_REACHED,5
R23,4,4,5.8469143081759878,0.65359477124183007,0.19905358527674863,Q5,5,1.5,0.10000000000000001,50000,0,0,0,0,0,2.5609718912715457e-07,0,7.6823274145000517e-05,407.57956399999807,392.10000000000002,606.79999999999995,72087.800000000003,287,512,58752,59551,3012670,13.127102396514161,3593640,15.658562091503269,0,0,0,0,2026072001,2026072902,0-49999,CC-B-R23-S-Q5,STAGE11-2300,coarse,MAX_FRAMES_REACHED,5
R23,4.5,4.5,6.3469143081759878,0.65359477124183007,0.17740669461678774,Q5,5,1.5,0.10000000000000001,50000,0,0,0,0,0,2.5609718912715457e-07,0,7.6823274145000517e-05,439.36382599999996,397.80000000000001,680,45593.400000000001,287,512,58752,59551,2700271,11.765886710239652,3275746,14.273403050108932,0,0,0,0,2026072001,2026072902,0-49999,CC-B-R23-S-Q5,STAGE11-2300,coarse,MAX_FRAMES_REACHED,5
R23,5,5,6.8469143081759878,0.65359477124183007,0.15811388300841897,Q5,5,1.5,0.10000000000000001,50000,0,0,0,0,0,2.5609718912715457e-07,0,7.6823274145000517e-05,429.0633400000001,396.30000000000001,648.70000000000005,24189,287,512,58752,59551,2394772,10.434736383442266,2959188,12.894065359477125,0,0,0,0,2026072001,2026072902,0-49999,CC-B-R23-S-Q5,STAGE11-2300,coarse,MAX_FRAMES_REACHED,5
R23,5.5,5.5,7.3469143081759878,0.65359477124183007,0.14091914656322269,Q5,5,1.5,0.10000000000000001,50000,0,0,0,0,0,2.5609718912715457e-07,0,7.6823274145000517e-05,436.92435399999795,397,659.60000000000002,66142.100000000006,287,512,58752,59551,2099027,9.1460871459694992,2647554,11.536183006535948,0,0,0,0,2026072001,2026072902,0-49999,CC-B-R23-S-Q5,STAGE11-2300,coarse,MAX_FRAMES_REACHED,5
R23,6,6,7.8469143081759878,0.65359477124183007,0.12559432157547901,Q5,5,1.5,0.10000000000000001,50000,0,0,0,0,0,2.5609718912715457e-07,0,7.6823274145000517e-05,440.60408800000181,399.30000000000001,696.70000000000005,30224.700000000001,287,512,58752,59551,1816194,7.9136993464052283,2343568,10.211625272331155,0,0,0,0,2026072001,2026072902,0-49999,CC-B-R23-S-Q5,STAGE11-2300,coarse,MAX_FRAMES_REACHED,5
R23,6.5,6.5,8.3469143081759878,0.65359477124183007,0.11193605692841696,Q5,5,1.5,0.10000000000000001,50000,0,0,0,0,0,2.5609718912715457e-07,0,7.6823274145000517e-05,430.58936800000146,395.69999999999999,636.89999999999998,101985.89999999999,287,512,58752,59551,1549032,6.7495947712418305,2049735,8.9313071895424834,0,0,0,0,2026072001,2026072902,0-49999,CC-B-R23-S-Q5,STAGE11-2300,coarse,MAX_FRAMES_REACHED,5
R23,7,7,8.8469143081759878,0.65359477124183007,0.099763115748444001,Q5,5,1.5,0.10000000000000001,50000,0,0,0,0,0,2.5609718912715457e-07,0,7.6823274145000517e-05,441.46944000000195,397.5,675.60000000000002,38514.5,287,512,58752,59551,1300221,5.6654509803921567,1769453,7.7100348583877993,0,0,0,0,2026072001,2026072902,0-49999,CC-B-R23-S-Q5,STAGE11-2300,coarse,MAX_FRAMES_REACHED,5
R23,7.5,7.5,9.3469143081759878,0.65359477124183007,0.088913970501946132,Q5,5,1.5,0.10000000000000001,50000,0,0,0,0,0,2.5609718912715457e-07,0,7.6823274145000517e-05,432.59133999999574,395.5,634.60000000000002,49029.800000000003,287,512,58752,59551,1072634,4.6737864923747274,1505378,6.559381263616558,0,0,0,0,2026072001,2026072902,0-49999,CC-B-R23-S-Q5,STAGE11-2300,coarse,MAX_FRAMES_REACHED,5
R23,8,8,9.8469143081759878,0.65359477124183007,0.079244659623055658,Q5,5,1.5,0.10000000000000001,50000,0,0,0,0,0,2.5609718912715457e-07,0,7.6823274145000517e-05,426.06729800000119,394.69999999999999,631.5,46759.800000000003,287,512,58752,59551,867350,3.7793028322440088,1260096,5.4906143790849677,0,0,0,0,2026072001,2026072902,0-49999,CC-B-R23-S-Q5,STAGE11-2300,coarse,MAX_FRAMES_REACHED,5
R23,8.5,8.5,10.346914308175988,0.65359477124183007,0.070626877231137725,Q5,5,1.5,0.10000000000000001,50000,0,0,0,0,0,2.5609718912715457e-07,0,7.6823274145000517e-05,439.2845939999977,398,739,26997.599999999999,287,512,58752,59551,686703,2.9921699346405228,1036496,4.516322440087146,0,0,0,0,2026072001,2026072902,0-49999,CC-B-R23-S-Q5,STAGE11-2300,coarse,MAX_FRAMES_REACHED,5
R23,9,9,10.846914308175988,0.65359477124183007,0.06294627058970835,Q5,5,1.5,0.10000000000000001,50000,0,0,0,0,0,2.5609718912715457e-07,0,7.6823274145000517e-05,423.7710440000003,394.80000000000001,654.10000000000002,34162.599999999999,287,512,58752,59551,530671,2.3122919389978214,834976,3.6382396514161219,0,0,0,0,2026072001,2026072902,0-49999,CC-B-R23-S-Q5,STAGE11-2300,coarse,MAX_FRAMES_REACHED,5
R23,9.5,9.5,11.346914308175988,0.65359477124183007,0.05610092271509818,Q5,5,1.5,0.10000000000000001,50000,0,0,0,0,0,2.5609718912715457e-07,0,7.6823274145000517e-05,432.2641139999991,395.60000000000002,704.29999999999995,45391.300000000003,287,512,58752,59551,398734,1.7374030501089324,658557,2.8695294117647059,0,0,0,0,2026072001,2026072902,0-49999,CC-B-R23-S-Q5,STAGE11-2300,coarse,MAX_FRAMES_REACHED,5
R23,10,10,11.846914308175988,0.65359477124183007,0.050000000000000003,Q5,5,1.5,0.10000000000000001,50000,0,0,0,0,0,2.5609718912715457e-07,0,7.6823274145000517e-05,440.85086600000562,396.30000000000001,756,38866.699999999997,287,512,58752,59551,290251,1.264710239651416,506705,2.2078649237472767,0,0,0,0,2026072001,2026072902,0-49999,CC-B-R23-S-Q5,STAGE11-2300,coarse,MAX_FRAMES_REACHED,5
R23,-5,-5,-3.1530856918240122,0.65359477124183007,1.5811388300841895,Q6,6,1.5,0.048387096774193547,1000,142208,1000,0.47402666666666665,1,0.47224023217405853,0.47581376632069372,0.99617324151444497,1,471.86509999999976,379.39999999999998,733.60000000000002,23587.400000000001,345,512,58752,59609,169644,36.959477124183003,173485,37.796296296296298,0,0,-0.0018179648620382132,0,2026072001,2026072902,0-999,CC-B-R23-S-Q6,STAGE11-2300,coarse,TARGET_ERRORS_REACHED,5
R23,-4.5,-4.5,-2.6530856918240122,0.65359477124183007,1.4091914656322269,Q6,6,1.5,0.048387096774193547,1000,139332,1000,0.46444000000000002,1,0.4626558032163558,0.46622510745382095,0.99617324151444497,1,598.91989999999976,410.30000000000001,919.60000000000002,67905.399999999994,345,512,58752,59609,162851,35.479520697167757,166831,36.34662309368192,0,0,-0.00022961453459999099,0,2026072001,2026072902,0-999,CC-B-R23-S-Q6,STAGE11-2300,coarse,TARGET_ERRORS_REACHED,5
R23,-4,-4,-2.1530856918240122,0.65359477124183007,1.2559432157547903,Q6,6,1.5,0.048387096774193547,1000,135824,1000,0.45274666666666669,1,0.45096609691246553,0.45452844655026653,0.99617324151444497,1,448.15270000000021,390.19999999999999,812.20000000000005,14685.9,345,512,58752,59609,156441,34.08300653594771,160449,34.956209150326799,0,0,0.002775973067154912,0,2026072001,2026072902,0-999,CC-B-R23-S-Q6,STAGE11-2300,coarse,TARGET_ERRORS_REACHED,5
R23,-3.5,-3.5,-1.6530856918240122,0.65359477124183007,1.1193605692841697,Q6,6,1.5,0.048387096774193547,1000,130367,1000,0.43455666666666665,1,0.43278371349736439,0.43633129580030899,0.99617324151444497,1,382.9051,370.39999999999998,589.10000000000002,4107.8999999999996,345,512,58752,59609,150146,32.711546840958604,154306,33.617864923747277,0,0,0.0036414307050364235,0,2026072001,2026072902,0-999,CC-B-R23-S-Q6,STAGE11-2300,coarse,TARGET_ERRORS_REACHED,5
R23,-3,-3,-1.1530856918240122,0.65359477124183007,0.99763115748443987,Q6,6,1.5,0.048387096774193547,1000,121917,1000,0.40638999999999997,1,0.40463365186195283,0.4081487454337514,0.99617324151444497,1,376.97870000000034,365.60000000000002,553.20000000000005,1802.3,345,512,58752,59609,144369,31.452941176470588,148440,32.33986928104575,0,0,0.0055010309278349673,0,2026072001,2026072902,0-999,CC-B-R23-S-Q6,STAGE11-2300,coarse,TARGET_ERRORS_REACHED,5
R23,-2.5,-2.5,-0.65308569182401222,0.65359477124183007,0.88913970501946138,Q6,6,1.5,0.048387096774193547,1000,109370,1000,0.36456666666666665,1,0.36284610252729754,0.3662906991721101,0.99617324151444497,1,455.87429999999995,391.19999999999999,856,6583.3000000000002,345,512,58752,59609,138556,30.186492374727671,142866,31.125490196078431,0,0,0.0067009075679754582,0,2026072001,2026072902,0-999,CC-B-R23-S-Q6,STAGE11-2300,coarse,TARGET_ERRORS_REACHED,5
R23,-2,-2,-0.15308569182401222,0.65359477124183007,0.79244659623055669,Q6,6,1.5,0.048387096774193547,1000,91442,999,0.30480666666666667,0.999,0.3031619513437438,0.30645638077326132,0.99435744140204207,0.99982345362937386,392.70919999999984,377.19999999999999,571.39999999999998,1394.8,345,512,58752,59609,132959,28.967102396514161,137272,29.906753812636165,0,0,0.0052879805630985108,0.0010020040080160328,2026072001,2026072902,0-999,CC-B-R23-S-Q6,STAGE11-2300,coarse,TARGET_ERRORS_REACHED,5
R23,-1.5,-1.5,0.34691430817598778,0.65359477124183007,0.70626877231137719,Q6,6,1.5,0.048387096774193547,1000,68810,992,0.22936666666666666,0.99199999999999999,0.22786569201011461,0.23087457207984133,0.98429366546901986,0.99594080418119402,400.10520000000031,373.19999999999999,618.5,17272.400000000001,345,512,58752,59609,127339,27.742701525054468,131893,28.734858387799566,0,0,0.002447481133999614,-0.0010070493454179263,2026072001,2026072902,0-999,CC-B-R23-S-Q6,STAGE11-2300,coarse,TARGET_ERRORS_REACHED,5
R23,-1,-1,0.84691430817598778,0.65359477124183007,0.62946270589708364,Q6,6,1.5,0.048387096774193547,1000,44568,925,0.14856,0.92500000000000004,0.14729183136911819,0.14983716879755551,0.90699906026074562,0.93974819502653273,403.32719999999978,373.80000000000001,567.79999999999995,10623.1,345,512,58752,59609,121550,26.481481481481481,126281,27.512200435729849,0,0,0.010749761872363574,0.0010822510822510831,2026072001,2026072902,0-999,CC-B-R23-S-Q6,STAGE11-2300,coarse,TARGET_ERRORS_REACHED,5
R23,-0.5,-0.5,1.3469143081759878,0.65359477124183007,0.56100922715098167,Q6,6,1.5,0.048387096774193547,1000,23716,777,0.079053333333333337,0.77700000000000002,0.078093186732721989,0.080024260124477206,0.75016810602789885,0.80171186977110365,380.55199999999951,380.69999999999999,458.39999999999998,1070.5,345,512,58752,59609,115756,25.219172113289762,120600,26.274509803921568,0,0,0.016458083319046846,0.0064766839378238399,2026072001,2026072902,0-999,CC-B-R23-S-Q6,STAGE11-2300,dense,TARGET_ERRORS_REACHED,5
R23,-0.40000000000000002,-0.40000000000000002,1.4469143081759879,0.65359477124183007,0.54823909807159255,Q6,6,1.5,0.048387096774193547,1000,20508,726,0.068360000000000004,0.72599999999999998,0.067462464313927037,0.069268589726429922,0.69753112993996602,0.75273917522456313,374.86949999999968,379.10000000000002,422.80000000000001,2239,345,512,58752,59609,114616,24.970806100217864,119510,26.037037037037038,0,0,0.011891251788621944,0.0083333333333333419,2026072001,2026072902,0-999,CC-B-R23-S-Q6,STAGE11-2300,dense,TARGET_ERRORS_REACHED,5
R23,-0.29999999999999999,-0.29999999999999999,1.5469143081759877,0.65359477124183007,0.53575965261880321,Q6,6,1.5,0.048387096774193547,1000,17460,668,0.058200000000000002,0.66800000000000004,0.05736786663871609,0.059043447593119948,0.63821784404124415,0.69649636510760937,372.19479999999959,374,427.60000000000002,1069.8,345,512,58752,59609,113486,24.724618736383441,118309,25.775381263616559,0,0,0.012937286070661923,0.0030030030030030056,2026072001,2026072902,0-999,CC-B-R23-S-Q6,STAGE11-2300,dense,TARGET_ERRORS_REACHED,5
R23,-0.19999999999999996,-0.19999999999999996,1.6469143081759878,0.65359477124183007,0.52356427402544969,Q6,6,1.5,0.048387096774193547,1000,14574,618,0.048579999999999998,0.61799999999999999,0.047816451772277446,0.049355108821962979,0.58748834036293507,0.64760854463447382,369.49310000000031,372,426,847.20000000000005,345,512,58752,59609,112278,24.46143790849673,117224,25.538997821350762,0,0,0.0038572806171649331,0.011456628477905084,2026072001,2026072902,0-999,CC-B-R23-S-Q6,STAGE11-2300,dense,TARGET_ERRORS_REACHED,5
R23,-0.099999999999999978,-0.099999999999999978,1.7469143081759877,0.65359477124183007,0.51164649614037705,Q6,6,1.5,0.048387096774193547,1000,12182,560,0.040606666666666666,0.56000000000000005,0.039906236769247337,0.041318861350589535,0.52906264287127391,0.59047814611045957,374.40989999999942,376,446.89999999999998,2117.5999999999999,345,512,58752,59609,111078,24.199999999999999,116019,25.276470588235295,0,0,0.028624503926369983,0.016333938294010902,2026072001,2026072902,0-999,CC-B-R23-S-Q6,STAGE11-2300,dense,TARGET_ERRORS_REACHED,5
R23,0,0,1.8469143081759878,0.65359477124183007,0.5,Q6,6,1.5,0.048387096774193547,1000,9888,497,0.032960000000000003,0.497,0.032327099955756722,0.033604860657273389,0.4660816352651897,0.52794132528572357,373.9746999999997,374.5,441.5,1325.5999999999999,345,512,58752,59609,109932,23.950326797385621,114902,25.033115468409587,0,0,0.0081566068515499194,0.0040404040404040439,2026072001,2026072902,0-999,CC-B-R23-S-Q6,STAGE11-2300,dense,TARGET_ERRORS_REACHED,5
R23,0.10000000000000009,0.10000000000000009,1.9469143081759879,0.65359477124183007,0.48861861047790534,Q6,6,1.5,0.048387096774193547,1000,8316,437,0.027720000000000002,0.437,0.027138558074698237,0.028313536731575013,0.40655624686835734,0.46792592470082262,365.50690000000043,373.60000000000002,405.89999999999998,927.20000000000005,345,512,58752,59609,108776,23.698474945533768,113756,24.783442265795205,0,0,0.011309740970448786,0.016279069767441874,2026072001,2026072902,0-999,CC-B-R23-S-Q6,STAGE11-2300,dense,TARGET_ERRORS_REACHED,5
R23,0.20000000000000007,0.20000000000000007,2.046914308175988,0.65359477124183007,0.47749629301071794,Q6,6,1.5,0.048387096774193547,1000,7039,389,0.023463333333333333,0.38900000000000001,0.022927744551938065,0.024011125931670735,0.35926319596566997,0.41958634441812331,363.86560000000003,371.30000000000001,407.69999999999999,1183.5999999999999,345,512,58752,59609,107608,23.444008714596951,112585,24.528322440087145,0,0,0.05643103707038865,0.031830238726790479,2026072001,2026072902,0-999,CC-B-R23-S-Q6,STAGE11-2300,dense,TARGET_ERRORS_REACHED,5
R23,0.30000000000000004,0.30000000000000004,2.1469143081759876,0.65359477124183007,0.4666271503984955,Q6,6,1.5,0.048387096774193547,1000,5714,339,0.019046666666666667,0.33900000000000002,0.018563663065261634,0.019541987193186328,0.31032659115369232,0.36890562507865643,378.8329,380,441.39999999999998,1129.3,345,512,58752,59609,106442,23.189978213507626,111380,24.265795206971678,0,0,0.036459278070016352,0.018018018018018032,2026072001,2026072902,0-999,CC-B-R23-S-Q6,STAGE11-2300,dense,TARGET_ERRORS_REACHED,5
R23,0.40000000000000002,0.40000000000000002,2.2469143081759877,0.65359477124183007,0.45600541967795483,Q6,6,1.5,0.048387096774193547,1000,4408,282,0.014693333333333333,0.28199999999999997,0.01426894579092716,0.015130149287098124,0.25498602521354063,0.31068244148616131,375.08099999999922,378.80000000000001,426.69999999999999,1115.8,345,512,58752,59609,105192,22.91764705882353,110264,24.022657952069718,0,0,0.037420569545775419,0.010752688172042821,2026072001,2026072902,0-999,CC-B-R23-S-Q6,STAGE11-2300,dense,TARGET_ERRORS_REACHED,5
R23,0.5,0.5,2.3469143081759878,0.65359477124183007,0.44562546906687278,Q6,6,1.5,0.048387096774193547,1000,3403,239,0.011343333333333334,0.23899999999999999,0.010970592385105693,0.011728588484401377,0.21359793973575719,0.26639962819370261,370.86499999999961,375.30000000000001,425.89999999999998,1413.4000000000001,345,512,58752,59609,103968,22.650980392156864,109115,23.772331154684096,0,0,0.0062093435836783522,0.025751072961373293,2026072001,2026072902,0-999,CC-B-R23-S-Q6,STAGE11-2300,dense,TARGET_ERRORS_REACHED,5
R23,0.60000000000000009,0.60000000000000009,2.4469143081759879,0.65359477124183007,0.43548179497804029,Q6,6,1.5,0.048387096774193547,1011,2754,205,0.0090801186943620174,0.20276953511374876,0.0087487011003706556,0.0094239716633834156,0.17913233246144739,0.22865693868402043,374.19881305637955,376.10000000000002,444,865.5,345,512,58752,59609,103928,22.395910776663673,109145,23.520145501875881,0,0,0.0084218235078725948,0.019900497512437752,2026072001,2026072902,0-1010,CC-B-R23-S-Q6,STAGE11-2300,dense,TARGET_ERRORS_REACHED,5
R23,0.70000000000000018,0.70000000000000018,2.546914308175988,0.65359477124183007,0.42556901910118822,Q6,6,1.5,0.048387096774193547,1220,2606,205,0.0071202185792349727,0.16803278688524589,0.0068529468586236682,0.0073978365157566566,0.1481012178031576,0.19004834874239468,376.57065573770512,379.39999999999998,421.30000000000001,892.89999999999998,345,512,58752,59609,123837,22.114539804993036,130222,23.254759098539232,0,0,-0.0022970903522204632,0.025000000000000029,2026072001,2026072902,0-1219,CC-B-R23-S-Q6,STAGE11-2300,dense,TARGET_ERRORS_REACHED,5
R23,0.80000000000000004,0.80000000000000004,2.6469143081759876,0.65359477124183007,0.41588188555133548,Q6,6,1.5,0.048387096774193547,1419,2393,203,0.0056213295748179471,0.14305849189570119,0.005401156791212283,0.0058504246894871973,0.1258037616698425,0.16224059933745236,369.79309372797803,375,412.19999999999999,1582.5,345,512,58752,59609,142159,21.826257713170619,149630,22.973311163005647,0,0,-0.009519867549668791,-0.0097560975609755924,2026072001,2026072902,0-1418,CC-B-R23-S-Q6,STAGE11-2300,dense,TARGET_ERRORS_REACHED,5
R23,0.90000000000000013,0.90000000000000013,2.7469143081759881,0.65359477124183007,0.40641525808204959,Q6,6,1.5,0.048387096774193547,1842,2266,209,0.0041006152732537098,0.11346362649294245,0.0039355375748308013,0.004272587520439095,0.099777085076347735,0.12875904233852142,381.42128121606936,378.69999999999999,476.10000000000002,2440.5999999999999,345,512,58752,59609,182429,21.577025067476622,192010,22.710230189313027,0,0,0.023024830699774304,0.044999999999999887,2026072001,2026072902,0-1841,CC-B-R23-S-Q6,STAGE11-2300,dense,TARGET_ERRORS_REACHED,5
R23,1,1,2.8469143081759878,0.65359477124183007,0.39716411736214075,Q6,6,1.5,0.048387096774193547,2276,2045,202,0.0029950205038078502,0.088752196836555358,0.0028681734657115404,0.0031274598483514568,0.077751021051644525,0.10113925100773827,369.88791739894543,376.69999999999999,423.19999999999999,884.10000000000002,345,512,58752,59609,222994,21.345593500044032,234848,22.480290690773479,0,0,0.00048923679060664427,0.0099999999999999273,2026072001,2026072902,0-2275,CC-B-R23-S-Q6,STAGE11-2300,dense,TARGET_ERRORS_REACHED,5
R23,1.1000000000000001,1.1000000000000001,2.9469143081759879,0.65359477124183007,0.38812355831434586,Q6,6,1.5,0.048387096774193547,2884,2167,206,0.0025046232085067037,0.071428571428571425,0.0024014877694837769,0.0026121763533045106,0.062588364432566782,0.081408965320608442,376.33283633841882,377,433.60000000000002,2058.5999999999999,345,512,58752,59609,279129,21.086136720060193,294231,22.22698140744971,0,0,0.0074384007438401461,0,2026072001,2026072902,0-2883,CC-B-R23-S-Q6,STAGE11-2300,dense,TARGET_ERRORS_REACHED,5
R23,1.2000000000000002,1.2000000000000002,3.046914308175988,0.65359477124183007,0.37928878751459183,Q6,6,1.5,0.048387096774193547,3603,1973,206,0.0018253307428994356,0.05717457674160422,0.0017466127447340661,0.0019075896989262946,0.050054466300177444,0.065237947732531151,378.02914238134849,377.10000000000002,454.69999999999999,1615.4000000000001,345,512,58752,59609,344410,20.825661500915782,363276,21.966444085266634,0,0,0.04061181434599153,0.030000000000000037,2026072001,2026072902,0-3602,CC-B-R23-S-Q6,STAGE11-2300,dense,TARGET_ERRORS_REACHED,5
R23,1.3,1.3,3.1469143081759876,0.65359477124183007,0.3706551206504588,Q6,6,1.5,0.048387096774193547,4622,1868,204,0.0013471801528919659,0.044136737343141497,0.0012874951072113488,0.00140962814241565,0.038584175962094784,0.050446427980325774,377.07641713543921,376.80000000000001,432.5,8567.2000000000007,345,512,58752,59609,436341,20.567589505151549,460881,21.724319325306929,0,0,0.031474323578133602,0.014925373134328426,2026072001,2026072902,0-4621,CC-B-R23-S-Q6,STAGE11-2300,dense,TARGET_ERRORS_REACHED,5
R23,1.4000000000000001,1.4000000000000001,3.2469143081759881,0.65359477124183007,0.36221798003749506,Q6,6,1.5,0.048387096774193547,5632,1782,200,0.0010546875000000001,0.03551136363636364,0.0010068659961478326,0.0011047777935231143,0.03098589227138477,0.040670037330509758,378.09564985795402,379.60000000000002,440.5,2979.0999999999999,345,512,58752,59609,524630,20.294473534363242,554706,21.457915552584669,0,0,-0.0050251256281406333,-0.0049751243781093997,2026072001,2026072902,0-5631,CC-B-R23-S-Q6,STAGE11-2300,dense,TARGET_ERRORS_REACHED,5
R23,1.5,1.5,3.3469143081759878,0.65359477124183007,0.35397289219206896,Q6,6,1.5,0.048387096774193547,6845,1689,202,0.00082249817384952523,0.029510591672753834,0.00078421155629170556,0.00086265239913104873,0.025757842275791046,0.033791128345427072,378.37408327246089,377.30000000000001,438.30000000000001,4729.6000000000004,345,512,58752,59609,629293,20.029345720919647,665919,21.195090161703835,0,0,0.0047590719809637401,0.009999999999999936,2026072001,2026072902,0-6844,CC-B-R23-S-Q6,STAGE11-2300,dense,TARGET_ERRORS_REACHED,5
R23,1.6000000000000001,1.6000000000000001,3.4469143081759879,0.65359477124183007,0.34591548545946826,Q6,6,1.5,0.048387096774193547,9133,1697,205,0.00061936567027993722,0.022446074674258184,0.00059059840456280764,0.00064953324071842402,0.019602906164673483,0.025690805090562558,377.29419686849792,378.60000000000002,442.39999999999998,3109.8000000000002,345,512,58752,59609,828306,19.758986480829055,877234,20.926148967318355,0,0,0.048177887584928893,0.019900497512437727,2026072001,2026072902,0-9132,CC-B-R23-S-Q6,STAGE11-2300,dense,TARGET_ERRORS_REACHED,5
R23,1.7000000000000002,1.7000000000000002,3.546914308175988,0.65359477124183007,0.33804148769599091,Q6,6,1.5,0.048387096774193547,11546,1581,208,0.0004564351290490213,0.018014896934003117,0.00043448856710526522,0.00047948970756728768,0.015744261360622618,0.02060614745819786,375.95829724579983,378.39999999999998,437,5754.1000000000004,345,512,58752,59609,1033146,19.494740560350245,1095159,20.664882385773755,0,0,0.050498338870431807,0.034825870646766163,2026072001,2026072902,0-11545,CC-B-R23-S-Q6,STAGE11-2300,dense,TARGET_ERRORS_REACHED,5
R23,1.8000000000000003,1.8000000000000003,3.6469143081759881,0.65359477124183007,0.330346724003798,Q6,6,1.5,0.048387096774193547,14853,1573,213,0.00035301510357054692,0.01434053726519895,0.00033599837818476302,0.0003708933256966802,0.012550242418409114,0.0163819811643829,376.19043290917574,378.60000000000002,437.80000000000001,4276.3999999999996,345,512,58752,59609,1311136,19.231841692742837,1391197,20.406182476431702,0,0,0.03828382838283835,0.054455445544554427,2026072001,2026072902,0-14852,CC-B-R23-S-Q6,STAGE11-2300,dense,TARGET_ERRORS_REACHED,5
R23,1.9000000000000004,1.9000000000000004,3.7469143081759881,0.65359477124183007,0.32282711451732771,Q6,6,1.5,0.048387096774193547,18291,1476,200,0.00026898474659668687,0.010934339292548247,0.00025560950226795039,0.00028305967739148546,0.0095266075297279207,0.012547454152068482,377.82538406866792,379.19999999999999,439.5,2482.0999999999999,345,512,58752,59609,1591430,18.955594314095922,1690230,20.132405558217673,0,0,-0.03339882121807479,-0.019607843137254916,2026072001,2026072902,0-18290,CC-B-R23-S-Q6,STAGE11-2300,dense,TARGET_ERRORS_REACHED,5
R23,2,2,3.8469143081759878,0.65359477124183007,0.31547867224009662,Q6,6,1.5,0.048387096774193547,26288,1524,209,0.00019324406573341447,0.007950395617772367,0.00018378339529378596,0.00020319164683849306,0.0069463919331449065,0.0090981844606918914,376.06496119902374,378.69999999999999,436.89999999999998,3341.5999999999999,345,512,58752,59609,2252777,18.670157080212217,2395231,19.850761532718856,0,0,0.029034436191762228,0.044999999999999943,2026072001,2026072902,0-26287,CC-B-R23-S-Q6,STAGE11-2300,dense,TARGET_ERRORS_REACHED,5
R23,2.5,2.5,4.3469143081759878,0.65359477124183007,0.28117066259517454,Q6,6,1.5,0.048387096774193547,50000,498,87,3.3200000000000001e-05,0.00174,3.0409386521798305e-05,3.6246693662475487e-05,0.0014109836555540416,0.0021455722735969347,392.79946000000035,381.39999999999998,573.20000000000005,60312.199999999997,345,512,58752,59609,3967333,17.28685403050109,4240889,18.47881917211329,0,0,-0.019685039370078684,-0.043956043956043953,2026072001,2026072902,0-49999,CC-B-R23-S-Q6,STAGE11-2300,coarse,MAX_FRAMES_REACHED,5
R23,3,3,4.8469143081759878,0.65359477124183007,0.25059361681363618,Q6,6,1.5,0.048387096774193547,50000,70,16,4.6666666666666663e-06,0.00032000000000000003,3.6940275643288645e-06,5.8954005678911909e-06,0.00019698957251332964,0.000519784534736218,399.12399799999872,377.89999999999998,594.10000000000002,71548.199999999997,345,512,58752,59609,3647591,15.893642701525055,3922972,17.09355991285403,0,0,-0.07894736842105271,-0.058823529411764698,2026072001,2026072902,0-49999,CC-B-R23-S-Q6,STAGE11-2300,coarse,MAX_FRAMES_REACHED,5
R23,3.5,3.5,5.3469143081759878,0.65359477124183007,0.22334179607548157,Q6,6,1.5,0.048387096774193547,50000,11,2,7.3333333333333334e-07,4.0000000000000003e-05,4.0949584508113408e-07,1.3132676351034765e-06,1.0969511301390302e-05,0.00014584761698167861,391.6984920000001,380.60000000000002,572.70000000000005,61810.900000000001,345,512,58752,59609,3329565,14.507908496732027,3603563,15.701799564270152,0,0,-0.26666666666666661,-0.33333333333333331,2026072001,2026072902,0-49999,CC-B-R23-S-Q6,STAGE11-2300,coarse,MAX_FRAMES_REACHED,5
R23,4,4,5.8469143081759878,0.65359477124183007,0.19905358527674863,Q6,6,1.5,0.048387096774193547,50000,0,0,0,0,0,2.5609718912715457e-07,0,7.6823274145000517e-05,404.55567400000444,389.10000000000002,604.70000000000005,43296.900000000001,345,512,58752,59609,3012670,13.127102396514161,3285758,14.317028322440088,0,0,0,0,2026072001,2026072902,0-49999,CC-B-R23-S-Q6,STAGE11-2300,coarse,MAX_FRAMES_REACHED,5
R23,4.5,4.5,6.3469143081759878,0.65359477124183007,0.17740669461678774,Q6,6,1.5,0.048387096774193547,50000,0,0,0,0,0,2.5609718912715457e-07,0,7.6823274145000517e-05,435.09340199999968,394.89999999999998,666,44953.199999999997,345,512,58752,59609,2700271,11.765886710239652,2969078,12.937159041394336,0,0,0,0,2026072001,2026072902,0-49999,CC-B-R23-S-Q6,STAGE11-2300,coarse,MAX_FRAMES_REACHED,5
R23,5,5,6.8469143081759878,0.65359477124183007,0.15811388300841897,Q6,6,1.5,0.048387096774193547,50000,0,0,0,0,0,2.5609718912715457e-07,0,7.6823274145000517e-05,425.45085999999759,393.30000000000001,642.60000000000002,51494.099999999999,345,512,58752,59609,2394772,10.434736383442266,2657240,11.57838779956427,0,0,0,0,2026072001,2026072902,0-49999,CC-B-R23-S-Q6,STAGE11-2300,coarse,MAX_FRAMES_REACHED,5
R23,5.5,5.5,7.3469143081759878,0.65359477124183007,0.14091914656322269,Q6,6,1.5,0.048387096774193547,50000,0,0,0,0,0,2.5609718912715457e-07,0,7.6823274145000517e-05,433.3568980000054,394.30000000000001,656.20000000000005,64094.199999999997,345,512,58752,59609,2099027,9.1460871459694992,2352922,10.252383442265796,0,0,0,0,2026072001,2026072902,0-49999,CC-B-R23-S-Q6,STAGE11-2300,coarse,MAX_FRAMES_REACHED,5
R23,6,6,7.8469143081759878,0.65359477124183007,0.12559432157547901,Q6,6,1.5,0.048387096774193547,50000,0,0,0,0,0,2.5609718912715457e-07,0,7.6823274145000517e-05,441.5449020000035,396.30000000000001,689.70000000000005,50680.300000000003,345,512,58752,59609,1816194,7.9136993464052283,2058767,8.9706623093681923,0,0,0,0,2026072001,2026072902,0-49999,CC-B-R23-S-Q6,STAGE11-2300,coarse,MAX_FRAMES_REACHED,5
R23,6.5,6.5,8.3469143081759878,0.65359477124183007,0.11193605692841696,Q6,6,1.5,0.048387096774193547,50000,0,0,0,0,0,2.5609718912715457e-07,0,7.6823274145000517e-05,425.0002040000025,392.69999999999999,619,83118.800000000003,345,512,58752,59609,1549032,6.7495947712418305,1778048,7.7474858387799568,0,0,0,0,2026072001,2026072902,0-49999,CC-B-R23-S-Q6,STAGE11-2300,coarse,MAX_FRAMES_REACHED,5
R23,7,7,8.8469143081759878,0.65359477124183007,0.099763115748444001,Q6,6,1.5,0.048387096774193547,50000,0,0,0,0,0,2.5609718912715457e-07,0,7.6823274145000517e-05,438.7040760000047,394.80000000000001,673.79999999999995,45767.400000000001,345,512,58752,59609,1300221,5.6654509803921567,1513348,6.5941089324618734,0,0,0,0,2026072001,2026072902,0-49999,CC-B-R23-S-Q6,STAGE11-2300,coarse,MAX_FRAMES_REACHED,5
R23,7.5,7.5,9.3469143081759878,0.65359477124183007,0.088913970501946132,Q6,6,1.5,0.048387096774193547,50000,0,0,0,0,0,2.5609718912715457e-07,0,7.6823274145000517e-05,425.63583399999538,392.5,638.5,32984.199999999997,345,512,58752,59609,1072634,4.6737864923747274,1267503,5.5228888888888887,0,0,0,0,2026072001,2026072902,0-49999,CC-B-R23-S-Q6,STAGE11-2300,coarse,MAX_FRAMES_REACHED,5
R23,8,8,9.8469143081759878,0.65359477124183007,0.079244659623055658,Q6,6,1.5,0.048387096774193547,50000,0,0,0,0,0,2.5609718912715457e-07,0,7.6823274145000517e-05,422.80624599999987,391.69999999999999,611.39999999999998,54038.900000000001,345,512,58752,59609,867350,3.7793028322440088,1042955,4.5444662309368189,0,0,0,0,2026072001,2026072902,0-49999,CC-B-R23-S-Q6,STAGE11-2300,coarse,MAX_FRAMES_REACHED,5
R23,8.5,8.5,10.346914308175988,0.65359477124183007,0.070626877231137725,Q6,6,1.5,0.048387096774193547,50000,0,0,0,0,0,2.5609718912715457e-07,0,7.6823274145000517e-05,436.686428000001,395.10000000000002,736.70000000000005,58185,345,512,58752,59609,686703,2.9921699346405228,840916,3.6641220043572984,0,0,0,0,2026072001,2026072902,0-49999,CC-B-R23-S-Q6,STAGE11-2300,coarse,MAX_FRAMES_REACHED,5
R23,9,9,10.846914308175988,0.65359477124183007,0.06294627058970835,Q6,6,1.5,0.048387096774193547,50000,0,0,0,0,0,2.5609718912715457e-07,0,7.6823274145000517e-05,421.5438819999946,392,648,28116.299999999999,345,512,58752,59609,530671,2.3122919389978214,663708,2.8919738562091504,0,0,0,0,2026072001,2026072902,0-49999,CC-B-R23-S-Q6,STAGE11-2300,coarse,MAX_FRAMES_REACHED,5
R23,9.5,9.5,11.346914308175988,0.65359477124183007,0.05610092271509818,Q6,6,1.5,0.048387096774193547,50000,0,0,0,0,0,2.5609718912715457e-07,0,7.6823274145000517e-05,427.51150799999357,392.60000000000002,686.39999999999998,40386.900000000001,345,512,58752,59609,398734,1.7374030501089324,511079,2.2269237472766883,0,0,0,0,2026072001,2026072902,0-49999,CC-B-R23-S-Q6,STAGE11-2300,coarse,MAX_FRAMES_REACHED,5
R23,10,10,11.846914308175988,0.65359477124183007,0.050000000000000003,Q6,6,1.5,0.048387096774193547,50000,0,0,0,0,0,2.5609718912715457e-07,0,7.6823274145000517e-05,441.97637199999889,393.39999999999998,746.39999999999998,48114.400000000001,345,512,58752,59609,290251,1.264710239651416,382230,1.6654901960784314,0,0,0,0,2026072001,2026072902,0-49999,CC-B-R23-S-Q6,STAGE11-2300,coarse,MAX_FRAMES_REACHED,5
R23,-5,-5,-3.1530856918240122,0.65359477124183007,1.5811388300841895,Q7,7,2,0.031746031746031744,1000,142350,1000,0.47449999999999998,1,0.47271347214843107,0.47628718089120636,0.99617324151444497,1,437.18780000000066,374,687.89999999999998,21197.200000000001,402,512,58752,59666,101543,22.122657952069716,103379,22.522657952069718,0,0,-0.00082124281412537955,0,2026072001,2026072902,0-999,CC-B-R23-S-Q7,STAGE11-2300,coarse,TARGET_ERRORS_REACHED,5
R23,-4.5,-4.5,-2.6530856918240122,0.65359477124183007,1.4091914656322269,Q7,7,2,0.031746031746031744,1000,139709,1000,0.46569666666666665,1,0.46391213886375254,0.46748207295728123,0.99617324151444497,1,517.2183,404.60000000000002,1038.3,4684.6999999999998,402,512,58752,59666,94086,20.498039215686273,95965,20.907407407407408,0,0,0.0024755317011566497,0,2026072001,2026072902,0-999,CC-B-R23-S-Q7,STAGE11-2300,coarse,TARGET_ERRORS_REACHED,5
R23,-4,-4,-2.1530856918240122,0.65359477124183007,1.2559432157547903,Q7,7,2,0.031746031746031744,1000,135906,1000,0.45301999999999998,1,0.45123933416671086,0.45480186896278579,0.99617324151444497,1,437.36889999999994,386,693.79999999999995,5618.3000000000002,402,512,58752,59666,86884,18.928976034858387,88648,19.313289760348585,0,0,0.003381371448821586,0,2026072001,2026072902,0-999,CC-B-R23-S-Q7,STAGE11-2300,coarse,TARGET_ERRORS_REACHED,5
R23,-3.5,-3.5,-1.6530856918240122,0.65359477124183007,1.1193605692841697,Q7,7,2,0.031746031746031744,1000,130112,1000,0.43370666666666668,1,0.43193412859075714,0.43548090247490429,0.99617324151444497,1,375.96639999999979,365.5,571,2995.4000000000001,402,512,58752,59666,79824,17.390849673202613,81663,17.791503267973855,0,0,0.0016782915300168802,0,2026072001,2026072902,0-999,CC-B-R23-S-Q7,STAGE11-2300,coarse,TARGET_ERRORS_REACHED,5
R23,-3,-3,-1.1530856918240122,0.65359477124183007,0.99763115748443987,Q7,7,2,0.031746031746031744,1000,121467,1000,0.40489000000000003,1,0.40313470255553341,0.40664773315426728,0.99617324151444497,1,369.78220000000005,361.10000000000002,562.5,1630.7,402,512,58752,59666,73066,15.918518518518519,74862,16.309803921568626,0,0,0.0017896907216495346,0,2026072001,2026072902,0-999,CC-B-R23-S-Q7,STAGE11-2300,coarse,TARGET_ERRORS_REACHED,5
R23,-2.5,-2.5,-0.65308569182401222,0.65359477124183007,0.88913970501946138,Q7,7,2,0.031746031746031744,1000,108749,1000,0.36249666666666669,1,0.36077823050059954,0.36421862421026119,0.99617324151444497,1,435.7904000000002,387.69999999999999,788.29999999999995,2782.0999999999999,402,512,58752,59666,66241,14.431590413943356,68150,14.847494553376906,0,0,0.00098488613979861878,0,2026072001,2026072902,0-999,CC-B-R23-S-Q7,STAGE11-2300,coarse,TARGET_ERRORS_REACHED,5
R23,-2,-2,-0.15308569182401222,0.65359477124183007,0.79244659623055669,Q7,7,2,0.031746031746031744,1000,90755,997,0.30251666666666666,0.997,0.30087547943858084,0.30416291132394457,0.99121698594649688,0.99897921611886142,394.95000000000044,371.30000000000001,568.79999999999995,8956.1000000000004,402,512,58752,59666,59921,13.054684095860566,61682,13.43834422657952,0,0,-0.002264706852387294,-0.0010020040080160328,2026072001,2026072902,0-999,CC-B-R23-S-Q7,STAGE11-2300,coarse,TARGET_ERRORS_REACHED,5
R23,-1.5,-1.5,0.34691430817598778,0.65359477124183007,0.70626877231137719,Q7,7,2,0.031746031746031744,1000,68855,992,0.22951666666666667,0.99199999999999999,0.22801534471413021,0.23102491553441612,0.98429366546901986,0.99594080418119402,379.60769999999968,370.30000000000001,564.5,4275.3000000000002,402,512,58752,59666,53640,11.686274509803921,55307,12.049455337690631,0,0,0.0031030564377495535,-0.0010070493454179263,2026072001,2026072902,0-999,CC-B-R23-S-Q7,STAGE11-2300,coarse,TARGET_ERRORS_REACHED,5
R23,-1,-1,0.84691430817598778,0.65359477124183007,0.62946270589708364,Q7,7,2,0.031746031746031744,1000,43614,923,0.14538000000000001,0.92300000000000004,0.14412321768426842,0.14664586392028953,0.9048104693818263,0.93795209293939419,401.80690000000004,370.69999999999999,647,6518.5,402,512,58752,59666,47448,10.337254901960785,49151,10.708278867102397,0,0,-0.01088583480745673,-0.0010822510822510831,2026072001,2026072902,0-999,CC-B-R23-S-Q7,STAGE11-2300,coarse,TARGET_ERRORS_REACHED,5
R23,-0.5,-0.5,1.3469143081759878,0.65359477124183007,0.56100922715098167,Q7,7,2,0.031746031746031744,1000,23404,768,0.078013333333333337,0.76800000000000002,0.077059030536740042,0.078978442954232592,0.74084229685033176,0.79310656060141083,373.76380000000017,377.19999999999999,434.19999999999999,850.60000000000002,402,512,58752,59666,41568,9.0562091503267972,43179,9.4071895424836605,0,0,0.0030858906223213281,-0.0051813471502590719,2026072001,2026072902,0-999,CC-B-R23-S-Q7,STAGE11-2300,dense,TARGET_ERRORS_REACHED,5
R23,-0.40000000000000002,-0.40000000000000002,1.4469143081759879,0.65359477124183007,0.54823909807159255,Q7,7,2,0.031746031746031744,1000,20116,722,0.06705333333333334,0.72199999999999998,0.066163859415814069,0.067953894754155669,0.69342297550656606,0.74887794372584737,372.89860000000022,375,422.30000000000001,2106.6999999999998,402,512,58752,59666,40465,8.8159041394335507,42034,9.1577342047930284,0,0,-0.0074505353530368752,0.0027777777777777805,2026072001,2026072902,0-999,CC-B-R23-S-Q7,STAGE11-2300,dense,TARGET_ERRORS_REACHED,5
R23,-0.29999999999999999,-0.29999999999999999,1.5469143081759877,0.65359477124183007,0.53575965261880321,Q7,7,2,0.031746031746031744,1000,17326,673,0.05775333333333333,0.67300000000000004,0.056924228713918869,0.058593763623448057,0.64331045195313441,0.70136548961086354,368.08360000000022,370.80000000000001,409.10000000000002,1563.4000000000001,402,512,58752,59666,39284,8.5586056644880166,40900,8.9106753812636157,0,0,0.0051633114811160934,0.01051051051051052,2026072001,2026072902,0-999,CC-B-R23-S-Q7,STAGE11-2300,dense,TARGET_ERRORS_REACHED,5
R23,-0.19999999999999996,-0.19999999999999996,1.6469143081759878,0.65359477124183007,0.52356427402544969,Q7,7,2,0.031746031746031744,1000,14298,609,0.047660000000000001,0.60899999999999999,0.046903414263714999,0.048428169891171172,0.57839351615478751,0.63877225049536146,366.80429999999996,368,431.39999999999998,1893.0999999999999,402,512,58752,59666,38201,8.3226579520697168,39756,8.6614379084967315,0,0,-0.015153602424576298,-0.0032733224222585957,2026072001,2026072902,0-999,CC-B-R23-S-Q7,STAGE11-2300,dense,TARGET_ERRORS_REACHED,5
R23,-0.099999999999999978,-0.099999999999999978,1.7469143081759877,0.65359477124183007,0.51164649614037705,Q7,7,2,0.031746031746031744,1000,11969,551,0.039896666666666664,0.55100000000000005,0.039202188459072515,0.040602927843436609,0.52003513736907281,0.58157453326540076,368.47379999999981,372.69999999999999,427.60000000000002,1417.4000000000001,402,512,58752,59666,37101,8.0830065359477121,38627,8.4154684095860564,0,0,0.010639196149624169,0,2026072001,2026072902,0-999,CC-B-R23-S-Q7,STAGE11-2300,dense,TARGET_ERRORS_REACHED,5
R23,0,0,1.8469143081759878,0.65359477124183007,0.5,Q7,7,2,0.031746031746031744,1000,9926,493,0.033086666666666667,0.49299999999999999,0.032452580597710258,0.033732710104796164,0.46209940740448396,0.52395416721431376,374.77260000000001,372.89999999999998,450.80000000000001,1365.9000000000001,402,512,58752,59666,36022,7.8479302832244011,37559,8.1827886710239657,0,0,0.012030995106035966,-0.0040404040404040439,2026072001,2026072902,0-999,CC-B-R23-S-Q7,STAGE11-2300,dense,TARGET_ERRORS_REACHED,5
R23,0.10000000000000009,0.10000000000000009,1.9469143081759879,0.65359477124183007,0.48861861047790534,Q7,7,2,0.031746031746031744,1000,8253,433,0.02751,0.433,0.026930726874102421,0.028101373310144308,0.4026038718810217,0.46390891375604265,361.1680999999997,369.89999999999998,404.30000000000001,583.70000000000005,402,512,58752,59666,34994,7.6239651416122003,36450,7.9411764705882355,0,0,0.0036483035388544106,0.0069767441860465176,2026072001,2026072902,0-999,CC-B-R23-S-Q7,STAGE11-2300,dense,TARGET_ERRORS_REACHED,5
R23,0.20000000000000007,0.20000000000000007,2.046914308175988,0.65359477124183007,0.47749629301071794,Q7,7,2,0.031746031746031744,1000,6679,382,0.022263333333333333,0.38200000000000001,0.021741467679549792,0.022797433535336066,0.35239145536552613,0.41251165963706488,359.70509999999979,367.30000000000001,414.5,835.10000000000002,402,512,58752,59666,33903,7.386274509803922,35378,7.7076252723311542,0,0,0.0024013207263994737,0.013262599469496032,2026072001,2026072902,0-999,CC-B-R23-S-Q7,STAGE11-2300,dense,TARGET_ERRORS_REACHED,5
R23,0.30000000000000004,0.30000000000000004,2.1469143081759876,0.65359477124183007,0.4666271503984955,Q7,7,2,0.031746031746031744,1000,5620,336,0.018733333333333334,0.33600000000000002,0.018254295834911546,0.019224695781147653,0.30740158982270954,0.36585358696055253,374.07729999999992,376.10000000000002,423.60000000000002,2143.5,402,512,58752,59666,32832,7.1529411764705886,34333,7.4799564270152503,0,0,0.019408670415381916,0.0090090090090090159,2026072001,2026072902,0-999,CC-B-R23-S-Q7,STAGE11-2300,dense,TARGET_ERRORS_REACHED,5
R23,0.40000000000000002,0.40000000000000002,2.2469143081759877,0.65359477124183007,0.45600541967795483,Q7,7,2,0.031746031746031744,1000,4336,282,0.014453333333333334,0.28199999999999997,0.014032427272364714,0.014886673951915987,0.25498602521354063,0.31068244148616131,370.91300000000001,374.69999999999999,419.39999999999998,1167.7,402,512,58752,59666,31796,6.9272331154684093,33229,7.2394335511982568,0,0,0.02047540597787717,0.010752688172042821,2026072001,2026072902,0-999,CC-B-R23-S-Q7,STAGE11-2300,dense,TARGET_ERRORS_REACHED,5
R23,0.5,0.5,2.3469143081759878,0.65359477124183007,0.44562546906687278,Q7,7,2,0.031746031746031744,1000,3454,238,0.011513333333333334,0.23799999999999999,0.011137794414594509,0.011901382101314978,0.21263955247557198,0.26536566897085889,366.09440000000046,370.69999999999999,424.80000000000001,1468.9000000000001,402,512,58752,59666,30781,6.7061002178649236,32199,7.015032679738562,0,0,0.021289178001182789,0.021459227467811058,2026072001,2026072902,0-999,CC-B-R23-S-Q7,STAGE11-2300,dense,TARGET_ERRORS_REACHED,5
R23,0.60000000000000009,0.60000000000000009,2.4469143081759879,0.65359477124183007,0.43548179497804029,Q7,7,2,0.031746031746031744,1011,2749,205,0.0090636333663039886,0.20276953511374876,0.0087325197028144379,0.0094071828224095103,0.17913233246144739,0.22865693868402043,372.9429277942628,372.69999999999999,433.89999999999998,2107.8000000000002,402,512,58752,59666,30099,6.4861684865175873,31511,6.7904466985167513,0,0,0.0065909923105089445,0.019900497512437752,2026072001,2026072902,0-1010,CC-B-R23-S-Q7,STAGE11-2300,dense,TARGET_ERRORS_REACHED,5
R23,0.70000000000000018,0.70000000000000018,2.546914308175988,0.65359477124183007,0.42556901910118822,Q7,7,2,0.031746031746031744,1220,2584,201,0.0070601092896174864,0.16475409836065574,0.0067939819972617325,0.0073365840596592343,0.14499664084807173,0.1866161312929922,374.04475409836027,376.39999999999998,433.10000000000002,1072.8,402,512,58752,59666,34909,6.2339726418800669,36675,6.5493410478945675,0,0,-0.01071975497702903,0.0050000000000001077,2026072001,2026072902,0-1219,CC-B-R23-S-Q7,STAGE11-2300,dense,TARGET_ERRORS_REACHED,5
R23,0.80000000000000004,0.80000000000000004,2.6469143081759876,0.65359477124183007,0.41588188555133548,Q7,7,2,0.031746031746031744,1419,2438,204,0.0057270378200610763,0.14376321353065538,0.0055047747075374033,0.0059582213558719349,0.12646947855267848,0.16298052043880729,369.34763918252247,372.5,418.80000000000001,1904.5999999999999,402,512,58752,59666,39052,5.9958146597453483,41051,6.3027293761447885,0,0,0.0091059602649007747,-0.0048780487804877962,2026072001,2026072902,0-1418,CC-B-R23-S-Q7,STAGE11-2300,dense,TARGET_ERRORS_REACHED,5
R23,0.90000000000000013,0.90000000000000013,2.7469143081759881,0.65359477124183007,0.40641525808204959,Q7,7,2,0.031746031746031744,1842,2181,201,0.0039467969598262756,0.10912052117263844,0.0037848971813452779,0.0041155934256242536,0.095687021236640538,0.12418097277839572,383.48604777415903,375.89999999999998,468.39999999999998,3261.5999999999999,402,512,58752,59666,48743,5.7651411390952809,51150,6.0498321659463636,0,0,-0.015349887133182869,0.0050000000000000018,2026072001,2026072902,0-1841,CC-B-R23-S-Q7,STAGE11-2300,dense,TARGET_ERRORS_REACHED,5
R23,1,1,2.8469143081759878,0.65359477124183007,0.39716411736214075,Q7,7,2,0.031746031746031744,2276,2060,202,0.003016988869361453,0.088752196836555358,0.0028896687682398929,0.0031499010297419768,0.077751021051644525,0.10113925100773827,367.12078207381415,373.60000000000002,417.19999999999999,1209.5999999999999,402,512,58752,59666,58374,5.5877183913987389,61312,5.8689517595751441,0,0,0.0078277886497064523,0.0099999999999999273,2026072001,2026072902,0-2275,CC-B-R23-S-Q7,STAGE11-2300,dense,TARGET_ERRORS_REACHED,5
R23,1.1000000000000001,1.1000000000000001,2.9469143081759879,0.65359477124183007,0.38812355831434586,Q7,7,2,0.031746031746031744,2884,2073,200,0.0023959778085991677,0.069348127600554782,0.0022951463453911494,0.0025012279423416058,0.060637720468434367,0.079204256516552399,372.78169209431252,374.10000000000002,423.69999999999999,2018.5999999999999,402,512,58752,59666,71443,5.3969915905952455,75188,5.6798987124515392,0,0,-0.03626220362622036,-0.029126213592232997,2026072001,2026072902,0-2883,CC-B-R23-S-Q7,STAGE11-2300,dense,TARGET_ERRORS_REACHED,5
R23,1.2000000000000002,1.2000000000000002,3.046914308175988,0.65359477124183007,0.37928878751459183,Q7,7,2,0.031746031746031744,3603,1962,201,0.0018151540383014155,0.055786844296419648,0.001736660243627914,0.00189718886317104,0.04875496229370186,0.063764942851613146,374.45750763252818,373.69999999999999,440.10000000000002,3780.3000000000002,402,512,58752,59666,85867,5.1921752449090777,90493,5.4718985691541242,0,0,0.034810126582278493,0.0049999999999999645,2026072001,2026072902,0-3602,CC-B-R23-S-Q7,STAGE11-2300,dense,TARGET_ERRORS_REACHED,5
R23,1.3,1.3,3.1469143081759876,0.65359477124183007,0.3706551206504588,Q7,7,2,0.031746031746031744,4622,1851,202,0.0013349199480744266,0.04370402423193423,0.0012755129271490384,0.0013970899807744289,0.038179495592799768,0.049986400807088681,371.07693639117321,374,427.69999999999999,1302.0999999999999,402,512,58752,59666,106275,5.009432014548211,112144,5.2860761593930325,0,0,0.022087244616234118,0.004975124378109581,2026072001,2026072902,0-4621,CC-B-R23-S-Q7,STAGE11-2300,dense,TARGET_ERRORS_REACHED,5
R23,1.4000000000000001,1.4000000000000001,3.2469143081759881,0.65359477124183007,0.36221798003749506,Q7,7,2,0.031746031746031744,5632,1811,206,0.0010718513257575758,0.036576704545454544,0.0010236336768628077,0.0011223376862764397,0.031981468702780777,0.04180369041837545,375.05470525568177,377.10000000000002,442.39999999999998,1502.8,402,512,58752,59666,124699,4.8237816275500096,131689,5.0941786121014063,0,0,0.011166945840312746,0.024875621890547192,2026072001,2026072902,0-5631,CC-B-R23-S-Q7,STAGE11-2300,dense,TARGET_ERRORS_REACHED,5
R23,1.5,1.5,3.3469143081759878,0.65359477124183007,0.35397289219206896,Q7,7,2,0.031746031746031744,6845,1709,205,0.00083223764304845389,0.029948867786705625,0.00079371980321401333,0.00087262305416764053,0.026167209627627232,0.034257821570562272,373.86721694667534,374.60000000000002,435.69999999999999,2279.5999999999999,402,512,58752,59666,145905,4.6439125930381895,154249,4.9094881845279303,0,0,0.016656751933373026,0.02499999999999996,2026072001,2026072902,0-6844,CC-B-R23-S-Q7,STAGE11-2300,dense,TARGET_ERRORS_REACHED,5
R23,1.6000000000000001,1.6000000000000001,3.4469143081759879,0.65359477124183007,0.34591548545946826,Q7,7,2,0.031746031746031744,9133,1692,209,0.00061754078616007885,0.022884046863024199,0.00058881691461731063,0.00064766496754133064,0.020011966225223839,0.026157321128826613,373.97697361217473,375.80000000000001,432.89999999999998,4402.6999999999998,402,512,58752,59666,186826,4.45667713172109,197714,4.7164070441004124,0,0,0.045089561457689893,0.039800995024875607,2026072001,2026072902,0-9132,CC-B-R23-S-Q7,STAGE11-2300,dense,TARGET_ERRORS_REACHED,5
R23,1.7000000000000002,1.7000000000000002,3.546914308175988,0.65359477124183007,0.33804148769599091,Q7,7,2,0.031746031746031744,11546,1491,200,0.00043045210462497834,0.017322016282695307,0.00040915470419633325,0.00045285757925998756,0.015097758520867222,0.019867349897333415,373.04721115537706,375.5,433.60000000000002,8347.2000000000007,402,512,58752,59666,226574,4.2752925024350832,239970,4.5280656289307109,0,0,-0.009302325581395432,-0.0049751243781093095,2026072001,2026072902,0-11545,CC-B-R23-S-Q7,STAGE11-2300,dense,TARGET_ERRORS_REACHED,5
R23,1.8000000000000003,1.8000000000000003,3.6469143081759881,0.65359477124183007,0.330346724003798,Q7,7,2,0.031746031746031744,14853,1519,200,0.00034089633968446332,0.013465293206759578,0.00032418143003273077,0.00035847276697184918,0.011733515629600191,0.015448672451226934,373.08770618730387,375.89999999999998,429,3832.5,402,512,58752,59666,278906,4.091014234340399,296010,4.3418969957874758,0,0,0.0026402640264027604,-0.0099009900990098959,2026072001,2026072902,0-14852,CC-B-R23-S-Q7,STAGE11-2300,dense,TARGET_ERRORS_REACHED,5
R23,1.9000000000000004,1.9000000000000004,3.7469143081759881,0.65359477124183007,0.32282711451732771,Q7,7,2,0.031746031746031744,18291,1548,201,0.00028210595374774479,0.01098901098901099,0.00026840023256999524,0.00029651134302021109,0.0095775562433213154,0.012605825872024721,375.19612924388747,376.60000000000002,435,4163,402,512,58752,59666,329130,3.9202822345930337,349468,4.1625290674163953,0,0,0.013752455795677729,-0.014705882352941069,2026072001,2026072902,0-18290,CC-B-R23-S-Q7,STAGE11-2300,dense,TARGET_ERRORS_REACHED,5
R23,2,2,3.8469143081759878,0.65359477124183007,0.31547867224009662,Q7,7,2,0.031746031746031744,26288,1500,205,0.0001902008520998174,0.0077982349360925136,0.00018081683364663196,0.00020007178418314508,0.0068044696183583841,0.008935829876025406,373.31273584905762,376,434.80000000000001,5216.8999999999996,402,512,58752,59666,452392,3.7492524567817251,481245,3.9883751228225108,0,0,0.012829169480080938,0.025000000000000019,2026072001,2026072902,0-26287,CC-B-R23-S-Q7,STAGE11-2300,dense,TARGET_ERRORS_REACHED,5
R23,2.5,2.5,4.3469143081759878,0.65359477124183007,0.28117066259517454,Q7,7,2,0.031746031746031744,50000,550,95,3.6666666666666666e-05,0.0019,3.3727739943996745e-05,3.986167179800321e-05,0.0015546628175772863,0.002321868528125963,386.77069200000233,379.30000000000001,560.20000000000005,41287.900000000001,402,512,58752,59666,679740,2.9618300653594769,727190,3.1685838779956428,0,0,0.082677165354330714,0.043956043956043953,2026072001,2026072902,0-49999,CC-B-R23-S-Q7,STAGE11-2300,coarse,MAX_FRAMES_REACHED,5
R23,3,3,4.8469143081759878,0.65359477124183007,0.25059361681363618,Q7,7,2,0.031746031746031744,50000,72,17,4.7999999999999998e-06,0.00034000000000000002,3.8119574338441312e-06,6.0441372967500079e-06,0.00021229975507718098,0.00054447127924140087,394.52771000000143,376.10000000000002,583.39999999999998,35311.699999999997,402,512,58752,59666,524825,2.2868191721132898,565445,2.4638126361655774,0,0,-0.052631578947368474,0,2026072001,2026072902,0-49999,CC-B-R23-S-Q7,STAGE11-2300,coarse,MAX_FRAMES_REACHED,5
R23,3.5,3.5,5.3469143081759878,0.65359477124183007,0.22334179607548157,Q7,7,2,0.031746031746031744,50000,11,2,7.3333333333333334e-07,4.0000000000000003e-05,4.0949584508113408e-07,1.3132676351034765e-06,1.0969511301390302e-05,0.00014584761698167861,387.69585599999442,378.80000000000001,572.29999999999995,26192.900000000001,402,512,58752,59666,393761,1.7157342047930284,427712,1.863668845315904,0,0,-0.26666666666666661,-0.33333333333333331,2026072001,2026072902,0-49999,CC-B-R23-S-Q7,STAGE11-2300,coarse,MAX_FRAMES_REACHED,5
R23,4,4,5.8469143081759878,0.65359477124183007,0.19905358527674863,Q7,7,2,0.031746031746031744,50000,0,0,0,0,0,2.5609718912715457e-07,0,7.6823274145000517e-05,403.12784400000118,387.5,601.10000000000002,32030.400000000001,402,512,58752,59666,286333,1.2476383442265795,313925,1.3678649237472766,0,0,0,0,2026072001,2026072902,0-49999,CC-B-R23-S-Q7,STAGE11-2300,coarse,MAX_FRAMES_REACHED,5
R23,4.5,4.5,6.3469143081759878,0.65359477124183007,0.17740669461678774,Q7,7,2,0.031746031746031744,50000,0,0,0,0,0,2.5609718912715457e-07,0,7.6823274145000517e-05,430.854334000005,393.19999999999999,666.5,45781.400000000001,402,512,58752,59666,201225,0.87679738562091503,222695,0.97034858387799561,0,0,0,0,2026072001,2026072902,0-49999,CC-B-R23-S-Q7,STAGE11-2300,coarse,MAX_FRAMES_REACHED,5
R23,5,5,6.8469143081759878,0.65359477124183007,0.15811388300841897,Q7,7,2,0.031746031746031744,50000,0,0,0,0,0,2.5609718912715457e-07,0,7.6823274145000517e-05,422.2900279999962,392,636.60000000000002,17873.299999999999,402,512,58752,59666,135828,0.59184313725490201,152310,0.66366013071895424,0,0,0,0,2026072001,2026072902,0-49999,CC-B-R23-S-Q7,STAGE11-2300,coarse,MAX_FRAMES_REACHED,5
R23,5.5,5.5,7.3469143081759878,0.65359477124183007,0.14091914656322269,Q7,7,2,0.031746031746031744,50000,0,0,0,0,0,2.5609718912715457e-07,0,7.6823274145000517e-05,428.67156199999897,392.60000000000002,655,36101,402,512,58752,59666,88267,0.38460566448801742,99785,0.4347930283224401,0,0,0,0,2026072001,2026072902,0-49999,CC-B-R23-S-Q7,STAGE11-2300,coarse,MAX_FRAMES_REACHED,5
R23,6,6,7.8469143081759878,0.65359477124183007,0.12559432157547901,Q7,7,2,0.031746031746031744,50000,0,0,0,0,0,2.5609718912715457e-07,0,7.6823274145000517e-05,438.13602399999945,394.69999999999999,684.10000000000002,36633.800000000003,402,512,58752,59666,54675,0.23823529411764705,62775,0.27352941176470591,0,0,0,0,2026072001,2026072902,0-49999,CC-B-R23-S-Q7,STAGE11-2300,coarse,MAX_FRAMES_REACHED,5
R23,6.5,6.5,8.3469143081759878,0.65359477124183007,0.11193605692841696,Q7,7,2,0.031746031746031744,50000,0,0,0,0,0,2.5609718912715457e-07,0,7.6823274145000517e-05,422.66140600000074,391.5,616.89999999999998,37768.099999999999,402,512,58752,59666,31858,0.13881481481481481,37389,0.16291503267973856,0,0,0,0,2026072001,2026072902,0-49999,CC-B-R23-S-Q7,STAGE11-2300,coarse,MAX_FRAMES_REACHED,5
R23,7,7,8.8469143081759878,0.65359477124183007,0.099763115748444001,Q7,7,2,0.031746031746031744,50000,0,0,0,0,0,2.5609718912715457e-07,0,7.6823274145000517e-05,434.91136200000085,393.39999999999998,666.79999999999995,48872.599999999999,402,512,58752,59666,17567,0.076544662309368197,20910,0.091111111111111115,0,0,0,0,2026072001,2026072902,0-49999,CC-B-R23-S-Q7,STAGE11-2300,coarse,MAX_FRAMES_REACHED,5
R23,7.5,7.5,9.3469143081759878,0.65359477124183007,0.088913970501946132,Q7,7,2,0.031746031746031744,50000,0,0,0,0,0,2.5609718912715457e-07,0,7.6823274145000517e-05,423.61101800000199,391.39999999999998,641.60000000000002,27340,402,512,58752,59666,9086,0.039590413943355121,10986,0.047869281045751631,0,0,0,0,2026072001,2026072902,0-49999,CC-B-R23-S-Q7,STAGE11-2300,coarse,MAX_FRAMES_REACHED,5
R23,8,8,9.8469143081759878,0.65359477124183007,0.079244659623055658,Q7,7,2,0.031746031746031744,50000,0,0,0,0,0,2.5609718912715457e-07,0,7.6823274145000517e-05,418.5689360000012,390.5,618.29999999999995,18446.5,402,512,58752,59666,4358,0.018989106753812636,5418,0.023607843137254902,0,0,0,0,2026072001,2026072902,0-49999,CC-B-R23-S-Q7,STAGE11-2300,coarse,MAX_FRAMES_REACHED,5
R23,8.5,8.5,10.346914308175988,0.65359477124183007,0.070626877231137725,Q7,7,2,0.031746031746031744,50000,0,0,0,0,0,2.5609718912715457e-07,0,7.6823274145000517e-05,433.41849400000001,393.80000000000001,723.10000000000002,42876,402,512,58752,59666,1864,0.0081220043572984742,2344,0.010213507625272331,0,0,0,0,2026072001,2026072902,0-49999,CC-B-R23-S-Q7,STAGE11-2300,coarse,MAX_FRAMES_REACHED,5
R23,9,9,10.846914308175988,0.65359477124183007,0.06294627058970835,Q7,7,2,0.031746031746031744,50000,0,0,0,0,0,2.5609718912715457e-07,0,7.6823274145000517e-05,419.68541799999878,390.69999999999999,643.39999999999998,19677,402,512,58752,59666,731,0.003185185185185185,962,0.0041917211328976033,0,0,0,0,2026072001,2026072902,0-49999,CC-B-R23-S-Q7,STAGE11-2300,coarse,MAX_FRAMES_REACHED,5
R23,9.5,9.5,11.346914308175988,0.65359477124183007,0.05610092271509818,Q7,7,2,0.031746031746031744,50000,0,0,0,0,0,2.5609718912715457e-07,0,7.6823274145000517e-05,426.6669060000022,391.30000000000001,693.89999999999998,25873.799999999999,402,512,58752,59666,288,0.0012549019607843138,380,0.0016557734204793028,0,0,0,0,2026072001,2026072902,0-49999,CC-B-R23-S-Q7,STAGE11-2300,coarse,MAX_FRAMES_REACHED,5
R23,10,10,11.846914308175988,0.65359477124183007,0.050000000000000003,Q7,7,2,0.031746031746031744,50000,0,0,0,0,0,2.5609718912715457e-07,0,7.6823274145000517e-05,439.38516999999598,392,748.29999999999995,49473.199999999997,402,512,58752,59666,94,0.00040958605664488017,130,0.00056644880174291934,0,0,0,0,2026072001,2026072902,0-49999,CC-B-R23-S-Q7,STAGE11-2300,coarse,MAX_FRAMES_REACHED,5
R23,-5,-5,-3.1530856918240122,0.65359477124183007,1.5811388300841895,Q8,8,2,0.015748031496062992,1000,142387,1000,0.47462333333333334,1,0.4728367814202028,0.476410535127609,0.99617324151444497,1,414.97799999999972,375.19999999999999,692.79999999999995,2667,459,512,58752,59723,101543,22.122657952069716,102466,22.323747276688454,0,0,-0.00056153354811985367,0,2026072001,2026072902,0-999,CC-B-R23-S-Q8,STAGE11-2300,coarse,TARGET_ERRORS_REACHED,5
R23,-4.5,-4.5,-2.6530856918240122,0.65359477124183007,1.4091914656322269,Q8,8,2,0.015748031496062992,1000,139722,1000,0.46573999999999999,1,0.46395546098567286,0.46752541639228706,0.99617324151444497,1,531.77309999999954,403.19999999999999,1140.5999999999999,5996.6999999999998,459,512,58752,59723,94086,20.498039215686273,95008,20.698910675381264,0,0,0.0025688126058379295,0,2026072001,2026072902,0-999,CC-B-R23-S-Q8,STAGE11-2300,coarse,TARGET_ERRORS_REACHED,5
R23,-4,-4,-2.1530856918240122,0.65359477124183007,1.2559432157547903,Q8,8,2,0.015748031496062992,1000,135862,1000,0.45287333333333335,1,0.45109271898730408,0.45465515456490435,0.99617324151444497,1,431.28569999999979,383.69999999999999,752.70000000000005,2404.3000000000002,459,512,58752,59723,86884,18.928976034858387,87757,19.119172113289761,0,0,0.0030565235367077969,0,2026072001,2026072902,0-999,CC-B-R23-S-Q8,STAGE11-2300,coarse,TARGET_ERRORS_REACHED,5
R23,-3.5,-3.5,-1.6530856918240122,0.65359477124183007,1.1193605692841697,Q8,8,2,0.015748031496062992,1000,130086,1000,0.43362000000000001,1,0.43184750454558846,0.43539419540622065,0.99617324151444497,1,372.55200000000042,364.80000000000001,622,3735.1999999999998,459,512,58752,59723,79824,17.390849673202613,80755,17.593681917211327,0,0,0.0014781283200148492,0,2026072001,2026072902,0-999,CC-B-R23-S-Q8,STAGE11-2300,coarse,TARGET_ERRORS_REACHED,5
R23,-3,-3,-1.1530856918240122,0.65359477124183007,0.99763115748443987,Q8,8,2,0.015748031496062992,1000,121370,1000,0.40456666666666669,1,0.40281159793348997,0.40632417939001597,0.99617324151444497,1,366.18900000000014,358.69999999999999,512.79999999999995,4713.8000000000002,459,512,58752,59723,73066,15.918518518518519,73954,16.111982570806099,0,0,0.00098969072164951282,0,2026072001,2026072902,0-999,CC-B-R23-S-Q8,STAGE11-2300,coarse,TARGET_ERRORS_REACHED,5
R23,-2.5,-2.5,-0.65308569182401222,0.65359477124183007,0.88913970501946138,Q8,8,2,0.015748031496062992,1000,108763,1000,0.36254333333333333,1,0.36082484881393478,0.36426533803515398,0.99617324151444497,1,446.11369999999977,387.19999999999999,764.39999999999998,7917.8999999999996,459,512,58752,59723,66241,14.431590413943356,67213,14.643355119825708,0,0,0.0011137497468749961,0,2026072001,2026072902,0-999,CC-B-R23-S-Q8,STAGE11-2300,coarse,TARGET_ERRORS_REACHED,5
R23,-2,-2,-0.15308569182401222,0.65359477124183007,0.79244659623055669,Q8,8,2,0.015748031496062992,1000,91038,998,0.30346000000000001,0.998,0.30181735357786271,0.30510767969313107,0.99273719213650791,0.99945135641187932,379.11700000000042,369.69999999999999,541,1441.5,459,512,58752,59723,59921,13.054684095860566,60743,13.233769063180828,0,0,0.00084651663899918479,0,2026072001,2026072902,0-999,CC-B-R23-S-Q8,STAGE11-2300,coarse,TARGET_ERRORS_REACHED,5
R23,-1.5,-1.5,0.34691430817598778,0.65359477124183007,0.70626877231137719,Q8,8,2,0.015748031496062992,1000,68739,992,0.22913,0.99199999999999999,0.22762957385020569,0.23063736296730772,0.98429366546901986,0.99594080418119402,405.51150000000007,369.69999999999999,672.29999999999995,10969.9,459,512,58752,59723,53640,11.686274509803921,54440,11.860566448801743,0,0,0.0014131289880831364,-0.0010070493454179263,2026072001,2026072902,0-999,CC-B-R23-S-Q8,STAGE11-2300,coarse,TARGET_ERRORS_REACHED,5
R23,-1,-1,0.84691430817598778,0.65359477124183007,0.62946270589708364,Q8,8,2,0.015748031496062992,1000,44053,925,0.14684333333333333,0.92500000000000004,0.14558128608152554,0.14811442471461395,0.90699906026074562,0.93974819502653273,435.33310000000023,368.80000000000001,625.70000000000005,39248.800000000003,459,512,58752,59723,47448,10.337254901960785,48276,10.517647058823529,0,0,-0.00092983172313698345,0.0010822510822510831,2026072001,2026072902,0-999,CC-B-R23-S-Q8,STAGE11-2300,coarse,TARGET_ERRORS_REACHED,5
R23,-0.5,-0.5,1.3469143081759878,0.65359477124183007,0.56100922715098167,Q8,8,2,0.015748031496062992,1000,23248,770,0.077493333333333331,0.77000000000000002,0.076541971190663929,0.078455515617195423,0.74291324413803073,0.7950203062797695,374.39929999999976,376.39999999999998,442.10000000000002,925.89999999999998,459,512,58752,59723,41568,9.0562091503267972,42380,9.2331154684095864,0,0,-0.0036002057260415199,-0.0025906735751295359,2026072001,2026072902,0-999,CC-B-R23-S-Q8,STAGE11-2300,dense,TARGET_ERRORS_REACHED,5
R23,-0.40000000000000002,-0.40000000000000002,1.4469143081759879,0.65359477124183007,0.54823909807159255,Q8,8,2,0.015748031496062992,1000,20421,724,0.068070000000000006,0.72399999999999998,0.067174245238315028,0.068976816228767224,0.69547670827173069,0.7508089039267406,368.6293,372.60000000000002,411.10000000000002,1051.9000000000001,459,512,58752,59723,40465,8.8159041394335507,41213,8.9788671023965136,0,0,0.0075985592342231881,0.005555555555555561,2026072001,2026072902,0-999,CC-B-R23-S-Q8,STAGE11-2300,dense,TARGET_ERRORS_REACHED,5
R23,-0.29999999999999999,-0.29999999999999999,1.5469143081759877,0.65359477124183007,0.53575965261880321,Q8,8,2,0.015748031496062992,1000,17214,665,0.05738,0.66500000000000004,0.056553437645983057,0.058217897585558967,0.63516405084039551,0.69357311885937145,366.63809999999978,369.5,404.39999999999998,3109.0999999999999,459,512,58752,59723,39284,8.5586056644880166,40088,8.7337690631808282,0,0,-0.0013343389220862561,-0.0015015015015015028,2026072001,2026072902,0-999,CC-B-R23-S-Q8,STAGE11-2300,dense,TARGET_ERRORS_REACHED,5
R23,-0.19999999999999996,-0.19999999999999996,1.6469143081759878,0.65359477124183007,0.52356427402544969,Q8,8,2,0.015748031496062992,1000,14544,607,0.048480000000000002,0.60699999999999998,0.047717204836808566,0.049254358318371619,0.57637390692464108,0.63680716675945004,362.47049999999996,366,426,1169.8,459,512,58752,59723,38201,8.3226579520697168,38937,8.4830065359477125,0,0,0.0017908802865409643,-0.0065466448445171913,2026072001,2026072902,0-999,CC-B-R23-S-Q8,STAGE11-2300,dense,TARGET_ERRORS_REACHED,5
R23,-0.099999999999999978,-0.099999999999999978,1.7469143081759877,0.65359477124183007,0.51164649614037705,Q8,8,2,0.015748031496062992,1000,11785,549,0.039283333333333337,0.54900000000000004,0.038594044859635704,0.039984420483303917,0.51803040419553759,0.57959457347287813,366.55820000000034,370.19999999999999,437.19999999999999,984.89999999999998,459,512,58752,59723,37101,8.0830065359477121,37882,8.2531590413943352,0,0,-0.0048974077514142549,-0.0036297640653357561,2026072001,2026072902,0-999,CC-B-R23-S-Q8,STAGE11-2300,dense,TARGET_ERRORS_REACHED,5
R23,0,0,1.8469143081759878,0.65359477124183007,0.5,Q8,8,2,0.015748031496062992,1000,9745,494,0.032483333333333336,0.49399999999999999,0.031854919206922148,0.033123720279920797,0.46309477946520772,0.52495114163661893,370.9173999999997,372,446.10000000000002,1916.3,459,512,58752,59723,36022,7.8479302832244011,36766,8.0100217864923753,0,0,-0.0064233278955952771,-0.0020202020202020219,2026072001,2026072902,0-999,CC-B-R23-S-Q8,STAGE11-2300,dense,TARGET_ERRORS_REACHED,5
R23,0.10000000000000009,0.10000000000000009,1.9469143081759879,0.65359477124183007,0.48861861047790534,Q8,8,2,0.015748031496062992,1000,8156,433,0.027186666666666668,0.433,0.026610750463213137,0.027774691334738803,0.4026038718810217,0.46390891375604265,360.71430000000015,368.69999999999999,411.19999999999999,690.5,459,512,58752,59723,34994,7.6239651416122003,35694,7.776470588235294,0,0,-0.0081478779034415295,0.0069767441860465176,2026072001,2026072902,0-999,CC-B-R23-S-Q8,STAGE11-2300,dense,TARGET_ERRORS_REACHED,5
R23,0.20000000000000007,0.20000000000000007,2.046914308175988,0.65359477124183007,0.47749629301071794,Q8,8,2,0.015748031496062992,1000,6616,377,0.022053333333333335,0.377,0.021533909592025242,0.022584997000834103,0.34748709340162898,0.40745428918581761,359.29019999999991,366.10000000000002,411.89999999999998,1367.5999999999999,459,512,58752,59723,33903,7.386274509803922,34627,7.5440087145969503,0,0,-0.0070538796337985621,0,2026072001,2026072902,0-999,CC-B-R23-S-Q8,STAGE11-2300,dense,TARGET_ERRORS_REACHED,5
R23,0.30000000000000004,0.30000000000000004,2.1469143081759876,0.65359477124183007,0.4666271503984955,Q8,8,2,0.015748031496062992,1000,5607,335,0.018689999999999998,0.33500000000000002,0.018211513758889186,0.019180812300243898,0.30642688114062866,0.3648359491596046,371.41620000000012,374.89999999999998,428.60000000000002,620.29999999999995,459,512,58752,59723,32832,7.1529411764705886,33531,7.3052287581699344,0,0,0.017050607654634436,0.0060060060060060112,2026072001,2026072902,0-999,CC-B-R23-S-Q8,STAGE11-2300,dense,TARGET_ERRORS_REACHED,5
R23,0.40000000000000002,0.40000000000000002,2.2469143081759877,0.65359477124183007,0.45600541967795483,Q8,8,2,0.015748031496062992,1000,4245,276,0.014149999999999999,0.27600000000000002,0.013733537591288968,0.014578904734508987,0.2491910960732594,0.30452329172826931,373.14099999999974,374,431.69999999999999,2125.6999999999998,459,512,58752,59723,31796,6.9272331154684093,32509,7.0825708061002182,0,0,-0.00094139797599439496,-0.010752688172043019,2026072001,2026072902,0-999,CC-B-R23-S-Q8,STAGE11-2300,dense,TARGET_ERRORS_REACHED,5
R23,0.5,0.5,2.3469143081759878,0.65359477124183007,0.44562546906687278,Q8,8,2,0.015748031496062992,1000,3398,230,0.011326666666666667,0.23000000000000001,0.010954201192768565,0.011711646770228464,0.20497969372023053,0.25708675586196927,363.40830000000005,369.69999999999999,415.10000000000002,647.5,459,512,58752,59723,30781,6.7061002178649236,31462,6.8544662309368194,0,0,0.0047309284447073375,-0.012875536480686706,2026072001,2026072902,0-999,CC-B-R23-S-Q8,STAGE11-2300,dense,TARGET_ERRORS_REACHED,5
R23,0.60000000000000009,0.60000000000000009,2.4469143081759879,0.65359477124183007,0.43548179497804029,Q8,8,2,0.015748031496062992,1011,2683,200,0.0088460270359380158,0.19782393669634027,0.0085189521609160788,0.0091855432157102457,0.17443221286997146,0.2235033023877338,373.23273986152321,371.10000000000002,432.39999999999998,2561.6999999999998,459,512,58752,59723,30099,6.4861684865175873,30787,6.6344286917976332,0,0,-0.017575979494690454,-0.0049751243781094379,2026072001,2026072902,0-1010,CC-B-R23-S-Q8,STAGE11-2300,dense,TARGET_ERRORS_REACHED,5
R23,0.70000000000000018,0.70000000000000018,2.546914308175988,0.65359477124183007,0.42556901910118822,Q8,8,2,0.015748031496062992,1220,2619,202,0.0071557377049180325,0.16557377049180327,0.0068877920480596129,0.0074340288320921518,0.14577251318586643,0.18747445755631958,371.73098360655746,375.80000000000001,425.89999999999998,929.39999999999998,459,512,58752,59723,34909,6.2339726418800669,35757,6.3854066216650596,0,0,0.0026799387442572879,0.010000000000000045,2026072001,2026072902,0-1219,CC-B-R23-S-Q8,STAGE11-2300,dense,TARGET_ERRORS_REACHED,5
R23,0.80000000000000004,0.80000000000000004,2.6469143081759876,0.65359477124183007,0.41588188555133548,Q8,8,2,0.015748031496062992,1419,2434,206,0.0057176415315950196,0.14517265680056377,0.0054955634277282662,0.0059486402283290829,0.12780135648424565,0.164459918475622,367.19464411557408,371.10000000000002,412.89999999999998,1647.7,459,512,58752,59723,39052,5.9958146597453483,40037,6.1470457731287649,0,0,0.0074503311258277954,0.0048780487804877962,2026072001,2026072902,0-1418,CC-B-R23-S-Q8,STAGE11-2300,dense,TARGET_ERRORS_REACHED,5
R23,0.90000000000000013,0.90000000000000013,2.7469143081759881,0.65359477124183007,0.40641525808204959,Q8,8,2,0.015748031496062992,1842,2246,203,0.0040644227289178426,0.11020629750271443,0.0039000872765385898,0.004235653233248868,0.096708890425678803,0.12532613693931566,377.90580890336645,375,471.60000000000002,2095.5,459,512,58752,59723,48743,5.7651411390952809,49914,5.9036426731387452,0,0,0.013995485327313716,0.014999999999999878,2026072001,2026072902,0-1841,CC-B-R23-S-Q8,STAGE11-2300,dense,TARGET_ERRORS_REACHED,5
R23,1,1,2.8469143081759878,0.65359477124183007,0.39716411736214075,Q8,8,2,0.015748031496062992,2276,2086,204,0.0030550673696543643,0.089630931458699478,0.0029269313884716934,0.0031887949816362224,0.078576463333163413,0.10206831669190446,367.5661687170475,372,417.80000000000001,4006,459,512,58752,59723,58374,5.5877183913987389,59808,5.7249847800866096,0,0,0.02054794520547935,0.020000000000000014,2026072001,2026072902,0-2275,CC-B-R23-S-Q8,STAGE11-2300,dense,TARGET_ERRORS_REACHED,5
R23,1.1000000000000001,1.1000000000000001,2.9469143081759879,0.65359477124183007,0.38812355831434586,Q8,8,2,0.015748031496062992,2884,2101,202,0.0024283402681460932,0.07004160887656033,0.0023268171122546237,0.0025342818071968005,0.061287674350480624,0.079939420223902283,371.14712205270428,372.30000000000001,429.60000000000002,2804.6999999999998,459,512,58752,59723,71443,5.3969915905952455,73283,5.5359900162869895,0,0,-0.023245002324500282,-0.019417475728155331,2026072001,2026072902,0-2883,CC-B-R23-S-Q8,STAGE11-2300,dense,TARGET_ERRORS_REACHED,5
R23,1.2000000000000002,1.2000000000000002,3.046914308175988,0.65359477124183007,0.37928878751459183,Q8,8,2,0.015748031496062992,3603,1925,202,0.0017809233046535294,0.056064390785456567,0.0017031883213012929,0.0018621995615092928,0.049014761270732503,0.064059645652061237,373.22003885650918,372.30000000000001,446.60000000000002,2476.1999999999998,459,512,58752,59723,85867,5.1921752449090777,88147,5.3300414747574791,0,0,0.015295358649789027,0.010000000000000054,2026072001,2026072902,0-3602,CC-B-R23-S-Q8,STAGE11-2300,dense,TARGET_ERRORS_REACHED,5
R23,1.3,1.3,3.1469143081759876,0.65359477124183007,0.3706551206504588,Q8,8,2,0.015748031496062992,4622,1808,200,0.001303908841771239,0.043271311120726956,0.001245210832097637,0.001365370035046309,0.037774972001255055,0.049526216856101271,369.66722198182566,372.5,424.10000000000002,3477.8000000000002,459,512,58752,59723,106275,5.009432014548211,109194,5.1470234711510452,0,0,-0.0016565433462175756,-0.0049751243781094214,2026072001,2026072902,0-4621,CC-B-R23-S-Q8,STAGE11-2300,dense,TARGET_ERRORS_REACHED,5
R23,1.4000000000000001,1.4000000000000001,3.2469143081759881,0.65359477124183007,0.36221798003749506,Q8,8,2,0.015748031496062992,5632,1782,200,0.0010546875000000001,0.03551136363636364,0.0010068659961478326,0.0011047777935231143,0.03098589227138477,0.040670037330509758,373.62223011363653,375.69999999999999,435.89999999999998,3934.4000000000001,459,512,58752,59723,124699,4.8237816275500096,128119,4.9560788646266589,0,0,-0.0050251256281406333,-0.0049751243781093997,2026072001,2026072902,0-5631,CC-B-R23-S-Q8,STAGE11-2300,dense,TARGET_ERRORS_REACHED,5
R23,1.5,1.5,3.3469143081759878,0.65359477124183007,0.35397289219206896,Q8,8,2,0.015748031496062992,6845,1716,201,0.00083564645726807887,0.029364499634769906,0.00079704801015226462,0.00087611246291500404,0.025621438025458361,0.033635512403435958,372.38260043827677,373.89999999999998,433.10000000000002,2551.5,459,512,58752,59723,145905,4.6439125930381895,149997,4.7741541223258235,0,0,0.020820939916716213,0.004999999999999968,2026072001,2026072902,0-6844,CC-B-R23-S-Q8,STAGE11-2300,dense,TARGET_ERRORS_REACHED,5
R23,1.6000000000000001,1.6000000000000001,3.4469143081759879,0.65359477124183007,0.34591548545946826,Q8,8,2,0.015748031496062992,9133,1633,200,0.00059600715354574986,0.021898609438300669,0.00056780026395478569,0.00062561441335728973,0.019092004629815185,0.025107236501902847,372.66634183729496,374.80000000000001,434.60000000000002,1657.3,459,512,58752,59723,186826,4.45667713172109,192218,4.5853016438031347,0,0,0.0086473131562692703,-0.0049751243781094318,2026072001,2026072902,0-9132,CC-B-R23-S-Q8,STAGE11-2300,dense,TARGET_ERRORS_REACHED,5
R23,1.7000000000000002,1.7000000000000002,3.546914308175988,0.65359477124183007,0.33804148769599091,Q8,8,2,0.015748031496062992,11546,1498,200,0.00043247300652462611,0.017322016282695307,0.00041112442454603734,0.00045492965822710148,0.015097758520867222,0.019867349897333415,371.11267105490964,374.10000000000002,431.69999999999999,1812.4000000000001,459,512,58752,59723,226574,4.2752925024350832,233101,4.3984524155910218,0,0,-0.0046511627906977784,-0.0049751243781093095,2026072001,2026072902,0-11545,CC-B-R23-S-Q8,STAGE11-2300,dense,TARGET_ERRORS_REACHED,5
R23,1.8000000000000003,1.8000000000000003,3.6469143081759881,0.65359477124183007,0.330346724003798,Q8,8,2,0.015748031496062992,14853,1561,206,0.00035032204492919499,0.013869252002962365,0.00033337193617823948,0.00036813365506390078,0.012110229363703907,0.015879667410337781,371.90948629906478,374.30000000000001,434,2693.9000000000001,459,512,58752,59723,278906,4.091014234340399,287304,4.2141967314540887,0,0,0.030363036303630388,0.019801980198019792,2026072001,2026072902,0-14852,CC-B-R23-S-Q8,STAGE11-2300,dense,TARGET_ERRORS_REACHED,5
R23,1.9000000000000004,1.9000000000000004,3.7469143081759881,0.65359477124183007,0.32282711451732771,Q8,8,2,0.015748031496062992,18291,1546,201,0.00028174147577132654,0.01098901098901099,0.00026804482940570861,0.00029613779074197632,0.0095775562433213154,0.012605825872024721,374.11607894593004,375.19999999999999,436.5,2643.1999999999998,459,512,58752,59723,329130,3.9202822345930337,339117,4.0392378408181742,0,0,0.012442698100851362,-0.014705882352941069,2026072001,2026072902,0-18290,CC-B-R23-S-Q8,STAGE11-2300,dense,TARGET_ERRORS_REACHED,5
R23,2,2,3.8469143081759878,0.65359477124183007,0.31547867224009662,Q8,8,2,0.015748031496062992,26288,1503,203,0.00019058125380401705,0.007722154595252587,0.00018118762048636327,0.00020046180038122655,0.0067335465608102749,0.008854614483847013,372.00201993304955,374.5,430.10000000000002,4868.6000000000004,459,512,58752,59723,452392,3.7492524567817251,466512,3.8662736346313733,0,0,0.014854827819041207,0.015000000000000057,2026072001,2026072902,0-26287,CC-B-R23-S-Q8,STAGE11-2300,dense,TARGET_ERRORS_REACHED,5
R23,2.5,2.5,4.3469143081759878,0.65359477124183007,0.28117066259517454,Q8,8,2,0.015748031496062992,50000,494,87,3.2933333333333332e-05,0.00174,3.0154442016450774e-05,3.5968304971074854e-05,0.0014109836555540416,0.0021455722735969347,388.18013199999905,378.30000000000001,562.29999999999995,69554.899999999994,459,512,58752,59723,679740,2.9618300653594769,703160,3.0638779956427014,0,0,-0.027559055118110239,-0.043956043956043953,2026072001,2026072902,0-49999,CC-B-R23-S-Q8,STAGE11-2300,coarse,MAX_FRAMES_REACHED,5
R23,3,3,4.8469143081759878,0.65359477124183007,0.25059361681363618,Q8,8,2,0.015748031496062992,50000,76,17,5.0666666666666667e-06,0.00034000000000000002,4.04843798139274e-06,6.3409899459495656e-06,0.00021229975507718098,0.00054447127924140087,396.69421200000113,375,590.10000000000002,63898,459,512,58752,59723,524825,2.2868191721132898,544625,2.3730936819172115,0,0,0,0,2026072001,2026072902,0-49999,CC-B-R23-S-Q8,STAGE11-2300,coarse,MAX_FRAMES_REACHED,5
R23,3.5,3.5,5.3469143081759878,0.65359477124183007,0.22334179607548157,Q8,8,2,0.015748031496062992,50000,15,3,9.9999999999999995e-07,6.0000000000000002e-05,6.0603942090465888e-07,1.6500572560281173e-06,2.0405619612978105e-05,0.00017640843573912503,387.43017399999769,378,571.89999999999998,22883.400000000001,459,512,58752,59723,393761,1.7157342047930284,410240,1.7875381263616559,0,0,0,0,2026072001,2026072902,0-49999,CC-B-R23-S-Q8,STAGE11-2300,coarse,MAX_FRAMES_REACHED,5
R23,4,4,5.8469143081759878,0.65359477124183007,0.19905358527674863,Q8,8,2,0.015748031496062992,50000,0,0,0,0,0,2.5609718912715457e-07,0,7.6823274145000517e-05,402.80753800000468,386.39999999999998,603.70000000000005,41190.199999999997,459,512,58752,59723,286333,1.2476383442265795,299924,1.3068583877995643,0,0,0,0,2026072001,2026072902,0-49999,CC-B-R23-S-Q8,STAGE11-2300,coarse,MAX_FRAMES_REACHED,5
R23,4.5,4.5,6.3469143081759878,0.65359477124183007,0.17740669461678774,Q8,8,2,0.015748031496062992,50000,0,0,0,0,0,2.5609718912715457e-07,0,7.6823274145000517e-05,430.0617719999974,392.10000000000002,660.39999999999998,57426,459,512,58752,59723,201225,0.87679738562091503,211695,0.92241830065359476,0,0,0,0,2026072001,2026072902,0-49999,CC-B-R23-S-Q8,STAGE11-2300,coarse,MAX_FRAMES_REACHED,5
R23,5,5,6.8469143081759878,0.65359477124183007,0.15811388300841897,Q8,8,2,0.015748031496062992,50000,0,0,0,0,0,2.5609718912715457e-07,0,7.6823274145000517e-05,423.00128399999625,390.60000000000002,635.5,33498.699999999997,459,512,58752,59723,135828,0.59184313725490201,143750,0.62636165577342051,0,0,0,0,2026072001,2026072902,0-49999,CC-B-R23-S-Q8,STAGE11-2300,coarse,MAX_FRAMES_REACHED,5
R23,5.5,5.5,7.3469143081759878,0.65359477124183007,0.14091914656322269,Q8,8,2,0.015748031496062992,50000,0,0,0,0,0,2.5609718912715457e-07,0,7.6823274145000517e-05,426.10757200000114,391.69999999999999,646.20000000000005,21244.099999999999,459,512,58752,59723,88267,0.38460566448801742,93753,0.4085098039215686,0,0,0,0,2026072001,2026072902,0-49999,CC-B-R23-S-Q8,STAGE11-2300,coarse,MAX_FRAMES_REACHED,5
R23,6,6,7.8469143081759878,0.65359477124183007,0.12559432157547901,Q8,8,2,0.015748031496062992,50000,0,0,0,0,0,2.5609718912715457e-07,0,7.6823274145000517e-05,438.85869800000006,393.80000000000001,702.70000000000005,26460.700000000001,459,512,58752,59723,54675,0.23823529411764705,58566,0.2551895424836601,0,0,0,0,2026072001,2026072902,0-49999,CC-B-R23-S-Q8,STAGE11-2300,coarse,MAX_FRAMES_REACHED,5
R23,6.5,6.5,8.3469143081759878,0.65359477124183007,0.11193605692841696,Q8,8,2,0.015748031496062992,50000,0,0,0,0,0,2.5609718912715457e-07,0,7.6823274145000517e-05,420.91369399999854,390.30000000000001,615.79999999999995,45935.5,459,512,58752,59723,31858,0.13881481481481481,34534,0.15047494553376906,0,0,0,0,2026072001,2026072902,0-49999,CC-B-R23-S-Q8,STAGE11-2300,coarse,MAX_FRAMES_REACHED,5
R23,7,7,8.8469143081759878,0.65359477124183007,0.099763115748444001,Q8,8,2,0.015748031496062992,50000,0,0,0,0,0,2.5609718912715457e-07,0,7.6823274145000517e-05,432.4316040000005,392.5,662.60000000000002,42690.699999999997,459,512,58752,59723,17567,0.076544662309368197,19145,0.083420479302832237,0,0,0,0,2026072001,2026072902,0-49999,CC-B-R23-S-Q8,STAGE11-2300,coarse,MAX_FRAMES_REACHED,5
R23,7.5,7.5,9.3469143081759878,0.65359477124183007,0.088913970501946132,Q8,8,2,0.015748031496062992,50000,0,0,0,0,0,2.5609718912715457e-07,0,7.6823274145000517e-05,423.7373359999977,390.5,627,50545.800000000003,459,512,58752,59723,9086,0.039590413943355121,10036,0.04372984749455338,0,0,0,0,2026072001,2026072902,0-49999,CC-B-R23-S-Q8,STAGE11-2300,coarse,MAX_FRAMES_REACHED,5
R23,8,8,9.8469143081759878,0.65359477124183007,0.079244659623055658,Q8,8,2,0.015748031496062992,50000,0,0,0,0,0,2.5609718912715457e-07,0,7.6823274145000517e-05,417.86998600000055,389.39999999999998,617.89999999999998,18706.700000000001,459,512,58752,59723,4358,0.018989106753812636,4859,0.021172113289760347,0,0,0,0,2026072001,2026072902,0-49999,CC-B-R23-S-Q8,STAGE11-2300,coarse,MAX_FRAMES_REACHED,5
R23,8.5,8.5,10.346914308175988,0.65359477124183007,0.070626877231137725,Q8,8,2,0.015748031496062992,50000,0,0,0,0,0,2.5609718912715457e-07,0,7.6823274145000517e-05,429.93587599999955,392.69999999999999,723.29999999999995,14284,459,512,58752,59723,1864,0.0081220043572984742,2070,0.0090196078431372551,0,0,0,0,2026072001,2026072902,0-49999,CC-B-R23-S-Q8,STAGE11-2300,coarse,MAX_FRAMES_REACHED,5
R23,9,9,10.846914308175988,0.65359477124183007,0.06294627058970835,Q8,8,2,0.015748031496062992,50000,0,0,0,0,0,2.5609718912715457e-07,0,7.6823274145000517e-05,419.59982200000002,389.80000000000001,648.60000000000002,30539.599999999999,459,512,58752,59723,731,0.003185185185185185,826,0.0035991285403050109,0,0,0,0,2026072001,2026072902,0-49999,CC-B-R23-S-Q8,STAGE11-2300,coarse,MAX_FRAMES_REACHED,5
R23,9.5,9.5,11.346914308175988,0.65359477124183007,0.05610092271509818,Q8,8,2,0.015748031496062992,50000,0,0,0,0,0,2.5609718912715457e-07,0,7.6823274145000517e-05,427.30572600000073,390.39999999999998,693.89999999999998,21237.700000000001,459,512,58752,59723,288,0.0012549019607843138,333,0.0014509803921568627,0,0,0,0,2026072001,2026072902,0-49999,CC-B-R23-S-Q8,STAGE11-2300,coarse,MAX_FRAMES_REACHED,5
R23,10,10,11.846914308175988,0.65359477124183007,0.050000000000000003,Q8,8,2,0.015748031496062992,50000,0,0,0,0,0,2.5609718912715457e-07,0,7.6823274145000517e-05,437.07719799999467,391,751.60000000000002,24618.299999999999,459,512,58752,59723,94,0.00040958605664488017,113,0.00049237472766884528,0,0,0,0,2026072001,2026072902,0-49999,CC-B-R23-S-Q8,STAGE11-2300,coarse,MAX_FRAMES_REACHED,5
R23,-5,-5,-3.1530856918240122,0.65359477124183007,1.5811388300841895,Float,0,0,0,1000,142467,1000,0.47488999999999998,1,0.47310339643545363,0.47667724661651878,0.99617324151444497,1,461.81829999999991,407.89999999999998,823.89999999999998,4145,3672,1024,58752,63448,0,0,0,0,0,0,0,0,2026072001,2026072902,0-999,CC-B-R23-S-Float,STAGE11-2300,coarse,TARGET_ERRORS_REACHED,5
R23,-4.5,-4.5,-2.6530856918240122,0.65359477124183007,1.4091914656322269,Float,0,0,0,1000,139364,1000,0.46454666666666666,1,0.4627624413436896,0.46633179992815144,0.99617324151444497,1,625.48050000000001,457.60000000000002,1205,22573.5,3672,1024,58752,63448,0,0,0,0,0,0,0,0,2026072001,2026072902,0-999,CC-B-R23-S-Float,STAGE11-2300,coarse,TARGET_ERRORS_REACHED,5
R23,-4,-4,-2.1530856918240122,0.65359477124183007,1.2559432157547903,Float,0,0,0,1000,135448,1000,0.45149333333333336,1,0.44971321107780665,0.45327469781537039,0.99617324151444497,1,486.9863000000002,427.89999999999998,880.5,3934.0999999999999,3672,1024,58752,63448,0,0,0,0,0,0,0,0,2026072001,2026072902,0-999,CC-B-R23-S-Float,STAGE11-2300,coarse,TARGET_ERRORS_REACHED,5
R23,-3.5,-3.5,-1.6530856918240122,0.65359477124183007,1.1193605692841697,Float,0,0,0,1000,129894,1000,0.43297999999999998,1,0.43120782099835758,0.43475389534346592,0.99617324151444497,1,418.62570000000045,398.60000000000002,639.89999999999998,4955.6000000000004,3672,1024,58752,63448,0,0,0,0,0,0,0,0,2026072001,2026072902,0-999,CC-B-R23-S-Float,STAGE11-2300,coarse,TARGET_ERRORS_REACHED,5
R23,-3,-3,-1.1530856918240122,0.65359477124183007,0.99763115748443987,Float,0,0,0,1000,121250,1000,0.40416666666666667,1,0.40241188196991767,0.4059239055973472,0.99617324151444497,1,416.55259999999998,397.10000000000002,595.89999999999998,10139.700000000001,3672,1024,58752,63448,0,0,0,0,0,0,0,0,2026072001,2026072902,0-999,CC-B-R23-S-Float,STAGE11-2300,coarse,TARGET_ERRORS_REACHED,5
R23,-2.5,-2.5,-0.65308569182401222,0.65359477124183007,0.88913970501946138,Float,0,0,0,1000,108642,1000,0.36214000000000002,1,0.36042193397085331,0.3638615965406925,0.99617324151444497,1,507.2639999999999,434,820.29999999999995,5035,3672,1024,58752,63448,0,0,0,0,0,0,0,0,2026072001,2026072902,0-999,CC-B-R23-S-Float,STAGE11-2300,coarse,TARGET_ERRORS_REACHED,5
R23,-2,-2,-0.15308569182401222,0.65359477124183007,0.79244659623055669,Float,0,0,0,1000,90961,998,0.30320333333333332,0.998,0.30156108312361146,0.30485062338712771,0.99273719213650791,0.99945135641187932,424.26179999999971,410.10000000000002,633.20000000000005,1285.7,3672,1024,58752,63448,0,0,0,0,0,0,0,0,2026072001,2026072902,0-999,CC-B-R23-S-Float,STAGE11-2300,coarse,TARGET_ERRORS_REACHED,5
R23,-1.5,-1.5,0.34691430817598778,0.65359477124183007,0.70626877231137719,Float,0,0,0,1000,68642,993,0.22880666666666666,0.99299999999999999,0.22730699097641702,0.23031328745480154,0.98562168453423338,0.99660513159900921,426.53560000000027,406.89999999999998,713.60000000000002,8689.2999999999993,3672,1024,58752,63448,0,0,0,0,0,0,0,0,2026072001,2026072902,0-999,CC-B-R23-S-Float,STAGE11-2300,coarse,TARGET_ERRORS_REACHED,5
R23,-1,-1,0.84691430817598778,0.65359477124183007,0.62946270589708364,Float,0,0,0,1000,44094,924,0.14698,0.92400000000000004,0.14571746324830656,0.14825157738121528,0.90590435687595172,0.93885055192829769,449.67410000000001,406.5,701.89999999999998,14160.200000000001,3672,1024,58752,63448,0,0,0,0,0,0,0,0,2026072001,2026072902,0-999,CC-B-R23-S-Float,STAGE11-2300,coarse,TARGET_ERRORS_REACHED,5
R23,-0.5,-0.5,1.3469143081759878,0.65359477124183007,0.56100922715098167,Float,0,0,0,1000,23332,772,0.077773333333333333,0.77200000000000002,0.07682038619654008,0.078737093440687966,0.74498501633205794,0.79693322705180014,421.53150000000016,420.89999999999998,517.70000000000005,1351.5999999999999,3672,1024,58752,63448,0,0,0,0,0,0,0,0,2026072001,2026072902,0-999,CC-B-R23-S-Float,STAGE11-2300,dense,TARGET_ERRORS_REACHED,5
R23,-0.40000000000000002,-0.40000000000000002,1.4469143081759879,0.65359477124183007,0.54823909807159255,Float,0,0,0,1000,20267,720,0.067556666666666668,0.71999999999999997,0.066664075907414619,0.06846033203915837,0.69136992707894906,0.74694629918740674,407.69439999999889,414.30000000000001,473.39999999999998,982.60000000000002,3672,1024,58752,63448,0,0,0,0,0,0,0,0,2026072001,2026072902,0-999,CC-B-R23-S-Float,STAGE11-2300,dense,TARGET_ERRORS_REACHED,5
R23,-0.29999999999999999,-0.29999999999999999,1.5469143081759877,0.65359477124183007,0.53575965261880321,Float,0,0,0,1000,17237,666,0.05745666666666667,0.66600000000000004,0.056629581434554939,0.058295085166933276,0.63618183505680004,0.69454768112599585,405.4519999999996,409,471.19999999999999,828.89999999999998,3672,1024,58752,63448,0,0,0,0,0,0,0,0,2026072001,2026072902,0-999,CC-B-R23-S-Float,STAGE11-2300,dense,TARGET_ERRORS_REACHED,5
R23,-0.19999999999999996,-0.19999999999999996,1.6469143081759878,0.65359477124183007,0.52356427402544969,Float,0,0,0,1000,14518,611,0.04839333333333333,0.61099999999999999,0.047631191556272753,0.049167040485055213,0.58041365558187674,0.64073680403433009,399.60369999999989,405,465.19999999999999,764.29999999999995,3672,1024,58752,63448,0,0,0,0,0,0,0,0,2026072001,2026072902,0-999,CC-B-R23-S-Float,STAGE11-2300,dense,TARGET_ERRORS_REACHED,5
R23,-0.099999999999999978,-0.099999999999999978,1.7469143081759877,0.65359477124183007,0.51164649614037705,Float,0,0,0,1000,11843,551,0.039476666666666667,0.55100000000000005,0.038785737393580211,0.040179389664875886,0.52003513736907281,0.58157453326540076,408.67270000000019,414.39999999999998,499,835.5,3672,1024,58752,63448,0,0,0,0,0,0,0,0,2026072001,2026072902,0-999,CC-B-R23-S-Float,STAGE11-2300,dense,TARGET_ERRORS_REACHED,5
R23,0,0,1.8469143081759878,0.65359477124183007,0.5,Float,0,0,0,1000,9808,495,0.032693333333333331,0.495,0.032062938443800371,0.033335695665069082,0.46409027480072468,0.52594799278413096,408.69539999999989,412.60000000000002,497.39999999999998,1055.3,3672,1024,58752,63448,0,0,0,0,0,0,0,0,2026072001,2026072902,0-999,CC-B-R23-S-Float,STAGE11-2300,dense,TARGET_ERRORS_REACHED,5
R23,0.10000000000000009,0.10000000000000009,1.9469143081759879,0.65359477124183007,0.48861861047790534,Float,0,0,0,1000,8223,430,0.02741,0.42999999999999999,0.026831762797847599,0.028000339947338884,0.3996409199186558,0.46089482626932188,399.62310000000025,408.39999999999998,464.89999999999998,742.70000000000005,3672,1024,58752,63448,0,0,0,0,0,0,0,0,2026072001,2026072902,0-999,CC-B-R23-S-Float,STAGE11-2300,dense,TARGET_ERRORS_REACHED,5
R23,0.20000000000000007,0.20000000000000007,2.046914308175988,0.65359477124183007,0.47749629301071794,Float,0,0,0,1000,6663,377,0.022210000000000001,0.377,0.021688753344219325,0.022743482569834404,0.34748709340162898,0.40745428918581761,396.8769999999999,404,467.80000000000001,2146.8000000000002,3672,1024,58752,63448,0,0,0,0,0,0,0,0,2026072001,2026072902,0-999,CC-B-R23-S-Float,STAGE11-2300,dense,TARGET_ERRORS_REACHED,5
R23,0.30000000000000004,0.30000000000000004,2.1469143081759876,0.65359477124183007,0.4666271503984955,Float,0,0,0,1000,5513,333,0.018376666666666666,0.33300000000000002,0.017902186704110045,0.018863480712634276,0.30447790334835623,0.36280023398581918,413.48930000000092,417.39999999999998,496.39999999999998,1163.9000000000001,3672,1024,58752,63448,0,0,0,0,0,0,0,0,2026072001,2026072902,0-999,CC-B-R23-S-Float,STAGE11-2300,dense,TARGET_ERRORS_REACHED,5
R23,0.40000000000000002,0.40000000000000002,2.2469143081759877,0.65359477124183007,0.45600541967795483,Float,0,0,0,1000,4249,279,0.014163333333333333,0.27900000000000003,0.013746674561284289,0.014592434089721698,0.25208779328296549,0.30760363396764989,411.71410000000003,413,481.89999999999998,1303.0999999999999,3672,1024,58752,63448,0,0,0,0,0,0,0,0,2026072001,2026072902,0-999,CC-B-R23-S-Float,STAGE11-2300,dense,TARGET_ERRORS_REACHED,5
R23,0.5,0.5,2.3469143081759878,0.65359477124183007,0.44562546906687278,Float,0,0,0,1000,3382,233,0.011273333333333333,0.23300000000000001,0.010901750788111394,0.011657431874053503,0.20785061925196213,0.26019286977932438,407.88389999999964,411.30000000000001,482.39999999999998,899.89999999999998,3672,1024,58752,63448,0,0,0,0,0,0,0,0,2026072001,2026072902,0-999,CC-B-R23-S-Float,STAGE11-2300,dense,TARGET_ERRORS_REACHED,5
R23,0.60000000000000009,0.60000000000000009,2.4469143081759879,0.65359477124183007,0.43548179497804029,Float,0,0,0,1011,2731,201,0.0090042861852950868,0.19881305637982197,0.008674269027996815,0.0093467406385186885,0.175371769265944,0.22453449716931378,406.07121661721078,408.80000000000001,478.39999999999998,991.5,3672,1024,58752,63448,0,0,0,0,0,0,0,0,2026072001,2026072902,0-1010,CC-B-R23-S-Float,STAGE11-2300,dense,TARGET_ERRORS_REACHED,5
R23,0.70000000000000018,0.70000000000000018,2.546914308175988,0.65359477124183007,0.42556901910118822,Float,0,0,0,1220,2612,200,0.0071366120218579231,0.16393442622950818,0.0068690290410274024,0.0074145408744782024,0.14422095157279691,0.1857576219671449,415.01918032786813,416.89999999999998,490.60000000000002,921.39999999999998,3672,1024,58752,63448,0,0,0,0,0,0,0,0,2026072001,2026072902,0-1219,CC-B-R23-S-Float,STAGE11-2300,dense,TARGET_ERRORS_REACHED,5
R23,0.80000000000000004,0.80000000000000004,2.6469143081759876,0.65359477124183007,0.41588188555133548,Float,0,0,0,1419,2416,205,0.0056753582334977681,0.14446793516560957,0.0054541145872177947,0.0059055232357556123,0.12713534378991093,0.16372029318576581,405.67646229739228,411.5,465.39999999999998,868.29999999999995,3672,1024,58752,63448,0,0,0,0,0,0,0,0,2026072001,2026072902,0-1418,CC-B-R23-S-Float,STAGE11-2300,dense,TARGET_ERRORS_REACHED,5
R23,0.90000000000000013,0.90000000000000013,2.7469143081759881,0.65359477124183007,0.40641525808204959,Float,0,0,0,1842,2215,200,0.0040083242851972492,0.10857763300760044,0.0038451459518499707,0.0041783984504397071,0.095176251476354903,0.12360822586370225,424.39131378935969,415.89999999999998,547.79999999999995,3230.9000000000001,3672,1024,58752,63448,0,0,0,0,0,0,0,0,2026072001,2026072902,0-1841,CC-B-R23-S-Float,STAGE11-2300,dense,TARGET_ERRORS_REACHED,5
R23,1,1,2.8469143081759878,0.65359477124183007,0.39716411736214075,Float,0,0,0,2276,2044,200,0.0029935559461042767,0.087873462214411252,0.0028667405076462861,0.0031259637074887866,0.076925920919574675,0.10020984317412304,405.01366432337437,411.10000000000002,483.5,947.79999999999995,3672,1024,58752,63448,0,0,0,0,0,0,0,0,2026072001,2026072902,0-2275,CC-B-R23-S-Float,STAGE11-2300,dense,TARGET_ERRORS_REACHED,5
R23,1.1000000000000001,1.1000000000000001,2.9469143081759879,0.65359477124183007,0.38812355831434586,Float,0,0,0,2884,2151,206,0.002486130374479889,0.071428571428571425,0.0023833834959968514,0.002593295122952196,0.062588364432566782,0.081408965320608442,414.61262135922499,414.69999999999999,488.19999999999999,3033.9000000000001,3672,1024,58752,63448,0,0,0,0,0,0,0,0,2026072001,2026072902,0-2883,CC-B-R23-S-Float,STAGE11-2300,dense,TARGET_ERRORS_REACHED,5
R23,1.2000000000000002,1.2000000000000002,3.046914308175988,0.65359477124183007,0.37928878751459183,Float,0,0,0,3603,1896,200,0.0017540938107132944,0.055509297807382736,0.0016769587075963666,0.0018347703780341468,0.04849521493924476,0.063470188428591534,415.50163752428517,414.30000000000001,511.60000000000002,3388.5999999999999,3672,1024,58752,63448,0,0,0,0,0,0,0,0,2026072001,2026072902,0-3602,CC-B-R23-S-Float,STAGE11-2300,dense,TARGET_ERRORS_REACHED,5
R23,1.3,1.3,3.1469143081759876,0.65359477124183007,0.3706551206504588,Float,0,0,0,4622,1811,201,0.0013060724073272753,0.043487667676330589,0.0012473246590894295,0.001367583327178669,0.037977214061196682,0.049756328567425706,409.63013846819575,413.39999999999998,482.30000000000001,1481,3672,1024,58752,63448,0,0,0,0,0,0,0,0,2026072001,2026072902,0-4621,CC-B-R23-S-Float,STAGE11-2300,dense,TARGET_ERRORS_REACHED,5
R23,1.4000000000000001,1.4000000000000001,3.2469143081759881,0.65359477124183007,0.36221798003749506,Float,0,0,0,5632,1791,201,0.0010600142045454545,0.035688920454545456,0.0010120694155516413,0.0011102277589887782,0.031151742420741032,0.040859058767697111,415.83860085227246,416.10000000000002,496.69999999999999,1937.8,3672,1024,58752,63448,0,0,0,0,0,0,0,0,2026072001,2026072902,0-5631,CC-B-R23-S-Float,STAGE11-2300,dense,TARGET_ERRORS_REACHED,5
R23,1.5,1.5,3.3469143081759878,0.65359477124183007,0.35397289219206896,Float,0,0,0,6845,1681,200,0.00081860238616995374,0.029218407596785977,0.0007804086413213566,0.00085866375331783787,0.025485059851107592,0.033479870385462934,413.95747260774186,414.80000000000001,493.89999999999998,2768.4000000000001,3672,1024,58752,63448,0,0,0,0,0,0,0,0,2026072001,2026072902,0-6844,CC-B-R23-S-Float,STAGE11-2300,dense,TARGET_ERRORS_REACHED,5
R23,1.6000000000000001,1.6000000000000001,3.4469143081759879,0.65359477124183007,0.34591548545946826,Float,0,0,0,9133,1619,201,0.00059089747801014639,0.022008102485492172,0.00056281462833687593,0.00062038071223194651,0.019194146565134254,0.025223988591287376,414.37109383554258,416.30000000000001,493.39999999999998,1627.5999999999999,3672,1024,58752,63448,0,0,0,0,0,0,0,0,2026072001,2026072902,0-9132,CC-B-R23-S-Float,STAGE11-2300,dense,TARGET_ERRORS_REACHED,5
R23,1.7000000000000002,1.7000000000000002,3.546914308175988,0.65359477124183007,0.33804148769599091,Float,0,0,0,11546,1505,201,0.00043449390842427394,0.017408626364108781,0.00041309426441302601,0.00045700161767693094,0.015178519007737427,0.01995975196054069,413.89465615797633,416.10000000000002,494.80000000000001,2601.8000000000002,3672,1024,58752,63448,0,0,0,0,0,0,0,0,2026072001,2026072902,0-11545,CC-B-R23-S-Float,STAGE11-2300,dense,TARGET_ERRORS_REACHED,5
R23,1.8000000000000003,1.8000000000000003,3.6469143081759881,0.65359477124183007,0.330346724003798,Float,0,0,0,14853,1515,202,0.00033999865347067931,0.013599946138827174,0.00032330631244553216,0.00035755251367928007,0.011859040516987968,0.01559238379491068,413.46113243115656,415.30000000000001,491,2713.0999999999999,3672,1024,58752,63448,0,0,0,0,0,0,0,0,2026072001,2026072902,0-14852,CC-B-R23-S-Float,STAGE11-2300,dense,TARGET_ERRORS_REACHED,5
R23,1.9000000000000004,1.9000000000000004,3.7469143081759881,0.65359477124183007,0.32282711451732771,Float,0,0,0,18291,1527,204,0.00027827893499535292,0.011153026078399212,0.00026466879387845654,0.00029258874956527512,0.0097304590416584652,0.012780884374336453,416.45713192280493,416.89999999999998,498.10000000000002,5465.6000000000004,3672,1024,58752,63448,0,0,0,0,0,0,0,0,2026072001,2026072902,0-18290,CC-B-R23-S-Float,STAGE11-2300,dense,TARGET_ERRORS_REACHED,5
R23,2,2,3.8469143081759878,0.65359477124183007,0.31547867224009662,Float,0,0,0,26288,1481,200,0.00018779164130655306,0.0076080340839926961,0.000178468741565484,0.00019760145702481233,0.0066272106462532043,0.0087327427238143279,414.23307973219852,416.80000000000001,491.30000000000001,1949,3672,1024,58752,63448,0,0,0,0,0,0,0,0,2026072001,2026072902,0-26287,CC-B-R23-S-Float,STAGE11-2300,dense,TARGET_ERRORS_REACHED,5
R23,2.5,2.5,4.3469143081759878,0.65359477124183007,0.28117066259517454,Float,0,0,0,50000,508,91,3.3866666666666665e-05,0.00182,3.1046951742607929e-05,3.6942461433536278e-05,0.0014827340421340669,0.0022338095952930456,431.07043399999611,420.60000000000002,643.20000000000005,16448,3672,1024,58752,63448,0,0,0,0,0,0,0,0,2026072001,2026072902,0-49999,CC-B-R23-S-Float,STAGE11-2300,coarse,MAX_FRAMES_REACHED,5
R23,3,3,4.8469143081759878,0.65359477124183007,0.25059361681363618,Float,0,0,0,50000,76,17,5.0666666666666667e-06,0.00034000000000000002,4.04843798139274e-06,6.3409899459495656e-06,0.00021229975507718098,0.00054447127924140087,440.2953260000051,414.10000000000002,671.79999999999995,60815.400000000001,3672,1024,58752,63448,0,0,0,0,0,0,0,0,2026072001,2026072902,0-49999,CC-B-R23-S-Float,STAGE11-2300,coarse,MAX_FRAMES_REACHED,5
R23,3.5,3.5,5.3469143081759878,0.65359477124183007,0.22334179607548157,Float,0,0,0,50000,15,3,9.9999999999999995e-07,6.0000000000000002e-05,6.0603942090465888e-07,1.6500572560281173e-06,2.0405619612978105e-05,0.00017640843573912503,433.02281600000327,418.69999999999999,643.20000000000005,67795.100000000006,3672,1024,58752,63448,0,0,0,0,0,0,0,0,2026072001,2026072902,0-49999,CC-B-R23-S-Float,STAGE11-2300,coarse,MAX_FRAMES_REACHED,5
R23,4,4,5.8469143081759878,0.65359477124183007,0.19905358527674863,Float,0,0,0,50000,0,0,0,0,0,2.5609718912715457e-07,0,7.6823274145000517e-05,450.4270779999992,434.5,676.20000000000005,64775,3672,1024,58752,63448,0,0,0,0,0,0,0,0,2026072001,2026072902,0-49999,CC-B-R23-S-Float,STAGE11-2300,coarse,MAX_FRAMES_REACHED,5
R23,4.5,4.5,6.3469143081759878,0.65359477124183007,0.17740669461678774,Float,0,0,0,50000,0,0,0,0,0,2.5609718912715457e-07,0,7.6823274145000517e-05,487.35834999999946,443.19999999999999,763.10000000000002,67524.300000000003,3672,1024,58752,63448,0,0,0,0,0,0,0,0,2026072001,2026072902,0-49999,CC-B-R23-S-Float,STAGE11-2300,coarse,MAX_FRAMES_REACHED,5
R23,5,5,6.8469143081759878,0.65359477124183007,0.15811388300841897,Float,0,0,0,50000,0,0,0,0,0,2.5609718912715457e-07,0,7.6823274145000517e-05,475.90509199999741,440.5,730.29999999999995,59656.599999999999,3672,1024,58752,63448,0,0,0,0,0,0,0,0,2026072001,2026072902,0-49999,CC-B-R23-S-Float,STAGE11-2300,coarse,MAX_FRAMES_REACHED,5
R23,5.5,5.5,7.3469143081759878,0.65359477124183007,0.14091914656322269,Float,0,0,0,50000,0,0,0,0,0,2.5609718912715457e-07,0,7.6823274145000517e-05,484.36522800000375,442.5,748,43209.5,3672,1024,58752,63448,0,0,0,0,0,0,0,0,2026072001,2026072902,0-49999,CC-B-R23-S-Float,STAGE11-2300,coarse,MAX_FRAMES_REACHED,5
R23,6,6,7.8469143081759878,0.65359477124183007,0.12559432157547901,Float,0,0,0,50000,0,0,0,0,0,2.5609718912715457e-07,0,7.6823274145000517e-05,493.80307200000351,446.10000000000002,794.20000000000005,33752.5,3672,1024,58752,63448,0,0,0,0,0,0,0,0,2026072001,2026072902,0-49999,CC-B-R23-S-Float,STAGE11-2300,coarse,MAX_FRAMES_REACHED,5
R23,6.5,6.5,8.3469143081759878,0.65359477124183007,0.11193605692841696,Float,0,0,0,50000,0,0,0,0,0,2.5609718912715457e-07,0,7.6823274145000517e-05,478.92795600000062,442.10000000000002,711.70000000000005,40680.699999999997,3672,1024,58752,63448,0,0,0,0,0,0,0,0,2026072001,2026072902,0-49999,CC-B-R23-S-Float,STAGE11-2300,coarse,MAX_FRAMES_REACHED,5
R23,7,7,8.8469143081759878,0.65359477124183007,0.099763115748444001,Float,0,0,0,50000,0,0,0,0,0,2.5609718912715457e-07,0,7.6823274145000517e-05,488.92782599999987,444,772,56019.400000000001,3672,1024,58752,63448,0,0,0,0,0,0,0,0,2026072001,2026072902,0-49999,CC-B-R23-S-Float,STAGE11-2300,coarse,MAX_FRAMES_REACHED,5
R23,7.5,7.5,9.3469143081759878,0.65359477124183007,0.088913970501946132,Float,0,0,0,50000,0,0,0,0,0,2.5609718912715457e-07,0,7.6823274145000517e-05,478.39408800000007,442.69999999999999,731.5,32192.200000000001,3672,1024,58752,63448,0,0,0,0,0,0,0,0,2026072001,2026072902,0-49999,CC-B-R23-S-Float,STAGE11-2300,coarse,MAX_FRAMES_REACHED,5
R23,8,8,9.8469143081759878,0.65359477124183007,0.079244659623055658,Float,0,0,0,50000,0,0,0,0,0,2.5609718912715457e-07,0,7.6823274145000517e-05,474.38672200000008,441,702.5,99705.100000000006,3672,1024,58752,63448,0,0,0,0,0,0,0,0,2026072001,2026072902,0-49999,CC-B-R23-S-Float,STAGE11-2300,coarse,MAX_FRAMES_REACHED,5
R23,8.5,8.5,10.346914308175988,0.65359477124183007,0.070626877231137725,Float,0,0,0,50000,0,0,0,0,0,2.5609718912715457e-07,0,7.6823274145000517e-05,495.1462380000043,446.5,817.79999999999995,50396.699999999997,3672,1024,58752,63448,0,0,0,0,0,0,0,0,2026072001,2026072902,0-49999,CC-B-R23-S-Float,STAGE11-2300,coarse,MAX_FRAMES_REACHED,5
R23,9,9,10.846914308175988,0.65359477124183007,0.06294627058970835,Float,0,0,0,50000,0,0,0,0,0,2.5609718912715457e-07,0,7.6823274145000517e-05,475.28112200000101,441.10000000000002,751.5,40660.699999999997,3672,1024,58752,63448,0,0,0,0,0,0,0,0,2026072001,2026072902,0-49999,CC-B-R23-S-Float,STAGE11-2300,coarse,MAX_FRAMES_REACHED,5
R23,9.5,9.5,11.346914308175988,0.65359477124183007,0.05610092271509818,Float,0,0,0,50000,0,0,0,0,0,2.5609718912715457e-07,0,7.6823274145000517e-05,485.25440800000285,444.30000000000001,802.20000000000005,26222.900000000001,3672,1024,58752,63448,0,0,0,0,0,0,0,0,2026072001,2026072902,0-49999,CC-B-R23-S-Float,STAGE11-2300,coarse,MAX_FRAMES_REACHED,5
R23,10,10,11.846914308175988,0.65359477124183007,0.050000000000000003,Float,0,0,0,50000,0,0,0,0,0,2.5609718912715457e-07,0,7.6823274145000517e-05,497.07444199999509,446.89999999999998,841.89999999999998,56339.900000000001,3672,1024,58752,63448,0,0,0,0,0,0,0,0,2026072001,2026072902,0-49999,CC-B-R23-S-Float,STAGE11-2300,coarse,MAX_FRAMES_REACHED,5
R34,-5,-5,-3.6646109162978253,0.73529411764705888,1.5811388300841895,Q3,3,1.5,0.5,1000,145140,1000,0.48380000000000001,1,0.48201196408825248,0.48558845078398777,0.99617324151444497,1,439.35020000000003,409.10000000000002,712.10000000000002,1624.4000000000001,153,512,58752,59417,150848,36.97254901960784,187317,45.911029411764709,0,0,0.0025280782460939096,0,2026072001,2026072902,0-999,CC-B-R34-S-Q3,STAGE11-3400,coarse,TARGET_ERRORS_REACHED,5
R34,-4.5,-4.5,-3.1646109162978253,0.73529411764705888,1.4091914656322269,Q3,3,1.5,0.5,1000,143987,1000,0.47995666666666664,1,0.47816917874180703,0.48174466788921771,0.99617324151444497,1,464.61470000000003,419.60000000000002,798,1701.5999999999999,153,512,58752,59417,144881,35.510049019607841,182281,44.676715686274513,0,0,0.0037014833816640513,0,2026072001,2026072902,0-999,CC-B-R34-S-Q3,STAGE11-3400,coarse,TARGET_ERRORS_REACHED,5
R34,-4,-4,-2.6646109162978253,0.73529411764705888,1.2559432157547903,Q3,3,1.5,0.5,1000,142180,1000,0.47393333333333332,1,0.4721469174395489,0.47572041677874716,0.99617324151444497,1,434.5383999999994,406.39999999999998,660.39999999999998,1928.3,153,512,58752,59417,139327,34.148774509803921,177611,43.532107843137254,0,0,0.00090107847830364391,0,2026072001,2026072902,0-999,CC-B-R34-S-Q3,STAGE11-3400,coarse,TARGET_ERRORS_REACHED,5
R34,-3.5,-3.5,-2.1646109162978253,0.73529411764705888,1.1193605692841697,Q3,3,1.5,0.5,1000,139848,1000,0.46616000000000002,1,0.4643753530224457,0.46794551359956726,0.99617324151444497,1,452.04079999999965,414.89999999999998,812.5,2975.4000000000001,153,512,58752,59417,133914,32.82205882352941,173146,42.437745098039215,0,0,0.0015827884291720008,0,2026072001,2026072902,0-999,CC-B-R34-S-Q3,STAGE11-3400,coarse,TARGET_ERRORS_REACHED,5
R34,-3,-3,-1.6646109162978253,0.73529411764705888,0.99763115748443987,Q3,3,1.5,0.5,1000,137530,1000,0.45843333333333336,1,0.45665087618925698,0.46021685497470105,0.99617324151444497,1,448.46620000000001,411.30000000000001,747.89999999999998,2080.8000000000002,153,512,58752,59417,128652,31.53235294117647,169075,41.439950980392155,0,0,0.0098614405192860213,0,2026072001,2026072902,0-999,CC-B-R34-S-Q3,STAGE11-3400,coarse,TARGET_ERRORS_REACHED,5
R34,-2.5,-2.5,-1.1646109162978253,0.73529411764705888,0.88913970501946138,Q3,3,1.5,0.5,1000,132333,1000,0.44111,1,0.43933402444506159,0.44288748369235992,0.99617324151444497,1,453.20850000000019,414.60000000000002,722.5,2557.1999999999998,153,512,58752,59417,123638,30.303431372549021,165203,40.490931372549021,0,0,0.00904328730356007,0,2026072001,2026072902,0-999,CC-B-R34-S-Q3,STAGE11-3400,coarse,TARGET_ERRORS_REACHED,5
R34,-2,-2,-0.66461091629782532,0.73529411764705888,0.79244659623055669,Q3,3,1.5,0.5,1000,125853,1000,0.41950999999999999,1,0.41774518277436429,0.42127687852604417,0.99617324151444497,1,480.50019999999984,412.69999999999999,775.89999999999998,20634.200000000001,153,512,58752,59417,118628,29.07549019607843,161621,39.612990196078428,0,0,0.016033326067475637,0,2026072001,2026072902,0-999,CC-B-R34-S-Q3,STAGE11-3400,coarse,TARGET_ERRORS_REACHED,5
R34,-1.5,-1.5,-0.16461091629782532,0.73529411764705888,0.70626877231137719,Q3,3,1.5,0.5,1000,115374,1000,0.38457999999999998,1,0.3828406173427476,0.38632233849391723,0.99617324151444497,1,427.83820000000026,410.10000000000002,749.89999999999998,2118.1999999999998,153,512,58752,59417,113612,27.84607843137255,158202,38.774999999999999,0,0,0.029160162347798939,0,2026072001,2026072902,0-999,CC-B-R34-S-Q3,STAGE11-3400,coarse,TARGET_ERRORS_REACHED,5
R34,-1,-1,0.33538908370217468,0.73529411764705888,0.62946270589708364,Q3,3,1.5,0.5,1000,102057,999,0.34018999999999999,0.999,0.3384967125300743,0.34188738010774755,0.99435744140204207,0.99982345362937386,469.65229999999968,417.80000000000001,756.70000000000005,6049.3000000000002,153,512,58752,59417,108560,26.607843137254903,154868,37.957843137254905,0,0,0.067084200290670318,0.0030120481927710871,2026072001,2026072902,0-999,CC-B-R34-S-Q3,STAGE11-3400,coarse,TARGET_ERRORS_REACHED,5
R34,-0.5,-0.5,0.83538908370217468,0.73529411764705888,0.56100922715098167,Q3,3,1.5,0.5,1000,82329,991,0.27443000000000001,0.99099999999999999,0.27283612394152179,0.2760296527702828,0.98298418383466202,0.99525793933252293,460.46909999999974,418.69999999999999,823.60000000000002,1862,153,512,58752,59417,103440,25.352941176470587,151581,37.152205882352938,0,0,0.13438326719576724,0.0060913705583756396,2026072001,2026072902,0-999,CC-B-R34-S-Q3,STAGE11-3400,coarse,TARGET_ERRORS_REACHED,5
R34,0,0,1.3353890837021747,0.73529411764705888,0.5,Q3,3,1.5,0.5,1000,57435,961,0.19145000000000001,0.96099999999999997,0.19004606479602995,0.19286183698358303,0.94713068958049862,0.97134103909581959,592.7147999999994,425.19999999999999,1016.6,46100.099999999999,153,512,58752,59417,98165,24.060049019607842,148237,36.332598039215689,0,0,0.21782367160001706,0.05604395604395597,2026072001,2026072902,0-999,CC-B-R34-S-Q3,STAGE11-3400,coarse,TARGET_ERRORS_REACHED,5
R34,0.5,0.5,1.8353890837021747,0.73529411764705888,0.44562546906687278,Q3,3,1.5,0.5,1000,34357,833,0.11452333333333334,0.83299999999999996,0.11338874306359494,0.11566779542827328,0.80861794035333023,0.85483343849529003,461.77940000000012,415.80000000000001,741.89999999999998,20859.900000000001,153,512,58752,59417,92833,22.753186274509805,144870,35.507352941176471,0,0,0.41959342203123717,0.17821782178217824,2026072001,2026072902,0-999,CC-B-R34-S-Q3,STAGE11-3400,coarse,TARGET_ERRORS_REACHED,5
R34,1,1,2.3353890837021747,0.73529411764705888,0.39716411736214075,Q3,3,1.5,0.5,1000,16035,596,0.053449999999999998,0.59599999999999997,0.05265081914440644,0.054260616732067939,0.56527547099158959,0.62598979137918376,460.95540000000028,419.5,738.10000000000002,3474.4000000000001,153,512,58752,59417,87421,21.426715686274509,141434,34.665196078431372,0,0,0.55694727643460529,0.2928416485900216,2026072001,2026072902,0-999,CC-B-R34-S-Q3,STAGE11-3400,coarse,TARGET_ERRORS_REACHED,5
R34,1.5,1.5,2.8353890837021747,0.73529411764705888,0.35397289219206896,Q3,3,1.5,0.5,1000,6971,369,0.023236666666666666,0.36899999999999999,0.022703640711828232,0.023781902243244009,0.33964716115877136,0.39935544956444402,454.9045999999999,421.19999999999999,767.70000000000005,1510.7,153,512,58752,59417,81876,20.067647058823528,137829,33.781617647058823,0,0,0.94720670391061434,0.66216216216216217,2026072001,2026072902,0-999,CC-B-R34-S-Q3,STAGE11-3400,coarse,TARGET_ERRORS_REACHED,5
R34,2,2,3.3353890837021747,0.73529411764705888,0.31547867224009662,Q3,3,1.5,0.5,2558,6339,444,0.0082603596559812347,0.17357310398749023,0.0080603018588010032,0.008465340539226018,0.15938828686809176,0.18873686964773734,455.4191946833464,419.19999999999999,766.89999999999998,2304.5,153,512,58752,59417,194269,18.614132517745176,341610,32.731798739824313,0,0,1.6724283305227652,1.2200000000000002,2026072001,2026072902,0-2557,CC-B-R34-S-Q3,STAGE11-3400,coarse,TARGET_ERRORS_REACHED,5
R34,2.5,2.5,3.8353890837021747,0.73529411764705888,0.28117066259517454,Q3,3,1.5,0.5,7888,5273,490,0.0022282792427315754,0.062119675456389453,0.0021690054349113707,0.0022891691479683708,0.057003217266438061,0.067662421793132352,470.72373225152063,424.5,842.70000000000005,37641,153,512,58752,59417,556535,17.292803911625501,1025103,31.852273744183272,0,0,2.058584686774942,1.3902439024390243,2026072001,2026072902,0-7887,CC-B-R34-S-Q3,STAGE11-3400,coarse,TARGET_ERRORS_REACHED,5
R34,3,3,4.3353890837021751,0.73529411764705888,0.25059361681363618,Q3,3,1.5,0.5,28925,5098,590,0.00058749639873235374,0.020397579948141745,0.00057159371771368917,0.00060384125127918499,0.018831112826111409,0.022091419813360363,482.84194295591919,425.19999999999999,823.5,27758.700000000001,153,512,58752,59417,1876290,15.898876404494382,3644481,30.881768264782146,0,0,2.3941411451398134,1.9353233830845769,2026072001,2026072902,0-28924,CC-B-R34-S-Q3,STAGE11-3400,coarse,TARGET_ERRORS_REACHED,5
R34,3.5,3.5,4.8353890837021751,0.73529411764705888,0.22334179607548157,Q3,3,1.5,0.5,50000,2264,310,0.00015093333333333333,0.0061999999999999998,0.00014484329254756459,0.00015727939400102438,0.0055488850425084012,0.0069269856230372,477.77156999999335,425.19999999999999,809.39999999999998,49979.099999999999,153,512,58752,59417,2959907,14.509348039215686,6088397,29.845083333333335,0,0,3.4743083003952573,2.8271604938271606,2026072001,2026072902,0-49999,CC-B-R34-S-Q3,STAGE11-3400,coarse,MAX_FRAMES_REACHED,5
R34,4,4,5.3353890837021751,0.73529411764705888,0.19905358527674863,Q3,3,1.5,0.5,50000,543,82,3.6199999999999999e-05,0.00164,3.3280618001669275e-05,3.9375460646021383e-05,0.0013215653972976492,0.0020350058965081558,466.46611399999512,423.19999999999999,728.89999999999998,48437.400000000001,153,512,58752,59417,2677818,13.126558823529411,5868088,28.765137254901962,0,0,5.9615384615384617,4.4666666666666668,2026072001,2026072902,0-49999,CC-B-R34-S-Q3,STAGE11-3400,coarse,MAX_FRAMES_REACHED,5
R34,4.5,4.5,5.8353890837021751,0.73529411764705888,0.17740669461678774,Q3,3,1.5,0.5,50000,166,21,1.1066666666666667e-05,0.00042000000000000002,9.506368096509955e-06,1.2883056757666081e-05,0.00027473515097850034,0.00064202359161621828,423.45777999999893,409.89999999999998,536.20000000000005,28860.799999999999,153,512,58752,59417,2400793,11.768593137254902,5639437,27.644299019607843,0,0,15.6,9.5,2026072001,2026072902,0-49999,CC-B-R34-S-Q3,STAGE11-3400,coarse,MAX_FRAMES_REACHED,5
R34,5,5,6.3353890837021751,0.73529411764705888,0.15811388300841897,Q3,3,1.5,0.5,50000,35,6,2.3333333333333332e-06,0.00012,1.6778285221655583e-06,3.2449341385080466e-06,5.4998199932506631e-05,0.00026180663662669906,412.29960000000233,406.39999999999998,502.60000000000002,19747,153,512,58752,59417,2128511,10.433877450980392,5402148,26.481117647058824,0,0,1,1,2026072001,2026072902,0-49999,CC-B-R34-S-Q3,STAGE11-3400,coarse,MAX_FRAMES_REACHED,5
R34,5.5,5.5,6.8353890837021751,0.73529411764705888,0.14091914656322269,Q3,3,1.5,0.5,50000,2,1,1.3333333333333334e-07,2.0000000000000002e-05,3.6564809978675663e-08,4.8619897752256183e-07,3.530499822832098e-06,0.00011328970139120264,411.86916000000008,406.30000000000001,498.19999999999999,15320.299999999999,153,512,58752,59417,1865672,9.1454509803921571,5156290,25.275931372549021,0,0,1,1,2026072001,2026072902,0-49999,CC-B-R34-S-Q3,STAGE11-3400,coarse,MAX_FRAMES_REACHED,5
R34,6,6,7.3353890837021751,0.73529411764705888,0.12559432157547901,Q3,3,1.5,0.5,50000,0,0,0,0,0,2.5609718912715457e-07,0,7.6823274145000517e-05,399.32619799999804,402,463,3025.5,153,512,58752,59417,1614447,7.9139558823529415,4902711,24.032897058823529,0,0,0,0,2026072001,2026072902,0-49999,CC-B-R34-S-Q3,STAGE11-3400,coarse,MAX_FRAMES_REACHED,5
R34,6.5,6.5,7.8353890837021751,0.73529411764705888,0.11193605692841696,Q3,3,1.5,0.5,50000,0,0,0,0,0,2.5609718912715457e-07,0,7.6823274145000517e-05,398.346146000001,401.60000000000002,459.30000000000001,8186.3999999999996,153,512,58752,59417,1376823,6.7491323529411762,4641166,22.750813725490197,0,0,0,0,2026072001,2026072902,0-49999,CC-B-R34-S-Q3,STAGE11-3400,coarse,MAX_FRAMES_REACHED,5
R34,7,7,8.3353890837021751,0.73529411764705888,0.099763115748444001,Q3,3,1.5,0.5,50000,0,0,0,0,0,2.5609718912715457e-07,0,7.6823274145000517e-05,398.29683000000023,401.30000000000001,457.89999999999998,4038.4000000000001,153,512,58752,59417,1156907,5.6711127450980392,4373375,21.438112745098039,0,0,0,0,2026072001,2026072902,0-49999,CC-B-R34-S-Q3,STAGE11-3400,coarse,MAX_FRAMES_REACHED,5
R34,7.5,7.5,8.8353890837021751,0.73529411764705888,0.088913970501946132,Q3,3,1.5,0.5,50000,0,0,0,0,0,2.5609718912715457e-07,0,7.6823274145000517e-05,397.80469399999475,401.10000000000002,457.89999999999998,2542,153,512,58752,59417,954977,4.6812598039215683,4099781,20.096965686274508,0,0,0,0,2026072001,2026072902,0-49999,CC-B-R34-S-Q3,STAGE11-3400,coarse,MAX_FRAMES_REACHED,5
R34,8,8,9.3353890837021751,0.73529411764705888,0.079244659623055658,Q3,3,1.5,0.5,50000,0,0,0,0,0,2.5609718912715457e-07,0,7.6823274145000517e-05,396.00951399999974,399.80000000000001,455,6755.5,153,512,58752,59417,772605,3.7872794117647057,3822282,18.736676470588236,0,0,0,0,2026072001,2026072902,0-49999,CC-B-R34-S-Q3,STAGE11-3400,coarse,MAX_FRAMES_REACHED,5
R34,8.5,8.5,9.8353890837021751,0.73529411764705888,0.070626877231137725,Q3,3,1.5,0.5,50000,0,0,0,0,0,2.5609718912715457e-07,0,7.6823274145000517e-05,401.57611399999917,401.30000000000001,467.39999999999998,9043.7999999999993,153,512,58752,59417,611317,2.9966519607843138,3540017,17.353024509803923,0,0,0,0,2026072001,2026072902,0-49999,CC-B-R34-S-Q3,STAGE11-3400,coarse,MAX_FRAMES_REACHED,5
R34,9,9,10.335389083702175,0.73529411764705888,0.06294627058970835,Q3,3,1.5,0.5,50000,0,0,0,0,0,2.5609718912715457e-07,0,7.6823274145000517e-05,400.0323360000001,399.60000000000002,468.60000000000002,12478.9,153,512,58752,59417,471825,2.3128676470588236,3255721,15.959416666666666,0,0,0,0,2026072001,2026072902,0-49999,CC-B-R34-S-Q3,STAGE11-3400,coarse,MAX_FRAMES_REACHED,5
R34,9.5,9.5,10.835389083702175,0.73529411764705888,0.05610092271509818,Q3,3,1.5,0.5,50000,0,0,0,0,0,2.5609718912715457e-07,0,7.6823274145000517e-05,398.739516000001,398.89999999999998,464.10000000000002,7438.8000000000002,153,512,58752,59417,354467,1.7375833333333333,2971653,14.566926470588236,0,0,0,0,2026072001,2026072902,0-49999,CC-B-R34-S-Q3,STAGE11-3400,coarse,MAX_FRAMES_REACHED,5
R34,10,10,11.335389083702175,0.73529411764705888,0.050000000000000003,Q3,3,1.5,0.5,50000,0,0,0,0,0,2.5609718912715457e-07,0,7.6823274145000517e-05,384.13297399999959,389.60000000000002,455,6980.1999999999998,153,512,58752,59417,258181,1.2655931372549019,2689300,13.182843137254903,0,0,0,0,2026072001,2026072902,0-49999,CC-B-R34-S-Q3,STAGE11-3400,coarse,MAX_FRAMES_REACHED,5
R34,-5,-5,-3.6646109162978253,0.73529411764705888,1.5811388300841895,Q4,4,1.5,0.21428571428571427,1000,144316,1000,0.48105333333333333,1,0.47926567824397753,0.48284147363540803,0.99617324151444497,1,421.42750000000029,393.89999999999998,664.10000000000002,1647,204,512,58752,59468,150848,36.97254901960784,165997,40.685539215686276,0,0,-0.0031635514664235488,0,2026072001,2026072902,0-999,CC-B-R34-S-Q4,STAGE11-3400,coarse,TARGET_ERRORS_REACHED,5
R34,-4.5,-4.5,-3.1646109162978253,0.73529411764705888,1.4091914656322269,Q4,4,1.5,0.21428571428571427,1000,143884,1000,0.47961333333333334,1,0.47782589951593574,0.4814012892409823,0.99617324151444497,1,449.98199999999969,403.10000000000002,786.29999999999995,1959,204,512,58752,59468,144881,35.510049019607841,160486,39.334803921568628,0,0,0.0029834931965202305,0,2026072001,2026072902,0-999,CC-B-R34-S-Q4,STAGE11-3400,coarse,TARGET_ERRORS_REACHED,5
R34,-4,-4,-2.6646109162978253,0.73529411764705888,1.2559432157547903,Q4,4,1.5,0.21428571428571427,1000,142644,1000,0.47548000000000001,1,0.47369328397210314,0.47726734397032472,0.99617324151444497,1,417.0959000000002,390.5,648.10000000000002,1574.7,204,512,58752,59468,139327,34.148774509803921,155171,38.032107843137254,0,0,0.0041674879621546902,0,2026072001,2026072902,0-999,CC-B-R34-S-Q4,STAGE11-3400,coarse,TARGET_ERRORS_REACHED,5
R34,-3.5,-3.5,-2.1646109162978253,0.73529411764705888,1.1193605692841697,Q4,4,1.5,0.21428571428571427,1000,139702,1000,0.46567333333333333,1,0.46388881157293976,0.46745873417898004,0.99617324151444497,1,434.60879999999992,398,823.10000000000002,2428.6999999999998,204,512,58752,59468,133914,32.82205882352941,150075,36.783088235294116,0,0,0.00053714539451532822,0,2026072001,2026072902,0-999,CC-B-R34-S-Q4,STAGE11-3400,coarse,TARGET_ERRORS_REACHED,5
R34,-3,-3,-1.6646109162978253,0.73529411764705888,0.99763115748443987,Q4,4,1.5,0.21428571428571427,1000,136423,1000,0.45474333333333333,1,0.4529620742073045,0.45652575145533048,0.99617324151444497,1,427.18500000000012,392.30000000000001,668.5,2312.3000000000002,204,512,58752,59468,128652,31.53235294117647,145296,35.611764705882351,0,0,0.001732911364520823,0,2026072001,2026072902,0-999,CC-B-R34-S-Q4,STAGE11-3400,coarse,TARGET_ERRORS_REACHED,5
R34,-2.5,-2.5,-1.1646109162978253,0.73529411764705888,0.88913970501946138,Q4,4,1.5,0.21428571428571427,1000,130740,1000,0.43580000000000002,1,0.4340264492117667,0.43757519491155583,0.99617324151444497,1,437.8975999999995,396.39999999999998,753.10000000000002,2075.6999999999998,204,512,58752,59468,123638,30.303431372549021,140617,34.46495098039216,0,0,-0.0031033878014746948,0,2026072001,2026072902,0-999,CC-B-R34-S-Q4,STAGE11-3400,coarse,TARGET_ERRORS_REACHED,5
R34,-2,-2,-0.66461091629782532,0.73529411764705888,0.79244659623055669,Q4,4,1.5,0.21428571428571427,1000,124180,1000,0.41393333333333332,1,0.41217195830708397,0.41569691247506479,0.99617324151444497,1,478.23869999999971,395.5,781.39999999999998,26466.700000000001,204,512,58752,59468,118628,29.07549019607843,136163,33.373284313725492,0,0,0.0025269038565558398,0,2026072001,2026072902,0-999,CC-B-R34-S-Q4,STAGE11-3400,coarse,TARGET_ERRORS_REACHED,5
R34,-1.5,-1.5,-0.16461091629782532,0.73529411764705888,0.70626877231137719,Q4,4,1.5,0.21428571428571427,1000,113519,1000,0.37839666666666666,1,0.37666276149069661,0.38013368603074299,0.99617324151444497,1,403.82630000000017,393.19999999999999,684.20000000000005,1814.5999999999999,204,512,58752,59468,113612,27.84607843137255,131805,32.305147058823529,0,0,0.012613175148298508,0,2026072001,2026072902,0-999,CC-B-R34-S-Q4,STAGE11-3400,coarse,TARGET_ERRORS_REACHED,5
R34,-1,-1,0.33538908370217468,0.73529411764705888,0.62946270589708364,Q4,4,1.5,0.21428571428571427,1000,96531,996,0.32177,0.996,0.3201006282999348,0.32344393606298993,0.98976044372273775,0.99844341185959162,458.91419999999999,399.5,837.39999999999998,3039.5,204,512,58752,59468,108560,26.607843137254903,127481,31.245343137254903,0,0,0.0093056325216173182,0,2026072001,2026072902,0-999,CC-B-R34-S-Q4,STAGE11-3400,coarse,TARGET_ERRORS_REACHED,5
R34,-0.5,-0.5,0.83538908370217468,0.73529411764705888,0.56100922715098167,Q4,4,1.5,0.21428571428571427,1000,73818,986,0.24606,0.98599999999999999,0.24452199643496597,0.24760450681544693,0.97663796588246443,0.9916424248695761,445.6175999999989,401.10000000000002,776.5,2758.3000000000002,204,512,58752,59468,103440,25.352941176470587,123114,30.175000000000001,0,0,0.017113095238095257,0.00101522842639594,2026072001,2026072902,0-999,CC-B-R34-S-Q4,STAGE11-3400,coarse,TARGET_ERRORS_REACHED,5
R34,0,0,1.3353890837021747,0.73529411764705888,0.5,Q4,4,1.5,0.21428571428571427,1000,49620,926,0.16539999999999999,0.92600000000000005,0.16407476749461442,0.16673380140980459,0.90809459435441409,0.94064500741589296,499.48219999999986,408.19999999999999,906.20000000000005,4421.8999999999996,204,512,58752,59468,98165,24.060049019607842,118571,29.061519607843138,0,0,0.052118230779016984,0.017582417582417596,2026072001,2026072902,0-999,CC-B-R34-S-Q4,STAGE11-3400,coarse,TARGET_ERRORS_REACHED,5
R34,0.5,0.5,1.8353890837021747,0.73529411764705888,0.44562546906687278,Q4,4,1.5,0.21428571428571427,1000,26169,739,0.087230000000000002,0.73899999999999999,0.086225557747596077,0.08824501304342916,0.71090199370607687,0.76526881573782768,407.85410000000036,400.19999999999999,651.20000000000005,3149.5,204,512,58752,59468,92833,22.753186274509805,113919,27.921323529411765,0,0,0.081274274853317938,0.045261669024045305,2026072001,2026072902,0-999,CC-B-R34-S-Q4,STAGE11-3400,coarse,TARGET_ERRORS_REACHED,5
R34,1,1,2.3353890837021747,0.73529411764705888,0.39716411736214075,Q4,4,1.5,0.21428571428571427,1000,10958,498,0.036526666666666666,0.498,0.035861286035692594,0.037203916570486259,0.46707750038234924,0.52893780665159307,446.29370000000017,401.19999999999999,785.89999999999998,4535.5,204,512,58752,59468,87421,21.426715686274509,109167,26.756617647058825,0,0,0.063986794834449939,0.080260303687635523,2026072001,2026072902,0-999,CC-B-R34-S-Q4,STAGE11-3400,coarse,TARGET_ERRORS_REACHED,5
R34,1.5,1.5,2.8353890837021747,0.73529411764705888,0.35397289219206896,Q4,4,1.5,0.21428571428571427,1000,4043,251,0.013476666666666666,0.251,0.013070249058348379,0.013895543844443923,0.22511381079019804,0.27879191493560834,440.54340000000042,403.69999999999999,709.10000000000002,2344.1999999999998,204,512,58752,59468,81876,20.067647058823528,104265,25.555147058823529,0,0,0.12932960893854739,0.13063063063063063,2026072001,2026072902,0-999,CC-B-R34-S-Q4,STAGE11-3400,coarse,TARGET_ERRORS_REACHED,5
R34,2,2,3.3353890837021747,0.73529411764705888,0.31547867224009662,Q4,4,1.5,0.21428571428571427,2558,2849,234,0.0037125358352879854,0.091477716966379991,0.0035789270340158838,0.0038511132534833261,0.080910074204195187,0.10327051089645323,439.63221266614522,402.69999999999999,709.39999999999998,3646.8000000000002,204,512,58752,59468,194269,18.614132517745176,251936,24.13956982323813,0,0,0.20109612141652608,0.17000000000000012,2026072001,2026072902,0-2557,CC-B-R34-S-Q4,STAGE11-3400,coarse,TARGET_ERRORS_REACHED,5
R34,2.5,2.5,3.8353890837021747,0.73529411764705888,0.28117066259517454,Q4,4,1.5,0.21428571428571427,7888,1999,225,0.00084474306964164977,0.028524340770791076,0.00080852909459243219,0.00088257763398423919,0.02507399786235057,0.032433677778223355,447.19442190669383,407.39999999999998,780.89999999999998,7266.6999999999998,204,512,58752,59468,556535,17.292803911625501,737623,22.919618531996978,0,0,0.15951276102088166,0.097560975609756101,2026072001,2026072902,0-7887,CC-B-R34-S-Q4,STAGE11-3400,coarse,TARGET_ERRORS_REACHED,5
R34,3,3,4.3353890837021751,0.73529411764705888,0.25059361681363618,Q4,4,1.5,0.21428571428571427,28925,1969,248,0.00022690867185249207,0.00857389801210026,0.00021710610862257492,0.0002371537258689545,0.0075747184021982931,0.0097035904969742827,465.54702852203923,408.5,798.39999999999998,33771.400000000001,204,512,58752,59468,1876290,15.898876404494382,2552248,21.626654464724524,0,0,0.31091877496671105,0.23383084577114432,2026072001,2026072902,0-28924,CC-B-R34-S-Q4,STAGE11-3400,coarse,TARGET_ERRORS_REACHED,5
R34,3.5,3.5,4.8353890837021751,0.73529411764705888,0.22334179607548157,Q4,4,1.5,0.21428571428571427,50000,739,110,4.9266666666666667e-05,0.0022000000000000001,4.5840433877987508e-05,5.2948971410363283e-05,0.0018258085379165001,0.0026506767138222624,460.67375600000025,408,780.29999999999995,64188.599999999999,204,512,58752,59468,2959907,14.509348039215686,4140536,20.296745098039217,0,0,0.46047430830039537,0.35802469135802484,2026072001,2026072902,0-49999,CC-B-R34-S-Q4,STAGE11-3400,coarse,MAX_FRAMES_REACHED,5
R34,4,4,5.3353890837021751,0.73529411764705888,0.19905358527674863,Q4,4,1.5,0.21428571428571427,50000,136,21,9.0666666666666674e-06,0.00042000000000000002,7.6655554445521034e-06,1.0723870434012691e-05,0.00027473515097850034,0.00064202359161621828,447.10148800000235,406.60000000000002,701.70000000000005,38746.699999999997,204,512,58752,59468,2677818,13.126558823529411,3863848,18.940431372549021,0,0,0.74358974358974361,0.40000000000000019,2026072001,2026072902,0-49999,CC-B-R34-S-Q4,STAGE11-3400,coarse,MAX_FRAMES_REACHED,5
R34,4.5,4.5,5.8353890837021751,0.73529411764705888,0.17740669461678774,Q4,4,1.5,0.21428571428571427,50000,14,3,9.3333333333333333e-07,6.0000000000000002e-05,5.5599055177941132e-07,1.5667728259663231e-06,2.0405619612978105e-05,0.00017640843573912503,408.21501200000108,394.60000000000002,516.39999999999998,16005.700000000001,204,512,58752,59468,2400793,11.768593137254902,3581892,17.558294117647058,0,0,0.39999999999999991,0.49999999999999989,2026072001,2026072902,0-49999,CC-B-R34-S-Q4,STAGE11-3400,coarse,MAX_FRAMES_REACHED,5
R34,5,5,6.3353890837021751,0.73529411764705888,0.15811388300841897,Q4,4,1.5,0.21428571428571427,50000,2,1,1.3333333333333334e-07,2.0000000000000002e-05,3.6564809978675663e-08,4.8619897752256183e-07,3.530499822832098e-06,0.00011328970139120264,395.91687000000468,391.10000000000002,482.19999999999999,9009,204,512,58752,59468,2128511,10.433877450980392,3297982,16.16657843137255,0,0,1,1,2026072001,2026072902,0-49999,CC-B-R34-S-Q4,STAGE11-3400,coarse,MAX_FRAMES_REACHED,5
R34,5.5,5.5,6.8353890837021751,0.73529411764705888,0.14091914656322269,Q4,4,1.5,0.21428571428571427,50000,0,0,0,0,0,2.5609718912715457e-07,0,7.6823274145000517e-05,395.07108799999776,391.19999999999999,479.5,9327.2999999999993,204,512,58752,59468,1865672,9.1454509803921571,3013412,14.771627450980391,0,0,0,0,2026072001,2026072902,0-49999,CC-B-R34-S-Q4,STAGE11-3400,coarse,MAX_FRAMES_REACHED,5
R34,6,6,7.3353890837021751,0.73529411764705888,0.12559432157547901,Q4,4,1.5,0.21428571428571427,50000,0,0,0,0,0,2.5609718912715457e-07,0,7.6823274145000517e-05,384.16715599999606,386.89999999999998,444.89999999999998,3947.5999999999999,204,512,58752,59468,1614447,7.9139558823529415,2730940,13.386960784313725,0,0,0,0,2026072001,2026072902,0-49999,CC-B-R34-S-Q4,STAGE11-3400,coarse,MAX_FRAMES_REACHED,5
R34,6.5,6.5,7.8353890837021751,0.73529411764705888,0.11193605692841696,Q4,4,1.5,0.21428571428571427,50000,0,0,0,0,0,2.5609718912715457e-07,0,7.6823274145000517e-05,383.0159720000014,386.5,441.30000000000001,7950.8999999999996,204,512,58752,59468,1376823,6.7491323529411762,2452932,12.024176470588236,0,0,0,0,2026072001,2026072902,0-49999,CC-B-R34-S-Q4,STAGE11-3400,coarse,MAX_FRAMES_REACHED,5
R34,7,7,8.3353890837021751,0.73529411764705888,0.099763115748444001,Q4,4,1.5,0.21428571428571427,50000,0,0,0,0,0,2.5609718912715457e-07,0,7.6823274145000517e-05,383.36720599999728,386.10000000000002,441.80000000000001,6080.1000000000004,204,512,58752,59468,1156907,5.6711127450980392,2179281,10.68275,0,0,0,0,2026072001,2026072902,0-49999,CC-B-R34-S-Q4,STAGE11-3400,coarse,MAX_FRAMES_REACHED,5
R34,7.5,7.5,8.8353890837021751,0.73529411764705888,0.088913970501946132,Q4,4,1.5,0.21428571428571427,50000,0,0,0,0,0,2.5609718912715457e-07,0,7.6823274145000517e-05,382.95591999999738,385.80000000000001,441.19999999999999,6621.1000000000004,204,512,58752,59468,954977,4.6812598039215683,1914536,9.3849803921568622,0,0,0,0,2026072001,2026072902,0-49999,CC-B-R34-S-Q4,STAGE11-3400,coarse,MAX_FRAMES_REACHED,5
R34,8,8,9.3353890837021751,0.73529411764705888,0.079244659623055658,Q4,4,1.5,0.21428571428571427,50000,0,0,0,0,0,2.5609718912715457e-07,0,7.6823274145000517e-05,380.64595799999438,384.69999999999999,436.60000000000002,3037.6999999999998,204,512,58752,59468,772605,3.7872794117647057,1660857,8.1414558823529415,0,0,0,0,2026072001,2026072902,0-49999,CC-B-R34-S-Q4,STAGE11-3400,coarse,MAX_FRAMES_REACHED,5
R34,8.5,8.5,9.8353890837021751,0.73529411764705888,0.070626877231137725,Q4,4,1.5,0.21428571428571427,50000,0,0,0,0,0,2.5609718912715457e-07,0,7.6823274145000517e-05,386.54940000000084,386,451.80000000000001,13869.5,204,512,58752,59468,611317,2.9966519607843138,1420579,6.9636225490196075,0,0,0,0,2026072001,2026072902,0-49999,CC-B-R34-S-Q4,STAGE11-3400,coarse,MAX_FRAMES_REACHED,5
R34,9,9,10.335389083702175,0.73529411764705888,0.06294627058970835,Q4,4,1.5,0.21428571428571427,50000,0,0,0,0,0,2.5609718912715457e-07,0,7.6823274145000517e-05,384.24224199999907,384.5,446.60000000000002,7024.3000000000002,204,512,58752,59468,471825,2.3128676470588236,1197437,5.8697892156862741,0,0,0,0,2026072001,2026072902,0-49999,CC-B-R34-S-Q4,STAGE11-3400,coarse,MAX_FRAMES_REACHED,5
R34,9.5,9.5,10.835389083702175,0.73529411764705888,0.05610092271509818,Q4,4,1.5,0.21428571428571427,50000,0,0,0,0,0,2.5609718912715457e-07,0,7.6823274145000517e-05,383.91114000000289,383.89999999999998,445.80000000000001,9975.3999999999996,204,512,58752,59468,354467,1.7375833333333333,991632,4.8609411764705879,0,0,0,0,2026072001,2026072902,0-49999,CC-B-R34-S-Q4,STAGE11-3400,coarse,MAX_FRAMES_REACHED,5
R34,10,10,11.335389083702175,0.73529411764705888,0.050000000000000003,Q4,4,1.5,0.21428571428571427,50000,0,0,0,0,0,2.5609718912715457e-07,0,7.6823274145000517e-05,368.93162599999704,374,437.10000000000002,12209.1,204,512,58752,59468,258181,1.2655931372549019,805583,3.948936274509804,0,0,0,0,2026072001,2026072902,0-49999,CC-B-R34-S-Q4,STAGE11-3400,coarse,MAX_FRAMES_REACHED,5
R34,-5,-5,-3.6646109162978253,0.73529411764705888,1.5811388300841895,Q5,5,1.5,0.10000000000000001,1000,144853,1000,0.48284333333333335,1,0.48105542392355666,0.48463168211500723,0.99617324151444497,1,415.85410000000019,386.30000000000001,655.89999999999998,1519,255,512,58752,59519,150848,36.97254901960784,157789,38.67377450980392,0,0,0.00054567809137000625,0,2026072001,2026072902,0-999,CC-B-R34-S-Q5,STAGE11-3400,coarse,TARGET_ERRORS_REACHED,5
R34,-4.5,-4.5,-3.1646109162978253,0.73529411764705888,1.4091914656322269,Q5,5,1.5,0.10000000000000001,1000,143474,1000,0.47824666666666665,1,0.47645945661262995,0.48003443381046468,0.99617324151444497,1,442.9873999999997,393.60000000000002,729.20000000000005,1950.0999999999999,255,512,58752,59519,144881,35.510049019607841,152048,37.266666666666666,0,0,0.00012547401293777429,0,2026072001,2026072902,0-999,CC-B-R34-S-Q5,STAGE11-3400,coarse,TARGET_ERRORS_REACHED,5
R34,-4,-4,-2.6646109162978253,0.73529411764705888,1.2559432157547903,Q5,5,1.5,0.10000000000000001,1000,141832,1000,0.47277333333333332,1,0.47098715382062717,0.47456021010457006,0.99617324151444497,1,417.33119999999946,383.5,722.10000000000002,2694.5,255,512,58752,59519,139327,34.148774509803921,146539,35.916421568627449,0,0,-0.0015487286345845822,0,2026072001,2026072902,0-999,CC-B-R34-S-Q5,STAGE11-3400,coarse,TARGET_ERRORS_REACHED,5
R34,-3.5,-3.5,-2.1646109162978253,0.73529411764705888,1.1193605692841697,Q5,5,1.5,0.10000000000000001,1000,140126,1000,0.46708666666666665,1,0.46530178598050737,0.46887239024346389,0.99617324151444497,1,425.21250000000015,390.30000000000001,775.79999999999995,3513.4000000000001,255,512,58752,59519,133914,32.82205882352941,141315,34.636029411764703,0,0,0.0035738073581756272,0,2026072001,2026072902,0-999,CC-B-R34-S-Q5,STAGE11-3400,coarse,TARGET_ERRORS_REACHED,5
R34,-3,-3,-1.6646109162978253,0.73529411764705888,0.99763115748443987,Q5,5,1.5,0.10000000000000001,1000,136104,1000,0.45368000000000003,1,0.45189910440446163,0.45546208182283282,0.99617324151444497,1,422.57789999999954,386.5,704.79999999999995,3301.1999999999998,255,512,58752,59519,128652,31.53235294117647,136273,33.400245098039214,0,0,-0.00060945611548821976,0,2026072001,2026072902,0-999,CC-B-R34-S-Q5,STAGE11-3400,coarse,TARGET_ERRORS_REACHED,5
R34,-2.5,-2.5,-1.1646109162978253,0.73529411764705888,0.88913970501946138,Q5,5,1.5,0.10000000000000001,1000,130947,1000,0.43648999999999999,1,0.43471612245201074,0.43826550400082742,0.99617324151444497,1,423.95069999999998,391.10000000000002,695.39999999999998,1787.4000000000001,255,512,58752,59519,123638,30.303431372549021,131451,32.218382352941177,0,0,-0.0015250062906510349,0,2026072001,2026072902,0-999,CC-B-R34-S-Q5,STAGE11-3400,coarse,TARGET_ERRORS_REACHED,5
R34,-2,-2,-0.66461091629782532,0.73529411764705888,0.79244659623055669,Q5,5,1.5,0.10000000000000001,1000,124075,1000,0.41358333333333336,1,0.41182218209574795,0.41534669764969012,0.99617324151444497,1,449.05150000000015,389.10000000000002,766.10000000000002,9593.7999999999993,255,512,58752,59519,118628,29.07549019607843,126655,31.042892156862745,0,0,0.001679220454196951,0,2026072001,2026072902,0-999,CC-B-R34-S-Q5,STAGE11-3400,coarse,TARGET_ERRORS_REACHED,5
R34,-1.5,-1.5,-0.16461091629782532,0.73529411764705888,0.70626877231137719,Q5,5,1.5,0.10000000000000001,1000,112328,1000,0.37442666666666669,1,0.37269643617588794,0.37616011301486002,0.99617324151444497,1,396.43290000000013,386.5,643.29999999999995,1525,255,512,58752,59519,113612,27.84607843137255,122035,29.910539215686274,0,0,0.0019892065474333177,0,2026072001,2026072902,0-999,CC-B-R34-S-Q5,STAGE11-3400,coarse,TARGET_ERRORS_REACHED,5
R34,-1,-1,0.33538908370217468,0.73529411764705888,0.62946270589708364,Q5,5,1.5,0.10000000000000001,1000,95752,996,0.31917333333333331,0.996,0.31750756951397197,0.3208437280146883,0.98976044372273775,0.99844341185959162,459.62300000000027,392.5,939.70000000000005,2866.1999999999998,255,512,58752,59519,108560,26.607843137254903,117248,28.737254901960785,0,0,0.0011605901234825486,0,2026072001,2026072902,0-999,CC-B-R34-S-Q5,STAGE11-3400,coarse,TARGET_ERRORS_REACHED,5
R34,-0.5,-0.5,0.83538908370217468,0.73529411764705888,0.56100922715098167,Q5,5,1.5,0.10000000000000001,1000,72987,987,0.24329000000000001,0.98699999999999999,0.24175791888413431,0.24482865530430983,0.97788555762442031,0.99238717961064893,435.09090000000026,393.39999999999998,792.20000000000005,2123.3000000000002,255,512,58752,59519,103440,25.352941176470587,112398,27.548529411764704,0,0,0.0056630291005291423,0.00203045685279188,2026072001,2026072902,0-999,CC-B-R34-S-Q5,STAGE11-3400,coarse,TARGET_ERRORS_REACHED,5
R34,0,0,1.3353890837021747,0.73529411764705888,0.5,Q5,5,1.5,0.10000000000000001,1000,47405,913,0.15801666666666667,0.91300000000000003,0.15671580581576616,0.15932628550470473,0.89391351894330662,0.92892557854762503,496.23160000000001,401.80000000000001,1012.7,4347.8999999999996,255,512,58752,59519,98165,24.060049019607842,107558,26.362254901960785,0,0,0.0051524532462576137,0.0032967032967032993,2026072001,2026072902,0-999,CC-B-R34-S-Q5,STAGE11-3400,coarse,TARGET_ERRORS_REACHED,5
R34,0.5,0.5,1.8353890837021747,0.73529411764705888,0.44562546906687278,Q5,5,1.5,0.10000000000000001,1000,24967,724,0.08322333333333333,0.72399999999999998,0.082240241344016543,0.084217098721994857,0.69547670827173069,0.7508089039267406,373.94330000000031,378,441.30000000000001,943.79999999999995,255,512,58752,59519,92833,22.753186274509805,102414,25.101470588235294,0,0,0.031608957937360509,0.024045261669024067,2026072001,2026072902,0-999,CC-B-R34-S-Q5,STAGE11-3400,dense,TARGET_ERRORS_REACHED,5
R34,0.59999999999999998,0.59999999999999998,1.9353890837021748,0.73529411764705888,0.43548179497804029,Q5,5,1.5,0.10000000000000001,1000,21027,659,0.07009,0.65900000000000003,0.069181936494211616,0.071009073241887571,0.62906040909286021,0.68772268170873341,380.64900000000034,381.89999999999998,460.60000000000002,886.79999999999995,255,512,58752,59519,91781,22.495343137254903,101366,24.844607843137254,0,0,0.018799360434129466,-0.0045317220543806686,2026072001,2026072902,0-999,CC-B-R34-S-Q5,STAGE11-3400,dense,TARGET_ERRORS_REACHED,5
R34,0.69999999999999996,0.69999999999999996,2.0353890837021744,0.73529411764705888,0.42556901910118822,Q5,5,1.5,0.10000000000000001,1000,17721,622,0.059069999999999998,0.622,0.058232007162359732,0.059919284789300427,0.59153396696655158,0.65153230396297301,375.82170000000019,380.80000000000001,435.60000000000002,822.10000000000002,255,512,58752,59519,90691,22.228186274509802,100368,24.600000000000001,0,0,0.019854972375690578,0.013029315960912063,2026072001,2026072902,0-999,CC-B-R34-S-Q5,STAGE11-3400,dense,TARGET_ERRORS_REACHED,5
R34,0.80000000000000004,0.80000000000000004,2.135389083702175,0.73529411764705888,0.41588188555133548,Q5,5,1.5,0.10000000000000001,1000,15016,567,0.050053333333333332,0.56699999999999995,0.049278792916256121,0.050839396613471914,0.53609108624395729,0.59739612811897824,373.69789999999966,376.30000000000001,413.80000000000001,1270.0999999999999,255,512,58752,59519,89578,21.955392156862747,99282,24.333823529411763,0,0,0.036730185031759073,0.016129032258064328,2026072001,2026072902,0-999,CC-B-R34-S-Q5,STAGE11-3400,dense,TARGET_ERRORS_REACHED,5
R34,0.90000000000000002,0.90000000000000002,2.2353890837021746,0.73529411764705888,0.40641525808204959,Q5,5,1.5,0.10000000000000001,1000,12941,522,0.043136666666666663,0.52200000000000002,0.042415495605099357,0.043869537722961705,0.49101525212716812,0.55281637049946741,384.01820000000004,385,449.89999999999998,1526.3,255,512,58752,59519,88537,21.700245098039215,98264,24.084313725490198,0,0,0.049043450064850842,0.009671179883945849,2026072001,2026072902,0-999,CC-B-R34-S-Q5,STAGE11-3400,dense,TARGET_ERRORS_REACHED,5
R34,1,1,2.3353890837021747,0.73529411764705888,0.39716411736214075,Q5,5,1.5,0.10000000000000001,1000,10505,468,0.035016666666666668,0.46800000000000003,0.034364811684067173,0.035680429592301985,0.4372552241922274,0.49898968835084823,379.61479999999983,380.60000000000002,430.39999999999998,1484.7,255,512,58752,59519,87421,21.426715686274509,97251,23.836029411764706,0,0,0.020001941936110362,0.015184381778741879,2026072001,2026072902,0-999,CC-B-R34-S-Q5,STAGE11-3400,dense,TARGET_ERRORS_REACHED,5
R34,1.1000000000000001,1.1000000000000001,2.4353890837021748,0.73529411764705888,0.38812355831434586,Q5,5,1.5,0.10000000000000001,1000,8478,409,0.02826,0.40899999999999997,0.027673021864115872,0.028859059113082699,0.37893242495569907,0.4397640450886719,373.50489999999962,379.10000000000002,427.80000000000001,869.70000000000005,255,512,58752,59519,86386,21.173039215686273,96154,23.567156862745097,0,0,0.0098868374032162528,-0.004866180048661805,2026072001,2026072902,0-999,CC-B-R34-S-Q5,STAGE11-3400,dense,TARGET_ERRORS_REACHED,5
R34,1.2000000000000002,1.2000000000000002,2.5353890837021749,0.73529411764705888,0.37928878751459183,Q5,5,1.5,0.10000000000000001,1000,7071,363,0.023570000000000001,0.36299999999999999,0.023033209778664489,0.024118991306608575,0.33377296264492567,0.39327556918011636,380.47589999999974,382.30000000000001,438.89999999999998,1527.3,255,512,58752,59519,85266,20.898529411764706,95088,23.305882352941175,0,0,0.01043155187196349,0.0027624309392265218,2026072001,2026072902,0-999,CC-B-R34-S-Q5,STAGE11-3400,dense,TARGET_ERRORS_REACHED,5
R34,1.3,1.3,2.635389083702175,0.73529411764705888,0.3706551206504588,Q5,5,1.5,0.10000000000000001,1000,5818,314,0.019393333333333332,0.314,0.018905981735179198,0.019892992978677616,0.28599234617462493,0.34343120798200161,382.21930000000043,382.39999999999998,449.39999999999998,1824.7,255,512,58752,59519,84125,20.618872549019606,94017,23.043382352941176,0,0,0.02070175438596486,0.029508196721311501,2026072001,2026072902,0-999,CC-B-R34-S-Q5,STAGE11-3400,dense,TARGET_ERRORS_REACHED,5
R34,1.3999999999999999,1.3999999999999999,2.7353890837021746,0.73529411764705888,0.36221798003749506,Q5,5,1.5,0.10000000000000001,1000,4636,276,0.015453333333333333,0.27600000000000002,0.015018112908688064,0.015900962706195086,0.2491910960732594,0.30452329172826931,372.40360000000027,377.39999999999998,430,1171.7,255,512,58752,59519,82974,20.336764705882352,92949,22.781617647058823,0,0,0.0093620727193554614,0.037593984962406048,2026072001,2026072902,0-999,CC-B-R34-S-Q5,STAGE11-3400,dense,TARGET_ERRORS_REACHED,5
R34,1.5,1.5,2.8353890837021747,0.73529411764705888,0.35397289219206896,Q5,5,1.5,0.10000000000000001,1000,3779,230,0.012596666666666667,0.23000000000000001,0.01220377907557078,0.013002036363491364,0.20497969372023053,0.25708675586196927,382.19679999999977,384.30000000000001,459.89999999999998,915.29999999999995,255,512,58752,59519,81876,20.067647058823528,91923,22.53014705882353,0,0,0.05558659217877096,0.03603603603603607,2026072001,2026072902,0-999,CC-B-R34-S-Q5,STAGE11-3400,dense,TARGET_ERRORS_REACHED,5
R34,1.6000000000000001,1.6000000000000001,2.9353890837021748,0.73529411764705888,0.34591548545946826,Q5,5,1.5,0.10000000000000001,1107,3060,201,0.0092140921409214101,0.18157181571815717,0.0088947614276289957,0.0095447767358584103,0.15997704049519942,0.20536893718513385,379.60713640469731,382.60000000000002,447.80000000000001,899.39999999999998,255,512,58752,59519,89208,19.751315160210424,100295,22.206059478895444,0,0,-0.0032573289902279139,0.0049999999999999246,2026072001,2026072902,0-1106,CC-B-R34-S-Q5,STAGE11-3400,dense,TARGET_ERRORS_REACHED,5
R34,1.7000000000000002,1.7000000000000002,3.0353890837021749,0.73529411764705888,0.33804148769599091,Q5,5,1.5,0.10000000000000001,1324,2833,203,0.0071324269889224568,0.15332326283987915,0.0068754490368149734,0.0073989382349619638,0.13492097878487208,0.17373142553506055,381.59886706948657,382,435.5,3493.9000000000001,255,512,58752,59519,104851,19.409950536105679,118131,21.868335702861206,0,0,0.00070646414694443607,0.01500000000000006,2026072001,2026072902,0-1323,CC-B-R34-S-Q5,STAGE11-3400,dense,TARGET_ERRORS_REACHED,5
R34,1.8,1.8,3.135389083702175,0.73529411764705888,0.330346724003798,Q5,5,1.5,0.10000000000000001,1678,2614,201,0.005192689709972189,0.1197854588796186,0.0049978862479832199,0.0053950448898866668,0.10511104182322697,0.13619675606235362,377.00435041716315,378.5,439.60000000000002,995,255,512,58752,59519,131369,19.188488863960362,148222,21.650132043282152,0,0,0.025500196155354964,-0.019512195121951206,2026072001,2026072902,0-1677,CC-B-R34-S-Q5,STAGE11-3400,dense,TARGET_ERRORS_REACHED,5
R34,1.9000000000000001,1.9000000000000001,3.2353890837021746,0.73529411764705888,0.32282711451732771,Q5,5,1.5,0.10000000000000001,2024,2534,206,0.0041732542819499343,0.10177865612648221,0.004014213316422037,0.0043385689167000103,0.08935157015503592,0.11571449011899052,379.31279644268812,381,442.5,937.5,255,512,58752,59519,156212,18.916627915988531,176507,21.374268580950165,0,0,0.051452282157676325,0.029999999999999968,2026072001,2026072902,0-2023,CC-B-R34-S-Q5,STAGE11-3400,dense,TARGET_ERRORS_REACHED,5
R34,2,2,3.3353890837021747,0.73529411764705888,0.31547867224009662,Q5,5,1.5,0.10000000000000001,2558,2559,210,0.0033346364347146208,0.082095387021110244,0.0032081149153358451,0.003466130354383117,0.072073653674146101,0.093370408979053091,379.72486317435539,381.19999999999999,441.89999999999998,1138.0999999999999,255,512,58752,59519,194269,18.614132517745176,220115,21.09060003985957,0,0,0.078836424957841447,0.050000000000000051,2026072001,2026072902,0-2557,CC-B-R34-S-Q5,STAGE11-3400,dense,TARGET_ERRORS_REACHED,5
R34,2.1000000000000001,2.1000000000000001,3.4353890837021748,0.73529411764705888,0.3082975009307411,Q5,5,1.5,0.10000000000000001,3047,2403,201,0.0026288152280932063,0.065966524450278965,0.0025259161435039106,0.0027358946493975331,0.057688017318605969,0.075338055749632912,380.6818510009852,383.10000000000002,441.19999999999999,1173.3,255,512,58752,59519,228164,18.353314414049176,258868,20.823117563402125,0,0,0.0058601925491837299,-0.0049504950495049254,2026072001,2026072902,0-3046,CC-B-R34-S-Q5,STAGE11-3400,dense,TARGET_ERRORS_REACHED,5
R34,2.2000000000000002,2.2000000000000002,3.5353890837021749,0.73529411764705888,0.30127979303717889,Q5,5,1.5,0.10000000000000001,3705,2263,200,0.0020359874044084572,0.053981106612685563,0.0019538919831524112,0.0021215248439054174,0.047155648178117994,0.061730499505612928,375.72364372469684,380.80000000000001,433.60000000000002,808.60000000000002,255,512,58752,59519,273685,18.105170543251038,311155,20.583935328517374,0,0,0.012981199641898075,-0.0049751243781094483,2026072001,2026072902,0-3704,CC-B-R34-S-Q5,STAGE11-3400,dense,TARGET_ERRORS_REACHED,5
R34,2.2999999999999998,2.2999999999999998,3.6353890837021745,0.73529411764705888,0.29442182767779446,Q5,5,1.5,0.10000000000000001,4982,1992,209,0.0013327980730630268,0.041951023685266958,0.0012755762552180132,0.0013925832584952178,0.036728029916387517,0.047879846668696019,377.06354877559238,380.69999999999999,429.19999999999999,3928.6999999999998,255,512,58752,59519,362663,17.841828622255807,413200,20.328083059799592,0,0,0.053968253968253818,0.034653465346534643,2026072001,2026072902,0-4981,CC-B-R34-S-Q5,STAGE11-3400,dense,TARGET_ERRORS_REACHED,5
R34,2.4000000000000004,2.4000000000000004,3.735389083702175,0.73529411764705888,0.28771996866857846,Q5,5,1.5,0.10000000000000001,6247,1758,205,0.00093805026412678084,0.03281575156074916,0.00089523238820268336,0.00098291405222124457,0.028677074143364758,0.037528645766026589,373.56987353929929,378.39999999999998,428.89999999999998,3481,255,512,58752,59519,447854,17.571336202161351,511562,20.070888928646536,0,0,0.05395683453237405,0.025000000000000043,2026072001,2026072902,0-6246,CC-B-R34-S-Q5,STAGE11-3400,dense,TARGET_ERRORS_REACHED,5
R34,2.5,2.5,3.8353890837021747,0.73529411764705888,0.28117066259517454,Q5,5,1.5,0.10000000000000001,7888,1788,208,0.00075557809330628807,0.026369168356997971,0.00072137019365921739,0.00079140687173542986,0.023057083747150403,0.030142345183525626,378.38154158215104,382.19999999999999,439.39999999999998,1838,255,512,58752,59519,556535,17.292803911625501,637339,19.803567344787815,0,0,0.037122969837587033,0.014634146341463381,2026072001,2026072902,0-7887,CC-B-R34-S-Q5,STAGE11-3400,dense,TARGET_ERRORS_REACHED,5
R34,2.6000000000000001,2.6000000000000001,3.9353890837021748,0.73529411764705888,0.27477043692881226,Q5,5,1.5,0.10000000000000001,10742,1761,209,0.00054645317445540869,0.019456339601563954,0.00052152619388926718,0.00057257088793652856,0.017010970616610284,0.02224528124949432,378.08584993483498,381.80000000000001,432.60000000000002,3091.0999999999999,255,512,58752,59519,745624,17.012751851811288,856156,19.534738117924512,0,0,0.019097222222222345,0.034653465346534636,2026072001,2026072902,0-10741,CC-B-R34-S-Q5,STAGE11-3400,dense,TARGET_ERRORS_REACHED,5
R34,2.7000000000000002,2.7000000000000002,4.0353890837021744,0.73529411764705888,0.26851589818512633,Q5,5,1.5,0.10000000000000001,13911,1710,216,0.0004097476816907483,0.015527280569333621,0.00039078531538937867,0.00042962977751788862,0.013602404551102724,0.017719652556807179,378.41130759830531,382.10000000000002,434.80000000000001,2762.3000000000002,255,512,58752,59519,950014,16.738305558726978,1093546,19.267197210276535,0,0,0.052307692307692305,0.064039408866995065,2026072001,2026072902,0-13910,CC-B-R34-S-Q5,STAGE11-3400,dense,TARGET_ERRORS_REACHED,5
R34,2.8000000000000003,2.8000000000000003,4.135389083702175,0.73529411764705888,0.26240373012488627,Q5,5,1.5,0.10000000000000001,17646,1663,212,0.0003141410706864634,0.012014054176583928,0.00029940343915407428,0.0003296038982056503,0.010509454820167014,0.013731072202067278,362.13719823189479,370.39999999999998,420,2558.9000000000001,255,512,58752,59519,1184814,16.456737404244254,1367223,18.990347754198584,0,0,0.044597989949748729,0.059999999999999915,2026072001,2026072902,0-17645,CC-B-R34-S-Q5,STAGE11-3400,dense,TARGET_ERRORS_REACHED,5
R34,2.9000000000000004,2.9000000000000004,4.2353890837021755,0.73529411764705888,0.25643069199568241,Q5,5,1.5,0.10000000000000001,21920,1561,206,0.00023737834549878345,0.0093978102189781025,0.00022589234351834482,0.00024944823324860206,0.0082037012099155128,0.010763844217821891,375.1485583941606,379.89999999999998,433.89999999999998,2752.6999999999998,255,512,58752,59519,1446848,16.177901817661372,1673825,18.715840578932301,0,0,0.033774834437086079,0.030000000000000117,2026072001,2026072902,0-21919,CC-B-R34-S-Q5,STAGE11-3400,dense,TARGET_ERRORS_REACHED,5
R34,3,3,4.3353890837021751,0.73529411764705888,0.25059361681363618,Q5,5,1.5,0.10000000000000001,28925,1588,213,0.00018300201670988189,0.0073638720829732069,0.00017422063725492992,0.00019222592582560165,0.0064419054310440142,0.0084166729683903384,358.79350388936746,369.19999999999999,419.39999999999998,9796.7000000000007,255,512,58752,59519,1876290,15.898876404494382,2176073,18.439108919280763,0,0,0.057256990679094601,0.059701492537313446,2026072001,2026072902,0-28924,CC-B-R34-S-Q5,STAGE11-3400,dense,TARGET_ERRORS_REACHED,5
R34,3.5,3.5,4.8353890837021751,0.73529411764705888,0.22334179607548157,Q5,5,1.5,0.10000000000000001,50000,533,82,3.5533333333333334e-05,0.00164,3.2642091862797314e-05,3.868065379302293e-05,0.0013215653972976492,0.0020350058965081558,452.84182400000179,401.69999999999999,762.5,57031,255,512,58752,59519,2959907,14.509348039215686,3479927,17.058465686274509,0,0,0.053359683794466498,0.012345679012345711,2026072001,2026072902,0-49999,CC-B-R34-S-Q5,STAGE11-3400,coarse,MAX_FRAMES_REACHED,5
R34,4,4,5.3353890837021751,0.73529411764705888,0.19905358527674863,Q5,5,1.5,0.10000000000000001,50000,93,17,6.1999999999999999e-06,0.00034000000000000002,5.0614812705463928e-06,7.5946127429756167e-06,0.00021229975507718098,0.00054447127924140087,438.01356399999906,400.19999999999999,691.5,35268.400000000001,255,512,58752,59519,2677818,13.126558823529411,3195617,15.664789215686275,0,0,0.19230769230769226,0.13333333333333353,2026072001,2026072902,0-49999,CC-B-R34-S-Q5,STAGE11-3400,coarse,MAX_FRAMES_REACHED,5
R34,4.5,4.5,5.8353890837021751,0.73529411764705888,0.17740669461678774,Q5,5,1.5,0.10000000000000001,50000,16,3,1.0666666666666667e-06,6.0000000000000002e-05,6.5660123029218444e-07,1.7328287458276333e-06,2.0405619612978105e-05,0.00017640843573912503,399.46580800000169,388.69999999999999,505,14468,255,512,58752,59519,2400793,11.768593137254902,2911823,14.273642156862746,0,0,0.59999999999999998,0.49999999999999989,2026072001,2026072902,0-49999,CC-B-R34-S-Q5,STAGE11-3400,coarse,MAX_FRAMES_REACHED,5
R34,5,5,6.3353890837021751,0.73529411764705888,0.15811388300841897,Q5,5,1.5,0.10000000000000001,50000,0,0,0,0,0,2.5609718912715457e-07,0,7.6823274145000517e-05,389.07029000000176,385.19999999999999,470.60000000000002,9206.2000000000007,255,512,58752,59519,2128511,10.433877450980392,2630764,12.895901960784315,0,0,0,0,2026072001,2026072902,0-49999,CC-B-R34-S-Q5,STAGE11-3400,coarse,MAX_FRAMES_REACHED,5
R34,5.5,5.5,6.8353890837021751,0.73529411764705888,0.14091914656322269,Q5,5,1.5,0.10000000000000001,50000,0,0,0,0,0,2.5609718912715457e-07,0,7.6823274145000517e-05,389.62366200000173,385.5,471.10000000000002,13225.200000000001,255,512,58752,59519,1865672,9.1454509803921571,2354268,11.540529411764705,0,0,0,0,2026072001,2026072902,0-49999,CC-B-R34-S-Q5,STAGE11-3400,coarse,MAX_FRAMES_REACHED,5
R34,6,6,7.3353890837021751,0.73529411764705888,0.12559432157547901,Q5,5,1.5,0.10000000000000001,50000,0,0,0,0,0,2.5609718912715457e-07,0,7.6823274145000517e-05,378.38003000000248,381.19999999999999,436.30000000000001,4163.3999999999996,255,512,58752,59519,1614447,7.9139558823529415,2082998,10.210774509803922,0,0,0,0,2026072001,2026072902,0-49999,CC-B-R34-S-Q5,STAGE11-3400,coarse,MAX_FRAMES_REACHED,5
R34,6.5,6.5,7.8353890837021751,0.73529411764705888,0.11193605692841696,Q5,5,1.5,0.10000000000000001,50000,0,0,0,0,0,2.5609718912715457e-07,0,7.6823274145000517e-05,376.93559599999844,380.80000000000001,434.39999999999998,6076.6000000000004,255,512,58752,59519,1376823,6.7491323529411762,1822142,8.9320686274509811,0,0,0,0,2026072001,2026072902,0-49999,CC-B-R34-S-Q5,STAGE11-3400,coarse,MAX_FRAMES_REACHED,5
R34,7,7,8.3353890837021751,0.73529411764705888,0.099763115748444001,Q5,5,1.5,0.10000000000000001,50000,0,0,0,0,0,2.5609718912715457e-07,0,7.6823274145000517e-05,377.14581400000094,380.39999999999998,433.5,3714.3000000000002,255,512,58752,59519,1156907,5.6711127450980392,1573169,7.711612745098039,0,0,0,0,2026072001,2026072902,0-49999,CC-B-R34-S-Q5,STAGE11-3400,coarse,MAX_FRAMES_REACHED,5
R34,7.5,7.5,8.8353890837021751,0.73529411764705888,0.088913970501946132,Q5,5,1.5,0.10000000000000001,50000,0,0,0,0,0,2.5609718912715457e-07,0,7.6823274145000517e-05,376.21759200000383,380,433.10000000000002,2989.5999999999999,255,512,58752,59519,954977,4.6812598039215683,1338299,6.5602892156862742,0,0,0,0,2026072001,2026072902,0-49999,CC-B-R34-S-Q5,STAGE11-3400,coarse,MAX_FRAMES_REACHED,5
R34,8,8,9.3353890837021751,0.73529411764705888,0.079244659623055658,Q5,5,1.5,0.10000000000000001,50000,0,0,0,0,0,2.5609718912715457e-07,0,7.6823274145000517e-05,375.06670199999525,379,430,4690.3000000000002,255,512,58752,59519,772605,3.7872794117647057,1121431,5.4972107843137259,0,0,0,0,2026072001,2026072902,0-49999,CC-B-R34-S-Q5,STAGE11-3400,coarse,MAX_FRAMES_REACHED,5
R34,8.5,8.5,9.8353890837021751,0.73529411764705888,0.070626877231137725,Q5,5,1.5,0.10000000000000001,50000,0,0,0,0,0,2.5609718912715457e-07,0,7.6823274145000517e-05,381.41269800000094,380.39999999999998,447.10000000000002,10692.799999999999,255,512,58752,59519,611317,2.9966519607843138,922678,4.5229313725490199,0,0,0,0,2026072001,2026072902,0-49999,CC-B-R34-S-Q5,STAGE11-3400,coarse,MAX_FRAMES_REACHED,5
R34,9,9,10.335389083702175,0.73529411764705888,0.06294627058970835,Q5,5,1.5,0.10000000000000001,50000,0,0,0,0,0,2.5609718912715457e-07,0,7.6823274145000517e-05,378.07630399999982,378.60000000000002,441.10000000000002,6882.8999999999996,255,512,58752,59519,471825,2.3128676470588236,743722,3.6456960784313726,0,0,0,0,2026072001,2026072902,0-49999,CC-B-R34-S-Q5,STAGE11-3400,coarse,MAX_FRAMES_REACHED,5
R34,9.5,9.5,10.835389083702175,0.73529411764705888,0.05610092271509818,Q5,5,1.5,0.10000000000000001,50000,0,0,0,0,0,2.5609718912715457e-07,0,7.6823274145000517e-05,377.23136199999863,378,439.5,6788.8000000000002,255,512,58752,59519,354467,1.7375833333333333,586195,2.8735049019607843,0,0,0,0,2026072001,2026072902,0-49999,CC-B-R34-S-Q5,STAGE11-3400,coarse,MAX_FRAMES_REACHED,5
R34,10,10,11.335389083702175,0.73529411764705888,0.050000000000000003,Q5,5,1.5,0.10000000000000001,50000,0,0,0,0,0,2.5609718912715457e-07,0,7.6823274145000517e-05,362.56505600000003,368.10000000000002,430.30000000000001,6156.6000000000004,255,512,58752,59519,258181,1.2655931372549019,450209,2.2069068627450981,0,0,0,0,2026072001,2026072902,0-49999,CC-B-R34-S-Q5,STAGE11-3400,coarse,MAX_FRAMES_REACHED,5
R34,-5,-5,-3.6646109162978253,0.73529411764705888,1.5811388300841895,Q6,6,1.5,0.048387096774193547,1000,144507,1000,0.48169000000000001,1,0.4799022518213153,0.48347821708675376,0.99617324151444497,1,410.7566999999998,382.10000000000002,680.5,2135,306,512,58752,59570,150848,36.97254901960784,154141,37.779656862745099,0,0,-0.0018442538024783495,0,2026072001,2026072902,0-999,CC-B-R34-S-Q6,STAGE11-3400,coarse,TARGET_ERRORS_REACHED,5
R34,-4.5,-4.5,-3.1646109162978253,0.73529411764705888,1.4091914656322269,Q6,6,1.5,0.048387096774193547,1000,143468,1000,0.47822666666666669,1,0.47643945998672543,0.48001443094855722,0.99617324151444497,1,434.6012999999997,390.69999999999999,751.70000000000005,3940.3000000000002,306,512,58752,59570,144881,35.510049019607841,148367,36.364460784313728,0,0,8.3649341958593588e-05,0,2026072001,2026072902,0-999,CC-B-R34-S-Q6,STAGE11-3400,coarse,TARGET_ERRORS_REACHED,5
R34,-4,-4,-2.6646109162978253,0.73529411764705888,1.2559432157547903,Q6,6,1.5,0.048387096774193547,1000,141754,1000,0.47251333333333334,1,0.47072720812947738,0.47430016245416323,0.99617324151444497,1,408.62929999999994,379.89999999999998,663.10000000000002,2266.5999999999999,306,512,58752,59570,139327,34.148774509803921,142725,34.981617647058826,0,0,-0.0020978233323008743,0,2026072001,2026072902,0-999,CC-B-R34-S-Q6,STAGE11-3400,coarse,TARGET_ERRORS_REACHED,5
R34,-3.5,-3.5,-2.1646109162978253,0.73529411764705888,1.1193605692841697,Q6,6,1.5,0.048387096774193547,1000,139878,1000,0.46626000000000001,1,0.46447532750428211,0.46804553655679115,0.99617324151444497,1,425.26279999999969,386.80000000000001,796.39999999999998,2585.3000000000002,306,512,58752,59570,133914,32.82205882352941,137458,33.690686274509801,0,0,0.0017976465869781321,0,2026072001,2026072902,0-999,CC-B-R34-S-Q6,STAGE11-3400,coarse,TARGET_ERRORS_REACHED,5
R34,-3,-3,-1.6646109162978253,0.73529411764705888,0.99763115748443987,Q6,6,1.5,0.048387096774193547,1000,136306,1000,0.45435333333333333,1,0.45257220658821651,0.45613562906208349,0.99617324151444497,1,406.90709999999956,382.39999999999998,594.10000000000002,2072.0999999999999,306,512,58752,59570,128652,31.53235294117647,132315,32.430147058823529,0,0,0.00087379852702531723,0,2026072001,2026072902,0-999,CC-B-R34-S-Q6,STAGE11-3400,coarse,TARGET_ERRORS_REACHED,5
R34,-2.5,-2.5,-1.1646109162978253,0.73529411764705888,0.88913970501946138,Q6,6,1.5,0.048387096774193547,1000,130697,1000,0.43565666666666669,1,0.43388318419420363,0.43743179693313256,0.99617324151444497,1,424.94359999999966,386.69999999999999,687.70000000000005,4050.5,306,512,58752,59570,123638,30.303431372549021,127320,31.205882352941178,0,0,-0.0034312641539646378,0,2026072001,2026072902,0-999,CC-B-R34-S-Q6,STAGE11-3400,coarse,TARGET_ERRORS_REACHED,5
R34,-2,-2,-0.66461091629782532,0.73529411764705888,0.79244659623055669,Q6,6,1.5,0.048387096774193547,1000,123731,1000,0.41243666666666667,1,0.41067625503203781,0.41419932074550941,0.99617324151444497,1,441.83070000000066,386.10000000000002,769.79999999999995,4003.0999999999999,306,512,58752,59570,118628,29.07549019607843,122538,30.033823529411766,0,0,-0.0010979518354363284,0,2026072001,2026072902,0-999,CC-B-R34-S-Q6,STAGE11-3400,coarse,TARGET_ERRORS_REACHED,5
R34,-1.5,-1.5,-0.16461091629782532,0.73529411764705888,0.70626877231137719,Q6,6,1.5,0.048387096774193547,1000,112134,1000,0.37378,1,0.37205037983137978,0.37551285258677858,0.99617324151444497,1,394.96780000000001,383.19999999999999,672.79999999999995,1997,306,512,58752,59570,113612,27.84607843137255,117661,28.838480392156864,0,0,0.00025868605325370678,0,2026072001,2026072902,0-999,CC-B-R34-S-Q6,STAGE11-3400,coarse,TARGET_ERRORS_REACHED,5
R34,-1,-1,0.33538908370217468,0.73529411764705888,0.62946270589708364,Q6,6,1.5,0.048387096774193547,1000,95483,996,0.31827666666666665,0.996,0.31661216251276419,0.31994582464565596,0.98976044372273775,0.99844341185959162,447.48680000000002,390.89999999999998,806.89999999999998,2840,306,512,58752,59570,108560,26.607843137254903,112674,27.616176470588236,0,0,-0.0016520111667590531,0,2026072001,2026072902,0-999,CC-B-R34-S-Q6,STAGE11-3400,coarse,TARGET_ERRORS_REACHED,5
R34,-0.5,-0.5,0.83538908370217468,0.73529411764705888,0.56100922715098167,Q6,6,1.5,0.048387096774193547,1000,72756,985,0.24252000000000001,0.98499999999999999,0.24098958058877895,0.24405701331890128,0.97539902307309323,0.99088902119591837,434.91189999999978,390.10000000000002,782.29999999999995,2539.9000000000001,306,512,58752,59570,103440,25.352941176470587,107791,26.419362745098038,0,0,0.0024801587301588011,0,2026072001,2026072902,0-999,CC-B-R34-S-Q6,STAGE11-3400,coarse,TARGET_ERRORS_REACHED,5
R34,0,0,1.3353890837021747,0.73529411764705888,0.5,Q6,6,1.5,0.048387096774193547,1000,47327,914,0.15775666666666666,0.91400000000000003,0.15645668204012686,0.15906541593878737,0.89499996874972076,0.92983147522423959,491.71319999999992,397.69999999999999,969,7696.1000000000004,306,512,58752,59570,98165,24.060049019607842,102640,25.156862745098039,0,0,0.0034985793647427693,0.0043956043956043991,2026072001,2026072902,0-999,CC-B-R34-S-Q6,STAGE11-3400,coarse,TARGET_ERRORS_REACHED,5
R34,0.5,0.5,1.8353890837021747,0.73529411764705888,0.44562546906687278,Q6,6,1.5,0.048387096774193547,1000,24568,713,0.081893333333333332,0.71299999999999997,0.080917477002199173,0.082879897124310958,0.68418958292435339,0.74018021796080014,366.12370000000027,372.69999999999999,422.10000000000002,974.70000000000005,306,512,58752,59570,92833,22.753186274509805,97445,23.883578431372548,0,0,0.015122717130815621,0.0084865629420084951,2026072001,2026072902,0-999,CC-B-R34-S-Q6,STAGE11-3400,dense,TARGET_ERRORS_REACHED,5
R34,0.59999999999999998,0.59999999999999998,1.9353890837021748,0.73529411764705888,0.43548179497804029,Q6,6,1.5,0.048387096774193547,1000,21097,663,0.070323333333333335,0.66300000000000003,0.069413862327644654,0.071243808099595102,0.63312892133159382,0.69162355540211529,377.38800000000003,376.39999999999998,455.60000000000002,1907.2,306,512,58752,59570,91781,22.495343137254903,96335,23.611519607843139,0,0,0.0221909976258539,0.0015105740181268895,2026072001,2026072902,0-999,CC-B-R34-S-Q6,STAGE11-3400,dense,TARGET_ERRORS_REACHED,5
R34,0.69999999999999996,0.69999999999999996,2.0353890837021744,0.73529411764705888,0.42556901910118822,Q6,6,1.5,0.048387096774193547,1000,17451,610,0.058169999999999999,0.60999999999999999,0.057338069624336477,0.059013245375781481,0.57940351950280666,0.63975459363037124,371.88890000000043,376.10000000000002,440.69999999999999,963,306,512,58752,59570,90691,22.228186274509802,95274,23.351470588235294,0,0,0.0043162983425414402,-0.0065146579804560316,2026072001,2026072902,0-999,CC-B-R34-S-Q6,STAGE11-3400,dense,TARGET_ERRORS_REACHED,5
R34,0.80000000000000004,0.80000000000000004,2.135389083702175,0.73529411764705888,0.41588188555133548,Q6,6,1.5,0.048387096774193547,1000,14550,566,0.048500000000000001,0.56599999999999995,0.047737054151759752,0.049274508491232487,0.53508664381575088,0.59640822406415572,374.10820000000069,370.89999999999998,409.10000000000002,3471.3000000000002,306,512,58752,59570,89578,21.955392156862747,94209,23.090441176470588,0,0,0.0045567522783760972,0.014336917562723827,2026072001,2026072902,0-999,CC-B-R34-S-Q6,STAGE11-3400,dense,TARGET_ERRORS_REACHED,5
R34,0.90000000000000002,0.90000000000000002,2.2353890837021746,0.73529411764705888,0.40641525808204959,Q6,6,1.5,0.048387096774193547,1000,12310,513,0.041033333333333331,0.51300000000000001,0.040329355137939595,0.041749065388554323,0.48203026873001686,0.54387023554935876,377.49470000000036,379,439.69999999999999,865,306,512,58752,59570,88537,21.700245098039215,93132,22.826470588235296,0,0,-0.0021076523994811636,-0.0077369439071566801,2026072001,2026072902,0-999,CC-B-R34-S-Q6,STAGE11-3400,dense,TARGET_ERRORS_REACHED,5
R34,1,1,2.3353890837021747,0.73529411764705888,0.39716411736214075,Q6,6,1.5,0.048387096774193547,1000,10399,463,0.034663333333333331,0.46300000000000002,0.034014689963758067,0.035323893694598214,0.43229566915425255,0.49398751097367855,375.27039999999988,376.10000000000002,444.80000000000001,976.60000000000002,306,512,58752,59570,87421,21.426715686274509,92096,22.572549019607845,0,0,0.0097096805515097962,0.0043383947939262509,2026072001,2026072902,0-999,CC-B-R34-S-Q6,STAGE11-3400,dense,TARGET_ERRORS_REACHED,5
R34,1.1000000000000001,1.1000000000000001,2.4353890837021748,0.73529411764705888,0.38812355831434586,Q6,6,1.5,0.048387096774193547,1000,8551,414,0.028503333333333332,0.41399999999999998,0.027913879314393795,0.029104862097851372,0.38385788164062662,0.44480032081888876,366.69499999999948,373.30000000000001,418.5,1327.8,306,512,58752,59570,86386,21.173039215686273,91022,22.309313725490195,0,0,0.01858248957712923,0.0072992700729927074,2026072001,2026072902,0-999,CC-B-R34-S-Q6,STAGE11-3400,dense,TARGET_ERRORS_REACHED,5
R34,1.2000000000000002,1.2000000000000002,2.5353890837021749,0.73529411764705888,0.37928878751459183,Q6,6,1.5,0.048387096774193547,1000,7000,362,0.023333333333333334,0.36199999999999999,0.022799212775888519,0.023879661036941967,0.33279441286747335,0.39226177247453986,374.45909999999981,376.30000000000001,434.30000000000001,1026.7,306,512,58752,59570,85266,20.898529411764706,89921,22.039460784313725,0,0,0.0002857959416977154,0,2026072001,2026072902,0-999,CC-B-R34-S-Q6,STAGE11-3400,dense,TARGET_ERRORS_REACHED,5
R34,1.3,1.3,2.635389083702175,0.73529411764705888,0.3706551206504588,Q6,6,1.5,0.048387096774193547,1000,5866,310,0.019553333333333332,0.31,0.019063988856891357,0.020054981759461851,0.28210764506522773,0.33934652315928321,375.06160000000006,377.19999999999999,441.60000000000002,1090.4000000000001,306,512,58752,59570,84125,20.618872549019606,88849,21.77671568627451,0,0,0.029122807017543832,0.016393442622950834,2026072001,2026072902,0-999,CC-B-R34-S-Q6,STAGE11-3400,dense,TARGET_ERRORS_REACHED,5
R34,1.3999999999999999,1.3999999999999999,2.7353890837021746,0.73529411764705888,0.36221798003749506,Q6,6,1.5,0.048387096774193547,1000,4708,266,0.015693333333333333,0.26600000000000001,0.015254750164959202,0.016144319303668535,0.23954672321443168,0.29424419975680804,370.22080000000039,372.89999999999998,429.5,1002.3,306,512,58752,59570,82974,20.336764705882352,87767,21.511519607843137,0,0,0.025038101458741524,0,2026072001,2026072902,0-999,CC-B-R34-S-Q6,STAGE11-3400,dense,TARGET_ERRORS_REACHED,5
R34,1.5,1.5,2.8353890837021747,0.73529411764705888,0.35397289219206896,Q6,6,1.5,0.048387096774193547,1000,3559,222,0.011863333333333333,0.222,0.011482100407063758,0.012257067145556586,0.19733303685615078,0.24879464086181791,379.9339999999998,378.60000000000002,465.39999999999998,1083.0999999999999,306,512,58752,59570,81876,20.067647058823528,86678,21.244607843137256,0,0,-0.0058659217877095483,0,2026072001,2026072902,0-999,CC-B-R34-S-Q6,STAGE11-3400,dense,TARGET_ERRORS_REACHED,5
R34,1.6000000000000001,1.6000000000000001,2.9353890837021748,0.73529411764705888,0.34591548545946826,Q6,6,1.5,0.048387096774193547,1107,3146,207,0.0094730502860584168,0.18699186991869918,0.0091492256037562433,0.0098082228592460997,0.16511998876364364,0.21102861057319461,373.01770551038845,376.80000000000001,421.5,1116.8,306,512,58752,59570,89208,19.751315160210424,94498,20.922560532794872,0,0,0.024755700325732974,0.034999999999999934,2026072001,2026072902,0-1106,CC-B-R34-S-Q6,STAGE11-3400,dense,TARGET_ERRORS_REACHED,5
R34,1.7000000000000002,1.7000000000000002,3.0353890837021749,0.73529411764705888,0.33804148769599091,Q6,6,1.5,0.048387096774193547,1324,2916,201,0.0073413897280966769,0.15181268882175228,0.0070806324213344742,0.0076116762869278907,0.13349294855802343,0.17214704793759519,372.05264350453206,375,436.30000000000001,821.60000000000002,306,512,58752,59570,104851,19.409950536105679,111232,20.591197203957112,0,0,0.030024726245143036,0.0050000000000001424,2026072001,2026072902,0-1323,CC-B-R34-S-Q6,STAGE11-3400,dense,TARGET_ERRORS_REACHED,5
R34,1.8,1.8,3.135389083702175,0.73529411764705888,0.330346724003798,Q6,6,1.5,0.048387096774193547,1678,2743,207,0.0054489471593166467,0.1233611442193087,0.0052493287944717455,0.005656113331102045,0.1084814164217814,0.13996141784732041,370.99278903456457,374.5,419.80000000000001,780.20000000000005,306,512,58752,59570,131369,19.188488863960362,139362,20.355991025730912,0,0,0.076108277755982653,0.0097560975609756028,2026072001,2026072902,0-1677,CC-B-R34-S-Q6,STAGE11-3400,dense,TARGET_ERRORS_REACHED,5
R34,1.9000000000000001,1.9000000000000001,3.2353890837021746,0.73529411764705888,0.32282711451732771,Q6,6,1.5,0.048387096774193547,2024,2361,200,0.0038883399209486166,0.098814229249011856,0.0037349101124777863,0.0040480470036477565,0.086563831905451943,0.11258460598848041,372.85187747035627,375.69999999999999,424.5,1088.5,306,512,58752,59570,156212,18.916627915988531,165835,20.08193346508564,0,0,-0.020331950207468929,0,2026072001,2026072902,0-2023,CC-B-R34-S-Q6,STAGE11-3400,dense,TARGET_ERRORS_REACHED,5
R34,2,2,3.3353890837021747,0.73529411764705888,0.31547867224009662,Q6,6,1.5,0.048387096774193547,2558,2392,201,0.0031170185040396143,0.078577013291634093,0.0029947633525147233,0.0032442482345514754,0.068770231979633611,0.089647634755772115,373.02779515246345,375.60000000000002,433.5,991,306,512,58752,59570,194269,18.614132517745176,206468,19.782995293504424,0,0,0.0084317032040471963,0.0050000000000000764,2026072001,2026072902,0-2557,CC-B-R34-S-Q6,STAGE11-3400,dense,TARGET_ERRORS_REACHED,5
R34,2.1000000000000001,2.1000000000000001,3.4353890837021748,0.73529411764705888,0.3082975009307411,Q6,6,1.5,0.048387096774193547,3047,2422,203,0.0026496007001422166,0.066622907778142434,0.0025462885452843058,0.0027570930170161116,0.058303100621828634,0.076034086135532003,372.87833935018068,377.19999999999999,435.10000000000002,735.89999999999998,306,512,58752,59570,228164,18.353314414049176,242669,19.520084042806488,0,0,0.013813311008790387,0.0049504950495049254,2026072001,2026072902,0-3046,CC-B-R34-S-Q6,STAGE11-3400,dense,TARGET_ERRORS_REACHED,5
R34,2.2000000000000002,2.2000000000000002,3.5353890837021749,0.73529411764705888,0.30127979303717889,Q6,6,1.5,0.048387096774193547,3705,2209,200,0.0019874044084570402,0.053981106612685563,0.0019063127672539794,0.0020719384037155598,0.047155648178117994,0.061730499505612928,371.43740890688326,376.10000000000002,424.19999999999999,2080.0999999999999,306,512,58752,59570,273685,18.105170543251038,291422,19.278531925590748,0,0,-0.011190689346463589,-0.0049751243781094483,2026072001,2026072902,0-3704,CC-B-R34-S-Q6,STAGE11-3400,dense,TARGET_ERRORS_REACHED,5
R34,2.2999999999999998,2.2999999999999998,3.6353890837021745,0.73529411764705888,0.29442182767779446,Q6,6,1.5,0.048387096774193547,4982,1954,203,0.0013073732102234711,0.040746688077077479,0.0012507111508882876,0.001366598767840751,0.035601418186897216,0.046599642999198818,371.6900642312325,375.19999999999999,429.39999999999998,1720.5999999999999,306,512,58752,59570,362663,17.841828622255807,386678,19.023287757495613,0,0,0.033862433862433754,0.0049504950495050225,2026072001,2026072902,0-4981,CC-B-R34-S-Q6,STAGE11-3400,dense,TARGET_ERRORS_REACHED,5
R34,2.4000000000000004,2.4000000000000004,3.735389083702175,0.73529411764705888,0.28771996866857846,Q6,6,1.5,0.048387096774193547,6247,1683,200,0.00089803105490635505,0.032015367376340642,0.00085615724407933928,0.00094195094196310354,0.027929425031629714,0.036676510262221788,367.54282055386676,373.5,422.89999999999998,1592,306,512,58752,59570,447854,17.571336202161351,478193,18.761672269355959,0,0,0.0089928057553956553,0,2026072001,2026072902,0-6246,CC-B-R34-S-Q6,STAGE11-3400,dense,TARGET_ERRORS_REACHED,5
R34,2.5,2.5,3.8353890837021747,0.73529411764705888,0.28117066259517454,Q6,6,1.5,0.048387096774193547,7888,1693,205,0.00071543272481406359,0.025988843813387424,0.0006821666863807927,0.00075031977236791946,0.022701779901486516,0.029737370198031063,373.39710953346849,377,429.19999999999999,2181.1999999999998,306,512,58752,59570,556535,17.292803911625501,594894,18.484704987471662,0,0,-0.017981438515081175,0,2026072001,2026072902,0-7887,CC-B-R34-S-Q6,STAGE11-3400,dense,TARGET_ERRORS_REACHED,5
R34,2.6000000000000001,2.6000000000000001,3.9353890837021748,0.73529411764705888,0.27477043692881226,Q6,6,1.5,0.048387096774193547,10742,1716,202,0.00053248929435859244,0.01880469186371253,0.00050789017938499817,0.00055827917553805204,0.01640269834946988,0.021550723947293914,372.50161050083733,376.39999999999998,426.89999999999998,1735.5,306,512,58752,59570,745624,17.012751851811288,797977,18.207279653622759,0,0,-0.0069444444444443599,0,2026072001,2026072902,0-10741,CC-B-R34-S-Q6,STAGE11-3400,dense,TARGET_ERRORS_REACHED,5
R34,2.7000000000000002,2.7000000000000002,4.0353890837021744,0.73529411764705888,0.26851589818512633,Q6,6,1.5,0.048387096774193547,13911,1605,200,0.00038458773632377255,0.014377111638271871,0.00036623055344561355,0.00040386469504634939,0.012528757652317942,0.016493596645847406,373.20306232477856,376.80000000000001,429.89999999999998,3988,306,512,58752,59570,950014,16.738305558726978,1017789,17.932433918143492,0,0,-0.01230769230769225,-0.014778325123152754,2026072001,2026072902,0-13910,CC-B-R34-S-Q6,STAGE11-3400,dense,TARGET_ERRORS_REACHED,5
R34,2.8000000000000003,2.8000000000000003,4.135389083702175,0.73529411764705888,0.26240373012488627,Q6,6,1.5,0.048387096774193547,17646,1639,202,0.00030960746533680912,0.01144735350787714,0.00029497909711177946,0.0003249610361282752,0.0099807007565458628,0.013126671611202585,355.94890060070094,365.5,413.39999999999998,1730,306,512,58752,59570,1184814,16.456737404244254,1271111,17.655378767170475,0,0,0.029522613065326726,0.010000000000000037,2026072001,2026072902,0-17645,CC-B-R34-S-Q6,STAGE11-3400,dense,TARGET_ERRORS_REACHED,5
R34,2.9000000000000004,2.9000000000000004,4.2353890837021755,0.73529411764705888,0.25643069199568241,Q6,6,1.5,0.048387096774193547,21920,1577,200,0.00023981143552311436,0.0091240875912408752,0.00022826527631117409,0.00025194147766179168,0.0079485440789397264,0.010471652015764983,370.1899680656914,374.80000000000001,428.80000000000001,1834.5999999999999,306,512,58752,59570,1446848,16.177901817661372,1554091,17.377037265636183,0,0,0.044370860927152339,0,2026072001,2026072902,0-21919,CC-B-R34-S-Q6,STAGE11-3400,dense,TARGET_ERRORS_REACHED,5
R34,3,3,4.3353890837021751,0.73529411764705888,0.25059361681363618,Q6,6,1.5,0.048387096774193547,28925,1562,209,0.00018000576202823393,0.0072255834053586866,0.00017129832899796709,0.00018915572737210261,0.0063128401303345783,0.0082691976405582634,353.53883837510938,364.19999999999999,413.39999999999998,2405,306,512,58752,59570,1876290,15.898876404494382,2018026,17.099886454149509,0,0,0.039946737683089165,0.039800995024875635,2026072001,2026072902,0-28924,CC-B-R34-S-Q6,STAGE11-3400,dense,TARGET_ERRORS_REACHED,5
R34,3.5,3.5,4.8353890837021751,0.73529411764705888,0.22334179607548157,Q6,6,1.5,0.048387096774193547,50000,519,80,3.4600000000000001e-05,0.0016000000000000001,3.1748601812134911e-05,3.7707477655066755e-05,0.0012858875320993404,0.0019906899075683967,445.53184599999895,398.5,752.60000000000002,33146.400000000001,306,512,58752,59570,2959907,14.509348039215686,3204484,15.708254901960784,0,0,0.025691699604743174,-0.012345679012345578,2026072001,2026072902,0-49999,CC-B-R34-S-Q6,STAGE11-3400,coarse,MAX_FRAMES_REACHED,5
R34,4,4,5.3353890837021751,0.73529411764705888,0.19905358527674863,Q6,6,1.5,0.048387096774193547,50000,106,17,7.0666666666666671e-06,0.00034000000000000002,5.8433672116079617e-06,8.5460596913455867e-06,0.00021229975507718098,0.00054447127924140087,433.39171600000515,397,666.5,36595.5,306,512,58752,59570,2677818,13.126558823529411,2920745,14.317377450980391,0,0,0.35897435897435898,0.13333333333333353,2026072001,2026072902,0-49999,CC-B-R34-S-Q6,STAGE11-3400,coarse,MAX_FRAMES_REACHED,5
R34,4.5,4.5,5.8353890837021751,0.73529411764705888,0.17740669461678774,Q6,6,1.5,0.048387096774193547,50000,14,3,9.3333333333333333e-07,6.0000000000000002e-05,5.5599055177941132e-07,1.5667728259663231e-06,2.0405619612978105e-05,0.00017640843573912503,397.0833379999994,385.80000000000001,504,13287.799999999999,306,512,58752,59570,2400793,11.768593137254902,2639489,12.93867156862745,0,0,0.39999999999999991,0.49999999999999989,2026072001,2026072902,0-49999,CC-B-R34-S-Q6,STAGE11-3400,coarse,MAX_FRAMES_REACHED,5
R34,5,5,6.3353890837021751,0.73529411764705888,0.15811388300841897,Q6,6,1.5,0.048387096774193547,50000,0,0,0,0,0,2.5609718912715457e-07,0,7.6823274145000517e-05,387.36651199999483,382.60000000000002,467.30000000000001,13109.299999999999,306,512,58752,59570,2128511,10.433877450980392,2362855,11.582622549019607,0,0,0,0,2026072001,2026072902,0-49999,CC-B-R34-S-Q6,STAGE11-3400,coarse,MAX_FRAMES_REACHED,5
R34,5.5,5.5,6.8353890837021751,0.73529411764705888,0.14091914656322269,Q6,6,1.5,0.048387096774193547,50000,0,0,0,0,0,2.5609718912715457e-07,0,7.6823274145000517e-05,386.63988799999555,382.60000000000002,468.80000000000001,20579.5,306,512,58752,59570,1865672,9.1454509803921571,2091381,10.251867647058823,0,0,0,0,2026072001,2026072902,0-49999,CC-B-R34-S-Q6,STAGE11-3400,coarse,MAX_FRAMES_REACHED,5
R34,6,6,7.3353890837021751,0.73529411764705888,0.12559432157547901,Q6,6,1.5,0.048387096774193547,50000,0,0,0,0,0,2.5609718912715457e-07,0,7.6823274145000517e-05,375.76688599999903,378.30000000000001,435.39999999999998,9118.1000000000004,306,512,58752,59570,1614447,7.9139558823529415,1830247,8.9717990196078432,0,0,0,0,2026072001,2026072902,0-49999,CC-B-R34-S-Q6,STAGE11-3400,coarse,MAX_FRAMES_REACHED,5
R34,6.5,6.5,7.8353890837021751,0.73529411764705888,0.11193605692841696,Q6,6,1.5,0.048387096774193547,50000,0,0,0,0,0,2.5609718912715457e-07,0,7.6823274145000517e-05,373.69063400000215,377.80000000000001,431.10000000000002,5815,306,512,58752,59570,1376823,6.7491323529411762,1580754,7.7487941176470585,0,0,0,0,2026072001,2026072902,0-49999,CC-B-R34-S-Q6,STAGE11-3400,coarse,MAX_FRAMES_REACHED,5
R34,7,7,8.3353890837021751,0.73529411764705888,0.099763115748444001,Q6,6,1.5,0.048387096774193547,50000,0,0,0,0,0,2.5609718912715457e-07,0,7.6823274145000517e-05,374.22229199999759,377.5,430.80000000000001,2106.4000000000001,306,512,58752,59570,1156907,5.6711127450980392,1345489,6.5955343137254898,0,0,0,0,2026072001,2026072902,0-49999,CC-B-R34-S-Q6,STAGE11-3400,coarse,MAX_FRAMES_REACHED,5
R34,7.5,7.5,8.8353890837021751,0.73529411764705888,0.088913970501946132,Q6,6,1.5,0.048387096774193547,50000,0,0,0,0,0,2.5609718912715457e-07,0,7.6823274145000517e-05,373.67964800000073,377.19999999999999,431.19999999999999,4298.3000000000002,306,512,58752,59570,954977,4.6812598039215683,1127900,5.5289215686274513,0,0,0,0,2026072001,2026072902,0-49999,CC-B-R34-S-Q6,STAGE11-3400,coarse,MAX_FRAMES_REACHED,5
R34,8,8,9.3353890837021751,0.73529411764705888,0.079244659623055658,Q6,6,1.5,0.048387096774193547,50000,0,0,0,0,0,2.5609718912715457e-07,0,7.6823274145000517e-05,371.92150800000059,376.19999999999999,425.39999999999998,4156.5,306,512,58752,59570,772605,3.7872794117647057,928605,4.5519852941176469,0,0,0,0,2026072001,2026072902,0-49999,CC-B-R34-S-Q6,STAGE11-3400,coarse,MAX_FRAMES_REACHED,5
R34,8.5,8.5,9.8353890837021751,0.73529411764705888,0.070626877231137725,Q6,6,1.5,0.048387096774193547,50000,0,0,0,0,0,2.5609718912715457e-07,0,7.6823274145000517e-05,377.62811800000185,377.60000000000002,440.69999999999999,5630.3000000000002,306,512,58752,59570,611317,2.9966519607843138,749049,3.6718088235294117,0,0,0,0,2026072001,2026072902,0-49999,CC-B-R34-S-Q6,STAGE11-3400,coarse,MAX_FRAMES_REACHED,5
R34,9,9,10.335389083702175,0.73529411764705888,0.06294627058970835,Q6,6,1.5,0.048387096774193547,50000,0,0,0,0,0,2.5609718912715457e-07,0,7.6823274145000517e-05,375.6296700000006,375.80000000000001,438.19999999999999,9710.7000000000007,306,512,58752,59570,471825,2.3128676470588236,590790,2.8960294117647059,0,0,0,0,2026072001,2026072902,0-49999,CC-B-R34-S-Q6,STAGE11-3400,coarse,MAX_FRAMES_REACHED,5
R34,9.5,9.5,10.835389083702175,0.73529411764705888,0.05610092271509818,Q6,6,1.5,0.048387096774193547,50000,0,0,0,0,0,2.5609718912715457e-07,0,7.6823274145000517e-05,375.17778399999969,375.30000000000001,437.89999999999998,4071.5999999999999,306,512,58752,59570,354467,1.7375833333333333,454190,2.2264215686274511,0,0,0,0,2026072001,2026072902,0-49999,CC-B-R34-S-Q6,STAGE11-3400,coarse,MAX_FRAMES_REACHED,5
R34,10,10,11.335389083702175,0.73529411764705888,0.050000000000000003,Q6,6,1.5,0.048387096774193547,50000,0,0,0,0,0,2.5609718912715457e-07,0,7.6823274145000517e-05,359.61487800000015,365.30000000000001,427.30000000000001,8375.5,306,512,58752,59570,258181,1.2655931372549019,339857,1.6659656862745098,0,0,0,0,2026072001,2026072902,0-49999,CC-B-R34-S-Q6,STAGE11-3400,coarse,MAX_FRAMES_REACHED,5
R34,-5,-5,-3.6646109162978253,0.73529411764705888,1.5811388300841895,Q7,7,2,0.031746031746031744,1000,144725,1000,0.48241666666666666,1,0.48062881579155109,0.48420496784035577,0.99617324151444497,1,407.25300000000033,375.89999999999998,650.79999999999995,1751,357,512,58752,59621,90683,22.226225490196079,92336,22.631372549019609,0,0,-0.00033845856300167569,0,2026072001,2026072902,0-999,CC-B-R34-S-Q7,STAGE11-3400,coarse,TARGET_ERRORS_REACHED,5
R34,-4.5,-4.5,-3.1646109162978253,0.73529411764705888,1.4091914656322269,Q7,7,2,0.031746031746031744,1000,143402,1000,0.47800666666666669,1,0.4762194972912524,0.47979439927809769,0.99617324151444497,1,430.71619999999996,384.60000000000002,766.29999999999995,1802.5999999999999,357,512,58752,59621,83961,20.578676470588235,85601,20.980637254901961,0,0,-0.00037642203881320678,0,2026072001,2026072902,0-999,CC-B-R34-S-Q7,STAGE11-3400,coarse,TARGET_ERRORS_REACHED,5
R34,-4,-4,-2.6646109162978253,0.73529411764705888,1.2559432157547903,Q7,7,2,0.031746031746031744,1000,141994,1000,0.47331333333333331,1,0.4715270425780107,0.47510030751811172,0.99617324151444497,1,403.25169999999946,373.5,633.60000000000002,2223,357,512,58752,59621,77574,19.013235294117646,79170,19.404411764705884,0,0,-0.00040830118548146869,0,2026072001,2026072902,0-999,CC-B-R34-S-Q7,STAGE11-3400,coarse,TARGET_ERRORS_REACHED,5
R34,-3.5,-3.5,-2.1646109162978253,0.73529411764705888,1.1193605692841697,Q7,7,2,0.031746031746031744,1000,139507,1000,0.46502333333333334,1,0.46323898147768244,0.46680858092034577,0.99617324151444497,1,410.19830000000024,381.19999999999999,752.10000000000002,3302.3000000000002,357,512,58752,59621,71318,17.479901960784314,72918,17.872058823529411,0,0,-0.00085943263122464442,0,2026072001,2026072902,0-999,CC-B-R34-S-Q7,STAGE11-3400,coarse,TARGET_ERRORS_REACHED,5
R34,-3,-3,-1.6646109162978253,0.73529411764705888,0.99763115748443987,Q7,7,2,0.031746031746031744,1000,135904,1000,0.45301333333333332,1,0.45123266983698962,0.45479520012990304,0.99617324151444497,1,425.54199999999975,379.39999999999998,722,6655.8000000000002,357,512,58752,59621,65195,15.979166666666666,66851,16.385049019607845,0,0,-0.0020780250684720677,0,2026072001,2026072902,0-999,CC-B-R34-S-Q7,STAGE11-3400,coarse,TARGET_ERRORS_REACHED,5
R34,-2.5,-2.5,-1.1646109162978253,0.73529411764705888,0.88913970501946138,Q7,7,2,0.031746031746031744,1000,131195,1000,0.43731666666666669,1,0.43554240223545498,0.43909253638028128,0.99617324151444497,1,406.61590000000035,379.89999999999998,622.79999999999995,1489.3,357,512,58752,59621,59219,14.514460784313725,60864,14.91764705882353,0,0,0.00036600150975621279,0,2026072001,2026072902,0-999,CC-B-R34-S-Q7,STAGE11-3400,coarse,TARGET_ERRORS_REACHED,5
R34,-2,-2,-0.66461091629782532,0.73529411764705888,0.79244659623055669,Q7,7,2,0.031746031746031744,1000,123844,1000,0.41281333333333331,1,0.4110526776608554,0.41457622180381859,0.99617324151444497,1,426.11010000000016,380.30000000000001,747.20000000000005,2661.8000000000002,357,512,58752,59621,53388,13.085294117647059,55018,13.484803921568627,0,0,-0.00018568303099292626,0,2026072001,2026072902,0-999,CC-B-R34-S-Q7,STAGE11-3400,coarse,TARGET_ERRORS_REACHED,5
R34,-1.5,-1.5,-0.16461091629782532,0.73529411764705888,0.70626877231137719,Q7,7,2,0.031746031746031744,1000,112175,1000,0.37391666666666667,1,0.37218691723725134,0.37564964501428938,0.99617324151444497,1,380.9298,376.5,609.20000000000005,1738.2,357,512,58752,59621,47749,11.703186274509804,49273,12.076715686274509,0,0,0.00062441461130198429,0,2026072001,2026072902,0-999,CC-B-R34-S-Q7,STAGE11-3400,coarse,TARGET_ERRORS_REACHED,5
R34,-1,-1,0.33538908370217468,0.73529411764705888,0.62946270589708364,Q7,7,2,0.031746031746031744,1000,95883,996,0.31961000000000001,0.996,0.3179436253094764,0.321280994369747,0.98976044372273775,0.99844341185959162,435.22490000000056,384.80000000000001,751.89999999999998,3729.5999999999999,357,512,58752,59621,42318,10.372058823529411,43800,10.735294117647058,0,0,0.0025302955845296821,0,2026072001,2026072902,0-999,CC-B-R34-S-Q7,STAGE11-3400,coarse,TARGET_ERRORS_REACHED,5
R34,-0.5,-0.5,0.83538908370217468,0.73529411764705888,0.56100922715098167,Q7,7,2,0.031746031746031744,1000,72745,986,0.24248333333333333,0.98599999999999999,0.24095299321875743,0.24402026829460069,0.97663796588246443,0.9916424248695761,429.74429999999973,386.39999999999998,702.10000000000002,5717,357,512,58752,59621,37113,9.0963235294117641,38491,9.43406862745098,0,0,0.0023285934744268037,0.00101522842639594,2026072001,2026072902,0-999,CC-B-R34-S-Q7,STAGE11-3400,coarse,TARGET_ERRORS_REACHED,5
R34,0,0,1.3353890837021747,0.73529411764705888,0.5,Q7,7,2,0.031746031746031744,1000,47442,914,0.15814,0.91400000000000003,0.15683872394010562,0.1594500308885396,0.89499996874972076,0.92983147522423959,490.15349999999984,391.80000000000001,974.79999999999995,7115.8999999999996,357,512,58752,59621,31993,7.8414215686274513,33416,8.1901960784313719,0,0,0.0059369831644120793,0.0043956043956043991,2026072001,2026072902,0-999,CC-B-R34-S-Q7,STAGE11-3400,coarse,TARGET_ERRORS_REACHED,5
R34,0.5,0.5,1.8353890837021747,0.73529411764705888,0.44562546906687278,Q7,7,2,0.031746031746031744,1000,24430,711,0.08143333333333333,0.71099999999999997,0.080459997338826153,0.082417388568006858,0.68213955989542652,0.73824554802366915,365.59549999999984,367.5,425.5,1919.7,357,512,58752,59621,27296,6.6901960784313728,28538,6.9946078431372545,0,0,0.0094207090323113387,0.0056577086280056631,2026072001,2026072902,0-999,CC-B-R34-S-Q7,STAGE11-3400,dense,TARGET_ERRORS_REACHED,5
R34,0.59999999999999998,0.59999999999999998,1.9353890837021748,0.73529411764705888,0.43548179497804029,Q7,7,2,0.031746031746031744,1000,20404,663,0.068013333333333328,0.66300000000000003,0.067117927117411907,0.068919802467536179,0.63312892133159382,0.69162355540211529,371.97410000000031,371.39999999999998,448.69999999999999,2749.5,357,512,58752,59621,26378,6.4651960784313722,27658,6.7789215686274513,0,0,-0.011386210572217803,0.0015105740181268895,2026072001,2026072902,0-999,CC-B-R34-S-Q7,STAGE11-3400,dense,TARGET_ERRORS_REACHED,5
R34,0.69999999999999996,0.69999999999999996,2.0353890837021744,0.73529411764705888,0.42556901910118822,Q7,7,2,0.031746031746031744,1000,17443,612,0.058143333333333332,0.61199999999999999,0.057311583442035553,0.058986398907666333,0.58142392457642111,0.64171888152281442,363.47369999999989,371,430.19999999999999,726.5,357,512,58752,59621,25508,6.2519607843137255,26732,6.5519607843137253,0,0,0.003855893186003666,-0.0032573289902280158,2026072001,2026072902,0-999,CC-B-R34-S-Q7,STAGE11-3400,dense,TARGET_ERRORS_REACHED,5
R34,0.80000000000000004,0.80000000000000004,2.135389083702175,0.73529411764705888,0.41588188555133548,Q7,7,2,0.031746031746031744,1000,14746,564,0.049153333333333334,0.56399999999999995,0.048385484831722086,0.049932727746463748,0.53307813844328056,0.59443203647056819,365.02979999999985,366.30000000000001,404.69999999999999,997.60000000000002,357,512,58752,59621,24652,6.0421568627450979,25832,6.3313725490196076,0,0,0.018088925711129456,0.010752688172042821,2026072001,2026072902,0-999,CC-B-R34-S-Q7,STAGE11-3400,dense,TARGET_ERRORS_REACHED,5
R34,0.90000000000000002,0.90000000000000002,2.2353890837021746,0.73529411764705888,0.40641525808204959,Q7,7,2,0.031746031746031744,1000,12409,519,0.041363333333333335,0.51900000000000002,0.040656625074866351,0.04208178700052638,0.48801914625314236,0.54983543692440662,374.45490000000012,375,441.39999999999998,1191.4000000000001,357,512,58752,59621,23808,5.8352941176470585,24987,6.1242647058823527,0,0,0.0059176394293127058,0.0038684719535783401,2026072001,2026072902,0-999,CC-B-R34-S-Q7,STAGE11-3400,dense,TARGET_ERRORS_REACHED,5
R34,1,1,2.3353890837021747,0.73529411764705888,0.39716411736214075,Q7,7,2,0.031746031746031744,1000,10346,467,0.034486666666666665,0.46700000000000003,0.033839635928308118,0.035145618921041732,0.43626306497354578,0.49798950108650092,370.50429999999943,370.5,423.80000000000001,877.5,357,512,58752,59621,22956,5.6264705882352946,24136,5.9156862745098042,0,0,0.004563549859209615,0.013015184381778754,2026072001,2026072902,0-999,CC-B-R34-S-Q7,STAGE11-3400,dense,TARGET_ERRORS_REACHED,5
R34,1.1000000000000001,1.1000000000000001,2.4353890837021748,0.73529411764705888,0.38812355831434586,Q7,7,2,0.031746031746031744,1000,8410,413,0.028033333333333334,0.41299999999999998,0.027448671966141445,0.028630081482520567,0.3828725319393248,0.44379332403716176,363.23879999999991,369.30000000000001,421.89999999999998,930.39999999999998,357,512,58752,59621,22103,5.4174019607843134,23287,5.7075980392156866,0,0,0.0017867778439547863,0.004866180048661805,2026072001,2026072902,0-999,CC-B-R34-S-Q7,STAGE11-3400,dense,TARGET_ERRORS_REACHED,5
R34,1.2000000000000002,1.2000000000000002,2.5353890837021749,0.73529411764705888,0.37928878751459183,Q7,7,2,0.031746031746031744,1000,7098,362,0.02366,0.36199999999999999,0.023122198331653191,0.024210000448774093,0.33279441286747335,0.39226177247453986,371.56930000000017,372.5,448.69999999999999,955.70000000000005,357,512,58752,59621,21281,5.2159313725490195,22446,5.5014705882352946,0,0,0.014289797084881458,0,2026072001,2026072902,0-999,CC-B-R34-S-Q7,STAGE11-3400,dense,TARGET_ERRORS_REACHED,5
R34,1.3,1.3,2.635389083702175,0.73529411764705888,0.3706551206504588,Q7,7,2,0.031746031746031744,1000,5744,309,0.019146666666666666,0.309,0.018662404565370418,0.019643243132137791,0.28113685771666347,0.33832496402481854,373.28079999999989,374.10000000000002,450,1368.2,357,512,58752,59621,20458,5.0142156862745102,21616,5.2980392156862743,0,0,0.0077192982456140251,0.013114754098360668,2026072001,2026072902,0-999,CC-B-R34-S-Q7,STAGE11-3400,dense,TARGET_ERRORS_REACHED,5
R34,1.3999999999999999,1.3999999999999999,2.7353890837021746,0.73529411764705888,0.36221798003749506,Q7,7,2,0.031746031746031744,1000,4732,270,0.015773333333333334,0.27000000000000002,0.015333635243200586,0.016225432176675349,0.24340236761645889,0.29835794128689647,360.76100000000008,368.39999999999998,418.60000000000002,843.29999999999995,357,512,58752,59621,19618,4.8083333333333336,20787,5.0948529411764705,0,0,0.030263444371870212,0.015037593984962419,2026072001,2026072902,0-999,CC-B-R34-S-Q7,STAGE11-3400,dense,TARGET_ERRORS_REACHED,5
R34,1.5,1.5,2.8353890837021747,0.73529411764705888,0.35397289219206896,Q7,7,2,0.031746031746031744,1000,3571,220,0.011903333333333333,0.22,0.011521455231134858,0.012297711297109586,0.19542349338903661,0.24671949136287427,372.95060000000058,373.69999999999999,452.19999999999999,935.20000000000005,357,512,58752,59621,18873,4.6257352941176473,19952,4.8901960784313729,0,0,-0.0025139664804469703,-0.0090090090090090176,2026072001,2026072902,0-999,CC-B-R34-S-Q7,STAGE11-3400,dense,TARGET_ERRORS_REACHED,5
R34,1.6000000000000001,1.6000000000000001,2.9353890837021748,0.73529411764705888,0.34591548545946826,Q7,7,2,0.031746031746031744,1107,3081,202,0.0092773261065943989,0.18247515808491419,0.0089568921020405558,0.0096091125299330536,0.16083368550789973,0.20631272911518439,373.42429990966519,373.5,425.60000000000002,1370.8,357,512,58752,59621,19926,4.4117647058823533,21116,4.6752395628531449,0,0,0.0035830618892507804,0.010000000000000004,2026072001,2026072902,0-1106,CC-B-R34-S-Q7,STAGE11-3400,dense,TARGET_ERRORS_REACHED,5
R34,1.7000000000000002,1.7000000000000002,3.0353890837021749,0.73529411764705888,0.33804148769599091,Q7,7,2,0.031746031746031744,1324,2857,201,0.0071928499496475328,0.15181268882175228,0.0069347734279710527,0.0074604585965245621,0.13349294855802343,0.17214704793759519,372.54395770392745,372.80000000000001,435,1752.4000000000001,357,512,58752,59621,22900,4.2392334577335467,24252,4.4895148391682955,0,0,0.0091840339102790079,0.0050000000000001424,2026072001,2026072902,0-1323,CC-B-R34-S-Q7,STAGE11-3400,dense,TARGET_ERRORS_REACHED,5
R34,1.8,1.8,3.135389083702175,0.73529411764705888,0.330346724003798,Q7,7,2,0.031746031746031744,1678,2548,204,0.0050615812475168854,0.12157330154946365,0.0048692878925818642,0.0052614283213464914,0.10679568568698886,0.13807963039035234,368.50053635280096,371.69999999999999,426.19999999999999,1986.5999999999999,357,512,58752,59621,27920,4.0781509266400242,29577,4.3201815887260748,0,0,-0.00039231071008240774,-0.0048780487804878014,2026072001,2026072902,0-1677,CC-B-R34-S-Q7,STAGE11-3400,dense,TARGET_ERRORS_REACHED,5
R34,1.9000000000000001,1.9000000000000001,3.2353890837021746,0.73529411764705888,0.32282711451732771,Q7,7,2,0.031746031746031744,2024,2444,202,0.0040250329380764165,0.099802371541501983,0.0038688860153823592,0.0041874554054293677,0.087492687866110974,0.11362829082118608,370.70770750988157,372.30000000000001,432.69999999999999,1322.4000000000001,357,512,58752,59621,32206,3.9000135627373478,34203,4.1418420134852356,0,0,0.014107883817427362,0.010000000000000083,2026072001,2026072902,0-2023,CC-B-R34-S-Q7,STAGE11-3400,dense,TARGET_ERRORS_REACHED,5
R34,2,2,3.3353890837021747,0.73529411764705888,0.31547867224009662,Q7,7,2,0.031746031746031744,2558,2481,202,0.0032329945269741985,0.078967943706020324,0.0031084476251663851,0.0033625148466668543,0.069136983833689533,0.090061571337026566,370.46161063330732,372.60000000000002,433.10000000000002,1045.7,357,512,58752,59621,38866,3.723995462141072,41443,3.9709140106394396,0,0,0.045952782462057272,0.0099999999999999759,2026072001,2026072902,0-2557,CC-B-R34-S-Q7,STAGE11-3400,dense,TARGET_ERRORS_REACHED,5
R34,2.1000000000000001,2.1000000000000001,3.4353890837021748,0.73529411764705888,0.3082975009307411,Q7,7,2,0.031746031746031744,3047,2399,200,0.0026244393392407831,0.065638332786347231,0.0025216274261902747,0.0027314316257850695,0.057380568511104145,0.074989947712573876,373.02271086314397,374.5,429.60000000000002,2853.8000000000002,357,512,58752,59621,44383,3.5701300539907463,47332,3.8073450581414057,0,0,0.0041858518208455209,-0.0099009900990098508,2026072001,2026072902,0-3046,CC-B-R34-S-Q7,STAGE11-3400,dense,TARGET_ERRORS_REACHED,5
R34,2.2000000000000002,2.2000000000000002,3.5353890837021749,0.73529411764705888,0.30127979303717889,Q7,7,2,0.031746031746031744,3705,2275,203,0.0020467836257309943,0.054790823211875846,0.0019644667830709612,0.0021325424120064874,0.047913474775754923,0.062590428766946538,370.26726045884072,373.10000000000002,436.60000000000002,1236.5,357,512,58752,59621,51680,3.4188034188034186,55103,3.6452462226456035,0,0,0.018352730528200665,0.0099502487562188966,2026072001,2026072902,0-3704,CC-B-R34-S-Q7,STAGE11-3400,dense,TARGET_ERRORS_REACHED,5
R34,2.2999999999999998,2.2999999999999998,3.6353890837021745,0.73529411764705888,0.29442182767779446,Q7,7,2,0.031746031746031744,4982,1927,209,0.0012893081761006289,0.041951023685266958,0.0012330471655451604,0.0013481327778003727,0.036728029916387517,0.047879846668696019,370.07173825772844,372.30000000000001,421.69999999999999,3735.6999999999998,357,512,58752,59621,66539,3.2735002873088215,70989,3.4924256736014359,0,0,0.019576719576719505,0.034653465346534643,2026072001,2026072902,0-4981,CC-B-R34-S-Q7,STAGE11-3400,dense,TARGET_ERRORS_REACHED,5
R34,2.4000000000000004,2.4000000000000004,3.735389083702175,0.73529411764705888,0.28771996866857846,Q7,7,2,0.031746031746031744,6247,1665,200,0.00088842644469345285,0.032015367376340642,0.00084678232851256982,0.00093211667647831638,0.027929425031629714,0.036676510262221788,365.18653753801857,370.69999999999999,418.30000000000001,1771.2,357,512,58752,59621,79478,3.1182810886480414,84915,3.3315991676004484,0,0,-0.0017985611510791797,0,2026072001,2026072902,0-6246,CC-B-R34-S-Q7,STAGE11-3400,dense,TARGET_ERRORS_REACHED,5
R34,2.5,2.5,3.8353890837021747,0.73529411764705888,0.28117066259517454,Q7,7,2,0.031746031746031744,7888,1716,203,0.00072515212981744419,0.025735294117647058,0.00069165568274690654,0.00076026955445292655,0.022465019710360128,0.029467277835051812,369.81796399594299,373.60000000000002,425.5,4038,357,512,58752,59621,95359,2.9630202740325338,102148,3.1739698922165216,0,0,-0.0046403712296984355,-0.0097560975609756757,2026072001,2026072902,0-7887,CC-B-R34-S-Q7,STAGE11-3400,dense,TARGET_ERRORS_REACHED,5
R34,2.6000000000000001,2.6000000000000001,3.9353890837021748,0.73529411764705888,0.27477043692881226,Q7,7,2,0.031746031746031744,10742,1712,202,0.00053124806057220882,0.01880469186371253,0.00050667829635710269,0.00055700859395237026,0.01640269834946988,0.021550723947293914,369.63917333829954,373.30000000000001,426.30000000000001,2332.9000000000001,357,512,58752,59621,123577,2.81963139007232,132373,3.020327941267738,0,0,-0.0092592592592590801,0,2026072001,2026072902,0-10741,CC-B-R34-S-Q7,STAGE11-3400,dense,TARGET_ERRORS_REACHED,5
R34,2.7000000000000002,2.7000000000000002,4.0353890837021744,0.73529411764705888,0.26851589818512633,Q7,7,2,0.031746031746031744,13911,1611,203,0.00038602544748759973,0.01459276831284595,0.0003676331585518571,0.00040533750962098037,0.012729830996786996,0.016723717578205455,370.33855222486022,373.89999999999998,426.60000000000002,2290.3000000000002,357,512,58752,59621,151829,2.6750765722146812,162976,2.8714756695575936,0,0,-0.008615384615384589,0,2026072001,2026072902,0-13910,CC-B-R34-S-Q7,STAGE11-3400,dense,TARGET_ERRORS_REACHED,5
R34,2.8000000000000003,2.8000000000000003,4.135389083702175,0.73529411764705888,0.26240373012488627,Q7,7,2,0.031746031746031744,17646,1597,204,0.00030167365597491406,0.011560693641618497,0.00028723844201406352,0.00031683408401656871,0.010086375623776501,0.013247627674869113,354.1175507197085,362.39999999999998,411.10000000000002,2857.5999999999999,357,512,58752,59621,182873,2.5400551810886429,196537,2.7298443462163284,0,0,0.0031407035175879993,0.019999999999999921,2026072001,2026072902,0-17645,CC-B-R34-S-Q7,STAGE11-3400,dense,TARGET_ERRORS_REACHED,5
R34,2.9000000000000004,2.9000000000000004,4.2353890837021755,0.73529411764705888,0.25643069199568241,Q7,7,2,0.031746031746031744,21920,1565,205,0.00023798661800486618,0.0093521897810218985,0.00022648554792155522,0.0002500715731468963,0.0081611556603787237,0.010715164878519898,366.66219434306635,371.89999999999998,420.60000000000002,3126.0999999999999,357,512,58752,59621,215804,2.4130080864462573,232184,2.5961607270645484,0,0,0.036423841059602641,0.025000000000000161,2026072001,2026072902,0-21919,CC-B-R34-S-Q7,STAGE11-3400,dense,TARGET_ERRORS_REACHED,5
R34,3,3,4.3353890837021751,0.73529411764705888,0.25059361681363618,Q7,7,2,0.031746031746031744,28925,1499,200,0.00017274560645347162,0.0069144338807260158,0.00016421994528736711,0.00018171380636119902,0.0060227765221455955,0.0079370448345288461,350.87047536733144,361.5,411.89999999999998,2281,357,512,58752,59621,269537,2.2839408883691767,290380,2.4605555273103192,0,0,-0.0019973368841544738,-0.0049751243781094544,2026072001,2026072902,0-28924,CC-B-R34-S-Q7,STAGE11-3400,dense,TARGET_ERRORS_REACHED,5
R34,3.5,3.5,4.8353890837021751,0.73529411764705888,0.22334179607548157,Q7,7,2,0.031746031746031744,50000,487,78,3.2466666666666665e-05,0.00156,2.9708403698699904e-05,3.5481010194516429e-05,0.0012502636158317206,0.0019463199696979473,444.41471000000229,396.19999999999999,752,40754.900000000001,357,512,58752,59621,350035,1.7158578431372549,380258,1.8640098039215687,0,0,-0.037549407114624483,-0.037037037037037,2026072001,2026072902,0-49999,CC-B-R34-S-Q7,STAGE11-3400,coarse,MAX_FRAMES_REACHED,5
R34,4,4,5.3353890837021751,0.73529411764705888,0.19905358527674863,Q7,7,2,0.031746031746031744,50000,85,15,5.6666666666666669e-06,0.00029999999999999997,4.5832662245153502e-06,7.0061613955103278e-06,0.00018181990868192119,0.00049495727149859213,431.01801800000021,394.89999999999998,666.39999999999998,19301.700000000001,357,512,58752,59621,254617,1.248122549019608,278999,1.367642156862745,0,0,0.089743589743589744,0,2026072001,2026072902,0-49999,CC-B-R34-S-Q7,STAGE11-3400,coarse,MAX_FRAMES_REACHED,5
R34,4.5,4.5,5.8353890837021751,0.73529411764705888,0.17740669461678774,Q7,7,2,0.031746031746031744,50000,10,2,6.6666666666666671e-07,4.0000000000000003e-05,3.6213244585961292e-07,1.2272977351379563e-06,1.0969511301390302e-05,0.00014584761698167861,393.75619799999851,383.89999999999998,498.19999999999999,8209.7999999999993,357,512,58752,59621,178868,0.87680392156862741,197871,0.96995588235294117,0,0,0,0,2026072001,2026072902,0-49999,CC-B-R34-S-Q7,STAGE11-3400,coarse,MAX_FRAMES_REACHED,5
R34,5,5,6.3353890837021751,0.73529411764705888,0.15811388300841897,Q7,7,2,0.031746031746031744,50000,0,0,0,0,0,2.5609718912715457e-07,0,7.6823274145000517e-05,386.41168400000305,381,467.5,30558,357,512,58752,59621,120965,0.59296568627450985,135555,0.66448529411764701,0,0,0,0,2026072001,2026072902,0-49999,CC-B-R34-S-Q7,STAGE11-3400,coarse,MAX_FRAMES_REACHED,5
R34,5.5,5.5,6.8353890837021751,0.73529411764705888,0.14091914656322269,Q7,7,2,0.031746031746031744,50000,0,0,0,0,0,2.5609718912715457e-07,0,7.6823274145000517e-05,385.59870800000056,381.10000000000002,467.10000000000002,16274.9,357,512,58752,59621,78435,0.38448529411764704,88807,0.43532843137254901,0,0,0,0,2026072001,2026072902,0-49999,CC-B-R34-S-Q7,STAGE11-3400,coarse,MAX_FRAMES_REACHED,5
R34,6,6,7.3353890837021751,0.73529411764705888,0.12559432157547901,Q7,7,2,0.031746031746031744,50000,0,0,0,0,0,2.5609718912715457e-07,0,7.6823274145000517e-05,374.38735200000218,376.80000000000001,435.10000000000002,3101.9000000000001,357,512,58752,59621,48366,0.23708823529411766,55618,0.27263725490196078,0,0,0,0,2026072001,2026072902,0-49999,CC-B-R34-S-Q7,STAGE11-3400,coarse,MAX_FRAMES_REACHED,5
R34,6.5,6.5,7.8353890837021751,0.73529411764705888,0.11193605692841696,Q7,7,2,0.031746031746031744,50000,0,0,0,0,0,2.5609718912715457e-07,0,7.6823274145000517e-05,372.62222799999876,376.5,429.10000000000002,6138.6999999999998,357,512,58752,59621,28330,0.13887254901960785,33071,0.16211274509803922,0,0,0,0,2026072001,2026072902,0-49999,CC-B-R34-S-Q7,STAGE11-3400,coarse,MAX_FRAMES_REACHED,5
R34,7,7,8.3353890837021751,0.73529411764705888,0.099763115748444001,Q7,7,2,0.031746031746031744,50000,0,0,0,0,0,2.5609718912715457e-07,0,7.6823274145000517e-05,373.54484000000065,376.19999999999999,430.39999999999998,8976.3999999999996,357,512,58752,59621,15720,0.077058823529411763,18624,0.091294117647058817,0,0,0,0,2026072001,2026072902,0-49999,CC-B-R34-S-Q7,STAGE11-3400,coarse,MAX_FRAMES_REACHED,5
R34,7.5,7.5,8.8353890837021751,0.73529411764705888,0.088913970501946132,Q7,7,2,0.031746031746031744,50000,0,0,0,0,0,2.5609718912715457e-07,0,7.6823274145000517e-05,372.26839999999953,376,427.89999999999998,12604.5,357,512,58752,59621,8103,0.039720588235294119,9817,0.048122549019607844,0,0,0,0,2026072001,2026072902,0-49999,CC-B-R34-S-Q7,STAGE11-3400,coarse,MAX_FRAMES_REACHED,5
R34,8,8,9.3353890837021751,0.73529411764705888,0.079244659623055658,Q7,7,2,0.031746031746031744,50000,0,0,0,0,0,2.5609718912715457e-07,0,7.6823274145000517e-05,370.66424200000068,374.89999999999998,426.10000000000002,6221.6000000000004,357,512,58752,59621,3841,0.018828431372549019,4754,0.023303921568627452,0,0,0,0,2026072001,2026072902,0-49999,CC-B-R34-S-Q7,STAGE11-3400,coarse,MAX_FRAMES_REACHED,5
R34,8.5,8.5,9.8353890837021751,0.73529411764705888,0.070626877231137725,Q7,7,2,0.031746031746031744,50000,0,0,0,0,0,2.5609718912715457e-07,0,7.6823274145000517e-05,376.27824800000235,376.30000000000001,440.19999999999999,6469.8999999999996,357,512,58752,59621,1694,0.0083039215686274512,2120,0.010392156862745097,0,0,0,0,2026072001,2026072902,0-49999,CC-B-R34-S-Q7,STAGE11-3400,coarse,MAX_FRAMES_REACHED,5
R34,9,9,10.335389083702175,0.73529411764705888,0.06294627058970835,Q7,7,2,0.031746031746031744,50000,0,0,0,0,0,2.5609718912715457e-07,0,7.6823274145000517e-05,374.60972600000002,374.60000000000002,438.19999999999999,8936.3999999999996,357,512,58752,59621,702,0.0034411764705882353,895,0.004387254901960784,0,0,0,0,2026072001,2026072902,0-49999,CC-B-R34-S-Q7,STAGE11-3400,coarse,MAX_FRAMES_REACHED,5
R34,9.5,9.5,10.835389083702175,0.73529411764705888,0.05610092271509818,Q7,7,2,0.031746031746031744,50000,0,0,0,0,0,2.5609718912715457e-07,0,7.6823274145000517e-05,373.76724399999836,374,436.80000000000001,7150.1000000000004,357,512,58752,59621,265,0.0012990196078431372,347,0.0017009803921568627,0,0,0,0,2026072001,2026072902,0-49999,CC-B-R34-S-Q7,STAGE11-3400,coarse,MAX_FRAMES_REACHED,5
R34,10,10,11.335389083702175,0.73529411764705888,0.050000000000000003,Q7,7,2,0.031746031746031744,50000,0,0,0,0,0,2.5609718912715457e-07,0,7.6823274145000517e-05,358.9571600000009,364.10000000000002,426.69999999999999,10614.200000000001,357,512,58752,59621,82,0.00040196078431372549,115,0.00056372549019607845,0,0,0,0,2026072001,2026072902,0-49999,CC-B-R34-S-Q7,STAGE11-3400,coarse,MAX_FRAMES_REACHED,5
R34,-5,-5,-3.6646109162978253,0.73529411764705888,1.5811388300841895,Q8,8,2,0.015748031496062992,1000,144748,1000,0.48249333333333333,1,0.48070547184407758,0.4842816431577755,0.99617324151444497,1,402.04450000000008,374.89999999999998,604,2581.4000000000001,408,512,58752,59672,90683,22.226225490196079,91507,22.428186274509805,0,0,-0.00017959025791926587,0,2026072001,2026072902,0-999,CC-B-R34-S-Q8,STAGE11-3400,coarse,TARGET_ERRORS_REACHED,5
R34,-4.5,-4.5,-3.1646109162978253,0.73529411764705888,1.4091914656322269,Q8,8,2,0.015748031496062992,1000,143492,1000,0.47830666666666666,1,0.47651944650756844,0.48009444237896232,0.99617324151444497,1,439.29550000000046,383.80000000000001,844.89999999999998,2510.5,408,512,58752,59672,83961,20.578676470588235,84770,20.776960784313726,0,0,0.00025094802587554858,0,2026072001,2026072902,0-999,CC-B-R34-S-Q8,STAGE11-3400,coarse,TARGET_ERRORS_REACHED,5
R34,-4,-4,-2.6646109162978253,0.73529411764705888,1.2559432157547903,Q8,8,2,0.015748031496062992,1000,141975,1000,0.47325,1,0.47146372218315519,0.47503696286822922,0.99617324151444497,1,404.25939999999986,374.19999999999999,650.20000000000005,1695,408,512,58752,59672,77574,19.013235294117646,78402,19.216176470588234,0,0,-0.0005420550221046155,0,2026072001,2026072902,0-999,CC-B-R34-S-Q8,STAGE11-3400,coarse,TARGET_ERRORS_REACHED,5
R34,-3.5,-3.5,-2.1646109162978253,0.73529411764705888,1.1193605692841697,Q8,8,2,0.015748031496062992,1000,139596,1000,0.46532000000000001,1,0.46353557022027442,0.46710531791363247,0.99617324151444497,1,416.64289999999977,379.80000000000001,787.39999999999998,3506.4000000000001,408,512,58752,59672,71318,17.479901960784314,72110,17.674019607843139,0,0,-0.00022202009639971671,0,2026072001,2026072902,0-999,CC-B-R34-S-Q8,STAGE11-3400,coarse,TARGET_ERRORS_REACHED,5
R34,-3,-3,-1.6646109162978253,0.73529411764705888,0.99763115748443987,Q8,8,2,0.015748031496062992,1000,136121,1000,0.45373666666666668,1,0.45195575149129358,0.4555187666181349,0.99617324151444497,1,428.5248000000002,378.19999999999999,772.39999999999998,2924,408,512,58752,59672,65195,15.979166666666666,66012,16.179411764705883,0,0,-0.00048462775448463797,0,2026072001,2026072902,0-999,CC-B-R34-S-Q8,STAGE11-3400,coarse,TARGET_ERRORS_REACHED,5
R34,-2.5,-2.5,-1.1646109162978253,0.73529411764705888,0.88913970501946138,Q8,8,2,0.015748031496062992,1000,131005,1000,0.43668333333333331,1,0.43490936485574144,0.43845892331261321,0.99617324151444497,1,415.03809999999964,379.19999999999999,744.79999999999995,2107.8000000000002,408,512,58752,59672,59219,14.514460784313725,60065,14.721813725490197,0,0,-0.001082754466362283,0,2026072001,2026072902,0-999,CC-B-R34-S-Q8,STAGE11-3400,coarse,TARGET_ERRORS_REACHED,5
R34,-2,-2,-0.66461091629782532,0.73529411764705888,0.79244659623055669,Q8,8,2,0.015748031496062992,1000,123631,1000,0.41210333333333332,1,0.41034313854876558,0.41386577909858069,0.99617324151444497,1,425.82960000000031,379,771.29999999999995,3364.9000000000001,408,512,58752,59672,53388,13.085294117647059,54223,13.289950980392156,0,0,-0.0019052693614925471,0,2026072001,2026072902,0-999,CC-B-R34-S-Q8,STAGE11-3400,coarse,TARGET_ERRORS_REACHED,5
R34,-1.5,-1.5,-0.16461091629782532,0.73529411764705888,0.70626877231137719,Q8,8,2,0.015748031496062992,1000,111912,1000,0.37303999999999998,1,0.37131108229449111,0.37477216907462135,0.99617324151444497,1,384.71379999999971,375.80000000000001,646.39999999999998,1895.2,408,512,58752,59672,47749,11.703186274509804,48506,11.888725490196078,0,0,-0.0017216002854466683,0,2026072001,2026072902,0-999,CC-B-R34-S-Q8,STAGE11-3400,coarse,TARGET_ERRORS_REACHED,5
R34,-1,-1,0.33538908370217468,0.73529411764705888,0.62946270589708364,Q8,8,2,0.015748031496062992,1000,95606,996,0.31868666666666667,0.996,0.31702158564982069,0.32035639100874652,0.98976044372273775,0.99844341185959162,429.78469999999965,383.5,757.70000000000005,1955.7,408,512,58752,59672,42318,10.372058823529411,43023,10.544852941176471,0,0,-0.00036595184073771864,0,2026072001,2026072902,0-999,CC-B-R34-S-Q8,STAGE11-3400,coarse,TARGET_ERRORS_REACHED,5
R34,-0.5,-0.5,0.83538908370217468,0.73529411764705888,0.56100922715098167,Q8,8,2,0.015748031496062992,1000,72525,984,0.24174999999999999,0.98399999999999999,0.24022124902970871,0.24328536459720762,0.97416793978826,0.99012775799772268,431.28699999999969,384.69999999999999,772.70000000000005,2504.3000000000002,408,512,58752,59672,37113,9.0963235294117641,37803,9.2654411764705884,0,0,-0.00070271164021165459,-0.00101522842639594,2026072001,2026072902,0-999,CC-B-R34-S-Q8,STAGE11-3400,coarse,TARGET_ERRORS_REACHED,5
R34,0,0,1.3353890837021747,0.73529411764705888,0.5,Q8,8,2,0.015748031496062992,1000,47489,912,0.15829666666666667,0.91200000000000003,0.15699486358301565,0.15960722056682394,0.89282774895022354,0.92801900205767918,493.15489999999971,390.80000000000001,932,15384.9,408,512,58752,59672,31993,7.8414215686274513,32695,8.0134803921568629,0,0,0.0069335481955812373,0.0021978021978021995,2026072001,2026072902,0-999,CC-B-R34-S-Q8,STAGE11-3400,coarse,TARGET_ERRORS_REACHED,5
R34,0.5,0.5,1.8353890837021747,0.73529411764705888,0.44562546906687278,Q8,8,2,0.015748031496062992,1000,24210,710,0.080699999999999994,0.70999999999999996,0.079730701095181988,0.081680036925209226,0.68111479642999595,0.73727796500607079,361.31870000000066,366.89999999999998,426.30000000000001,763.20000000000005,408,512,58752,59672,27296,6.6901960784313728,27936,6.8470588235294114,0,0,0.00033055119411611793,0.0042432814710042475,2026072001,2026072902,0-999,CC-B-R34-S-Q8,STAGE11-3400,dense,TARGET_ERRORS_REACHED,5
R34,0.59999999999999998,0.59999999999999998,1.9353890837021748,0.73529411764705888,0.43548179497804029,Q8,8,2,0.015748031496062992,1000,20694,660,0.06898,0.66000000000000003,0.068078672486397471,0.069892365676132981,0.63007731958976432,0.68869811769485823,370.17649999999998,370,440,1553.7,408,512,58752,59672,26378,6.4651960784313722,26985,6.6139705882352944,0,0,0.0026648577934976548,-0.003021148036253779,2026072001,2026072902,0-999,CC-B-R34-S-Q8,STAGE11-3400,dense,TARGET_ERRORS_REACHED,5
R34,0.69999999999999996,0.69999999999999996,2.0353890837021744,0.73529411764705888,0.42556901910118822,Q8,8,2,0.015748031496062992,1000,17386,613,0.057953333333333336,0.61299999999999999,0.057122870831778097,0.058795116383709337,0.58243432667296591,0.64270082590929856,362.8007999999997,369.39999999999998,441,758.39999999999998,408,512,58752,59672,25508,6.2519607843137255,26107,6.3987745098039213,0,0,0.00057550644567224796,-0.0016286644951140079,2026072001,2026072902,0-999,CC-B-R34-S-Q8,STAGE11-3400,dense,TARGET_ERRORS_REACHED,5
R34,0.80000000000000004,0.80000000000000004,2.135389083702175,0.73529411764705888,0.41588188555133548,Q8,8,2,0.015748031496062992,1000,14519,560,0.048396666666666664,0.56000000000000005,0.047634499746809923,0.049170398875820052,0.52906264287127391,0.59047814611045957,362.37599999999998,364.69999999999999,407.19999999999999,842.20000000000005,408,512,58752,59672,24652,6.0421568627450979,25228,6.1833333333333336,0,0,0.0024164595415629817,0.0035842293906810066,2026072001,2026072902,0-999,CC-B-R34-S-Q8,STAGE11-3400,dense,TARGET_ERRORS_REACHED,5
R34,0.90000000000000002,0.90000000000000002,2.2353890837021746,0.73529411764705888,0.40641525808204959,Q8,8,2,0.015748031496062992,1000,12248,514,0.040826666666666664,0.51400000000000001,0.040124404553600314,0.041540687932169092,0.48302810642681226,0.54486474433559229,373.75129999999945,373.5,449.19999999999999,1020.3,408,512,58752,59672,23808,5.8352941176470585,24395,5.979166666666667,0,0,-0.0071335927367055683,-0.0058027079303675094,2026072001,2026072902,0-999,CC-B-R34-S-Q8,STAGE11-3400,dense,TARGET_ERRORS_REACHED,5
R34,1,1,2.3353890837021747,0.73529411764705888,0.39716411736214075,Q8,8,2,0.015748031496062992,1000,10324,463,0.03441333333333333,0.46300000000000002,0.033766973336589713,0.035071616724115955,0.43229566915425255,0.49398751097367855,365.87029999999965,368.89999999999998,421.89999999999998,906.89999999999998,408,512,58752,59672,22956,5.6264705882352946,23529,5.7669117647058821,0,0,0.0024274201378773987,0.0043383947939262509,2026072001,2026072902,0-999,CC-B-R34-S-Q8,STAGE11-3400,dense,TARGET_ERRORS_REACHED,5
R34,1.1000000000000001,1.1000000000000001,2.4353890837021748,0.73529411764705888,0.38812355831434586,Q8,8,2,0.015748031496062992,1000,8346,404,0.027820000000000001,0.40400000000000003,0.027237528452478392,0.028414563792855098,0.3740102086208163,0.43472452900841035,367.34659999999911,369.30000000000001,424.69999999999999,3349.6999999999998,408,512,58752,59672,22103,5.4174019607843134,22680,5.5588235294117645,0,0,-0.0058368076235853954,-0.017031630170316184,2026072001,2026072902,0-999,CC-B-R34-S-Q8,STAGE11-3400,dense,TARGET_ERRORS_REACHED,5
R34,1.2000000000000002,1.2000000000000002,2.5353890837021749,0.73529411764705888,0.37928878751459183,Q8,8,2,0.015748031496062992,1000,7049,359,0.023496666666666666,0.35899999999999999,0.02296070212101721,0.024044834175611672,0.32985959695418837,0.38921954893873817,368.32020000000023,372,425,937.5,408,512,58752,59672,21281,5.2159313725490195,21845,5.354166666666667,0,0,0.0072877965132895125,-0.0082872928176795663,2026072001,2026072902,0-999,CC-B-R34-S-Q8,STAGE11-3400,dense,TARGET_ERRORS_REACHED,5
R34,1.3,1.3,2.635389083702175,0.73529411764705888,0.3706551206504588,Q8,8,2,0.015748031496062992,1000,5767,309,0.019223333333333332,0.309,0.018738108736974991,0.019720870330479402,0.28113685771666347,0.33832496402481854,369.57540000000029,370.5,435.5,1520.7,408,512,58752,59672,20458,5.0142156862745102,21020,5.1519607843137258,0,0,0.011754385964912227,0.013114754098360668,2026072001,2026072902,0-999,CC-B-R34-S-Q8,STAGE11-3400,dense,TARGET_ERRORS_REACHED,5
R34,1.3999999999999999,1.3999999999999999,2.7353890837021746,0.73529411764705888,0.36221798003749506,Q8,8,2,0.015748031496062992,1000,4617,265,0.015389999999999999,0.26500000000000001,0.014955671518048178,0.015836739052096819,0.23858325625975632,0.29321532022845459,361.97500000000065,367.19999999999999,424.69999999999999,825.89999999999998,408,512,58752,59672,19618,4.8083333333333336,20208,4.9529411764705884,0,0,0.0052253429131285745,-0.0037593984962406048,2026072001,2026072902,0-999,CC-B-R34-S-Q8,STAGE11-3400,dense,TARGET_ERRORS_REACHED,5
R34,1.5,1.5,2.8353890837021747,0.73529411764705888,0.35397289219206896,Q8,8,2,0.015748031496062992,1000,3598,224,0.011993333333333333,0.224,0.011610007677976094,0.01238915654542257,0.19924343666098709,0.25086893402303939,372.27999999999975,371.60000000000002,449.10000000000002,1684.9000000000001,408,512,58752,59672,18873,4.6257352941176473,19367,4.7468137254901963,0,0,0.0050279329608937948,0.0090090090090090176,2026072001,2026072902,0-999,CC-B-R34-S-Q8,STAGE11-3400,dense,TARGET_ERRORS_REACHED,5
R34,1.6000000000000001,1.6000000000000001,2.9353890837021748,0.73529411764705888,0.34591548545946826,Q8,8,2,0.015748031496062992,1107,3037,201,0.0091448358928033716,0.18157181571815717,0.008826718017690683,0.0094743092517403961,0.15997704049519942,0.20536893718513385,378.06332429990965,373.30000000000001,422,9003.6000000000004,408,512,58752,59672,19926,4.4117647058823533,20520,4.543280726924916,0,0,-0.010749185667752528,0.0049999999999999246,2026072001,2026072902,0-1106,CC-B-R34-S-Q8,STAGE11-3400,dense,TARGET_ERRORS_REACHED,5
R34,1.7000000000000002,1.7000000000000002,3.0353890837021749,0.73529411764705888,0.33804148769599091,Q8,8,2,0.015748031496062992,1324,2828,200,0.0071198388721047329,0.15105740181268881,0.0068630903858960726,0.0073861208957311398,0.13277918023343357,0.171354612350028,370.04493957703932,371.5,424.69999999999999,951.5,408,512,58752,59672,22900,4.2392334577335467,23530,4.3558586576624609,0,0,-0.0010596962204168974,0,2026072001,2026072902,0-1323,CC-B-R34-S-Q8,STAGE11-3400,dense,TARGET_ERRORS_REACHED,5
R34,1.8,1.8,3.135389083702175,0.73529411764705888,0.330346724003798,Q8,8,2,0.015748031496062992,1678,2505,200,0.0049761620977353989,0.11918951132300358,0.0047855218989982127,0.0051743573190288399,0.10454973899044791,0.13556888616454585,366.55226460071543,369.89999999999998,421.30000000000001,1725,408,512,58752,59672,27920,4.0781509266400242,28733,4.196902241230223,0,0,-0.017261671243625085,-0.024390243902439004,2026072001,2026072902,0-1677,CC-B-R34-S-Q8,STAGE11-3400,dense,TARGET_ERRORS_REACHED,5
R34,1.9000000000000001,1.9000000000000001,3.2353890837021746,0.73529411764705888,0.32282711451732771,Q8,8,2,0.015748031496062992,2024,2406,200,0.0039624505928853755,0.098814229249011856,0.0038075417634672441,0.0041236357588134579,0.086563831905451943,0.11258460598848041,366.37346837944671,370.30000000000001,418.30000000000001,1863.3,408,512,58752,59672,32206,3.9000135627373478,33183,4.018324226923971,0,0,-0.0016597510373444469,0,2026072001,2026072902,0-2023,CC-B-R34-S-Q8,STAGE11-3400,dense,TARGET_ERRORS_REACHED,5
R34,2,2,3.3353890837021747,0.73529411764705888,0.31547867224009662,Q8,8,2,0.015748031496062992,2558,2474,203,0.0032238728173051862,0.07935887412040657,0.003099504646908675,0.0033532144969091794,0.069503810590421433,0.090475433015605067,367.40449569976568,371.19999999999999,418.69999999999999,977.20000000000005,408,512,58752,59672,38866,3.723995462141072,40128,3.8449156050223059,0,0,0.043001686340640728,0.015000000000000051,2026072001,2026072902,0-2557,CC-B-R34-S-Q8,STAGE11-3400,dense,TARGET_ERRORS_REACHED,5
R34,2.1000000000000001,2.1000000000000001,3.4353890837021748,0.73529411764705888,0.3082975009307411,Q8,8,2,0.015748031496062992,3047,2417,202,0.0026441308390766876,0.0662947161142107,0.0025409272282047096,0.0027515146579380834,0.057995528164006854,0.075686101748792894,369.46268460781164,372.89999999999998,429.30000000000001,2254.3000000000002,408,512,58752,59672,44383,3.5701300539907463,45807,3.6846753798335876,0,0,0.011720385098367625,0,2026072001,2026072902,0-3046,CC-B-R34-S-Q8,STAGE11-3400,dense,TARGET_ERRORS_REACHED,5
R34,2.2000000000000002,2.2000000000000002,3.5353890837021749,0.73529411764705888,0.30127979303717889,Q8,8,2,0.015748031496062992,3705,2279,204,0.0020503823661718397,0.055060728744939273,0.0019679918469279944,0.0021362148041559935,0.04816618287636186,0.062876972619329771,367.66269905533022,371.80000000000001,431.60000000000002,1530.3,408,512,58752,59672,51680,3.4188034188034186,53353,3.5294779180228097,0,0,0.020143240823634719,0.014925373134328344,2026072001,2026072902,0-3704,CC-B-R34-S-Q8,STAGE11-3400,dense,TARGET_ERRORS_REACHED,5
R34,2.2999999999999998,2.2999999999999998,3.6353890837021745,0.73529411764705888,0.29442182767779446,Q8,8,2,0.015748031496062992,4982,1859,200,0.0012438110531245818,0.040144520272982737,0.0011885727613267988,0.0013016131699417571,0.035038594029923681,0.04595905945667858,368.287535126455,370.60000000000002,423.19999999999999,3566.8000000000002,408,512,58752,59672,66539,3.2735002873088215,68709,3.3802571610739838,0,0,-0.016402116402116491,-0.0099009900990098734,2026072001,2026072902,0-4981,CC-B-R34-S-Q8,STAGE11-3400,dense,TARGET_ERRORS_REACHED,5
R34,2.4000000000000004,2.4000000000000004,3.735389083702175,0.73529411764705888,0.28771996866857846,Q8,8,2,0.015748031496062992,6247,1669,200,0.00089056080251854227,0.032015367376340642,0.0008488655359851358,0.00093430217590609636,0.027929425031629714,0.036676510262221788,362.94776692812746,369,418.5,2010.5999999999999,408,512,58752,59672,79478,3.1182810886480414,82086,3.2206047137920319,0,0,0.00059952038369305983,0,2026072001,2026072902,0-6246,CC-B-R34-S-Q8,STAGE11-3400,dense,TARGET_ERRORS_REACHED,5
R34,2.5,2.5,3.8353890837021747,0.73529411764705888,0.28117066259517454,Q8,8,2,0.015748031496062992,7888,1692,200,0.00071501014198782956,0.025354969574036511,0.00068175415676916093,0.00074988713769906751,0.022110046119486661,0.029061972594766835,368.63671399594432,372.89999999999998,425.89999999999998,1338.0999999999999,408,512,58752,59672,95359,2.9630202740325338,98697,3.0667395000596587,0,0,-0.018561484918793593,-0.024390243902439056,2026072001,2026072902,0-7887,CC-B-R34-S-Q8,STAGE11-3400,dense,TARGET_ERRORS_REACHED,5
R34,2.6000000000000001,2.6000000000000001,3.9353890837021748,0.73529411764705888,0.27477043692881226,Q8,8,2,0.015748031496062992,10742,1706,200,0.00052938620989263329,0.018618506795754979,0.00050486053624443545,0.0005551026571446715,0.016229050611609827,0.021352134665342304,369.03199590392853,372.30000000000001,425.19999999999999,5301.6999999999998,408,512,58752,59672,123577,2.81963139007232,127809,2.9161920772777554,0,0,-0.012731481481481361,-0.0099009900990099757,2026072001,2026072902,0-10741,CC-B-R34-S-Q8,STAGE11-3400,dense,TARGET_ERRORS_REACHED,5
R34,2.7000000000000002,2.7000000000000002,4.0353890837021744,0.73529411764705888,0.26851589818512633,Q8,8,2,0.015748031496062992,13911,1625,203,0.00038938010686986315,0.01459276831284595,0.00037090615730413722,0.00040877382345740748,0.012729830996786996,0.016723717578205455,369.5118970598802,372.80000000000001,424.69999999999999,2771.5,408,512,58752,59672,151829,2.6750765722146812,157250,2.7705892219586419,0,0,0,0,2026072001,2026072902,0-13910,CC-B-R34-S-Q8,STAGE11-3400,dense,TARGET_ERRORS_REACHED,5
R34,2.8000000000000003,2.8000000000000003,4.135389083702175,0.73529411764705888,0.26240373012488627,Q8,8,2,0.015748031496062992,17646,1619,204,0.00030582946087876384,0.011560693641618497,0.00029129275821161021,0.0003210913715953861,0.010086375623776501,0.013247627674869113,352.08148588915287,361.10000000000002,408.39999999999998,1285.8,408,512,58752,59672,182873,2.5400551810886429,189687,2.634699748651586,0,0,0.01695979899497491,0.019999999999999921,2026072001,2026072902,0-17645,CC-B-R34-S-Q8,STAGE11-3400,dense,TARGET_ERRORS_REACHED,5
R34,2.9000000000000004,2.9000000000000004,4.2353890837021755,0.73529411764705888,0.25643069199568241,Q8,8,2,0.015748031496062992,21920,1546,200,0.00023509732360097322,0.0091240875912408752,0.00022366799968032578,0.00024711053595597831,0.0079485440789397264,0.010471652015764983,365.17232208029088,370.69999999999999,419.39999999999998,1949.4000000000001,408,512,58752,59672,215804,2.4130080864462573,223735,2.5016884034635751,0,0,0.023841059602648963,0,2026072001,2026072902,0-21919,CC-B-R34-S-Q8,STAGE11-3400,dense,TARGET_ERRORS_REACHED,5
R34,3,3,4.3353890837021751,0.73529411764705888,0.25059361681363618,Q8,8,2,0.015748031496062992,28925,1496,200,0.00017239988475943531,0.0069144338807260158,0.00016388297377537331,0.00018135933479121645,0.0060227765221455955,0.0079370448345288461,349.21533967156387,360,410.69999999999999,2825.3000000000002,408,512,58752,59672,269537,2.2839408883691767,279858,2.3713966139610556,0,0,-0.0039946737683089475,-0.0049751243781094544,2026072001,2026072902,0-28924,CC-B-R34-S-Q8,STAGE11-3400,dense,TARGET_ERRORS_REACHED,5
R34,3.5,3.5,4.8353890837021751,0.73529411764705888,0.22334179607548157,Q8,8,2,0.015748031496062992,50000,503,80,3.3533333333333333e-05,0.0016000000000000001,3.0728133037170027e-05,3.6594613643038973e-05,0.0012858875320993404,0.0019906899075683967,441.91587200000032,394.89999999999998,753.79999999999995,29840.5,408,512,58752,59672,350035,1.7158578431372549,364655,1.7875245098039216,0,0,-0.0059288537549406547,-0.012345679012345578,2026072001,2026072902,0-49999,CC-B-R34-S-Q8,STAGE11-3400,coarse,MAX_FRAMES_REACHED,5
R34,4,4,5.3353890837021751,0.73529411764705888,0.19905358527674863,Q8,8,2,0.015748031496062992,50000,83,16,5.5333333333333334e-06,0.00032000000000000003,4.4641088826197266e-06,6.8586521390318681e-06,0.00019698957251332964,0.000519784534736218,432.22641400000026,393.89999999999998,670.10000000000002,31500.599999999999,408,512,58752,59672,254617,1.248122549019608,266433,1.3060441176470587,0,0,0.064102564102564083,0.066666666666666846,2026072001,2026072902,0-49999,CC-B-R34-S-Q8,STAGE11-3400,coarse,MAX_FRAMES_REACHED,5
R34,4.5,4.5,5.8353890837021751,0.73529411764705888,0.17740669461678774,Q8,8,2,0.015748031496062992,50000,10,2,6.6666666666666671e-07,4.0000000000000003e-05,3.6213244585961292e-07,1.2272977351379563e-06,1.0969511301390302e-05,0.00014584761698167861,395.36966200000546,382.89999999999998,498.19999999999999,55921.099999999999,408,512,58752,59672,178868,0.87680392156862741,188232,0.92270588235294115,0,0,0,0,2026072001,2026072902,0-49999,CC-B-R34-S-Q8,STAGE11-3400,coarse,MAX_FRAMES_REACHED,5
R34,5,5,6.3353890837021751,0.73529411764705888,0.15811388300841897,Q8,8,2,0.015748031496062992,50000,0,0,0,0,0,2.5609718912715457e-07,0,7.6823274145000517e-05,385.03988399999832,380.10000000000002,470.39999999999998,10398.700000000001,408,512,58752,59672,120965,0.59296568627450985,127933,0.62712254901960784,0,0,0,0,2026072001,2026072902,0-49999,CC-B-R34-S-Q8,STAGE11-3400,coarse,MAX_FRAMES_REACHED,5
R34,5.5,5.5,6.8353890837021751,0.73529411764705888,0.14091914656322269,Q8,8,2,0.015748031496062992,50000,0,0,0,0,0,2.5609718912715457e-07,0,7.6823274145000517e-05,383.17397399999982,380.10000000000002,466.69999999999999,7342.8000000000002,408,512,58752,59672,78435,0.38448529411764704,83452,0.40907843137254901,0,0,0,0,2026072001,2026072902,0-49999,CC-B-R34-S-Q8,STAGE11-3400,coarse,MAX_FRAMES_REACHED,5
R34,6,6,7.3353890837021751,0.73529411764705888,0.12559432157547901,Q8,8,2,0.015748031496062992,50000,0,0,0,0,0,2.5609718912715457e-07,0,7.6823274145000517e-05,372.90682599999792,376,432.39999999999998,3665.1999999999998,408,512,58752,59672,48366,0.23708823529411766,51862,0.25422549019607843,0,0,0,0,2026072001,2026072902,0-49999,CC-B-R34-S-Q8,STAGE11-3400,coarse,MAX_FRAMES_REACHED,5
R34,6.5,6.5,7.8353890837021751,0.73529411764705888,0.11193605692841696,Q8,8,2,0.015748031496062992,50000,0,0,0,0,0,2.5609718912715457e-07,0,7.6823274145000517e-05,371.81933999999876,375.69999999999999,429.30000000000001,3312.4000000000001,408,512,58752,59672,28330,0.13887254901960785,30645,0.15022058823529411,0,0,0,0,2026072001,2026072902,0-49999,CC-B-R34-S-Q8,STAGE11-3400,coarse,MAX_FRAMES_REACHED,5
R34,7,7,8.3353890837021751,0.73529411764705888,0.099763115748444001,Q8,8,2,0.015748031496062992,50000,0,0,0,0,0,2.5609718912715457e-07,0,7.6823274145000517e-05,372.36615200000114,375.30000000000001,430.5,3750.0999999999999,408,512,58752,59672,15720,0.077058823529411763,17080,0.083725490196078431,0,0,0,0,2026072001,2026072902,0-49999,CC-B-R34-S-Q8,STAGE11-3400,coarse,MAX_FRAMES_REACHED,5
R34,7.5,7.5,8.8353890837021751,0.73529411764705888,0.088913970501946132,Q8,8,2,0.015748031496062992,50000,0,0,0,0,0,2.5609718912715457e-07,0,7.6823274145000517e-05,371.25938799999898,375,428.5,3945.4000000000001,408,512,58752,59672,8103,0.039720588235294119,8887,0.043563725490196076,0,0,0,0,2026072001,2026072902,0-49999,CC-B-R34-S-Q8,STAGE11-3400,coarse,MAX_FRAMES_REACHED,5
R34,8,8,9.3353890837021751,0.73529411764705888,0.079244659623055658,Q8,8,2,0.015748031496062992,50000,0,0,0,0,0,2.5609718912715457e-07,0,7.6823274145000517e-05,369.72564800000305,374.10000000000002,423.69999999999999,3165,408,512,58752,59672,3841,0.018828431372549019,4267,0.020916666666666667,0,0,0,0,2026072001,2026072902,0-49999,CC-B-R34-S-Q8,STAGE11-3400,coarse,MAX_FRAMES_REACHED,5
R34,8.5,8.5,9.8353890837021751,0.73529411764705888,0.070626877231137725,Q8,8,2,0.015748031496062992,50000,0,0,0,0,0,2.5609718912715457e-07,0,7.6823274145000517e-05,374.98189399999677,375.30000000000001,436,9816.6000000000004,408,512,58752,59672,1694,0.0083039215686274512,1886,0.0092450980392156865,0,0,0,0,2026072001,2026072902,0-49999,CC-B-R34-S-Q8,STAGE11-3400,coarse,MAX_FRAMES_REACHED,5
R34,9,9,10.335389083702175,0.73529411764705888,0.06294627058970835,Q8,8,2,0.015748031496062992,50000,0,0,0,0,0,2.5609718912715457e-07,0,7.6823274145000517e-05,372.83605399999936,373.60000000000002,436.39999999999998,6924.8000000000002,408,512,58752,59672,702,0.0034411764705882353,798,0.0039117647058823533,0,0,0,0,2026072001,2026072902,0-49999,CC-B-R34-S-Q8,STAGE11-3400,coarse,MAX_FRAMES_REACHED,5
R34,9.5,9.5,10.835389083702175,0.73529411764705888,0.05610092271509818,Q8,8,2,0.015748031496062992,50000,0,0,0,0,0,2.5609718912715457e-07,0,7.6823274145000517e-05,372.65145999999612,373.19999999999999,435.10000000000002,6760.1999999999998,408,512,58752,59672,265,0.0012990196078431372,303,0.0014852941176470588,0,0,0,0,2026072001,2026072902,0-49999,CC-B-R34-S-Q8,STAGE11-3400,coarse,MAX_FRAMES_REACHED,5
R34,10,10,11.335389083702175,0.73529411764705888,0.050000000000000003,Q8,8,2,0.015748031496062992,50000,0,0,0,0,0,2.5609718912715457e-07,0,7.6823274145000517e-05,358.12540399999727,363.19999999999999,425.30000000000001,8478.7000000000007,408,512,58752,59672,82,0.00040196078431372549,100,0.00049019607843137254,0,0,0,0,2026072001,2026072902,0-49999,CC-B-R34-S-Q8,STAGE11-3400,coarse,MAX_FRAMES_REACHED,5
R34,-5,-5,-3.6646109162978253,0.73529411764705888,1.5811388300841895,Float,0,0,0,1000,144774,1000,0.48258000000000001,1,0.48079212656289738,0.4843683195528079,0.99617324151444497,1,456.24389999999983,418.89999999999998,723.79999999999995,4108.6000000000004,3264,1024,58752,63040,0,0,0,0,0,0,0,0,2026072001,2026072902,0-999,CC-B-R34-S-Float,STAGE11-3400,coarse,TARGET_ERRORS_REACHED,5
R34,-4.5,-4.5,-3.1646109162978253,0.73529411764705888,1.4091914656322269,Float,0,0,0,1000,143456,1000,0.47818666666666665,1,0.47639946674352873,0.47997442521612976,0.99617324151444497,1,474.77359999999999,428.80000000000001,799.39999999999998,2516.3000000000002,3264,1024,58752,63040,0,0,0,0,0,0,0,0,2026072001,2026072902,0-999,CC-B-R34-S-Float,STAGE11-3400,coarse,TARGET_ERRORS_REACHED,5
R34,-4,-4,-2.6646109162978253,0.73529411764705888,1.2559432157547903,Float,0,0,0,1000,142052,1000,0.47350666666666669,1,0.47172033659326146,0.47529367521837756,0.99617324151444497,1,443.99600000000021,416.69999999999999,659.20000000000005,2126.5,3264,1024,58752,63040,0,0,0,0,0,0,0,0,2026072001,2026072902,0-999,CC-B-R34-S-Float,STAGE11-3400,coarse,TARGET_ERRORS_REACHED,5
R34,-3.5,-3.5,-2.1646109162978253,0.73529411764705888,1.1193605692841697,Float,0,0,0,1000,139627,1000,0.46542333333333336,1,0.46363887656049596,0.46720867559377321,0.99617324151444497,1,468.92350000000005,423.89999999999998,898.39999999999998,2760.4000000000001,3264,1024,58752,63040,0,0,0,0,0,0,0,0,2026072001,2026072902,0-999,CC-B-R34-S-Float,STAGE11-3400,coarse,TARGET_ERRORS_REACHED,5
R34,-3,-3,-1.6646109162978253,0.73529411764705888,0.99763115748443987,Float,0,0,0,1000,136187,1000,0.45395666666666667,1,0.4521756756960858,0.45573883677927524,0.99617324151444497,1,464.90910000000014,425.89999999999998,799.79999999999995,2164.5999999999999,3264,1024,58752,63040,0,0,0,0,0,0,0,0,2026072001,2026072902,0-999,CC-B-R34-S-Float,STAGE11-3400,coarse,TARGET_ERRORS_REACHED,5
R34,-2.5,-2.5,-1.1646109162978253,0.73529411764705888,0.88913970501946138,Float,0,0,0,1000,131147,1000,0.43715666666666669,1,0.43538247672511432,0.43893246598812552,0.99617324151444497,1,473.58729999999952,429.10000000000002,791,9472.7999999999993,3264,1024,58752,63040,0,0,0,0,0,0,0,0,2026072001,2026072902,0-999,CC-B-R34-S-Float,STAGE11-3400,coarse,TARGET_ERRORS_REACHED,5
R34,-2,-2,-0.66461091629782532,0.73529411764705888,0.79244659623055669,Float,0,0,0,1000,123867,1000,0.41288999999999998,1,0.41112929478637772,0.41465293604824249,0.99617324151444497,1,506.3715999999996,426.19999999999999,869.79999999999995,11909,3264,1024,58752,63040,0,0,0,0,0,0,0,0,2026072001,2026072902,0-999,CC-B-R34-S-Float,STAGE11-3400,coarse,TARGET_ERRORS_REACHED,5
R34,-1.5,-1.5,-0.16461091629782532,0.73529411764705888,0.70626877231137719,Float,0,0,0,1000,112105,1000,0.37368333333333331,1,0.37195380468216821,0.37541609687823185,0.99617324151444497,1,434.24249999999989,417.89999999999998,728,3362.6999999999998,3264,1024,58752,63040,0,0,0,0,0,0,0,0,2026072001,2026072902,0-999,CC-B-R34-S-Float,STAGE11-3400,coarse,TARGET_ERRORS_REACHED,5
R34,-1,-1,0.33538908370217468,0.73529411764705888,0.62946270589708364,Float,0,0,0,1000,95641,996,0.31880333333333333,0.996,0.31713808844020852,0.32047321856392896,0.98976044372273775,0.99844341185959162,496.9777000000006,431.89999999999998,863.20000000000005,4003.0999999999999,3264,1024,58752,63040,0,0,0,0,0,0,0,0,2026072001,2026072902,0-999,CC-B-R34-S-Float,STAGE11-3400,coarse,TARGET_ERRORS_REACHED,5
R34,-0.5,-0.5,0.83538908370217468,0.73529411764705888,0.56100922715098167,Float,0,0,0,1000,72576,985,0.24192,0.98499999999999999,0.24039088009206491,0.24345572918125383,0.97539902307309323,0.99088902119591837,487.1073999999997,435.5,882.39999999999998,2398.5999999999999,3264,1024,58752,63040,0,0,0,0,0,0,0,0,2026072001,2026072902,0-999,CC-B-R34-S-Float,STAGE11-3400,coarse,TARGET_ERRORS_REACHED,5
R34,0,0,1.3353890837021747,0.73529411764705888,0.5,Float,0,0,0,1000,47162,910,0.15720666666666666,0.91000000000000003,0.15590853970899995,0.15851357235508298,0.89065820735692791,0.92620385068491695,580.68370000000004,442,1059.8,44668.5,3264,1024,58752,63040,0,0,0,0,0,0,0,0,2026072001,2026072902,0-999,CC-B-R34-S-Float,STAGE11-3400,coarse,TARGET_ERRORS_REACHED,5
R34,0.5,0.5,1.8353890837021747,0.73529411764705888,0.44562546906687278,Float,0,0,0,1000,24202,707,0.080673333333333333,0.70699999999999996,0.079704181678591252,0.081653223691383892,0.67804149219581111,0.73437422979116906,404.42080000000033,407.30000000000001,490.69999999999999,1033.7,3264,1024,58752,63040,0,0,0,0,0,0,0,0,2026072001,2026072902,0-999,CC-B-R34-S-Float,STAGE11-3400,dense,TARGET_ERRORS_REACHED,5
R34,0.59999999999999998,0.59999999999999998,1.9353890837021748,0.73529411764705888,0.43548179497804029,Float,0,0,0,1000,20639,662,0.068796666666666673,0.66200000000000003,0.067896458180402325,0.069707918010517705,0.63211157539760232,0.69064855485307786,409.22129999999993,405.60000000000002,500.19999999999999,1199.3,3264,1024,58752,63040,0,0,0,0,0,0,0,0,2026072001,2026072902,0-999,CC-B-R34-S-Float,STAGE11-3400,dense,TARGET_ERRORS_REACHED,5
R34,0.69999999999999996,0.69999999999999996,2.0353890837021744,0.73529411764705888,0.42556901910118822,Float,0,0,0,1000,17376,614,0.057919999999999999,0.61399999999999999,0.057089763616978852,0.058761557785488493,0.58344486206015245,0.64368263700514095,403.37209999999942,410.39999999999998,491.80000000000001,868.29999999999995,3264,1024,58752,63040,0,0,0,0,0,0,0,0,2026072001,2026072902,0-999,CC-B-R34-S-Float,STAGE11-3400,dense,TARGET_ERRORS_REACHED,5
R34,0.80000000000000004,0.80000000000000004,2.135389083702175,0.73529411764705888,0.41588188555133548,Float,0,0,0,1000,14484,558,0.048280000000000003,0.55800000000000005,0.047518713677056158,0.049052854600003547,0.52705565115260855,0.58850044486306707,400.32690000000019,401.80000000000001,459.10000000000002,1178.8,3264,1024,58752,63040,0,0,0,0,0,0,0,0,2026072001,2026072902,0-999,CC-B-R34-S-Float,STAGE11-3400,dense,TARGET_ERRORS_REACHED,5
R34,0.90000000000000002,0.90000000000000002,2.2353890837021746,0.73529411764705888,0.40641525808204959,Float,0,0,0,1000,12336,517,0.041119999999999997,0.51700000000000002,0.040415303615849808,0.041836448024496313,0.48602235996108767,0.54784753025040345,412.68069999999994,413.19999999999999,499.10000000000002,954.79999999999995,3264,1024,58752,63040,0,0,0,0,0,0,0,0,2026072001,2026072902,0-999,CC-B-R34-S-Float,STAGE11-3400,dense,TARGET_ERRORS_REACHED,5
R34,1,1,2.3353890837021747,0.73529411764705888,0.39716411736214075,Float,0,0,0,1000,10299,461,0.034329999999999999,0.46100000000000002,0.033684403173720387,0.034987522354435086,0.4303127166140634,0.49198577054780995,407.04499999999985,406,488.19999999999999,1060.8,3264,1024,58752,63040,0,0,0,0,0,0,0,0,2026072001,2026072902,0-999,CC-B-R34-S-Float,STAGE11-3400,dense,TARGET_ERRORS_REACHED,5
R34,1.1000000000000001,1.1000000000000001,2.4353890837021748,0.73529411764705888,0.38812355831434586,Float,0,0,0,1000,8395,411,0.027983333333333332,0.41099999999999998,0.027399184389366251,0.028579570339765634,0.38090221980182448,0.44177894320860422,401.36559999999997,407.5,478,1113.4000000000001,3264,1024,58752,63040,0,0,0,0,0,0,0,0,2026072001,2026072902,0-999,CC-B-R34-S-Float,STAGE11-3400,dense,TARGET_ERRORS_REACHED,5
R34,1.2000000000000002,1.2000000000000002,2.5353890837021749,0.73529411764705888,0.37928878751459183,Float,0,0,0,1000,6998,362,0.023326666666666666,0.36199999999999999,0.022792621520891749,0.023872919129334712,0.33279441286747335,0.39226177247453986,410.57540000000029,410.5,502.39999999999998,1327,3264,1024,58752,63040,0,0,0,0,0,0,0,0,2026072001,2026072902,0-999,CC-B-R34-S-Float,STAGE11-3400,dense,TARGET_ERRORS_REACHED,5
R34,1.3,1.3,2.635389083702175,0.73529411764705888,0.3706551206504588,Float,0,0,0,1000,5700,305,0.019,0.30499999999999999,0.01851758489536541,0.019494733224854441,0.27725527248097331,0.33423716332839321,413.08609999999976,412.60000000000002,519,828.10000000000002,3264,1024,58752,63040,0,0,0,0,0,0,0,0,2026072001,2026072902,0-999,CC-B-R34-S-Float,STAGE11-3400,dense,TARGET_ERRORS_REACHED,5
R34,1.3999999999999999,1.3999999999999999,2.7353890837021746,0.73529411764705888,0.36221798003749506,Float,0,0,0,1000,4593,266,0.015310000000000001,0.26600000000000001,0.014876800932784547,0.015755611686112257,0.23954672321443168,0.29424419975680804,401.22909999999922,404.39999999999998,480.89999999999998,1541.7,3264,1024,58752,63040,0,0,0,0,0,0,0,0,2026072001,2026072902,0-999,CC-B-R34-S-Float,STAGE11-3400,dense,TARGET_ERRORS_REACHED,5
R34,1.5,1.5,2.8353890837021747,0.73529411764705888,0.35397289219206896,Float,0,0,0,1000,3580,222,0.011933333333333334,0.222,0.011550972085596719,0.012328193674365799,0.19733303685615078,0.24879464086181791,411.92859999999899,414.10000000000002,496.80000000000001,946.39999999999998,3264,1024,58752,63040,0,0,0,0,0,0,0,0,2026072001,2026072902,0-999,CC-B-R34-S-Float,STAGE11-3400,dense,TARGET_ERRORS_REACHED,5
R34,1.6000000000000001,1.6000000000000001,2.9353890837021748,0.73529411764705888,0.34591548545946826,Float,0,0,0,1107,3070,200,0.0092442035531466425,0.18066847335140018,0.0089243469796144934,0.0095754133117234852,0.15912060344551732,0.20442493729206512,409.75808491418258,409.60000000000002,494,1396,3264,1024,58752,63040,0,0,0,0,0,0,0,0,2026072001,2026072902,0-1106,CC-B-R34-S-Float,STAGE11-3400,dense,TARGET_ERRORS_REACHED,5
R34,1.7000000000000002,1.7000000000000002,3.0353890837021749,0.73529411764705888,0.33804148769599091,Float,0,0,0,1324,2831,200,0.0071273917421953679,0.15105740181268881,0.0068705055516215868,0.0073938113240954615,0.13277918023343357,0.171354612350028,413.25528700906301,412.60000000000002,501.80000000000001,1121.7,3264,1024,58752,63040,0,0,0,0,0,0,0,0,2026072001,2026072902,0-1323,CC-B-R34-S-Float,STAGE11-3400,dense,TARGET_ERRORS_REACHED,5
R34,1.8,1.8,3.135389083702175,0.73529411764705888,0.330346724003798,Float,0,0,0,1678,2549,205,0.0050635677393722689,0.12216924910607867,0.0048712361080040676,0.0052634530593173414,0.10735747618011313,0.13870701262781493,405.44713945172839,407.5,473.69999999999999,2165.9000000000001,3264,1024,58752,63040,0,0,0,0,0,0,0,0,2026072001,2026072902,0-1677,CC-B-R34-S-Float,STAGE11-3400,dense,TARGET_ERRORS_REACHED,5
R34,1.9000000000000001,1.9000000000000001,3.2353890837021746,0.73529411764705888,0.32282711451732771,Float,0,0,0,2024,2410,200,0.0039690382081686432,0.098814229249011856,0.0038139985897017513,0.0041303540797927429,0.086563831905451943,0.11258460598848041,408.53418972332003,410.10000000000002,489.30000000000001,1297.2,3264,1024,58752,63040,0,0,0,0,0,0,0,0,2026072001,2026072902,0-2023,CC-B-R34-S-Float,STAGE11-3400,dense,TARGET_ERRORS_REACHED,5
R34,2,2,3.3353890837021747,0.73529411764705888,0.31547867224009662,Float,0,0,0,2558,2372,200,0.0030909564764138651,0.078186082877247848,0.0029692222145845772,0.0032176655781519488,0.06840355553726718,0.089233622762828146,408.7287724784988,409.69999999999999,480.39999999999998,1952.7,3264,1024,58752,63040,0,0,0,0,0,0,0,0,2026072001,2026072902,0-2557,CC-B-R34-S-Float,STAGE11-3400,dense,TARGET_ERRORS_REACHED,5
R34,2.1000000000000001,2.1000000000000001,3.4353890837021748,0.73529411764705888,0.3082975009307411,Float,0,0,0,3047,2389,202,0.0026134996171097253,0.0662947161142107,0.0025109059537106885,0.0027202737459494069,0.057995528164006854,0.075686101748792894,412.11860846734453,414.5,492.39999999999998,2314.4000000000001,3264,1024,58752,63040,0,0,0,0,0,0,0,0,2026072001,2026072902,0-3046,CC-B-R34-S-Float,STAGE11-3400,dense,TARGET_ERRORS_REACHED,5
R34,2.2000000000000002,2.2000000000000002,3.5353890837021749,0.73529411764705888,0.30127979303717889,Float,0,0,0,3705,2234,201,0.0020098965362123256,0.054251012145748991,0.0019283386662842007,0.0020948966047262124,0.047408207080361205,0.062017192556359894,406.39246963562618,409.39999999999998,479.89999999999998,1191.4000000000001,3264,1024,58752,63040,0,0,0,0,0,0,0,0,2026072001,2026072902,0-3704,CC-B-R34-S-Float,STAGE11-3400,dense,TARGET_ERRORS_REACHED,5
R34,2.2999999999999998,2.2999999999999998,3.6353890837021745,0.73529411764705888,0.29442182767779446,Float,0,0,0,4982,1890,202,0.0012645523885989563,0.040545965475712563,0.0012088455699111298,0.0013228229256866365,0.035413773865728249,0.046386151420536523,409.22882376555611,410.19999999999999,483.5,3665.6999999999998,3264,1024,58752,63040,0,0,0,0,0,0,0,0,2026072001,2026072902,0-4981,CC-B-R34-S-Float,STAGE11-3400,dense,TARGET_ERRORS_REACHED,5
R34,2.4000000000000004,2.4000000000000004,3.735389083702175,0.73529411764705888,0.28771996866857846,Float,0,0,0,6247,1668,200,0.00089002721306226992,0.032015367376340642,0.00084834472835387603,0.00093375580681226975,0.027929425031629714,0.036676510262221788,403.15709940771507,407.69999999999999,480.80000000000001,1952.2,3264,1024,58752,63040,0,0,0,0,0,0,0,0,2026072001,2026072902,0-6246,CC-B-R34-S-Float,STAGE11-3400,dense,TARGET_ERRORS_REACHED,5
R34,2.5,2.5,3.8353890837021747,0.73529411764705888,0.28117066259517454,Float,0,0,0,7888,1724,205,0.00072853279242731577,0.025988843813387424,0.00069495656610288402,0.00076372998534081729,0.022701779901486516,0.029737370198031063,410.08111054766749,412.30000000000001,488.60000000000002,1628.2,3264,1024,58752,63040,0,0,0,0,0,0,0,0,2026072001,2026072902,0-7887,CC-B-R34-S-Float,STAGE11-3400,dense,TARGET_ERRORS_REACHED,5
R34,2.6000000000000001,2.6000000000000001,3.9353890837021748,0.73529411764705888,0.27477043692881226,Float,0,0,0,10742,1728,202,0.00053621299571774339,0.01880469186371253,0.00051152603332626329,0.00056209071543751891,0.01640269834946988,0.021550723947293914,406.6161794824061,409.19999999999999,478,2751.4000000000001,3264,1024,58752,63040,0,0,0,0,0,0,0,0,2026072001,2026072902,0-10741,CC-B-R34-S-Float,STAGE11-3400,dense,TARGET_ERRORS_REACHED,5
R34,2.7000000000000002,2.7000000000000002,4.0353890837021744,0.73529411764705888,0.26851589818512633,Float,0,0,0,13911,1625,203,0.00038938010686986315,0.01459276831284595,0.00037090615730413722,0.00040877382345740748,0.012729830996786996,0.016723717578205455,408.62017108762979,411.19999999999999,482.10000000000002,5282.6000000000004,3264,1024,58752,63040,0,0,0,0,0,0,0,0,2026072001,2026072902,0-13910,CC-B-R34-S-Float,STAGE11-3400,dense,TARGET_ERRORS_REACHED,5
R34,2.8000000000000003,2.8000000000000003,4.135389083702175,0.73529411764705888,0.26240373012488627,Float,0,0,0,17646,1592,200,0.00030072915486040273,0.011334013374135782,0.00028631710385147052,0.00031586642132089705,0.0098750649700357889,0.013005676466815485,391.65774113113542,400.5,469.60000000000002,1320.9000000000001,3264,1024,58752,63040,0,0,0,0,0,0,0,0,2026072001,2026072902,0-17645,CC-B-R34-S-Float,STAGE11-3400,dense,TARGET_ERRORS_REACHED,5
R34,2.9000000000000004,2.9000000000000004,4.2353890837021755,0.73529411764705888,0.25643069199568241,Float,0,0,0,21920,1510,200,0.00022962287104622871,0.0091240875912408752,0.00021833070686023566,0.00024149893006252576,0.0079485440789397264,0.010471652015764983,404.77390967153582,409.5,479.80000000000001,2911.5,3264,1024,58752,63040,0,0,0,0,0,0,0,0,2026072001,2026072902,0-21919,CC-B-R34-S-Float,STAGE11-3400,dense,TARGET_ERRORS_REACHED,5
R34,3,3,4.3353890837021751,0.73529411764705888,0.25059361681363618,Float,0,0,0,28925,1502,201,0.00017309132814750792,0.0069490060501296459,0.00016455692554978948,0.00018206826918075301,0.006054982356472738,0.0079739741573370826,387.74613656006807,398.5,471.19999999999999,1751.4000000000001,3264,1024,58752,63040,0,0,0,0,0,0,0,0,2026072001,2026072902,0-28924,CC-B-R34-S-Float,STAGE11-3400,dense,TARGET_ERRORS_REACHED,5
R34,3.5,3.5,4.8353890837021751,0.73529411764705888,0.22334179607548157,Float,0,0,0,50000,506,81,3.3733333333333331e-05,0.0016199999999999999,3.0919415666126464e-05,3.6803330911643654e-05,0.001303719844877487,0.0020128545218592833,504.73379800000362,445,853.39999999999998,84945.600000000006,3264,1024,58752,63040,0,0,0,0,0,0,0,0,2026072001,2026072902,0-49999,CC-B-R34-S-Float,STAGE11-3400,coarse,MAX_FRAMES_REACHED,5
R34,4,4,5.3353890837021751,0.73529411764705888,0.19905358527674863,Float,0,0,0,50000,78,15,5.2000000000000002e-06,0.00029999999999999997,4.1669725193043246e-06,6.4891220064120644e-06,0.00018181990868192119,0.00049495727149859213,487.50138599999906,442.80000000000001,775.5,47151.300000000003,3264,1024,58752,63040,0,0,0,0,0,0,0,0,2026072001,2026072902,0-49999,CC-B-R34-S-Float,STAGE11-3400,coarse,MAX_FRAMES_REACHED,5
R34,4.5,4.5,5.8353890837021751,0.73529411764705888,0.17740669461678774,Float,0,0,0,50000,10,2,6.6666666666666671e-07,4.0000000000000003e-05,3.6213244585961292e-07,1.2272977351379563e-06,1.0969511301390302e-05,0.00014584761698167861,440.55248599999999,425.69999999999999,567.39999999999998,22362.400000000001,3264,1024,58752,63040,0,0,0,0,0,0,0,0,2026072001,2026072902,0-49999,CC-B-R34-S-Float,STAGE11-3400,coarse,MAX_FRAMES_REACHED,5
R34,5,5,6.3353890837021751,0.73529411764705888,0.15811388300841897,Float,0,0,0,50000,0,0,0,0,0,2.5609718912715457e-07,0,7.6823274145000517e-05,430.53290200000339,422.19999999999999,534.60000000000002,21625.200000000001,3264,1024,58752,63040,0,0,0,0,0,0,0,0,2026072001,2026072902,0-49999,CC-B-R34-S-Float,STAGE11-3400,coarse,MAX_FRAMES_REACHED,5
R34,5.5,5.5,6.8353890837021751,0.73529411764705888,0.14091914656322269,Float,0,0,0,50000,0,0,0,0,0,2.5609718912715457e-07,0,7.6823274145000517e-05,428.00391999999977,421.19999999999999,531.10000000000002,9588.2999999999993,3264,1024,58752,63040,0,0,0,0,0,0,0,0,2026072001,2026072902,0-49999,CC-B-R34-S-Float,STAGE11-3400,coarse,MAX_FRAMES_REACHED,5
R34,6,6,7.3353890837021751,0.73529411764705888,0.12559432157547901,Float,0,0,0,50000,0,0,0,0,0,2.5609718912715457e-07,0,7.6823274145000517e-05,415.73380799999939,418,493.80000000000001,3520.9000000000001,3264,1024,58752,63040,0,0,0,0,0,0,0,0,2026072001,2026072902,0-49999,CC-B-R34-S-Float,STAGE11-3400,coarse,MAX_FRAMES_REACHED,5
R34,6.5,6.5,7.8353890837021751,0.73529411764705888,0.11193605692841696,Float,0,0,0,50000,0,0,0,0,0,2.5609718912715457e-07,0,7.6823274145000517e-05,414.50674599999996,417.5,489.80000000000001,7599.6999999999998,3264,1024,58752,63040,0,0,0,0,0,0,0,0,2026072001,2026072902,0-49999,CC-B-R34-S-Float,STAGE11-3400,coarse,MAX_FRAMES_REACHED,5
R34,7,7,8.3353890837021751,0.73529411764705888,0.099763115748444001,Float,0,0,0,50000,0,0,0,0,0,2.5609718912715457e-07,0,7.6823274145000517e-05,415.20094600000391,417.30000000000001,490.19999999999999,6161.3999999999996,3264,1024,58752,63040,0,0,0,0,0,0,0,0,2026072001,2026072902,0-49999,CC-B-R34-S-Float,STAGE11-3400,coarse,MAX_FRAMES_REACHED,5
R34,7.5,7.5,8.8353890837021751,0.73529411764705888,0.088913970501946132,Float,0,0,0,50000,0,0,0,0,0,2.5609718912715457e-07,0,7.6823274145000517e-05,413.73979800000109,416.19999999999999,490.5,3280.1999999999998,3264,1024,58752,63040,0,0,0,0,0,0,0,0,2026072001,2026072902,0-49999,CC-B-R34-S-Float,STAGE11-3400,coarse,MAX_FRAMES_REACHED,5
R34,8,8,9.3353890837021751,0.73529411764705888,0.079244659623055658,Float,0,0,0,50000,0,0,0,0,0,2.5609718912715457e-07,0,7.6823274145000517e-05,412.16196000000508,415.80000000000001,484.89999999999998,4252,3264,1024,58752,63040,0,0,0,0,0,0,0,0,2026072001,2026072902,0-49999,CC-B-R34-S-Float,STAGE11-3400,coarse,MAX_FRAMES_REACHED,5
R34,8.5,8.5,9.8353890837021751,0.73529411764705888,0.070626877231137725,Float,0,0,0,50000,0,0,0,0,0,2.5609718912715457e-07,0,7.6823274145000517e-05,419.38604600000457,417.60000000000002,500.30000000000001,9673.2999999999993,3264,1024,58752,63040,0,0,0,0,0,0,0,0,2026072001,2026072902,0-49999,CC-B-R34-S-Float,STAGE11-3400,coarse,MAX_FRAMES_REACHED,5
R34,9,9,10.335389083702175,0.73529411764705888,0.06294627058970835,Float,0,0,0,50000,0,0,0,0,0,2.5609718912715457e-07,0,7.6823274145000517e-05,417.60332799999878,416.39999999999998,501.39999999999998,9929.8999999999996,3264,1024,58752,63040,0,0,0,0,0,0,0,0,2026072001,2026072902,0-49999,CC-B-R34-S-Float,STAGE11-3400,coarse,MAX_FRAMES_REACHED,5
R34,9.5,9.5,10.835389083702175,0.73529411764705888,0.05610092271509818,Float,0,0,0,50000,0,0,0,0,0,2.5609718912715457e-07,0,7.6823274145000517e-05,416.76377199999854,414.89999999999998,500.19999999999999,11567.299999999999,3264,1024,58752,63040,0,0,0,0,0,0,0,0,2026072001,2026072902,0-49999,CC-B-R34-S-Float,STAGE11-3400,coarse,MAX_FRAMES_REACHED,5
R34,10,10,11.335389083702175,0.73529411764705888,0.050000000000000003,Float,0,0,0,50000,0,0,0,0,0,2.5609718912715457e-07,0,7.6823274145000517e-05,402.74225600000716,408.60000000000002,491.19999999999999,8280.7000000000007,3264,1024,58752,63040,0,0,0,0,0,0,0,0,2026072001,2026072902,0-49999,CC-B-R34-S-Float,STAGE11-3400,coarse,MAX_FRAMES_REACHED,5
