rateCase,snrDb,esN0Db,ebN0Db,actualRate,sigmaSquared,quantMode,quantBits,clipMax,quantStep,frames,bitErrors,frameErrors,BER,FER,berCiLow,berCiHigh,ferCiLow,ferCiHigh,avgDecodeTimeUs,medianDecodeTimeUs,p95DecodeTimeUs,maxDecodeTimeUs,inputMemoryBytes,pathMetricMemoryBytes,survivorMemoryBytes,totalDecoderMemoryBytes,trueClipCount,trueClipRatePercent,edgeBinCount,edgeBinRatePercent,integerOverflowCount,pathMetricSaturationCount,relativeBerIncreaseVsFloat,relativeFerIncreaseVsFloat,payloadSeed,noiseSeed,frameIndex,caseId,sourceNoiseId,gridLayer,stopReason,timingBatchCount
R12,-5,-5,-1.9036983257410123,0.49019607843137253,1.5811388300841895,Q3,3,1.5,0.5,1000,122362,1000,0.40787333333333331,1,0.40611596288186919,0.40963306309322872,0.99617324151444497,1,323.17700000000008,289,433.10000000000002,1813.3,230,512,58752,59494,225232,36.802614379084964,279798,45.718627450980392,0,0,0.038620853563304233,0,2026072001,2026072902,0-999,CC-B-R12-S-Q3,STAGE11-1200,coarse,TARGET_ERRORS_REACHED,5
R12,-4.5,-4.5,-1.4036983257410123,0.49019607843137253,1.4091914656322269,Q3,3,1.5,0.5,1000,109813,1000,0.36604333333333333,1,0.36432127218828803,0.36776882502790931,0.99617324151444497,1,326.29220000000015,292.39999999999998,420.69999999999999,1070.5,230,512,58752,59494,216299,35.342973856209149,272344,44.500653594771244,0,0,0.056778266434421097,0,2026072001,2026072902,0-999,CC-B-R12-S-Q3,STAGE11-1200,coarse,TARGET_ERRORS_REACHED,5
R12,-4,-4,-0.90369832574101228,0.49019607843137253,1.2559432157547903,Q3,3,1.5,0.5,1000,93258,1000,0.31086000000000003,1,0.30920618939755656,0.31251865436389542,0.99617324151444497,1,324.14049999999997,284.39999999999998,432,1000.6,230,512,58752,59494,207936,33.976470588235294,265365,43.360294117647058,0,0,0.083425305249950815,0,2026072001,2026072902,0-999,CC-B-R12-S-Q3,STAGE11-1200,coarse,TARGET_ERRORS_REACHED,5
R12,-3.5,-3.5,-0.40369832574101228,0.49019607843137253,1.1193605692841697,Q3,3,1.5,0.5,1000,71673,998,0.23891000000000001,0.998,0.23738746136275152,0.24043922499485387,0.99273719213650791,0.99945135641187932,322.74170000000004,288.69999999999999,419.19999999999999,664.39999999999998,230,512,58752,59494,199825,32.651143790849673,258677,42.267483660130722,0,0,0.10442862426035501,0,2026072001,2026072902,0-999,CC-B-R12-S-Q3,STAGE11-1200,coarse,TARGET_ERRORS_REACHED,5
R12,-3,-3,0.096301674258987724,0.49019607843137253,0.99763115748443987,Q3,3,1.5,0.5,1000,49525,981,0.16508333333333333,0.98099999999999998,0.16375912622318334,0.16641611745754492,0.97051554408768681,0.98780311424920908,351.04220000000009,370.30000000000001,435.69999999999999,1049.0999999999999,230,512,58752,59494,191876,31.352287581699347,252534,41.26372549019608,0,0,0.1597817432438762,0.01552795031055902,2026072001,2026072902,0-999,CC-B-R12-S-Q3,STAGE11-1200,coarse,TARGET_ERRORS_REACHED,5
R12,-2.5,-2.5,0.59630167425898772,0.49019607843137253,0.88913970501946138,Q3,3,1.5,0.5,1000,30056,924,0.10018666666666666,0.92400000000000004,0.099117374307120046,0.10126619800481097,0.90590435687595172,0.93885055192829769,354.92269999999968,370.69999999999999,457,2535.5,230,512,58752,59494,184255,30.107026143790851,246655,40.303104575163395,0,0,0.24414272704694095,0.066974595842956175,2026072001,2026072902,0-999,CC-B-R12-S-Q3,STAGE11-1200,coarse,TARGET_ERRORS_REACHED,5
R12,-2,-2,1.0963016742589877,0.49019607843137253,0.79244659623055669,Q3,3,1.5,0.5,1000,15083,752,0.050276666666666664,0.752,0.049500476555546104,0.051064373921416488,0.72430355802502444,0.77776775569825574,348.94600000000003,362.10000000000002,438.30000000000001,1125.7,230,512,58752,59494,176633,28.861601307189542,241345,39.435457516339866,0,0,0.31167927645882232,0.12406576980568006,2026072001,2026072902,0-999,CC-B-R12-S-Q3,STAGE11-1200,coarse,TARGET_ERRORS_REACHED,5
R12,-1.5,-1.5,1.5963016742589877,0.49019607843137253,0.70626877231137719,Q3,3,1.5,0.5,1000,6515,510,0.021716666666666665,0.51000000000000001,0.021201183797772798,0.022244398083583715,0.47903749580454597,0.54088596902574282,357.88990000000024,373,453.89999999999998,1267,230,512,58752,59494,169144,27.637908496732027,236200,38.594771241830067,0,0,0.406216274552126,0.29770992366412213,2026072001,2026072902,0-999,CC-B-R12-S-Q3,STAGE11-1200,coarse,TARGET_ERRORS_REACHED,5
R12,-1,-1,2.0963016742589877,0.49019607843137253,0.62946270589708364,Q3,3,1.5,0.5,1123,2654,283,0.0078777085188483226,0.25200356188780054,0.0075847441726197354,0.0081818954590923698,0.22748537731539764,0.27821261095090799,365.22288512911842,373.10000000000002,441.30000000000001,3293.3000000000002,230,512,58752,59494,181460,26.402784325365648,259580,37.769396865305936,0,0,0.46710889994472066,0.41500000000000009,2026072001,2026072902,0-1122,CC-B-R12-S-Q3,STAGE11-1200,coarse,TARGET_ERRORS_REACHED,5
R12,-0.5,-0.5,2.5963016742589877,0.49019607843137253,0.56100922715098167,Q3,3,1.5,0.5,2830,2210,309,0.0026030624263839812,0.10918727915194346,0.0024969045212463502,0.0027137214415517983,0.098222255301353423,0.12121184779045255,358.86508833922318,374,427.5,1283.8,230,512,58752,59494,437957,25.286784914201252,641991,37.067311023349269,0,0,0.61078717201166177,0.54499999999999982,2026072001,2026072902,0-2829,CC-B-R12-S-Q3,STAGE11-1200,coarse,TARGET_ERRORS_REACHED,5
R12,0,0,3.0963016742589877,0.49019607843137253,0.5,Q3,3,1.5,0.5,10180,2051,351,0.00067157825802226592,0.034479371316306483,0.00064314489140996191,0.00070126777863417189,0.031106957288136478,0.03820298451278703,387.6788015717097,383.60000000000002,498.19999999999999,13639.4,230,512,58752,59494,1495345,24.001711031498388,2260209,36.278506491005047,0,0,0.79126637554585166,0.755,2026072001,2026072902,0-10179,CC-B-R12-S-Q3,STAGE11-1200,coarse,TARGET_ERRORS_REACHED,5
R12,0.5,0.5,3.5963016742589877,0.49019607843137253,0.44562546906687278,Q3,3,1.5,0.5,38219,1856,399,0.00016187411148032828,0.010439833590622465,0.00015467588480983362,0.00016940726875851422,0.0094688941961533993,0.011509176198863059,402.00818441089444,393,510.5,48888.199999999997,230,512,58752,59494,5312905,22.714402052019775,8294474,35.461582175104709,0,0,1.0877390326209224,0.99499999999999977,2026072001,2026072902,0-38218,CC-B-R12-S-Q3,STAGE11-1200,coarse,TARGET_ERRORS_REACHED,5
R12,1,1,4.0963016742589877,0.49019607843137253,0.39716411736214075,Q3,3,1.5,0.5,50000,536,127,3.5733333333333332e-05,0.0025400000000000002,3.2833622238623991e-05,3.8889123314757372e-05,0.0021353892432223543,0.0030210437686899894,396.09045399999746,392.80000000000001,508.10000000000002,33794.099999999999,230,512,58752,59494,6546712,21.394483660130717,10593693,34.619911764705883,0,0,1.3612334801762114,1.54,2026072001,2026072902,0-49999,CC-B-R12-S-Q3,STAGE11-1200,coarse,MAX_FRAMES_REACHED,5
R12,1.5,1.5,4.5963016742589877,0.49019607843137253,0.35397289219206896,Q3,3,1.5,0.5,50000,86,25,5.7333333333333332e-06,0.00050000000000000001,4.6429067424736068e-06,7.079854176739112e-06,0.00033871117174399089,0.00073803527912686448,395.91940200000101,393.80000000000001,507.5,49183,230,512,58752,59494,6134099,20.046075163398694,10327188,33.748980392156859,0,0,2.4399999999999995,2.5714285714285716,2026072001,2026072902,0-49999,CC-B-R12-S-Q3,STAGE11-1200,coarse,MAX_FRAMES_REACHED,5
R12,2,2,5.0963016742589877,0.49019607843137253,0.31547867224009662,Q3,3,1.5,0.5,50000,25,7,1.6666666666666667e-06,0.00013999999999999999,1.1289639272114893e-06,2.4604657415917013e-06,6.781887437968768e-05,0.00028898288924855225,393.5477560000021,390,500.89999999999998,27451.599999999999,230,512,58752,59494,5714684,18.675437908496733,10048919,32.839604575163399,0,0,7.3333333333333339,2.4999999999999996,2026072001,2026072902,0-49999,CC-B-R12-S-Q3,STAGE11-1200,coarse,MAX_FRAMES_REACHED,5
R12,2.5,2.5,5.5963016742589877,0.49019607843137253,0.28117066259517454,Q3,3,1.5,0.5,50000,0,0,0,0,0,2.5609718912715457e-07,0,7.6823274145000517e-05,372.22394199999661,378.89999999999998,465.19999999999999,11018.4,230,512,58752,59494,5291800,17.293464052287582,9758953,31.892003267973855,0,0,0,0,2026072001,2026072902,0-49999,CC-B-R12-S-Q3,STAGE11-1200,coarse,MAX_FRAMES_REACHED,5
R12,3,3,6.0963016742589877,0.49019607843137253,0.25059361681363618,Q3,3,1.5,0.5,50000,0,0,0,0,0,2.5609718912715457e-07,0,7.6823274145000517e-05,363.20082799999773,375.10000000000002,463.39999999999998,11525.200000000001,230,512,58752,59494,4865108,15.899045751633986,9453824,30.894849673202614,0,0,0,0,2026072001,2026072902,0-49999,CC-B-R12-S-Q3,STAGE11-1200,coarse,MAX_FRAMES_REACHED,5
R12,3.5,3.5,6.5963016742589877,0.49019607843137253,0.22334179607548157,Q3,3,1.5,0.5,50000,0,0,0,0,0,2.5609718912715457e-07,0,7.6823274145000517e-05,369.11683000000215,376,472.80000000000001,36683.099999999999,230,512,58752,59494,4439012,14.506575163398693,9136851,29.85899019607843,0,0,0,0,2026072001,2026072902,0-49999,CC-B-R12-S-Q3,STAGE11-1200,coarse,MAX_FRAMES_REACHED,5
R12,4,4,7.0963016742589877,0.49019607843137253,0.19905358527674863,Q3,3,1.5,0.5,50000,0,0,0,0,0,2.5609718912715457e-07,0,7.6823274145000517e-05,390.01755800000228,385,508.19999999999999,43806.199999999997,230,512,58752,59494,4016460,13.125686274509803,8806708,28.780091503267975,0,0,0,0,2026072001,2026072902,0-49999,CC-B-R12-S-Q3,STAGE11-1200,coarse,MAX_FRAMES_REACHED,5
R12,4.5,4.5,7.5963016742589877,0.49019607843137253,0.17740669461678774,Q3,3,1.5,0.5,50000,0,0,0,0,0,2.5609718912715457e-07,0,7.6823274145000517e-05,422.05358000000365,406.30000000000001,599.29999999999995,38532,230,512,58752,59494,3599556,11.763254901960785,8463669,27.659049019607842,0,0,0,0,2026072001,2026072902,0-49999,CC-B-R12-S-Q3,STAGE11-1200,coarse,MAX_FRAMES_REACHED,5
R12,5,5,8.0963016742589886,0.49019607843137253,0.15811388300841897,Q3,3,1.5,0.5,50000,0,0,0,0,0,2.5609718912715457e-07,0,7.6823274145000517e-05,415.50952599999721,406.60000000000002,601.60000000000002,22051.799999999999,230,512,58752,59494,3193824,10.437333333333333,8107648,26.495581699346406,0,0,0,0,2026072001,2026072902,0-49999,CC-B-R12-S-Q3,STAGE11-1200,coarse,MAX_FRAMES_REACHED,5
R12,5.5,5.5,8.5963016742589886,0.49019607843137253,0.14091914656322269,Q3,3,1.5,0.5,50000,0,0,0,0,0,2.5609718912715457e-07,0,7.6823274145000517e-05,414.7821959999975,406,599,18014.900000000001,230,512,58752,59494,2799629,9.1491143790849669,7737612,25.286313725490196,0,0,0,0,2026072001,2026072902,0-49999,CC-B-R12-S-Q3,STAGE11-1200,coarse,MAX_FRAMES_REACHED,5
R12,6,6,9.0963016742589886,0.49019607843137253,0.12559432157547901,Q3,3,1.5,0.5,50000,0,0,0,0,0,2.5609718912715457e-07,0,7.6823274145000517e-05,404.91978799999646,402.80000000000001,594,19271.799999999999,230,512,58752,59494,2422462,7.9165424836601304,7357668,24.044666666666668,0,0,0,0,2026072001,2026072902,0-49999,CC-B-R12-S-Q3,STAGE11-1200,coarse,MAX_FRAMES_REACHED,5
R12,6.5,6.5,9.5963016742589886,0.49019607843137253,0.11193605692841696,Q3,3,1.5,0.5,50000,0,0,0,0,0,2.5609718912715457e-07,0,7.6823274145000517e-05,374.91126199999911,371.5,531.10000000000002,17824.400000000001,230,512,58752,59494,2067511,6.7565718954248366,6964737,22.760578431372551,0,0,0,0,2026072001,2026072902,0-49999,CC-B-R12-S-Q3,STAGE11-1200,coarse,MAX_FRAMES_REACHED,5
R12,7,7,10.096301674258989,0.49019607843137253,0.099763115748444001,Q3,3,1.5,0.5,50000,0,0,0,0,0,2.5609718912715457e-07,0,7.6823274145000517e-05,361.52084400000041,326.30000000000001,499.30000000000001,17101.599999999999,230,512,58752,59494,1736696,5.6754771241830069,6562264,21.445307189542483,0,0,0,0,2026072001,2026072902,0-49999,CC-B-R12-S-Q3,STAGE11-1200,coarse,MAX_FRAMES_REACHED,5
R12,7.5,7.5,10.596301674258989,0.49019607843137253,0.088913970501946132,Q3,3,1.5,0.5,50000,0,0,0,0,0,2.5609718912715457e-07,0,7.6823274145000517e-05,357.72158000000127,318.30000000000001,493.10000000000002,7389.3999999999996,230,512,58752,59494,1433020,4.6830718954248365,6150802,20.100660130718953,0,0,0,0,2026072001,2026072902,0-49999,CC-B-R12-S-Q3,STAGE11-1200,coarse,MAX_FRAMES_REACHED,5
R12,8,8,11.096301674258989,0.49019607843137253,0.079244659623055658,Q3,3,1.5,0.5,50000,0,0,0,0,0,2.5609718912715457e-07,0,7.6823274145000517e-05,356.53934400000168,312.10000000000002,494.5,10259.9,230,512,58752,59494,1159701,3.7898725490196079,5731972,18.731934640522876,0,0,0,0,2026072001,2026072902,0-49999,CC-B-R12-S-Q3,STAGE11-1200,coarse,MAX_FRAMES_REACHED,5
R12,8.5,8.5,11.596301674258989,0.49019607843137253,0.070626877231137725,Q3,3,1.5,0.5,50000,0,0,0,0,0,2.5609718912715457e-07,0,7.6823274145000517e-05,414.74875799999887,397.39999999999998,616.5,50210.699999999997,230,512,58752,59494,917790,2.9993137254901963,5309049,17.349833333333333,0,0,0,0,2026072001,2026072902,0-49999,CC-B-R12-S-Q3,STAGE11-1200,coarse,MAX_FRAMES_REACHED,5
R12,9,9,12.096301674258989,0.49019607843137253,0.06294627058970835,Q3,3,1.5,0.5,50000,0,0,0,0,0,2.5609718912715457e-07,0,7.6823274145000517e-05,445.27539599999892,409.60000000000002,684.5,75889.899999999994,230,512,58752,59494,708655,2.3158660130718953,4882643,15.956349673202615,0,0,0,0,2026072001,2026072902,0-49999,CC-B-R12-S-Q3,STAGE11-1200,coarse,MAX_FRAMES_REACHED,5
R12,9.5,9.5,12.596301674258989,0.49019607843137253,0.05610092271509818,Q3,3,1.5,0.5,50000,0,0,0,0,0,2.5609718912715457e-07,0,7.6823274145000517e-05,448.80974199999861,411.30000000000001,706.39999999999998,35565.199999999997,230,512,58752,59494,532721,1.7409183006535949,4456628,14.564143790849673,0,0,0,0,2026072001,2026072902,0-49999,CC-B-R12-S-Q3,STAGE11-1200,coarse,MAX_FRAMES_REACHED,5
R12,10,10,13.096301674258989,0.49019607843137253,0.050000000000000003,Q3,3,1.5,0.5,50000,0,0,0,0,0,2.5609718912715457e-07,0,7.6823274145000517e-05,472.66758999999729,418.5,741,119158,230,512,58752,59494,388972,1.2711503267973856,4033821,13.182421568627451,0,0,0,0,2026072001,2026072902,0-49999,CC-B-R12-S-Q3,STAGE11-1200,coarse,MAX_FRAMES_REACHED,5
R12,-5,-5,-1.9036983257410123,0.49019607843137253,1.5811388300841895,Q4,4,1.5,0.21428571428571427,1000,120408,1000,0.40135999999999999,1,0.39960724238987855,0.4031152837210954,0.99617324151444497,1,309.86019999999968,272.39999999999998,400.39999999999998,3517,306,512,58752,59570,225232,36.802614379084964,247866,40.500980392156862,0,0,0.022035106780294061,0,2026072001,2026072902,0-999,CC-B-R12-S-Q4,STAGE11-1200,coarse,TARGET_ERRORS_REACHED,5
R12,-4.5,-4.5,-1.4036983257410123,0.49019607843137253,1.4091914656322269,Q4,4,1.5,0.21428571428571427,1000,107667,1000,0.35888999999999999,1,0.35717535402138889,0.36060825972069888,0.99617324151444497,1,313.13070000000039,281.10000000000002,405.89999999999998,767.20000000000005,306,512,58752,59570,216299,35.342973856209149,239547,39.141666666666666,0,0,0.036126374948274004,0,2026072001,2026072902,0-999,CC-B-R12-S-Q4,STAGE11-1200,coarse,TARGET_ERRORS_REACHED,5
R12,-4,-4,-0.90369832574101228,0.49019607843137253,1.2559432157547903,Q4,4,1.5,0.21428571428571427,1000,89754,1000,0.29918,1,0.29754404014494029,0.30082110273427498,0.99617324151444497,1,312.02409999999992,277.5,405.80000000000001,749.60000000000002,306,512,58752,59570,207936,33.976470588235294,231574,37.838888888888889,0,0,0.042717566829699086,0,2026072001,2026072902,0-999,CC-B-R12-S-Q4,STAGE11-1200,coarse,TARGET_ERRORS_REACHED,5
R12,-3.5,-3.5,-0.40369832574101228,0.49019607843137253,1.1193605692841697,Q4,4,1.5,0.21428571428571427,1000,67956,998,0.22652,0.998,0.2250256678076456,0.22802133585039536,0.99273719213650791,0.99945135641187932,309.88899999999956,271.69999999999999,401.5,848.29999999999995,306,512,58752,59570,199825,32.651143790849673,224139,36.624019607843138,0,0,0.047152366863905261,0,2026072001,2026072902,0-999,CC-B-R12-S-Q4,STAGE11-1200,coarse,TARGET_ERRORS_REACHED,5
R12,-3,-3,0.096301674258987724,0.49019607843137253,0.99763115748443987,Q4,4,1.5,0.21428571428571427,1000,46555,979,0.15518333333333334,0.97899999999999998,0.15389208882110492,0.15648340839265903,0.96810970493876247,0.98622426043207578,338.86360000000047,357.80000000000001,422.19999999999999,974.89999999999998,306,512,58752,59570,191876,31.352287581699347,216900,35.441176470588232,0,0,0.09022996580956405,0.013457556935817818,2026072001,2026072902,0-999,CC-B-R12-S-Q4,STAGE11-1200,coarse,TARGET_ERRORS_REACHED,5
R12,-2.5,-2.5,0.59630167425898772,0.49019607843137253,0.88913970501946138,Q4,4,1.5,0.21428571428571427,1000,26957,899,0.089856666666666668,0.89900000000000002,0.088838577249553283,0.090885259607454402,0.87877025738092618,0.91617598934760092,340.74830000000003,359.30000000000001,422.5,1441.4000000000001,306,512,58752,59570,184255,30.107026143790851,209958,34.306862745098037,0,0,0.11586224025167653,0.038106235565819893,2026072001,2026072902,0-999,CC-B-R12-S-Q4,STAGE11-1200,coarse,TARGET_ERRORS_REACHED,5
R12,-2,-2,1.0963016742589877,0.49019607843137253,0.79244659623055669,Q4,4,1.5,0.21428571428571427,1000,12893,704,0.04297666666666667,0.70399999999999996,0.042256786450066086,0.043708250975498603,0.67496965687587274,0.73146902566202066,341.99270000000013,357.60000000000002,441.19999999999999,1304.5999999999999,306,512,58752,59570,176633,28.861601307189542,203312,33.220915032679741,0,0,0.12122793286372728,0.052316890881913179,2026072001,2026072902,0-999,CC-B-R12-S-Q4,STAGE11-1200,coarse,TARGET_ERRORS_REACHED,5
R12,-1.5,-1.5,1.5963016742589877,0.49019607843137253,0.70626877231137719,Q4,4,1.5,0.21428571428571427,1000,5369,444,0.017896666666666668,0.44400000000000001,0.017428394590858952,0.018377285118396196,0.41347775946028981,0.47495083749009243,340.72059999999993,359.60000000000002,429.5,1389.5,306,512,58752,59570,169144,27.637908496732027,196631,32.129248366013073,0,0,0.15886034966544368,0.12977099236641218,2026072001,2026072902,0-999,CC-B-R12-S-Q4,STAGE11-1200,coarse,TARGET_ERRORS_REACHED,5
R12,-1,-1,2.0963016742589877,0.49019607843137253,0.62946270589708364,Q4,4,1.5,0.21428571428571427,1123,2117,224,0.0062837637281092313,0.19946571682991987,0.0060225028578664852,0.0065562835414529792,0.1771363701292038,0.22384413629764771,356.66553873553005,364.39999999999998,445.19999999999999,2219.1999999999998,306,512,58752,59570,181460,26.402784325365648,213485,31.062484358540093,0,0,0.17025981205085675,0.12000000000000012,2026072001,2026072902,0-1122,CC-B-R12-S-Q4,STAGE11-1200,coarse,TARGET_ERRORS_REACHED,5
R12,-0.5,-0.5,2.5963016742589877,0.49019607843137253,0.56100922715098167,Q4,4,1.5,0.21428571428571427,2830,1579,228,0.0018598351001177856,0.080565371024734989,0.0017704126194902669,0.0019537654164863269,0.071097196633914617,0.091170687968231606,347.42282685512384,363,427.80000000000001,1039.0999999999999,306,512,58752,59570,437957,25.286784914201252,521021,30.082738631377168,0,0,0.15087463556851305,0.14000000000000004,2026072001,2026072902,0-2829,CC-B-R12-S-Q4,STAGE11-1200,coarse,TARGET_ERRORS_REACHED,5
R12,0,0,3.0963016742589877,0.49019607843137253,0.5,Q4,4,1.5,0.21428571428571427,10180,1356,228,0.00044400785854616895,0.022396856581532416,0.00042100067112503102,0.00046827177246279536,0.019697502600007029,0.025456525050571166,375.84277996070847,372.60000000000002,475,11271.9,306,512,58752,59570,1495345,24.001711031498388,1805242,28.975852947596852,0,0,0.18427947598253275,0.13999999999999999,2026072001,2026072902,0-10179,CC-B-R12-S-Q4,STAGE11-1200,coarse,TARGET_ERRORS_REACHED,5
R12,0.5,0.5,3.5963016742589877,0.49019607843137253,0.44562546906687278,Q4,4,1.5,0.21428571428571427,38219,1114,251,9.7159353550153939e-05,0.0065674141133990945,9.1619207998787578e-05,0.00010303447307315693,0.005805733986107355,0.0074282758235940391,387.05938407598359,381.89999999999998,494.89999999999998,13125.799999999999,306,512,58752,59570,5312905,22.714402052019775,6512636,27.843643453526436,0,0,0.25309336332958382,0.25499999999999989,2026072001,2026072902,0-38218,CC-B-R12-S-Q4,STAGE11-1200,coarse,TARGET_ERRORS_REACHED,5
R12,1,1,4.0963016742589877,0.49019607843137253,0.39716411736214075,Q4,4,1.5,0.21428571428571427,50000,296,67,1.9733333333333333e-05,0.00134,1.7609722677491339e-05,2.2113031071000082e-05,0.0010553957032662614,0.0017012216845040304,384.03310400000373,381.5,494.69999999999999,37817.800000000003,306,512,58752,59570,6546712,21.394483660130717,8163339,26.677578431372549,0,0,0.30396475770925113,0.34000000000000002,2026072001,2026072902,0-49999,CC-B-R12-S-Q4,STAGE11-1200,coarse,MAX_FRAMES_REACHED,5
R12,1.5,1.5,4.5963016742589877,0.49019607843137253,0.35397289219206896,Q4,4,1.5,0.21428571428571427,50000,27,7,1.7999999999999999e-06,0.00013999999999999999,1.2371281417013567e-06,2.6189681254759166e-06,6.781887437968768e-05,0.00028898288924855225,381.66603799999945,382.5,492.60000000000002,44055.099999999999,306,512,58752,59570,6134099,20.046075163398694,7794040,25.470718954248365,0,0,0.07999999999999996,0,2026072001,2026072902,0-49999,CC-B-R12-S-Q4,STAGE11-1200,coarse,MAX_FRAMES_REACHED,5
R12,2,2,5.0963016742589877,0.49019607843137253,0.31547867224009662,Q4,4,1.5,0.21428571428571427,50000,3,2,1.9999999999999999e-07,4.0000000000000003e-05,6.8018050835858217e-08,5.8807903585242071e-07,1.0969511301390302e-05,0.00014584761698167861,380.46591799999709,378.5,486.60000000000002,27083.200000000001,306,512,58752,59570,5714684,18.675437908496733,7414897,24.231689542483661,0,0,0,0,2026072001,2026072902,0-49999,CC-B-R12-S-Q4,STAGE11-1200,coarse,MAX_FRAMES_REACHED,5
R12,2.5,2.5,5.5963016742589877,0.49019607843137253,0.28117066259517454,Q4,4,1.5,0.21428571428571427,50000,2,1,1.3333333333333334e-07,2.0000000000000002e-05,3.6564809978675663e-08,4.8619897752256183e-07,3.530499822832098e-06,0.00011328970139120264,360.33036800000139,368,451.5,31569.700000000001,306,512,58752,59570,5291800,17.293464052287582,7023516,22.952666666666666,0,0,1,1,2026072001,2026072902,0-49999,CC-B-R12-S-Q4,STAGE11-1200,coarse,MAX_FRAMES_REACHED,5
R12,3,3,6.0963016742589877,0.49019607843137253,0.25059361681363618,Q4,4,1.5,0.21428571428571427,50000,0,0,0,0,0,2.5609718912715457e-07,0,7.6823274145000517e-05,352.18915199999975,364.69999999999999,452.10000000000002,9717.8999999999996,306,512,58752,59570,4865108,15.899045751633986,6622579,21.64241503267974,0,0,0,0,2026072001,2026072902,0-49999,CC-B-R12-S-Q4,STAGE11-1200,coarse,MAX_FRAMES_REACHED,5
R12,3.5,3.5,6.5963016742589877,0.49019607843137253,0.22334179607548157,Q4,4,1.5,0.21428571428571427,50000,0,0,0,0,0,2.5609718912715457e-07,0,7.6823274145000517e-05,358.19102000000106,365.39999999999998,458.5,72383.899999999994,306,512,58752,59570,4439012,14.506575163398693,6212521,20.302356209150325,0,0,0,0,2026072001,2026072902,0-49999,CC-B-R12-S-Q4,STAGE11-1200,coarse,MAX_FRAMES_REACHED,5
R12,4,4,7.0963016742589877,0.49019607843137253,0.19905358527674863,Q4,4,1.5,0.21428571428571427,50000,0,0,0,0,0,2.5609718912715457e-07,0,7.6823274145000517e-05,377.33017999999748,373.60000000000002,494,14585.700000000001,306,512,58752,59570,4016460,13.125686274509803,5794430,18.936045751633987,0,0,0,0,2026072001,2026072902,0-49999,CC-B-R12-S-Q4,STAGE11-1200,coarse,MAX_FRAMES_REACHED,5
R12,4.5,4.5,7.5963016742589877,0.49019607843137253,0.17740669461678774,Q4,4,1.5,0.21428571428571427,50000,0,0,0,0,0,2.5609718912715457e-07,0,7.6823274145000517e-05,407.92235999999724,394.30000000000001,582.20000000000005,39353,306,512,58752,59570,3599556,11.763254901960785,5371696,17.554562091503268,0,0,0,0,2026072001,2026072902,0-49999,CC-B-R12-S-Q4,STAGE11-1200,coarse,MAX_FRAMES_REACHED,5
R12,5,5,8.0963016742589886,0.49019607843137253,0.15811388300841897,Q4,4,1.5,0.21428571428571427,50000,0,0,0,0,0,2.5609718912715457e-07,0,7.6823274145000517e-05,404.17268999999999,394.60000000000002,584.39999999999998,26512.299999999999,306,512,58752,59570,3193824,10.437333333333333,4946140,16.163856209150328,0,0,0,0,2026072001,2026072902,0-49999,CC-B-R12-S-Q4,STAGE11-1200,coarse,MAX_FRAMES_REACHED,5
R12,5.5,5.5,8.5963016742589886,0.49019607843137253,0.14091914656322269,Q4,4,1.5,0.21428571428571427,50000,0,0,0,0,0,2.5609718912715457e-07,0,7.6823274145000517e-05,400.45476399999603,394.19999999999999,574.5,19648.5,306,512,58752,59570,2799629,9.1491143790849669,4519547,14.769761437908496,0,0,0,0,2026072001,2026072902,0-49999,CC-B-R12-S-Q4,STAGE11-1200,coarse,MAX_FRAMES_REACHED,5
R12,6,6,9.0963016742589886,0.49019607843137253,0.12559432157547901,Q4,4,1.5,0.21428571428571427,50000,0,0,0,0,0,2.5609718912715457e-07,0,7.6823274145000517e-05,392.53483999999861,391.30000000000001,568.60000000000002,23155.200000000001,306,512,58752,59570,2422462,7.9165424836601304,4095918,13.385352941176471,0,0,0,0,2026072001,2026072902,0-49999,CC-B-R12-S-Q4,STAGE11-1200,coarse,MAX_FRAMES_REACHED,5
R12,6.5,6.5,9.5963016742589886,0.49019607843137253,0.11193605692841696,Q4,4,1.5,0.21428571428571427,50000,0,0,0,0,0,2.5609718912715457e-07,0,7.6823274145000517e-05,363.97091799999947,360.60000000000002,514.39999999999998,25456.299999999999,306,512,58752,59570,2067511,6.7565718954248366,3678251,12.020428104575164,0,0,0,0,2026072001,2026072902,0-49999,CC-B-R12-S-Q4,STAGE11-1200,coarse,MAX_FRAMES_REACHED,5
R12,7,7,10.096301674258989,0.49019607843137253,0.099763115748444001,Q4,4,1.5,0.21428571428571427,50000,0,0,0,0,0,2.5609718912715457e-07,0,7.6823274145000517e-05,349.31679800000086,316,484,11926.1,306,512,58752,59570,1736696,5.6754771241830069,3269446,10.684464052287582,0,0,0,0,2026072001,2026072902,0-49999,CC-B-R12-S-Q4,STAGE11-1200,coarse,MAX_FRAMES_REACHED,5
R12,7.5,7.5,10.596301674258989,0.49019607843137253,0.088913970501946132,Q4,4,1.5,0.21428571428571427,50000,0,0,0,0,0,2.5609718912715457e-07,0,7.6823274145000517e-05,348.04604199999937,306.60000000000002,485.60000000000002,13766.799999999999,306,512,58752,59570,1433020,4.6830718954248365,2872672,9.3878169934640514,0,0,0,0,2026072001,2026072902,0-49999,CC-B-R12-S-Q4,STAGE11-1200,coarse,MAX_FRAMES_REACHED,5
R12,8,8,11.096301674258989,0.49019607843137253,0.079244659623055658,Q4,4,1.5,0.21428571428571427,50000,0,0,0,0,0,2.5609718912715457e-07,0,7.6823274145000517e-05,348.368378000002,300.69999999999999,485.10000000000002,19602.900000000001,306,512,58752,59570,1159701,3.7898725490196079,2492627,8.1458398692810459,0,0,0,0,2026072001,2026072902,0-49999,CC-B-R12-S-Q4,STAGE11-1200,coarse,MAX_FRAMES_REACHED,5
R12,8.5,8.5,11.596301674258989,0.49019607843137253,0.070626877231137725,Q4,4,1.5,0.21428571428571427,50000,0,0,0,0,0,2.5609718912715457e-07,0,7.6823274145000517e-05,402.77881000000014,387.10000000000002,602.60000000000002,56552.300000000003,306,512,58752,59570,917790,2.9993137254901963,2132962,6.970464052287582,0,0,0,0,2026072001,2026072902,0-49999,CC-B-R12-S-Q4,STAGE11-1200,coarse,MAX_FRAMES_REACHED,5
R12,9,9,12.096301674258989,0.49019607843137253,0.06294627058970835,Q4,4,1.5,0.21428571428571427,50000,0,0,0,0,0,2.5609718912715457e-07,0,7.6823274145000517e-05,433.24223799999953,399.39999999999998,663.79999999999995,44345,306,512,58752,59570,708655,2.3158660130718953,1797326,5.8736143790849678,0,0,0,0,2026072001,2026072902,0-49999,CC-B-R12-S-Q4,STAGE11-1200,coarse,MAX_FRAMES_REACHED,5
R12,9.5,9.5,12.596301674258989,0.49019607843137253,0.05610092271509818,Q4,4,1.5,0.21428571428571427,50000,0,0,0,0,0,2.5609718912715457e-07,0,7.6823274145000517e-05,435.48012400000027,401.19999999999999,675.79999999999995,59473,306,512,58752,59570,532721,1.7409183006535949,1488078,4.8630000000000004,0,0,0,0,2026072001,2026072902,0-49999,CC-B-R12-S-Q4,STAGE11-1200,coarse,MAX_FRAMES_REACHED,5
R12,10,10,13.096301674258989,0.49019607843137253,0.050000000000000003,Q4,4,1.5,0.21428571428571427,50000,0,0,0,0,0,2.5609718912715457e-07,0,7.6823274145000517e-05,460.96995400000145,408.69999999999999,733.29999999999995,48670.5,306,512,58752,59570,388972,1.2711503267973856,1208662,3.949875816993464,0,0,0,0,2026072001,2026072902,0-49999,CC-B-R12-S-Q4,STAGE11-1200,coarse,MAX_FRAMES_REACHED,5
R12,-5,-5,-1.9036983257410123,0.49019607843137253,1.5811388300841895,Q5,5,1.5,0.10000000000000001,1000,120955,1000,0.40318333333333334,1,0.4014292520425945,0.40493989404057795,0.99617324151444497,1,303.20910000000015,268.89999999999998,394.80000000000001,975.10000000000002,383,512,58752,59647,225232,36.802614379084964,235691,38.511601307189544,0,0,0.026678097307574838,0,2026072001,2026072902,0-999,CC-B-R12-S-Q5,STAGE11-1200,coarse,TARGET_ERRORS_REACHED,5
R12,-4.5,-4.5,-1.4036983257410123,0.49019607843137253,1.4091914656322269,Q5,5,1.5,0.10000000000000001,1000,107104,1000,0.35701333333333335,1,0.35530070117380003,0.3587296272952572,0.99617324151444497,1,308.00090000000006,273.89999999999998,401.89999999999998,1050.0999999999999,383,512,58752,59647,216299,35.342973856209149,227044,37.098692810457514,0,0,0.030708381049531868,0,2026072001,2026072902,0-999,CC-B-R12-S-Q5,STAGE11-1200,coarse,TARGET_ERRORS_REACHED,5
R12,-4,-4,-0.90369832574101228,0.49019607843137253,1.2559432157547903,Q5,5,1.5,0.10000000000000001,1000,89351,1000,0.29783666666666669,1,0.29620284057234153,0.29947567004216452,0.99617324151444497,1,305.68419999999992,269.80000000000001,396.39999999999998,793.79999999999995,383,512,58752,59647,207936,33.976470588235294,218832,35.75686274509804,0,0,0.038035712211159964,0,2026072001,2026072902,0-999,CC-B-R12-S-Q5,STAGE11-1200,coarse,TARGET_ERRORS_REACHED,5
R12,-3.5,-3.5,-0.40369832574101228,0.49019607843137253,1.1193605692841697,Q5,5,1.5,0.10000000000000001,1000,67302,996,0.22434000000000001,0.996,0.22285082142470683,0.22583623806182082,0.98976044372273775,0.99844341185959162,303.84990000000005,267,396.39999999999998,927.20000000000005,383,512,58752,59647,199825,32.651143790849673,210853,34.453104575163401,0,0,0.037074704142011826,-0.0020040080160320657,2026072001,2026072902,0-999,CC-B-R12-S-Q5,STAGE11-1200,coarse,TARGET_ERRORS_REACHED,5
R12,-3,-3,0.096301674258987724,0.49019607843137253,0.99763115748443987,Q5,5,1.5,0.10000000000000001,1000,45155,976,0.15051666666666666,0.97599999999999998,0.14924159226929126,0.15180069112166125,0.96453709438838853,0.98381983153336294,331.49839999999966,351.60000000000002,423.69999999999999,773.79999999999995,383,512,58752,59647,191876,31.352287581699347,203407,33.236437908496733,0,0,0.057444616177228229,0.010351966873706014,2026072001,2026072902,0-999,CC-B-R12-S-Q5,STAGE11-1200,coarse,TARGET_ERRORS_REACHED,5
R12,-2.5,-2.5,0.59630167425898772,0.49019607843137253,0.88913970501946138,Q5,5,1.5,0.10000000000000001,1000,26054,892,0.086846666666666669,0.89200000000000002,0.085844238777530377,0.087859675163763931,0.87124101990987668,0.90975880143744814,340.22310000000016,354.10000000000002,432.60000000000002,2008.7,383,512,58752,59647,184255,30.107026143790851,196146,32.049999999999997,0,0,0.078483318155476531,0.030023094688221737,2026072001,2026072902,0-999,CC-B-R12-S-Q5,STAGE11-1200,coarse,TARGET_ERRORS_REACHED,5
R12,-2,-2,1.0963016742589877,0.49019607843137253,0.79244659623055669,Q5,5,1.5,0.10000000000000001,1000,12684,690,0.042279999999999998,0.68999999999999995,0.041565772530470474,0.043005949402974489,0.66065347684071685,0.71789235493477221,373.08010000000024,401.5,450.80000000000001,858.10000000000002,383,512,58752,59647,176633,28.861601307189542,188878,30.862418300653594,0,0,0.10305243934255139,0.031390134529147844,2026072001,2026072902,0-999,CC-B-R12-S-Q5,STAGE11-1200,dense,TARGET_ERRORS_REACHED,5
R12,-1.8999999999999999,-1.8999999999999999,1.1963016742589878,0.49019607843137253,0.77440830945624062,Q5,5,1.5,0.10000000000000001,1000,10733,644,0.035776666666666665,0.64400000000000002,0.035117964274904628,0.036447257538322383,0.61382393003402236,0.67307396352213777,368.69420000000002,400.69999999999999,445,819.29999999999995,383,512,58752,59647,175090,28.609477124183005,187427,30.625326797385622,0,0,0.12694246115077695,0.050570962479608531,2026072001,2026072902,0-999,CC-B-R12-S-Q5,STAGE11-1200,dense,TARGET_ERRORS_REACHED,5
R12,-1.8,-1.8,1.2963016742589877,0.49019607843137253,0.7567806242181041,Q5,5,1.5,0.10000000000000001,1000,9042,587,0.03014,0.58699999999999997,0.029534184920216103,0.030757847911315077,0.55620667596283824,0.6171274680606752,374.24100000000033,403,468.5,1550.9000000000001,383,512,58752,59647,173626,28.370261437908496,186024,30.396078431372548,0,0,0.11231393775372119,0.055755395683453085,2026072001,2026072902,0-999,CC-B-R12-S-Q5,STAGE11-1200,dense,TARGET_ERRORS_REACHED,5
R12,-1.7,-1.7,1.3963016742589878,0.49019607843137253,0.73955419408410372,Q5,5,1.5,0.10000000000000001,1000,7622,541,0.025406666666666668,0.54100000000000004,0.024849630712290915,0.025975856670388656,0.51001646738872664,0.57166973841545787,373.36609999999962,399.60000000000002,457.5,873.89999999999998,383,512,58752,59647,172066,28.115359477124183,184559,30.15669934640523,0,0,0.12269848283988806,0.088531187122736499,2026072001,2026072902,0-999,CC-B-R12-S-Q5,STAGE11-1200,dense,TARGET_ERRORS_REACHED,5
R12,-1.6000000000000001,-1.6000000000000001,1.4963016742589876,0.49019607843137253,0.72271988537296372,Q5,5,1.5,0.10000000000000001,1000,6252,480,0.020840000000000001,0.47999999999999998,0.020334934546409122,0.021357336452519245,0.44917079499694124,0.51098227534248097,408.12209999999988,413.80000000000001,498.10000000000002,1221,383,512,58752,59647,170583,27.873039215686273,183194,29.933660130718955,0,0,0.11583080492593252,0.08108108108108103,2026072001,2026072902,0-999,CC-B-R12-S-Q5,STAGE11-1200,dense,TARGET_ERRORS_REACHED,5
R12,-1.5,-1.5,1.5963016742589877,0.49019607843137253,0.70626877231137719,Q5,5,1.5,0.10000000000000001,1000,5024,419,0.016746666666666667,0.41899999999999998,0.016293634345491706,0.017212074814570613,0.38878656102884962,0.44983337384581029,398.54260000000005,410.89999999999998,490.69999999999999,1977,383,512,58752,59647,169144,27.637908496732027,181722,29.693137254901959,0,0,0.084394560759766896,0.066157760814249275,2026072001,2026072902,0-999,CC-B-R12-S-Q5,STAGE11-1200,dense,TARGET_ERRORS_REACHED,5
R12,-1.3999999999999999,-1.3999999999999999,1.6963016742589878,0.49019607843137253,0.69019213230144238,Q5,5,1.5,0.10000000000000001,1000,4174,370,0.013913333333333333,0.37,0.01350037255742619,0.014338742495929183,0.3406266753339855,0.40036828187225881,411.82609999999994,415.80000000000001,497.19999999999999,1491.5,383,512,58752,59647,167600,27.385620915032678,180343,29.46781045751634,0,0,0.084155844155844109,0.069364161849711045,2026072001,2026072902,0-999,CC-B-R12-S-Q5,STAGE11-1200,dense,TARGET_ERRORS_REACHED,5
R12,-1.2999999999999998,-1.2999999999999998,1.7963016742589879,0.49019607843137253,0.67448144129582677,Q5,5,1.5,0.10000000000000001,1000,3306,310,0.01102,0.31,0.010652641145938601,0.011399881337273677,0.28210764506522773,0.33934652315928321,405.5757000000005,412.69999999999999,485.5,1363.9000000000001,383,512,58752,59647,166087,27.138398692810458,178896,29.231372549019607,0,0,0.063706563706563787,0.029900332225913647,2026072001,2026072902,0-999,CC-B-R12-S-Q5,STAGE11-1200,dense,TARGET_ERRORS_REACHED,5
R12,-1.2,-1.2,1.8963016742589878,0.49019607843137253,0.65912836927820351,Q5,5,1.5,0.10000000000000001,1000,2688,265,0.0089599999999999992,0.26500000000000001,0.0086290315541667599,0.0093035436844044611,0.23858325625975632,0.29321532022845459,419.83350000000064,411.69999999999999,523.39999999999998,1385.5,383,512,58752,59647,164558,26.888562091503267,177436,28.992810457516338,0,0,0.079951787866612903,0.031128404669260729,2026072001,2026072902,0-999,CC-B-R12-S-Q5,STAGE11-1200,dense,TARGET_ERRORS_REACHED,5
R12,-1.1000000000000001,-1.1000000000000001,1.9963016742589876,0.49019607843137253,0.64412477584656702,Q5,5,1.5,0.10000000000000001,1000,2155,231,0.0071833333333333332,0.23100000000000001,0.0068873863380162388,0.007491901066584622,0.20593646391387108,0.2581223321513576,439.76789999999988,413.80000000000001,562.60000000000002,6285.1999999999998,383,512,58752,59647,163072,26.645751633986929,175959,28.751470588235293,0,0,0.091139240506329086,0.074418604651162859,2026072001,2026072902,0-999,CC-B-R12-S-Q5,STAGE11-1200,dense,TARGET_ERRORS_REACHED,5
R12,-1,-1,2.0963016742589877,0.49019607843137253,0.62946270589708364,Q5,5,1.5,0.10000000000000001,1123,1983,218,0.0058860195903829033,0.19412288512911843,0.0056332923709732034,0.0061500148232426968,0.17204862133731208,0.21828264964823901,426.47729296527183,413.89999999999998,513.89999999999998,4086.6999999999998,383,512,58752,59647,181460,26.402784325365648,196041,28.524348296754141,0,0,0.096185737976782745,0.090000000000000052,2026072001,2026072902,0-1122,CC-B-R12-S-Q5,STAGE11-1200,dense,TARGET_ERRORS_REACHED,5
R12,-0.89999999999999991,-0.89999999999999991,2.1963016742589878,0.49019607843137253,0.6151343854061907,Q5,5,1.5,0.10000000000000001,1431,1904,229,0.0044351269508502216,0.16002795248078266,0.0042407406391121684,0.0046383820024827613,0.14194592725679928,0.17993037202457551,425.88462613556896,410.39999999999998,518,4324.8999999999996,383,512,58752,59647,229494,26.204765623929514,248230,28.344135231544282,0,0,0.16026812918951872,0.14499999999999988,2026072001,2026072902,0-1430,CC-B-R12-S-Q5,STAGE11-1200,dense,TARGET_ERRORS_REACHED,5
R12,-0.79999999999999982,-0.79999999999999982,2.2963016742589879,0.49019607843137253,0.60113221730870636,Q5,5,1.5,0.10000000000000001,1731,1805,232,0.0034758328519160406,0.1340265742345465,0.0033193933961354291,0.0036396182080705853,0.11878528351642589,0.15088861460376438,400.54829578278532,404.80000000000001,470,1258.5,383,512,58752,59647,275502,26.006162141344117,298181,28.146958764249007,0,0,0.14240506329113917,0.15999999999999992,2026072001,2026072902,0-1730,CC-B-R12-S-Q5,STAGE11-1200,dense,TARGET_ERRORS_REACHED,5
R12,-0.69999999999999996,-0.69999999999999996,2.3963016742589875,0.49019607843137253,0.58744877746976476,Q5,5,1.5,0.10000000000000001,2083,1711,224,0.0027380380860937748,0.10753720595295248,0.0026115003526001263,0.0028706894365091258,0.094948416079109491,0.12157088724929795,404.9206433029288,405.89999999999998,480.69999999999999,1006.8,383,512,58752,59647,328378,25.75925873629977,355791,27.909642013310364,0,0,0.15842924847664169,0.12000000000000009,2026072001,2026072902,0-2082,CC-B-R12-S-Q5,STAGE11-1200,dense,TARGET_ERRORS_REACHED,5
R12,-0.59999999999999987,-0.59999999999999987,2.4963016742589881,0.49019607843137253,0.5740768107484413,Q5,5,1.5,0.10000000000000001,2465,1583,216,0.002140635564570656,0.087626774847870181,0.0020378523044324768,0.0022485912285281381,0.077096604959721524,0.099440230673654886,404.07598377282034,404.80000000000001,463.60000000000002,2330.5999999999999,383,512,58752,59647,385332,25.542695780137613,418066,27.712550875657904,0,0,0.087972508591065313,0.080000000000000002,2026072001,2026072902,0-2464,CC-B-R12-S-Q5,STAGE11-1200,dense,TARGET_ERRORS_REACHED,5
R12,-0.5,-0.5,2.5963016742589877,0.49019607843137253,0.56100922715098167,Q5,5,1.5,0.10000000000000001,2830,1488,214,0.0017526501766784452,0.075618374558303891,0.0016659026682134086,0.0018439064908364632,0.066442481650451163,0.08594482197817363,404.87371024734961,406,480.5,2932.6999999999998,383,512,58752,59647,437957,25.286784914201252,475752,27.468994665003812,0,0,0.084548104956268175,0.070000000000000021,2026072001,2026072902,0-2829,CC-B-R12-S-Q5,STAGE11-1200,dense,TARGET_ERRORS_REACHED,5
R12,-0.39999999999999991,-0.39999999999999991,2.6963016742589878,0.49019607843137253,0.54823909807159255,Q5,5,1.5,0.10000000000000001,3548,1433,215,0.0013462983840661405,0.06059751972942503,0.0012784164738382931,0.0014177796004707099,0.053211898069087937,0.06893360415857655,400.93015783540153,406.10000000000002,461.39999999999998,1499.5999999999999,383,512,58752,59647,543491,25.029796774027162,591266,27.230014516140916,0,0,0.039912917271407798,0.07500000000000008,2026072001,2026072902,0-3547,CC-B-R12-S-Q5,STAGE11-1200,dense,TARGET_ERRORS_REACHED,5
R12,-0.29999999999999982,-0.29999999999999982,2.7963016742589879,0.49019607843137253,0.53575965261880321,Q5,5,1.5,0.10000000000000001,5159,1515,232,0.00097887187439426237,0.04496995541771661,0.00093082808893549642,0.0010293928380611592,0.039645466945609768,0.050971582319265261,405.33126574917503,407.10000000000002,464.60000000000002,2181.0999999999999,383,512,58752,59647,782233,24.775314920178836,852330,26.995465757537751,0,0,0.17807153965785366,0.16000000000000003,2026072001,2026072902,0-5158,CC-B-R12-S-Q5,STAGE11-1200,dense,TARGET_ERRORS_REACHED,5
R12,-0.19999999999999996,-0.19999999999999996,2.8963016742589875,0.49019607843137253,0.52356427402544969,Q5,5,1.5,0.10000000000000001,6961,1433,234,0.00068620408945074937,0.033615859790260022,0.00065159431632087696,0.00072265084946683544,0.029632370775192179,0.03811381721924173,407.4057893980733,408.39999999999998,474,3794.1999999999998,383,512,58752,59647,1044723,24.523254209024508,1139841,26.756001926700861,0,0,0.19715956558061817,0.16417910447761205,2026072001,2026072902,0-6960,CC-B-R12-S-Q5,STAGE11-1200,dense,TARGET_ERRORS_REACHED,5
R12,-0.099999999999999867,-0.099999999999999867,2.9963016742589881,0.49019607843137253,0.51164649614037705,Q5,5,1.5,0.10000000000000001,8530,1392,227,0.00054396248534583822,0.026611957796014069,0.00051613446750612107,0.00057329002403017093,0.023403671502593641,0.030246429806408646,405.45213364595691,407.19999999999999,470.89999999999998,2552.5,383,512,58752,59647,1266343,24.257771494686189,1383669,26.505241017860836,0,0,0.16,0.12935323383084579,2026072001,2026072902,0-8529,CC-B-R12-S-Q5,STAGE11-1200,dense,TARGET_ERRORS_REACHED,5
R12,0,0,3.0963016742589877,0.49019607843137253,0.5,Q5,5,1.5,0.10000000000000001,10180,1265,214,0.00041421087098886706,0.021021611001964636,0.0003920096523157391,0.00043766889111737661,0.018410237979119067,0.023994336028330392,406.39929273084527,406.19999999999999,476.69999999999999,3620.5999999999999,383,512,58752,59647,1495345,24.001711031498388,1636234,26.263113627900406,0,0,0.10480349344978167,0.069999999999999993,2026072001,2026072902,0-10179,CC-B-R12-S-Q5,STAGE11-1200,dense,TARGET_ERRORS_REACHED,5
R12,0.5,0.5,3.5963016742589877,0.49019607843137253,0.44562546906687278,Q5,5,1.5,0.10000000000000001,38219,1020,223,8.8960987990266627e-05,0.0058347942123027812,8.366671898522919e-05,9.4590236460486337e-05,0.0051193106294085576,0.0066496066371251198,379.89734948586045,376.89999999999998,485.89999999999998,12464.799999999999,383,512,58752,59647,5312905,22.714402052019775,5856811,25.039777635152895,0,0,0.14735658042744665,0.11499999999999991,2026072001,2026072902,0-38218,CC-B-R12-S-Q5,STAGE11-1200,coarse,TARGET_ERRORS_REACHED,5
R12,1,1,4.0963016742589877,0.49019607843137253,0.39716411736214075,Q5,5,1.5,0.10000000000000001,50000,263,61,1.7533333333333334e-05,0.0012199999999999999,1.5538512876148356e-05,1.9784241999170702e-05,0.00094997019803163088,0.0015666656273244557,377.15787199999744,376.80000000000001,486.5,27076.799999999999,383,512,58752,59647,6546712,21.394483660130717,7277528,23.782771241830066,0,0,0.15859030837004409,0.21999999999999992,2026072001,2026072902,0-49999,CC-B-R12-S-Q5,STAGE11-1200,coarse,MAX_FRAMES_REACHED,5
R12,1.5,1.5,4.5963016742589877,0.49019607843137253,0.35397289219206896,Q5,5,1.5,0.10000000000000001,50000,32,8,2.1333333333333334e-06,0.00016000000000000001,1.5112241931851212e-06,3.0115385699273595e-06,8.1078132814049511e-05,0.00031572055788322461,376.78343000000348,377.80000000000001,483.30000000000001,30874.299999999999,383,512,58752,59647,6134099,20.046075163398694,6881341,22.488042483660131,0,0,0.28000000000000003,0.14285714285714304,2026072001,2026072902,0-49999,CC-B-R12-S-Q5,STAGE11-1200,coarse,MAX_FRAMES_REACHED,5
R12,2,2,5.0963016742589877,0.49019607843137253,0.31547867224009662,Q5,5,1.5,0.10000000000000001,50000,2,1,1.3333333333333334e-07,2.0000000000000002e-05,3.6564809978675663e-08,4.8619897752256183e-07,3.530499822832098e-06,0.00011328970139120264,374.99916800000085,373.80000000000001,477.60000000000002,31725.900000000001,383,512,58752,59647,5714684,18.675437908496733,6476057,21.163584967320261,0,0,-0.33333333333333331,-0.5,2026072001,2026072902,0-49999,CC-B-R12-S-Q5,STAGE11-1200,coarse,MAX_FRAMES_REACHED,5
R12,2.5,2.5,5.5963016742589877,0.49019607843137253,0.28117066259517454,Q5,5,1.5,0.10000000000000001,50000,0,0,0,0,0,2.5609718912715457e-07,0,7.6823274145000517e-05,355.17092999999716,363.69999999999999,446,33613.800000000003,383,512,58752,59647,5291800,17.293464052287582,6063496,19.815346405228759,0,0,0,0,2026072001,2026072902,0-49999,CC-B-R12-S-Q5,STAGE11-1200,coarse,MAX_FRAMES_REACHED,5
R12,3,3,6.0963016742589877,0.49019607843137253,0.25059361681363618,Q5,5,1.5,0.10000000000000001,50000,0,0,0,0,0,2.5609718912715457e-07,0,7.6823274145000517e-05,348.36443199999752,360.30000000000001,446.10000000000002,48145.900000000001,383,512,58752,59647,4865108,15.899045751633986,5642556,18.439725490196079,0,0,0,0,2026072001,2026072902,0-49999,CC-B-R12-S-Q5,STAGE11-1200,coarse,MAX_FRAMES_REACHED,5
R12,3.5,3.5,6.5963016742589877,0.49019607843137253,0.22334179607548157,Q5,5,1.5,0.10000000000000001,50000,0,0,0,0,0,2.5609718912715457e-07,0,7.6823274145000517e-05,350.61794599999803,361.10000000000002,452.89999999999998,13957,383,512,58752,59647,4439012,14.506575163398693,5219502,17.057196078431371,0,0,0,0,2026072001,2026072902,0-49999,CC-B-R12-S-Q5,STAGE11-1200,coarse,MAX_FRAMES_REACHED,5
R12,4,4,7.0963016742589877,0.49019607843137253,0.19905358527674863,Q5,5,1.5,0.10000000000000001,50000,0,0,0,0,0,2.5609718912715457e-07,0,7.6823274145000517e-05,371.81270799999987,369,485,17289.599999999999,383,512,58752,59647,4016460,13.125686274509803,4792417,15.661493464052288,0,0,0,0,2026072001,2026072902,0-49999,CC-B-R12-S-Q5,STAGE11-1200,coarse,MAX_FRAMES_REACHED,5
R12,4.5,4.5,7.5963016742589877,0.49019607843137253,0.17740669461678774,Q5,5,1.5,0.10000000000000001,50000,0,0,0,0,0,2.5609718912715457e-07,0,7.6823274145000517e-05,402.80209400000138,389.60000000000002,571.60000000000002,20674.799999999999,383,512,58752,59647,3599556,11.763254901960785,4366687,14.270218954248366,0,0,0,0,2026072001,2026072902,0-49999,CC-B-R12-S-Q5,STAGE11-1200,coarse,MAX_FRAMES_REACHED,5
R12,5,5,8.0963016742589886,0.49019607843137253,0.15811388300841897,Q5,5,1.5,0.10000000000000001,50000,0,0,0,0,0,2.5609718912715457e-07,0,7.6823274145000517e-05,399.31563399999959,389.5,573.39999999999998,33127.699999999997,383,512,58752,59647,3193824,10.437333333333333,3945659,12.89431045751634,0,0,0,0,2026072001,2026072902,0-49999,CC-B-R12-S-Q5,STAGE11-1200,coarse,MAX_FRAMES_REACHED,5
R12,5.5,5.5,8.5963016742589886,0.49019607843137253,0.14091914656322269,Q5,5,1.5,0.10000000000000001,50000,0,0,0,0,0,2.5609718912715457e-07,0,7.6823274145000517e-05,395.47787000000187,389.30000000000001,566.39999999999998,27359.099999999999,383,512,58752,59647,2799629,9.1491143790849669,3529608,11.534666666666666,0,0,0,0,2026072001,2026072902,0-49999,CC-B-R12-S-Q5,STAGE11-1200,coarse,MAX_FRAMES_REACHED,5
R12,6,6,9.0963016742589886,0.49019607843137253,0.12559432157547901,Q5,5,1.5,0.10000000000000001,50000,0,0,0,0,0,2.5609718912715457e-07,0,7.6823274145000517e-05,386.33725599999786,386.5,564.89999999999998,32506.400000000001,383,512,58752,59647,2422462,7.9165424836601304,3125609,10.214408496732027,0,0,0,0,2026072001,2026072902,0-49999,CC-B-R12-S-Q5,STAGE11-1200,coarse,MAX_FRAMES_REACHED,5
R12,6.5,6.5,9.5963016742589886,0.49019607843137253,0.11193605692841696,Q5,5,1.5,0.10000000000000001,50000,0,0,0,0,0,2.5609718912715457e-07,0,7.6823274145000517e-05,360.33194200000077,353.39999999999998,508.80000000000001,34845.800000000003,383,512,58752,59647,2067511,6.7565718954248366,2734272,8.9355294117647066,0,0,0,0,2026072001,2026072902,0-49999,CC-B-R12-S-Q5,STAGE11-1200,coarse,MAX_FRAMES_REACHED,5
R12,7,7,10.096301674258989,0.49019607843137253,0.099763115748444001,Q5,5,1.5,0.10000000000000001,50000,0,0,0,0,0,2.5609718912715457e-07,0,7.6823274145000517e-05,344.98593999999912,310.19999999999999,478.10000000000002,25096.299999999999,383,512,58752,59647,1736696,5.6754771241830069,2360767,7.7149248366013072,0,0,0,0,2026072001,2026072902,0-49999,CC-B-R12-S-Q5,STAGE11-1200,coarse,MAX_FRAMES_REACHED,5
R12,7.5,7.5,10.596301674258989,0.49019607843137253,0.088913970501946132,Q5,5,1.5,0.10000000000000001,50000,0,0,0,0,0,2.5609718912715457e-07,0,7.6823274145000517e-05,341.27775000000196,302.69999999999999,473.30000000000001,12816.6,383,512,58752,59647,1433020,4.6830718954248365,2009613,6.5673627450980394,0,0,0,0,2026072001,2026072902,0-49999,CC-B-R12-S-Q5,STAGE11-1200,coarse,MAX_FRAMES_REACHED,5
R12,8,8,11.096301674258989,0.49019607843137253,0.079244659623055658,Q5,5,1.5,0.10000000000000001,50000,0,0,0,0,0,2.5609718912715457e-07,0,7.6823274145000517e-05,340.40122599999978,295.30000000000001,474.19999999999999,15353,383,512,58752,59647,1159701,3.7898725490196079,1683006,5.5000196078431376,0,0,0,0,2026072001,2026072902,0-49999,CC-B-R12-S-Q5,STAGE11-1200,coarse,MAX_FRAMES_REACHED,5
R12,8.5,8.5,11.596301674258989,0.49019607843137253,0.070626877231137725,Q5,5,1.5,0.10000000000000001,50000,0,0,0,0,0,2.5609718912715457e-07,0,7.6823274145000517e-05,394.23577599999936,382.30000000000001,595.20000000000005,19239.400000000001,383,512,58752,59647,917790,2.9993137254901963,1384413,4.5242254901960788,0,0,0,0,2026072001,2026072902,0-49999,CC-B-R12-S-Q5,STAGE11-1200,coarse,MAX_FRAMES_REACHED,5
R12,9,9,12.096301674258989,0.49019607843137253,0.06294627058970835,Q5,5,1.5,0.10000000000000001,50000,0,0,0,0,0,2.5609718912715457e-07,0,7.6823274145000517e-05,427.67462599999482,394.19999999999999,662.39999999999998,49564.199999999997,383,512,58752,59647,708655,2.3158660130718953,1115984,3.6470065359477126,0,0,0,0,2026072001,2026072902,0-49999,CC-B-R12-S-Q5,STAGE11-1200,coarse,MAX_FRAMES_REACHED,5
R12,9.5,9.5,12.596301674258989,0.49019607843137253,0.05610092271509818,Q5,5,1.5,0.10000000000000001,50000,0,0,0,0,0,2.5609718912715457e-07,0,7.6823274145000517e-05,435.20207399999452,395.60000000000002,674.79999999999995,58509.300000000003,383,512,58752,59647,532721,1.7409183006535949,880193,2.8764477124183006,0,0,0,0,2026072001,2026072902,0-49999,CC-B-R12-S-Q5,STAGE11-1200,coarse,MAX_FRAMES_REACHED,5
R12,10,10,13.096301674258989,0.49019607843137253,0.050000000000000003,Q5,5,1.5,0.10000000000000001,50000,0,0,0,0,0,2.5609718912715457e-07,0,7.6823274145000517e-05,452.10562400000276,403.10000000000002,711,44137.800000000003,383,512,58752,59647,388972,1.2711503267973856,676377,2.2103823529411764,0,0,0,0,2026072001,2026072902,0-49999,CC-B-R12-S-Q5,STAGE11-1200,coarse,MAX_FRAMES_REACHED,5
R12,-5,-5,-1.9036983257410123,0.49019607843137253,1.5811388300841895,Q6,6,1.5,0.048387096774193547,1000,120539,1000,0.40179666666666669,1,0.40004358975324084,0.40355225850829624,0.99617324151444497,1,299.34679999999997,264.30000000000001,399,650.29999999999995,459,512,58752,59723,225232,36.802614379084964,230220,37.617647058823529,0,0,0.023147047838929929,0,2026072001,2026072902,0-999,CC-B-R12-S-Q6,STAGE11-1200,coarse,TARGET_ERRORS_REACHED,5
R12,-4.5,-4.5,-1.4036983257410123,0.49019607843137253,1.4091914656322269,Q6,6,1.5,0.048387096774193547,1000,107330,1000,0.35776666666666668,1,0.35605322268200157,0.35948375316130954,0.99617324151444497,1,309.22179999999992,284.30000000000001,406.69999999999999,900.20000000000005,459,512,58752,59723,216299,35.342973856209149,221508,36.194117647058825,0,0,0.032883277357019847,0,2026072001,2026072902,0-999,CC-B-R12-S-Q6,STAGE11-1200,coarse,TARGET_ERRORS_REACHED,5
R12,-4,-4,-0.90369832574101228,0.49019607843137253,1.2559432157547903,Q6,6,1.5,0.048387096774193547,1000,89707,1000,0.29902333333333331,1,0.29738762146140013,0.30066419209662071,0.99617324151444497,1,300.2806000000005,265.80000000000001,387.5,875.70000000000005,459,512,58752,59723,207936,33.976470588235294,213069,34.81519607843137,0,0,0.042171544082623698,0,2026072001,2026072902,0-999,CC-B-R12-S-Q6,STAGE11-1200,coarse,TARGET_ERRORS_REACHED,5
R12,-3.5,-3.5,-0.40369832574101228,0.49019607843137253,1.1193605692841697,Q6,6,1.5,0.048387096774193547,1000,67021,998,0.22340333333333334,0.998,0.22191638703305763,0.22489736310760575,0.99273719213650791,0.99945135641187932,300.20830000000018,262.5,394.39999999999998,1075.2,459,512,58752,59723,199825,32.651143790849673,205206,33.530392156862746,0,0,0.03274469921104535,0,2026072001,2026072902,0-999,CC-B-R12-S-Q6,STAGE11-1200,coarse,TARGET_ERRORS_REACHED,5
R12,-3,-3,0.096301674258987724,0.49019607843137253,0.99763115748443987,Q6,6,1.5,0.048387096774193547,1000,45036,975,0.15012,0.97499999999999998,0.14884631948615021,0.15140264072986334,0.96335471073215662,0.98300986870656593,330.50099999999964,349.60000000000002,412,1020.7,459,512,58752,59723,191876,31.352287581699347,197483,32.268464052287584,0,0,0.054657861458479763,0.0093167701863354126,2026072001,2026072902,0-999,CC-B-R12-S-Q6,STAGE11-1200,coarse,TARGET_ERRORS_REACHED,5
R12,-2.5,-2.5,0.59630167425898772,0.49019607843137253,0.88913970501946138,Q6,6,1.5,0.048387096774193547,1000,26080,893,0.086933333333333335,0.89300000000000002,0.085930449509265483,0.087946795545881029,0.87231504213837374,0.91067712569198001,335.74780000000021,350,423.69999999999999,1784.5999999999999,459,512,58752,59723,184255,30.107026143790851,189923,31.033169934640522,0,0,0.079559566189254138,0.031177829099307188,2026072001,2026072902,0-999,CC-B-R12-S-Q6,STAGE11-1200,coarse,TARGET_ERRORS_REACHED,5
R12,-2,-2,1.0963016742589877,0.49019607843137253,0.79244659623055669,Q6,6,1.5,0.048387096774193547,1000,12671,698,0.042236666666666665,0.69799999999999995,0.041522792550657224,0.042962263825861637,0.6688303415169653,0.72565426212275475,370.85620000000017,398.39999999999998,451.69999999999999,1258.9000000000001,459,512,58752,59723,176633,28.861601307189542,182567,29.831209150326796,0,0,0.10192190625271751,0.043348281016442322,2026072001,2026072902,0-999,CC-B-R12-S-Q6,STAGE11-1200,dense,TARGET_ERRORS_REACHED,5
R12,-1.8999999999999999,-1.8999999999999999,1.1963016742589878,0.49019607843137253,0.77440830945624062,Q6,6,1.5,0.048387096774193547,1000,10496,639,0.034986666666666666,0.63900000000000001,0.034335083666066434,0.035650158378584644,0.60875216296783496,0.66818399817318075,368.93119999999948,399.60000000000002,468.19999999999999,948.60000000000002,459,512,58752,59723,175090,28.609477124183005,181081,29.588398692810458,0,0,0.10205795884082318,0.042414355628058766,2026072001,2026072902,0-999,CC-B-R12-S-Q6,STAGE11-1200,dense,TARGET_ERRORS_REACHED,5
R12,-1.8,-1.8,1.2963016742589877,0.49019607843137253,0.7567806242181041,Q6,6,1.5,0.048387096774193547,1000,8922,595,0.029739999999999999,0.59499999999999997,0.0291381377829362,0.030353905292353999,0.56426730766133681,0.62500560822640761,367.42839999999995,397.60000000000002,466.10000000000002,866,459,512,58752,59723,173626,28.370261437908496,179597,29.345915032679738,0,0,0.097551974412596776,0.070143884892086186,2026072001,2026072902,0-999,CC-B-R12-S-Q6,STAGE11-1200,dense,TARGET_ERRORS_REACHED,5
R12,-1.7,-1.7,1.3963016742589878,0.49019607843137253,0.73955419408410372,Q6,6,1.5,0.048387096774193547,1000,7516,541,0.025053333333333334,0.54100000000000004,0.024500129398150054,0.025618700366516648,0.51001646738872664,0.57166973841545787,367.20940000000041,396.30000000000001,450.80000000000001,1087.5,459,512,58752,59723,172066,28.115359477124183,178125,29.105392156862745,0,0,0.10708499042568859,0.088531187122736499,2026072001,2026072902,0-999,CC-B-R12-S-Q6,STAGE11-1200,dense,TARGET_ERRORS_REACHED,5
R12,-1.6000000000000001,-1.6000000000000001,1.4963016742589876,0.49019607843137253,0.72271988537296372,Q6,6,1.5,0.048387096774193547,1000,6269,479,0.020896666666666668,0.47899999999999998,0.020390920867555753,0.021414682013506752,0.44817715046181089,0.50998357339458233,401.03350000000029,410.10000000000002,473.80000000000001,950.10000000000002,459,512,58752,59723,170583,27.873039215686273,176602,28.85653594771242,0,0,0.11886489380688915,0.078828828828828773,2026072001,2026072902,0-999,CC-B-R12-S-Q6,STAGE11-1200,dense,TARGET_ERRORS_REACHED,5
R12,-1.5,-1.5,1.5963016742589877,0.49019607843137253,0.70626877231137719,Q6,6,1.5,0.048387096774193547,1000,4988,413,0.016626666666666668,0.41299999999999998,0.016175255898900644,0.017090456334289388,0.3828725319393248,0.44379332403716176,392.54869999999937,407.69999999999999,479.39999999999998,952.89999999999998,459,512,58752,59723,169144,27.637908496732027,175092,28.609803921568627,0,0,0.076624217569609424,0.05089058524173018,2026072001,2026072902,0-999,CC-B-R12-S-Q6,STAGE11-1200,dense,TARGET_ERRORS_REACHED,5
R12,-1.3999999999999999,-1.3999999999999999,1.6963016742589878,0.49019607843137253,0.69019213230144238,Q6,6,1.5,0.048387096774193547,1000,4133,359,0.013776666666666666,0.35899999999999999,0.013365742107701828,0.01420004311227121,0.32985959695418837,0.38921954893873817,402.02909999999974,410.69999999999999,481.30000000000001,972.60000000000002,459,512,58752,59723,167600,27.385620915032678,173636,28.371895424836602,0,0,0.073506493506493437,0.037572254335260152,2026072001,2026072902,0-999,CC-B-R12-S-Q6,STAGE11-1200,dense,TARGET_ERRORS_REACHED,5
R12,-1.2999999999999998,-1.2999999999999998,1.7963016742589879,0.49019607843137253,0.67448144129582677,Q6,6,1.5,0.048387096774193547,1000,3294,309,0.01098,0.309,0.0106133126118394,0.011359210895748777,0.28113685771666347,0.33832496402481854,403.44940000000008,410.39999999999998,505.69999999999999,980.39999999999998,459,512,58752,59723,166087,27.138398692810458,172151,28.129248366013073,0,0,0.05984555984555992,0.026578073089701022,2026072001,2026072902,0-999,CC-B-R12-S-Q6,STAGE11-1200,dense,TARGET_ERRORS_REACHED,5
R12,-1.2,-1.2,1.8963016742589878,0.49019607843137253,0.65912836927820351,Q6,6,1.5,0.048387096774193547,1000,2551,259,0.0085033333333333332,0.25900000000000001,0.0081809987970346484,0.0088382548031614508,0.23280623499082614,0.28703826259921145,419.7293999999996,408.39999999999998,527.79999999999995,2606.9000000000001,459,512,58752,59723,164558,26.888562091503267,170690,27.890522875816995,0,0,0.024909602249899448,0.0077821011673151821,2026072001,2026072902,0-999,CC-B-R12-S-Q6,STAGE11-1200,dense,TARGET_ERRORS_REACHED,5
R12,-1.1000000000000001,-1.1000000000000001,1.9963016742589876,0.49019607843137253,0.64412477584656702,Q6,6,1.5,0.048387096774193547,1000,2191,223,0.0073033333333333336,0.223,0.0070048901369685014,0.0076143941945046546,0.19828813022889644,0.24983189397210112,432.14389999999952,408.89999999999998,524.60000000000002,5678.1000000000004,459,512,58752,59723,163072,26.645751633986929,169284,27.66078431372549,0,0,0.10936708860759496,0.03720930232558143,2026072001,2026072902,0-999,CC-B-R12-S-Q6,STAGE11-1200,dense,TARGET_ERRORS_REACHED,5
R12,-1,-1,2.0963016742589877,0.49019607843137253,0.62946270589708364,Q6,6,1.5,0.048387096774193547,1123,2018,220,0.0059899079845651525,0.19590382902938558,0.0057349242251688139,0.0062561573882905534,0.17374380429885788,0.22013721183379337,420.0445235975065,409.60000000000002,526.79999999999995,2455.3000000000002,459,512,58752,59723,181460,26.402784325365648,188409,27.413877394234632,0,0,0.11553344389165271,0.10000000000000007,2026072001,2026072902,0-1122,CC-B-R12-S-Q6,STAGE11-1200,dense,TARGET_ERRORS_REACHED,5
R12,-0.89999999999999991,-0.89999999999999991,2.1963016742589878,0.49019607843137253,0.6151343854061907,Q6,6,1.5,0.048387096774193547,1431,1882,235,0.0043838807360819937,0.1642208245981831,0.0041906411993179217,0.0045859899298542825,0.14592943893370777,0.18431015367615985,419.28832983927288,407.5,496.10000000000002,6841.5,459,512,58752,59723,229494,26.204765623929514,238458,27.228319699647855,0,0,0.14686166971358924,0.17499999999999999,2026072001,2026072902,0-1430,CC-B-R12-S-Q6,STAGE11-1200,dense,TARGET_ERRORS_REACHED,5
R12,-0.79999999999999982,-0.79999999999999982,2.2963016742589879,0.49019607843137253,0.60113221730870636,Q6,6,1.5,0.048387096774193547,1731,1753,225,0.0033756980550741383,0.12998266897746968,0.0032215733506495278,0.0035371701413317736,0.1149564881021844,0.14664750833977597,398.5848642403231,401.30000000000001,465,1265,459,512,58752,59723,275502,26.006162141344117,286335,27.028749107962074,0,0,0.10949367088607596,0.12500000000000006,2026072001,2026072902,0-1730,CC-B-R12-S-Q6,STAGE11-1200,dense,TARGET_ERRORS_REACHED,5
R12,-0.69999999999999996,-0.69999999999999996,2.3963016742589875,0.49019607843137253,0.58744877746976476,Q6,6,1.5,0.048387096774193547,2083,1764,233,0.0028228516562650023,0.11185789726356217,0.0026943282504841028,0.0029574876362220945,0.099030375962483416,0.12611440292561127,402.30244839174242,402.19999999999999,465.69999999999999,1815.4000000000001,459,512,58752,59723,328378,25.75925873629977,341487,26.787580130467934,0,0,0.1943127962085307,0.16500000000000004,2026072001,2026072902,0-2082,CC-B-R12-S-Q6,STAGE11-1200,dense,TARGET_ERRORS_REACHED,5
R12,-0.59999999999999987,-0.59999999999999987,2.4963016742589881,0.49019607843137253,0.5740768107484413,Q6,6,1.5,0.048387096774193547,2465,1601,219,0.0021649763353617309,0.088843813387423934,0.0020615972274138058,0.0022735275942457056,0.078242278061542644,0.10072484728467181,399.07030425963472,401.10000000000002,457.60000000000002,1419,459,512,58752,59723,385332,25.542695780137613,400967,26.57910087632078,0,0,0.10034364261168381,0.095000000000000001,2026072001,2026072902,0-2464,CC-B-R12-S-Q6,STAGE11-1200,dense,TARGET_ERRORS_REACHED,5
R12,-0.5,-0.5,2.5963016742589877,0.49019607843137253,0.56100922715098167,Q6,6,1.5,0.048387096774193547,2830,1422,210,0.0016749116607773851,0.074204946996466431,0.0015901560332468605,0.0017641767974825317,0.065114741728259692,0.084449538765073232,400.69045936395753,402,468.89999999999998,2347.5,459,512,58752,59723,437957,25.286784914201252,455915,26.3236448878727,0,0,0.03644314868804658,0.049999999999999961,2026072001,2026072902,0-2829,CC-B-R12-S-Q6,STAGE11-1200,dense,TARGET_ERRORS_REACHED,5
R12,-0.39999999999999991,-0.39999999999999991,2.6963016742589878,0.49019607843137253,0.54823909807159255,Q6,6,1.5,0.048387096774193547,3548,1447,217,0.0013594513340849305,0.061161217587373168,0.0012912305072201721,0.001431271372187791,0.053741039650463535,0.06953063896946822,396.197491544532,402,453.39999999999998,2639.4000000000001,459,512,58752,59723,543491,25.029796774027162,566165,26.074019423628151,0,0,0.050072568940493473,0.085000000000000048,2026072001,2026072902,0-3547,CC-B-R12-S-Q6,STAGE11-1200,dense,TARGET_ERRORS_REACHED,5
R12,-0.29999999999999982,-0.29999999999999982,2.7963016742589879,0.49019607843137253,0.53575965261880321,Q6,6,1.5,0.048387096774193547,5159,1487,231,0.00096078051301931903,0.044776119402985072,0.00091319357774934681,0.0010108447163042931,0.039463369468489398,0.050766296217797727,400.10942043031628,403.60000000000002,462.30000000000001,1449.7,459,512,58752,59723,782233,24.775314920178836,815733,25.836345392974014,0,0,0.15629860031104198,0.155,2026072001,2026072902,0-5158,CC-B-R12-S-Q6,STAGE11-1200,dense,TARGET_ERRORS_REACHED,5
R12,-0.19999999999999996,-0.19999999999999996,2.8963016742589875,0.49019607843137253,0.52356427402544969,Q6,6,1.5,0.048387096774193547,6961,1447,234,0.00069290810707273859,0.033615859790260022,0.00065812542835930936,0.00072952774800814706,0.029632370775192179,0.03811381721924173,402.58656802183521,404.5,469.30000000000001,1962.5999999999999,459,512,58752,59723,1044723,24.523254209024508,1090050,25.587235325102604,0,0,0.20885547201336677,0.16417910447761205,2026072001,2026072902,0-6960,CC-B-R12-S-Q6,STAGE11-1200,dense,TARGET_ERRORS_REACHED,5
R12,-0.099999999999999867,-0.099999999999999867,2.9963016742589881,0.49019607843137253,0.51164649614037705,Q6,6,1.5,0.048387096774193547,8530,1335,215,0.00052168815943728019,0.025205158264947247,0.00049445067226157227,0.00055042523433199012,0.02208636929237992,0.028751399479650608,400.51342321219244,403.10000000000002,468.39999999999998,1380.3,459,512,58752,59723,1266343,24.257771494686189,1322223,25.328195756614488,0,0,0.1125,0.069651741293532368,2026072001,2026072902,0-8529,CC-B-R12-S-Q6,STAGE11-1200,dense,TARGET_ERRORS_REACHED,5
R12,0,0,3.0963016742589877,0.49019607843137253,0.5,Q6,6,1.5,0.048387096774193547,10180,1228,207,0.00040209561231172231,0.020333988212180746,0.00038023036513140326,0.00042521769142562127,0.017767746983670125,0.023262100202214968,403.3369646365424,402.89999999999998,471,6795.3999999999996,459,512,58752,59723,1495345,24.001711031498388,1562695,25.082742658294489,0,0,0.072489082969432295,0.034999999999999996,2026072001,2026072902,0-10179,CC-B-R12-S-Q6,STAGE11-1200,dense,TARGET_ERRORS_REACHED,5
R12,0.5,0.5,3.5963016742589877,0.49019607843137253,0.44562546906687278,Q6,6,1.5,0.048387096774193547,38219,948,211,8.2681388838012505e-05,0.0055208142546900752,7.7583212698318924e-05,8.8114548650710547e-05,0.0048260255571726069,0.0063149949051463346,378.15334257829767,374.39999999999998,485.19999999999999,28452.900000000001,459,512,58752,59723,5312905,22.714402052019775,5573133,23.826961643654297,0,0,0.066366704161979734,0.054999999999999861,2026072001,2026072902,0-38218,CC-B-R12-S-Q6,STAGE11-1200,coarse,TARGET_ERRORS_REACHED,5
R12,1,1,4.0963016742589877,0.49019607843137253,0.39716411736214075,Q6,6,1.5,0.048387096774193547,50000,263,60,1.7533333333333334e-05,0.0011999999999999999,1.5538512876148356e-05,1.9784241999170702e-05,0.0009324670604951862,0.0015441718377918658,376.23703200000227,374.19999999999999,486.80000000000001,61819,459,512,58752,59723,6546712,21.394483660130717,6894586,22.531326797385621,0,0,0.15859030837004409,0.19999999999999987,2026072001,2026072902,0-49999,CC-B-R12-S-Q6,STAGE11-1200,coarse,MAX_FRAMES_REACHED,5
R12,1.5,1.5,4.5963016742589877,0.49019607843137253,0.35397289219206896,Q6,6,1.5,0.048387096774193547,50000,34,8,2.2666666666666668e-06,0.00016000000000000001,1.6221333321720988e-06,3.1672960293144653e-06,8.1078132814049511e-05,0.00031572055788322461,377.13936600000238,375.30000000000001,484.30000000000001,45717.900000000001,459,512,58752,59723,6134099,20.046075163398694,6489103,21.206218954248367,0,0,0.3600000000000001,0.14285714285714304,2026072001,2026072902,0-49999,CC-B-R12-S-Q6,STAGE11-1200,coarse,MAX_FRAMES_REACHED,5
R12,2,2,5.0963016742589877,0.49019607843137253,0.31547867224009662,Q6,6,1.5,0.048387096774193547,50000,3,2,1.9999999999999999e-07,4.0000000000000003e-05,6.8018050835858217e-08,5.8807903585242071e-07,1.0969511301390302e-05,0.00014584761698167861,374.92138000000119,371.5,475.69999999999999,44668.300000000003,459,512,58752,59723,5714684,18.675437908496733,6076528,19.857934640522874,0,0,0,0,2026072001,2026072902,0-49999,CC-B-R12-S-Q6,STAGE11-1200,coarse,MAX_FRAMES_REACHED,5
R12,2.5,2.5,5.5963016742589877,0.49019607843137253,0.28117066259517454,Q6,6,1.5,0.048387096774193547,50000,0,0,0,0,0,2.5609718912715457e-07,0,7.6823274145000517e-05,352.21732599999933,361.5,443.30000000000001,10796.1,459,512,58752,59723,5291800,17.293464052287582,5655891,18.483303921568627,0,0,0,0,2026072001,2026072902,0-49999,CC-B-R12-S-Q6,STAGE11-1200,coarse,MAX_FRAMES_REACHED,5
R12,3,3,6.0963016742589877,0.49019607843137253,0.25059361681363618,Q6,6,1.5,0.048387096774193547,50000,0,0,0,0,0,2.5609718912715457e-07,0,7.6823274145000517e-05,346.55432599999955,358.39999999999998,442.19999999999999,15250.5,459,512,58752,59723,4865108,15.899045751633986,5232990,17.101274509803922,0,0,0,0,2026072001,2026072902,0-49999,CC-B-R12-S-Q6,STAGE11-1200,coarse,MAX_FRAMES_REACHED,5
R12,3.5,3.5,6.5963016742589877,0.49019607843137253,0.22334179607548157,Q6,6,1.5,0.048387096774193547,50000,0,0,0,0,0,2.5609718912715457e-07,0,7.6823274145000517e-05,348.48000799999977,358.80000000000001,447.80000000000001,33115,459,512,58752,59723,4439012,14.506575163398693,4805796,15.70521568627451,0,0,0,0,2026072001,2026072902,0-49999,CC-B-R12-S-Q6,STAGE11-1200,coarse,MAX_FRAMES_REACHED,5
R12,4,4,7.0963016742589877,0.49019607843137253,0.19905358527674863,Q6,6,1.5,0.048387096774193547,50000,0,0,0,0,0,2.5609718912715457e-07,0,7.6823274145000517e-05,368.99599000000052,366.69999999999999,480.5,21458.299999999999,459,512,58752,59723,4016460,13.125686274509803,4379815,14.31312091503268,0,0,0,0,2026072001,2026072902,0-49999,CC-B-R12-S-Q6,STAGE11-1200,coarse,MAX_FRAMES_REACHED,5
R12,4.5,4.5,7.5963016742589877,0.49019607843137253,0.17740669461678774,Q6,6,1.5,0.048387096774193547,50000,0,0,0,0,0,2.5609718912715457e-07,0,7.6823274145000517e-05,399.41760199999817,387,571.60000000000002,16510.700000000001,459,512,58752,59723,3599556,11.763254901960785,3958675,12.936846405228758,0,0,0,0,2026072001,2026072902,0-49999,CC-B-R12-S-Q6,STAGE11-1200,coarse,MAX_FRAMES_REACHED,5
R12,5,5,8.0963016742589886,0.49019607843137253,0.15811388300841897,Q6,6,1.5,0.048387096774193547,50000,0,0,0,0,0,2.5609718912715457e-07,0,7.6823274145000517e-05,396.12620599999974,387.19999999999999,570.20000000000005,28908.299999999999,459,512,58752,59723,3193824,10.437333333333333,3542459,11.57666339869281,0,0,0,0,2026072001,2026072902,0-49999,CC-B-R12-S-Q6,STAGE11-1200,coarse,MAX_FRAMES_REACHED,5
R12,5.5,5.5,8.5963016742589886,0.49019607843137253,0.14091914656322269,Q6,6,1.5,0.048387096774193547,50000,0,0,0,0,0,2.5609718912715457e-07,0,7.6823274145000517e-05,391.99531799999767,386.80000000000001,567.20000000000005,21049.700000000001,459,512,58752,59723,2799629,9.1491143790849669,3138192,10.255529411764705,0,0,0,0,2026072001,2026072902,0-49999,CC-B-R12-S-Q6,STAGE11-1200,coarse,MAX_FRAMES_REACHED,5
R12,6,6,9.0963016742589886,0.49019607843137253,0.12559432157547901,Q6,6,1.5,0.048387096774193547,50000,0,0,0,0,0,2.5609718912715457e-07,0,7.6823274145000517e-05,384.84297999999694,384.39999999999998,561.39999999999998,20682.200000000001,459,512,58752,59723,2422462,7.9165424836601304,2746158,8.9743725490196073,0,0,0,0,2026072001,2026072902,0-49999,CC-B-R12-S-Q6,STAGE11-1200,coarse,MAX_FRAMES_REACHED,5
R12,6.5,6.5,9.5963016742589886,0.49019607843137253,0.11193605692841696,Q6,6,1.5,0.048387096774193547,50000,0,0,0,0,0,2.5609718912715457e-07,0,7.6823274145000517e-05,354.53892999999692,348.89999999999998,503.80000000000001,11173.1,459,512,58752,59723,2067511,6.7565718954248366,2372125,7.7520424836601309,0,0,0,0,2026072001,2026072902,0-49999,CC-B-R12-S-Q6,STAGE11-1200,coarse,MAX_FRAMES_REACHED,5
R12,7,7,10.096301674258989,0.49019607843137253,0.099763115748444001,Q6,6,1.5,0.048387096774193547,50000,0,0,0,0,0,2.5609718912715457e-07,0,7.6823274145000517e-05,341.26087199999654,308.19999999999999,472.5,15674.4,459,512,58752,59723,1736696,5.6754771241830069,2020306,6.6023071895424836,0,0,0,0,2026072001,2026072902,0-49999,CC-B-R12-S-Q6,STAGE11-1200,coarse,MAX_FRAMES_REACHED,5
R12,7.5,7.5,10.596301674258989,0.49019607843137253,0.088913970501946132,Q6,6,1.5,0.048387096774193547,50000,0,0,0,0,0,2.5609718912715457e-07,0,7.6823274145000517e-05,340.06351799999948,298.19999999999999,470.5,18044.299999999999,459,512,58752,59723,1433020,4.6830718954248365,1693051,5.5328464052287583,0,0,0,0,2026072001,2026072902,0-49999,CC-B-R12-S-Q6,STAGE11-1200,coarse,MAX_FRAMES_REACHED,5
R12,8,8,11.096301674258989,0.49019607843137253,0.079244659623055658,Q6,6,1.5,0.048387096774193547,50000,0,0,0,0,0,2.5609718912715457e-07,0,7.6823274145000517e-05,337.00199000000083,292.39999999999998,468.30000000000001,12888.5,459,512,58752,59723,1159701,3.7898725490196079,1393352,4.5534379084967318,0,0,0,0,2026072001,2026072902,0-49999,CC-B-R12-S-Q6,STAGE11-1200,coarse,MAX_FRAMES_REACHED,5
R12,8.5,8.5,11.596301674258989,0.49019607843137253,0.070626877231137725,Q6,6,1.5,0.048387096774193547,50000,0,0,0,0,0,2.5609718912715457e-07,0,7.6823274145000517e-05,390.95643000000081,380.30000000000001,590.20000000000005,21450,459,512,58752,59723,917790,2.9993137254901963,1124089,3.6734934640522874,0,0,0,0,2026072001,2026072902,0-49999,CC-B-R12-S-Q6,STAGE11-1200,coarse,MAX_FRAMES_REACHED,5
R12,9,9,12.096301674258989,0.49019607843137253,0.06294627058970835,Q6,6,1.5,0.048387096774193547,50000,0,0,0,0,0,2.5609718912715457e-07,0,7.6823274145000517e-05,426.46368600000233,391.39999999999998,651,79126.600000000006,459,512,58752,59723,708655,2.3158660130718953,887046,2.8988431372549019,0,0,0,0,2026072001,2026072902,0-49999,CC-B-R12-S-Q6,STAGE11-1200,coarse,MAX_FRAMES_REACHED,5
R12,9.5,9.5,12.596301674258989,0.49019607843137253,0.05610092271509818,Q6,6,1.5,0.048387096774193547,50000,0,0,0,0,0,2.5609718912715457e-07,0,7.6823274145000517e-05,430.0562320000052,392.89999999999998,660.29999999999995,80982.199999999997,459,512,58752,59723,532721,1.7409183006535949,682209,2.2294411764705884,0,0,0,0,2026072001,2026072902,0-49999,CC-B-R12-S-Q6,STAGE11-1200,coarse,MAX_FRAMES_REACHED,5
R12,10,10,13.096301674258989,0.49019607843137253,0.050000000000000003,Q6,6,1.5,0.048387096774193547,50000,0,0,0,0,0,2.5609718912715457e-07,0,7.6823274145000517e-05,449.07285799999818,400.10000000000002,708.89999999999998,27822.299999999999,459,512,58752,59723,388972,1.2711503267973856,510970,1.6698366013071895,0,0,0,0,2026072001,2026072902,0-49999,CC-B-R12-S-Q6,STAGE11-1200,coarse,MAX_FRAMES_REACHED,5
R12,-5,-5,-1.9036983257410123,0.49019607843137253,1.5811388300841895,Q7,7,2,0.031746031746031744,1000,118284,1000,0.39428000000000002,1,0.39253262216861667,0.39603008525689204,0.99617324151444497,1,298.32940000000042,263.39999999999998,387.30000000000001,775,536,512,58752,59800,135128,22.079738562091503,137556,22.476470588235294,0,0,0.0040063830509626469,0,2026072001,2026072902,0-999,CC-B-R12-S-Q7,STAGE11-1200,coarse,TARGET_ERRORS_REACHED,5
R12,-4.5,-4.5,-1.4036983257410123,0.49019607843137253,1.4091914656322269,Q7,7,2,0.031746031746031744,1000,104344,1000,0.34781333333333331,1,0.34611098990899664,0.34951957416651797,0.99617324151444497,1,307.63059999999928,285,399.5,796.10000000000002,536,512,58752,59800,125306,20.474836601307189,127765,20.876633986928105,0,0,0.0041477004802093339,0,2026072001,2026072902,0-999,CC-B-R12-S-Q7,STAGE11-1200,coarse,TARGET_ERRORS_REACHED,5
R12,-4,-4,-0.90369832574101228,0.49019607843137253,1.2559432157547903,Q7,7,2,0.031746031746031744,1000,86682,1000,0.28893999999999997,1,0.28732073469876368,0.2905646704206824,0.99617324151444497,1,301.03969999999981,265.30000000000001,391.19999999999999,719.89999999999998,536,512,58752,59800,115929,18.942647058823528,118301,19.330228758169934,0,0,0.0070285906804372833,0,2026072001,2026072902,0-999,CC-B-R12-S-Q7,STAGE11-1200,coarse,TARGET_ERRORS_REACHED,5
R12,-3.5,-3.5,-0.40369832574101228,0.49019607843137253,1.1193605692841697,Q7,7,2,0.031746031746031744,1000,65313,998,0.21770999999999999,0.998,0.21623685755606675,0.21919037172076661,0.99273719213650791,0.99945135641187932,300.07210000000003,261.89999999999998,396,941.29999999999995,536,512,58752,59800,106585,17.415849673202615,109033,17.815849673202614,0,0,0.0064256656804732547,0,2026072001,2026072902,0-999,CC-B-R12-S-Q7,STAGE11-1200,coarse,TARGET_ERRORS_REACHED,5
R12,-3,-3,0.096301674258987724,0.49019607843137253,0.99763115748443987,Q7,7,2,0.031746031746031744,1000,42946,968,0.14315333333333333,0.96799999999999997,0.14190464645837139,0.14441115883644504,0.95517526191623137,0.97724289214128912,331.76539999999966,349.69999999999999,428.30000000000001,1125.2,536,512,58752,59800,97641,15.954411764705883,100066,16.350653594771241,0,0,0.0057140180787785067,0.0020703933747412027,2026072001,2026072902,0-999,CC-B-R12-S-Q7,STAGE11-1200,coarse,TARGET_ERRORS_REACHED,5
R12,-2.5,-2.5,0.59630167425898772,0.49019607843137253,0.88913970501946138,Q7,7,2,0.031746031746031744,1000,24256,868,0.080853333333333333,0.86799999999999999,0.079883188351058995,0.081834212409224602,0.8456051419027083,0.88757836385192312,337.78680000000014,352.39999999999998,445.5,2367.9000000000001,536,512,58752,59800,88776,14.505882352941176,91132,14.890849673202615,0,0,0.004056627204238797,0.0023094688221709028,2026072001,2026072902,0-999,CC-B-R12-S-Q7,STAGE11-1200,coarse,TARGET_ERRORS_REACHED,5
R12,-2,-2,1.0963016742589877,0.49019607843137253,0.79244659623055669,Q7,7,2,0.031746031746031744,1000,11665,677,0.038883333333333332,0.67700000000000005,0.038197454131414933,0.039581021455283701,0.64738722027136164,0.70525810722475202,371.37550000000039,398.19999999999999,448.80000000000001,1793.2,536,512,58752,59800,80201,13.104738562091503,82412,13.466013071895425,0,0,0.014436037916340445,0.011958146487294478,2026072001,2026072902,0-999,CC-B-R12-S-Q7,STAGE11-1200,dense,TARGET_ERRORS_REACHED,5
R12,-1.8999999999999999,-1.8999999999999999,1.1963016742589878,0.49019607843137253,0.77440830945624062,Q7,7,2,0.031746031746031744,1000,9751,616,0.032503333333333335,0.61599999999999999,0.031874730258829108,0.033143908715825877,0.58546633347167321,0.64564585855967804,369.42259999999953,396.30000000000001,453.89999999999998,990.89999999999998,536,512,58752,59800,78535,12.832516339869281,80772,13.198039215686274,0,0,0.023834523309533895,0.004893964110929858,2026072001,2026072902,0-999,CC-B-R12-S-Q7,STAGE11-1200,dense,TARGET_ERRORS_REACHED,5
R12,-1.8,-1.8,1.2963016742589877,0.49019607843137253,0.7567806242181041,Q7,7,2,0.031746031746031744,1000,8241,563,0.027470000000000001,0.56299999999999994,0.026891140997709718,0.028060960210912918,0.53207407529917738,0.59344375313164266,368.82570000000084,399.30000000000001,455.80000000000001,2199.0999999999999,536,512,58752,59800,76855,12.558006535947712,79127,12.929248366013072,0,0,0.013777832451716071,0.012589928057553768,2026072001,2026072902,0-999,CC-B-R12-S-Q7,STAGE11-1200,dense,TARGET_ERRORS_REACHED,5
R12,-1.7,-1.7,1.3963016742589878,0.49019607843137253,0.73955419408410372,Q7,7,2,0.031746031746031744,1000,6862,504,0.022873333333333332,0.504,0.022344443556922552,0.0234144420362308,0.4730552793350446,0.53491410659707084,366.77529999999973,396.10000000000002,448.89999999999998,1703,536,512,58752,59800,75217,12.290359477124182,77460,12.656862745098039,0,0,0.01075268817204293,0.014084507042253534,2026072001,2026072902,0-999,CC-B-R12-S-Q7,STAGE11-1200,dense,TARGET_ERRORS_REACHED,5
R12,-1.6000000000000001,-1.6000000000000001,1.4963016742589876,0.49019607843137253,0.72271988537296372,Q7,7,2,0.031746031746031744,1000,5628,450,0.018759999999999999,0.45000000000000001,0.018280623601381517,0.019251700665093741,0.41941538407429679,0.48096729177425879,399.6898000000001,408,465.69999999999999,1540,536,512,58752,59800,73563,12.020098039215686,75861,12.395588235294118,0,0,0.0044618954131713951,0.013513513513513525,2026072001,2026072902,0-999,CC-B-R12-S-Q7,STAGE11-1200,dense,TARGET_ERRORS_REACHED,5
R12,-1.5,-1.5,1.5963016742589877,0.49019607843137253,0.70626877231137719,Q7,7,2,0.031746031746031744,1000,4697,400,0.015656666666666666,0.40000000000000002,0.015218595499101923,0.016107141575203723,0.37007478121137727,0.43069057048573378,392.14940000000013,406.5,482.80000000000001,1848.3,536,512,58752,59800,71805,11.732843137254902,74189,12.122385620915033,0,0,0.013813943449168966,0.017811704834605611,2026072001,2026072902,0-999,CC-B-R12-S-Q7,STAGE11-1200,dense,TARGET_ERRORS_REACHED,5
R12,-1.3999999999999999,-1.3999999999999999,1.6963016742589878,0.49019607843137253,0.69019213230144238,Q7,7,2,0.031746031746031744,1000,3888,348,0.012959999999999999,0.34799999999999998,0.012561468453267966,0.013371004347713067,0.31910940015314609,0.37805393442646257,402.66200000000015,408.80000000000001,487.89999999999998,1212.0999999999999,536,512,58752,59800,70105,11.455065359477125,72473,11.841993464052287,0,0,0.0098701298701297825,0.0057803468208092543,2026072001,2026072902,0-999,CC-B-R12-S-Q7,STAGE11-1200,dense,TARGET_ERRORS_REACHED,5
R12,-1.2999999999999998,-1.2999999999999998,1.7963016742589879,0.49019607843137253,0.67448144129582677,Q7,7,2,0.031746031746031744,1000,3125,299,0.010416666666666666,0.29899999999999999,0.010059573307579088,0.010786297959969706,0.27143763442230356,0.32810072248888961,403.43400000000025,409.19999999999999,482.5,1568.5,536,512,58752,59800,68480,11.18954248366013,70741,11.558986928104575,0,0,0.0054697554697554704,-0.0066445182724252554,2026072001,2026072902,0-999,CC-B-R12-S-Q7,STAGE11-1200,dense,TARGET_ERRORS_REACHED,5
R12,-1.2,-1.2,1.8963016742589878,0.49019607843137253,0.65912836927820351,Q7,7,2,0.031746031746031744,1000,2434,259,0.0081133333333333335,0.25900000000000001,0.0077985623690264684,0.0084407012188346779,0.23280623499082614,0.28703826259921145,425.30319999999966,408.10000000000002,540.10000000000002,1975.0999999999999,536,512,58752,59800,66830,10.919934640522875,69130,11.295751633986928,0,0,-0.022097227802330328,0.0077821011673151821,2026072001,2026072902,0-999,CC-B-R12-S-Q7,STAGE11-1200,dense,TARGET_ERRORS_REACHED,5
R12,-1.1000000000000001,-1.1000000000000001,1.9963016742589876,0.49019607843137253,0.64412477584656702,Q7,7,2,0.031746031746031744,1000,1998,213,0.0066600000000000001,0.21299999999999999,0.0063751964093567131,0.006957437730828863,0.18874695684098677,0.23944960252972189,428.01710000000003,409,519.70000000000005,5296.6999999999998,536,512,58752,59800,65164,10.647712418300653,67465,11.023692810457517,0,0,0.011645569620253173,-0.0093023255813953574,2026072001,2026072902,0-999,CC-B-R12-S-Q7,STAGE11-1200,dense,TARGET_ERRORS_REACHED,5
R12,-1,-1,2.0963016742589877,0.49019607843137253,0.62946270589708364,Q7,7,2,0.031746031746031744,1123,1830,203,0.005431878895814782,0.18076580587711488,0.0051892622319902977,0.0056857739295327258,0.15935900355780322,0.20434917882449685,447.39332146037424,408.60000000000002,552.5,8721.6000000000004,536,512,58752,59800,71328,10.378363277635186,73820,10.740954143604608,0,0,0.01160862354892201,0.015000000000000112,2026072001,2026072902,0-1122,CC-B-R12-S-Q7,STAGE11-1200,dense,TARGET_ERRORS_REACHED,5
R12,-0.89999999999999991,-0.89999999999999991,2.1963016742589878,0.49019607843137253,0.6151343854061907,Q7,7,2,0.031746031746031744,1431,1665,203,0.0038784067085953877,0.14185883997204751,0.0036968634606995869,0.0040688286595757456,0.12473905617215401,0.16089630535241856,423.38225017470398,405.60000000000002,518.70000000000005,5063.1000000000004,536,512,58752,59800,88710,10.129348734602157,91984,10.503190328076258,0,0,0.014625228519195612,0.014999999999999862,2026072001,2026072902,0-1430,CC-B-R12-S-Q7,STAGE11-1200,dense,TARGET_ERRORS_REACHED,5
R12,-0.79999999999999982,-0.79999999999999982,2.2963016742589879,0.49019607843137253,0.60113221730870636,Q7,7,2,0.031746031746031744,1731,1586,202,0.003054111303678028,0.11669555170421722,0.0029076648722153502,0.0032079098747365819,0.10241270348145347,0.13267590173203708,395.93801270941617,400,461.10000000000002,805.5,536,512,58752,59800,104543,9.8683937276046567,108482,10.240217789407309,0,0,0.0037974683544303497,0.009999999999999995,2026072001,2026072902,0-1730,CC-B-R12-S-Q7,STAGE11-1200,dense,TARGET_ERRORS_REACHED,5
R12,-0.69999999999999996,-0.69999999999999996,2.3963016742589875,0.49019607843137253,0.58744877746976476,Q7,7,2,0.031746031746031744,2083,1488,203,0.0023811809889582331,0.097455592894863177,0.0022633586927504482,0.002505121289488637,0.085450530053675963,0.11094266363546119,398.54752760441693,401.10000000000002,464.10000000000002,875.89999999999998,536,512,58752,59800,122339,9.5967511664611429,126998,9.9622214064054173,0,0,0.007447528774542838,0.015000000000000031,2026072001,2026072902,0-2082,CC-B-R12-S-Q7,STAGE11-1200,dense,TARGET_ERRORS_REACHED,5
R12,-0.59999999999999987,-0.59999999999999987,2.4963016742589881,0.49019607843137253,0.5740768107484413,Q7,7,2,0.031746031746031744,2465,1442,202,0.0019499661933739013,0.081947261663286003,0.0018519734631827849,0.002053133308303139,0.071758821628549047,0.093436662011583183,397.9772008113589,400.30000000000001,460.60000000000002,1306.8,536,512,58752,59800,141109,9.3537631414973017,146556,9.7148311657320132,0,0,-0.0089347079037800734,0.01,2026072001,2026072902,0-2464,CC-B-R12-S-Q7,STAGE11-1200,dense,TARGET_ERRORS_REACHED,5
R12,-0.5,-0.5,2.5963016742589877,0.49019607843137253,0.56100922715098167,Q7,7,2,0.031746031746031744,2830,1372,203,0.0016160188457008246,0.071731448763250882,0.0015328033196973824,0.0017037444138195256,0.062793654317073247,0.081830335689498976,398.1625441696105,401.19999999999999,464.19999999999999,3327.5999999999999,536,512,58752,59800,157447,9.090683387607104,163502,9.4402873045566871,0,0,0,0.014999999999999949,2026072001,2026072902,0-2829,CC-B-R12-S-Q7,STAGE11-1200,dense,TARGET_ERRORS_REACHED,5
R12,-0.39999999999999991,-0.39999999999999991,2.6963016742589878,0.49019607843137253,0.54823909807159255,Q7,7,2,0.031746031746031744,3548,1394,203,0.0013096580232995114,0.057215332581736188,0.0012427290954089589,0.0013801865218386557,0.050041151583649857,0.065347292290411016,396.04808342728307,401.60000000000002,450.30000000000001,2145.8000000000002,536,512,58752,59800,192125,8.8480760586835263,199442,9.1850513222951715,0,0,0.011611030478954933,0.015000000000000015,2026072001,2026072902,0-3547,CC-B-R12-S-Q7,STAGE11-1200,dense,TARGET_ERRORS_REACHED,5
R12,-0.29999999999999982,-0.29999999999999982,2.7963016742589879,0.49019607843137253,0.53575965261880321,Q7,7,2,0.031746031746031744,5159,1331,204,0.00085998578535891968,0.039542547005233575,0.00081502709315907471,0.00090742224592633438,0.034558246536900032,0.045212062527513454,399.53235123085847,402.80000000000001,462.10000000000002,3105.9000000000001,536,512,58752,59800,271667,8.6043870284432185,282357,8.9429666031948738,0,0,0.034992223950233214,0.020000000000000115,2026072001,2026072902,0-5158,CC-B-R12-S-Q7,STAGE11-1200,dense,TARGET_ERRORS_REACHED,5
R12,-0.19999999999999996,-0.19999999999999996,2.8963016742589875,0.49019607843137253,0.52356427402544969,Q7,7,2,0.031746031746031744,6961,1202,200,0.00057558779868792799,0.028731504094239333,0.00054396367895684741,0.00060904931226508821,0.025059623314756897,0.032923241221124964,402.20940956759011,403.89999999999998,467.19999999999999,5480,536,512,58752,59800,356151,8.3600930675387524,370752,8.7028289264276317,0,0,0.0041771094402673738,-0.0049751243781094232,2026072001,2026072902,0-6960,CC-B-R12-S-Q7,STAGE11-1200,dense,TARGET_ERRORS_REACHED,5
R12,-0.099999999999999867,-0.099999999999999867,2.9963016742589881,0.49019607843137253,0.51164649614037705,Q7,7,2,0.031746031746031744,8530,1254,207,0.0004900351699882767,0.024267291910902697,0.00046365900847487781,0.00051791101425270028,0.021209659580580777,0.027753220833468574,399.92842907385671,402.30000000000001,464,2231.9000000000001,536,512,58752,59800,423232,8.1073335938517648,441173,8.4510072102307117,0,0,0.045000000000000068,0.029850746268656709,2026072001,2026072902,0-8529,CC-B-R12-S-Q7,STAGE11-1200,dense,TARGET_ERRORS_REACHED,5
R12,0,0,3.0963016742589877,0.49019607843137253,0.5,Q7,7,2,0.031746031746031744,10180,1142,201,0.00037393582187295353,0.01974459724950884,0.00035287160618155958,0.00039625694033914492,0.017217684529149131,0.022633825381109356,402.48966601178819,401.89999999999998,467.80000000000001,6128.8000000000002,536,512,58752,59800,489800,7.8617563593872388,510741,8.1978793482029353,0,0,-0.0026200873362444586,0.0049999999999999741,2026072001,2026072902,0-10179,CC-B-R12-S-Q7,STAGE11-1200,dense,TARGET_ERRORS_REACHED,5
R12,0.5,0.5,3.5963016742589877,0.49019607843137253,0.44562546906687278,Q7,7,2,0.031746031746031744,38219,892,201,7.7797256164037086e-05,0.0052591642900128212,7.2856800235358997e-05,8.3072699038470223e-05,0.0045820803555952994,0.0060356927698780325,378.02576728852353,374,481.19999999999999,38193.300000000003,536,512,58752,59800,1569044,6.7081749538735052,1642377,7.0216974515806481,0,0,0.0033745781777278099,0.0050000000000000175,2026072001,2026072902,0-38218,CC-B-R12-S-Q7,STAGE11-1200,coarse,TARGET_ERRORS_REACHED,5
R12,1,1,4.0963016742589877,0.49019607843137253,0.39716411736214075,Q7,7,2,0.031746031746031744,50000,226,49,1.5066666666666666e-05,0.00097999999999999997,1.3226242885787028e-05,1.7163179919611492e-05,0.00074141993084967034,0.001295252769678006,375.71943799999639,374.10000000000002,484.69999999999999,40684.199999999997,536,512,58752,59800,1723701,5.6330098039215688,1812538,5.923326797385621,0,0,-0.0044052863436123673,-0.020000000000000052,2026072001,2026072902,0-49999,CC-B-R12-S-Q7,STAGE11-1200,coarse,MAX_FRAMES_REACHED,5
R12,1.5,1.5,4.5963016742589877,0.49019607843137253,0.35397289219206896,Q7,7,2,0.031746031746031744,50000,29,8,1.9333333333333332e-06,0.00016000000000000001,1.3461775521591696e-06,2.7765853133921871e-06,8.1078132814049511e-05,0.00031572055788322461,376.07794799999721,375.19999999999999,480.80000000000001,40727.599999999999,536,512,58752,59800,1421169,4.6443431372549018,1502274,4.9093921568627454,0,0,0.15999999999999992,0.14285714285714304,2026072001,2026072902,0-49999,CC-B-R12-S-Q7,STAGE11-1200,coarse,MAX_FRAMES_REACHED,5
R12,2,2,5.0963016742589877,0.49019607843137253,0.31547867224009662,Q7,7,2,0.031746031746031744,50000,3,2,1.9999999999999999e-07,4.0000000000000003e-05,6.8018050835858217e-08,5.8807903585242071e-07,1.0969511301390302e-05,0.00014584761698167861,371.89285199999762,371.39999999999998,478.30000000000001,22859.299999999999,536,512,58752,59800,1148919,3.7546372549019607,1221351,3.9913431372549018,0,0,0,0,2026072001,2026072902,0-49999,CC-B-R12-S-Q7,STAGE11-1200,coarse,MAX_FRAMES_REACHED,5
R12,2.5,2.5,5.5963016742589877,0.49019607843137253,0.28117066259517454,Q7,7,2,0.031746031746031744,50000,0,0,0,0,0,2.5609718912715457e-07,0,7.6823274145000517e-05,352.43449200000026,361.10000000000002,444.5,13028.700000000001,536,512,58752,59800,908707,2.9696307189542486,972316,3.1775032679738562,0,0,0,0,2026072001,2026072902,0-49999,CC-B-R12-S-Q7,STAGE11-1200,coarse,MAX_FRAMES_REACHED,5
R12,3,3,6.0963016742589877,0.49019607843137253,0.25059361681363618,Q7,7,2,0.031746031746031744,50000,0,0,0,0,0,2.5609718912715457e-07,0,7.6823274145000517e-05,346.21915800000107,358.10000000000002,444,22421.900000000001,536,512,58752,59800,700754,2.2900457516339867,755399,2.4686241830065359,0,0,0,0,2026072001,2026072902,0-49999,CC-B-R12-S-Q7,STAGE11-1200,coarse,MAX_FRAMES_REACHED,5
R12,3.5,3.5,6.5963016742589877,0.49019607843137253,0.22334179607548157,Q7,7,2,0.031746031746031744,50000,0,0,0,0,0,2.5609718912715457e-07,0,7.6823274145000517e-05,347.66129000000103,358.39999999999998,449.60000000000002,45682.400000000001,536,512,58752,59800,526114,1.719326797385621,571200,1.8666666666666667,0,0,0,0,2026072001,2026072902,0-49999,CC-B-R12-S-Q7,STAGE11-1200,coarse,MAX_FRAMES_REACHED,5
R12,4,4,7.0963016742589877,0.49019607843137253,0.19905358527674863,Q7,7,2,0.031746031746031744,50000,0,0,0,0,0,2.5609718912715457e-07,0,7.6823274145000517e-05,370.55330799999939,366.39999999999998,484.39999999999998,37488.400000000001,536,512,58752,59800,383717,1.2539771241830064,420375,1.3737745098039216,0,0,0,0,2026072001,2026072902,0-49999,CC-B-R12-S-Q7,STAGE11-1200,coarse,MAX_FRAMES_REACHED,5
R12,4.5,4.5,7.5963016742589877,0.49019607843137253,0.17740669461678774,Q7,7,2,0.031746031746031744,50000,0,0,0,0,0,2.5609718912715457e-07,0,7.6823274145000517e-05,399.55709199999558,386.39999999999998,567.79999999999995,43185.900000000001,536,512,58752,59800,270159,0.88287254901960788,298767,0.97636274509803922,0,0,0,0,2026072001,2026072902,0-49999,CC-B-R12-S-Q7,STAGE11-1200,coarse,MAX_FRAMES_REACHED,5
R12,5,5,8.0963016742589886,0.49019607843137253,0.15811388300841897,Q7,7,2,0.031746031746031744,50000,0,0,0,0,0,2.5609718912715457e-07,0,7.6823274145000517e-05,394.91258199999936,386.39999999999998,574.5,25228.700000000001,536,512,58752,59800,183012,0.59807843137254901,204711,0.66899019607843135,0,0,0,0,2026072001,2026072902,0-49999,CC-B-R12-S-Q7,STAGE11-1200,coarse,MAX_FRAMES_REACHED,5
R12,5.5,5.5,8.5963016742589886,0.49019607843137253,0.14091914656322269,Q7,7,2,0.031746031746031744,50000,0,0,0,0,0,2.5609718912715457e-07,0,7.6823274145000517e-05,391.0208240000016,385.69999999999999,562.89999999999998,55342.800000000003,536,512,58752,59800,118911,0.38859803921568625,134571,0.43977450980392158,0,0,0,0,2026072001,2026072902,0-49999,CC-B-R12-S-Q7,STAGE11-1200,coarse,MAX_FRAMES_REACHED,5
R12,6,6,9.0963016742589886,0.49019607843137253,0.12559432157547901,Q7,7,2,0.031746031746031744,50000,0,0,0,0,0,2.5609718912715457e-07,0,7.6823274145000517e-05,382.21350799999692,383.10000000000002,551.89999999999998,19768.200000000001,536,512,58752,59800,73457,0.24005555555555555,84413,0.27585947712418302,0,0,0,0,2026072001,2026072902,0-49999,CC-B-R12-S-Q7,STAGE11-1200,coarse,MAX_FRAMES_REACHED,5
R12,6.5,6.5,9.5963016742589886,0.49019607843137253,0.11193605692841696,Q7,7,2,0.031746031746031744,50000,0,0,0,0,0,2.5609718912715457e-07,0,7.6823274145000517e-05,353.18015799999938,347.5,503.5,16550.799999999999,536,512,58752,59800,43011,0.14055882352941176,50160,0.16392156862745097,0,0,0,0,2026072001,2026072902,0-49999,CC-B-R12-S-Q7,STAGE11-1200,coarse,MAX_FRAMES_REACHED,5
R12,7,7,10.096301674258989,0.49019607843137253,0.099763115748444001,Q7,7,2,0.031746031746031744,50000,0,0,0,0,0,2.5609718912715457e-07,0,7.6823274145000517e-05,340.30920399999587,305.60000000000002,473.5,24622.400000000001,536,512,58752,59800,23773,0.077689542483660126,28230,0.092254901960784313,0,0,0,0,2026072001,2026072902,0-49999,CC-B-R12-S-Q7,STAGE11-1200,coarse,MAX_FRAMES_REACHED,5
R12,7.5,7.5,10.596301674258989,0.49019607843137253,0.088913970501946132,Q7,7,2,0.031746031746031744,50000,0,0,0,0,0,2.5609718912715457e-07,0,7.6823274145000517e-05,337.39197999999692,296.19999999999999,468.10000000000002,13833,536,512,58752,59800,12323,0.040271241830065356,14922,0.048764705882352939,0,0,0,0,2026072001,2026072902,0-49999,CC-B-R12-S-Q7,STAGE11-1200,coarse,MAX_FRAMES_REACHED,5
R12,8,8,11.096301674258989,0.49019607843137253,0.079244659623055658,Q7,7,2,0.031746031746031744,50000,0,0,0,0,0,2.5609718912715457e-07,0,7.6823274145000517e-05,337.08391599999965,291.19999999999999,470,19397.599999999999,536,512,58752,59800,6062,0.01981045751633987,7414,0.024228758169934639,0,0,0,0,2026072001,2026072902,0-49999,CC-B-R12-S-Q7,STAGE11-1200,coarse,MAX_FRAMES_REACHED,5
R12,8.5,8.5,11.596301674258989,0.49019607843137253,0.070626877231137725,Q7,7,2,0.031746031746031744,50000,0,0,0,0,0,2.5609718912715457e-07,0,7.6823274145000517e-05,391.81242400000212,378.89999999999998,594.39999999999998,54558.099999999999,536,512,58752,59800,2712,0.0088627450980392156,3431,0.011212418300653594,0,0,0,0,2026072001,2026072902,0-49999,CC-B-R12-S-Q7,STAGE11-1200,coarse,MAX_FRAMES_REACHED,5
R12,9,9,12.096301674258989,0.49019607843137253,0.06294627058970835,Q7,7,2,0.031746031746031744,50000,0,0,0,0,0,2.5609718912715457e-07,0,7.6823274145000517e-05,419.20536799999678,390.30000000000001,652.10000000000002,53653.5,536,512,58752,59800,1068,0.0034901960784313726,1423,0.0046503267973856208,0,0,0,0,2026072001,2026072902,0-49999,CC-B-R12-S-Q7,STAGE11-1200,coarse,MAX_FRAMES_REACHED,5
R12,9.5,9.5,12.596301674258989,0.49019607843137253,0.05610092271509818,Q7,7,2,0.031746031746031744,50000,0,0,0,0,0,2.5609718912715457e-07,0,7.6823274145000517e-05,425.65473200000235,391.69999999999999,660.89999999999998,34815.099999999999,536,512,58752,59800,385,0.0012581699346405229,526,0.0017189542483660131,0,0,0,0,2026072001,2026072902,0-49999,CC-B-R12-S-Q7,STAGE11-1200,coarse,MAX_FRAMES_REACHED,5
R12,10,10,13.096301674258989,0.49019607843137253,0.050000000000000003,Q7,7,2,0.031746031746031744,50000,0,0,0,0,0,2.5609718912715457e-07,0,7.6823274145000517e-05,446.82598399999881,398.69999999999999,705.39999999999998,31980.099999999999,536,512,58752,59800,119,0.00038888888888888887,171,0.00055882352941176471,0,0,0,0,2026072001,2026072902,0-49999,CC-B-R12-S-Q7,STAGE11-1200,coarse,MAX_FRAMES_REACHED,5
R12,-5,-5,-1.9036983257410123,0.49019607843137253,1.5811388300841895,Q8,8,2,0.015748031496062992,1000,118234,1000,0.39411333333333332,1,0.39236608675941947,0.39586329160098871,0.99617324151444497,1,299.70250000000004,265.10000000000002,396.19999999999999,866.20000000000005,612,512,58752,59876,135128,22.079738562091503,136323,22.274999999999999,0,0,0.0035819780667504172,0,2026072001,2026072902,0-999,CC-B-R12-S-Q8,STAGE11-1200,coarse,TARGET_ERRORS_REACHED,5
R12,-4.5,-4.5,-1.4036983257410123,0.49019607843137253,1.4091914656322269,Q8,8,2,0.015748031496062992,1000,104584,1000,0.34861333333333333,1,0.3469100675973088,0.35032047599068783,0.99617324151444497,1,304.6694,273.39999999999998,392.10000000000002,1371.4000000000001,612,512,58752,59876,125306,20.474836601307189,126555,20.678921568627452,0,0,0.0064573248775417836,0,2026072001,2026072902,0-999,CC-B-R12-S-Q8,STAGE11-1200,coarse,TARGET_ERRORS_REACHED,5
R12,-4,-4,-0.90369832574101228,0.49019607843137253,1.2559432157547903,Q8,8,2,0.015748031496062992,1000,86516,1000,0.28838666666666668,1,0.28676833188689266,0.29001042073642014,0.99617324151444497,1,302.9672999999998,267.80000000000001,399.5,1104.3,612,512,58752,59876,115929,18.942647058823528,117098,19.133660130718955,0,0,0.0051000848077885109,0,2026072001,2026072902,0-999,CC-B-R12-S-Q8,STAGE11-1200,coarse,TARGET_ERRORS_REACHED,5
R12,-3.5,-3.5,-0.40369832574101228,0.49019607843137253,1.1193605692841697,Q8,8,2,0.015748031496062992,1000,65327,998,0.21775666666666665,0.998,0.21628340941512991,0.21923715199993155,0.99273719213650791,0.99945135641187932,300.02659999999992,264.69999999999999,390.5,1048,612,512,58752,59876,106585,17.415849673202615,107820,17.617647058823529,0,0,0.006641395463510732,0,2026072001,2026072902,0-999,CC-B-R12-S-Q8,STAGE11-1200,coarse,TARGET_ERRORS_REACHED,5
R12,-3,-3,0.096301674258987724,0.49019607843137253,0.99763115748443987,Q8,8,2,0.015748031496062992,1000,42909,966,0.14302999999999999,0.96599999999999997,0.14178176452458396,0.14428737726205815,0.9528648097546889,0.97556865133677373,327.59480000000008,348.10000000000002,411.80000000000001,891.89999999999998,612,512,58752,59876,97641,15.954411764705883,98842,16.150653594771242,0,0,0.0048475481242096123,0,2026072001,2026072902,0-999,CC-B-R12-S-Q8,STAGE11-1200,coarse,TARGET_ERRORS_REACHED,5
R12,-2.5,-2.5,0.59630167425898772,0.49019607843137253,0.88913970501946138,Q8,8,2,0.015748031496062992,1000,24150,869,0.080500000000000002,0.86899999999999999,0.079531806239071426,0.081478936903199309,0.84666835843966937,0.88850749379799099,338.75959999999969,351.30000000000001,424.69999999999999,2937.6999999999998,612,512,58752,59876,88776,14.505882352941176,89944,14.69673202614379,0,0,-0.00033115324116227694,0.0034642032332563542,2026072001,2026072902,0-999,CC-B-R12-S-Q8,STAGE11-1200,coarse,TARGET_ERRORS_REACHED,5
R12,-2,-2,1.0963016742589877,0.49019607843137253,0.79244659623055669,Q8,8,2,0.015748031496062992,1000,11837,677,0.039456666666666668,0.67700000000000005,0.038765906920920377,0.040159220649723666,0.64738722027136164,0.70525810722475202,368.12509999999935,397.80000000000001,444.80000000000001,834.10000000000002,612,512,58752,59876,80201,13.104738562091503,81279,13.280882352941177,0,0,0.02939386033568131,0.011958146487294478,2026072001,2026072902,0-999,CC-B-R12-S-Q8,STAGE11-1200,dense,TARGET_ERRORS_REACHED,5
R12,-1.8999999999999999,-1.8999999999999999,1.1963016742589878,0.49019607843137253,0.77440830945624062,Q8,8,2,0.015748031496062992,1000,9637,612,0.03212333333333333,0.61199999999999999,0.03149833130943467,0.032760317396791382,0.58142392457642111,0.64171888152281442,364.89110000000028,394.39999999999998,449.69999999999999,1075.5999999999999,612,512,58752,59876,78535,12.832516339869281,79649,13.014542483660131,0,0,0.011864762704745823,-0.0016313213703099524,2026072001,2026072902,0-999,CC-B-R12-S-Q8,STAGE11-1200,dense,TARGET_ERRORS_REACHED,5
R12,-1.8,-1.8,1.2963016742589877,0.49019607843137253,0.7567806242181041,Q8,8,2,0.015748031496062992,1000,8212,562,0.027373333333333333,0.56200000000000006,0.026795476484178068,0.027963293866686324,0.53107013838604444,0.59245534356174689,363.62260000000003,396.19999999999999,455.30000000000001,833.29999999999995,612,512,58752,59876,76855,12.558006535947712,77979,12.741666666666667,0,0,0.010210357977610947,0.010791366906474829,2026072001,2026072902,0-999,CC-B-R12-S-Q8,STAGE11-1200,dense,TARGET_ERRORS_REACHED,5
R12,-1.7,-1.7,1.3963016742589878,0.49019607843137253,0.73955419408410372,Q8,8,2,0.015748031496062992,1000,6891,503,0.022970000000000001,0.503,0.022440006355893202,0.023512210095018388,0.47205867471427643,0.53391836473481036,369.49319999999977,396.19999999999999,456.5,3491.8000000000002,612,512,58752,59876,75217,12.290359477124182,76351,12.475653594771241,0,0,0.015024304021210782,0.012072434607645887,2026072001,2026072902,0-999,CC-B-R12-S-Q8,STAGE11-1200,dense,TARGET_ERRORS_REACHED,5
R12,-1.6000000000000001,-1.6000000000000001,1.4963016742589876,0.49019607843137253,0.72271988537296372,Q8,8,2,0.015748031496062992,1000,5663,449,0.018876666666666667,0.44900000000000001,0.018395810566771618,0.019369844045273931,0.41842546673459929,0.47996486263092736,398.42879999999968,407,469.30000000000001,1124.8,612,512,58752,59876,73563,12.020098039215686,74722,12.209477124183007,0,0,0.010708548991611571,0.011261261261261271,2026072001,2026072902,0-999,CC-B-R12-S-Q8,STAGE11-1200,dense,TARGET_ERRORS_REACHED,5
R12,-1.5,-1.5,1.5963016742589877,0.49019607843137253,0.70626877231137719,Q8,8,2,0.015748031496062992,1000,4725,401,0.01575,0.40100000000000002,0.015310626788731118,0.016201774562030754,0.37105844196706284,0.43169925621307714,387.22089999999974,402.89999999999998,473.10000000000002,1136.8,612,512,58752,59876,71805,11.732843137254902,72991,11.926633986928104,0,0,0.019857543708180461,0.020356234096692131,2026072001,2026072902,0-999,CC-B-R12-S-Q8,STAGE11-1200,dense,TARGET_ERRORS_REACHED,5
R12,-1.3999999999999999,-1.3999999999999999,1.6963016742589878,0.49019607843137253,0.69019213230144238,Q8,8,2,0.015748031496062992,1000,3836,344,0.012786666666666667,0.34399999999999997,0.012390817259078764,0.013194993314197847,0.31520449220284491,0.37398945644464826,399.88040000000041,407.89999999999998,476.19999999999999,1609.0999999999999,612,512,58752,59876,70105,11.455065359477125,71270,11.645424836601308,0,0,-0.0036363636363636685,-0.0057803468208092543,2026072001,2026072902,0-999,CC-B-R12-S-Q8,STAGE11-1200,dense,TARGET_ERRORS_REACHED,5
R12,-1.2999999999999998,-1.2999999999999998,1.7963016742589879,0.49019607843137253,0.67448144129582677,Q8,8,2,0.015748031496062992,1000,3094,299,0.010313333333333334,0.29899999999999999,0.0099580286335454425,0.010681178613641099,0.27143763442230356,0.32810072248888961,399.5886999999999,407.5,479.60000000000002,2520.5,612,512,58752,59876,68480,11.18954248366013,69589,11.370751633986927,0,0,-0.004504504504504377,-0.0066445182724252554,2026072001,2026072902,0-999,CC-B-R12-S-Q8,STAGE11-1200,dense,TARGET_ERRORS_REACHED,5
R12,-1.2,-1.2,1.8963016742589878,0.49019607843137253,0.65912836927820351,Q8,8,2,0.015748031496062992,1000,2475,258,0.0082500000000000004,0.25800000000000001,0.0079325577824193912,0.0085800356388240889,0.23184403439388107,0.28600811671312759,425.93630000000024,406.69999999999999,542.29999999999995,3283.5,612,512,58752,59876,66830,10.919934640522875,67960,11.104575163398692,0,0,-0.0056247488951386591,0.0038910505836575911,2026072001,2026072902,0-999,CC-B-R12-S-Q8,STAGE11-1200,dense,TARGET_ERRORS_REACHED,5
R12,-1.1000000000000001,-1.1000000000000001,1.9963016742589876,0.49019607843137253,0.64412477584656702,Q8,8,2,0.015748031496062992,1000,2004,214,0.0066800000000000002,0.214,0.0063947625076444404,0.0069778711203531858,0.18970008521445181,0.24048882063928573,433.50859999999989,407.19999999999999,528.89999999999998,4462.3000000000002,612,512,58752,59876,65164,10.647712418300653,66296,10.832679738562092,0,0,0.014683544303797485,-0.0046511627906976787,2026072001,2026072902,0-999,CC-B-R12-S-Q8,STAGE11-1200,dense,TARGET_ERRORS_REACHED,5
R12,-1,-1,2.0963016742589877,0.49019607843137253,0.62946270589708364,Q8,8,2,0.015748031496062992,1123,1811,202,0.0053754823389729894,0.1798753339269813,0.005134150759294573,0.0056280935746391399,0.15851460141436974,0.2034187083943802,424.29857524488017,407.39999999999998,528.70000000000005,5129.1000000000004,612,512,58752,59876,71328,10.378363277635186,72549,10.556021161803992,0,0,0.001105583195135445,0.010000000000000023,2026072001,2026072902,0-1122,CC-B-R12-S-Q8,STAGE11-1200,dense,TARGET_ERRORS_REACHED,5
R12,-0.89999999999999991,-0.89999999999999991,2.1963016742589878,0.49019607843137253,0.6151343854061907,Q8,8,2,0.015748031496062992,1431,1658,202,0.0038621010948054974,0.14116002795248078,0.0036809476141881499,0.0040521335703163162,0.1240791529135182,0.16016232638963893,424.06044723969279,404.30000000000001,518.5,12319.1,612,512,58752,59876,88710,10.129348734602157,90344,10.315926976427654,0,0,0.01035953686776361,0.0099999999999999083,2026072001,2026072902,0-1430,CC-B-R12-S-Q8,STAGE11-1200,dense,TARGET_ERRORS_REACHED,5
R12,-0.79999999999999982,-0.79999999999999982,2.2963016742589879,0.49019607843137253,0.60113221730870636,Q8,8,2,0.015748031496062992,1731,1593,204,0.0030675909878682844,0.11785095320623917,0.0029208147468442096,0.0032217191690610495,0.10350111675240087,0.13389317465486966,396.86250722125959,398.60000000000002,466.60000000000002,1115.3,612,512,58752,59876,104543,9.8683937276046567,106516,10.05463614292241,0,0,0.008227848101265877,0.01999999999999999,2026072001,2026072902,0-1730,CC-B-R12-S-Q8,STAGE11-1200,dense,TARGET_ERRORS_REACHED,5
R12,-0.69999999999999996,-0.69999999999999996,2.3963016742589875,0.49019607843137253,0.58744877746976476,Q8,8,2,0.015748031496062992,2083,1503,202,0.0024051848295727316,0.09697551608257321,0.0022867564854619003,0.0025297308828895284,0.084999242443369108,0.11043556507246947,398.58943831013045,400.10000000000002,468.5,932.20000000000005,612,512,58752,59876,122339,9.5967511664611429,124619,9.7756033122162282,0,0,0.017603249830737883,0.010000000000000021,2026072001,2026072902,0-2082,CC-B-R12-S-Q8,STAGE11-1200,dense,TARGET_ERRORS_REACHED,5
R12,-0.59999999999999987,-0.59999999999999987,2.4963016742589881,0.49019607843137253,0.5740768107484413,Q8,8,2,0.015748031496062992,2465,1462,203,0.0019770114942528737,0.082352941176470587,0.0018783253557609783,0.0020808717365014984,0.072139600565406331,0.093865979645671893,396.80231237322505,399.10000000000002,461.60000000000002,939.89999999999998,612,512,58752,59876,141109,9.3537631414973017,143760,9.529491309708467,0,0,0.004810996563573945,0.014999999999999999,2026072001,2026072902,0-2464,CC-B-R12-S-Q8,STAGE11-1200,dense,TARGET_ERRORS_REACHED,5
R12,-0.5,-0.5,2.5963016742589877,0.49019607843137253,0.56100922715098167,Q8,8,2,0.015748031496062992,2830,1368,201,0.0016113074204946996,0.071024734982332152,0.0015282163107333538,0.0016989086150065551,0.062131077713005287,0.081081400725921002,397.74505300353434,400,466.39999999999998,2454.9000000000001,612,512,58752,59876,157447,9.090683387607104,160364,9.2591052911152687,0,0,-0.002915451895043818,0.0049999999999999177,2026072001,2026072902,0-2829,CC-B-R12-S-Q8,STAGE11-1200,dense,TARGET_ERRORS_REACHED,5
R12,-0.39999999999999991,-0.39999999999999991,2.6963016742589878,0.49019607843137253,0.54823909807159255,Q8,8,2,0.015748031496062992,3548,1403,207,0.0013181134911687336,0.058342728297632471,0.0012509634692822601,0.0013888630226718286,0.051097268106830393,0.066543528551765027,395.73055242390137,400.5,453.30000000000001,6964.5,612,512,58752,59876,192125,8.8480760586835263,195676,9.0116129127336766,0,0,0.018142235123367198,0.03500000000000008,2026072001,2026072902,0-3547,CC-B-R12-S-Q8,STAGE11-1200,dense,TARGET_ERRORS_REACHED,5
R12,-0.29999999999999982,-0.29999999999999982,2.7963016742589879,0.49019607843137253,0.53575965261880321,Q8,8,2,0.015748031496062992,5159,1292,201,0.00083478710344381984,0.03896103896103896,0.00079050926045938247,0.00088154283988396882,0.034014699637067929,0.044593458691581815,400.43262260127898,401.60000000000002,459.60000000000002,5585.8999999999996,612,512,58752,59876,271667,8.6043870284432185,277024,8.774056886436167,0,0,0.0046656298600310257,0.0050000000000000287,2026072001,2026072902,0-5158,CC-B-R12-S-Q8,STAGE11-1200,dense,TARGET_ERRORS_REACHED,5
R12,-0.19999999999999996,-0.19999999999999996,2.8963016742589875,0.49019607843137253,0.52356427402544969,Q8,8,2,0.015748031496062992,6961,1197,201,0.00057319350668007469,0.028875161614710529,0.00054163705356700866,0.00060658736244787554,0.025193722648928829,0.033076298459263388,404.61351817267683,402.39999999999998,468.19999999999999,17816.900000000001,612,512,58752,59876,356151,8.3600930675387524,363365,8.529430543466729,0,0,0,0,2026072001,2026072902,0-6960,CC-B-R12-S-Q8,STAGE11-1200,dense,TARGET_ERRORS_REACHED,5
R12,-0.099999999999999867,-0.099999999999999867,2.9963016742589881,0.49019607843137253,0.51164649614037705,Q8,8,2,0.015748031496062992,8530,1196,200,0.00046737006643220007,0.023446658851113716,0.00044162788929215044,0.00049461199437089546,0.02044357972502623,0.026878773375789596,398.34002344665925,401.19999999999999,464.69999999999999,1507,612,512,58752,59876,423232,8.1073335938517648,432108,8.2773601820564107,0,0,-0.00333333333333336,-0.0049751243781094761,2026072001,2026072902,0-8529,CC-B-R12-S-Q8,STAGE11-1200,dense,TARGET_ERRORS_REACHED,5
R12,0,0,3.0963016742589877,0.49019607843137253,0.5,Q8,8,2,0.015748031496062992,10180,1160,203,0.00037982973149967256,0.019941060903732811,0.00035859542579867211,0.0004023209251482389,0.017400970887150532,0.022843318114983493,399.90773084479423,400.10000000000002,465.69999999999999,2983.5,612,512,58752,59876,489800,7.8617563593872388,500056,8.0263749245605247,0,0,0.013100436681222728,0.0150000000000001,2026072001,2026072902,0-10179,CC-B-R12-S-Q8,STAGE11-1200,dense,TARGET_ERRORS_REACHED,5
R12,0.5,0.5,3.5963016742589877,0.49019607843137253,0.44562546906687278,Q8,8,2,0.015748031496062992,38219,891,202,7.7710039509144667e-05,0.005285329286480546,7.2772444309246811e-05,8.2982621713239565e-05,0.0046064551479554263,0.0060636427112024643,381.38700122975399,372.89999999999998,486.19999999999999,46949.900000000001,612,512,58752,59876,1569044,6.7081749538735052,1605164,6.8625997369477281,0,0,0.0022497187851518731,0.0099999999999998684,2026072001,2026072902,0-38218,CC-B-R12-S-Q8,STAGE11-1200,coarse,TARGET_ERRORS_REACHED,5
R12,1,1,4.0963016742589877,0.49019607843137253,0.39716411736214075,Q8,8,2,0.015748031496062992,50000,226,50,1.5066666666666666e-05,0.001,1.3226242885787028e-05,1.7163179919611492e-05,0.00075866356246956726,0.0013180060651271433,373.06167400000118,373.19999999999999,480.69999999999999,33046.599999999999,612,512,58752,59876,1723701,5.6330098039215688,1767280,5.7754248366013075,0,0,-0.0044052863436123673,0,2026072001,2026072902,0-49999,CC-B-R12-S-Q8,STAGE11-1200,coarse,MAX_FRAMES_REACHED,5
R12,1.5,1.5,4.5963016742589877,0.49019607843137253,0.35397289219206896,Q8,8,2,0.015748031496062992,50000,29,8,1.9333333333333332e-06,0.00016000000000000001,1.3461775521591696e-06,2.7765853133921871e-06,8.1078132814049511e-05,0.00031572055788322461,374.08692400000081,373.89999999999998,481.80000000000001,38403.199999999997,612,512,58752,59876,1421169,4.6443431372549018,1460859,4.7740490196078431,0,0,0.15999999999999992,0.14285714285714304,2026072001,2026072902,0-49999,CC-B-R12-S-Q8,STAGE11-1200,coarse,MAX_FRAMES_REACHED,5
R12,2,2,5.0963016742589877,0.49019607843137253,0.31547867224009662,Q8,8,2,0.015748031496062992,50000,3,2,1.9999999999999999e-07,4.0000000000000003e-05,6.8018050835858217e-08,5.8807903585242071e-07,1.0969511301390302e-05,0.00014584761698167861,374.53209599999269,370.60000000000002,475.69999999999999,39407.900000000001,612,512,58752,59876,1148919,3.7546372549019607,1184124,3.869686274509804,0,0,0,0,2026072001,2026072902,0-49999,CC-B-R12-S-Q8,STAGE11-1200,coarse,MAX_FRAMES_REACHED,5
R12,2.5,2.5,5.5963016742589877,0.49019607843137253,0.28117066259517454,Q8,8,2,0.015748031496062992,50000,0,0,0,0,0,2.5609718912715457e-07,0,7.6823274145000517e-05,351.31576399999983,360.39999999999998,445.39999999999998,11574.1,612,512,58752,59876,908707,2.9696307189542486,939638,3.0707124183006536,0,0,0,0,2026072001,2026072902,0-49999,CC-B-R12-S-Q8,STAGE11-1200,coarse,MAX_FRAMES_REACHED,5
R12,3,3,6.0963016742589877,0.49019607843137253,0.25059361681363618,Q8,8,2,0.015748031496062992,50000,0,0,0,0,0,2.5609718912715457e-07,0,7.6823274145000517e-05,343.99330399999633,357.19999999999999,442.89999999999998,13458,612,512,58752,59876,700754,2.2900457516339867,727393,2.3771013071895424,0,0,0,0,2026072001,2026072902,0-49999,CC-B-R12-S-Q8,STAGE11-1200,coarse,MAX_FRAMES_REACHED,5
R12,3.5,3.5,6.5963016742589877,0.49019607843137253,0.22334179607548157,Q8,8,2,0.015748031496062992,50000,0,0,0,0,0,2.5609718912715457e-07,0,7.6823274145000517e-05,348.34979600000099,357.69999999999999,448.80000000000001,45663.5,612,512,58752,59876,526114,1.719326797385621,548315,1.7918790849673203,0,0,0,0,2026072001,2026072902,0-49999,CC-B-R12-S-Q8,STAGE11-1200,coarse,MAX_FRAMES_REACHED,5
R12,4,4,7.0963016742589877,0.49019607843137253,0.19905358527674863,Q8,8,2,0.015748031496062992,50000,0,0,0,0,0,2.5609718912715457e-07,0,7.6823274145000517e-05,370.19555999999983,365.39999999999998,478.60000000000002,105745.10000000001,612,512,58752,59876,383717,1.2539771241830064,401565,1.3123039215686274,0,0,0,0,2026072001,2026072902,0-49999,CC-B-R12-S-Q8,STAGE11-1200,coarse,MAX_FRAMES_REACHED,5
R12,4.5,4.5,7.5963016742589877,0.49019607843137253,0.17740669461678774,Q8,8,2,0.015748031496062992,50000,0,0,0,0,0,2.5609718912715457e-07,0,7.6823274145000517e-05,399.03776199999629,385.5,574.39999999999998,57349.300000000003,612,512,58752,59876,270159,0.88287254901960788,284047,0.9282581699346405,0,0,0,0,2026072001,2026072902,0-49999,CC-B-R12-S-Q8,STAGE11-1200,coarse,MAX_FRAMES_REACHED,5
R12,5,5,8.0963016742589886,0.49019607843137253,0.15811388300841897,Q8,8,2,0.015748031496062992,50000,0,0,0,0,0,2.5609718912715457e-07,0,7.6823274145000517e-05,393.66654799999617,385.60000000000002,567.60000000000002,19600,612,512,58752,59876,183012,0.59807843137254901,193555,0.63253267973856209,0,0,0,0,2026072001,2026072902,0-49999,CC-B-R12-S-Q8,STAGE11-1200,coarse,MAX_FRAMES_REACHED,5
R12,5.5,5.5,8.5963016742589886,0.49019607843137253,0.14091914656322269,Q8,8,2,0.015748031496062992,50000,0,0,0,0,0,2.5609718912715457e-07,0,7.6823274145000517e-05,390.94972200000495,385.10000000000002,566.70000000000005,22522.099999999999,612,512,58752,59876,118911,0.38859803921568625,126486,0.41335294117647059,0,0,0,0,2026072001,2026072902,0-49999,CC-B-R12-S-Q8,STAGE11-1200,coarse,MAX_FRAMES_REACHED,5
R12,6,6,9.0963016742589886,0.49019607843137253,0.12559432157547901,Q8,8,2,0.015748031496062992,50000,0,0,0,0,0,2.5609718912715457e-07,0,7.6823274145000517e-05,379.57628999999969,381.89999999999998,549.70000000000005,20208.900000000001,612,512,58752,59876,73457,0.24005555555555555,78658,0.25705228758169935,0,0,0,0,2026072001,2026072902,0-49999,CC-B-R12-S-Q8,STAGE11-1200,coarse,MAX_FRAMES_REACHED,5
R12,6.5,6.5,9.5963016742589886,0.49019607843137253,0.11193605692841696,Q8,8,2,0.015748031496062992,50000,0,0,0,0,0,2.5609718912715457e-07,0,7.6823274145000517e-05,355.01698200000124,347.60000000000002,501,46117.5,612,512,58752,59876,43011,0.14055882352941176,46461,0.15183333333333332,0,0,0,0,2026072001,2026072902,0-49999,CC-B-R12-S-Q8,STAGE11-1200,coarse,MAX_FRAMES_REACHED,5
R12,7,7,10.096301674258989,0.49019607843137253,0.099763115748444001,Q8,8,2,0.015748031496062992,50000,0,0,0,0,0,2.5609718912715457e-07,0,7.6823274145000517e-05,339.44974399999944,306.19999999999999,470.89999999999998,17977.400000000001,612,512,58752,59876,23773,0.077689542483660126,25929,0.084735294117647061,0,0,0,0,2026072001,2026072902,0-49999,CC-B-R12-S-Q8,STAGE11-1200,coarse,MAX_FRAMES_REACHED,5
R12,7.5,7.5,10.596301674258989,0.49019607843137253,0.088913970501946132,Q8,8,2,0.015748031496062992,50000,0,0,0,0,0,2.5609718912715457e-07,0,7.6823274145000517e-05,336.08052199999906,294.19999999999999,465.5,10198.700000000001,612,512,58752,59876,12323,0.040271241830065356,13583,0.044388888888888887,0,0,0,0,2026072001,2026072902,0-49999,CC-B-R12-S-Q8,STAGE11-1200,coarse,MAX_FRAMES_REACHED,5
R12,8,8,11.096301674258989,0.49019607843137253,0.079244659623055658,Q8,8,2,0.015748031496062992,50000,0,0,0,0,0,2.5609718912715457e-07,0,7.6823274145000517e-05,335.38176999999763,289.19999999999999,463.30000000000001,18610.200000000001,612,512,58752,59876,6062,0.01981045751633987,6755,0.02207516339869281,0,0,0,0,2026072001,2026072902,0-49999,CC-B-R12-S-Q8,STAGE11-1200,coarse,MAX_FRAMES_REACHED,5
R12,8.5,8.5,11.596301674258989,0.49019607843137253,0.070626877231137725,Q8,8,2,0.015748031496062992,50000,0,0,0,0,0,2.5609718912715457e-07,0,7.6823274145000517e-05,388.55914800000465,377.60000000000002,588,31853,612,512,58752,59876,2712,0.0088627450980392156,3037,0.0099248366013071892,0,0,0,0,2026072001,2026072902,0-49999,CC-B-R12-S-Q8,STAGE11-1200,coarse,MAX_FRAMES_REACHED,5
R12,9,9,12.096301674258989,0.49019607843137253,0.06294627058970835,Q8,8,2,0.015748031496062992,50000,0,0,0,0,0,2.5609718912715457e-07,0,7.6823274145000517e-05,421.87572399999624,389,652.79999999999995,24286.700000000001,612,512,58752,59876,1068,0.0034901960784313726,1246,0.0040718954248366015,0,0,0,0,2026072001,2026072902,0-49999,CC-B-R12-S-Q8,STAGE11-1200,coarse,MAX_FRAMES_REACHED,5
R12,9.5,9.5,12.596301674258989,0.49019607843137253,0.05610092271509818,Q8,8,2,0.015748031496062992,50000,0,0,0,0,0,2.5609718912715457e-07,0,7.6823274145000517e-05,429.85200400000139,391.19999999999999,669,114864.3,612,512,58752,59876,385,0.0012581699346405229,445,0.0014542483660130718,0,0,0,0,2026072001,2026072902,0-49999,CC-B-R12-S-Q8,STAGE11-1200,coarse,MAX_FRAMES_REACHED,5
R12,10,10,13.096301674258989,0.49019607843137253,0.050000000000000003,Q8,8,2,0.015748031496062992,50000,0,0,0,0,0,2.5609718912715457e-07,0,7.6823274145000517e-05,448.04707799999977,397.80000000000001,706.70000000000005,34767,612,512,58752,59876,119,0.00038888888888888887,139,0.00045424836601307188,0,0,0,0,2026072001,2026072902,0-49999,CC-B-R12-S-Q8,STAGE11-1200,coarse,MAX_FRAMES_REACHED,5
R12,-5,-5,-1.9036983257410123,0.49019607843137253,1.5811388300841895,Float,0,0,0,1000,117812,1000,0.39270666666666665,1,0.39096053639411332,0.3944555446568474,0.99617324151444497,1,302.18939999999975,265.30000000000001,411.89999999999998,620.79999999999995,4896,1024,58752,64672,0,0,0,0,0,0,0,0,2026072001,2026072902,0-999,CC-B-R12-S-Float,STAGE11-1200,coarse,TARGET_ERRORS_REACHED,5
R12,-4.5,-4.5,-1.4036983257410123,0.49019607843137253,1.4091914656322269,Float,0,0,0,1000,103913,1000,0.34637666666666667,1,0.3446759928696943,0.34808127466465477,0.99617324151444497,1,305.0907999999996,267.30000000000001,401.89999999999998,868.20000000000005,4896,1024,58752,64672,0,0,0,0,0,0,0,0,2026072001,2026072902,0-999,CC-B-R12-S-Float,STAGE11-1200,coarse,TARGET_ERRORS_REACHED,5
R12,-4,-4,-0.90369832574101228,0.49019607843137253,1.2559432157547903,Float,0,0,0,1000,86077,1000,0.28692333333333331,1,0.28530747360210335,0.28854464982962785,0.99617324151444497,1,301.57240000000024,259.30000000000001,402.60000000000002,968.70000000000005,4896,1024,58752,64672,0,0,0,0,0,0,0,0,2026072001,2026072902,0-999,CC-B-R12-S-Float,STAGE11-1200,coarse,TARGET_ERRORS_REACHED,5
R12,-3.5,-3.5,-0.40369832574101228,0.49019607843137253,1.1193605692841697,Float,0,0,0,1000,64896,998,0.21632000000000001,0.998,0.21485028991923494,0.21779697495466105,0.99273719213650791,0.99945135641187932,306.56149999999968,261,408.10000000000002,1025.2,4896,1024,58752,64672,0,0,0,0,0,0,0,0,2026072001,2026072902,0-999,CC-B-R12-S-Float,STAGE11-1200,coarse,TARGET_ERRORS_REACHED,5
R12,-3,-3,0.096301674258987724,0.49019607843137253,0.99763115748443987,Float,0,0,0,1000,42702,966,0.14233999999999999,0.96599999999999997,0.14109429578109528,0.14359486367603114,0.9528648097546889,0.97556865133677373,342.73380000000031,363.89999999999998,447.80000000000001,1232.4000000000001,4896,1024,58752,64672,0,0,0,0,0,0,0,0,2026072001,2026072902,0-999,CC-B-R12-S-Float,STAGE11-1200,coarse,TARGET_ERRORS_REACHED,5
R12,-2.5,-2.5,0.59630167425898772,0.49019607843137253,0.88913970501946138,Float,0,0,0,1000,24158,866,0.080526666666666663,0.86599999999999999,0.079558325450691761,0.081505750341995017,0.84347988878269997,0.8857189240058736,354.15220000000022,365.80000000000001,444.19999999999999,10285.5,4896,1024,58752,64672,0,0,0,0,0,0,0,0,2026072001,2026072902,0-999,CC-B-R12-S-Float,STAGE11-1200,coarse,TARGET_ERRORS_REACHED,5
R12,-2,-2,1.0963016742589877,0.49019607843137253,0.79244659623055669,Float,0,0,0,1000,11499,669,0.038330000000000003,0.66900000000000004,0.037648869676805682,0.039022953413759609,0.63923606946990996,0.69747048616197249,382.53040000000004,416.39999999999998,487.5,1053.2,4896,1024,58752,64672,0,0,0,0,0,0,0,0,2026072001,2026072902,0-999,CC-B-R12-S-Float,STAGE11-1200,dense,TARGET_ERRORS_REACHED,5
R12,-1.8999999999999999,-1.8999999999999999,1.1963016742589878,0.49019607843137253,0.77440830945624062,Float,0,0,0,1000,9524,613,0.031746666666666666,0.61299999999999999,0.031125257355457375,0.032380067663641751,0.58243432667296591,0.64270082590929856,379.03649999999965,415.30000000000001,474.5,2297,4896,1024,58752,64672,0,0,0,0,0,0,0,0,2026072001,2026072902,0-999,CC-B-R12-S-Float,STAGE11-1200,dense,TARGET_ERRORS_REACHED,5
R12,-1.8,-1.8,1.2963016742589877,0.49019607843137253,0.7567806242181041,Float,0,0,0,1000,8129,556,0.027096666666666668,0.55600000000000005,0.026521688716276297,0.027683755386521423,0.52504916250990774,0.58652224053971025,380.51249999999999,414.89999999999998,495.60000000000002,1037.5999999999999,4896,1024,58752,64672,0,0,0,0,0,0,0,0,2026072001,2026072902,0-999,CC-B-R12-S-Float,STAGE11-1200,dense,TARGET_ERRORS_REACHED,5
R12,-1.7,-1.7,1.3963016742589878,0.49019607843137253,0.73955419408410372,Float,0,0,0,1000,6789,497,0.022630000000000001,0.497,0.022103900032959384,0.023168325125147372,0.4660816352651897,0.52794132528572357,381.82359999999989,416,490.19999999999999,1351.0999999999999,4896,1024,58752,64672,0,0,0,0,0,0,0,0,2026072001,2026072902,0-999,CC-B-R12-S-Float,STAGE11-1200,dense,TARGET_ERRORS_REACHED,5
R12,-1.6000000000000001,-1.6000000000000001,1.4963016742589876,0.49019607843137253,0.72271988537296372,Float,0,0,0,1000,5603,444,0.018676666666666668,0.44400000000000001,0.018198350179110662,0.0191673095548144,0.41347775946028981,0.47495083749009243,418.15220000000005,428.10000000000002,492.5,1454.8,4896,1024,58752,64672,0,0,0,0,0,0,0,0,2026072001,2026072902,0-999,CC-B-R12-S-Float,STAGE11-1200,dense,TARGET_ERRORS_REACHED,5
R12,-1.5,-1.5,1.5963016742589877,0.49019607843137253,0.70626877231137719,Float,0,0,0,1000,4633,393,0.015443333333333333,0.39300000000000002,0.01500825361436911,0.015890822256608018,0.36319283324054991,0.42362609307535887,408.60920000000021,426,520.29999999999995,1037.4000000000001,4896,1024,58752,64672,0,0,0,0,0,0,0,0,2026072001,2026072902,0-999,CC-B-R12-S-Float,STAGE11-1200,dense,TARGET_ERRORS_REACHED,5
R12,-1.3999999999999999,-1.3999999999999999,1.6963016742589878,0.49019607843137253,0.69019213230144238,Float,0,0,0,1000,3850,346,0.012833333333333334,0.34599999999999997,0.012436759963457113,0.013242382748047612,0.31715666010206423,0.37602198151148669,427.52379999999999,431.80000000000001,521.39999999999998,2537.5999999999999,4896,1024,58752,64672,0,0,0,0,0,0,0,0,2026072001,2026072902,0-999,CC-B-R12-S-Float,STAGE11-1200,dense,TARGET_ERRORS_REACHED,5
R12,-1.2999999999999998,-1.2999999999999998,1.7963016742589879,0.49019607843137253,0.67448144129582677,Float,0,0,0,1000,3108,301,0.010359999999999999,0.30099999999999999,0.010003886380260512,0.010728653005154144,0.27337621044619009,0.33014683943106082,424.24509999999975,431.30000000000001,528.39999999999998,1228.7,4896,1024,58752,64672,0,0,0,0,0,0,0,0,2026072001,2026072902,0-999,CC-B-R12-S-Float,STAGE11-1200,dense,TARGET_ERRORS_REACHED,5
R12,-1.2,-1.2,1.8963016742589878,0.49019607843137253,0.65912836927820351,Float,0,0,0,1000,2489,257,0.0082966666666666675,0.25700000000000001,0.0079783175099191802,0.0086276080495524144,0.23088201740604794,0.28497778721793177,450.87600000000094,430.60000000000002,583.79999999999995,4376.8000000000002,4896,1024,58752,64672,0,0,0,0,0,0,0,0,2026072001,2026072902,0-999,CC-B-R12-S-Float,STAGE11-1200,dense,TARGET_ERRORS_REACHED,5
R12,-1.1000000000000001,-1.1000000000000001,1.9963016742589876,0.49019607843137253,0.64412477584656702,Float,0,0,0,1000,1975,215,0.0065833333333333334,0.215,0.0063001992149191149,0.0068791035553202734,0.19065343629137976,0.2415278160453867,460.64329999999916,435.10000000000002,574.89999999999998,4446.6000000000004,4896,1024,58752,64672,0,0,0,0,0,0,0,0,2026072001,2026072902,0-999,CC-B-R12-S-Float,STAGE11-1200,dense,TARGET_ERRORS_REACHED,5
R12,-1,-1,2.0963016742589877,0.49019607843137253,0.62946270589708364,Float,0,0,0,1123,1809,200,0.0053695458593054322,0.17809439002671415,0.0051283499489941202,0.0056220215609828223,0.15682640688699773,0.20155715777465211,453.46331255565451,434.30000000000001,563.60000000000002,3277.3000000000002,4896,1024,58752,64672,0,0,0,0,0,0,0,0,2026072001,2026072902,0-1122,CC-B-R12-S-Float,STAGE11-1200,dense,TARGET_ERRORS_REACHED,5
R12,-0.89999999999999991,-0.89999999999999991,2.1963016742589878,0.49019607843137253,0.6151343854061907,Float,0,0,0,1431,1641,200,0.0038225017470300488,0.13976240391334732,0.0036422983205342276,0.0040115848770981323,0.12275979316080608,0.15869392169952012,439.54150943396212,431.80000000000001,538.39999999999998,2431.4000000000001,4896,1024,58752,64672,0,0,0,0,0,0,0,0,2026072001,2026072902,0-1430,CC-B-R12-S-Float,STAGE11-1200,dense,TARGET_ERRORS_REACHED,5
R12,-0.79999999999999982,-0.79999999999999982,2.2963016742589879,0.49019607843137253,0.60113221730870636,Float,0,0,0,1731,1580,200,0.0030425572886578086,0.11554015020219527,0.0028963941356830109,0.0031960727521660702,0.10132476148371435,0.13145815753599624,420.34228769497389,425.19999999999999,505.89999999999998,1020.6,4896,1024,58752,64672,0,0,0,0,0,0,0,0,2026072001,2026072902,0-1730,CC-B-R12-S-Float,STAGE11-1200,dense,TARGET_ERRORS_REACHED,5
R12,-0.69999999999999996,-0.69999999999999996,2.3963016742589875,0.49019607843137253,0.58744877746976476,Float,0,0,0,2083,1477,200,0.0023635781725076014,0.096015362457993275,0.0022462022674322214,0.0024870722983244796,0.08409695205242311,0.10942108311681829,426.49947191550734,427.30000000000001,507.5,3630.6999999999998,4896,1024,58752,64672,0,0,0,0,0,0,0,0,2026072001,2026072902,0-2082,CC-B-R12-S-Float,STAGE11-1200,dense,TARGET_ERRORS_REACHED,5
R12,-0.59999999999999987,-0.59999999999999987,2.4963016742589881,0.49019607843137253,0.5740768107484413,Float,0,0,0,2465,1455,200,0.0019675456389452333,0.081135902636916835,0.0018691016479531759,0.002071163832037507,0.070997498599592326,0.092577791898647857,426.29115618661291,427.69999999999999,510.10000000000002,1921,4896,1024,58752,64672,0,0,0,0,0,0,0,0,2026072001,2026072902,0-2464,CC-B-R12-S-Float,STAGE11-1200,dense,TARGET_ERRORS_REACHED,5
R12,-0.5,-0.5,2.5963016742589877,0.49019607843137253,0.56100922715098167,Float,0,0,0,2830,1372,200,0.0016160188457008246,0.070671378091872794,0.0015328033196973824,0.0017037444138195256,0.061799890189033806,0.080706832466069522,424.9651590106015,429.60000000000002,506.39999999999998,1439.7,4896,1024,58752,64672,0,0,0,0,0,0,0,0,2026072001,2026072902,0-2829,CC-B-R12-S-Float,STAGE11-1200,dense,TARGET_ERRORS_REACHED,5
R12,-0.39999999999999991,-0.39999999999999991,2.6963016742589878,0.49019607843137253,0.54823909807159255,Float,0,0,0,3548,1378,200,0.0012946260804208944,0.056369785794813977,0.0012280919836275719,0.0013647598563640883,0.049249606577451061,0.064449572708208905,420.59515219842194,429.19999999999999,497.39999999999998,2479.5,4896,1024,58752,64672,0,0,0,0,0,0,0,0,2026072001,2026072902,0-3547,CC-B-R12-S-Float,STAGE11-1200,dense,TARGET_ERRORS_REACHED,5
R12,-0.29999999999999982,-0.29999999999999982,2.7963016742589879,0.49019607843137253,0.53575965261880321,Float,0,0,0,5159,1286,200,0.00083091038314918916,0.038767202946307422,0.00078673819513567524,0.00087756048386274435,0.033833587236070425,0.0443871875139914,426.67842605156,430.89999999999998,505.80000000000001,5446.8000000000002,4896,1024,58752,64672,0,0,0,0,0,0,0,0,2026072001,2026072902,0-5158,CC-B-R12-S-Float,STAGE11-1200,dense,TARGET_ERRORS_REACHED,5
R12,-0.19999999999999996,-0.19999999999999996,2.8963016742589875,0.49019607843137253,0.52356427402544969,Float,0,0,0,6961,1197,201,0.00057319350668007469,0.028875161614710529,0.00054163705356700866,0.00060658736244787554,0.025193722648928829,0.033076298459263388,428.21868984341239,432.39999999999998,507.69999999999999,1850.0999999999999,4896,1024,58752,64672,0,0,0,0,0,0,0,0,2026072001,2026072902,0-6960,CC-B-R12-S-Float,STAGE11-1200,dense,TARGET_ERRORS_REACHED,5
R12,-0.099999999999999867,-0.099999999999999867,2.9963016742589881,0.49019607843137253,0.51164649614037705,Float,0,0,0,8530,1200,201,0.00046893317702227433,0.023563892145369286,0.00044314678965814709,0.00049621931049210794,0.020552958223182968,0.027003755922380503,427.98026963657776,431.30000000000001,510.80000000000001,6089.8000000000002,4896,1024,58752,64672,0,0,0,0,0,0,0,0,2026072001,2026072902,0-8529,CC-B-R12-S-Float,STAGE11-1200,dense,TARGET_ERRORS_REACHED,5
R12,0,0,3.0963016742589877,0.49019607843137253,0.5,Float,0,0,0,10180,1145,200,0.00037491814014407334,0.019646365422396856,0.00035382548349199654,0.00039726769709974238,0.017126067203454876,0.022529053160865845,427.24693516699256,429.60000000000002,508.69999999999999,3183.1999999999998,4896,1024,58752,64672,0,0,0,0,0,0,0,0,2026072001,2026072902,0-10179,CC-B-R12-S-Float,STAGE11-1200,dense,TARGET_ERRORS_REACHED,5
R12,0.5,0.5,3.5963016742589877,0.49019607843137253,0.44562546906687278,Float,0,0,0,38219,889,200,7.7535606199359829e-05,0.0052329992935450957,7.2603737273004809e-05,8.2802462246795824e-05,0.0045577100655055163,0.0060077383262832533,400.99229964153943,394.60000000000002,519.10000000000002,40683.599999999999,4896,1024,58752,64672,0,0,0,0,0,0,0,0,2026072001,2026072902,0-38218,CC-B-R12-S-Float,STAGE11-1200,coarse,TARGET_ERRORS_REACHED,5
R12,1,1,4.0963016742589877,0.49019607843137253,0.39716411736214075,Float,0,0,0,50000,227,50,1.5133333333333333e-05,0.001,1.3288577776533677e-05,1.7234178328051884e-05,0.00075866356246956726,0.0013180060651271433,394.56875400000132,394.80000000000001,519.89999999999998,38933.699999999997,4896,1024,58752,64672,0,0,0,0,0,0,0,0,2026072001,2026072902,0-49999,CC-B-R12-S-Float,STAGE11-1200,coarse,MAX_FRAMES_REACHED,5
R12,1.5,1.5,4.5963016742589877,0.49019607843137253,0.35397289219206896,Float,0,0,0,50000,25,7,1.6666666666666667e-06,0.00013999999999999999,1.1289639272114893e-06,2.4604657415917013e-06,6.781887437968768e-05,0.00028898288924855225,395.18965400000377,395.69999999999999,518.10000000000002,43873,4896,1024,58752,64672,0,0,0,0,0,0,0,0,2026072001,2026072902,0-49999,CC-B-R12-S-Float,STAGE11-1200,coarse,MAX_FRAMES_REACHED,5
R12,2,2,5.0963016742589877,0.49019607843137253,0.31547867224009662,Float,0,0,0,50000,3,2,1.9999999999999999e-07,4.0000000000000003e-05,6.8018050835858217e-08,5.8807903585242071e-07,1.0969511301390302e-05,0.00014584761698167861,396.75463199999899,395.10000000000002,515.70000000000005,27473.799999999999,4896,1024,58752,64672,0,0,0,0,0,0,0,0,2026072001,2026072902,0-49999,CC-B-R12-S-Float,STAGE11-1200,coarse,MAX_FRAMES_REACHED,5
R12,2.5,2.5,5.5963016742589877,0.49019607843137253,0.28117066259517454,Float,0,0,0,50000,0,0,0,0,0,2.5609718912715457e-07,0,7.6823274145000517e-05,373.99792600000205,384.10000000000002,483.69999999999999,6803.3999999999996,4896,1024,58752,64672,0,0,0,0,0,0,0,0,2026072001,2026072902,0-49999,CC-B-R12-S-Float,STAGE11-1200,coarse,MAX_FRAMES_REACHED,5
R12,3,3,6.0963016742589877,0.49019607843137253,0.25059361681363618,Float,0,0,0,50000,0,0,0,0,0,2.5609718912715457e-07,0,7.6823274145000517e-05,365.03250200000002,381.5,478.5,14910.9,4896,1024,58752,64672,0,0,0,0,0,0,0,0,2026072001,2026072902,0-49999,CC-B-R12-S-Float,STAGE11-1200,coarse,MAX_FRAMES_REACHED,5
R12,3.5,3.5,6.5963016742589877,0.49019607843137253,0.22334179607548157,Float,0,0,0,50000,0,0,0,0,0,2.5609718912715457e-07,0,7.6823274145000517e-05,368.0264260000007,382,485.5,14701.299999999999,4896,1024,58752,64672,0,0,0,0,0,0,0,0,2026072001,2026072902,0-49999,CC-B-R12-S-Float,STAGE11-1200,coarse,MAX_FRAMES_REACHED,5
R12,4,4,7.0963016742589877,0.49019607843137253,0.19905358527674863,Float,0,0,0,50000,0,0,0,0,0,2.5609718912715457e-07,0,7.6823274145000517e-05,391.81667000000084,391.39999999999998,527.29999999999995,9180,4896,1024,58752,64672,0,0,0,0,0,0,0,0,2026072001,2026072902,0-49999,CC-B-R12-S-Float,STAGE11-1200,coarse,MAX_FRAMES_REACHED,5
R12,4.5,4.5,7.5963016742589877,0.49019607843137253,0.17740669461678774,Float,0,0,0,50000,0,0,0,0,0,2.5609718912715457e-07,0,7.6823274145000517e-05,422.46473599999905,413.39999999999998,612.29999999999995,14306.9,4896,1024,58752,64672,0,0,0,0,0,0,0,0,2026072001,2026072902,0-49999,CC-B-R12-S-Float,STAGE11-1200,coarse,MAX_FRAMES_REACHED,5
R12,5,5,8.0963016742589886,0.49019607843137253,0.15811388300841897,Float,0,0,0,50000,0,0,0,0,0,2.5609718912715457e-07,0,7.6823274145000517e-05,421.00365600000498,414.30000000000001,623.5,27073.400000000001,4896,1024,58752,64672,0,0,0,0,0,0,0,0,2026072001,2026072902,0-49999,CC-B-R12-S-Float,STAGE11-1200,coarse,MAX_FRAMES_REACHED,5
R12,5.5,5.5,8.5963016742589886,0.49019607843137253,0.14091914656322269,Float,0,0,0,50000,0,0,0,0,0,2.5609718912715457e-07,0,7.6823274145000517e-05,416.98977199999536,414,610.39999999999998,14883,4896,1024,58752,64672,0,0,0,0,0,0,0,0,2026072001,2026072902,0-49999,CC-B-R12-S-Float,STAGE11-1200,coarse,MAX_FRAMES_REACHED,5
R12,6,6,9.0963016742589886,0.49019607843137253,0.12559432157547901,Float,0,0,0,50000,0,0,0,0,0,2.5609718912715457e-07,0,7.6823274145000517e-05,407.10569399999713,411.10000000000002,602.10000000000002,20746.099999999999,4896,1024,58752,64672,0,0,0,0,0,0,0,0,2026072001,2026072902,0-49999,CC-B-R12-S-Float,STAGE11-1200,coarse,MAX_FRAMES_REACHED,5
R12,6.5,6.5,9.5963016742589886,0.49019607843137253,0.11193605692841696,Float,0,0,0,50000,0,0,0,0,0,2.5609718912715457e-07,0,7.6823274145000517e-05,372.07260999999909,359.19999999999999,537.20000000000005,20741.200000000001,4896,1024,58752,64672,0,0,0,0,0,0,0,0,2026072001,2026072902,0-49999,CC-B-R12-S-Float,STAGE11-1200,coarse,MAX_FRAMES_REACHED,5
R12,7,7,10.096301674258989,0.49019607843137253,0.099763115748444001,Float,0,0,0,50000,0,0,0,0,0,2.5609718912715457e-07,0,7.6823274145000517e-05,358.14200799999787,315.60000000000002,506.80000000000001,14587.5,4896,1024,58752,64672,0,0,0,0,0,0,0,0,2026072001,2026072902,0-49999,CC-B-R12-S-Float,STAGE11-1200,coarse,MAX_FRAMES_REACHED,5
R12,7.5,7.5,10.596301674258989,0.49019607843137253,0.088913970501946132,Float,0,0,0,50000,0,0,0,0,0,2.5609718912715457e-07,0,7.6823274145000517e-05,354.90761799999672,305.60000000000002,505.89999999999998,7063.5,4896,1024,58752,64672,0,0,0,0,0,0,0,0,2026072001,2026072902,0-49999,CC-B-R12-S-Float,STAGE11-1200,coarse,MAX_FRAMES_REACHED,5
R12,8,8,11.096301674258989,0.49019607843137253,0.079244659623055658,Float,0,0,0,50000,0,0,0,0,0,2.5609718912715457e-07,0,7.6823274145000517e-05,354.52100800000318,299.30000000000001,504.80000000000001,18354.5,4896,1024,58752,64672,0,0,0,0,0,0,0,0,2026072001,2026072902,0-49999,CC-B-R12-S-Float,STAGE11-1200,coarse,MAX_FRAMES_REACHED,5
R12,8.5,8.5,11.596301674258989,0.49019607843137253,0.070626877231137725,Float,0,0,0,50000,0,0,0,0,0,2.5609718912715457e-07,0,7.6823274145000517e-05,416.30040400000212,402.60000000000002,642.5,38814.900000000001,4896,1024,58752,64672,0,0,0,0,0,0,0,0,2026072001,2026072902,0-49999,CC-B-R12-S-Float,STAGE11-1200,coarse,MAX_FRAMES_REACHED,5
R12,9,9,12.096301674258989,0.49019607843137253,0.06294627058970835,Float,0,0,0,50000,0,0,0,0,0,2.5609718912715457e-07,0,7.6823274145000517e-05,455.35202199999975,419.69999999999999,708.29999999999995,65124.699999999997,4896,1024,58752,64672,0,0,0,0,0,0,0,0,2026072001,2026072902,0-49999,CC-B-R12-S-Float,STAGE11-1200,coarse,MAX_FRAMES_REACHED,5
R12,9.5,9.5,12.596301674258989,0.49019607843137253,0.05610092271509818,Float,0,0,0,50000,0,0,0,0,0,2.5609718912715457e-07,0,7.6823274145000517e-05,458.1758719999965,421.10000000000002,726.79999999999995,49954.5,4896,1024,58752,64672,0,0,0,0,0,0,0,0,2026072001,2026072902,0-49999,CC-B-R12-S-Float,STAGE11-1200,coarse,MAX_FRAMES_REACHED,5
R12,10,10,13.096301674258989,0.49019607843137253,0.050000000000000003,Float,0,0,0,50000,0,0,0,0,0,2.5609718912715457e-07,0,7.6823274145000517e-05,483.95619599999429,431.5,766.20000000000005,34985.900000000001,4896,1024,58752,64672,0,0,0,0,0,0,0,0,2026072001,2026072902,0-49999,CC-B-R12-S-Float,STAGE11-1200,coarse,MAX_FRAMES_REACHED,5
