schemaVersion,stage,channelType,caseName,organization,decoderType,payloadLength,encodedLength,frameRate,sourcePayloadEbN0Db,snrDb,noisePolicyVersion,initialPhaseDeg,frameRotationDeg,compensationMode,attenuationDb,completeBlockage,blockageLength,blockageStartPolicy,burstMode,burstLength,burstStartPolicy,burstInjectionDomain,backgroundAwgnEnabled,processedFrames,processedPayloadBits,channelHardBitErrors,channelHardFrameErrors,channelHardBER,decodedBitErrors,decodedFrameErrors,BER,FER,trueSuccessFrames,trueSuccessRate,reportedSuccessFrames,reportedSuccessRate,miscorrectedFrames,miscorrectionRate,decoderFailureFrames,decoderFailureRate,avgDecodeTimeUs,p50DecodeTimeUs,p95DecodeTimeUs,p99DecodeTimeUs,maxDecodeTimeUs,avgTotalReceiverTimeUs,minFrames,targetFrameErrors,maxFrames,stopReason,checkpointCount,resumeCount,shardIndex,shardCount,configHash,gitCommit
bch.s2.impairment.result.v1,S2_05,RESIDUAL_CFO,BCH-S200,SEGMENTED,SYNDROME_LOOKUP,200,285,0.70175438596491224,5.2999999999999998,3.7618513565547094,2,0,30,NONE,0,0,1,UNIFORM_RANDOM,PURE,1,UNIFORM_RANDOM,POST_HARD_DECISION_BIT_FLIP,1,5000,1000000,27037,4971,0.018973333333333332,6502,2269,0.006502,0.45379999999999998,2731,0.54620000000000002,5000,1,2269,0.45379999999999998,0,0,16.742379999999986,13.300000000000001,27.199999999999999,47.906000000000127,155.69999999999999,68.094600000000199,5000,200,50000,TARGET_FRAME_ERRORS_REACHED,0,0,0,1,93f772612f22c3ddcf294c3caf2780aa44443f12d72100546791c1f04b0dfc06,WORKTREE
bch.s2.impairment.result.v1,S2_05,RESIDUAL_CFO,BCH-S200,SEGMENTED,SYNDROME_LOOKUP,200,285,0.70175438596491224,5.2999999999999998,3.7618513565547094,2,45,30,NONE,0,0,1,UNIFORM_RANDOM,PURE,1,UNIFORM_RANDOM,POST_HARD_DECISION_BIT_FLIP,1,5000,1000000,213960,5000,0.15014736842105264,156484,5000,0.15648400000000001,1,0,0,5000,1,5000,1,0,0,30.66162000000006,22.699999999999999,48.71500000000006,179.82300000000052,3956.5999999999999,105.24398000000012,5000,200,50000,TARGET_FRAME_ERRORS_REACHED,0,0,0,1,5821de4a611986a8949d78e953d54e69ea78d34e6b2b3447a102bdb6bf5f8cdd,WORKTREE
bch.s2.impairment.result.v1,S2_05,RESIDUAL_CFO,BCH-S200,SEGMENTED,SYNDROME_LOOKUP,200,285,0.70175438596491224,5.2999999999999998,3.7618513565547094,2,90,30,NONE,0,0,1,UNIFORM_RANDOM,PURE,1,UNIFORM_RANDOM,POST_HARD_DECISION_BIT_FLIP,1,5000,1000000,1001814,5000,0.70302736842105262,673623,5000,0.67362299999999997,1,0,0,5000,1,5000,1,0,0,23.746339999999968,21.5,33.299999999999997,75.516000000000346,1514.2,84.921660000000017,5000,200,50000,TARGET_FRAME_ERRORS_REACHED,0,0,0,1,0df55068f72626affeb7b91f1001e98cc068ce40e7ef81b04d3f195de7afa94d,WORKTREE
bch.s2.impairment.result.v1,S2_05,RESIDUAL_CFO,BCH-S200,SEGMENTED,SYNDROME_LOOKUP,200,285,0.70175438596491224,5.2999999999999998,3.7618513565547094,2,135,30,NONE,0,0,1,UNIFORM_RANDOM,PURE,1,UNIFORM_RANDOM,POST_HARD_DECISION_BIT_FLIP,1,5000,1000000,1378751,5000,0.96754456140350875,980510,5000,0.98050999999999999,1,0,0,5000,1,5000,1,0,0,19.334840000000032,18.5,29.205000000000016,70.00400000000009,539.10000000000002,77.050080000000065,5000,200,50000,TARGET_FRAME_ERRORS_REACHED,0,0,0,1,9dea6ae18ef66b7522feaab45f765f247129e0f2a50ce35149548d908a2f64e7,WORKTREE
bch.s2.impairment.result.v1,S2_05,RESIDUAL_CFO,BCH-S200,SEGMENTED,SYNDROME_LOOKUP,200,285,0.70175438596491224,5.5,3.9618513565547095,2,0,30,NONE,0,0,1,UNIFORM_RANDOM,PURE,1,UNIFORM_RANDOM,POST_HARD_DECISION_BIT_FLIP,1,5000,1000000,23880,4959,0.016757894736842104,5154,1897,0.0051539999999999997,0.37940000000000002,3103,0.62060000000000004,5000,1,1897,0.37940000000000002,0,0,30.233800000000034,20.800000000000001,53.705000000000027,216.29200000000199,5982.1000000000004,102.46469999999999,5000,200,50000,TARGET_FRAME_ERRORS_REACHED,0,0,0,1,9404bfffb56775e80163f3928650e3f602d9e362fcab70f7b3e0fe90536db7e8,WORKTREE
bch.s2.impairment.result.v1,S2_05,RESIDUAL_CFO,BCH-S200,SEGMENTED,SYNDROME_LOOKUP,200,285,0.70175438596491224,5.5,3.9618513565547095,2,45,30,NONE,0,0,1,UNIFORM_RANDOM,PURE,1,UNIFORM_RANDOM,POST_HARD_DECISION_BIT_FLIP,1,5000,1000000,206440,5000,0.14487017543859648,149557,5000,0.149557,1,0,0,5000,1,5000,1,0,0,21.014600000000016,20.199999999999999,30.100000000000001,69.933000000000717,373.89999999999998,78.300240000000045,5000,200,50000,TARGET_FRAME_ERRORS_REACHED,0,0,0,1,4b2440f5db5b2349d35809524c06f7fd906d307a58e42ab915dd86d53b9609db,WORKTREE
bch.s2.impairment.result.v1,S2_05,RESIDUAL_CFO,BCH-S200,SEGMENTED,SYNDROME_LOOKUP,200,285,0.70175438596491224,5.5,3.9618513565547095,2,90,30,NONE,0,0,1,UNIFORM_RANDOM,PURE,1,UNIFORM_RANDOM,POST_HARD_DECISION_BIT_FLIP,1,5000,1000000,1006901,5000,0.70659719298245616,677658,5000,0.67765799999999998,1,0,0,5000,1,5000,1,0,0,23.052179999999986,21.699999999999999,33.200000000000003,85.917000000000371,650.5,85.191140000000132,5000,200,50000,TARGET_FRAME_ERRORS_REACHED,0,0,0,1,c613411c59104e77d169c748855cb599dad39bb53f1975f106977624000d55d8,WORKTREE
bch.s2.impairment.result.v1,S2_05,RESIDUAL_CFO,BCH-S200,SEGMENTED,SYNDROME_LOOKUP,200,285,0.70175438596491224,5.5,3.9618513565547095,2,135,30,NONE,0,0,1,UNIFORM_RANDOM,PURE,1,UNIFORM_RANDOM,POST_HARD_DECISION_BIT_FLIP,1,5000,1000000,1382619,5000,0.970258947368421,983117,5000,0.98311700000000002,1,0,0,5000,1,5000,1,0,0,26.942920000000111,20.800000000000001,36.605000000000018,139.50400000000008,4446.3000000000002,96.281899999999681,5000,200,50000,TARGET_FRAME_ERRORS_REACHED,0,0,0,1,ea128983179a6c89c5b6ff97aa774214fd95c2406770f06dc939fc9265f01319,WORKTREE
bch.s2.impairment.result.v1,S2_05,RESIDUAL_CFO,BCH-S200,SEGMENTED,SYNDROME_LOOKUP,200,285,0.70175438596491224,5.7000000000000002,4.1618513565547097,2,0,30,NONE,0,0,1,UNIFORM_RANDOM,PURE,1,UNIFORM_RANDOM,POST_HARD_DECISION_BIT_FLIP,1,5000,1000000,21221,4936,0.014891929824561403,4124,1612,0.0041240000000000001,0.32240000000000002,3388,0.67759999999999998,5000,1,1612,0.32240000000000002,0,0,18.441859999999942,18.199999999999999,27.100000000000001,53.328000000000607,577.10000000000002,70.956979999999874,5000,200,50000,TARGET_FRAME_ERRORS_REACHED,0,0,0,1,51793a8f26961c2679eb7bcd434ae1e57eda3290057e48254e81aa9d805b0ea7,WORKTREE
bch.s2.impairment.result.v1,S2_05,RESIDUAL_CFO,BCH-S200,SEGMENTED,SYNDROME_LOOKUP,200,285,0.70175438596491224,5.7000000000000002,4.1618513565547097,2,45,30,NONE,0,0,1,UNIFORM_RANDOM,PURE,1,UNIFORM_RANDOM,POST_HARD_DECISION_BIT_FLIP,1,5000,1000000,199166,5000,0.13976561403508772,143072,5000,0.143072,1,0,0,5000,1,5000,1,0,0,21.140760000000007,20.699999999999999,29.300000000000001,60.217000000000375,710,78.896540000000172,5000,200,50000,TARGET_FRAME_ERRORS_REACHED,0,0,0,1,239158b6702921950ce01c9cf89e0489192077190f4e929ccab4296394797101,WORKTREE
bch.s2.impairment.result.v1,S2_05,RESIDUAL_CFO,BCH-S200,SEGMENTED,SYNDROME_LOOKUP,200,285,0.70175438596491224,5.7000000000000002,4.1618513565547097,2,90,30,NONE,0,0,1,UNIFORM_RANDOM,PURE,1,UNIFORM_RANDOM,POST_HARD_DECISION_BIT_FLIP,1,5000,1000000,1011021,5000,0.70948842105263155,680531,5000,0.680531,1,0,0,5000,1,5000,1,0,0,33.637680000000039,23.800000000000001,60.115000000000059,224.04100000000091,1586.7,111.11101999999993,5000,200,50000,TARGET_FRAME_ERRORS_REACHED,0,0,0,1,94a5b4f9763487b28914a6dc9c5482a235244e39b537a2f99ededef0cd66de23,WORKTREE
bch.s2.impairment.result.v1,S2_05,RESIDUAL_CFO,BCH-S200,SEGMENTED,SYNDROME_LOOKUP,200,285,0.70175438596491224,5.7000000000000002,4.1618513565547097,2,135,30,NONE,0,0,1,UNIFORM_RANDOM,PURE,1,UNIFORM_RANDOM,POST_HARD_DECISION_BIT_FLIP,1,5000,1000000,1386228,5000,0.97279157894736845,985482,5000,0.98548199999999997,1,0,0,5000,1,5000,1,0,0,20.422159999999973,19.399999999999999,28.105000000000022,65.602000000000046,867.60000000000002,79.214759999999913,5000,200,50000,TARGET_FRAME_ERRORS_REACHED,0,0,0,1,cde553bd01d671de25a9c508df215fba1cacbc67c69aff88f30e20e9ebaf324e,WORKTREE
bch.s2.impairment.result.v1,S2_05,RESIDUAL_CFO,BCH-S200,SEGMENTED,SYNDROME_LOOKUP,200,285,0.70175438596491224,5.9000000000000004,4.3618513565547099,2,0,30,NONE,0,0,1,UNIFORM_RANDOM,PURE,1,UNIFORM_RANDOM,POST_HARD_DECISION_BIT_FLIP,1,5000,1000000,18831,4883,0.013214736842105263,3354,1307,0.0033540000000000002,0.26140000000000002,3693,0.73860000000000003,5000,1,1307,0.26140000000000002,0,0,18.501480000000036,18.199999999999999,26.300000000000001,53.511000000000237,617.10000000000002,70.845459999999946,5000,200,50000,TARGET_FRAME_ERRORS_REACHED,0,0,0,1,0b6ffcd39fe53dedad7ad55a5c54327edd162b4c5f0bfff037463777f80ba4fd,WORKTREE
bch.s2.impairment.result.v1,S2_05,RESIDUAL_CFO,BCH-S200,SEGMENTED,SYNDROME_LOOKUP,200,285,0.70175438596491224,5.9000000000000004,4.3618513565547099,2,45,30,NONE,0,0,1,UNIFORM_RANDOM,PURE,1,UNIFORM_RANDOM,POST_HARD_DECISION_BIT_FLIP,1,5000,1000000,192552,5000,0.13512421052631579,138237,5000,0.138237,1,0,0,5000,1,5000,1,0,0,20.883539999999975,18.300000000000001,31.300000000000001,66.299999999999997,869.29999999999995,78.731720000000081,5000,200,50000,TARGET_FRAME_ERRORS_REACHED,0,0,0,1,cd1505ad5aca1e813a4f157c84acdb19e7937cf52e3fde892f6dcec022f80943,WORKTREE
bch.s2.impairment.result.v1,S2_05,RESIDUAL_CFO,BCH-S200,SEGMENTED,SYNDROME_LOOKUP,200,285,0.70175438596491224,5.9000000000000004,4.3618513565547099,2,90,30,NONE,0,0,1,UNIFORM_RANDOM,PURE,1,UNIFORM_RANDOM,POST_HARD_DECISION_BIT_FLIP,1,5000,1000000,1017735,5000,0.71419999999999995,685990,5000,0.68598999999999999,1,0,0,5000,1,5000,1,0,0,19.909540000000089,16.399999999999999,31.405000000000015,60.714000000000304,418.39999999999998,76.505440000000235,5000,200,50000,TARGET_FRAME_ERRORS_REACHED,0,0,0,1,e03e84b44d88fa97f08d99aa19bbd3ee6df088acd81620f70b2926f9a518b35a,WORKTREE
bch.s2.impairment.result.v1,S2_05,RESIDUAL_CFO,BCH-S200,SEGMENTED,SYNDROME_LOOKUP,200,285,0.70175438596491224,5.9000000000000004,4.3618513565547099,2,135,30,NONE,0,0,1,UNIFORM_RANDOM,PURE,1,UNIFORM_RANDOM,POST_HARD_DECISION_BIT_FLIP,1,5000,1000000,1390097,5000,0.97550666666666663,987639,5000,0.98763900000000004,1,0,0,5000,1,5000,1,0,0,18.591500000000025,15,29.899999999999999,57.202000000000048,298.19999999999999,75.339120000000079,5000,200,50000,TARGET_FRAME_ERRORS_REACHED,0,0,0,1,ebb8b203748620722bab2b48f7f1f6c2f1ff9219d1f50addb6ec6b3768bf52ab,WORKTREE
bch.s2.impairment.result.v1,S2_05,RESIDUAL_CFO,BCH-S200,SEGMENTED,SYNDROME_LOOKUP,200,285,0.70175438596491224,6.0999999999999996,4.5618513565547092,2,0,30,NONE,0,0,1,UNIFORM_RANDOM,PURE,1,UNIFORM_RANDOM,POST_HARD_DECISION_BIT_FLIP,1,5000,1000000,16306,4812,0.01144280701754386,2612,1079,0.0026120000000000002,0.21579999999999999,3921,0.78420000000000001,5000,1,1079,0.21579999999999999,0,0,17.679739999999967,14.699999999999999,27.800000000000001,49.106000000000137,2412.6999999999998,69.252039999999852,5000,200,50000,TARGET_FRAME_ERRORS_REACHED,0,0,0,1,3ded89f9c13dd5ccfc2bfe0c5e867dedf88ace3855fc1a3d6be18994731e152d,WORKTREE
bch.s2.impairment.result.v1,S2_05,RESIDUAL_CFO,BCH-S200,SEGMENTED,SYNDROME_LOOKUP,200,285,0.70175438596491224,6.0999999999999996,4.5618513565547092,2,45,30,NONE,0,0,1,UNIFORM_RANDOM,PURE,1,UNIFORM_RANDOM,POST_HARD_DECISION_BIT_FLIP,1,5000,1000000,184586,5000,0.1295340350877193,130583,5000,0.130583,1,0,0,5000,1,5000,1,0,0,21.25039999999996,21,31.199999999999999,58.907000000000146,715.20000000000005,79.262039999999985,5000,200,50000,TARGET_FRAME_ERRORS_REACHED,0,0,0,1,5b50287560683ff6a77e706deb4877d1c6df7e87259846e0447f542b2b4bc2b7,WORKTREE
bch.s2.impairment.result.v1,S2_05,RESIDUAL_CFO,BCH-S200,SEGMENTED,SYNDROME_LOOKUP,200,285,0.70175438596491224,6.0999999999999996,4.5618513565547092,2,90,30,NONE,0,0,1,UNIFORM_RANDOM,PURE,1,UNIFORM_RANDOM,POST_HARD_DECISION_BIT_FLIP,1,5000,1000000,1022898,5000,0.71782315789473683,688528,5000,0.68852800000000003,1,0,0,5000,1,5000,1,0,0,19.259559999999961,15,29.100000000000001,59.602000000000046,661.29999999999995,73.751940000000047,5000,200,50000,TARGET_FRAME_ERRORS_REACHED,0,0,0,1,611c108e963282475f9a449c3745d24b60f4d1968b6d7c82ac3497cd1a97c4ca,WORKTREE
bch.s2.impairment.result.v1,S2_05,RESIDUAL_CFO,BCH-S200,SEGMENTED,SYNDROME_LOOKUP,200,285,0.70175438596491224,6.0999999999999996,4.5618513565547092,2,135,30,NONE,0,0,1,UNIFORM_RANDOM,PURE,1,UNIFORM_RANDOM,POST_HARD_DECISION_BIT_FLIP,1,5000,1000000,1393256,5000,0.97772350877192982,989408,5000,0.98940799999999995,1,0,0,5000,1,5000,1,0,0,17.624620000000039,13.699999999999999,27.100000000000001,57.101000000000028,866,73.15310000000018,5000,200,50000,TARGET_FRAME_ERRORS_REACHED,0,0,0,1,49476c047fc2149dd7e062f06163667d3a5b94cc075627ac974d302e9d58dfff,WORKTREE
bch.s2.impairment.result.v1,S2_05,RESIDUAL_CFO,BCH-S200,SEGMENTED,SYNDROME_LOOKUP,200,285,0.70175438596491224,6.2999999999999998,4.7618513565547094,2,0,30,NONE,0,0,1,UNIFORM_RANDOM,PURE,1,UNIFORM_RANDOM,POST_HARD_DECISION_BIT_FLIP,1,5000,1000000,14281,4718,0.010021754385964912,1947,829,0.0019469999999999999,0.1658,4171,0.83420000000000005,5000,1,829,0.1658,0,0,17.135840000000002,17.600000000000001,24.5,41.316000000000351,311,67.875180000000057,5000,200,50000,TARGET_FRAME_ERRORS_REACHED,0,0,0,1,a61e295bd495500bbc0cdc51dff79cf063e06df376c02f6c07e024abd99e8f0b,WORKTREE
bch.s2.impairment.result.v1,S2_05,RESIDUAL_CFO,BCH-S200,SEGMENTED,SYNDROME_LOOKUP,200,285,0.70175438596491224,6.2999999999999998,4.7618513565547094,2,45,30,NONE,0,0,1,UNIFORM_RANDOM,PURE,1,UNIFORM_RANDOM,POST_HARD_DECISION_BIT_FLIP,1,5000,1000000,177331,5000,0.12444280701754386,124647,5000,0.12464699999999999,1,0,0,5000,1,5000,1,0,0,19.218759999999993,18.5,27.199999999999999,48.006000000000128,336.39999999999998,73.98202000000029,5000,200,50000,TARGET_FRAME_ERRORS_REACHED,0,0,0,1,7d0f0dbdc801354067bb11061fa245606d64ef795e61d6d978945513828fcaf1,WORKTREE
bch.s2.impairment.result.v1,S2_05,RESIDUAL_CFO,BCH-S200,SEGMENTED,SYNDROME_LOOKUP,200,285,0.70175438596491224,6.2999999999999998,4.7618513565547094,2,90,30,NONE,0,0,1,UNIFORM_RANDOM,PURE,1,UNIFORM_RANDOM,POST_HARD_DECISION_BIT_FLIP,1,5000,1000000,1028989,5000,0.72209754385964908,693012,5000,0.69301199999999996,1,0,0,5000,1,5000,1,0,0,19.925300000000018,18.350000000000001,28.5,57.603000000000073,591.79999999999995,75.28629999999977,5000,200,50000,TARGET_FRAME_ERRORS_REACHED,0,0,0,1,096b1131775ba47cf23747525dcfab7ad0d025ac28dd6cc857a6fd3b9d34d889,WORKTREE
bch.s2.impairment.result.v1,S2_05,RESIDUAL_CFO,BCH-S200,SEGMENTED,SYNDROME_LOOKUP,200,285,0.70175438596491224,6.2999999999999998,4.7618513565547094,2,135,30,NONE,0,0,1,UNIFORM_RANDOM,PURE,1,UNIFORM_RANDOM,POST_HARD_DECISION_BIT_FLIP,1,5000,1000000,1397114,5000,0.9804308771929825,991557,5000,0.99155700000000002,1,0,0,5000,1,5000,1,0,0,17.220199999999963,15.75,26.005000000000017,48.00400000000009,367.60000000000002,71.691900000000132,5000,200,50000,TARGET_FRAME_ERRORS_REACHED,0,0,0,1,01bea8b3cf7cb87087eff63811c58118531932f127e2685629be42f524f605c6,WORKTREE
bch.s2.impairment.result.v1,S2_05,RESIDUAL_CFO,BCH-S200,SEGMENTED,SYNDROME_LOOKUP,200,285,0.70175438596491224,6.5,4.9618513565547095,2,0,30,NONE,0,0,1,UNIFORM_RANDOM,PURE,1,UNIFORM_RANDOM,POST_HARD_DECISION_BIT_FLIP,1,5000,1000000,12329,4582,0.0086519298245614027,1437,629,0.0014369999999999999,0.1258,4371,0.87419999999999998,5000,1,629,0.1258,0,0,17.221080000000029,14.9,25.605000000000022,55.201000000000022,428,68.318679999999958,5000,200,50000,TARGET_FRAME_ERRORS_REACHED,0,0,0,1,29a94af110731ca173f407034ae599fc0806ffc912ba24e6982a277e2147b2cc,WORKTREE
bch.s2.impairment.result.v1,S2_05,RESIDUAL_CFO,BCH-S200,SEGMENTED,SYNDROME_LOOKUP,200,285,0.70175438596491224,6.5,4.9618513565547095,2,45,30,NONE,0,0,1,UNIFORM_RANDOM,PURE,1,UNIFORM_RANDOM,POST_HARD_DECISION_BIT_FLIP,1,5000,1000000,170368,5000,0.11955649122807017,118318,5000,0.11831800000000001,1,0,0,5000,1,5000,1,0,0,20.962300000000049,19.800000000000001,30.199999999999999,58.299999999999997,1068,79.964380000000148,5000,200,50000,TARGET_FRAME_ERRORS_REACHED,0,0,0,1,a332bafd3e43e30f0f2f7151ff02f1fc615453bae8a622e01bb7bfc88a5e1525,WORKTREE
bch.s2.impairment.result.v1,S2_05,RESIDUAL_CFO,BCH-S200,SEGMENTED,SYNDROME_LOOKUP,200,285,0.70175438596491224,6.5,4.9618513565547095,2,90,30,NONE,0,0,1,UNIFORM_RANDOM,PURE,1,UNIFORM_RANDOM,POST_HARD_DECISION_BIT_FLIP,1,5000,1000000,1034297,5000,0.7258224561403509,697203,5000,0.69720300000000002,1,0,0,5000,1,5000,1,0,0,21.649240000000017,21.300000000000001,31,66.601000000000013,605.39999999999998,79.81260000000006,5000,200,50000,TARGET_FRAME_ERRORS_REACHED,0,0,0,1,87fd9cb90062ad2c76f825ce754d0065a6e43b757acf11edda0e1ecf2fdabeb4,WORKTREE
bch.s2.impairment.result.v1,S2_05,RESIDUAL_CFO,BCH-S200,SEGMENTED,SYNDROME_LOOKUP,200,285,0.70175438596491224,6.5,4.9618513565547095,2,135,30,NONE,0,0,1,UNIFORM_RANDOM,PURE,1,UNIFORM_RANDOM,POST_HARD_DECISION_BIT_FLIP,1,5000,1000000,1399645,5000,0.98220701754385964,992782,5000,0.99278200000000005,1,0,0,5000,1,5000,1,0,0,17.902260000000005,16.699999999999999,27.605000000000022,58.806000000000132,626.79999999999995,74.09190000000001,5000,200,50000,TARGET_FRAME_ERRORS_REACHED,0,0,0,1,51e8b92c99666154d0e8430fd962a5f667321dce1e801996a9a2dc132d88fce6,WORKTREE
bch.s2.impairment.result.v1,S2_05,RESIDUAL_CFO,BCH-S200,SEGMENTED,SYNDROME_LOOKUP,200,285,0.70175438596491224,6.7000000000000002,5.1618513565547097,2,0,30,NONE,0,0,1,UNIFORM_RANDOM,PURE,1,UNIFORM_RANDOM,POST_HARD_DECISION_BIT_FLIP,1,5000,1000000,10808,4426,0.0075845614035087716,1123,475,0.0011230000000000001,0.095000000000000001,4525,0.90500000000000003,5000,1,475,0.095000000000000001,0,0,18.096159999999951,15.800000000000001,28,57.402000000000037,840.39999999999998,73.819460000000049,5000,200,50000,TARGET_FRAME_ERRORS_REACHED,0,0,0,1,87977feba29529a6a563bc0787e88312eb27bb6ecce0db021a6b2f781f80d44b,WORKTREE
bch.s2.impairment.result.v1,S2_05,RESIDUAL_CFO,BCH-S200,SEGMENTED,SYNDROME_LOOKUP,200,285,0.70175438596491224,6.7000000000000002,5.1618513565547097,2,45,30,NONE,0,0,1,UNIFORM_RANDOM,PURE,1,UNIFORM_RANDOM,POST_HARD_DECISION_BIT_FLIP,1,5000,1000000,164382,5000,0.11535578947368422,112900,5000,0.1129,1,0,0,5000,1,5000,1,0,0,21.475979999999993,19.5,31.905000000000015,70.605000000000103,571.60000000000002,81.710319999999996,5000,200,50000,TARGET_FRAME_ERRORS_REACHED,0,0,0,1,c46a32c5ee30ff48f4f891167cc5ec8a12d06109307e15ff8feac2cafa8805b1,WORKTREE
bch.s2.impairment.result.v1,S2_05,RESIDUAL_CFO,BCH-S200,SEGMENTED,SYNDROME_LOOKUP,200,285,0.70175438596491224,6.7000000000000002,5.1618513565547097,2,90,30,NONE,0,0,1,UNIFORM_RANDOM,PURE,1,UNIFORM_RANDOM,POST_HARD_DECISION_BIT_FLIP,1,5000,1000000,1040872,5000,0.73043649122807019,701815,5000,0.70181499999999997,1,0,0,5000,1,5000,1,0,0,21.753040000000013,20.300000000000001,32.600000000000001,64.909000000000205,892.5,79.166699999999878,5000,200,50000,TARGET_FRAME_ERRORS_REACHED,0,0,0,1,5ea862906a290afb21d03c74e4d2360e6f7a423e4eaae802e4f29da8c0f968cd,WORKTREE
bch.s2.impairment.result.v1,S2_05,RESIDUAL_CFO,BCH-S200,SEGMENTED,SYNDROME_LOOKUP,200,285,0.70175438596491224,6.7000000000000002,5.1618513565547097,2,135,30,NONE,0,0,1,UNIFORM_RANDOM,PURE,1,UNIFORM_RANDOM,POST_HARD_DECISION_BIT_FLIP,1,5000,1000000,1402711,5000,0.98435859649122803,994250,5000,0.99424999999999997,1,0,0,5000,1,5000,1,0,0,19.798080000000006,18.600000000000001,29.600000000000001,65.5,752.20000000000005,79.547079999999838,5000,200,50000,TARGET_FRAME_ERRORS_REACHED,0,0,0,1,53d5e4875824fbfdc164eabe8cc179433a1bf8b51f4760c43fc675a671e5cf07,WORKTREE
bch.s2.impairment.result.v1,S2_05,RESIDUAL_CFO,BCH-S200,SEGMENTED,SYNDROME_LOOKUP,200,285,0.70175438596491224,6.9000000000000004,5.3618513565547099,2,0,30,NONE,0,0,1,UNIFORM_RANDOM,PURE,1,UNIFORM_RANDOM,POST_HARD_DECISION_BIT_FLIP,1,5000,1000000,9146,4196,0.0064182456140350879,810,359,0.00080999999999999996,0.071800000000000003,4641,0.92820000000000003,5000,1,359,0.071800000000000003,0,0,31.902780000000039,21.399999999999999,58.600000000000001,233.62100000000265,3203.5,110.55742000000016,5000,200,50000,TARGET_FRAME_ERRORS_REACHED,0,0,0,1,aafe942ac9d0169418e7e8ff58dab33aca947d783ebdccb77a0c685825a7028e,WORKTREE
bch.s2.impairment.result.v1,S2_05,RESIDUAL_CFO,BCH-S200,SEGMENTED,SYNDROME_LOOKUP,200,285,0.70175438596491224,6.9000000000000004,5.3618513565547099,2,45,30,NONE,0,0,1,UNIFORM_RANDOM,PURE,1,UNIFORM_RANDOM,POST_HARD_DECISION_BIT_FLIP,1,5000,1000000,156847,5000,0.1100680701754386,106498,5000,0.106498,1,0,0,5000,1,5000,1,0,0,25.322000000000056,21.800000000000001,34.705000000000027,118.61000000000021,1419.5,90.535699999999935,5000,200,50000,TARGET_FRAME_ERRORS_REACHED,0,0,0,1,474227d04d3f1403666ed32bdc707a582d2f78ddf8e3092a914cd1726bb049e0,WORKTREE
bch.s2.impairment.result.v1,S2_05,RESIDUAL_CFO,BCH-S200,SEGMENTED,SYNDROME_LOOKUP,200,285,0.70175438596491224,6.9000000000000004,5.3618513565547099,2,90,30,NONE,0,0,1,UNIFORM_RANDOM,PURE,1,UNIFORM_RANDOM,POST_HARD_DECISION_BIT_FLIP,1,5000,1000000,1046142,5000,0.73413473684210528,705802,5000,0.70580200000000004,1,0,0,5000,1,5000,1,0,0,22.411599999999986,20.800000000000001,32.899999999999999,82.208000000000183,977,82.83431999999992,5000,200,50000,TARGET_FRAME_ERRORS_REACHED,0,0,0,1,11f88887e7485bb9e683a985353ac3a657d5e9a8e5c4f896d5f0c45a5d0e6918,WORKTREE
bch.s2.impairment.result.v1,S2_05,RESIDUAL_CFO,BCH-S200,SEGMENTED,SYNDROME_LOOKUP,200,285,0.70175438596491224,6.9000000000000004,5.3618513565547099,2,135,30,NONE,0,0,1,UNIFORM_RANDOM,PURE,1,UNIFORM_RANDOM,POST_HARD_DECISION_BIT_FLIP,1,5000,1000000,1405205,5000,0.9861087719298246,995320,5000,0.99531999999999998,1,0,0,5000,1,5000,1,0,0,29.934839999999998,20.300000000000001,38.710000000000043,168.91400000000033,4264.6000000000004,103.11128000000009,5000,200,50000,TARGET_FRAME_ERRORS_REACHED,0,0,0,1,d8cc99d31f08397306c63434216dc798d56e57cac42a65b039954945f84d0e78,WORKTREE
bch.s2.impairment.result.v1,S2_05,RESIDUAL_CFO,BCH-S200,SEGMENTED,SYNDROME_LOOKUP,200,285,0.70175438596491224,7.0999999999999996,5.5618513565547092,2,0,30,NONE,0,0,1,UNIFORM_RANDOM,PURE,1,UNIFORM_RANDOM,POST_HARD_DECISION_BIT_FLIP,1,5000,1000000,7767,3969,0.0054505263157894734,629,283,0.000629,0.056599999999999998,4717,0.94340000000000002,5000,1,283,0.056599999999999998,0,0,24.760520000000049,19.600000000000001,31.399999999999999,89.805000000000106,6309,86.583540000000113,5000,200,50000,TARGET_FRAME_ERRORS_REACHED,0,0,0,1,4a7dc79cd5e3bdfc1bbe53771cbdfd5b8b968d66344446775378b418222de77e,WORKTREE
bch.s2.impairment.result.v1,S2_05,RESIDUAL_CFO,BCH-S200,SEGMENTED,SYNDROME_LOOKUP,200,285,0.70175438596491224,7.0999999999999996,5.5618513565547092,2,45,30,NONE,0,0,1,UNIFORM_RANDOM,PURE,1,UNIFORM_RANDOM,POST_HARD_DECISION_BIT_FLIP,1,5000,1000000,151103,5000,0.10603719298245615,102086,5000,0.102086,1,0,0,5000,1,5000,1,0,0,20.410560000000036,20.199999999999999,28.600000000000001,58.010000000000218,457.39999999999998,78.070640000000338,5000,200,50000,TARGET_FRAME_ERRORS_REACHED,0,0,0,1,9a0d9dd295b9a10dd39cc9dfc9e316f5205a892df3c11f27a23beb01ae8eb74d,WORKTREE
bch.s2.impairment.result.v1,S2_05,RESIDUAL_CFO,BCH-S200,SEGMENTED,SYNDROME_LOOKUP,200,285,0.70175438596491224,7.0999999999999996,5.5618513565547092,2,90,30,NONE,0,0,1,UNIFORM_RANDOM,PURE,1,UNIFORM_RANDOM,POST_HARD_DECISION_BIT_FLIP,1,5000,1000000,1052739,5000,0.7387642105263158,710381,5000,0.71038100000000004,1,0,0,5000,1,5000,1,0,0,34.85121999999992,22.899999999999999,59.405000000000015,249.61200000000025,8306.6000000000004,113.43308000000033,5000,200,50000,TARGET_FRAME_ERRORS_REACHED,0,0,0,1,5026e1b4d148e1d1fb17c3d5e4b8a561497dcedd41fea8422a16f2859328b4e0,WORKTREE
bch.s2.impairment.result.v1,S2_05,RESIDUAL_CFO,BCH-S200,SEGMENTED,SYNDROME_LOOKUP,200,285,0.70175438596491224,7.0999999999999996,5.5618513565547092,2,135,30,NONE,0,0,1,UNIFORM_RANDOM,PURE,1,UNIFORM_RANDOM,POST_HARD_DECISION_BIT_FLIP,1,5000,1000000,1407537,5000,0.98774526315789468,996148,5000,0.99614800000000003,1,0,0,5000,1,5000,1,0,0,20.492360000000019,18.5,29.205000000000016,85.402000000000044,1064.5999999999999,81.990340000000174,5000,200,50000,TARGET_FRAME_ERRORS_REACHED,0,0,0,1,f9e87cb4c4dc8672bebe8925fbf498217c67fefc6ad2b1517d46f7c7c78486cf,WORKTREE
bch.s2.impairment.result.v1,S2_05,RESIDUAL_CFO,BCH-S200,SEGMENTED,SYNDROME_LOOKUP,200,285,0.70175438596491224,7.2999999999999998,5.7618513565547094,2,0,30,NONE,0,0,1,UNIFORM_RANDOM,PURE,1,UNIFORM_RANDOM,POST_HARD_DECISION_BIT_FLIP,1,5053,1010600,6672,3704,0.0046329955107440078,430,200,0.00042548980803483081,0.039580447259054026,4853,0.96041955274094593,5053,1,200,0.039580447259054026,0,0,29.078666138927346,19.600000000000001,47.899999999999999,219.80000000000001,3280,97.608351474371489,5000,200,50000,TARGET_FRAME_ERRORS_REACHED,0,0,0,1,5fc29ea67ef56abc161e4686c77d0038f6607654e263b95b7731d3e3bceff039,WORKTREE
bch.s2.impairment.result.v1,S2_05,RESIDUAL_CFO,BCH-S200,SEGMENTED,SYNDROME_LOOKUP,200,285,0.70175438596491224,7.2999999999999998,5.7618513565547094,2,45,30,NONE,0,0,1,UNIFORM_RANDOM,PURE,1,UNIFORM_RANDOM,POST_HARD_DECISION_BIT_FLIP,1,5000,1000000,144442,5000,0.10136280701754385,96210,5000,0.096210000000000004,1,0,0,5000,1,5000,1,0,0,25.050520000000002,22,35.905000000000015,100.50700000000015,1427.2,91.450380000000095,5000,200,50000,TARGET_FRAME_ERRORS_REACHED,0,0,0,1,864b0f9e59e97b87b1d0c322284bdd26118e74f95dcfe4936da92896fc0bb2e8,WORKTREE
bch.s2.impairment.result.v1,S2_05,RESIDUAL_CFO,BCH-S200,SEGMENTED,SYNDROME_LOOKUP,200,285,0.70175438596491224,7.2999999999999998,5.7618513565547094,2,90,30,NONE,0,0,1,UNIFORM_RANDOM,PURE,1,UNIFORM_RANDOM,POST_HARD_DECISION_BIT_FLIP,1,5000,1000000,1057656,5000,0.74221473684210526,714980,5000,0.71497999999999995,1,0,0,5000,1,5000,1,0,0,24.821380000000062,21.699999999999999,35.299999999999997,130.10600000000011,1373.3,87.2321799999999,5000,200,50000,TARGET_FRAME_ERRORS_REACHED,0,0,0,1,aae1049f93a2535216ee3853b7d20592f50882c864a9e832781e1bf3724b11db,WORKTREE
bch.s2.impairment.result.v1,S2_05,RESIDUAL_CFO,BCH-S200,SEGMENTED,SYNDROME_LOOKUP,200,285,0.70175438596491224,7.2999999999999998,5.7618513565547094,2,135,30,NONE,0,0,1,UNIFORM_RANDOM,PURE,1,UNIFORM_RANDOM,POST_HARD_DECISION_BIT_FLIP,1,5000,1000000,1409749,5000,0.98929754385964908,997024,5000,0.99702400000000002,1,0,0,5000,1,5000,1,0,0,27.105480000000075,20.5,32.805000000000014,130.693000000002,6070.1999999999998,99.118299999999934,5000,200,50000,TARGET_FRAME_ERRORS_REACHED,0,0,0,1,6890b59930749207d749b45d78fcb86364144e8adadf0af5c36d75632bc1528f,WORKTREE
bch.s2.impairment.result.v1,S2_05,RESIDUAL_CFO,BCH-S200,SEGMENTED,SYNDROME_LOOKUP,200,285,0.70175438596491224,7.5,5.9618513565547095,2,0,30,NONE,0,0,1,UNIFORM_RANDOM,PURE,1,UNIFORM_RANDOM,POST_HARD_DECISION_BIT_FLIP,1,6691,1338200,7300,4462,0.0038281325792436554,430,200,0.0003213271558810342,0.029890898221491557,6491,0.9701091017785084,6691,1,200,0.029890898221491557,0,0,19.207383051860663,18.100000000000001,28,62.790000000000326,750.39999999999998,73.922134210133009,5000,200,50000,TARGET_FRAME_ERRORS_REACHED,0,0,0,1,852ff0f2f24ee3195c345feb327f154242e596f364ad8632250ce4317e10ea40,WORKTREE
bch.s2.impairment.result.v1,S2_05,RESIDUAL_CFO,BCH-S200,SEGMENTED,SYNDROME_LOOKUP,200,285,0.70175438596491224,7.5,5.9618513565547095,2,45,30,NONE,0,0,1,UNIFORM_RANDOM,PURE,1,UNIFORM_RANDOM,POST_HARD_DECISION_BIT_FLIP,1,5000,1000000,137068,5000,0.096188070175438595,89588,5000,0.089588000000000001,1,0,0,5000,1,5000,1,0,0,29.927199999999996,22.399999999999999,42.505000000000017,177.59800000000214,3616.5,107.33583999999976,5000,200,50000,TARGET_FRAME_ERRORS_REACHED,0,0,0,1,ddd948deb265b0d566a4e4cb8c746a354da31147fa6393b591f532792ab274bc,WORKTREE
bch.s2.impairment.result.v1,S2_05,RESIDUAL_CFO,BCH-S200,SEGMENTED,SYNDROME_LOOKUP,200,285,0.70175438596491224,7.5,5.9618513565547095,2,90,30,NONE,0,0,1,UNIFORM_RANDOM,PURE,1,UNIFORM_RANDOM,POST_HARD_DECISION_BIT_FLIP,1,5000,1000000,1063488,5000,0.74630736842105261,718646,5000,0.71864600000000001,1,0,0,5000,1,5000,1,0,0,24.226559999999967,21.800000000000001,34.799999999999997,106.50100000000002,991.89999999999998,86.521540000000087,5000,200,50000,TARGET_FRAME_ERRORS_REACHED,0,0,0,1,f9fce2a960ac94b5b573c46b2ffc887f5678930f5aabe25a93f911a7019c3c1b,WORKTREE
bch.s2.impairment.result.v1,S2_05,RESIDUAL_CFO,BCH-S200,SEGMENTED,SYNDROME_LOOKUP,200,285,0.70175438596491224,7.5,5.9618513565547095,2,135,30,NONE,0,0,1,UNIFORM_RANDOM,PURE,1,UNIFORM_RANDOM,POST_HARD_DECISION_BIT_FLIP,1,5000,1000000,1411745,5000,0.99069824561403508,997674,5000,0.99767399999999995,1,0,0,5000,1,5000,1,0,0,18.089720000000021,17.199999999999999,26,56.404000000000082,603.39999999999998,74.040820000000082,5000,200,50000,TARGET_FRAME_ERRORS_REACHED,0,0,0,1,784dbe379d03a732006bf54b67bce2cf256328449959cc13128cfd1071c8298d,WORKTREE
bch.s2.impairment.result.v1,S2_05,RESIDUAL_CFO,BCH-S200,SEGMENTED,SYNDROME_LOOKUP,200,285,0.70175438596491224,7.7000000000000002,6.1618513565547097,2,0,30,NONE,0,0,1,UNIFORM_RANDOM,PURE,1,UNIFORM_RANDOM,POST_HARD_DECISION_BIT_FLIP,1,9648,1929600,8724,5762,0.0031727328270926072,436,200,0.0002259535655058043,0.020729684908789386,9448,0.97927031509121065,9648,1,200,0.020729684908789386,0,0,26.549429933664971,19.100000000000001,33.299999999999997,125.82400000000052,16695.799999999999,88.684597844113171,5000,200,50000,TARGET_FRAME_ERRORS_REACHED,0,0,0,1,d96186b9d497a6556f0d771b62b3a5d0dff194d8d28ef2eb73a24a54e09879e9,WORKTREE
bch.s2.impairment.result.v1,S2_05,RESIDUAL_CFO,BCH-S200,SEGMENTED,SYNDROME_LOOKUP,200,285,0.70175438596491224,7.7000000000000002,6.1618513565547097,2,45,30,NONE,0,0,1,UNIFORM_RANDOM,PURE,1,UNIFORM_RANDOM,POST_HARD_DECISION_BIT_FLIP,1,5000,1000000,131367,5000,0.092187368421052629,85529,5000,0.085528999999999994,1,0,0,5000,1,5000,1,0,0,20.850759999999998,19.600000000000001,30.505000000000017,63.601000000000028,1131.0999999999999,79.215839999999915,5000,200,50000,TARGET_FRAME_ERRORS_REACHED,0,0,0,1,2a5c713c4ab7ee87a93380327f8d00d33226db6b7ae31e989796e8b3e7ab8294,WORKTREE
bch.s2.impairment.result.v1,S2_05,RESIDUAL_CFO,BCH-S200,SEGMENTED,SYNDROME_LOOKUP,200,285,0.70175438596491224,7.7000000000000002,6.1618513565547097,2,90,30,NONE,0,0,1,UNIFORM_RANDOM,PURE,1,UNIFORM_RANDOM,POST_HARD_DECISION_BIT_FLIP,1,5000,1000000,1070219,5000,0.75103087719298245,724033,5000,0.72403300000000004,1,0,0,5000,1,5000,1,0,0,29.523759999999935,23,47.420000000000073,162.3130000000003,2552.8000000000002,102.12960000000004,5000,200,50000,TARGET_FRAME_ERRORS_REACHED,0,0,0,1,bda794dc5e9e580862be0c77fc377e220661acaf77f3d8fddaf829a92853a367,WORKTREE
bch.s2.impairment.result.v1,S2_05,RESIDUAL_CFO,BCH-S200,SEGMENTED,SYNDROME_LOOKUP,200,285,0.70175438596491224,7.7000000000000002,6.1618513565547097,2,135,30,NONE,0,0,1,UNIFORM_RANDOM,PURE,1,UNIFORM_RANDOM,POST_HARD_DECISION_BIT_FLIP,1,5000,1000000,1413382,5000,0.99184701754385962,998185,5000,0.99818499999999999,1,0,0,5000,1,5000,1,0,0,18.071320000000025,17.100000000000001,27,58.401000000000018,432.30000000000001,73.869419999999906,5000,200,50000,TARGET_FRAME_ERRORS_REACHED,0,0,0,1,eaef4c395714241eddffb66d6ed8f1b86148acfe4e86cced62c44b309f49b0c1,WORKTREE
bch.s2.impairment.result.v1,S2_05,RESIDUAL_CFO,BCH-S200,SEGMENTED,SYNDROME_LOOKUP,200,285,0.70175438596491224,7.9000000000000004,6.3618513565547099,2,0,30,NONE,0,0,1,UNIFORM_RANDOM,PURE,1,UNIFORM_RANDOM,POST_HARD_DECISION_BIT_FLIP,1,14953,2990600,11316,7965,0.0026553376016782409,430,200,0.0001437838560823915,0.013375242426268976,14753,0.98662475757373103,14953,1,200,0.013375242426268976,0,0,20.323881495352101,18,27.539999999999964,85.943999999999861,7307.5,79.049595398916765,5000,200,50000,TARGET_FRAME_ERRORS_REACHED,0,0,0,1,13bb1ba2713e3fd72c53a341196fad42561a7db2119911e0fa5fee995d48a531,WORKTREE
bch.s2.impairment.result.v1,S2_05,RESIDUAL_CFO,BCH-S200,SEGMENTED,SYNDROME_LOOKUP,200,285,0.70175438596491224,7.9000000000000004,6.3618513565547099,2,45,30,NONE,0,0,1,UNIFORM_RANDOM,PURE,1,UNIFORM_RANDOM,POST_HARD_DECISION_BIT_FLIP,1,5000,1000000,124762,5000,0.087552280701754387,79691,4999,0.079690999999999998,0.99980000000000002,1,0.00020000000000000001,5000,1,4999,0.99980000000000002,0,0,20.862820000000049,19.699999999999999,29.699999999999999,70.801000000000016,623.20000000000005,78.584379999999726,5000,200,50000,TARGET_FRAME_ERRORS_REACHED,0,0,0,1,1378484003ffee04e842f5a6934437b1bd3b139ce652f826299188e7951930fe,WORKTREE
bch.s2.impairment.result.v1,S2_05,RESIDUAL_CFO,BCH-S200,SEGMENTED,SYNDROME_LOOKUP,200,285,0.70175438596491224,7.9000000000000004,6.3618513565547099,2,90,30,NONE,0,0,1,UNIFORM_RANDOM,PURE,1,UNIFORM_RANDOM,POST_HARD_DECISION_BIT_FLIP,1,5000,1000000,1075487,5000,0.75472771929824567,728181,5000,0.72818099999999997,1,0,0,5000,1,5000,1,0,0,27.86908,22.600000000000001,37.605000000000018,119.61800000000258,2212.3000000000002,95.545259999999786,5000,200,50000,TARGET_FRAME_ERRORS_REACHED,0,0,0,1,7eb5e698eea19d31455fbba37244f82c457a69ee7185b2f3c765c97d08f7f1da,WORKTREE
bch.s2.impairment.result.v1,S2_05,RESIDUAL_CFO,BCH-S200,SEGMENTED,SYNDROME_LOOKUP,200,285,0.70175438596491224,7.9000000000000004,6.3618513565547099,2,135,30,NONE,0,0,1,UNIFORM_RANDOM,PURE,1,UNIFORM_RANDOM,POST_HARD_DECISION_BIT_FLIP,1,5000,1000000,1415012,5000,0.9929908771929824,998583,5000,0.998583,1,0,0,5000,1,5000,1,0,0,18.273100000000003,17.300000000000001,27,64.604000000000084,679.39999999999998,75.268020000000263,5000,200,50000,TARGET_FRAME_ERRORS_REACHED,0,0,0,1,9096a065b37c6f53b8d3aa4145da73fdcd4c59832824a1455a5cc5beea537b97,WORKTREE
bch.s2.impairment.result.v1,S2_05,RESIDUAL_CFO,BCH-S200,SEGMENTED,SYNDROME_LOOKUP,200,285,0.70175438596491224,8.0999999999999996,6.5618513565547092,2,0,30,NONE,0,0,1,UNIFORM_RANDOM,PURE,1,UNIFORM_RANDOM,POST_HARD_DECISION_BIT_FLIP,1,21079,4215800,12918,9714,0.002150306740807139,434,200,0.00010294606005977513,0.0094881161345414869,20879,0.99051188386545852,21079,1,200,0.0094881161345414869,0,0,18.674031026139811,17.5,25.899999999999999,66.866000000000341,1373.9000000000001,73.079629014658948,5000,200,50000,TARGET_FRAME_ERRORS_REACHED,0,0,0,1,fb5b0c881abbf6004c82e63bcd87ee8af9d1d857778416a3f88239b37f11e67d,WORKTREE
bch.s2.impairment.result.v1,S2_05,RESIDUAL_CFO,BCH-S200,SEGMENTED,SYNDROME_LOOKUP,200,285,0.70175438596491224,8.0999999999999996,6.5618513565547092,2,45,30,NONE,0,0,1,UNIFORM_RANDOM,PURE,1,UNIFORM_RANDOM,POST_HARD_DECISION_BIT_FLIP,1,5000,1000000,118918,5000,0.083451228070175437,75388,5000,0.075387999999999997,1,0,0,5000,1,5000,1,0,0,17.875879999999988,14.199999999999999,27.199999999999999,46.201000000000022,718.10000000000002,72.274159999999682,5000,200,50000,TARGET_FRAME_ERRORS_REACHED,0,0,0,1,4ba640e7b40c458d6bb7f538d206c82286caa4d83b3e9eb2ea2ecb768abf480c,WORKTREE
bch.s2.impairment.result.v1,S2_05,RESIDUAL_CFO,BCH-S200,SEGMENTED,SYNDROME_LOOKUP,200,285,0.70175438596491224,8.0999999999999996,6.5618513565547092,2,90,30,NONE,0,0,1,UNIFORM_RANDOM,PURE,1,UNIFORM_RANDOM,POST_HARD_DECISION_BIT_FLIP,1,5000,1000000,1081361,5000,0.75884982456140349,732936,5000,0.73293600000000003,1,0,0,5000,1,5000,1,0,0,20.679380000000041,19.600000000000001,30.699999999999999,62.30800000000017,450.69999999999999,77.421100000000123,5000,200,50000,TARGET_FRAME_ERRORS_REACHED,0,0,0,1,3de5174244268453087218254c4156575a1913c16a688d2658293c9c570a17ef,WORKTREE
bch.s2.impairment.result.v1,S2_05,RESIDUAL_CFO,BCH-S200,SEGMENTED,SYNDROME_LOOKUP,200,285,0.70175438596491224,8.0999999999999996,6.5618513565547092,2,135,30,NONE,0,0,1,UNIFORM_RANDOM,PURE,1,UNIFORM_RANDOM,POST_HARD_DECISION_BIT_FLIP,1,5000,1000000,1416441,5000,0.99399368421052636,999024,5000,0.99902400000000002,1,0,0,5000,1,5000,1,0,0,19.366600000000027,18.5,28.800000000000001,63.200000000000003,441.30000000000001,78.251700000000014,5000,200,50000,TARGET_FRAME_ERRORS_REACHED,0,0,0,1,eb347dd16a2e6535bfcbe173bf14903820d984e4863df9dd44669d33c3aad61c,WORKTREE
bch.s2.impairment.result.v1,S2_05,RESIDUAL_CFO,BCH-S200,SEGMENTED,SYNDROME_LOOKUP,200,285,0.70175438596491224,8.3000000000000007,6.7618513565547103,2,0,30,NONE,0,0,1,UNIFORM_RANDOM,PURE,1,UNIFORM_RANDOM,POST_HARD_DECISION_BIT_FLIP,1,32715,6543000,16272,12873,0.001745215859456068,419,200,6.4037903102552346e-05,0.0061134036374751646,32515,0.99388659636252485,32715,1,200,0.0061134036374751646,0,0,17.157389576646839,16.5,24.600000000000001,50.286000000000058,1475.2,68.532767843497112,5000,200,50000,TARGET_FRAME_ERRORS_REACHED,0,0,0,1,95bad78adc9da062e5bd88542f9f6b98a76c130d7cdb9aa4503ff267da9e6e0e,WORKTREE
bch.s2.impairment.result.v1,S2_05,RESIDUAL_CFO,BCH-S200,SEGMENTED,SYNDROME_LOOKUP,200,285,0.70175438596491224,8.3000000000000007,6.7618513565547103,2,45,30,NONE,0,0,1,UNIFORM_RANDOM,PURE,1,UNIFORM_RANDOM,POST_HARD_DECISION_BIT_FLIP,1,5000,1000000,112890,5000,0.079221052631578942,70208,4997,0.070208000000000007,0.99939999999999996,3,0.00059999999999999995,5000,1,4997,0.99939999999999996,0,0,20.799480000000028,19.899999999999999,29.305000000000021,65.506000000000128,578.29999999999995,78.464519999999979,5000,200,50000,TARGET_FRAME_ERRORS_REACHED,0,0,0,1,f074c9faf5808a1cc389b55eb634b4956aef8eb6162b82db541d1c8cbaf16a78,WORKTREE
bch.s2.impairment.result.v1,S2_05,RESIDUAL_CFO,BCH-S200,SEGMENTED,SYNDROME_LOOKUP,200,285,0.70175438596491224,8.3000000000000007,6.7618513565547103,2,90,30,NONE,0,0,1,UNIFORM_RANDOM,PURE,1,UNIFORM_RANDOM,POST_HARD_DECISION_BIT_FLIP,1,5000,1000000,1087916,5000,0.76344982456140353,738078,5000,0.73807800000000001,1,0,0,5000,1,5000,1,0,0,19.98709999999997,16.899999999999999,30.199999999999999,65.700000000000003,344.39999999999998,75.819879999999984,5000,200,50000,TARGET_FRAME_ERRORS_REACHED,0,0,0,1,9a3939e35c686143b175cccbf447232e757f5ff7bea79c45d589b149c4074ae6,WORKTREE
bch.s2.impairment.result.v1,S2_05,RESIDUAL_CFO,BCH-S200,SEGMENTED,SYNDROME_LOOKUP,200,285,0.70175438596491224,8.3000000000000007,6.7618513565547103,2,135,30,NONE,0,0,1,UNIFORM_RANDOM,PURE,1,UNIFORM_RANDOM,POST_HARD_DECISION_BIT_FLIP,1,5000,1000000,1417687,5000,0.99486807017543855,999262,5000,0.99926199999999998,1,0,0,5000,1,5000,1,0,0,17.139399999999981,16.100000000000001,25.905000000000015,53.4140000000003,373.10000000000002,72.534599999999983,5000,200,50000,TARGET_FRAME_ERRORS_REACHED,0,0,0,1,2d3f1ff6033615ad329bb4832858148741429a7cdb248e24d0ec5fe2d941bc29,WORKTREE
bch.s2.impairment.result.v1,S2_05,RESIDUAL_CFO,BCH-S200,SEGMENTED,SYNDROME_LOOKUP,200,285,0.70175438596491224,8.5,6.9618513565547095,2,0,30,NONE,0,0,1,UNIFORM_RANDOM,PURE,1,UNIFORM_RANDOM,POST_HARD_DECISION_BIT_FLIP,1,50000,10000000,20136,16588,0.0014130526315789473,392,190,3.9199999999999997e-05,0.0038,49810,0.99619999999999997,50000,1,190,0.0038,0,0,23.420939999999938,19.399999999999999,30.100000000000001,98.002000000000407,13735.700000000001,87.943306000000746,5000,200,50000,MAX_FRAMES_REACHED,0,0,0,1,59ec4db9bc4974a0d58980d50172432bc276829e61db41ed698b9e9e948cc492,WORKTREE
bch.s2.impairment.result.v1,S2_05,RESIDUAL_CFO,BCH-S200,SEGMENTED,SYNDROME_LOOKUP,200,285,0.70175438596491224,8.5,6.9618513565547095,2,45,30,NONE,0,0,1,UNIFORM_RANDOM,PURE,1,UNIFORM_RANDOM,POST_HARD_DECISION_BIT_FLIP,1,5000,1000000,106724,5000,0.074894035087719302,65186,4998,0.065185999999999994,0.99960000000000004,2,0.00040000000000000002,5000,1,4998,0.99960000000000004,0,0,24.741739999999933,21.5,33.905000000000015,101.70700000000016,2178.8000000000002,89.997640000000033,5000,200,50000,TARGET_FRAME_ERRORS_REACHED,0,0,0,1,13556e728555275c537b09a9b6ec1e331364014977495117cbab53f523e7d42a,WORKTREE
bch.s2.impairment.result.v1,S2_05,RESIDUAL_CFO,BCH-S200,SEGMENTED,SYNDROME_LOOKUP,200,285,0.70175438596491224,8.5,6.9618513565547095,2,90,30,NONE,0,0,1,UNIFORM_RANDOM,PURE,1,UNIFORM_RANDOM,POST_HARD_DECISION_BIT_FLIP,1,5000,1000000,1093977,5000,0.76770315789473687,742557,5000,0.74255700000000002,1,0,0,5000,1,5000,1,0,0,28.740319999999997,22.5,35.505000000000017,128.10600000000014,5554,98.198599999999871,5000,200,50000,TARGET_FRAME_ERRORS_REACHED,0,0,0,1,bf3b840422b503d864b17083405e37aa6298d0cde5b7e8e3355ddcb01af5a717,WORKTREE
bch.s2.impairment.result.v1,S2_05,RESIDUAL_CFO,BCH-S200,SEGMENTED,SYNDROME_LOOKUP,200,285,0.70175438596491224,8.5,6.9618513565547095,2,135,30,NONE,0,0,1,UNIFORM_RANDOM,PURE,1,UNIFORM_RANDOM,POST_HARD_DECISION_BIT_FLIP,1,5000,1000000,1418655,5000,0.99554736842105263,999359,5000,0.999359,1,0,0,5000,1,5000,1,0,0,30.895979999999977,20.600000000000001,34.299999999999997,140.10300000000004,6682.1000000000004,111.05309999999982,5000,200,50000,TARGET_FRAME_ERRORS_REACHED,0,0,0,1,d34be0b620d7ca9e9a1cc0cfde9d64ec030b79d64538ee5c7da75c46da8a386d,WORKTREE
bch.s2.impairment.result.v1,S2_05,RESIDUAL_CFO,BCH-S200,SEGMENTED,SYNDROME_LOOKUP,200,285,0.70175438596491224,5.2999999999999998,3.7618513565547094,2,0,60,NONE,0,0,1,UNIFORM_RANDOM,PURE,1,UNIFORM_RANDOM,POST_HARD_DECISION_BIT_FLIP,1,5000,1000000,62612,5000,0.043938245614035087,29648,4729,0.029648000000000001,0.94579999999999997,271,0.054199999999999998,5000,1,4729,0.94579999999999997,0,0,37.115799999999901,21.699999999999999,38.920000000000073,227.70000000000218,15026.1,103.54101999999973,5000,200,50000,TARGET_FRAME_ERRORS_REACHED,0,0,0,1,726fbd324be8cd4f02069ca95aad417008e8e6aabef37ff545a40377773edf2e,WORKTREE
bch.s2.impairment.result.v1,S2_05,RESIDUAL_CFO,BCH-S200,SEGMENTED,SYNDROME_LOOKUP,200,285,0.70175438596491224,5.2999999999999998,3.7618513565547094,2,45,60,NONE,0,0,1,UNIFORM_RANDOM,PURE,1,UNIFORM_RANDOM,POST_HARD_DECISION_BIT_FLIP,1,5000,1000000,463211,5000,0.32506035087719298,312925,5000,0.31292500000000001,1,0,0,5000,1,5000,1,0,0,25.649480000000082,22.699999999999999,36.299999999999997,88.827000000000581,684.70000000000005,93.706740000000181,5000,200,50000,TARGET_FRAME_ERRORS_REACHED,0,0,0,1,6ceb4e5d9fb775652f402ef3b3d4686f9d027b744c5ce3a3cf82b62ee7ef5209,WORKTREE
bch.s2.impairment.result.v1,S2_05,RESIDUAL_CFO,BCH-S200,SEGMENTED,SYNDROME_LOOKUP,200,285,0.70175438596491224,5.2999999999999998,3.7618513565547094,2,90,60,NONE,0,0,1,UNIFORM_RANDOM,PURE,1,UNIFORM_RANDOM,POST_HARD_DECISION_BIT_FLIP,1,5000,1000000,1164311,5000,0.81706035087719298,799331,5000,0.79933100000000001,1,0,0,5000,1,5000,1,0,0,40.151440000000044,23.300000000000001,62.515000000000057,255.50200000000004,18940.799999999999,125.25728000000021,5000,200,50000,TARGET_FRAME_ERRORS_REACHED,0,0,0,1,fb4d26d413c80157da568d05bdeb0257478ed0b73d39db1bbe690295369aff7b,WORKTREE
bch.s2.impairment.result.v1,S2_05,RESIDUAL_CFO,BCH-S200,SEGMENTED,SYNDROME_LOOKUP,200,285,0.70175438596491224,5.2999999999999998,3.7618513565547094,2,135,60,NONE,0,0,1,UNIFORM_RANDOM,PURE,1,UNIFORM_RANDOM,POST_HARD_DECISION_BIT_FLIP,1,5000,1000000,1390868,5000,0.97604771929824563,987915,5000,0.98791499999999999,1,0,0,5000,1,5000,1,0,0,20.664379999999969,19.5,27.899999999999999,60.303000000000061,872.39999999999998,81.7948200000002,5000,200,50000,TARGET_FRAME_ERRORS_REACHED,0,0,0,1,5453f96b20bebd27fa88d45729782e65f8f870274ead898bb36b0cf0ee19d7e5,WORKTREE
bch.s2.impairment.result.v1,S2_05,RESIDUAL_CFO,BCH-S200,SEGMENTED,SYNDROME_LOOKUP,200,285,0.70175438596491224,5.5,3.9618513565547095,2,0,60,NONE,0,0,1,UNIFORM_RANDOM,PURE,1,UNIFORM_RANDOM,POST_HARD_DECISION_BIT_FLIP,1,5000,1000000,58007,5000,0.040706666666666669,26503,4678,0.026502999999999999,0.93559999999999999,322,0.064399999999999999,5000,1,4678,0.93559999999999999,0,0,34.692759999999872,21.5,56.5,206.7050000000001,14151.5,107.14195999999973,5000,200,50000,TARGET_FRAME_ERRORS_REACHED,0,0,0,1,ad7c794f89b664668913e1a00fafbcee1c53e4ce8dc35b6f00c4d393b2763dbe,WORKTREE
bch.s2.impairment.result.v1,S2_05,RESIDUAL_CFO,BCH-S200,SEGMENTED,SYNDROME_LOOKUP,200,285,0.70175438596491224,5.5,3.9618513565547095,2,45,60,NONE,0,0,1,UNIFORM_RANDOM,PURE,1,UNIFORM_RANDOM,POST_HARD_DECISION_BIT_FLIP,1,5000,1000000,459628,5000,0.32254596491228071,309049,5000,0.30904900000000002,1,0,0,5000,1,5000,1,0,0,24.576599999999956,22.5,33.905000000000015,96.908000000000172,543.79999999999995,90.415859999999853,5000,200,50000,TARGET_FRAME_ERRORS_REACHED,0,0,0,1,7c24dcdfc45a22dbd7c0a4aed15d4dae758d00f778af67acb81a84ae897486aa,WORKTREE
bch.s2.impairment.result.v1,S2_05,RESIDUAL_CFO,BCH-S200,SEGMENTED,SYNDROME_LOOKUP,200,285,0.70175438596491224,5.5,3.9618513565547095,2,90,60,NONE,0,0,1,UNIFORM_RANDOM,PURE,1,UNIFORM_RANDOM,POST_HARD_DECISION_BIT_FLIP,1,5000,1000000,1169680,5000,0.82082807017543857,804208,5000,0.80420800000000003,1,0,0,5000,1,5000,1,0,0,30.271599999999996,22.699999999999999,47.5,153.52700000000058,3485.9000000000001,107.42856,5000,200,50000,TARGET_FRAME_ERRORS_REACHED,0,0,0,1,62ccdb404996e75d8cfeb138a71c489ded0ae4a30d4438c701076631bff2e03f,WORKTREE
bch.s2.impairment.result.v1,S2_05,RESIDUAL_CFO,BCH-S200,SEGMENTED,SYNDROME_LOOKUP,200,285,0.70175438596491224,5.5,3.9618513565547095,2,135,60,NONE,0,0,1,UNIFORM_RANDOM,PURE,1,UNIFORM_RANDOM,POST_HARD_DECISION_BIT_FLIP,1,5000,1000000,1393979,5000,0.97823087719298241,989754,5000,0.98975400000000002,1,0,0,5000,1,5000,1,0,0,28.339059999999868,21.100000000000001,47.905000000000015,157.08400000000182,2209.9000000000001,101.1553199999999,5000,200,50000,TARGET_FRAME_ERRORS_REACHED,0,0,0,1,fb24949c016981abe4903c04f36a62f7baecc5b53fab1a26ab9546f46c2ff5e2,WORKTREE
bch.s2.impairment.result.v1,S2_05,RESIDUAL_CFO,BCH-S200,SEGMENTED,SYNDROME_LOOKUP,200,285,0.70175438596491224,5.7000000000000002,4.1618513565547097,2,0,60,NONE,0,0,1,UNIFORM_RANDOM,PURE,1,UNIFORM_RANDOM,POST_HARD_DECISION_BIT_FLIP,1,5000,1000000,53587,5000,0.037604912280701758,23347,4569,0.023347,0.91379999999999995,431,0.086199999999999999,5000,1,4569,0.91379999999999995,0,0,26.57598000000003,20.699999999999999,34.899999999999999,137.85100000000111,2125.9000000000001,96.123159999999842,5000,200,50000,TARGET_FRAME_ERRORS_REACHED,0,0,0,1,ef9a040058b941faa534c62fcbc0c084cd63b7a9f1c545f2db33cbdb0ecd6f31,WORKTREE
bch.s2.impairment.result.v1,S2_05,RESIDUAL_CFO,BCH-S200,SEGMENTED,SYNDROME_LOOKUP,200,285,0.70175438596491224,5.7000000000000002,4.1618513565547097,2,45,60,NONE,0,0,1,UNIFORM_RANDOM,PURE,1,UNIFORM_RANDOM,POST_HARD_DECISION_BIT_FLIP,1,5000,1000000,455937,5000,0.31995578947368419,305889,5000,0.30588900000000002,1,0,0,5000,1,5000,1,0,0,29.383100000000006,24,50.799999999999997,143.51200000000026,1893.3,101.83010000000012,5000,200,50000,TARGET_FRAME_ERRORS_REACHED,0,0,0,1,84e7edbdef6654bdea8f535bc37f5600a4a31281be9aaecc681a7809c2759251,WORKTREE
bch.s2.impairment.result.v1,S2_05,RESIDUAL_CFO,BCH-S200,SEGMENTED,SYNDROME_LOOKUP,200,285,0.70175438596491224,5.7000000000000002,4.1618513565547097,2,90,60,NONE,0,0,1,UNIFORM_RANDOM,PURE,1,UNIFORM_RANDOM,POST_HARD_DECISION_BIT_FLIP,1,5000,1000000,1174365,5000,0.82411578947368425,807942,5000,0.80794200000000005,1,0,0,5000,1,5000,1,0,0,26.570960000000046,23.300000000000001,34.600000000000001,91.41800000000039,750.39999999999998,93.115319999999983,5000,200,50000,TARGET_FRAME_ERRORS_REACHED,0,0,0,1,f65223488be5fb1185b3fcfa1885ae30ca07ed101b99498bd12d2d12dfc64a7f,WORKTREE
bch.s2.impairment.result.v1,S2_05,RESIDUAL_CFO,BCH-S200,SEGMENTED,SYNDROME_LOOKUP,200,285,0.70175438596491224,5.7000000000000002,4.1618513565547097,2,135,60,NONE,0,0,1,UNIFORM_RANDOM,PURE,1,UNIFORM_RANDOM,POST_HARD_DECISION_BIT_FLIP,1,5000,1000000,1396871,5000,0.98026035087719299,991200,5000,0.99119999999999997,1,0,0,5000,1,5000,1,0,0,29.164019999999947,21.5,49.010000000000034,168.10800000000015,3556.4000000000001,109.07502000000036,5000,200,50000,TARGET_FRAME_ERRORS_REACHED,0,0,0,1,8142790c23087e8db3d571914567dcdc3275a2624d2ccdf580cd474114348144,WORKTREE
bch.s2.impairment.result.v1,S2_05,RESIDUAL_CFO,BCH-S200,SEGMENTED,SYNDROME_LOOKUP,200,285,0.70175438596491224,5.9000000000000004,4.3618513565547099,2,0,60,NONE,0,0,1,UNIFORM_RANDOM,PURE,1,UNIFORM_RANDOM,POST_HARD_DECISION_BIT_FLIP,1,5000,1000000,49769,4999,0.034925614035087718,20862,4415,0.020861999999999999,0.88300000000000001,585,0.11700000000000001,5000,1,4415,0.88300000000000001,0,0,19.514039999999998,18.5,28.100000000000001,56.420000000000435,604.20000000000005,74.007519999999886,5000,200,50000,TARGET_FRAME_ERRORS_REACHED,0,0,0,1,8ed561eeed68753a3cba64c282cd85c6e649cd84ed74998e2d92e44299c697de,WORKTREE
bch.s2.impairment.result.v1,S2_05,RESIDUAL_CFO,BCH-S200,SEGMENTED,SYNDROME_LOOKUP,200,285,0.70175438596491224,5.9000000000000004,4.3618513565547099,2,45,60,NONE,0,0,1,UNIFORM_RANDOM,PURE,1,UNIFORM_RANDOM,POST_HARD_DECISION_BIT_FLIP,1,5000,1000000,452789,5000,0.31774666666666668,302865,5000,0.302865,1,0,0,5000,1,5000,1,0,0,24.960020000000032,20.800000000000001,34.200000000000003,87.804000000000073,3480.9000000000001,95.874260000000007,5000,200,50000,TARGET_FRAME_ERRORS_REACHED,0,0,0,1,1deedfca86298bf5745916c33f65c6a68c2aea5fc02bb62f975c9b9ac9342a20,WORKTREE
bch.s2.impairment.result.v1,S2_05,RESIDUAL_CFO,BCH-S200,SEGMENTED,SYNDROME_LOOKUP,200,285,0.70175438596491224,5.9000000000000004,4.3618513565547099,2,90,60,NONE,0,0,1,UNIFORM_RANDOM,PURE,1,UNIFORM_RANDOM,POST_HARD_DECISION_BIT_FLIP,1,5000,1000000,1180088,5000,0.82813192982456141,812973,5000,0.81297299999999995,1,0,0,5000,1,5000,1,0,0,25.891339999999971,21.949999999999999,38.605000000000018,115.61900000000041,1361.0999999999999,92.746279999999857,5000,200,50000,TARGET_FRAME_ERRORS_REACHED,0,0,0,1,21426cb09f3e5ef4285ab1e4318774faf91ac847bc44187473d8282857f21da9,WORKTREE
bch.s2.impairment.result.v1,S2_05,RESIDUAL_CFO,BCH-S200,SEGMENTED,SYNDROME_LOOKUP,200,285,0.70175438596491224,5.9000000000000004,4.3618513565547099,2,135,60,NONE,0,0,1,UNIFORM_RANDOM,PURE,1,UNIFORM_RANDOM,POST_HARD_DECISION_BIT_FLIP,1,5000,1000000,1399947,5000,0.98241894736842106,992605,5000,0.99260499999999996,1,0,0,5000,1,5000,1,0,0,19.309459999999937,18.600000000000001,28.699999999999999,63.403000000000063,562.20000000000005,78.05884000000016,5000,200,50000,TARGET_FRAME_ERRORS_REACHED,0,0,0,1,460b2dd0b91262fa6782f567571cf2e6980297325ee6fc682bcc50d0b6c4fa52,WORKTREE
bch.s2.impairment.result.v1,S2_05,RESIDUAL_CFO,BCH-S200,SEGMENTED,SYNDROME_LOOKUP,200,285,0.70175438596491224,6.0999999999999996,4.5618513565547092,2,0,60,NONE,0,0,1,UNIFORM_RANDOM,PURE,1,UNIFORM_RANDOM,POST_HARD_DECISION_BIT_FLIP,1,5000,1000000,45560,4999,0.031971929824561401,18490,4254,0.018489999999999999,0.8508,746,0.1492,5000,1,4254,0.8508,0,0,22.19015999999997,19.399999999999999,27.100000000000001,66.608000000000175,7135.3000000000002,80.292899999999875,5000,200,50000,TARGET_FRAME_ERRORS_REACHED,0,0,0,1,788f14b839b4965d0c9cd0723d152d9f492a17e634b8d7e1c6572930860fd137,WORKTREE
bch.s2.impairment.result.v1,S2_05,RESIDUAL_CFO,BCH-S200,SEGMENTED,SYNDROME_LOOKUP,200,285,0.70175438596491224,6.0999999999999996,4.5618513565547092,2,45,60,NONE,0,0,1,UNIFORM_RANDOM,PURE,1,UNIFORM_RANDOM,POST_HARD_DECISION_BIT_FLIP,1,5000,1000000,448652,5000,0.31484350877192985,298514,5000,0.298514,1,0,0,5000,1,5000,1,0,0,25.7231400000001,22,33.405000000000015,109.85100000000111,3254.5999999999999,92.318720000000141,5000,200,50000,TARGET_FRAME_ERRORS_REACHED,0,0,0,1,1c8ed0ae7b9f44272c5d939bc045934d1fa525d9d17754384e9e852fb2a10870,WORKTREE
bch.s2.impairment.result.v1,S2_05,RESIDUAL_CFO,BCH-S200,SEGMENTED,SYNDROME_LOOKUP,200,285,0.70175438596491224,6.0999999999999996,4.5618513565547092,2,90,60,NONE,0,0,1,UNIFORM_RANDOM,PURE,1,UNIFORM_RANDOM,POST_HARD_DECISION_BIT_FLIP,1,5000,1000000,1185634,5000,0.83202385964912284,816969,5000,0.81696899999999995,1,0,0,5000,1,5000,1,0,0,21.18382000000005,20.5,30.300000000000001,71.404000000000096,470.30000000000001,79.322819999999993,5000,200,50000,TARGET_FRAME_ERRORS_REACHED,0,0,0,1,0d55bb04b6ce034cdee04346d4c686d165845654eb57460ca109a871d817e9e0,WORKTREE
bch.s2.impairment.result.v1,S2_05,RESIDUAL_CFO,BCH-S200,SEGMENTED,SYNDROME_LOOKUP,200,285,0.70175438596491224,6.0999999999999996,4.5618513565547092,2,135,60,NONE,0,0,1,UNIFORM_RANDOM,PURE,1,UNIFORM_RANDOM,POST_HARD_DECISION_BIT_FLIP,1,5000,1000000,1402446,5000,0.98417263157894741,993757,5000,0.993757,1,0,0,5000,1,5000,1,0,0,25.006760000000028,19.600000000000001,35.705000000000027,138.45300000000117,2379.6999999999998,93.750919999999923,5000,200,50000,TARGET_FRAME_ERRORS_REACHED,0,0,0,1,c47bb9d3685657cdd98023b1f0c4d39c2d9bf3714125c88a723289474a4e4e39,WORKTREE
bch.s2.impairment.result.v1,S2_05,RESIDUAL_CFO,BCH-S200,SEGMENTED,SYNDROME_LOOKUP,200,285,0.70175438596491224,6.2999999999999998,4.7618513565547094,2,0,60,NONE,0,0,1,UNIFORM_RANDOM,PURE,1,UNIFORM_RANDOM,POST_HARD_DECISION_BIT_FLIP,1,5000,1000000,42157,5000,0.029583859649122808,16256,4038,0.016256,0.80759999999999998,962,0.19239999999999999,5000,1,4038,0.80759999999999998,0,0,23.236340000000027,20.100000000000001,33.20500000000002,103.11800000000039,849.10000000000002,83.272619999999819,5000,200,50000,TARGET_FRAME_ERRORS_REACHED,0,0,0,1,5ccf302988547ee500391355f4b3c86c3031157e62c5b28bb21af6da3cf7e044,WORKTREE
bch.s2.impairment.result.v1,S2_05,RESIDUAL_CFO,BCH-S200,SEGMENTED,SYNDROME_LOOKUP,200,285,0.70175438596491224,6.2999999999999998,4.7618513565547094,2,45,60,NONE,0,0,1,UNIFORM_RANDOM,PURE,1,UNIFORM_RANDOM,POST_HARD_DECISION_BIT_FLIP,1,5000,1000000,444882,5000,0.31219789473684212,294896,5000,0.29489599999999999,1,0,0,5000,1,5000,1,0,0,20.522340000000035,20,29.005000000000017,58.907000000000146,542.29999999999995,78.679539999999832,5000,200,50000,TARGET_FRAME_ERRORS_REACHED,0,0,0,1,ff11172abd2a84ce48ddb60995a6a9e9bff8f6bc87e7ca7834a8b71c5fa54fe4,WORKTREE
bch.s2.impairment.result.v1,S2_05,RESIDUAL_CFO,BCH-S200,SEGMENTED,SYNDROME_LOOKUP,200,285,0.70175438596491224,6.2999999999999998,4.7618513565547094,2,90,60,NONE,0,0,1,UNIFORM_RANDOM,PURE,1,UNIFORM_RANDOM,POST_HARD_DECISION_BIT_FLIP,1,5000,1000000,1192028,5000,0.83651087719298245,822371,5000,0.82237099999999996,1,0,0,5000,1,5000,1,0,0,18.989219999999932,18.699999999999999,27.699999999999999,46.404000000000082,298.30000000000001,74.186880000000144,5000,200,50000,TARGET_FRAME_ERRORS_REACHED,0,0,0,1,0eb45b0ad9372c69a7a60bea47ea368ff18b2889553f334ec1a6c04e96a8d50d,WORKTREE
bch.s2.impairment.result.v1,S2_05,RESIDUAL_CFO,BCH-S200,SEGMENTED,SYNDROME_LOOKUP,200,285,0.70175438596491224,6.2999999999999998,4.7618513565547094,2,135,60,NONE,0,0,1,UNIFORM_RANDOM,PURE,1,UNIFORM_RANDOM,POST_HARD_DECISION_BIT_FLIP,1,5000,1000000,1405547,5000,0.98634877192982451,995266,5000,0.99526599999999998,1,0,0,5000,1,5000,1,0,0,15.808820000000033,12.4,25.399999999999999,42.50400000000009,804.20000000000005,68.160840000000078,5000,200,50000,TARGET_FRAME_ERRORS_REACHED,0,0,0,1,b567568e72aabde0c6e0ee782719e23625691446bc64e74b87f7f7e42300d9fd,WORKTREE
bch.s2.impairment.result.v1,S2_05,RESIDUAL_CFO,BCH-S200,SEGMENTED,SYNDROME_LOOKUP,200,285,0.70175438596491224,6.5,4.9618513565547095,2,0,60,NONE,0,0,1,UNIFORM_RANDOM,PURE,1,UNIFORM_RANDOM,POST_HARD_DECISION_BIT_FLIP,1,5000,1000000,38424,5000,0.026964210526315788,14139,3863,0.014139000000000001,0.77259999999999995,1137,0.22739999999999999,5000,1,3863,0.77259999999999995,0,0,17.799859999999999,14,27.5,52.218000000000394,735.20000000000005,70.637220000000113,5000,200,50000,TARGET_FRAME_ERRORS_REACHED,0,0,0,1,eccec0d0a825884bb26b3e83855e4da6c3957f92f5adbd4b95803980d65a4c3d,WORKTREE
bch.s2.impairment.result.v1,S2_05,RESIDUAL_CFO,BCH-S200,SEGMENTED,SYNDROME_LOOKUP,200,285,0.70175438596491224,6.5,4.9618513565547095,2,45,60,NONE,0,0,1,UNIFORM_RANDOM,PURE,1,UNIFORM_RANDOM,POST_HARD_DECISION_BIT_FLIP,1,5000,1000000,441596,5000,0.30989192982456143,291562,5000,0.29156199999999999,1,0,0,5000,1,5000,1,0,0,18.473479999999977,14.800000000000001,29.300000000000001,45.906000000000127,710.29999999999995,72.203320000000062,5000,200,50000,TARGET_FRAME_ERRORS_REACHED,0,0,0,1,24b776ce1aae067482e637ff0fc3212370842e3aedba8e8205a05a5ca684be24,WORKTREE
bch.s2.impairment.result.v1,S2_05,RESIDUAL_CFO,BCH-S200,SEGMENTED,SYNDROME_LOOKUP,200,285,0.70175438596491224,6.5,4.9618513565547095,2,90,60,NONE,0,0,1,UNIFORM_RANDOM,PURE,1,UNIFORM_RANDOM,POST_HARD_DECISION_BIT_FLIP,1,5000,1000000,1196488,5000,0.83964070175438599,825991,5000,0.82599100000000003,1,0,0,5000,1,5000,1,0,0,18.167379999999998,14.5,28.100000000000001,49.009000000000199,412.19999999999999,71.978140000000124,5000,200,50000,TARGET_FRAME_ERRORS_REACHED,0,0,0,1,b1efdd85228d2a5aa69cb936fe6bf3b1c07ba889d047254ddd8c0e7e178e5e09,WORKTREE
bch.s2.impairment.result.v1,S2_05,RESIDUAL_CFO,BCH-S200,SEGMENTED,SYNDROME_LOOKUP,200,285,0.70175438596491224,6.5,4.9618513565547095,2,135,60,NONE,0,0,1,UNIFORM_RANDOM,PURE,1,UNIFORM_RANDOM,POST_HARD_DECISION_BIT_FLIP,1,5000,1000000,1407590,5000,0.98778245614035087,996025,5000,0.99602500000000005,1,0,0,5000,1,5000,1,0,0,16.008599999999987,13,23,35.001000000000019,294.89999999999998,68.847219999999922,5000,200,50000,TARGET_FRAME_ERRORS_REACHED,0,0,0,1,af352fd83d35cfdccb7e94b1e53c8d9ac89c525f843064e7445006871f7e4ffd,WORKTREE
bch.s2.impairment.result.v1,S2_05,RESIDUAL_CFO,BCH-S200,SEGMENTED,SYNDROME_LOOKUP,200,285,0.70175438596491224,6.7000000000000002,5.1618513565547097,2,0,60,NONE,0,0,1,UNIFORM_RANDOM,PURE,1,UNIFORM_RANDOM,POST_HARD_DECISION_BIT_FLIP,1,5000,1000000,35780,4999,0.025108771929824563,12912,3687,0.012912,0.73740000000000006,1313,0.2626,5000,1,3687,0.73740000000000006,0,0,18.527220000000046,17.5,26.5,56.901000000000018,762.89999999999998,71.507640000000009,5000,200,50000,TARGET_FRAME_ERRORS_REACHED,0,0,0,1,cb945d324ceedc49310a0edc0c03f15c3eb2f941f4a479ca17f80995f3fa48a7,WORKTREE
bch.s2.impairment.result.v1,S2_05,RESIDUAL_CFO,BCH-S200,SEGMENTED,SYNDROME_LOOKUP,200,285,0.70175438596491224,6.7000000000000002,5.1618513565547097,2,45,60,NONE,0,0,1,UNIFORM_RANDOM,PURE,1,UNIFORM_RANDOM,POST_HARD_DECISION_BIT_FLIP,1,5000,1000000,439464,5000,0.30839578947368423,289780,5000,0.28977999999999998,1,0,0,5000,1,5000,1,0,0,18.843999999999983,14.9,27.199999999999999,48.724000000000522,446.10000000000002,72.985740000000007,5000,200,50000,TARGET_FRAME_ERRORS_REACHED,0,0,0,1,84dcbf3b94bee5ccbf24396e54a5b3195f3c8b07cbf30dfce076832dbb094e27,WORKTREE
bch.s2.impairment.result.v1,S2_05,RESIDUAL_CFO,BCH-S200,SEGMENTED,SYNDROME_LOOKUP,200,285,0.70175438596491224,6.7000000000000002,5.1618513565547097,2,90,60,NONE,0,0,1,UNIFORM_RANDOM,PURE,1,UNIFORM_RANDOM,POST_HARD_DECISION_BIT_FLIP,1,5000,1000000,1202540,5000,0.84388771929824558,830421,5000,0.83042099999999996,1,0,0,5000,1,5000,1,0,0,20.840660000000042,19.800000000000001,31.100000000000001,70.605000000000103,689.10000000000002,79.648040000000051,5000,200,50000,TARGET_FRAME_ERRORS_REACHED,0,0,0,1,321018768cf0094b256e77d99073c192dd4a1596e40a9757277fd740ba7e409c,WORKTREE
bch.s2.impairment.result.v1,S2_05,RESIDUAL_CFO,BCH-S200,SEGMENTED,SYNDROME_LOOKUP,200,285,0.70175438596491224,6.7000000000000002,5.1618513565547097,2,135,60,NONE,0,0,1,UNIFORM_RANDOM,PURE,1,UNIFORM_RANDOM,POST_HARD_DECISION_BIT_FLIP,1,5000,1000000,1409786,5000,0.98932350877192987,996673,5000,0.99667300000000003,1,0,0,5000,1,5000,1,0,0,16.084400000000052,12.699999999999999,22.399999999999999,34.002000000000045,907.39999999999998,69.495599999999797,5000,200,50000,TARGET_FRAME_ERRORS_REACHED,0,0,0,1,e243db92d53f7628f79a838e40833f39fccb8a1fab966a4f2e98cfd26ae70259,WORKTREE
bch.s2.impairment.result.v1,S2_05,RESIDUAL_CFO,BCH-S200,SEGMENTED,SYNDROME_LOOKUP,200,285,0.70175438596491224,6.9000000000000004,5.3618513565547099,2,0,60,NONE,0,0,1,UNIFORM_RANDOM,PURE,1,UNIFORM_RANDOM,POST_HARD_DECISION_BIT_FLIP,1,5000,1000000,32486,4992,0.022797192982456142,11049,3377,0.011049,0.6754,1623,0.3246,5000,1,3377,0.6754,0,0,16.906019999999991,15.800000000000001,24.5,36.312000000000261,281.80000000000001,67.721320000000063,5000,200,50000,TARGET_FRAME_ERRORS_REACHED,0,0,0,1,84c225d2c63060ea00cd5b758e86b13baa6844217b9c69179c8c9c76fa7e152e,WORKTREE
bch.s2.impairment.result.v1,S2_05,RESIDUAL_CFO,BCH-S200,SEGMENTED,SYNDROME_LOOKUP,200,285,0.70175438596491224,6.9000000000000004,5.3618513565547099,2,45,60,NONE,0,0,1,UNIFORM_RANDOM,PURE,1,UNIFORM_RANDOM,POST_HARD_DECISION_BIT_FLIP,1,5000,1000000,435022,5000,0.30527859649122807,285867,5000,0.28586699999999998,1,0,0,5000,1,5000,1,0,0,17.610879999999966,14.199999999999999,25.199999999999999,39.307000000000151,794.60000000000002,70.439620000000033,5000,200,50000,TARGET_FRAME_ERRORS_REACHED,0,0,0,1,6773482d8dfb454f405b91e877b61cb98c14a99184b47e26727453f68d1234cd,WORKTREE
bch.s2.impairment.result.v1,S2_05,RESIDUAL_CFO,BCH-S200,SEGMENTED,SYNDROME_LOOKUP,200,285,0.70175438596491224,6.9000000000000004,5.3618513565547099,2,90,60,NONE,0,0,1,UNIFORM_RANDOM,PURE,1,UNIFORM_RANDOM,POST_HARD_DECISION_BIT_FLIP,1,5000,1000000,1207358,5000,0.84726877192982453,834298,5000,0.83429799999999998,1,0,0,5000,1,5000,1,0,0,18.646560000000001,17.899999999999999,25.505000000000017,46.502000000000045,1308.9000000000001,72.849459999999922,5000,200,50000,TARGET_FRAME_ERRORS_REACHED,0,0,0,1,d130d97aeec0b8ecba62b69d81cddbefa3044987c5caa108279362593b42c0e0,WORKTREE
bch.s2.impairment.result.v1,S2_05,RESIDUAL_CFO,BCH-S200,SEGMENTED,SYNDROME_LOOKUP,200,285,0.70175438596491224,6.9000000000000004,5.3618513565547099,2,135,60,NONE,0,0,1,UNIFORM_RANDOM,PURE,1,UNIFORM_RANDOM,POST_HARD_DECISION_BIT_FLIP,1,5000,1000000,1411718,5000,0.99067929824561407,997451,5000,0.99745099999999998,1,0,0,5000,1,5000,1,0,0,15.650300000000035,12.5,22.300000000000001,31.901000000000021,194.40000000000001,67.947719999999862,5000,200,50000,TARGET_FRAME_ERRORS_REACHED,0,0,0,1,69d24d7787d2b2f3056ce3134a97cc3c73c4ea9d9b4b97a0495711294e9ecb12,WORKTREE
bch.s2.impairment.result.v1,S2_05,RESIDUAL_CFO,BCH-S200,SEGMENTED,SYNDROME_LOOKUP,200,285,0.70175438596491224,7.0999999999999996,5.5618513565547092,2,0,60,NONE,0,0,1,UNIFORM_RANDOM,PURE,1,UNIFORM_RANDOM,POST_HARD_DECISION_BIT_FLIP,1,5000,1000000,29610,4989,0.020778947368421053,9616,3101,0.0096159999999999995,0.62019999999999997,1899,0.37980000000000003,5000,1,3101,0.62019999999999997,0,0,17.364339999999981,14.300000000000001,27,50.103000000000073,316.89999999999998,70.216580000000107,5000,200,50000,TARGET_FRAME_ERRORS_REACHED,0,0,0,1,460cb7c82d99d7d1c78354170867511118eb3af7a7f81e3445b987ac6dd71abf,WORKTREE
bch.s2.impairment.result.v1,S2_05,RESIDUAL_CFO,BCH-S200,SEGMENTED,SYNDROME_LOOKUP,200,285,0.70175438596491224,7.0999999999999996,5.5618513565547092,2,45,60,NONE,0,0,1,UNIFORM_RANDOM,PURE,1,UNIFORM_RANDOM,POST_HARD_DECISION_BIT_FLIP,1,5000,1000000,432324,5000,0.30338526315789471,282964,5000,0.28296399999999999,1,0,0,5000,1,5000,1,0,0,19.017480000000038,15,30,47.735000000000767,586.5,74.430039999999991,5000,200,50000,TARGET_FRAME_ERRORS_REACHED,0,0,0,1,8def493e136ecaf5d76d3f0e31394b87b32425c31355225136c28f00735d15dd,WORKTREE
bch.s2.impairment.result.v1,S2_05,RESIDUAL_CFO,BCH-S200,SEGMENTED,SYNDROME_LOOKUP,200,285,0.70175438596491224,7.0999999999999996,5.5618513565547092,2,90,60,NONE,0,0,1,UNIFORM_RANDOM,PURE,1,UNIFORM_RANDOM,POST_HARD_DECISION_BIT_FLIP,1,5000,1000000,1213069,5000,0.85127649122807014,838275,5000,0.83827499999999999,1,0,0,5000,1,5000,1,0,0,29.199380000000016,23.899999999999999,43.305000000000014,132.81600000000034,1728.8,101.94994000000008,5000,200,50000,TARGET_FRAME_ERRORS_REACHED,0,0,0,1,5d86a0edbed18a91d5176cd3caebec29bd7aa0395653a5133c15ebe4a9b9f4f5,WORKTREE
bch.s2.impairment.result.v1,S2_05,RESIDUAL_CFO,BCH-S200,SEGMENTED,SYNDROME_LOOKUP,200,285,0.70175438596491224,7.0999999999999996,5.5618513565547092,2,135,60,NONE,0,0,1,UNIFORM_RANDOM,PURE,1,UNIFORM_RANDOM,POST_HARD_DECISION_BIT_FLIP,1,5000,1000000,1413368,5000,0.9918371929824561,997873,5000,0.99787300000000001,1,0,0,5000,1,5000,1,0,0,23.657979999999974,19.899999999999999,32.100000000000001,94.708000000000183,4321.1000000000004,87.013500000000136,5000,200,50000,TARGET_FRAME_ERRORS_REACHED,0,0,0,1,7691d71f69d86aebc60ef43b5dcb6c6e35494a5923154cda1cb08e8b24c3dceb,WORKTREE
bch.s2.impairment.result.v1,S2_05,RESIDUAL_CFO,BCH-S200,SEGMENTED,SYNDROME_LOOKUP,200,285,0.70175438596491224,7.2999999999999998,5.7618513565547094,2,0,60,NONE,0,0,1,UNIFORM_RANDOM,PURE,1,UNIFORM_RANDOM,POST_HARD_DECISION_BIT_FLIP,1,5000,1000000,26805,4986,0.018810526315789472,8234,2843,0.008234,0.56859999999999999,2157,0.43140000000000001,5000,1,2843,0.56859999999999999,0,0,24.788800000000055,20.100000000000001,35.600000000000001,119.61900000000041,1626.9000000000001,91.013679999999823,5000,200,50000,TARGET_FRAME_ERRORS_REACHED,0,0,0,1,a1a4b70027d4ff5a182a107e3be2ce856371953fa758a2fc803809c07c7322fa,WORKTREE
bch.s2.impairment.result.v1,S2_05,RESIDUAL_CFO,BCH-S200,SEGMENTED,SYNDROME_LOOKUP,200,285,0.70175438596491224,7.2999999999999998,5.7618513565547094,2,45,60,NONE,0,0,1,UNIFORM_RANDOM,PURE,1,UNIFORM_RANDOM,POST_HARD_DECISION_BIT_FLIP,1,5000,1000000,428613,5000,0.30078105263157895,279415,5000,0.27941500000000002,1,0,0,5000,1,5000,1,0,0,38.145500000000013,24,61.605000000000018,296.13100000000071,12372,124.34046000000001,5000,200,50000,TARGET_FRAME_ERRORS_REACHED,0,0,0,1,e1ed0b4bfda66ece9394d3d2d6b04b2abad6c3e5787404852d14248c5f2714f8,WORKTREE
bch.s2.impairment.result.v1,S2_05,RESIDUAL_CFO,BCH-S200,SEGMENTED,SYNDROME_LOOKUP,200,285,0.70175438596491224,7.2999999999999998,5.7618513565547094,2,90,60,NONE,0,0,1,UNIFORM_RANDOM,PURE,1,UNIFORM_RANDOM,POST_HARD_DECISION_BIT_FLIP,1,5000,1000000,1217925,5000,0.85468421052631582,842545,5000,0.84254499999999999,1,0,0,5000,1,5000,1,0,0,27.331960000000016,22,39.805000000000014,115.90100000000002,1718,96.391140000000021,5000,200,50000,TARGET_FRAME_ERRORS_REACHED,0,0,0,1,a4aa700c0cfae97a274d7cb3a6fcb6943816eb94a5a28f3c591ceebbae5efbf5,WORKTREE
bch.s2.impairment.result.v1,S2_05,RESIDUAL_CFO,BCH-S200,SEGMENTED,SYNDROME_LOOKUP,200,285,0.70175438596491224,7.2999999999999998,5.7618513565547094,2,135,60,NONE,0,0,1,UNIFORM_RANDOM,PURE,1,UNIFORM_RANDOM,POST_HARD_DECISION_BIT_FLIP,1,5000,1000000,1415072,5000,0.99303298245614036,998414,5000,0.99841400000000002,1,0,0,5000,1,5000,1,0,0,29.35044000000002,20.300000000000001,42.899999999999999,194.41000000000022,3859.5999999999999,109.3230200000003,5000,200,50000,TARGET_FRAME_ERRORS_REACHED,0,0,0,1,413698a1a68cccd8cd1a41b85ab12cc83f40bddaa9f71e5de7096b4501987e15,WORKTREE
bch.s2.impairment.result.v1,S2_05,RESIDUAL_CFO,BCH-S200,SEGMENTED,SYNDROME_LOOKUP,200,285,0.70175438596491224,7.5,5.9618513565547095,2,0,60,NONE,0,0,1,UNIFORM_RANDOM,PURE,1,UNIFORM_RANDOM,POST_HARD_DECISION_BIT_FLIP,1,5000,1000000,24187,4961,0.016973333333333333,6980,2570,0.0069800000000000001,0.51400000000000001,2430,0.48599999999999999,5000,1,2570,0.51400000000000001,0,0,31.965339999999951,20.600000000000001,39.630000000000109,143.90000000000001,6728.8000000000002,105.02586000000024,5000,200,50000,TARGET_FRAME_ERRORS_REACHED,0,0,0,1,c51c3f6af743dd3e0a2fb9e2158a704eb5fb4b7ef896a94589e17d27bba1dfff,WORKTREE
bch.s2.impairment.result.v1,S2_05,RESIDUAL_CFO,BCH-S200,SEGMENTED,SYNDROME_LOOKUP,200,285,0.70175438596491224,7.5,5.9618513565547095,2,45,60,NONE,0,0,1,UNIFORM_RANDOM,PURE,1,UNIFORM_RANDOM,POST_HARD_DECISION_BIT_FLIP,1,5000,1000000,425430,5000,0.29854736842105262,276158,5000,0.27615800000000001,1,0,0,5000,1,5000,1,0,0,39.529100000000064,23.199999999999999,41.240000000000151,186.34700000000103,22080.200000000001,121.43340000000006,5000,200,50000,TARGET_FRAME_ERRORS_REACHED,0,0,0,1,90f43a4b8405b5d4eb764bd62b3939f70dc32035ae7cb1d63adf85b38a210900,WORKTREE
bch.s2.impairment.result.v1,S2_05,RESIDUAL_CFO,BCH-S200,SEGMENTED,SYNDROME_LOOKUP,200,285,0.70175438596491224,7.5,5.9618513565547095,2,90,60,NONE,0,0,1,UNIFORM_RANDOM,PURE,1,UNIFORM_RANDOM,POST_HARD_DECISION_BIT_FLIP,1,5000,1000000,1222784,5000,0.85809403508771931,846015,5000,0.84601499999999996,1,0,0,5000,1,5000,1,0,0,33.759399999999793,21.600000000000001,31.800000000000001,86.501000000000019,30149.900000000001,112.08588000000037,5000,200,50000,TARGET_FRAME_ERRORS_REACHED,0,0,0,1,b4ae652bb5e46b6fd3f38e03b1569cb596ed62330de3f20f27d9f09d3a2af7ee,WORKTREE
bch.s2.impairment.result.v1,S2_05,RESIDUAL_CFO,BCH-S200,SEGMENTED,SYNDROME_LOOKUP,200,285,0.70175438596491224,7.5,5.9618513565547095,2,135,60,NONE,0,0,1,UNIFORM_RANDOM,PURE,1,UNIFORM_RANDOM,POST_HARD_DECISION_BIT_FLIP,1,5000,1000000,1416487,5000,0.99402596491228068,998746,5000,0.99874600000000002,1,0,0,5000,1,5000,1,0,0,24.415760000000013,19.300000000000001,31,108.21300000000029,2860.8000000000002,97.295900000000032,5000,200,50000,TARGET_FRAME_ERRORS_REACHED,0,0,0,1,2e2ff87240ed6c0aff479a1741b4bbf69d64fb7040a71407e86c23435a43dc7d,WORKTREE
bch.s2.impairment.result.v1,S2_05,RESIDUAL_CFO,BCH-S200,SEGMENTED,SYNDROME_LOOKUP,200,285,0.70175438596491224,7.7000000000000002,6.1618513565547097,2,0,60,NONE,0,0,1,UNIFORM_RANDOM,PURE,1,UNIFORM_RANDOM,POST_HARD_DECISION_BIT_FLIP,1,5000,1000000,21973,4939,0.015419649122807017,6162,2365,0.0061619999999999999,0.47299999999999998,2635,0.52700000000000002,5000,1,2365,0.47299999999999998,0,0,27.932680000000044,20.899999999999999,36.705000000000027,142.20400000000009,2144.4000000000001,103.67041999999998,5000,200,50000,TARGET_FRAME_ERRORS_REACHED,0,0,0,1,682e60a5b87187f2e41e60b61281222d22956e38e3a811b27ab319ba3890ade9,WORKTREE
bch.s2.impairment.result.v1,S2_05,RESIDUAL_CFO,BCH-S200,SEGMENTED,SYNDROME_LOOKUP,200,285,0.70175438596491224,7.7000000000000002,6.1618513565547097,2,45,60,NONE,0,0,1,UNIFORM_RANDOM,PURE,1,UNIFORM_RANDOM,POST_HARD_DECISION_BIT_FLIP,1,5000,1000000,422630,5000,0.29658245614035089,273467,5000,0.27346700000000002,1,0,0,5000,1,5000,1,0,0,24.816100000000024,21.899999999999999,33.600000000000001,117.31700000000036,1280.5,94.149919999999881,5000,200,50000,TARGET_FRAME_ERRORS_REACHED,0,0,0,1,f0f4b0c12a27863def68b4ffb376958440111c8611c0af78dd46bf6f4bd88fa3,WORKTREE
bch.s2.impairment.result.v1,S2_05,RESIDUAL_CFO,BCH-S200,SEGMENTED,SYNDROME_LOOKUP,200,285,0.70175438596491224,7.7000000000000002,6.1618513565547097,2,90,60,NONE,0,0,1,UNIFORM_RANDOM,PURE,1,UNIFORM_RANDOM,POST_HARD_DECISION_BIT_FLIP,1,5000,1000000,1227032,5000,0.86107508771929819,849603,5000,0.849603,1,0,0,5000,1,5000,1,0,0,29.708139999999954,22.600000000000001,39.205000000000027,166.40300000000008,1874.7,105.00781999999995,5000,200,50000,TARGET_FRAME_ERRORS_REACHED,0,0,0,1,04a304df1c6fea15374fddc0142e7f2c96fe48ed6e53c6b6f1e03fc9db453b7c,WORKTREE
bch.s2.impairment.result.v1,S2_05,RESIDUAL_CFO,BCH-S200,SEGMENTED,SYNDROME_LOOKUP,200,285,0.70175438596491224,7.7000000000000002,6.1618513565547097,2,135,60,NONE,0,0,1,UNIFORM_RANDOM,PURE,1,UNIFORM_RANDOM,POST_HARD_DECISION_BIT_FLIP,1,5000,1000000,1417550,5000,0.99477192982456142,998985,5000,0.99898500000000001,1,0,0,5000,1,5000,1,0,0,20.031099999999999,19.100000000000001,29.100000000000001,61.11400000000031,452.30000000000001,81.090560000000167,5000,200,50000,TARGET_FRAME_ERRORS_REACHED,0,0,0,1,98c5a15441cb90098ac77e65dd7651a24463a081e927edeb44c2f45e5648f4d7,WORKTREE
bch.s2.impairment.result.v1,S2_05,RESIDUAL_CFO,BCH-S200,SEGMENTED,SYNDROME_LOOKUP,200,285,0.70175438596491224,7.9000000000000004,6.3618513565547099,2,0,60,NONE,0,0,1,UNIFORM_RANDOM,PURE,1,UNIFORM_RANDOM,POST_HARD_DECISION_BIT_FLIP,1,5000,1000000,19828,4923,0.01391438596491228,5185,2088,0.0051850000000000004,0.41760000000000003,2912,0.58240000000000003,5000,1,2088,0.41760000000000003,0,0,24.706559999999996,21,33.399999999999999,102.4040000000001,1024.2,91.059899999999899,5000,200,50000,TARGET_FRAME_ERRORS_REACHED,0,0,0,1,ef51fd8c141f477db026387cb3b4fda9cf0d158953d5085c8f184b24cc417976,WORKTREE
bch.s2.impairment.result.v1,S2_05,RESIDUAL_CFO,BCH-S200,SEGMENTED,SYNDROME_LOOKUP,200,285,0.70175438596491224,7.9000000000000004,6.3618513565547099,2,45,60,NONE,0,0,1,UNIFORM_RANDOM,PURE,1,UNIFORM_RANDOM,POST_HARD_DECISION_BIT_FLIP,1,5000,1000000,418877,5000,0.29394877192982455,270206,5000,0.270206,1,0,0,5000,1,5000,1,0,0,27.031560000000031,23.399999999999999,34,80.003000000000071,1687.2,92.841079999999991,5000,200,50000,TARGET_FRAME_ERRORS_REACHED,0,0,0,1,163185dc0be6da8cefab913db410100c5e144639aa971a4e013e92b8040e1c03,WORKTREE
bch.s2.impairment.result.v1,S2_05,RESIDUAL_CFO,BCH-S200,SEGMENTED,SYNDROME_LOOKUP,200,285,0.70175438596491224,7.9000000000000004,6.3618513565547099,2,90,60,NONE,0,0,1,UNIFORM_RANDOM,PURE,1,UNIFORM_RANDOM,POST_HARD_DECISION_BIT_FLIP,1,5000,1000000,1231674,5000,0.86433263157894735,853060,5000,0.85306000000000004,1,0,0,5000,1,5000,1,0,0,23.517260000000036,21.300000000000001,31.300000000000001,82.917000000000371,1739.8,86.233099999999993,5000,200,50000,TARGET_FRAME_ERRORS_REACHED,0,0,0,1,224184bbf184c5ab1c99d105f81b472fb6a3fa6b84e77dd98c99086d1262d88a,WORKTREE
bch.s2.impairment.result.v1,S2_05,RESIDUAL_CFO,BCH-S200,SEGMENTED,SYNDROME_LOOKUP,200,285,0.70175438596491224,7.9000000000000004,6.3618513565547099,2,135,60,NONE,0,0,1,UNIFORM_RANDOM,PURE,1,UNIFORM_RANDOM,POST_HARD_DECISION_BIT_FLIP,1,5000,1000000,1418623,5000,0.99552491228070172,999187,5000,0.99918700000000005,1,0,0,5000,1,5000,1,0,0,23.505759999999917,20,31.205000000000016,107.55300000000116,1876.5999999999999,91.132880000000256,5000,200,50000,TARGET_FRAME_ERRORS_REACHED,0,0,0,1,1cfcc831a32a68e06517c8a5490676d8239e62cc2aa8518d8c4789b2b9ade932,WORKTREE
bch.s2.impairment.result.v1,S2_05,RESIDUAL_CFO,BCH-S200,SEGMENTED,SYNDROME_LOOKUP,200,285,0.70175438596491224,8.0999999999999996,6.5618513565547092,2,0,60,NONE,0,0,1,UNIFORM_RANDOM,PURE,1,UNIFORM_RANDOM,POST_HARD_DECISION_BIT_FLIP,1,5000,1000000,17747,4875,0.012454035087719298,4202,1756,0.004202,0.35120000000000001,3244,0.64880000000000004,5000,1,1756,0.35120000000000001,0,0,32.445900000000101,20.199999999999999,31.705000000000016,121.50400000000009,33598.400000000001,98.22020000000002,5000,200,50000,TARGET_FRAME_ERRORS_REACHED,0,0,0,1,586940fccb78abae761e5f0eb71d8a8feb5989825595e9507808cc3a3c4a7f33,WORKTREE
bch.s2.impairment.result.v1,S2_05,RESIDUAL_CFO,BCH-S200,SEGMENTED,SYNDROME_LOOKUP,200,285,0.70175438596491224,8.0999999999999996,6.5618513565547092,2,45,60,NONE,0,0,1,UNIFORM_RANDOM,PURE,1,UNIFORM_RANDOM,POST_HARD_DECISION_BIT_FLIP,1,5000,1000000,416660,5000,0.29239298245614037,267546,5000,0.26754600000000001,1,0,0,5000,1,5000,1,0,0,35.540820000000011,23.399999999999999,42.805000000000014,231.30300000000008,5666.1000000000004,129.02039999999994,5000,200,50000,TARGET_FRAME_ERRORS_REACHED,0,0,0,1,0f3cd3c199ce156c64e5f7be02377169f3cc34606230d44d5e2567983a328e4c,WORKTREE
bch.s2.impairment.result.v1,S2_05,RESIDUAL_CFO,BCH-S200,SEGMENTED,SYNDROME_LOOKUP,200,285,0.70175438596491224,8.0999999999999996,6.5618513565547092,2,90,60,NONE,0,0,1,UNIFORM_RANDOM,PURE,1,UNIFORM_RANDOM,POST_HARD_DECISION_BIT_FLIP,1,5000,1000000,1236642,5000,0.86781894736842102,856529,5000,0.85652899999999998,1,0,0,5000,1,5000,1,0,0,34.587720000000111,23,39.125000000000092,170.00200000000004,9868.2000000000007,116.53514000000027,5000,200,50000,TARGET_FRAME_ERRORS_REACHED,0,0,0,1,e4474cc4b014a14f8af6643ebc6a75b074a41fc3fcd8aa1f2f80de731cfe5f20,WORKTREE
bch.s2.impairment.result.v1,S2_05,RESIDUAL_CFO,BCH-S200,SEGMENTED,SYNDROME_LOOKUP,200,285,0.70175438596491224,8.0999999999999996,6.5618513565547092,2,135,60,NONE,0,0,1,UNIFORM_RANDOM,PURE,1,UNIFORM_RANDOM,POST_HARD_DECISION_BIT_FLIP,1,5000,1000000,1419686,5000,0.99627087719298246,999470,5000,0.99946999999999997,1,0,0,5000,1,5000,1,0,0,30.603639999999928,20,33.399999999999999,187.81400000000031,8372.2000000000007,116.37521999999994,5000,200,50000,TARGET_FRAME_ERRORS_REACHED,0,0,0,1,67e6462f7527aecaa443d423b53a557c577d406e13654a86c848a3b00831a20d,WORKTREE
bch.s2.impairment.result.v1,S2_05,RESIDUAL_CFO,BCH-S200,SEGMENTED,SYNDROME_LOOKUP,200,285,0.70175438596491224,8.3000000000000007,6.7618513565547103,2,0,60,NONE,0,0,1,UNIFORM_RANDOM,PURE,1,UNIFORM_RANDOM,POST_HARD_DECISION_BIT_FLIP,1,5000,1000000,15991,4812,0.011221754385964912,3699,1579,0.003699,0.31580000000000003,3421,0.68420000000000003,5000,1,1579,0.31580000000000003,0,0,28.114760000000043,20.100000000000001,31.600000000000001,145.31100000000023,2766.3000000000002,103.21158000000007,5000,200,50000,TARGET_FRAME_ERRORS_REACHED,0,0,0,1,a90930e670537e5c83817142bfb8c4ed4aca5d1742422d05ef8b4dea9a0c82ac,WORKTREE
bch.s2.impairment.result.v1,S2_05,RESIDUAL_CFO,BCH-S200,SEGMENTED,SYNDROME_LOOKUP,200,285,0.70175438596491224,8.3000000000000007,6.7618513565547103,2,45,60,NONE,0,0,1,UNIFORM_RANDOM,PURE,1,UNIFORM_RANDOM,POST_HARD_DECISION_BIT_FLIP,1,5000,1000000,413574,5000,0.29022736842105262,264895,5000,0.26489499999999999,1,0,0,5000,1,5000,1,0,0,40.736439999999988,23.300000000000001,42.320000000000064,211.02400000000051,31602.400000000001,150.83831999999995,5000,200,50000,TARGET_FRAME_ERRORS_REACHED,0,0,0,1,a71c535cf83698059ad263325d036846f3592b1df3b7c8b6c9ac3acb74f16b14,WORKTREE
bch.s2.impairment.result.v1,S2_05,RESIDUAL_CFO,BCH-S200,SEGMENTED,SYNDROME_LOOKUP,200,285,0.70175438596491224,8.3000000000000007,6.7618513565547103,2,90,60,NONE,0,0,1,UNIFORM_RANDOM,PURE,1,UNIFORM_RANDOM,POST_HARD_DECISION_BIT_FLIP,1,5000,1000000,1241320,5000,0.87110175438596493,860167,5000,0.86016700000000001,1,0,0,5000,1,5000,1,0,0,28.982659999999967,21.699999999999999,33.200000000000003,124.01300000000029,4615.8999999999996,98.042499999999947,5000,200,50000,TARGET_FRAME_ERRORS_REACHED,0,0,0,1,893226e40e49077e54a0652e5f5c4093f7ee1cd7262e0ec339fadc9ee24f604d,WORKTREE
bch.s2.impairment.result.v1,S2_05,RESIDUAL_CFO,BCH-S200,SEGMENTED,SYNDROME_LOOKUP,200,285,0.70175438596491224,8.3000000000000007,6.7618513565547103,2,135,60,NONE,0,0,1,UNIFORM_RANDOM,PURE,1,UNIFORM_RANDOM,POST_HARD_DECISION_BIT_FLIP,1,5000,1000000,1420503,5000,0.99684421052631578,999601,5000,0.99960099999999996,1,0,0,5000,1,5000,1,0,0,27.804800000000018,19.800000000000001,38.100000000000001,153.60200000000003,4112.3000000000002,117.29696000000006,5000,200,50000,TARGET_FRAME_ERRORS_REACHED,0,0,0,1,d855544791f4cf3c61fd8c7bac2aae4ec5df2ef461d457ed43827fe5bea43f8d,WORKTREE
bch.s2.impairment.result.v1,S2_05,RESIDUAL_CFO,BCH-S200,SEGMENTED,SYNDROME_LOOKUP,200,285,0.70175438596491224,8.5,6.9618513565547095,2,0,60,NONE,0,0,1,UNIFORM_RANDOM,PURE,1,UNIFORM_RANDOM,POST_HARD_DECISION_BIT_FLIP,1,5000,1000000,13988,4679,0.0098161403508771929,2787,1276,0.002787,0.25519999999999998,3724,0.74480000000000002,5000,1,1276,0.25519999999999998,0,0,23.935020000000005,19.600000000000001,30.199999999999999,82.901000000000025,1966.8,90.344279999999898,5000,200,50000,TARGET_FRAME_ERRORS_REACHED,0,0,0,1,27cf1deb9e9b079e4c9040eea34206524b27c665b43e02273c21e8564c01165b,WORKTREE
bch.s2.impairment.result.v1,S2_05,RESIDUAL_CFO,BCH-S200,SEGMENTED,SYNDROME_LOOKUP,200,285,0.70175438596491224,8.5,6.9618513565547095,2,45,60,NONE,0,0,1,UNIFORM_RANDOM,PURE,1,UNIFORM_RANDOM,POST_HARD_DECISION_BIT_FLIP,1,5000,1000000,410368,5000,0.28797754385964913,261207,5000,0.26120700000000002,1,0,0,5000,1,5000,1,0,0,24.157200000000007,21.5,32.5,84.509000000000199,1573.2,87.29496000000006,5000,200,50000,TARGET_FRAME_ERRORS_REACHED,0,0,0,1,7fcbf3199c33acbaa50f4cc2dd488744d7f7657dec5b8375bae01ecfdf0af9b9,WORKTREE
bch.s2.impairment.result.v1,S2_05,RESIDUAL_CFO,BCH-S200,SEGMENTED,SYNDROME_LOOKUP,200,285,0.70175438596491224,8.5,6.9618513565547095,2,90,60,NONE,0,0,1,UNIFORM_RANDOM,PURE,1,UNIFORM_RANDOM,POST_HARD_DECISION_BIT_FLIP,1,5000,1000000,1245591,5000,0.87409894736842109,863554,5000,0.86355400000000004,1,0,0,5000,1,5000,1,0,0,23.660260000000054,20.899999999999999,31.199999999999999,83.417000000000371,1104,88.776879999999863,5000,200,50000,TARGET_FRAME_ERRORS_REACHED,0,0,0,1,546b1cb3e9a83255e1815ed6fc626bf063c4519cd5132d957006fff6cccad89b,WORKTREE
bch.s2.impairment.result.v1,S2_05,RESIDUAL_CFO,BCH-S200,SEGMENTED,SYNDROME_LOOKUP,200,285,0.70175438596491224,8.5,6.9618513565547095,2,135,60,NONE,0,0,1,UNIFORM_RANDOM,PURE,1,UNIFORM_RANDOM,POST_HARD_DECISION_BIT_FLIP,1,5000,1000000,1421164,5000,0.99730807017543854,999663,5000,0.99966299999999997,1,0,0,5000,1,5000,1,0,0,22.541299999999968,19.100000000000001,29.199999999999999,82.155000000001195,2537.6999999999998,88.861420000000223,5000,200,50000,TARGET_FRAME_ERRORS_REACHED,0,0,0,1,d483669816ceeb50d6d1c0c8524ea576224db131c1f1b98fe87d91b8ae73e0d7,WORKTREE
bch.s2.impairment.result.v1,S2_05,RESIDUAL_CFO,BCH-B200,WHOLE_BLOCK_SHORTENED,BERLEKAMP_MASSEY_CHIEN,200,248,0.80645161290322576,3.5,2.565783148377649,2,0,30,NONE,0,0,1,UNIFORM_RANDOM,PURE,1,UNIFORM_RANDOM,POST_HARD_DECISION_BIT_FLIP,1,5000,1000000,43640,5000,0.035193548387096776,28685,3904,0.028684999999999999,0.78080000000000005,1096,0.21920000000000001,1099,0.2198,3,0.00059999999999999995,3901,0.7802,42.239880000000078,39.299999999999997,55.605000000000018,142.81500000000034,1030.4000000000001,91.953979999999916,5000,200,50000,TARGET_FRAME_ERRORS_REACHED,0,0,0,1,7b7d1ea7d470d0db68af9e37b8a49c98565983bd75ec730a23d6168e78df1975,WORKTREE
bch.s2.impairment.result.v1,S2_05,RESIDUAL_CFO,BCH-B200,WHOLE_BLOCK_SHORTENED,BERLEKAMP_MASSEY_CHIEN,200,248,0.80645161290322576,3.5,2.565783148377649,2,45,30,NONE,0,0,1,UNIFORM_RANDOM,PURE,1,UNIFORM_RANDOM,POST_HARD_DECISION_BIT_FLIP,1,5000,1000000,224178,5000,0.18078870967741936,156873,5000,0.15687300000000001,1,0,0,7,0.0014,7,0.0014,4993,0.99860000000000004,39.222380000000058,37.5,52.805000000000014,114.80200000000004,772.79999999999995,89.492019999999826,5000,200,50000,TARGET_FRAME_ERRORS_REACHED,0,0,0,1,deb523cf5a7930ddf8b600ca735075a983287a0d33e1dbe72b8f8a00514f72f3,WORKTREE
bch.s2.impairment.result.v1,S2_05,RESIDUAL_CFO,BCH-B200,WHOLE_BLOCK_SHORTENED,BERLEKAMP_MASSEY_CHIEN,200,248,0.80645161290322576,3.5,2.565783148377649,2,90,30,NONE,0,0,1,UNIFORM_RANDOM,PURE,1,UNIFORM_RANDOM,POST_HARD_DECISION_BIT_FLIP,1,5000,1000000,843940,5000,0.68059677419354836,650064,5000,0.65006399999999998,1,0,0,5,0.001,5,0.001,4995,0.999,38.606660000000055,36.100000000000001,52.5,110.11000000000021,661.70000000000005,90.111299999999915,5000,200,50000,TARGET_FRAME_ERRORS_REACHED,0,0,0,1,b54bbfed88316ac785dbf79d3bfb56bbc9ba4aacb4c9e0c084182592516f56f9,WORKTREE
bch.s2.impairment.result.v1,S2_05,RESIDUAL_CFO,BCH-B200,WHOLE_BLOCK_SHORTENED,BERLEKAMP_MASSEY_CHIEN,200,248,0.80645161290322576,3.5,2.565783148377649,2,135,30,NONE,0,0,1,UNIFORM_RANDOM,PURE,1,UNIFORM_RANDOM,POST_HARD_DECISION_BIT_FLIP,1,5000,1000000,1173869,5000,0.9466685483870968,942192,5000,0.94219200000000003,1,0,0,2,0.00040000000000000002,2,0.00040000000000000002,4998,0.99960000000000004,36.433699999999945,31.399999999999999,51.299999999999997,87.523000000000508,570.20000000000005,84.322800000000129,5000,200,50000,TARGET_FRAME_ERRORS_REACHED,0,0,0,1,4310b7a405b6cc792e5999d1f1cf7acfe2c65dea587deb0bed7a18622dade4f3,WORKTREE
bch.s2.impairment.result.v1,S2_05,RESIDUAL_CFO,BCH-B200,WHOLE_BLOCK_SHORTENED,BERLEKAMP_MASSEY_CHIEN,200,248,0.80645161290322576,3.7000000000000002,2.7657831483776492,2,0,30,NONE,0,0,1,UNIFORM_RANDOM,PURE,1,UNIFORM_RANDOM,POST_HARD_DECISION_BIT_FLIP,1,5000,1000000,39882,5000,0.03216290322580645,23948,3413,0.023948000000000001,0.68259999999999998,1587,0.31740000000000002,1591,0.31819999999999998,4,0.00080000000000000004,3409,0.68179999999999996,36.968819999999951,32,51.899999999999999,106.25300000000117,565,83.526619999999809,5000,200,50000,TARGET_FRAME_ERRORS_REACHED,0,0,0,1,2ae33aa3feddba30ce0f799807a61a77987f30571ceabf014bbae89b4894a93c,WORKTREE
bch.s2.impairment.result.v1,S2_05,RESIDUAL_CFO,BCH-B200,WHOLE_BLOCK_SHORTENED,BERLEKAMP_MASSEY_CHIEN,200,248,0.80645161290322576,3.7000000000000002,2.7657831483776492,2,45,30,NONE,0,0,1,UNIFORM_RANDOM,PURE,1,UNIFORM_RANDOM,POST_HARD_DECISION_BIT_FLIP,1,5000,1000000,218075,5000,0.17586693548387097,151850,5000,0.15185000000000001,1,0,0,6,0.0011999999999999999,6,0.0011999999999999999,4994,0.99880000000000002,37.721939999999996,34.299999999999997,51.205000000000027,101.21100000000025,747.39999999999998,86.953819999999737,5000,200,50000,TARGET_FRAME_ERRORS_REACHED,0,0,0,1,03c54cdd95dd3d5b46d28313be181ad96ed5b39096bf9cca02b7b3c731405ea0,WORKTREE
bch.s2.impairment.result.v1,S2_05,RESIDUAL_CFO,BCH-B200,WHOLE_BLOCK_SHORTENED,BERLEKAMP_MASSEY_CHIEN,200,248,0.80645161290322576,3.7000000000000002,2.7657831483776492,2,90,30,NONE,0,0,1,UNIFORM_RANDOM,PURE,1,UNIFORM_RANDOM,POST_HARD_DECISION_BIT_FLIP,1,5000,1000000,848551,5000,0.6843153225806452,653497,5000,0.65349699999999999,1,0,0,6,0.0011999999999999999,6,0.0011999999999999999,4994,0.99880000000000002,37.175760000000061,34.899999999999999,50.299999999999997,91.705000000000112,829.60000000000002,87.119819999999962,5000,200,50000,TARGET_FRAME_ERRORS_REACHED,0,0,0,1,7f1f3d8a47331f862f28e4cd2396db859680c3dab158f352d6ee63a1706e57d1,WORKTREE
bch.s2.impairment.result.v1,S2_05,RESIDUAL_CFO,BCH-B200,WHOLE_BLOCK_SHORTENED,BERLEKAMP_MASSEY_CHIEN,200,248,0.80645161290322576,3.7000000000000002,2.7657831483776492,2,135,30,NONE,0,0,1,UNIFORM_RANDOM,PURE,1,UNIFORM_RANDOM,POST_HARD_DECISION_BIT_FLIP,1,5000,1000000,1178429,5000,0.95034596774193547,946181,5000,0.94618100000000005,1,0,0,4,0.00080000000000000004,4,0.00080000000000000004,4996,0.99919999999999998,36.044999999999938,31.100000000000001,49.605000000000018,93.402000000000044,404.89999999999998,83.466579999999851,5000,200,50000,TARGET_FRAME_ERRORS_REACHED,0,0,0,1,157a061663beb21490d69c5f95d15eb4e90b953e1a562f8010b3e08da45ddcad,WORKTREE
bch.s2.impairment.result.v1,S2_05,RESIDUAL_CFO,BCH-B200,WHOLE_BLOCK_SHORTENED,BERLEKAMP_MASSEY_CHIEN,200,248,0.80645161290322576,3.8999999999999999,2.9657831483776489,2,0,30,NONE,0,0,1,UNIFORM_RANDOM,PURE,1,UNIFORM_RANDOM,POST_HARD_DECISION_BIT_FLIP,1,5000,1000000,35939,4997,0.028983064516129031,19426,2934,0.019425999999999999,0.58679999999999999,2066,0.41320000000000001,2069,0.4138,3,0.00059999999999999995,2931,0.58620000000000005,35.735099999999996,32.299999999999997,47.200000000000003,84.104000000000084,569.79999999999995,79.196799999999925,5000,200,50000,TARGET_FRAME_ERRORS_REACHED,0,0,0,1,11eeee801b4fe05e297867c8299c4ea6ecbfe9d6613d50e25d1307a4d34a1aee,WORKTREE
bch.s2.impairment.result.v1,S2_05,RESIDUAL_CFO,BCH-B200,WHOLE_BLOCK_SHORTENED,BERLEKAMP_MASSEY_CHIEN,200,248,0.80645161290322576,3.8999999999999999,2.9657831483776489,2,45,30,NONE,0,0,1,UNIFORM_RANDOM,PURE,1,UNIFORM_RANDOM,POST_HARD_DECISION_BIT_FLIP,1,5000,1000000,211324,5000,0.1704225806451613,146060,5000,0.14606,1,0,0,4,0.00080000000000000004,4,0.00080000000000000004,4996,0.99919999999999998,39.190920000000055,37.700000000000003,52.505000000000017,109.60200000000005,737.70000000000005,90.304279999999963,5000,200,50000,TARGET_FRAME_ERRORS_REACHED,0,0,0,1,026d1cdd00f6a017ccd85cbe36ab662bd4025efd7e56cc2b82f3c13400830a7d,WORKTREE
bch.s2.impairment.result.v1,S2_05,RESIDUAL_CFO,BCH-B200,WHOLE_BLOCK_SHORTENED,BERLEKAMP_MASSEY_CHIEN,200,248,0.80645161290322576,3.8999999999999999,2.9657831483776489,2,90,30,NONE,0,0,1,UNIFORM_RANDOM,PURE,1,UNIFORM_RANDOM,POST_HARD_DECISION_BIT_FLIP,1,5000,1000000,851596,5000,0.68677096774193547,655434,5000,0.65543399999999996,1,0,0,1,0.00020000000000000001,1,0.00020000000000000001,4999,0.99980000000000002,37.121839999999999,36,50.705000000000027,84.202000000000055,661,86.960460000000353,5000,200,50000,TARGET_FRAME_ERRORS_REACHED,0,0,0,1,d13b1eeca4ae917559aee6b10bca49c9b418c552994c433a4cbea4625714ed4c,WORKTREE
bch.s2.impairment.result.v1,S2_05,RESIDUAL_CFO,BCH-B200,WHOLE_BLOCK_SHORTENED,BERLEKAMP_MASSEY_CHIEN,200,248,0.80645161290322576,3.8999999999999999,2.9657831483776489,2,135,30,NONE,0,0,1,UNIFORM_RANDOM,PURE,1,UNIFORM_RANDOM,POST_HARD_DECISION_BIT_FLIP,1,5000,1000000,1182816,5000,0.95388387096774196,949752,5000,0.94975200000000004,1,0,0,6,0.0011999999999999999,6,0.0011999999999999999,4994,0.99880000000000002,35.921279999999982,31.800000000000001,47.799999999999997,84.014000000000308,400.89999999999998,82.966499999999868,5000,200,50000,TARGET_FRAME_ERRORS_REACHED,0,0,0,1,2150b6d85644efb478f820d73fabc948c353d18ca4bf5909d8c6707ae679c3f5,WORKTREE
bch.s2.impairment.result.v1,S2_05,RESIDUAL_CFO,BCH-B200,WHOLE_BLOCK_SHORTENED,BERLEKAMP_MASSEY_CHIEN,200,248,0.80645161290322576,4.0999999999999996,3.1657831483776486,2,0,30,NONE,0,0,1,UNIFORM_RANDOM,PURE,1,UNIFORM_RANDOM,POST_HARD_DECISION_BIT_FLIP,1,5000,1000000,32591,4996,0.026283064516129034,15498,2407,0.015498,0.48139999999999999,2593,0.51859999999999995,2596,0.51919999999999999,3,0.00059999999999999995,2404,0.48080000000000001,36.733160000000062,32.700000000000003,50.610000000000042,116.9090000000002,644.29999999999995,81.926620000000128,5000,200,50000,TARGET_FRAME_ERRORS_REACHED,0,0,0,1,714cec4b6ef62b7b12e3e66a1272272e3ef4093fa439c386b1f9f66ef54795e2,WORKTREE
bch.s2.impairment.result.v1,S2_05,RESIDUAL_CFO,BCH-B200,WHOLE_BLOCK_SHORTENED,BERLEKAMP_MASSEY_CHIEN,200,248,0.80645161290322576,4.0999999999999996,3.1657831483776486,2,45,30,NONE,0,0,1,UNIFORM_RANDOM,PURE,1,UNIFORM_RANDOM,POST_HARD_DECISION_BIT_FLIP,1,5000,1000000,206058,5000,0.1661758064516129,142028,5000,0.14202799999999999,1,0,0,9,0.0018,9,0.0018,4991,0.99819999999999998,40.068619999999932,37.600000000000001,52.105000000000018,105.20700000000016,3596.4000000000001,91.770079999999822,5000,200,50000,TARGET_FRAME_ERRORS_REACHED,0,0,0,1,809dcd5377bd39d0b97e37914e48360c0ce1e0ce250c5ead2946793ccefd8405,WORKTREE
bch.s2.impairment.result.v1,S2_05,RESIDUAL_CFO,BCH-B200,WHOLE_BLOCK_SHORTENED,BERLEKAMP_MASSEY_CHIEN,200,248,0.80645161290322576,4.0999999999999996,3.1657831483776486,2,90,30,NONE,0,0,1,UNIFORM_RANDOM,PURE,1,UNIFORM_RANDOM,POST_HARD_DECISION_BIT_FLIP,1,5000,1000000,857930,5000,0.69187903225806446,660310,5000,0.66030999999999995,1,0,0,6,0.0011999999999999999,6,0.0011999999999999999,4994,0.99880000000000002,37.889540000000039,35.799999999999997,52.100000000000001,103.40300000000006,947.79999999999995,87.849279999999965,5000,200,50000,TARGET_FRAME_ERRORS_REACHED,0,0,0,1,a9503b23405573cee8f3f3c10f29ca0cc98b22eef6d3c5cf92bd9a727b572ab0,WORKTREE
bch.s2.impairment.result.v1,S2_05,RESIDUAL_CFO,BCH-B200,WHOLE_BLOCK_SHORTENED,BERLEKAMP_MASSEY_CHIEN,200,248,0.80645161290322576,4.0999999999999996,3.1657831483776486,2,135,30,NONE,0,0,1,UNIFORM_RANDOM,PURE,1,UNIFORM_RANDOM,POST_HARD_DECISION_BIT_FLIP,1,5000,1000000,1187761,5000,0.95787177419354841,954092,5000,0.95409200000000005,1,0,0,6,0.0011999999999999999,6,0.0011999999999999999,4994,0.99880000000000002,39.139620000000114,37.299999999999997,52.505000000000017,116.81400000000029,794,89.816840000000184,5000,200,50000,TARGET_FRAME_ERRORS_REACHED,0,0,0,1,a87bc8263c6095a8f802ba20e1c992c9ef5eaa325b6e17ec8f3a161521981085,WORKTREE
bch.s2.impairment.result.v1,S2_05,RESIDUAL_CFO,BCH-B200,WHOLE_BLOCK_SHORTENED,BERLEKAMP_MASSEY_CHIEN,200,248,0.80645161290322576,4.2999999999999998,3.3657831483776488,2,0,30,NONE,0,0,1,UNIFORM_RANDOM,PURE,1,UNIFORM_RANDOM,POST_HARD_DECISION_BIT_FLIP,1,5000,1000000,29365,4985,0.023681451612903227,11325,1837,0.011325,0.3674,3163,0.63260000000000005,3165,0.63300000000000001,2,0.00040000000000000002,1835,0.36699999999999999,39.441840000000028,32.899999999999999,51.899999999999999,119.03800000000084,9149.2999999999993,86.61677999999992,5000,200,50000,TARGET_FRAME_ERRORS_REACHED,0,0,0,1,c2e620896347901c826988facf9216f7e94b738e9b0ec1e96b78c615daacbf90,WORKTREE
bch.s2.impairment.result.v1,S2_05,RESIDUAL_CFO,BCH-B200,WHOLE_BLOCK_SHORTENED,BERLEKAMP_MASSEY_CHIEN,200,248,0.80645161290322576,4.2999999999999998,3.3657831483776488,2,45,30,NONE,0,0,1,UNIFORM_RANDOM,PURE,1,UNIFORM_RANDOM,POST_HARD_DECISION_BIT_FLIP,1,5000,1000000,198665,5000,0.16021370967741935,135733,5000,0.13573299999999999,1,0,0,5,0.001,5,0.001,4995,0.999,39.269000000000034,35.200000000000003,52.605000000000018,112.72200000000049,673.79999999999995,90.609039999999851,5000,200,50000,TARGET_FRAME_ERRORS_REACHED,0,0,0,1,6ad949ac1e0f466d60a0e8614e55fd662f81537d1e7c880b9b3fd4ae397ac547,WORKTREE
bch.s2.impairment.result.v1,S2_05,RESIDUAL_CFO,BCH-B200,WHOLE_BLOCK_SHORTENED,BERLEKAMP_MASSEY_CHIEN,200,248,0.80645161290322576,4.2999999999999998,3.3657831483776488,2,90,30,NONE,0,0,1,UNIFORM_RANDOM,PURE,1,UNIFORM_RANDOM,POST_HARD_DECISION_BIT_FLIP,1,5000,1000000,861625,5000,0.6948588709677419,663062,5000,0.66306200000000004,1,0,0,6,0.0011999999999999999,6,0.0011999999999999999,4994,0.99880000000000002,38.855360000000033,35.399999999999999,52.600000000000001,118.92700000000059,577.70000000000005,89.641919999999885,5000,200,50000,TARGET_FRAME_ERRORS_REACHED,0,0,0,1,266a3c94f9e564dfcef14aabea81d2c81bff0e138d17297ae022bc5ac81ca879,WORKTREE
bch.s2.impairment.result.v1,S2_05,RESIDUAL_CFO,BCH-B200,WHOLE_BLOCK_SHORTENED,BERLEKAMP_MASSEY_CHIEN,200,248,0.80645161290322576,4.2999999999999998,3.3657831483776488,2,135,30,NONE,0,0,1,UNIFORM_RANDOM,PURE,1,UNIFORM_RANDOM,POST_HARD_DECISION_BIT_FLIP,1,5000,1000000,1191548,5000,0.96092580645161285,957379,5000,0.95737899999999998,1,0,0,4,0.00080000000000000004,4,0.00080000000000000004,4996,0.99919999999999998,40.182059999999922,37.899999999999999,54.710000000000043,123.90600000000013,684.39999999999998,93.193860000000427,5000,200,50000,TARGET_FRAME_ERRORS_REACHED,0,0,0,1,0866687ced3904b712c207b0eb0ea6195051b509a0743b40c4b98da4b15f9cba,WORKTREE
bch.s2.impairment.result.v1,S2_05,RESIDUAL_CFO,BCH-B200,WHOLE_BLOCK_SHORTENED,BERLEKAMP_MASSEY_CHIEN,200,248,0.80645161290322576,4.5,3.565783148377649,2,0,30,NONE,0,0,1,UNIFORM_RANDOM,PURE,1,UNIFORM_RANDOM,POST_HARD_DECISION_BIT_FLIP,1,5000,1000000,26566,4975,0.021424193548387097,8639,1447,0.0086390000000000008,0.28939999999999999,3553,0.71060000000000001,3555,0.71099999999999997,2,0.00040000000000000002,1445,0.28899999999999998,58.801159999999918,41.5,117,377.90600000000012,5707.3000000000002,126.52808000000036,5000,200,50000,TARGET_FRAME_ERRORS_REACHED,0,0,0,1,20535d9feb05eb473ddce3edbf9363def182960d4d06c3cea930d6c0ce48fb31,WORKTREE
bch.s2.impairment.result.v1,S2_05,RESIDUAL_CFO,BCH-B200,WHOLE_BLOCK_SHORTENED,BERLEKAMP_MASSEY_CHIEN,200,248,0.80645161290322576,4.5,3.565783148377649,2,45,30,NONE,0,0,1,UNIFORM_RANDOM,PURE,1,UNIFORM_RANDOM,POST_HARD_DECISION_BIT_FLIP,1,5000,1000000,192527,5000,0.15526370967741934,130584,5000,0.13058400000000001,1,0,0,4,0.00080000000000000004,4,0.00080000000000000004,4996,0.99919999999999998,46.3250999999999,39.5,63.005000000000017,217.13600000000076,1884.0999999999999,103.91337999999985,5000,200,50000,TARGET_FRAME_ERRORS_REACHED,0,0,0,1,ff0f13548665ad177b91e4d52144598b333ef82df5745c9100bb31a52cf228bc,WORKTREE
bch.s2.impairment.result.v1,S2_05,RESIDUAL_CFO,BCH-B200,WHOLE_BLOCK_SHORTENED,BERLEKAMP_MASSEY_CHIEN,200,248,0.80645161290322576,4.5,3.565783148377649,2,90,30,NONE,0,0,1,UNIFORM_RANDOM,PURE,1,UNIFORM_RANDOM,POST_HARD_DECISION_BIT_FLIP,1,5000,1000000,866585,5000,0.69885887096774191,666356,5000,0.66635599999999995,1,0,0,6,0.0011999999999999999,6,0.0011999999999999999,4994,0.99880000000000002,41.881959999999914,38.600000000000001,54.305000000000014,140.10800000000015,2601.5999999999999,94.991839999999996,5000,200,50000,TARGET_FRAME_ERRORS_REACHED,0,0,0,1,229836bf2afa87a684c9ab8320106b68d216b05b162fd7e9a31508bd0c6ab4c2,WORKTREE
bch.s2.impairment.result.v1,S2_05,RESIDUAL_CFO,BCH-B200,WHOLE_BLOCK_SHORTENED,BERLEKAMP_MASSEY_CHIEN,200,248,0.80645161290322576,4.5,3.565783148377649,2,135,30,NONE,0,0,1,UNIFORM_RANDOM,PURE,1,UNIFORM_RANDOM,POST_HARD_DECISION_BIT_FLIP,1,5000,1000000,1195435,5000,0.96406048387096777,960689,5000,0.96068900000000002,1,0,0,3,0.00059999999999999995,3,0.00059999999999999995,4997,0.99939999999999996,55.060319999999869,40.5,76.90500000000003,286.64800000000105,19798.900000000001,115.96828000000019,5000,200,50000,TARGET_FRAME_ERRORS_REACHED,0,0,0,1,5622005e365c1f1e5c15061b9ca62d7a777966d29539dbb4a42df0f8c6f09d57,WORKTREE
bch.s2.impairment.result.v1,S2_05,RESIDUAL_CFO,BCH-B200,WHOLE_BLOCK_SHORTENED,BERLEKAMP_MASSEY_CHIEN,200,248,0.80645161290322576,4.7000000000000002,3.7657831483776492,2,0,30,NONE,0,0,1,UNIFORM_RANDOM,PURE,1,UNIFORM_RANDOM,POST_HARD_DECISION_BIT_FLIP,1,5000,1000000,23352,4955,0.01883225806451613,5613,957,0.0056129999999999999,0.19139999999999999,4043,0.80859999999999999,4043,0.80859999999999999,0,0,957,0.19139999999999999,37.613800000000126,33.700000000000003,51.305000000000014,136.02800000000062,1175.7,91.794680000000128,5000,200,50000,TARGET_FRAME_ERRORS_REACHED,0,0,0,1,a567951c105fbc39fe3ea9370e51692270b8c3e8ae92404c57352e196e35221c,WORKTREE
bch.s2.impairment.result.v1,S2_05,RESIDUAL_CFO,BCH-B200,WHOLE_BLOCK_SHORTENED,BERLEKAMP_MASSEY_CHIEN,200,248,0.80645161290322576,4.7000000000000002,3.7657831483776492,2,45,30,NONE,0,0,1,UNIFORM_RANDOM,PURE,1,UNIFORM_RANDOM,POST_HARD_DECISION_BIT_FLIP,1,5000,1000000,185876,5000,0.14990000000000001,125446,5000,0.125446,1,0,0,10,0.002,10,0.002,4990,0.998,56.303859999999951,40,88.90500000000003,404.98900000000191,4513.1000000000004,121.7530800000002,5000,200,50000,TARGET_FRAME_ERRORS_REACHED,0,0,0,1,a2672488fa3a242868f4e64b48723443a325bea62f1ee4b5eda0cd070de895c4,WORKTREE
bch.s2.impairment.result.v1,S2_05,RESIDUAL_CFO,BCH-B200,WHOLE_BLOCK_SHORTENED,BERLEKAMP_MASSEY_CHIEN,200,248,0.80645161290322576,4.7000000000000002,3.7657831483776492,2,90,30,NONE,0,0,1,UNIFORM_RANDOM,PURE,1,UNIFORM_RANDOM,POST_HARD_DECISION_BIT_FLIP,1,5000,1000000,870902,5000,0.70234032258064516,669282,5000,0.66928200000000004,1,0,0,2,0.00040000000000000002,2,0.00040000000000000002,4998,0.99960000000000004,42.058720000000051,38.600000000000001,55.399999999999999,149.50600000000014,1139.5,94.328679999999736,5000,200,50000,TARGET_FRAME_ERRORS_REACHED,0,0,0,1,aab14c2d08193bd2fae85e9e70f76ecbefa7c7e23d5e3bae7ae550f2144b0794,WORKTREE
bch.s2.impairment.result.v1,S2_05,RESIDUAL_CFO,BCH-B200,WHOLE_BLOCK_SHORTENED,BERLEKAMP_MASSEY_CHIEN,200,248,0.80645161290322576,4.7000000000000002,3.7657831483776492,2,135,30,NONE,0,0,1,UNIFORM_RANDOM,PURE,1,UNIFORM_RANDOM,POST_HARD_DECISION_BIT_FLIP,1,5000,1000000,1199247,5000,0.96713467741935488,963842,5000,0.96384199999999998,1,0,0,4,0.00080000000000000004,4,0.00080000000000000004,4996,0.99919999999999998,47.68907999999989,39.899999999999999,74.799999999999997,238.28900000000195,3576.4000000000001,106.54722000000022,5000,200,50000,TARGET_FRAME_ERRORS_REACHED,0,0,0,1,368626ae07eb1ba6455da1ea2f8903c3d5999ac8353d3be84602e1443f026c2c,WORKTREE
bch.s2.impairment.result.v1,S2_05,RESIDUAL_CFO,BCH-B200,WHOLE_BLOCK_SHORTENED,BERLEKAMP_MASSEY_CHIEN,200,248,0.80645161290322576,4.9000000000000004,3.9657831483776493,2,0,30,NONE,0,0,1,UNIFORM_RANDOM,PURE,1,UNIFORM_RANDOM,POST_HARD_DECISION_BIT_FLIP,1,5000,1000000,21124,4922,0.017035483870967743,3724,652,0.0037239999999999999,0.13039999999999999,4348,0.86960000000000004,4348,0.86960000000000004,0,0,652,0.13039999999999999,44.887939999999901,36.799999999999997,61.905000000000015,217.4180000000004,2365.8000000000002,101.3871,5000,200,50000,TARGET_FRAME_ERRORS_REACHED,0,0,0,1,a81c59bd82425814c2cdb4c4c85cb500fa70a3114d617fad629b7b2a0ea38fb0,WORKTREE
bch.s2.impairment.result.v1,S2_05,RESIDUAL_CFO,BCH-B200,WHOLE_BLOCK_SHORTENED,BERLEKAMP_MASSEY_CHIEN,200,248,0.80645161290322576,4.9000000000000004,3.9657831483776493,2,45,30,NONE,0,0,1,UNIFORM_RANDOM,PURE,1,UNIFORM_RANDOM,POST_HARD_DECISION_BIT_FLIP,1,5000,1000000,180194,5000,0.14531774193548386,120607,5000,0.12060700000000001,1,0,0,7,0.0014,7,0.0014,4993,0.99860000000000004,42.124839999999949,39.299999999999997,55.005000000000017,142.33700000000081,1214.4000000000001,96.004479999999745,5000,200,50000,TARGET_FRAME_ERRORS_REACHED,0,0,0,1,d716fb3b110f3e4f33618f1a839eae660c985950dd72aad21dddb9ad247b491a,WORKTREE
bch.s2.impairment.result.v1,S2_05,RESIDUAL_CFO,BCH-B200,WHOLE_BLOCK_SHORTENED,BERLEKAMP_MASSEY_CHIEN,200,248,0.80645161290322576,4.9000000000000004,3.9657831483776493,2,90,30,NONE,0,0,1,UNIFORM_RANDOM,PURE,1,UNIFORM_RANDOM,POST_HARD_DECISION_BIT_FLIP,1,5000,1000000,875205,5000,0.70581048387096779,672599,5000,0.67259899999999995,1,0,0,6,0.0011999999999999999,6,0.0011999999999999999,4994,0.99880000000000002,51.019079999999867,41.399999999999999,75.900000000000006,239.90100000000004,4154.6999999999998,120.52268000000016,5000,200,50000,TARGET_FRAME_ERRORS_REACHED,0,0,0,1,95c4106ad4495705146c0a1e3a3775d7ecf81cd909f48f6872fffa41f55ce75f,WORKTREE
bch.s2.impairment.result.v1,S2_05,RESIDUAL_CFO,BCH-B200,WHOLE_BLOCK_SHORTENED,BERLEKAMP_MASSEY_CHIEN,200,248,0.80645161290322576,4.9000000000000004,3.9657831483776493,2,135,30,NONE,0,0,1,UNIFORM_RANDOM,PURE,1,UNIFORM_RANDOM,POST_HARD_DECISION_BIT_FLIP,1,5000,1000000,1202775,5000,0.96997983870967741,966814,5000,0.96681399999999995,1,0,0,6,0.0011999999999999999,6,0.0011999999999999999,4994,0.99880000000000002,42.829059999999927,39,56.305000000000014,156.1600000000013,1428.5,96.682720000000103,5000,200,50000,TARGET_FRAME_ERRORS_REACHED,0,0,0,1,a18a46c7b9b4ef9e9b7be1e90d4907da8e0acb2764e107ed32198946c749223f,WORKTREE
bch.s2.impairment.result.v1,S2_05,RESIDUAL_CFO,BCH-B200,WHOLE_BLOCK_SHORTENED,BERLEKAMP_MASSEY_CHIEN,200,248,0.80645161290322576,5.0999999999999996,4.1657831483776491,2,0,30,NONE,0,0,1,UNIFORM_RANDOM,PURE,1,UNIFORM_RANDOM,POST_HARD_DECISION_BIT_FLIP,1,5000,1000000,18644,4890,0.015035483870967741,2211,397,0.0022109999999999999,0.079399999999999998,4603,0.92059999999999997,4603,0.92059999999999997,0,0,397,0.079399999999999998,38.51979999999984,33.5,53.5,143.92800000000062,2430.6999999999998,89.025960000000168,5000,200,50000,TARGET_FRAME_ERRORS_REACHED,0,0,0,1,42b3062d5ef72201ee7152120f3aa2e638895618a7a34dd89cab444f679ff209,WORKTREE
bch.s2.impairment.result.v1,S2_05,RESIDUAL_CFO,BCH-B200,WHOLE_BLOCK_SHORTENED,BERLEKAMP_MASSEY_CHIEN,200,248,0.80645161290322576,5.0999999999999996,4.1657831483776491,2,45,30,NONE,0,0,1,UNIFORM_RANDOM,PURE,1,UNIFORM_RANDOM,POST_HARD_DECISION_BIT_FLIP,1,5000,1000000,173106,5000,0.13960161290322581,115332,5000,0.115332,1,0,0,7,0.0014,7,0.0014,4993,0.99860000000000004,51.631120000000024,40,81.599999999999994,363.91700000000037,2714,111.51455999999975,5000,200,50000,TARGET_FRAME_ERRORS_REACHED,0,0,0,1,bc46dbed53c8d3021804362f0dbc5fe5fbd43b0039deb3fe0310d3d1f9cc661d,WORKTREE
bch.s2.impairment.result.v1,S2_05,RESIDUAL_CFO,BCH-B200,WHOLE_BLOCK_SHORTENED,BERLEKAMP_MASSEY_CHIEN,200,248,0.80645161290322576,5.0999999999999996,4.1657831483776491,2,90,30,NONE,0,0,1,UNIFORM_RANDOM,PURE,1,UNIFORM_RANDOM,POST_HARD_DECISION_BIT_FLIP,1,5000,1000000,881404,5000,0.71080967741935486,677163,5000,0.67716299999999996,1,0,0,9,0.0018,9,0.0018,4991,0.99819999999999998,38.723139999999951,37.399999999999999,51.200000000000003,99.701000000000036,1631.3,89.467080000000294,5000,200,50000,TARGET_FRAME_ERRORS_REACHED,0,0,0,1,2c0354bb45eac0e380c4fc03bef6cc60866ad5e86d4fe46807adb356ea566e38,WORKTREE
bch.s2.impairment.result.v1,S2_05,RESIDUAL_CFO,BCH-B200,WHOLE_BLOCK_SHORTENED,BERLEKAMP_MASSEY_CHIEN,200,248,0.80645161290322576,5.0999999999999996,4.1657831483776491,2,135,30,NONE,0,0,1,UNIFORM_RANDOM,PURE,1,UNIFORM_RANDOM,POST_HARD_DECISION_BIT_FLIP,1,5000,1000000,1206350,5000,0.97286290322580649,969995,5000,0.96999500000000005,1,0,0,10,0.002,10,0.002,4990,0.998,49.812299999999929,40.5,84.005000000000024,255.77500000000163,1845.3,115.14606000000012,5000,200,50000,TARGET_FRAME_ERRORS_REACHED,0,0,0,1,0e9c0f4b7f2f1950534979d79a47bed47d629ce0d78d17d1530801c907462b83,WORKTREE
bch.s2.impairment.result.v1,S2_05,RESIDUAL_CFO,BCH-B200,WHOLE_BLOCK_SHORTENED,BERLEKAMP_MASSEY_CHIEN,200,248,0.80645161290322576,5.2999999999999998,4.3657831483776492,2,0,30,NONE,0,0,1,UNIFORM_RANDOM,PURE,1,UNIFORM_RANDOM,POST_HARD_DECISION_BIT_FLIP,1,5000,1000000,16372,4790,0.013203225806451613,1204,220,0.001204,0.043999999999999997,4780,0.95599999999999996,4780,0.95599999999999996,0,0,220,0.043999999999999997,37.645159999999954,32,50.899999999999999,139.60400000000007,2172.1999999999998,87.754720000000063,5000,200,50000,TARGET_FRAME_ERRORS_REACHED,0,0,0,1,98f68f2aa88acc20c0493b9a8647e00f22385343ff3d35a8640299b0344276f8,WORKTREE
bch.s2.impairment.result.v1,S2_05,RESIDUAL_CFO,BCH-B200,WHOLE_BLOCK_SHORTENED,BERLEKAMP_MASSEY_CHIEN,200,248,0.80645161290322576,5.2999999999999998,4.3657831483776492,2,45,30,NONE,0,0,1,UNIFORM_RANDOM,PURE,1,UNIFORM_RANDOM,POST_HARD_DECISION_BIT_FLIP,1,5000,1000000,166666,5000,0.13440806451612902,109736,5000,0.109736,1,0,0,4,0.00080000000000000004,4,0.00080000000000000004,4996,0.99919999999999998,39.698100000000053,37.5,53.505000000000017,114.81800000000038,898.20000000000005,91.981559999999845,5000,200,50000,TARGET_FRAME_ERRORS_REACHED,0,0,0,1,9d29d436e843244aa981636c1ee3220685c129c90bc9595bac8dccfb1b6a52b0,WORKTREE
bch.s2.impairment.result.v1,S2_05,RESIDUAL_CFO,BCH-B200,WHOLE_BLOCK_SHORTENED,BERLEKAMP_MASSEY_CHIEN,200,248,0.80645161290322576,5.2999999999999998,4.3657831483776492,2,90,30,NONE,0,0,1,UNIFORM_RANDOM,PURE,1,UNIFORM_RANDOM,POST_HARD_DECISION_BIT_FLIP,1,5000,1000000,885199,5000,0.71387016129032255,679974,5000,0.67997399999999997,1,0,0,5,0.001,5,0.001,4995,0.999,49.422120000000163,39.899999999999999,75.925000000000097,260.40900000000016,2940.5,112.79528000000012,5000,200,50000,TARGET_FRAME_ERRORS_REACHED,0,0,0,1,d6c01c8281ad8e758ef063ada44e9a4720a00ed89f109969cc27f0d1beebac25,WORKTREE
bch.s2.impairment.result.v1,S2_05,RESIDUAL_CFO,BCH-B200,WHOLE_BLOCK_SHORTENED,BERLEKAMP_MASSEY_CHIEN,200,248,0.80645161290322576,5.2999999999999998,4.3657831483776492,2,135,30,NONE,0,0,1,UNIFORM_RANDOM,PURE,1,UNIFORM_RANDOM,POST_HARD_DECISION_BIT_FLIP,1,5000,1000000,1209664,5000,0.97553548387096778,972915,5000,0.97291499999999997,1,0,0,4,0.00080000000000000004,4,0.00080000000000000004,4996,0.99919999999999998,37.840339999999919,37.700000000000003,50.100000000000001,82.200000000000003,693.39999999999998,86.193500000000171,5000,200,50000,TARGET_FRAME_ERRORS_REACHED,0,0,0,1,3838651d8c0c00485f0765acb4dff84d311d484aff9e8b4ca3bc801ee650e59e,WORKTREE
bch.s2.impairment.result.v1,S2_05,RESIDUAL_CFO,BCH-B200,WHOLE_BLOCK_SHORTENED,BERLEKAMP_MASSEY_CHIEN,200,248,0.80645161290322576,5.5,4.5657831483776494,2,0,30,NONE,0,0,1,UNIFORM_RANDOM,PURE,1,UNIFORM_RANDOM,POST_HARD_DECISION_BIT_FLIP,1,8288,1657600,23666,7849,0.011513926080458339,1083,200,0.00065335424710424709,0.024131274131274132,8088,0.97586872586872586,8088,0.97586872586872586,0,0,200,0.024131274131274132,40.20098938223947,32.200000000000003,61.394999999999897,201.95199999999969,2176.1999999999998,98.261679536679509,5000,200,50000,TARGET_FRAME_ERRORS_REACHED,0,0,0,1,ef37174db4b0b7fa315ac87f47ae81acbfca76dcc93129091106da8dd8826a52,WORKTREE
bch.s2.impairment.result.v1,S2_05,RESIDUAL_CFO,BCH-B200,WHOLE_BLOCK_SHORTENED,BERLEKAMP_MASSEY_CHIEN,200,248,0.80645161290322576,5.5,4.5657831483776494,2,45,30,NONE,0,0,1,UNIFORM_RANDOM,PURE,1,UNIFORM_RANDOM,POST_HARD_DECISION_BIT_FLIP,1,5000,1000000,160228,5000,0.12921612903225807,104753,5000,0.104753,1,0,0,4,0.00080000000000000004,4,0.00080000000000000004,4996,0.99919999999999998,37.518680000000103,37.100000000000001,49.200000000000003,82.705000000000112,1161.0999999999999,85.830439999999868,5000,200,50000,TARGET_FRAME_ERRORS_REACHED,0,0,0,1,73c060253b6d88212948627cbd66a8ff544d0212d14769725d77cbfafacff7ba,WORKTREE
bch.s2.impairment.result.v1,S2_05,RESIDUAL_CFO,BCH-B200,WHOLE_BLOCK_SHORTENED,BERLEKAMP_MASSEY_CHIEN,200,248,0.80645161290322576,5.5,4.5657831483776494,2,90,30,NONE,0,0,1,UNIFORM_RANDOM,PURE,1,UNIFORM_RANDOM,POST_HARD_DECISION_BIT_FLIP,1,5000,1000000,890641,5000,0.71825887096774188,683638,5000,0.68363799999999997,1,0,0,7,0.0014,7,0.0014,4993,0.99860000000000004,40.522519999999922,38.600000000000001,52.299999999999997,124.0090000000002,1289.0999999999999,92.933379999999786,5000,200,50000,TARGET_FRAME_ERRORS_REACHED,0,0,0,1,67a6c4358218ee96f9f1a9dc8d71e696f32117a23138a35177a063afbe4e5691,WORKTREE
bch.s2.impairment.result.v1,S2_05,RESIDUAL_CFO,BCH-B200,WHOLE_BLOCK_SHORTENED,BERLEKAMP_MASSEY_CHIEN,200,248,0.80645161290322576,5.5,4.5657831483776494,2,135,30,NONE,0,0,1,UNIFORM_RANDOM,PURE,1,UNIFORM_RANDOM,POST_HARD_DECISION_BIT_FLIP,1,5000,1000000,1212660,5000,0.97795161290322585,975313,5000,0.97531299999999999,1,0,0,4,0.00080000000000000004,4,0.00080000000000000004,4996,0.99919999999999998,48.17616000000001,39.700000000000003,76.099999999999994,252.01000000000022,3006.4000000000001,107.08162,5000,200,50000,TARGET_FRAME_ERRORS_REACHED,0,0,0,1,c9c53206151ca95574613b7e20a99a11d3931e5c1133d33596285b4e1ac6b7c6,WORKTREE
bch.s2.impairment.result.v1,S2_05,RESIDUAL_CFO,BCH-B200,WHOLE_BLOCK_SHORTENED,BERLEKAMP_MASSEY_CHIEN,200,248,0.80645161290322576,5.7000000000000002,4.7657831483776496,2,0,30,NONE,0,0,1,UNIFORM_RANDOM,PURE,1,UNIFORM_RANDOM,POST_HARD_DECISION_BIT_FLIP,1,15870,3174000,39187,14528,0.0099566538610077852,1067,200,0.00033616887208569627,0.012602394454946439,15670,0.98739760554505351,15668,0.9872715816005041,0,0,202,0.012728418399495903,32.16827977315679,28.600000000000001,44.799999999999997,103.0239999999998,2316,80.495343415248982,5000,200,50000,TARGET_FRAME_ERRORS_REACHED,0,0,0,1,7f76fdb5278104440a0e01b796f26351568f8e147dddf195f5ac339931f2722f,WORKTREE
bch.s2.impairment.result.v1,S2_05,RESIDUAL_CFO,BCH-B200,WHOLE_BLOCK_SHORTENED,BERLEKAMP_MASSEY_CHIEN,200,248,0.80645161290322576,5.7000000000000002,4.7657831483776496,2,45,30,NONE,0,0,1,UNIFORM_RANDOM,PURE,1,UNIFORM_RANDOM,POST_HARD_DECISION_BIT_FLIP,1,5000,1000000,154890,5000,0.12491129032258065,100424,5000,0.100424,1,0,0,2,0.00040000000000000002,2,0.00040000000000000002,4998,0.99960000000000004,40.242559999999926,38.100000000000001,53.005000000000017,132.22100000000046,775,90.469120000000203,5000,200,50000,TARGET_FRAME_ERRORS_REACHED,0,0,0,1,288620fa488baa779bdc9ea110ee9e686fea25e82bdc4e2868e05cfa1e7ff9f5,WORKTREE
bch.s2.impairment.result.v1,S2_05,RESIDUAL_CFO,BCH-B200,WHOLE_BLOCK_SHORTENED,BERLEKAMP_MASSEY_CHIEN,200,248,0.80645161290322576,5.7000000000000002,4.7657831483776496,2,90,30,NONE,0,0,1,UNIFORM_RANDOM,PURE,1,UNIFORM_RANDOM,POST_HARD_DECISION_BIT_FLIP,1,5000,1000000,895277,5000,0.72199758064516129,687433,5000,0.68743299999999996,1,0,0,6,0.0011999999999999999,6,0.0011999999999999999,4994,0.99880000000000002,36.035500000000049,32.299999999999997,49.600000000000001,76.104000000000084,576.10000000000002,83.756279999999947,5000,200,50000,TARGET_FRAME_ERRORS_REACHED,0,0,0,1,f6c0b5c342372f5ed531efac92fd52e259c058e738a65f83c048818fbc5f4822,WORKTREE
bch.s2.impairment.result.v1,S2_05,RESIDUAL_CFO,BCH-B200,WHOLE_BLOCK_SHORTENED,BERLEKAMP_MASSEY_CHIEN,200,248,0.80645161290322576,5.7000000000000002,4.7657831483776496,2,135,30,NONE,0,0,1,UNIFORM_RANDOM,PURE,1,UNIFORM_RANDOM,POST_HARD_DECISION_BIT_FLIP,1,5000,1000000,1215787,5000,0.98047338709677423,978157,5000,0.97815700000000005,1,0,0,8,0.0016000000000000001,8,0.0016000000000000001,4992,0.99839999999999995,37.204160000000023,33.399999999999999,51.005000000000017,101.81400000000029,652.79999999999995,85.381340000000279,5000,200,50000,TARGET_FRAME_ERRORS_REACHED,0,0,0,1,b1f63dbd8c47411a56f9cf9bda08f6bc05b7b0d5963e5e98dc52d0cdbf84f8b2,WORKTREE
bch.s2.impairment.result.v1,S2_05,RESIDUAL_CFO,BCH-B200,WHOLE_BLOCK_SHORTENED,BERLEKAMP_MASSEY_CHIEN,200,248,0.80645161290322576,5.9000000000000004,4.9657831483776498,2,0,30,NONE,0,0,1,UNIFORM_RANDOM,PURE,1,UNIFORM_RANDOM,POST_HARD_DECISION_BIT_FLIP,1,34977,6995400,75194,30980,0.0086685997342032129,1037,200,0.0001482402721788604,0.0057180432855876715,34777,0.99428195671441233,34777,0.99428195671441233,0,0,200,0.0057180432855876715,29.956239814735486,27.399999999999999,43.299999999999997,83.700000000000003,1160.5,75.938102181433464,5000,200,50000,TARGET_FRAME_ERRORS_REACHED,0,0,0,1,3d48f519783267f55b0f8e43081ee22d15a4d2efa5d504cc3c7a7be1f4eebf54,WORKTREE
bch.s2.impairment.result.v1,S2_05,RESIDUAL_CFO,BCH-B200,WHOLE_BLOCK_SHORTENED,BERLEKAMP_MASSEY_CHIEN,200,248,0.80645161290322576,5.9000000000000004,4.9657831483776498,2,45,30,NONE,0,0,1,UNIFORM_RANDOM,PURE,1,UNIFORM_RANDOM,POST_HARD_DECISION_BIT_FLIP,1,5000,1000000,148768,5000,0.11997419354838709,95298,5000,0.095297999999999994,1,0,0,1,0.00020000000000000001,1,0.00020000000000000001,4999,0.99980000000000002,39.356639999999928,38.600000000000001,51.700000000000003,105.70200000000006,629.5,89.192360000000008,5000,200,50000,TARGET_FRAME_ERRORS_REACHED,0,0,0,1,6a659b9a5658214f8a3705411742796fea084c364850d2c7ac0b7a60ee1c4578,WORKTREE
bch.s2.impairment.result.v1,S2_05,RESIDUAL_CFO,BCH-B200,WHOLE_BLOCK_SHORTENED,BERLEKAMP_MASSEY_CHIEN,200,248,0.80645161290322576,5.9000000000000004,4.9657831483776498,2,90,30,NONE,0,0,1,UNIFORM_RANDOM,PURE,1,UNIFORM_RANDOM,POST_HARD_DECISION_BIT_FLIP,1,5000,1000000,901021,5000,0.72662983870967746,691460,5000,0.69145999999999996,1,0,0,3,0.00059999999999999995,3,0.00059999999999999995,4997,0.99939999999999996,37.420779999999944,33,50.899999999999999,106.01700000000037,496.80000000000001,86.824320000000085,5000,200,50000,TARGET_FRAME_ERRORS_REACHED,0,0,0,1,9ebfd93550fc3c869d6bba423e30a60212353f87e675a2920d635fef3e2b240f,WORKTREE
bch.s2.impairment.result.v1,S2_05,RESIDUAL_CFO,BCH-B200,WHOLE_BLOCK_SHORTENED,BERLEKAMP_MASSEY_CHIEN,200,248,0.80645161290322576,5.9000000000000004,4.9657831483776498,2,135,30,NONE,0,0,1,UNIFORM_RANDOM,PURE,1,UNIFORM_RANDOM,POST_HARD_DECISION_BIT_FLIP,1,5000,1000000,1218039,5000,0.98228951612903226,980091,5000,0.98009100000000005,1,0,0,9,0.0018,9,0.0018,4991,0.99819999999999998,37.143960000000007,34.600000000000001,50.5,93.413000000000281,612.20000000000005,85.2978200000003,5000,200,50000,TARGET_FRAME_ERRORS_REACHED,0,0,0,1,17d90ad1a03b1f7f7474d6f5cbbb4101e4a7109c6d4427d2e02148b38df0f466,WORKTREE
bch.s2.impairment.result.v1,S2_05,RESIDUAL_CFO,BCH-B200,WHOLE_BLOCK_SHORTENED,BERLEKAMP_MASSEY_CHIEN,200,248,0.80645161290322576,6.0999999999999996,5.1657831483776491,2,0,30,NONE,0,0,1,UNIFORM_RANDOM,PURE,1,UNIFORM_RANDOM,POST_HARD_DECISION_BIT_FLIP,1,50000,10000000,92459,42149,0.0074563709677419356,780,150,7.7999999999999999e-05,0.0030000000000000001,49850,0.997,49850,0.997,0,0,150,0.0030000000000000001,36.50893999999996,30.399999999999999,50.604999999999563,156.30000000000001,11423.6,93.177273999998889,5000,200,50000,MAX_FRAMES_REACHED,0,0,0,1,02d3d4bd1acf6bb1094bc220f7900073162666ec724a2cb6b32a7f7cbe2d9cb6,WORKTREE
bch.s2.impairment.result.v1,S2_05,RESIDUAL_CFO,BCH-B200,WHOLE_BLOCK_SHORTENED,BERLEKAMP_MASSEY_CHIEN,200,248,0.80645161290322576,6.0999999999999996,5.1657831483776491,2,45,30,NONE,0,0,1,UNIFORM_RANDOM,PURE,1,UNIFORM_RANDOM,POST_HARD_DECISION_BIT_FLIP,1,5000,1000000,142282,5000,0.11474354838709677,90383,5000,0.090383000000000005,1,0,0,8,0.0016000000000000001,8,0.0016000000000000001,4992,0.99839999999999995,46.416520000000013,39.799999999999997,63.305000000000014,163.91600000000037,9523.2999999999993,103.10185999999997,5000,200,50000,TARGET_FRAME_ERRORS_REACHED,0,0,0,1,1fc3f5831c6832910eafea1fd504a8153b79d2bfc2f088dc162ff7c106e6fdcb,WORKTREE
bch.s2.impairment.result.v1,S2_05,RESIDUAL_CFO,BCH-B200,WHOLE_BLOCK_SHORTENED,BERLEKAMP_MASSEY_CHIEN,200,248,0.80645161290322576,6.0999999999999996,5.1657831483776491,2,90,30,NONE,0,0,1,UNIFORM_RANDOM,PURE,1,UNIFORM_RANDOM,POST_HARD_DECISION_BIT_FLIP,1,5000,1000000,904257,5000,0.72923951612903226,693543,5000,0.69354300000000002,1,0,0,5,0.001,5,0.001,4995,0.999,50.130900000000004,40.5,63.600000000000001,240.23100000000068,4934.1999999999998,111.00309999999998,5000,200,50000,TARGET_FRAME_ERRORS_REACHED,0,0,0,1,e925f99324ad5238f515fdd9572fee02c785ffdbcd0cf85da6d2967df8b2dab5,WORKTREE
bch.s2.impairment.result.v1,S2_05,RESIDUAL_CFO,BCH-B200,WHOLE_BLOCK_SHORTENED,BERLEKAMP_MASSEY_CHIEN,200,248,0.80645161290322576,6.0999999999999996,5.1657831483776491,2,135,30,NONE,0,0,1,UNIFORM_RANDOM,PURE,1,UNIFORM_RANDOM,POST_HARD_DECISION_BIT_FLIP,1,5000,1000000,1220516,5000,0.98428709677419357,982290,5000,0.98229,1,0,0,5,0.001,5,0.001,4995,0.999,55.190799999999918,40.600000000000001,73.410000000000053,452.94700000000324,6287,121.77965999999989,5000,200,50000,TARGET_FRAME_ERRORS_REACHED,0,0,0,1,fb7229bc6ca7478f7f5a34eee521181dd121e0167489060d59623c254f44cf54,WORKTREE
bch.s2.impairment.result.v1,S2_05,RESIDUAL_CFO,BCH-B200,WHOLE_BLOCK_SHORTENED,BERLEKAMP_MASSEY_CHIEN,200,248,0.80645161290322576,6.2999999999999998,5.3657831483776492,2,0,30,NONE,0,0,1,UNIFORM_RANDOM,PURE,1,UNIFORM_RANDOM,POST_HARD_DECISION_BIT_FLIP,1,50000,10000000,78886,39647,0.0063617741935483871,251,50,2.51e-05,0.001,49950,0.999,49950,0.999,0,0,50,0.001,36.974522000000171,29.300000000000001,52.299999999999997,181.1020000000004,7267.3999999999996,94.191585999999432,5000,200,50000,MAX_FRAMES_REACHED,0,0,0,1,837251b79b1c2abc3ab10064d62eaad4c9221a1e7cbc39b0fc3c2ab9bfa9b253,WORKTREE
bch.s2.impairment.result.v1,S2_05,RESIDUAL_CFO,BCH-B200,WHOLE_BLOCK_SHORTENED,BERLEKAMP_MASSEY_CHIEN,200,248,0.80645161290322576,6.2999999999999998,5.3657831483776492,2,45,30,NONE,0,0,1,UNIFORM_RANDOM,PURE,1,UNIFORM_RANDOM,POST_HARD_DECISION_BIT_FLIP,1,5000,1000000,136764,5000,0.11029354838709678,85755,5000,0.085754999999999998,1,0,0,7,0.0014,7,0.0014,4993,0.99860000000000004,52.214640000000067,41.700000000000003,87.599999999999994,261.51300000000026,3825.5999999999999,116.97747999999973,5000,200,50000,TARGET_FRAME_ERRORS_REACHED,0,0,0,1,b7ea936d55b0f19c13b695c30e16ebdde647c0444be5ca1078cc7c602d7df9f7,WORKTREE
bch.s2.impairment.result.v1,S2_05,RESIDUAL_CFO,BCH-B200,WHOLE_BLOCK_SHORTENED,BERLEKAMP_MASSEY_CHIEN,200,248,0.80645161290322576,6.2999999999999998,5.3657831483776492,2,90,30,NONE,0,0,1,UNIFORM_RANDOM,PURE,1,UNIFORM_RANDOM,POST_HARD_DECISION_BIT_FLIP,1,5000,1000000,909895,5000,0.73378629032258069,697720,5000,0.69772000000000001,1,0,0,5,0.001,5,0.001,4995,0.999,47.987220000000079,41.399999999999999,64.900000000000006,209.70300000000006,1783.5999999999999,111.72597999999975,5000,200,50000,TARGET_FRAME_ERRORS_REACHED,0,0,0,1,5d7f6c07fcef6cb8196a195c0a8be2013ac5075373bc71211d67b3dcda4ddea1,WORKTREE
bch.s2.impairment.result.v1,S2_05,RESIDUAL_CFO,BCH-B200,WHOLE_BLOCK_SHORTENED,BERLEKAMP_MASSEY_CHIEN,200,248,0.80645161290322576,6.2999999999999998,5.3657831483776492,2,135,30,NONE,0,0,1,UNIFORM_RANDOM,PURE,1,UNIFORM_RANDOM,POST_HARD_DECISION_BIT_FLIP,1,5000,1000000,1222658,5000,0.98601451612903224,984146,5000,0.98414599999999997,1,0,0,6,0.0011999999999999999,6,0.0011999999999999999,4994,0.99880000000000002,62.01787999999982,41.5,81.900000000000006,231.70200000000003,31924.200000000001,122.06507999999982,5000,200,50000,TARGET_FRAME_ERRORS_REACHED,0,0,0,1,d701b7d15a2621a6b359f056b7e9a96c2511728efc47f09667403a8927f090a4,WORKTREE
bch.s2.impairment.result.v1,S2_05,RESIDUAL_CFO,BCH-B200,WHOLE_BLOCK_SHORTENED,BERLEKAMP_MASSEY_CHIEN,200,248,0.80645161290322576,3.5,2.565783148377649,2,0,60,NONE,0,0,1,UNIFORM_RANDOM,PURE,1,UNIFORM_RANDOM,POST_HARD_DECISION_BIT_FLIP,1,5000,1000000,81751,5000,0.065928225806451607,49467,4989,0.049466999999999997,0.99780000000000002,11,0.0022000000000000001,17,0.0033999999999999998,6,0.0011999999999999999,4983,0.99660000000000004,38.650239999999904,37.200000000000003,52,102.91000000000022,848,86.472180000000222,5000,200,50000,TARGET_FRAME_ERRORS_REACHED,0,0,0,1,454b7ef6cd46d676fc08abf5a10b5893e0539649c6b457af94c295db29059ad6,WORKTREE
bch.s2.impairment.result.v1,S2_05,RESIDUAL_CFO,BCH-B200,WHOLE_BLOCK_SHORTENED,BERLEKAMP_MASSEY_CHIEN,200,248,0.80645161290322576,3.5,2.565783148377649,2,45,60,NONE,0,0,1,UNIFORM_RANDOM,PURE,1,UNIFORM_RANDOM,POST_HARD_DECISION_BIT_FLIP,1,5000,1000000,422160,5000,0.34045161290322579,273135,5000,0.27313500000000002,1,0,0,8,0.0016000000000000001,8,0.0016000000000000001,4992,0.99839999999999995,50.186680000000059,39.399999999999999,83.810000000000031,320.21300000000025,3189.0999999999999,114.70017999999993,5000,200,50000,TARGET_FRAME_ERRORS_REACHED,0,0,0,1,c53b734232e99f8314cd03f2a93594a9b18987ba214dbb2760707485cad2ea3e,WORKTREE
bch.s2.impairment.result.v1,S2_05,RESIDUAL_CFO,BCH-B200,WHOLE_BLOCK_SHORTENED,BERLEKAMP_MASSEY_CHIEN,200,248,0.80645161290322576,3.5,2.565783148377649,2,90,60,NONE,0,0,1,UNIFORM_RANDOM,PURE,1,UNIFORM_RANDOM,POST_HARD_DECISION_BIT_FLIP,1,5000,1000000,982085,5000,0.79200403225806448,756709,5000,0.75670899999999996,1,0,0,3,0.00059999999999999995,3,0.00059999999999999995,4997,0.99939999999999996,42.427780000000084,38.899999999999999,59.405000000000015,146.60800000000015,635.5,96.687699999999879,5000,200,50000,TARGET_FRAME_ERRORS_REACHED,0,0,0,1,9601fd67970a40205acc518d39acc01ee1e9d1527e78d9cdda9a71a3c6c31fb5,WORKTREE
bch.s2.impairment.result.v1,S2_05,RESIDUAL_CFO,BCH-B200,WHOLE_BLOCK_SHORTENED,BERLEKAMP_MASSEY_CHIEN,200,248,0.80645161290322576,3.5,2.565783148377649,2,135,60,NONE,0,0,1,UNIFORM_RANDOM,PURE,1,UNIFORM_RANDOM,POST_HARD_DECISION_BIT_FLIP,1,5000,1000000,1188421,5000,0.95840403225806448,955583,5000,0.95558299999999996,1,0,0,6,0.0011999999999999999,6,0.0011999999999999999,4994,0.99880000000000002,36.990880000000047,35.5,50.100000000000001,87.708000000000183,356.5,85.136039999999909,5000,200,50000,TARGET_FRAME_ERRORS_REACHED,0,0,0,1,289cc48591787c2b72cd60d56612434c63c5e69e4e3c5eaf0db4b0b2c9d2f800,WORKTREE
bch.s2.impairment.result.v1,S2_05,RESIDUAL_CFO,BCH-B200,WHOLE_BLOCK_SHORTENED,BERLEKAMP_MASSEY_CHIEN,200,248,0.80645161290322576,3.7000000000000002,2.7657831483776492,2,0,60,NONE,0,0,1,UNIFORM_RANDOM,PURE,1,UNIFORM_RANDOM,POST_HARD_DECISION_BIT_FLIP,1,5000,1000000,76748,5000,0.061893548387096771,45648,4971,0.045648000000000001,0.99419999999999997,29,0.0057999999999999996,36,0.0071999999999999998,7,0.0014,4964,0.99280000000000002,52.771480000000025,39.799999999999997,65.910000000000039,314.19700000000211,4223.8999999999996,112.49697999999997,5000,200,50000,TARGET_FRAME_ERRORS_REACHED,0,0,0,1,79a500532b90c654b241db054b0427b139ab923f022afce9edf4b4279497c200,WORKTREE
bch.s2.impairment.result.v1,S2_05,RESIDUAL_CFO,BCH-B200,WHOLE_BLOCK_SHORTENED,BERLEKAMP_MASSEY_CHIEN,200,248,0.80645161290322576,3.7000000000000002,2.7657831483776492,2,45,60,NONE,0,0,1,UNIFORM_RANDOM,PURE,1,UNIFORM_RANDOM,POST_HARD_DECISION_BIT_FLIP,1,5000,1000000,419187,5000,0.33805403225806452,269661,5000,0.26966099999999998,1,0,0,4,0.00080000000000000004,4,0.00080000000000000004,4996,0.99919999999999998,38.679539999999854,37.700000000000003,51.799999999999997,103.60400000000008,715.20000000000005,90.732060000000118,5000,200,50000,TARGET_FRAME_ERRORS_REACHED,0,0,0,1,afad8ddc7f93ec036132e807dc4f8c9235587cc5dfaca8b79cc76a06b703cc66,WORKTREE
bch.s2.impairment.result.v1,S2_05,RESIDUAL_CFO,BCH-B200,WHOLE_BLOCK_SHORTENED,BERLEKAMP_MASSEY_CHIEN,200,248,0.80645161290322576,3.7000000000000002,2.7657831483776492,2,90,60,NONE,0,0,1,UNIFORM_RANDOM,PURE,1,UNIFORM_RANDOM,POST_HARD_DECISION_BIT_FLIP,1,5000,1000000,987338,5000,0.79624032258064514,761254,5000,0.76125399999999999,1,0,0,5,0.001,5,0.001,4995,0.999,44.068739999999991,39.100000000000001,64.505000000000024,174.06000000000131,1636.2,100.27474000000019,5000,200,50000,TARGET_FRAME_ERRORS_REACHED,0,0,0,1,152b18b997858bb79340154f140e0db5f7a10c5390e80fcb4ead8c9d9a1972d5,WORKTREE
bch.s2.impairment.result.v1,S2_05,RESIDUAL_CFO,BCH-B200,WHOLE_BLOCK_SHORTENED,BERLEKAMP_MASSEY_CHIEN,200,248,0.80645161290322576,3.7000000000000002,2.7657831483776492,2,135,60,NONE,0,0,1,UNIFORM_RANDOM,PURE,1,UNIFORM_RANDOM,POST_HARD_DECISION_BIT_FLIP,1,5000,1000000,1192348,5000,0.96157096774193551,959041,5000,0.95904100000000003,1,0,0,1,0.00020000000000000001,1,0.00020000000000000001,4999,0.99980000000000002,53.446079999999981,40.600000000000001,87.325000000000088,305.64200000000091,4092.6999999999998,116.68105999999999,5000,200,50000,TARGET_FRAME_ERRORS_REACHED,0,0,0,1,5fd98ce6bc3dbd3e41ed081df1665a4c3f91263deecd742a77b66cdb58ad18d3,WORKTREE
bch.s2.impairment.result.v1,S2_05,RESIDUAL_CFO,BCH-B200,WHOLE_BLOCK_SHORTENED,BERLEKAMP_MASSEY_CHIEN,200,248,0.80645161290322576,3.8999999999999999,2.9657831483776489,2,0,60,NONE,0,0,1,UNIFORM_RANDOM,PURE,1,UNIFORM_RANDOM,POST_HARD_DECISION_BIT_FLIP,1,5000,1000000,71754,5000,0.057866129032258067,41871,4960,0.041870999999999998,0.99199999999999999,40,0.0080000000000000002,44,0.0088000000000000005,4,0.00080000000000000004,4956,0.99119999999999997,39.35526000000003,38.100000000000001,52.5,101.2180000000004,995,86.914420000000149,5000,200,50000,TARGET_FRAME_ERRORS_REACHED,0,0,0,1,dba88d9a54454d38c16a04f6f72057b84b3f30514253ff6bb30d1b95c09c9250,WORKTREE
bch.s2.impairment.result.v1,S2_05,RESIDUAL_CFO,BCH-B200,WHOLE_BLOCK_SHORTENED,BERLEKAMP_MASSEY_CHIEN,200,248,0.80645161290322576,3.8999999999999999,2.9657831483776489,2,45,60,NONE,0,0,1,UNIFORM_RANDOM,PURE,1,UNIFORM_RANDOM,POST_HARD_DECISION_BIT_FLIP,1,5000,1000000,415568,5000,0.33513548387096775,265485,5000,0.26548500000000003,1,0,0,6,0.0011999999999999999,6,0.0011999999999999999,4994,0.99880000000000002,38.100359999999995,36.799999999999997,51,118.74500000000099,835,88.373699999999928,5000,200,50000,TARGET_FRAME_ERRORS_REACHED,0,0,0,1,25f3787ac0bbe5a4f21bb2e8caf71c48b7041251d745e0d981bdf010b8c9a263,WORKTREE
bch.s2.impairment.result.v1,S2_05,RESIDUAL_CFO,BCH-B200,WHOLE_BLOCK_SHORTENED,BERLEKAMP_MASSEY_CHIEN,200,248,0.80645161290322576,3.8999999999999999,2.9657831483776489,2,90,60,NONE,0,0,1,UNIFORM_RANDOM,PURE,1,UNIFORM_RANDOM,POST_HARD_DECISION_BIT_FLIP,1,5000,1000000,991849,5000,0.79987822580645163,764738,5000,0.76473800000000003,1,0,0,5,0.001,5,0.001,4995,0.999,34.052079999999989,29.699999999999999,46.105000000000018,76.515000000000327,885,80.010919999999885,5000,200,50000,TARGET_FRAME_ERRORS_REACHED,0,0,0,1,e76d59df19e0ded7096752c0f79e77c39f2a298024107614611a30ab481e28db,WORKTREE
bch.s2.impairment.result.v1,S2_05,RESIDUAL_CFO,BCH-B200,WHOLE_BLOCK_SHORTENED,BERLEKAMP_MASSEY_CHIEN,200,248,0.80645161290322576,3.8999999999999999,2.9657831483776489,2,135,60,NONE,0,0,1,UNIFORM_RANDOM,PURE,1,UNIFORM_RANDOM,POST_HARD_DECISION_BIT_FLIP,1,5000,1000000,1196100,5000,0.96459677419354839,962009,5000,0.962009,1,0,0,7,0.0014,7,0.0014,4993,0.99860000000000004,36.840600000000002,32.450000000000003,51.100000000000001,84.22400000000053,705.70000000000005,84.963579999999894,5000,200,50000,TARGET_FRAME_ERRORS_REACHED,0,0,0,1,2457a7b699bd924b227d9312268236b554e47555fadcd9b650692ccd9db09c98,WORKTREE
bch.s2.impairment.result.v1,S2_05,RESIDUAL_CFO,BCH-B200,WHOLE_BLOCK_SHORTENED,BERLEKAMP_MASSEY_CHIEN,200,248,0.80645161290322576,4.0999999999999996,3.1657831483776486,2,0,60,NONE,0,0,1,UNIFORM_RANDOM,PURE,1,UNIFORM_RANDOM,POST_HARD_DECISION_BIT_FLIP,1,5000,1000000,67599,5000,0.054515322580645162,38912,4923,0.038912000000000002,0.98460000000000003,77,0.0154,81,0.016199999999999999,4,0.00080000000000000004,4919,0.98380000000000001,34.694119999999934,30.100000000000001,49.600000000000001,84.099999999999994,689.20000000000005,79.073640000000111,5000,200,50000,TARGET_FRAME_ERRORS_REACHED,0,0,0,1,ca2aa81b7071210d9a4a534d4ce45b97431b56c09522df566de96fb035a7c453,WORKTREE
bch.s2.impairment.result.v1,S2_05,RESIDUAL_CFO,BCH-B200,WHOLE_BLOCK_SHORTENED,BERLEKAMP_MASSEY_CHIEN,200,248,0.80645161290322576,4.0999999999999996,3.1657831483776486,2,45,60,NONE,0,0,1,UNIFORM_RANDOM,PURE,1,UNIFORM_RANDOM,POST_HARD_DECISION_BIT_FLIP,1,5000,1000000,413293,5000,0.33330080645161292,262740,5000,0.26273999999999997,1,0,0,4,0.00080000000000000004,4,0.00080000000000000004,4996,0.99919999999999998,35.975040000000021,30.800000000000001,50.305000000000014,81.722000000000492,596.70000000000005,84.323499999999854,5000,200,50000,TARGET_FRAME_ERRORS_REACHED,0,0,0,1,091bed630c9b6634c9e997f37e4afeba698c4ab42e06bb6d171a46684c170f00,WORKTREE
bch.s2.impairment.result.v1,S2_05,RESIDUAL_CFO,BCH-B200,WHOLE_BLOCK_SHORTENED,BERLEKAMP_MASSEY_CHIEN,200,248,0.80645161290322576,4.0999999999999996,3.1657831483776486,2,90,60,NONE,0,0,1,UNIFORM_RANDOM,PURE,1,UNIFORM_RANDOM,POST_HARD_DECISION_BIT_FLIP,1,5000,1000000,998047,5000,0.80487661290322576,769979,5000,0.76997899999999997,1,0,0,5,0.001,5,0.001,4995,0.999,36.70819999999987,34.600000000000001,50.105000000000018,79.141000000000886,530.5,84.900039999999919,5000,200,50000,TARGET_FRAME_ERRORS_REACHED,0,0,0,1,610d519768580ca472946928db8a931d4b37dcf50f16b98ba24b4bb39698e053,WORKTREE
bch.s2.impairment.result.v1,S2_05,RESIDUAL_CFO,BCH-B200,WHOLE_BLOCK_SHORTENED,BERLEKAMP_MASSEY_CHIEN,200,248,0.80645161290322576,4.0999999999999996,3.1657831483776486,2,135,60,NONE,0,0,1,UNIFORM_RANDOM,PURE,1,UNIFORM_RANDOM,POST_HARD_DECISION_BIT_FLIP,1,5000,1000000,1200118,5000,0.96783709677419349,965532,5000,0.96553199999999995,1,0,0,5,0.001,5,0.001,4995,0.999,36.93925999999999,33.299999999999997,50.100000000000001,87.507000000000147,828.39999999999998,83.540279999999939,5000,200,50000,TARGET_FRAME_ERRORS_REACHED,0,0,0,1,61d90217f710f38ef48ea1753b13fb9ab4847b7d58cfe76e10a1369de4f1f232,WORKTREE
bch.s2.impairment.result.v1,S2_05,RESIDUAL_CFO,BCH-B200,WHOLE_BLOCK_SHORTENED,BERLEKAMP_MASSEY_CHIEN,200,248,0.80645161290322576,4.2999999999999998,3.3657831483776488,2,0,60,NONE,0,0,1,UNIFORM_RANDOM,PURE,1,UNIFORM_RANDOM,POST_HARD_DECISION_BIT_FLIP,1,5000,1000000,62718,5000,0.050579032258064517,35064,4868,0.035063999999999998,0.97360000000000002,132,0.0264,136,0.027199999999999998,5,0.001,4864,0.9728,37.375919999999944,33,50.399999999999999,100.81700000000036,803,82.350699999999804,5000,200,50000,TARGET_FRAME_ERRORS_REACHED,0,0,0,1,ee5770ebbd89743e933c0259fe01df1d0ffd33e3a8242e412b1442d391f66110,WORKTREE
bch.s2.impairment.result.v1,S2_05,RESIDUAL_CFO,BCH-B200,WHOLE_BLOCK_SHORTENED,BERLEKAMP_MASSEY_CHIEN,200,248,0.80645161290322576,4.2999999999999998,3.3657831483776488,2,45,60,NONE,0,0,1,UNIFORM_RANDOM,PURE,1,UNIFORM_RANDOM,POST_HARD_DECISION_BIT_FLIP,1,5000,1000000,408704,5000,0.3296,257638,5000,0.25763799999999998,1,0,0,10,0.002,10,0.002,4990,0.998,38.39365999999994,37.899999999999999,51.905000000000015,94.799999999999997,652.70000000000005,88.081400000000144,5000,200,50000,TARGET_FRAME_ERRORS_REACHED,0,0,0,1,0675b4c9d4bfa5a6542a8b9a607e6b2383d21b22722cd74ff0aef356f2593aaa,WORKTREE
bch.s2.impairment.result.v1,S2_05,RESIDUAL_CFO,BCH-B200,WHOLE_BLOCK_SHORTENED,BERLEKAMP_MASSEY_CHIEN,200,248,0.80645161290322576,4.2999999999999998,3.3657831483776488,2,90,60,NONE,0,0,1,UNIFORM_RANDOM,PURE,1,UNIFORM_RANDOM,POST_HARD_DECISION_BIT_FLIP,1,5000,1000000,1002481,5000,0.80845241935483869,773832,5000,0.77383199999999996,1,0,0,3,0.00059999999999999995,3,0.00059999999999999995,4997,0.99939999999999996,34.480779999999953,30.300000000000001,46.299999999999997,79.21900000000042,627.10000000000002,81.063939999999832,5000,200,50000,TARGET_FRAME_ERRORS_REACHED,0,0,0,1,d24100ddff7b87c0cc8e87c0427eae0157e4483d26ed4ee5af534b2f394ee60c,WORKTREE
bch.s2.impairment.result.v1,S2_05,RESIDUAL_CFO,BCH-B200,WHOLE_BLOCK_SHORTENED,BERLEKAMP_MASSEY_CHIEN,200,248,0.80645161290322576,4.2999999999999998,3.3657831483776488,2,135,60,NONE,0,0,1,UNIFORM_RANDOM,PURE,1,UNIFORM_RANDOM,POST_HARD_DECISION_BIT_FLIP,1,5000,1000000,1203615,5000,0.97065725806451608,968546,5000,0.96854600000000002,1,0,0,2,0.00040000000000000002,2,0.00040000000000000002,4998,0.99960000000000004,34.626879999999957,29.800000000000001,46.700000000000003,76.403000000000063,528.39999999999998,80.427020000000084,5000,200,50000,TARGET_FRAME_ERRORS_REACHED,0,0,0,1,691a5ad7f49bb8206a410362e7e7d9bce76f6b1691283fc1b50a71ae6f5acfe4,WORKTREE
bch.s2.impairment.result.v1,S2_05,RESIDUAL_CFO,BCH-B200,WHOLE_BLOCK_SHORTENED,BERLEKAMP_MASSEY_CHIEN,200,248,0.80645161290322576,4.5,3.565783148377649,2,0,60,NONE,0,0,1,UNIFORM_RANDOM,PURE,1,UNIFORM_RANDOM,POST_HARD_DECISION_BIT_FLIP,1,5000,1000000,58874,5000,0.047479032258064519,32152,4778,0.032152,0.9556,222,0.044400000000000002,224,0.0448,5,0.001,4776,0.95520000000000005,35.134479999999911,31,47.100000000000001,74.601000000000013,649.89999999999998,78.65602000000014,5000,200,50000,TARGET_FRAME_ERRORS_REACHED,0,0,0,1,dccbb6b5c13b95d4b1ba97180a235d395e0a1c2bc25925499e86aa2549b8ecfd,WORKTREE
bch.s2.impairment.result.v1,S2_05,RESIDUAL_CFO,BCH-B200,WHOLE_BLOCK_SHORTENED,BERLEKAMP_MASSEY_CHIEN,200,248,0.80645161290322576,4.5,3.565783148377649,2,45,60,NONE,0,0,1,UNIFORM_RANDOM,PURE,1,UNIFORM_RANDOM,POST_HARD_DECISION_BIT_FLIP,1,5000,1000000,406398,5000,0.32774032258064517,254469,5000,0.254469,1,0,0,9,0.0018,9,0.0018,4991,0.99819999999999998,36.247760000000007,32.700000000000003,49.100000000000001,89.403000000000063,801.20000000000005,84.157799999999824,5000,200,50000,TARGET_FRAME_ERRORS_REACHED,0,0,0,1,ad882c420465a32334c09a0ed0518cf041b5671a5163bc445c637b1f4414af78,WORKTREE
bch.s2.impairment.result.v1,S2_05,RESIDUAL_CFO,BCH-B200,WHOLE_BLOCK_SHORTENED,BERLEKAMP_MASSEY_CHIEN,200,248,0.80645161290322576,4.5,3.565783148377649,2,90,60,NONE,0,0,1,UNIFORM_RANDOM,PURE,1,UNIFORM_RANDOM,POST_HARD_DECISION_BIT_FLIP,1,5000,1000000,1007397,5000,0.81241693548387095,777793,5000,0.77779299999999996,1,0,0,5,0.001,5,0.001,4995,0.999,35.591320000000039,30.699999999999999,49.105000000000018,90,376.10000000000002,83.129299999999773,5000,200,50000,TARGET_FRAME_ERRORS_REACHED,0,0,0,1,d4b06bbf76109f7ffaaec4af9ece555d4e57e4627ad20b8c50196d0285faf90b,WORKTREE
bch.s2.impairment.result.v1,S2_05,RESIDUAL_CFO,BCH-B200,WHOLE_BLOCK_SHORTENED,BERLEKAMP_MASSEY_CHIEN,200,248,0.80645161290322576,4.5,3.565783148377649,2,135,60,NONE,0,0,1,UNIFORM_RANDOM,PURE,1,UNIFORM_RANDOM,POST_HARD_DECISION_BIT_FLIP,1,5000,1000000,1206626,5000,0.97308548387096772,971073,5000,0.97107299999999996,1,0,0,4,0.00080000000000000004,4,0.00080000000000000004,4996,0.99919999999999998,36.417800000000106,31.649999999999999,50.5,83.103000000000065,409.39999999999998,84.145399999999825,5000,200,50000,TARGET_FRAME_ERRORS_REACHED,0,0,0,1,8f95d017994dc669b697f0cfb95eb72fe7be567bc5214b42bf2764ca0db3f8e7,WORKTREE
bch.s2.impairment.result.v1,S2_05,RESIDUAL_CFO,BCH-B200,WHOLE_BLOCK_SHORTENED,BERLEKAMP_MASSEY_CHIEN,200,248,0.80645161290322576,4.7000000000000002,3.7657831483776492,2,0,60,NONE,0,0,1,UNIFORM_RANDOM,PURE,1,UNIFORM_RANDOM,POST_HARD_DECISION_BIT_FLIP,1,5000,1000000,54368,5000,0.043845161290322579,28691,4634,0.028691000000000001,0.92679999999999996,366,0.073200000000000001,369,0.073800000000000004,4,0.00080000000000000004,4631,0.92620000000000002,52.684879999999922,41.700000000000003,80.830000000000098,288.50500000000011,3722.8000000000002,120.64366000000004,5000,200,50000,TARGET_FRAME_ERRORS_REACHED,0,0,0,1,fa89263a15c4f6a057945e082abf6af38bdbdd49abee4e9648c0250180107bc2,WORKTREE
bch.s2.impairment.result.v1,S2_05,RESIDUAL_CFO,BCH-B200,WHOLE_BLOCK_SHORTENED,BERLEKAMP_MASSEY_CHIEN,200,248,0.80645161290322576,4.7000000000000002,3.7657831483776492,2,45,60,NONE,0,0,1,UNIFORM_RANDOM,PURE,1,UNIFORM_RANDOM,POST_HARD_DECISION_BIT_FLIP,1,5000,1000000,403224,5000,0.3251806451612903,250319,5000,0.25031900000000001,1,0,0,7,0.0014,7,0.0014,4993,0.99860000000000004,46.138599999999862,40.5,67.915000000000063,180.10200000000003,2082.5999999999999,104.77433999999994,5000,200,50000,TARGET_FRAME_ERRORS_REACHED,0,0,0,1,1cd6b6bb82170805aa6b122101da7e9dea429cf16bc820c444066b374fd04b78,WORKTREE
bch.s2.impairment.result.v1,S2_05,RESIDUAL_CFO,BCH-B200,WHOLE_BLOCK_SHORTENED,BERLEKAMP_MASSEY_CHIEN,200,248,0.80645161290322576,4.7000000000000002,3.7657831483776492,2,90,60,NONE,0,0,1,UNIFORM_RANDOM,PURE,1,UNIFORM_RANDOM,POST_HARD_DECISION_BIT_FLIP,1,5000,1000000,1012210,5000,0.81629838709677416,781580,5000,0.78158000000000005,1,0,0,10,0.002,10,0.002,4990,0.998,55.142399999999846,40.5,83.40500000000003,342.01000000000022,6944.3999999999996,120.45430000000002,5000,200,50000,TARGET_FRAME_ERRORS_REACHED,0,0,0,1,038b508ba0b9f9fac2bfcbb88c30206ef611fd8522cc26b11dd2d17c04d2995f,WORKTREE
bch.s2.impairment.result.v1,S2_05,RESIDUAL_CFO,BCH-B200,WHOLE_BLOCK_SHORTENED,BERLEKAMP_MASSEY_CHIEN,200,248,0.80645161290322576,4.7000000000000002,3.7657831483776492,2,135,60,NONE,0,0,1,UNIFORM_RANDOM,PURE,1,UNIFORM_RANDOM,POST_HARD_DECISION_BIT_FLIP,1,5000,1000000,1209808,5000,0.97565161290322577,973668,5000,0.97366799999999998,1,0,0,5,0.001,5,0.001,4995,0.999,56.40300000000007,42,94.5,298.91400000000027,4856.1999999999998,123.13504000000002,5000,200,50000,TARGET_FRAME_ERRORS_REACHED,0,0,0,1,8f010ba859c4aa38f4efdd449388c329c36a5818188458958ce9a69dc69ef24f,WORKTREE
bch.s2.impairment.result.v1,S2_05,RESIDUAL_CFO,BCH-B200,WHOLE_BLOCK_SHORTENED,BERLEKAMP_MASSEY_CHIEN,200,248,0.80645161290322576,4.9000000000000004,3.9657831483776493,2,0,60,NONE,0,0,1,UNIFORM_RANDOM,PURE,1,UNIFORM_RANDOM,POST_HARD_DECISION_BIT_FLIP,1,5000,1000000,50999,5000,0.041128225806451611,25837,4459,0.025836999999999999,0.89180000000000004,541,0.1082,540,0.108,1,0.00020000000000000001,4460,0.89200000000000002,48.720039999999948,40.600000000000001,77.315000000000055,226.30100000000002,1683.5999999999999,105.54561999999994,5000,200,50000,TARGET_FRAME_ERRORS_REACHED,0,0,0,1,b59b57955927bcb3a65429674bf457266fb962fe50df9a0d160bcb326ec24324,WORKTREE
bch.s2.impairment.result.v1,S2_05,RESIDUAL_CFO,BCH-B200,WHOLE_BLOCK_SHORTENED,BERLEKAMP_MASSEY_CHIEN,200,248,0.80645161290322576,4.9000000000000004,3.9657831483776493,2,45,60,NONE,0,0,1,UNIFORM_RANDOM,PURE,1,UNIFORM_RANDOM,POST_HARD_DECISION_BIT_FLIP,1,5000,1000000,400258,5000,0.32278870967741935,246767,5000,0.24676699999999999,1,0,0,3,0.00059999999999999995,3,0.00059999999999999995,4997,0.99939999999999996,75.452520000000121,42.100000000000001,110.01500000000006,524.31200000000467,17009.700000000001,156.40901999999954,5000,200,50000,TARGET_FRAME_ERRORS_REACHED,0,0,0,1,f26393aadc14e40e6ba8e362ee66bed83ca8e9277cd3ed1a382b69bee05a1abc,WORKTREE
bch.s2.impairment.result.v1,S2_05,RESIDUAL_CFO,BCH-B200,WHOLE_BLOCK_SHORTENED,BERLEKAMP_MASSEY_CHIEN,200,248,0.80645161290322576,4.9000000000000004,3.9657831483776493,2,90,60,NONE,0,0,1,UNIFORM_RANDOM,PURE,1,UNIFORM_RANDOM,POST_HARD_DECISION_BIT_FLIP,1,5000,1000000,1016976,5000,0.82014193548387093,785582,5000,0.785582,1,0,0,5,0.001,5,0.001,4995,0.999,54.499000000000059,41,64.700000000000003,295.20300000000003,7789.1999999999998,122.42051999999964,5000,200,50000,TARGET_FRAME_ERRORS_REACHED,0,0,0,1,d6d14d47278e3eb233d74d2cc3356f759a3778689e604eb52c48e7fec932a0cb,WORKTREE
bch.s2.impairment.result.v1,S2_05,RESIDUAL_CFO,BCH-B200,WHOLE_BLOCK_SHORTENED,BERLEKAMP_MASSEY_CHIEN,200,248,0.80645161290322576,4.9000000000000004,3.9657831483776493,2,135,60,NONE,0,0,1,UNIFORM_RANDOM,PURE,1,UNIFORM_RANDOM,POST_HARD_DECISION_BIT_FLIP,1,5000,1000000,1212762,5000,0.97803387096774197,976118,5000,0.97611800000000004,1,0,0,3,0.00059999999999999995,3,0.00059999999999999995,4997,0.99939999999999996,53.458420000000018,40.799999999999997,74.605000000000004,303.82700000000273,5577.8999999999996,118.52948000000019,5000,200,50000,TARGET_FRAME_ERRORS_REACHED,0,0,0,1,d99067f7fffe679cda593caa42ca8bd3ce0c0da69fb76d535d2dc93be9fa695d,WORKTREE
bch.s2.impairment.result.v1,S2_05,RESIDUAL_CFO,BCH-B200,WHOLE_BLOCK_SHORTENED,BERLEKAMP_MASSEY_CHIEN,200,248,0.80645161290322576,5.0999999999999996,4.1657831483776491,2,0,60,NONE,0,0,1,UNIFORM_RANDOM,PURE,1,UNIFORM_RANDOM,POST_HARD_DECISION_BIT_FLIP,1,5000,1000000,46811,5000,0.037750806451612905,22564,4178,0.022564000000000001,0.83560000000000001,822,0.16439999999999999,820,0.16400000000000001,3,0.00059999999999999995,4180,0.83599999999999997,48.215200000000046,41.399999999999999,66.099999999999994,210.81800000000041,2157.5,114.93531999999966,5000,200,50000,TARGET_FRAME_ERRORS_REACHED,0,0,0,1,b50b6925ef24664e985a4f8fc6269577b79827f5b3bce2eaf39f2cd1c039e88a,WORKTREE
bch.s2.impairment.result.v1,S2_05,RESIDUAL_CFO,BCH-B200,WHOLE_BLOCK_SHORTENED,BERLEKAMP_MASSEY_CHIEN,200,248,0.80645161290322576,5.0999999999999996,4.1657831483776491,2,45,60,NONE,0,0,1,UNIFORM_RANDOM,PURE,1,UNIFORM_RANDOM,POST_HARD_DECISION_BIT_FLIP,1,5000,1000000,397149,5000,0.32028145161290322,243179,5000,0.24317900000000001,1,0,0,4,0.00080000000000000004,4,0.00080000000000000004,4996,0.99919999999999998,59.452339999999815,43.399999999999999,96.045000000000158,401.03500000000514,5555.5,140.89978000000005,5000,200,50000,TARGET_FRAME_ERRORS_REACHED,0,0,0,1,2503fbdf0ab1acd202192212a3aee7816cb5065535e3b13d06c148b8038fab50,WORKTREE
bch.s2.impairment.result.v1,S2_05,RESIDUAL_CFO,BCH-B200,WHOLE_BLOCK_SHORTENED,BERLEKAMP_MASSEY_CHIEN,200,248,0.80645161290322576,5.0999999999999996,4.1657831483776491,2,90,60,NONE,0,0,1,UNIFORM_RANDOM,PURE,1,UNIFORM_RANDOM,POST_HARD_DECISION_BIT_FLIP,1,5000,1000000,1022700,5000,0.82475806451612899,790635,5000,0.79063499999999998,1,0,0,3,0.00059999999999999995,3,0.00059999999999999995,4997,0.99939999999999996,42.98869999999998,39.5,54.399999999999999,142.00900000000019,1903.8,99.222420000000014,5000,200,50000,TARGET_FRAME_ERRORS_REACHED,0,0,0,1,ddcf40e0ae7159f699e3f33531ea2ed31a7f1b1c2f64eb28a12698dc487638c4,WORKTREE
bch.s2.impairment.result.v1,S2_05,RESIDUAL_CFO,BCH-B200,WHOLE_BLOCK_SHORTENED,BERLEKAMP_MASSEY_CHIEN,200,248,0.80645161290322576,5.0999999999999996,4.1657831483776491,2,135,60,NONE,0,0,1,UNIFORM_RANDOM,PURE,1,UNIFORM_RANDOM,POST_HARD_DECISION_BIT_FLIP,1,5000,1000000,1215550,5000,0.98028225806451608,978585,5000,0.97858500000000004,1,0,0,2,0.00040000000000000002,2,0.00040000000000000002,4998,0.99960000000000004,51.915040000000147,40.799999999999997,74.315000000000055,302.11500000000035,5257,117.51791999999983,5000,200,50000,TARGET_FRAME_ERRORS_REACHED,0,0,0,1,65d8d31707b10270d2783ae929b614446698e202a6825cf508941a7a382bf68a,WORKTREE
bch.s2.impairment.result.v1,S2_05,RESIDUAL_CFO,BCH-B200,WHOLE_BLOCK_SHORTENED,BERLEKAMP_MASSEY_CHIEN,200,248,0.80645161290322576,5.2999999999999998,4.3657831483776492,2,0,60,NONE,0,0,1,UNIFORM_RANDOM,PURE,1,UNIFORM_RANDOM,POST_HARD_DECISION_BIT_FLIP,1,5000,1000000,43302,5000,0.034920967741935482,19297,3849,0.019297000000000002,0.76980000000000004,1151,0.23019999999999999,1150,0.23000000000000001,5,0.001,3850,0.77000000000000002,42.616359999999901,40.200000000000003,55.5,126.22100000000047,830,94.117800000000287,5000,200,50000,TARGET_FRAME_ERRORS_REACHED,0,0,0,1,082496477e98c7302e57f521308a0458692d00bfecc1e334b0763c88bece2b68,WORKTREE
bch.s2.impairment.result.v1,S2_05,RESIDUAL_CFO,BCH-B200,WHOLE_BLOCK_SHORTENED,BERLEKAMP_MASSEY_CHIEN,200,248,0.80645161290322576,5.2999999999999998,4.3657831483776492,2,45,60,NONE,0,0,1,UNIFORM_RANDOM,PURE,1,UNIFORM_RANDOM,POST_HARD_DECISION_BIT_FLIP,1,5000,1000000,392918,5000,0.3168693548387097,238733,5000,0.238733,1,0,0,2,0.00040000000000000002,2,0.00040000000000000002,4998,0.99960000000000004,49.36496000000011,41.200000000000003,70.5,199.30200000000005,3512.5,109.68267999999993,5000,200,50000,TARGET_FRAME_ERRORS_REACHED,0,0,0,1,def07606791ac2e95d31a8843c1fa676ba509656f79d11924dd3c317d0916600,WORKTREE
bch.s2.impairment.result.v1,S2_05,RESIDUAL_CFO,BCH-B200,WHOLE_BLOCK_SHORTENED,BERLEKAMP_MASSEY_CHIEN,200,248,0.80645161290322576,5.2999999999999998,4.3657831483776492,2,90,60,NONE,0,0,1,UNIFORM_RANDOM,PURE,1,UNIFORM_RANDOM,POST_HARD_DECISION_BIT_FLIP,1,5000,1000000,1027442,5000,0.82858225806451613,794648,5000,0.79464800000000002,1,0,0,10,0.002,10,0.002,4990,0.998,47.114260000000009,40.600000000000001,62.105000000000018,179.75000000000108,4397.3000000000002,103.82689999999987,5000,200,50000,TARGET_FRAME_ERRORS_REACHED,0,0,0,1,148cb0ea3f6660b4de3e15dc5c22bb669fd6846d96603da54f04693ffb2d9ee5,WORKTREE
bch.s2.impairment.result.v1,S2_05,RESIDUAL_CFO,BCH-B200,WHOLE_BLOCK_SHORTENED,BERLEKAMP_MASSEY_CHIEN,200,248,0.80645161290322576,5.2999999999999998,4.3657831483776492,2,135,60,NONE,0,0,1,UNIFORM_RANDOM,PURE,1,UNIFORM_RANDOM,POST_HARD_DECISION_BIT_FLIP,1,5000,1000000,1218356,5000,0.98254516129032254,980962,5000,0.980962,1,0,0,6,0.0011999999999999999,6,0.0011999999999999999,4994,0.99880000000000002,42.878199999999943,39.700000000000003,55.700000000000003,156.40100000000004,934.89999999999998,98.356280000000012,5000,200,50000,TARGET_FRAME_ERRORS_REACHED,0,0,0,1,7c9717691903df59725e6e9e1ea9ad1ba15732fad515adedd260122fba2f0c26,WORKTREE
bch.s2.impairment.result.v1,S2_05,RESIDUAL_CFO,BCH-B200,WHOLE_BLOCK_SHORTENED,BERLEKAMP_MASSEY_CHIEN,200,248,0.80645161290322576,5.5,4.5657831483776494,2,0,60,NONE,0,0,1,UNIFORM_RANDOM,PURE,1,UNIFORM_RANDOM,POST_HARD_DECISION_BIT_FLIP,1,5000,1000000,39911,4998,0.032186290322580642,16222,3407,0.016222,0.68140000000000001,1593,0.31859999999999999,1581,0.31619999999999998,2,0.00040000000000000002,3419,0.68379999999999996,46.817240000000091,40.399999999999999,58.505000000000017,180.32400000000052,5137.5,102.42388000000003,5000,200,50000,TARGET_FRAME_ERRORS_REACHED,0,0,0,1,0d8eec9ce48b5457ec925215ea0b652e6ea749dd4ce72b90402250c253e1b910,WORKTREE
bch.s2.impairment.result.v1,S2_05,RESIDUAL_CFO,BCH-B200,WHOLE_BLOCK_SHORTENED,BERLEKAMP_MASSEY_CHIEN,200,248,0.80645161290322576,5.5,4.5657831483776494,2,45,60,NONE,0,0,1,UNIFORM_RANDOM,PURE,1,UNIFORM_RANDOM,POST_HARD_DECISION_BIT_FLIP,1,5000,1000000,390118,5000,0.31461129032258067,234459,5000,0.234459,1,0,0,9,0.0018,9,0.0018,4991,0.99819999999999998,52.595100000000038,40.600000000000001,60.005000000000017,207.95100000000113,20049.700000000001,115.97754000000013,5000,200,50000,TARGET_FRAME_ERRORS_REACHED,0,0,0,1,1d1113f356bee5ce0f9835046c81d40ff8c3f29b46b3d48428b4f134c38f0185,WORKTREE
bch.s2.impairment.result.v1,S2_05,RESIDUAL_CFO,BCH-B200,WHOLE_BLOCK_SHORTENED,BERLEKAMP_MASSEY_CHIEN,200,248,0.80645161290322576,5.5,4.5657831483776494,2,90,60,NONE,0,0,1,UNIFORM_RANDOM,PURE,1,UNIFORM_RANDOM,POST_HARD_DECISION_BIT_FLIP,1,5000,1000000,1032217,5000,0.83243306451612908,798485,5000,0.798485,1,0,0,7,0.0014,7,0.0014,4993,0.99860000000000004,58.988219999999899,42.200000000000003,91.005000000000024,407.37300000000164,5523.6999999999998,136.60532000000009,5000,200,50000,TARGET_FRAME_ERRORS_REACHED,0,0,0,1,773759ef78ce0aa4661ff9b25e72302fa88d160d9dd4fb89f148bb324cb56c8e,WORKTREE
bch.s2.impairment.result.v1,S2_05,RESIDUAL_CFO,BCH-B200,WHOLE_BLOCK_SHORTENED,BERLEKAMP_MASSEY_CHIEN,200,248,0.80645161290322576,5.5,4.5657831483776494,2,135,60,NONE,0,0,1,UNIFORM_RANDOM,PURE,1,UNIFORM_RANDOM,POST_HARD_DECISION_BIT_FLIP,1,5000,1000000,1220682,5000,0.98442096774193544,982808,5000,0.98280800000000001,1,0,0,10,0.002,10,0.002,4990,0.998,53.879520000000113,40.5,69.005000000000024,322.24700000000098,4549.5,121.89245999999999,5000,200,50000,TARGET_FRAME_ERRORS_REACHED,0,0,0,1,24619a17d1058d64ab7cce3e8279fb1e190b2120341dd1496086bb55eea7156d,WORKTREE
bch.s2.impairment.result.v1,S2_05,RESIDUAL_CFO,BCH-B200,WHOLE_BLOCK_SHORTENED,BERLEKAMP_MASSEY_CHIEN,200,248,0.80645161290322576,5.7000000000000002,4.7657831483776496,2,0,60,NONE,0,0,1,UNIFORM_RANDOM,PURE,1,UNIFORM_RANDOM,POST_HARD_DECISION_BIT_FLIP,1,5000,1000000,36534,4999,0.029462903225806452,13291,2981,0.013291000000000001,0.59619999999999995,2019,0.40379999999999999,2018,0.40360000000000001,3,0.00059999999999999995,2982,0.59640000000000004,58.983739999999912,41.600000000000001,78.005000000000024,396.58000000000828,5500,133.67211999999986,5000,200,50000,TARGET_FRAME_ERRORS_REACHED,0,0,0,1,cca0dfe3a9610cb1c662ce52d771839aa07ee5a95428baba71811cd983fa8678,WORKTREE
bch.s2.impairment.result.v1,S2_05,RESIDUAL_CFO,BCH-B200,WHOLE_BLOCK_SHORTENED,BERLEKAMP_MASSEY_CHIEN,200,248,0.80645161290322576,5.7000000000000002,4.7657831483776496,2,45,60,NONE,0,0,1,UNIFORM_RANDOM,PURE,1,UNIFORM_RANDOM,POST_HARD_DECISION_BIT_FLIP,1,5000,1000000,388080,5000,0.31296774193548388,231684,5000,0.231684,1,0,0,13,0.0025999999999999999,13,0.0025999999999999999,4987,0.99739999999999995,52.441599999999951,40.899999999999999,69.799999999999997,318.61900000000259,2843.8000000000002,120.45772000000042,5000,200,50000,TARGET_FRAME_ERRORS_REACHED,0,0,0,1,baae675e4cf4b1a5de23386b534f3b40f7228fb271c2b797b424dbf33d25e489,WORKTREE
bch.s2.impairment.result.v1,S2_05,RESIDUAL_CFO,BCH-B200,WHOLE_BLOCK_SHORTENED,BERLEKAMP_MASSEY_CHIEN,200,248,0.80645161290322576,5.7000000000000002,4.7657831483776496,2,90,60,NONE,0,0,1,UNIFORM_RANDOM,PURE,1,UNIFORM_RANDOM,POST_HARD_DECISION_BIT_FLIP,1,5000,1000000,1037739,5000,0.83688629032258066,803557,5000,0.80355699999999997,1,0,0,3,0.00059999999999999995,3,0.00059999999999999995,4997,0.99939999999999996,65.334719999999777,40.799999999999997,82.030000000000115,474.78200000000174,23329,148.09195999999997,5000,200,50000,TARGET_FRAME_ERRORS_REACHED,0,0,0,1,73042c921f6cc188fe01b2885d567b4941796b5565f7642e8697f890ea1422b7,WORKTREE
bch.s2.impairment.result.v1,S2_05,RESIDUAL_CFO,BCH-B200,WHOLE_BLOCK_SHORTENED,BERLEKAMP_MASSEY_CHIEN,200,248,0.80645161290322576,5.7000000000000002,4.7657831483776496,2,135,60,NONE,0,0,1,UNIFORM_RANDOM,PURE,1,UNIFORM_RANDOM,POST_HARD_DECISION_BIT_FLIP,1,5000,1000000,1223116,5000,0.98638387096774194,985051,5000,0.98505100000000001,1,0,0,0,0,0,0,5000,1,55.364420000000074,41.799999999999997,74.700000000000003,308.28400000000403,4594.8000000000002,140.29121999999998,5000,200,50000,TARGET_FRAME_ERRORS_REACHED,0,0,0,1,495bf9e4239ef33a0522051e55b75d636517d58773b1e14e2d05d6315852ce2f,WORKTREE
bch.s2.impairment.result.v1,S2_05,RESIDUAL_CFO,BCH-B200,WHOLE_BLOCK_SHORTENED,BERLEKAMP_MASSEY_CHIEN,200,248,0.80645161290322576,5.9000000000000004,4.9657831483776498,2,0,60,NONE,0,0,1,UNIFORM_RANDOM,PURE,1,UNIFORM_RANDOM,POST_HARD_DECISION_BIT_FLIP,1,5000,1000000,33641,4992,0.027129838709677421,10491,2539,0.010491,0.50780000000000003,2461,0.49220000000000003,2449,0.48980000000000001,1,0.00020000000000000001,2551,0.51019999999999999,54.00340000000007,40.5,61.810000000000031,290.01200000000244,5832.8000000000002,114.06090000000016,5000,200,50000,TARGET_FRAME_ERRORS_REACHED,0,0,0,1,102f2c4f8bc27de7c8005b6c8b5014402208319561d89eaba1e715dee4d16a1e,WORKTREE
bch.s2.impairment.result.v1,S2_05,RESIDUAL_CFO,BCH-B200,WHOLE_BLOCK_SHORTENED,BERLEKAMP_MASSEY_CHIEN,200,248,0.80645161290322576,5.9000000000000004,4.9657831483776498,2,45,60,NONE,0,0,1,UNIFORM_RANDOM,PURE,1,UNIFORM_RANDOM,POST_HARD_DECISION_BIT_FLIP,1,5000,1000000,384779,5000,0.31030564516129033,227539,5000,0.22753899999999999,1,0,0,11,0.0022000000000000001,11,0.0022000000000000001,4989,0.99780000000000002,45.325839999999964,40.100000000000001,53.899999999999999,133.16300000000135,3157.9000000000001,103.50663999999961,5000,200,50000,TARGET_FRAME_ERRORS_REACHED,0,0,0,1,b0c529fc5b7ad29632ec414848a7f8423c4119578b7805916d65c19a56b1553e,WORKTREE
bch.s2.impairment.result.v1,S2_05,RESIDUAL_CFO,BCH-B200,WHOLE_BLOCK_SHORTENED,BERLEKAMP_MASSEY_CHIEN,200,248,0.80645161290322576,5.9000000000000004,4.9657831483776498,2,90,60,NONE,0,0,1,UNIFORM_RANDOM,PURE,1,UNIFORM_RANDOM,POST_HARD_DECISION_BIT_FLIP,1,5000,1000000,1041540,5000,0.83995161290322584,806719,5000,0.80671899999999996,1,0,0,5,0.001,5,0.001,4995,0.999,43.031399999999913,39.100000000000001,53.799999999999997,170.72700000000057,1962.4000000000001,97.03284000000005,5000,200,50000,TARGET_FRAME_ERRORS_REACHED,0,0,0,1,2f3ef26c10681330090cd45da45039940f3f84fe38b96a9beb7f53d7d23dfc60,WORKTREE
bch.s2.impairment.result.v1,S2_05,RESIDUAL_CFO,BCH-B200,WHOLE_BLOCK_SHORTENED,BERLEKAMP_MASSEY_CHIEN,200,248,0.80645161290322576,5.9000000000000004,4.9657831483776498,2,135,60,NONE,0,0,1,UNIFORM_RANDOM,PURE,1,UNIFORM_RANDOM,POST_HARD_DECISION_BIT_FLIP,1,5000,1000000,1224820,5000,0.98775806451612902,986414,5000,0.98641400000000001,1,0,0,13,0.0025999999999999999,13,0.0025999999999999999,4987,0.99739999999999995,47.036499999999897,40.200000000000003,56.799999999999997,203.50100000000003,2107.0999999999999,104.81831999999993,5000,200,50000,TARGET_FRAME_ERRORS_REACHED,0,0,0,1,3262e5b3503aea752af0767553ea711fe78e95131145a34d9b1165178cff8fc8,WORKTREE
bch.s2.impairment.result.v1,S2_05,RESIDUAL_CFO,BCH-B200,WHOLE_BLOCK_SHORTENED,BERLEKAMP_MASSEY_CHIEN,200,248,0.80645161290322576,6.0999999999999996,5.1657831483776491,2,0,60,NONE,0,0,1,UNIFORM_RANDOM,PURE,1,UNIFORM_RANDOM,POST_HARD_DECISION_BIT_FLIP,1,5000,1000000,30806,4988,0.024843548387096775,8259,2085,0.0082590000000000007,0.41699999999999998,2915,0.58299999999999996,2902,0.58040000000000003,3,0.00059999999999999995,2098,0.41959999999999997,40.374699999999997,37.299999999999997,54.705000000000027,156.7050000000001,1462.8,89.702579999999941,5000,200,50000,TARGET_FRAME_ERRORS_REACHED,0,0,0,1,64d5b6c8165902199730a8dd559e8785c94b05841a90045b627f036cb49a1f4a,WORKTREE
bch.s2.impairment.result.v1,S2_05,RESIDUAL_CFO,BCH-B200,WHOLE_BLOCK_SHORTENED,BERLEKAMP_MASSEY_CHIEN,200,248,0.80645161290322576,6.0999999999999996,5.1657831483776491,2,45,60,NONE,0,0,1,UNIFORM_RANDOM,PURE,1,UNIFORM_RANDOM,POST_HARD_DECISION_BIT_FLIP,1,5000,1000000,381211,5000,0.30742822580645163,223213,5000,0.22321299999999999,1,0,0,5,0.001,5,0.001,4995,0.999,42.229579999999977,38.399999999999999,52.605000000000018,114.41200000000026,10660.5,94.932340000000053,5000,200,50000,TARGET_FRAME_ERRORS_REACHED,0,0,0,1,cde351ebfcdab5cf90a7a409a92fcb66463c30c3a662643a29ff80ce26f68ca8,WORKTREE
bch.s2.impairment.result.v1,S2_05,RESIDUAL_CFO,BCH-B200,WHOLE_BLOCK_SHORTENED,BERLEKAMP_MASSEY_CHIEN,200,248,0.80645161290322576,6.0999999999999996,5.1657831483776491,2,90,60,NONE,0,0,1,UNIFORM_RANDOM,PURE,1,UNIFORM_RANDOM,POST_HARD_DECISION_BIT_FLIP,1,5000,1000000,1045307,5000,0.84298951612903228,810043,5000,0.81004299999999996,1,0,0,6,0.0011999999999999999,6,0.0011999999999999999,4994,0.99880000000000002,44.85207999999988,39.200000000000003,57.899999999999999,176.91600000000037,4248.3999999999996,100.68905999999994,5000,200,50000,TARGET_FRAME_ERRORS_REACHED,0,0,0,1,b961bf28bfc7eca3691d7e9d50ee07949dbf985e7ef08afec58368cf404b9fab,WORKTREE
bch.s2.impairment.result.v1,S2_05,RESIDUAL_CFO,BCH-B200,WHOLE_BLOCK_SHORTENED,BERLEKAMP_MASSEY_CHIEN,200,248,0.80645161290322576,6.0999999999999996,5.1657831483776491,2,135,60,NONE,0,0,1,UNIFORM_RANDOM,PURE,1,UNIFORM_RANDOM,POST_HARD_DECISION_BIT_FLIP,1,5000,1000000,1226618,5000,0.98920806451612908,987991,5000,0.98799099999999995,1,0,0,6,0.0011999999999999999,6,0.0011999999999999999,4994,0.99880000000000002,47.48142,40,62.210000000000043,223.84200000000092,3818.8000000000002,106.8033999999997,5000,200,50000,TARGET_FRAME_ERRORS_REACHED,0,0,0,1,86010e7dd428cf3830162278aa9d2516ae92d2e264f820be345e997a540f49b3,WORKTREE
bch.s2.impairment.result.v1,S2_05,RESIDUAL_CFO,BCH-B200,WHOLE_BLOCK_SHORTENED,BERLEKAMP_MASSEY_CHIEN,200,248,0.80645161290322576,6.2999999999999998,5.3657831483776492,2,0,60,NONE,0,0,1,UNIFORM_RANDOM,PURE,1,UNIFORM_RANDOM,POST_HARD_DECISION_BIT_FLIP,1,5000,1000000,28172,4985,0.022719354838709679,6289,1670,0.0062890000000000003,0.33400000000000002,3330,0.66600000000000004,3320,0.66400000000000003,3,0.00059999999999999995,1680,0.33600000000000002,45.124619999999986,38.700000000000003,59.315000000000047,197.22000000000043,1923.2,107.76364000000039,5000,200,50000,TARGET_FRAME_ERRORS_REACHED,0,0,0,1,9e16c72bf4d56c78b99d961c6558cfcef86441c5094520852ac67c86a5a12b1d,WORKTREE
bch.s2.impairment.result.v1,S2_05,RESIDUAL_CFO,BCH-B200,WHOLE_BLOCK_SHORTENED,BERLEKAMP_MASSEY_CHIEN,200,248,0.80645161290322576,6.2999999999999998,5.3657831483776492,2,45,60,NONE,0,0,1,UNIFORM_RANDOM,PURE,1,UNIFORM_RANDOM,POST_HARD_DECISION_BIT_FLIP,1,5000,1000000,378265,5000,0.30505241935483873,219575,5000,0.21957499999999999,1,0,0,2,0.00040000000000000002,2,0.00040000000000000002,4998,0.99960000000000004,41.207659999999912,38.700000000000003,55.200000000000003,146.04800000000105,1009.4,94.324220000000139,5000,200,50000,TARGET_FRAME_ERRORS_REACHED,0,0,0,1,9d4b72272e477ebb5dd6b0b83856694b59c8f99aa2bbc0e0f3ef03b88fae5a79,WORKTREE
bch.s2.impairment.result.v1,S2_05,RESIDUAL_CFO,BCH-B200,WHOLE_BLOCK_SHORTENED,BERLEKAMP_MASSEY_CHIEN,200,248,0.80645161290322576,6.2999999999999998,5.3657831483776492,2,90,60,NONE,0,0,1,UNIFORM_RANDOM,PURE,1,UNIFORM_RANDOM,POST_HARD_DECISION_BIT_FLIP,1,5000,1000000,1050373,5000,0.84707500000000002,814506,5000,0.81450599999999995,1,0,0,6,0.0011999999999999999,6,0.0011999999999999999,4994,0.99880000000000002,38.885879999999879,37.299999999999997,51.505000000000017,114.20200000000006,1099.9000000000001,90.430060000000367,5000,200,50000,TARGET_FRAME_ERRORS_REACHED,0,0,0,1,3993ad7098b6443c202acf87189d2cb8cbd9bd56369651d55e1e3ebb087abd3c,WORKTREE
bch.s2.impairment.result.v1,S2_05,RESIDUAL_CFO,BCH-B200,WHOLE_BLOCK_SHORTENED,BERLEKAMP_MASSEY_CHIEN,200,248,0.80645161290322576,6.2999999999999998,5.3657831483776492,2,135,60,NONE,0,0,1,UNIFORM_RANDOM,PURE,1,UNIFORM_RANDOM,POST_HARD_DECISION_BIT_FLIP,1,5000,1000000,1228296,5000,0.99056129032258067,989469,5000,0.98946900000000004,1,0,0,3,0.00059999999999999995,3,0.00059999999999999995,4997,0.99939999999999996,43.416859999999872,38.5,56.805000000000014,168.00400000000008,3914.4000000000001,97.798020000000108,5000,200,50000,TARGET_FRAME_ERRORS_REACHED,0,0,0,1,8228ce5bc107eff238e2a1b5d3dcd552548f109dbad126b4a4f0ad73171e9d98,WORKTREE
bch.s2.impairment.result.v1,S2_05,RESIDUAL_CFO,BCH-S300,SEGMENTED,SYNDROME_LOOKUP,300,420,0.7142857142857143,5.4000000000000004,3.9387196432176204,2,0,30,NONE,0,0,1,UNIFORM_RANDOM,PURE,1,UNIFORM_RANDOM,POST_HARD_DECISION_BIT_FLIP,1,5000,1500000,36264,4997,0.017268571428571428,8487,2653,0.0056579999999999998,0.53059999999999996,2347,0.46939999999999998,5000,1,2653,0.53059999999999996,0,0,25.812759999999944,25.100000000000001,36.600000000000001,68.610000000000213,600.29999999999995,104.74241999999998,5000,200,50000,TARGET_FRAME_ERRORS_REACHED,0,0,0,1,f581895454eb55af0bb9cfb9e5b3edab25475816e108ea355e2067bfc686f26d,WORKTREE
bch.s2.impairment.result.v1,S2_05,RESIDUAL_CFO,BCH-S300,SEGMENTED,SYNDROME_LOOKUP,300,420,0.7142857142857143,5.4000000000000004,3.9387196432176204,2,45,30,NONE,0,0,1,UNIFORM_RANDOM,PURE,1,UNIFORM_RANDOM,POST_HARD_DECISION_BIT_FLIP,1,5000,1500000,305703,5000,0.14557285714285714,230685,5000,0.15379000000000001,1,0,0,5000,1,5000,1,0,0,39.225159999999974,31.300000000000001,59.220000000000077,218.64500000000098,1734.2,145.81382000000013,5000,200,50000,TARGET_FRAME_ERRORS_REACHED,0,0,0,1,fa80e6eda2f1ba7a704c2f9824bfb95cf897c38bef57db1c7fb264d8e6851b32,WORKTREE
bch.s2.impairment.result.v1,S2_05,RESIDUAL_CFO,BCH-S300,SEGMENTED,SYNDROME_LOOKUP,300,420,0.7142857142857143,5.4000000000000004,3.9387196432176204,2,90,30,NONE,0,0,1,UNIFORM_RANDOM,PURE,1,UNIFORM_RANDOM,POST_HARD_DECISION_BIT_FLIP,1,5000,1500000,1482268,5000,0.70584190476190478,1020059,5000,0.68003933333333333,1,0,0,5000,1,5000,1,0,0,36.678279999999909,29.899999999999999,43.805000000000014,114.65200000000114,18594.5,130.56756000000004,5000,200,50000,TARGET_FRAME_ERRORS_REACHED,0,0,0,1,a51d0283605028a4d9f8e21394af1520b2902ed942669706c3d99d223b1b4496,WORKTREE
bch.s2.impairment.result.v1,S2_05,RESIDUAL_CFO,BCH-S300,SEGMENTED,SYNDROME_LOOKUP,300,420,0.7142857142857143,5.4000000000000004,3.9387196432176204,2,135,30,NONE,0,0,1,UNIFORM_RANDOM,PURE,1,UNIFORM_RANDOM,POST_HARD_DECISION_BIT_FLIP,1,5000,1500000,2036452,5000,0.96973904761904761,1474581,5000,0.98305399999999998,1,0,0,5000,1,5000,1,0,0,35.024539999999874,28.300000000000001,53.915000000000049,199.65000000000109,1420.5999999999999,138.90249999999969,5000,200,50000,TARGET_FRAME_ERRORS_REACHED,0,0,0,1,78e0f9085278b93078a51420eb31ec22d12286d2500da0d60f967ebd2eea5e3d,WORKTREE
bch.s2.impairment.result.v1,S2_05,RESIDUAL_CFO,BCH-S300,SEGMENTED,SYNDROME_LOOKUP,300,420,0.7142857142857143,5.5999999999999996,4.1387196432176196,2,0,30,NONE,0,0,1,UNIFORM_RANDOM,PURE,1,UNIFORM_RANDOM,POST_HARD_DECISION_BIT_FLIP,1,5000,1500000,31693,4992,0.015091904761904761,6453,2225,0.0043020000000000003,0.44500000000000001,2775,0.55500000000000005,5000,1,2225,0.44500000000000001,0,0,25.77594000000002,24.899999999999999,36.899999999999999,78.101000000000013,634.5,106.30475999999973,5000,200,50000,TARGET_FRAME_ERRORS_REACHED,0,0,0,1,7e4acd8b8f00f45784c2c28538f52f0293d47651cd464d5608aaa8052f9ac0e2,WORKTREE
bch.s2.impairment.result.v1,S2_05,RESIDUAL_CFO,BCH-S300,SEGMENTED,SYNDROME_LOOKUP,300,420,0.7142857142857143,5.5999999999999996,4.1387196432176196,2,45,30,NONE,0,0,1,UNIFORM_RANDOM,PURE,1,UNIFORM_RANDOM,POST_HARD_DECISION_BIT_FLIP,1,5000,1500000,294330,5000,0.14015714285714287,220598,5000,0.14706533333333333,1,0,0,5000,1,5000,1,0,0,43.253599999999992,31,69.815000000000055,288.60200000000003,5410.3999999999996,159.11713999999998,5000,200,50000,TARGET_FRAME_ERRORS_REACHED,0,0,0,1,b5639681f41b29b9695f68fed2cb5f6a5dfbe30d053b1c06a09e072dfad89701,WORKTREE
bch.s2.impairment.result.v1,S2_05,RESIDUAL_CFO,BCH-S300,SEGMENTED,SYNDROME_LOOKUP,300,420,0.7142857142857143,5.5999999999999996,4.1387196432176196,2,90,30,NONE,0,0,1,UNIFORM_RANDOM,PURE,1,UNIFORM_RANDOM,POST_HARD_DECISION_BIT_FLIP,1,5000,1500000,1490510,5000,0.70976666666666666,1027169,5000,0.6847793333333333,1,0,0,5000,1,5000,1,0,0,33.499160000000039,30.699999999999999,45.405000000000015,118.91400000000031,1071.5999999999999,126.80791999999997,5000,200,50000,TARGET_FRAME_ERRORS_REACHED,0,0,0,1,5ff4473ee51be505449a8182d1a2169fd2f754b3ea7c6bae9d61382c9efc61b4,WORKTREE
bch.s2.impairment.result.v1,S2_05,RESIDUAL_CFO,BCH-S300,SEGMENTED,SYNDROME_LOOKUP,300,420,0.7142857142857143,5.5999999999999996,4.1387196432176196,2,135,30,NONE,0,0,1,UNIFORM_RANDOM,PURE,1,UNIFORM_RANDOM,POST_HARD_DECISION_BIT_FLIP,1,5000,1500000,2042831,5000,0.97277666666666662,1478323,5000,0.98554866666666663,1,0,0,5000,1,5000,1,0,0,33.560140000000132,27.699999999999999,50.435000000000123,165.70700000000014,1982.7,138.66405999999992,5000,200,50000,TARGET_FRAME_ERRORS_REACHED,0,0,0,1,b244f2f0fec5d99570e1027428fec19419adbc2df4af6969e75b030ba225ecb7,WORKTREE
bch.s2.impairment.result.v1,S2_05,RESIDUAL_CFO,BCH-S300,SEGMENTED,SYNDROME_LOOKUP,300,420,0.7142857142857143,5.7999999999999998,4.3387196432176198,2,0,30,NONE,0,0,1,UNIFORM_RANDOM,PURE,1,UNIFORM_RANDOM,POST_HARD_DECISION_BIT_FLIP,1,5000,1500000,28177,4974,0.013417619047619048,5210,1920,0.0034733333333333335,0.38400000000000001,3080,0.61599999999999999,5000,1,1920,0.38400000000000001,0,0,28.054759999999998,26.350000000000001,40.005000000000017,93.360000000001307,622.39999999999998,113.57194000000011,5000,200,50000,TARGET_FRAME_ERRORS_REACHED,0,0,0,1,f45973f63c5309f0da3f819c70e98ba2a05762357617f4ffb57314c30ca66976,WORKTREE
bch.s2.impairment.result.v1,S2_05,RESIDUAL_CFO,BCH-S300,SEGMENTED,SYNDROME_LOOKUP,300,420,0.7142857142857143,5.7999999999999998,4.3387196432176198,2,45,30,NONE,0,0,1,UNIFORM_RANDOM,PURE,1,UNIFORM_RANDOM,POST_HARD_DECISION_BIT_FLIP,1,5000,1500000,284602,5000,0.1355247619047619,211502,5000,0.14100133333333334,1,0,0,5000,1,5000,1,0,0,36.203940000000067,30.800000000000001,58.615000000000059,199.60200000000003,1156.4000000000001,141.0629000000001,5000,200,50000,TARGET_FRAME_ERRORS_REACHED,0,0,0,1,6ead1aa3b2024b3bbff6e95434e0df5c2802880d1f8ad3d868d69f10a414bf85,WORKTREE
bch.s2.impairment.result.v1,S2_05,RESIDUAL_CFO,BCH-S300,SEGMENTED,SYNDROME_LOOKUP,300,420,0.7142857142857143,5.7999999999999998,4.3387196432176198,2,90,30,NONE,0,0,1,UNIFORM_RANDOM,PURE,1,UNIFORM_RANDOM,POST_HARD_DECISION_BIT_FLIP,1,5000,1500000,1498530,5000,0.71358571428571427,1032414,5000,0.688276,1,0,0,5000,1,5000,1,0,0,33.261379999999804,30.100000000000001,45.600000000000001,136.86000000000132,971.89999999999998,126.13161999999986,5000,200,50000,TARGET_FRAME_ERRORS_REACHED,0,0,0,1,981910d932875c397cb8ade23089bb1451ecccdb779365c59f7e2e58d4050c75,WORKTREE
bch.s2.impairment.result.v1,S2_05,RESIDUAL_CFO,BCH-S300,SEGMENTED,SYNDROME_LOOKUP,300,420,0.7142857142857143,5.7999999999999998,4.3387196432176198,2,135,30,NONE,0,0,1,UNIFORM_RANDOM,PURE,1,UNIFORM_RANDOM,POST_HARD_DECISION_BIT_FLIP,1,5000,1500000,2047898,5000,0.97518952380952384,1481573,5000,0.98771533333333328,1,0,0,5000,1,5000,1,0,0,27.442080000000047,26.399999999999999,38.399999999999999,94.303000000000054,651.70000000000005,114.38513999999981,5000,200,50000,TARGET_FRAME_ERRORS_REACHED,0,0,0,1,a934d64a5a30fabd56510133777cca10e178cc0bfb58b7536f3d2404774478bb,WORKTREE
bch.s2.impairment.result.v1,S2_05,RESIDUAL_CFO,BCH-S300,SEGMENTED,SYNDROME_LOOKUP,300,420,0.7142857142857143,6,4.53871964321762,2,0,30,NONE,0,0,1,UNIFORM_RANDOM,PURE,1,UNIFORM_RANDOM,POST_HARD_DECISION_BIT_FLIP,1,5000,1500000,24559,4955,0.011694761904761904,4109,1551,0.0027393333333333332,0.31019999999999998,3449,0.68979999999999997,5000,1,1551,0.31019999999999998,0,0,31.017760000000063,27,47.205000000000027,142.52800000000062,1476.8,126.52769999999985,5000,200,50000,TARGET_FRAME_ERRORS_REACHED,0,0,0,1,b0288d0c9e89d2e90a9edd81ac43945967e0da88612518c2c737d078599db10d,WORKTREE
bch.s2.impairment.result.v1,S2_05,RESIDUAL_CFO,BCH-S300,SEGMENTED,SYNDROME_LOOKUP,300,420,0.7142857142857143,6,4.53871964321762,2,45,30,NONE,0,0,1,UNIFORM_RANDOM,PURE,1,UNIFORM_RANDOM,POST_HARD_DECISION_BIT_FLIP,1,5000,1500000,272531,5000,0.12977666666666668,201134,5000,0.13408933333333334,1,0,0,5000,1,5000,1,0,0,35.567219999999871,29.199999999999999,43.700000000000003,103.74300000000095,11590.799999999999,126.12646000000012,5000,200,50000,TARGET_FRAME_ERRORS_REACHED,0,0,0,1,c0b87deade7f4efab972c613a8f6a99c6a152ee84ac5bc44dc6de5cb7725faa1,WORKTREE
bch.s2.impairment.result.v1,S2_05,RESIDUAL_CFO,BCH-S300,SEGMENTED,SYNDROME_LOOKUP,300,420,0.7142857142857143,6,4.53871964321762,2,90,30,NONE,0,0,1,UNIFORM_RANDOM,PURE,1,UNIFORM_RANDOM,POST_HARD_DECISION_BIT_FLIP,1,5000,1500000,1507980,5000,0.71808571428571433,1039341,5000,0.69289400000000001,1,0,0,5000,1,5000,1,0,0,41.520160000000047,31.5,70.325000000000088,257.1230000000005,3535,150.59970000000038,5000,200,50000,TARGET_FRAME_ERRORS_REACHED,0,0,0,1,58828a5a6ef6d1571e3eb101919e3644a42e89855449e874b7d41789ad1eaf9b,WORKTREE
bch.s2.impairment.result.v1,S2_05,RESIDUAL_CFO,BCH-S300,SEGMENTED,SYNDROME_LOOKUP,300,420,0.7142857142857143,6,4.53871964321762,2,135,30,NONE,0,0,1,UNIFORM_RANDOM,PURE,1,UNIFORM_RANDOM,POST_HARD_DECISION_BIT_FLIP,1,5000,1500000,2053106,5000,0.97766952380952377,1484682,5000,0.989788,1,0,0,5000,1,5000,1,0,0,25.90753999999998,25.600000000000001,36.899999999999999,74.604000000000084,906.39999999999998,109.75551999999928,5000,200,50000,TARGET_FRAME_ERRORS_REACHED,0,0,0,1,0df4f9bca93820e82ed207f6879f037f2abb8b3877167b044b91b03d561638e7,WORKTREE
bch.s2.impairment.result.v1,S2_05,RESIDUAL_CFO,BCH-S300,SEGMENTED,SYNDROME_LOOKUP,300,420,0.7142857142857143,6.2000000000000002,4.7387196432176202,2,0,30,NONE,0,0,1,UNIFORM_RANDOM,PURE,1,UNIFORM_RANDOM,POST_HARD_DECISION_BIT_FLIP,1,5000,1500000,21452,4921,0.010215238095238095,3186,1270,0.002124,0.254,3730,0.746,5000,1,1270,0.254,0,0,32.527500000000025,26.699999999999999,46.700000000000003,173.80400000000009,2926.1999999999998,129.43537999999987,5000,200,50000,TARGET_FRAME_ERRORS_REACHED,0,0,0,1,fdcec9e6cbbb1b22ea34752842573f733fa90f6cd58d82971a49908ddf3ee98b,WORKTREE
bch.s2.impairment.result.v1,S2_05,RESIDUAL_CFO,BCH-S300,SEGMENTED,SYNDROME_LOOKUP,300,420,0.7142857142857143,6.2000000000000002,4.7387196432176202,2,45,30,NONE,0,0,1,UNIFORM_RANDOM,PURE,1,UNIFORM_RANDOM,POST_HARD_DECISION_BIT_FLIP,1,5000,1500000,262921,5000,0.1252004761904762,192436,5000,0.12829066666666666,1,0,0,5000,1,5000,1,0,0,28.058299999999981,27.699999999999999,38.405000000000015,73.705000000000112,1545.8,110.96080000000013,5000,200,50000,TARGET_FRAME_ERRORS_REACHED,0,0,0,1,f7b989fc95c749bf58cefa021e1a6d3c0907c1ca86d6fee9f18844a2e5f1217c,WORKTREE
bch.s2.impairment.result.v1,S2_05,RESIDUAL_CFO,BCH-S300,SEGMENTED,SYNDROME_LOOKUP,300,420,0.7142857142857143,6.2000000000000002,4.7387196432176202,2,90,30,NONE,0,0,1,UNIFORM_RANDOM,PURE,1,UNIFORM_RANDOM,POST_HARD_DECISION_BIT_FLIP,1,5000,1500000,1513981,5000,0.72094333333333338,1043592,5000,0.69572800000000001,1,0,0,5000,1,5000,1,0,0,30.824199999999966,29.899999999999999,41.100000000000001,103.30700000000014,1082.8,118.41394000000005,5000,200,50000,TARGET_FRAME_ERRORS_REACHED,0,0,0,1,33f081396a542dc4339a16d595704ce9c8250ed88376bb0d09c3c9991e787fd3,WORKTREE
bch.s2.impairment.result.v1,S2_05,RESIDUAL_CFO,BCH-S300,SEGMENTED,SYNDROME_LOOKUP,300,420,0.7142857142857143,6.2000000000000002,4.7387196432176202,2,135,30,NONE,0,0,1,UNIFORM_RANDOM,PURE,1,UNIFORM_RANDOM,POST_HARD_DECISION_BIT_FLIP,1,5000,1500000,2057714,5000,0.97986380952380947,1487066,5000,0.99137733333333333,1,0,0,5000,1,5000,1,0,0,30.219520000000095,26.5,41.5,127.24400000000097,1489.4000000000001,121.98209999999983,5000,200,50000,TARGET_FRAME_ERRORS_REACHED,0,0,0,1,dd58bdcb1294c2164255c97582fa89ef4a20b6c344c0232d4246d6fb3545e7de,WORKTREE
bch.s2.impairment.result.v1,S2_05,RESIDUAL_CFO,BCH-S300,SEGMENTED,SYNDROME_LOOKUP,300,420,0.7142857142857143,6.4000000000000004,4.9387196432176204,2,0,30,NONE,0,0,1,UNIFORM_RANDOM,PURE,1,UNIFORM_RANDOM,POST_HARD_DECISION_BIT_FLIP,1,5000,1500000,18824,4868,0.0089638095238095232,2447,1006,0.0016313333333333334,0.20119999999999999,3994,0.79879999999999995,5000,1,1006,0.20119999999999999,0,0,22.957139999999956,21.600000000000001,34.799999999999997,60.30800000000017,357.69999999999999,98.765859999999947,5000,200,50000,TARGET_FRAME_ERRORS_REACHED,0,0,0,1,e52402ed11a9b9806884001c843e9cfa43256ef77894ae03551badddcd6191bb,WORKTREE
bch.s2.impairment.result.v1,S2_05,RESIDUAL_CFO,BCH-S300,SEGMENTED,SYNDROME_LOOKUP,300,420,0.7142857142857143,6.4000000000000004,4.9387196432176204,2,45,30,NONE,0,0,1,UNIFORM_RANDOM,PURE,1,UNIFORM_RANDOM,POST_HARD_DECISION_BIT_FLIP,1,5000,1500000,253139,5000,0.12054238095238096,183830,5000,0.12255333333333333,1,0,0,5000,1,5000,1,0,0,35.903479999999924,30,48.399999999999999,166.05700000000124,2002,134.70361999999992,5000,200,50000,TARGET_FRAME_ERRORS_REACHED,0,0,0,1,cc68cfd00521e838c45708628f2c470367ae40c5c40c3bd4303e162dd07f2ae8,WORKTREE
bch.s2.impairment.result.v1,S2_05,RESIDUAL_CFO,BCH-S300,SEGMENTED,SYNDROME_LOOKUP,300,420,0.7142857142857143,6.4000000000000004,4.9387196432176204,2,90,30,NONE,0,0,1,UNIFORM_RANDOM,PURE,1,UNIFORM_RANDOM,POST_HARD_DECISION_BIT_FLIP,1,5000,1500000,1524138,5000,0.72577999999999998,1050907,5000,0.70060466666666665,1,0,0,5000,1,5000,1,0,0,29.047259999999987,28.300000000000001,40.299999999999997,81.205000000000112,1244.5,114.23969999999981,5000,200,50000,TARGET_FRAME_ERRORS_REACHED,0,0,0,1,5d1e4b05d1ef4ac0de685c67c2eb6d545f6c6adb3ba8537adfbae76261bed433,WORKTREE
bch.s2.impairment.result.v1,S2_05,RESIDUAL_CFO,BCH-S300,SEGMENTED,SYNDROME_LOOKUP,300,420,0.7142857142857143,6.4000000000000004,4.9387196432176204,2,135,30,NONE,0,0,1,UNIFORM_RANDOM,PURE,1,UNIFORM_RANDOM,POST_HARD_DECISION_BIT_FLIP,1,5000,1500000,2062425,5000,0.98210714285714285,1489304,5000,0.99286933333333338,1,0,0,5000,1,5000,1,0,0,22.779940000000057,18.300000000000001,35.100000000000001,61.507000000000154,616.29999999999995,103.73642,5000,200,50000,TARGET_FRAME_ERRORS_REACHED,0,0,0,1,36a64236c236602b75bfec7d98999969fb2e351988d0f8293a6e738930e6970a,WORKTREE
bch.s2.impairment.result.v1,S2_05,RESIDUAL_CFO,BCH-S300,SEGMENTED,SYNDROME_LOOKUP,300,420,0.7142857142857143,6.5999999999999996,5.1387196432176196,2,0,30,NONE,0,0,1,UNIFORM_RANDOM,PURE,1,UNIFORM_RANDOM,POST_HARD_DECISION_BIT_FLIP,1,5000,1500000,15987,4797,0.0076128571428571426,1708,726,0.0011386666666666667,0.1452,4274,0.8548,5000,1,726,0.1452,0,0,24.205360000000006,22.399999999999999,36.399999999999999,78.601000000000013,601.79999999999995,101.45680000000026,5000,200,50000,TARGET_FRAME_ERRORS_REACHED,0,0,0,1,e34d20ba84bf197a7cc5e6ea2c74a4314913ce7a3884cdfc9e6126bfd1a20f1d,WORKTREE
bch.s2.impairment.result.v1,S2_05,RESIDUAL_CFO,BCH-S300,SEGMENTED,SYNDROME_LOOKUP,300,420,0.7142857142857143,6.5999999999999996,5.1387196432176196,2,45,30,NONE,0,0,1,UNIFORM_RANDOM,PURE,1,UNIFORM_RANDOM,POST_HARD_DECISION_BIT_FLIP,1,5000,1500000,242903,5000,0.11566809523809524,175352,5000,0.11690133333333333,1,0,0,5000,1,5000,1,0,0,28.136460000000046,27.100000000000001,41.005000000000017,86.806000000000125,709.60000000000002,112.89201999999976,5000,200,50000,TARGET_FRAME_ERRORS_REACHED,0,0,0,1,ba9f4d59733a874da76f9fbd5edbc7eaa3df48666034759c6326ea05c9986ed0,WORKTREE
bch.s2.impairment.result.v1,S2_05,RESIDUAL_CFO,BCH-S300,SEGMENTED,SYNDROME_LOOKUP,300,420,0.7142857142857143,6.5999999999999996,5.1387196432176196,2,90,30,NONE,0,0,1,UNIFORM_RANDOM,PURE,1,UNIFORM_RANDOM,POST_HARD_DECISION_BIT_FLIP,1,5000,1500000,1532692,5000,0.72985333333333335,1057862,5000,0.70524133333333339,1,0,0,5000,1,5000,1,0,0,28.918239999999905,28.199999999999999,41.799999999999997,89.805000000000106,625,112.79597999999982,5000,200,50000,TARGET_FRAME_ERRORS_REACHED,0,0,0,1,03cd79daf26ffccf34a6524f7810e4ed6c03e52a29b94690b333fb698f0d00b9,WORKTREE
bch.s2.impairment.result.v1,S2_05,RESIDUAL_CFO,BCH-S300,SEGMENTED,SYNDROME_LOOKUP,300,420,0.7142857142857143,6.5999999999999996,5.1387196432176196,2,135,30,NONE,0,0,1,UNIFORM_RANDOM,PURE,1,UNIFORM_RANDOM,POST_HARD_DECISION_BIT_FLIP,1,5000,1500000,2066702,5000,0.98414380952380953,1491488,5000,0.99432533333333328,1,0,0,5000,1,5000,1,0,0,24.604740000000081,21.800000000000001,36.205000000000027,76.516000000000346,1365.5999999999999,106.04112000000003,5000,200,50000,TARGET_FRAME_ERRORS_REACHED,0,0,0,1,84aa1e93f5de65314badd564a7d42aeee5f193898988ebd56de8c7f51c38d486,WORKTREE
bch.s2.impairment.result.v1,S2_05,RESIDUAL_CFO,BCH-S300,SEGMENTED,SYNDROME_LOOKUP,300,420,0.7142857142857143,6.7999999999999998,5.3387196432176198,2,0,30,NONE,0,0,1,UNIFORM_RANDOM,PURE,1,UNIFORM_RANDOM,POST_HARD_DECISION_BIT_FLIP,1,5000,1500000,13618,4687,0.0064847619047619046,1278,560,0.000852,0.112,4440,0.88800000000000001,5000,1,560,0.112,0,0,22.951440000000044,21.5,34.505000000000017,66.101000000000013,459.80000000000001,99.028960000000026,5000,200,50000,TARGET_FRAME_ERRORS_REACHED,0,0,0,1,9e19a515b3624b86e5ef0eb1006738bcad213ac406704dc81a3bb57553e52d42,WORKTREE
bch.s2.impairment.result.v1,S2_05,RESIDUAL_CFO,BCH-S300,SEGMENTED,SYNDROME_LOOKUP,300,420,0.7142857142857143,6.7999999999999998,5.3387196432176198,2,45,30,NONE,0,0,1,UNIFORM_RANDOM,PURE,1,UNIFORM_RANDOM,POST_HARD_DECISION_BIT_FLIP,1,5000,1500000,232597,5000,0.11076047619047619,166171,5000,0.11078066666666667,1,0,0,5000,1,5000,1,0,0,28.465940000000032,28.100000000000001,39.600000000000001,83.106000000000122,654.89999999999998,112.27710000000016,5000,200,50000,TARGET_FRAME_ERRORS_REACHED,0,0,0,1,b9bc39d0d94037033ed04111dbc78781e92eb8a82f86375ec69eab9b2d6ecc8a,WORKTREE
bch.s2.impairment.result.v1,S2_05,RESIDUAL_CFO,BCH-S300,SEGMENTED,SYNDROME_LOOKUP,300,420,0.7142857142857143,6.7999999999999998,5.3387196432176198,2,90,30,NONE,0,0,1,UNIFORM_RANDOM,PURE,1,UNIFORM_RANDOM,POST_HARD_DECISION_BIT_FLIP,1,5000,1500000,1541285,5000,0.73394523809523815,1064559,5000,0.70970599999999995,1,0,0,5000,1,5000,1,0,0,29.942340000000065,29.199999999999999,40.405000000000015,88.817000000000363,1218.2,115.30347999999982,5000,200,50000,TARGET_FRAME_ERRORS_REACHED,0,0,0,1,13630c5b892c3d5d720258853f1fc2cd956fb421451164fa43432d4ad3ea3de2,WORKTREE
bch.s2.impairment.result.v1,S2_05,RESIDUAL_CFO,BCH-S300,SEGMENTED,SYNDROME_LOOKUP,300,420,0.7142857142857143,6.7999999999999998,5.3387196432176198,2,135,30,NONE,0,0,1,UNIFORM_RANDOM,PURE,1,UNIFORM_RANDOM,POST_HARD_DECISION_BIT_FLIP,1,5000,1500000,2070365,5000,0.98588809523809529,1493068,5000,0.99537866666666663,1,0,0,5000,1,5000,1,0,0,24.134339999999941,21,36.105000000000018,79.201000000000036,865.5,104.05219999999987,5000,200,50000,TARGET_FRAME_ERRORS_REACHED,0,0,0,1,4a18e531c4d13e05590916bd91f95999cf964123ae18902e71969858b0757146,WORKTREE
bch.s2.impairment.result.v1,S2_05,RESIDUAL_CFO,BCH-S300,SEGMENTED,SYNDROME_LOOKUP,300,420,0.7142857142857143,7,5.53871964321762,2,0,30,NONE,0,0,1,UNIFORM_RANDOM,PURE,1,UNIFORM_RANDOM,POST_HARD_DECISION_BIT_FLIP,1,5000,1500000,11684,4523,0.0055638095238095238,994,446,0.00066266666666666666,0.089200000000000002,4554,0.91080000000000005,5000,1,446,0.089200000000000002,0,0,23.339299999999987,22.399999999999999,34.905000000000015,64.815000000000325,431.19999999999999,100.06143999999976,5000,200,50000,TARGET_FRAME_ERRORS_REACHED,0,0,0,1,5c305c62f60562f68b0299e46a373adb8a913f19d0f2da10248d28dc60067fdc,WORKTREE
bch.s2.impairment.result.v1,S2_05,RESIDUAL_CFO,BCH-S300,SEGMENTED,SYNDROME_LOOKUP,300,420,0.7142857142857143,7,5.53871964321762,2,45,30,NONE,0,0,1,UNIFORM_RANDOM,PURE,1,UNIFORM_RANDOM,POST_HARD_DECISION_BIT_FLIP,1,5000,1500000,223060,5000,0.10621904761904762,157673,5000,0.10511533333333334,1,0,0,5000,1,5000,1,0,0,45.912619999999968,31.100000000000001,55.299999999999997,197.61200000000025,12513.200000000001,156.79347999999987,5000,200,50000,TARGET_FRAME_ERRORS_REACHED,0,0,0,1,281fc9e0bb26b2617370279f68d55c1ff2bdd0437bf8366de0a78b755d01558d,WORKTREE
bch.s2.impairment.result.v1,S2_05,RESIDUAL_CFO,BCH-S300,SEGMENTED,SYNDROME_LOOKUP,300,420,0.7142857142857143,7,5.53871964321762,2,90,30,NONE,0,0,1,UNIFORM_RANDOM,PURE,1,UNIFORM_RANDOM,POST_HARD_DECISION_BIT_FLIP,1,5000,1500000,1549281,5000,0.7377528571428571,1070658,5000,0.71377199999999996,1,0,0,5000,1,5000,1,0,0,41.193620000000045,33.100000000000001,61.700000000000003,204.13200000000069,2087.3000000000002,148.24522000000036,5000,200,50000,TARGET_FRAME_ERRORS_REACHED,0,0,0,1,e7d2905250a977367b7b8e60230019d6cbe82c535ff5077a0bad008b89b85144,WORKTREE
bch.s2.impairment.result.v1,S2_05,RESIDUAL_CFO,BCH-S300,SEGMENTED,SYNDROME_LOOKUP,300,420,0.7142857142857143,7,5.53871964321762,2,135,30,NONE,0,0,1,UNIFORM_RANDOM,PURE,1,UNIFORM_RANDOM,POST_HARD_DECISION_BIT_FLIP,1,5000,1500000,2074154,5000,0.98769238095238099,1494311,5000,0.99620733333333333,1,0,0,5000,1,5000,1,0,0,31.991260000000022,26.5,46.21500000000006,162.43200000000073,1571.3,130.17640000000011,5000,200,50000,TARGET_FRAME_ERRORS_REACHED,0,0,0,1,f9b34127df040fca73257a180c1e11307bbbae38a201c6314ef26969d780eea8,WORKTREE
bch.s2.impairment.result.v1,S2_05,RESIDUAL_CFO,BCH-S300,SEGMENTED,SYNDROME_LOOKUP,300,420,0.7142857142857143,7.2000000000000002,5.7387196432176202,2,0,30,NONE,0,0,1,UNIFORM_RANDOM,PURE,1,UNIFORM_RANDOM,POST_HARD_DECISION_BIT_FLIP,1,5000,1500000,9779,4332,0.0046566666666666666,756,344,0.000504,0.0688,4656,0.93120000000000003,5000,1,344,0.0688,0,0,28.20330000000007,25.600000000000001,38,101.02900000000064,2892.0999999999999,112.42162000000016,5000,200,50000,TARGET_FRAME_ERRORS_REACHED,0,0,0,1,5116e5dabd5f620797e87a42a70b25114eef0ff81ba8288dc159c3f698c6f67d,WORKTREE
bch.s2.impairment.result.v1,S2_05,RESIDUAL_CFO,BCH-S300,SEGMENTED,SYNDROME_LOOKUP,300,420,0.7142857142857143,7.2000000000000002,5.7387196432176202,2,45,30,NONE,0,0,1,UNIFORM_RANDOM,PURE,1,UNIFORM_RANDOM,POST_HARD_DECISION_BIT_FLIP,1,5000,1500000,212612,5000,0.10124380952380953,148464,5000,0.098975999999999995,1,0,0,5000,1,5000,1,0,0,41.288980000000016,30.199999999999999,62.005000000000017,224.40700000000018,3989.8000000000002,172.03887999999978,5000,200,50000,TARGET_FRAME_ERRORS_REACHED,0,0,0,1,89d37ba5a3f64bd3d32d4b95ee06d57f6687583644d9010ac3583516969b16f6,WORKTREE
bch.s2.impairment.result.v1,S2_05,RESIDUAL_CFO,BCH-S300,SEGMENTED,SYNDROME_LOOKUP,300,420,0.7142857142857143,7.2000000000000002,5.7387196432176202,2,90,30,NONE,0,0,1,UNIFORM_RANDOM,PURE,1,UNIFORM_RANDOM,POST_HARD_DECISION_BIT_FLIP,1,5000,1500000,1558113,5000,0.74195857142857147,1077537,5000,0.71835800000000005,1,0,0,5000,1,5000,1,0,0,38.268639999999934,32.100000000000001,53.710000000000043,187.44000000000088,1435.4000000000001,148.1293199999991,5000,200,50000,TARGET_FRAME_ERRORS_REACHED,0,0,0,1,f7c72b0f75967388d036c7d4c025e53edc3aeb2b458a6de3ea34e3a694fcfac7,WORKTREE
bch.s2.impairment.result.v1,S2_05,RESIDUAL_CFO,BCH-S300,SEGMENTED,SYNDROME_LOOKUP,300,420,0.7142857142857143,7.2000000000000002,5.7387196432176202,2,135,30,NONE,0,0,1,UNIFORM_RANDOM,PURE,1,UNIFORM_RANDOM,POST_HARD_DECISION_BIT_FLIP,1,5000,1500000,2077051,5000,0.98907190476190476,1495510,5000,0.99700666666666671,1,0,0,5000,1,5000,1,0,0,29.000819999999937,26.600000000000001,39.805000000000014,116.82000000000043,579.39999999999998,124.41204000000035,5000,200,50000,TARGET_FRAME_ERRORS_REACHED,0,0,0,1,3e8e5946a7e034b2fe2c68bf11a1f9315286a639f04da98b5927533aeec05c12,WORKTREE
bch.s2.impairment.result.v1,S2_05,RESIDUAL_CFO,BCH-S300,SEGMENTED,SYNDROME_LOOKUP,300,420,0.7142857142857143,7.4000000000000004,5.9387196432176204,2,0,30,NONE,0,0,1,UNIFORM_RANDOM,PURE,1,UNIFORM_RANDOM,POST_HARD_DECISION_BIT_FLIP,1,5000,1500000,8349,4042,0.0039757142857142855,505,236,0.00033666666666666665,0.047199999999999999,4764,0.95279999999999998,5000,1,236,0.047199999999999999,0,0,30.158900000000077,25.399999999999999,40.405000000000015,118.52300000000051,3568.6999999999998,119.57522000000037,5000,200,50000,TARGET_FRAME_ERRORS_REACHED,0,0,0,1,15d035d05bcd74862f815fbdbcc84adc8f3b8c775a032344c6973cb69634c446,WORKTREE
bch.s2.impairment.result.v1,S2_05,RESIDUAL_CFO,BCH-S300,SEGMENTED,SYNDROME_LOOKUP,300,420,0.7142857142857143,7.4000000000000004,5.9387196432176204,2,45,30,NONE,0,0,1,UNIFORM_RANDOM,PURE,1,UNIFORM_RANDOM,POST_HARD_DECISION_BIT_FLIP,1,5000,1500000,203104,5000,0.096716190476190469,140388,5000,0.093591999999999995,1,0,0,5000,1,5000,1,0,0,38.054879999999855,30.300000000000001,53.810000000000031,206.93000000000066,3550.5999999999999,145.36476000000005,5000,200,50000,TARGET_FRAME_ERRORS_REACHED,0,0,0,1,fb8cf75c6f0b7da4953363874bb7a798a3749102cd1d517d256a2d244f70adbc,WORKTREE
bch.s2.impairment.result.v1,S2_05,RESIDUAL_CFO,BCH-S300,SEGMENTED,SYNDROME_LOOKUP,300,420,0.7142857142857143,7.4000000000000004,5.9387196432176204,2,90,30,NONE,0,0,1,UNIFORM_RANDOM,PURE,1,UNIFORM_RANDOM,POST_HARD_DECISION_BIT_FLIP,1,5000,1500000,1566788,5000,0.74608952380952376,1084392,5000,0.72292800000000002,1,0,0,5000,1,5000,1,0,0,42.423839999999942,32.799999999999997,53.505000000000017,184.52000000000044,13357.299999999999,150.17662000000001,5000,200,50000,TARGET_FRAME_ERRORS_REACHED,0,0,0,1,509efa92da8e49269051d11ceb007411a198b80e79467d6e176e17a0b357f2a8,WORKTREE
bch.s2.impairment.result.v1,S2_05,RESIDUAL_CFO,BCH-S300,SEGMENTED,SYNDROME_LOOKUP,300,420,0.7142857142857143,7.4000000000000004,5.9387196432176204,2,135,30,NONE,0,0,1,UNIFORM_RANDOM,PURE,1,UNIFORM_RANDOM,POST_HARD_DECISION_BIT_FLIP,1,5000,1500000,2079938,5000,0.9904466666666667,1496590,5000,0.99772666666666665,1,0,0,5000,1,5000,1,0,0,32.268580000000014,26.699999999999999,45.510000000000034,162.20700000000014,1849,131.5222200000002,5000,200,50000,TARGET_FRAME_ERRORS_REACHED,0,0,0,1,125c2cca7840fff35c5f2a8a795fa9f8c246f3436bb7884a6514972e444be974,WORKTREE
bch.s2.impairment.result.v1,S2_05,RESIDUAL_CFO,BCH-S300,SEGMENTED,SYNDROME_LOOKUP,300,420,0.7142857142857143,7.5999999999999996,6.1387196432176196,2,0,30,NONE,0,0,1,UNIFORM_RANDOM,PURE,1,UNIFORM_RANDOM,POST_HARD_DECISION_BIT_FLIP,1,6182,1854600,8502,4598,0.003274483523593844,432,200,0.00023293432546101585,0.032351989647363313,5982,0.9676480103526367,6182,1,200,0.032351989647363313,0,0,41.703946942737161,26.699999999999999,59.094999999999985,215.54699999999949,35440.300000000003,146.16462309932038,5000,200,50000,TARGET_FRAME_ERRORS_REACHED,0,0,0,1,61182aa4d1f6b307d6549447b88f12709ab33f6ba27152e66b79a01cc88e3a3a,WORKTREE
bch.s2.impairment.result.v1,S2_05,RESIDUAL_CFO,BCH-S300,SEGMENTED,SYNDROME_LOOKUP,300,420,0.7142857142857143,7.5999999999999996,6.1387196432176196,2,45,30,NONE,0,0,1,UNIFORM_RANDOM,PURE,1,UNIFORM_RANDOM,POST_HARD_DECISION_BIT_FLIP,1,5000,1500000,193653,5000,0.09221571428571429,132359,5000,0.088239333333333336,1,0,0,5000,1,5000,1,0,0,30.473979999999969,28.399999999999999,42,104.7180000000004,2305.8000000000002,120.5902600000002,5000,200,50000,TARGET_FRAME_ERRORS_REACHED,0,0,0,1,04dad5f456999916bd2ca8cd76044646e1e2004236729f21ab2c78d17e63b7cf,WORKTREE
bch.s2.impairment.result.v1,S2_05,RESIDUAL_CFO,BCH-S300,SEGMENTED,SYNDROME_LOOKUP,300,420,0.7142857142857143,7.5999999999999996,6.1387196432176196,2,90,30,NONE,0,0,1,UNIFORM_RANDOM,PURE,1,UNIFORM_RANDOM,POST_HARD_DECISION_BIT_FLIP,1,5000,1500000,1575565,5000,0.75026904761904767,1091495,5000,0.72766333333333333,1,0,0,5000,1,5000,1,0,0,43.10563999999988,32.200000000000003,76.415000000000063,241.50900000000019,3084.0999999999999,155.79400000000027,5000,200,50000,TARGET_FRAME_ERRORS_REACHED,0,0,0,1,55afa07091f78270e63efe72d3e29b4b1b3c0b54b56d8125c32f25467394ffdf,WORKTREE
bch.s2.impairment.result.v1,S2_05,RESIDUAL_CFO,BCH-S300,SEGMENTED,SYNDROME_LOOKUP,300,420,0.7142857142857143,7.5999999999999996,6.1387196432176196,2,135,30,NONE,0,0,1,UNIFORM_RANDOM,PURE,1,UNIFORM_RANDOM,POST_HARD_DECISION_BIT_FLIP,1,5000,1500000,2082326,5000,0.99158380952380953,1497033,5000,0.99802199999999996,1,0,0,5000,1,5000,1,0,0,29.917860000000069,26.300000000000001,41.5,119.23300000000073,2066.6999999999998,124.37622000000016,5000,200,50000,TARGET_FRAME_ERRORS_REACHED,0,0,0,1,1ee2abb362120781c73c06ded64182dfaf661e362273492610411d54c08f4daf,WORKTREE
bch.s2.impairment.result.v1,S2_05,RESIDUAL_CFO,BCH-S300,SEGMENTED,SYNDROME_LOOKUP,300,420,0.7142857142857143,7.7999999999999998,6.3387196432176198,2,0,30,NONE,0,0,1,UNIFORM_RANDOM,PURE,1,UNIFORM_RANDOM,POST_HARD_DECISION_BIT_FLIP,1,8937,2681100,10169,6030,0.0027091758713108159,414,200,0.00015441423296408191,0.022378874342620567,8737,0.97762112565737946,8937,1,200,0.022378874342620567,0,0,36.044142329640835,26.699999999999999,57.600000000000001,222.24799999999959,3922.5,134.46271679534516,5000,200,50000,TARGET_FRAME_ERRORS_REACHED,0,0,0,1,e6b7c7a2eef4f761325b68cd470336697fb62206a25578dcc3521a816b18c0c6,WORKTREE
bch.s2.impairment.result.v1,S2_05,RESIDUAL_CFO,BCH-S300,SEGMENTED,SYNDROME_LOOKUP,300,420,0.7142857142857143,7.7999999999999998,6.3387196432176198,2,45,30,NONE,0,0,1,UNIFORM_RANDOM,PURE,1,UNIFORM_RANDOM,POST_HARD_DECISION_BIT_FLIP,1,5000,1500000,185421,5000,0.088295714285714283,125550,5000,0.083699999999999997,1,0,0,5000,1,5000,1,0,0,46.586200000000083,30.399999999999999,68.425000000000097,245.40300000000008,28965.5,153.56068000000008,5000,200,50000,TARGET_FRAME_ERRORS_REACHED,0,0,0,1,dbb109ec2677c2f9ac011c043da2296dadff9e55200bf28b354857e7a902ada8,WORKTREE
bch.s2.impairment.result.v1,S2_05,RESIDUAL_CFO,BCH-S300,SEGMENTED,SYNDROME_LOOKUP,300,420,0.7142857142857143,7.7999999999999998,6.3387196432176198,2,90,30,NONE,0,0,1,UNIFORM_RANDOM,PURE,1,UNIFORM_RANDOM,POST_HARD_DECISION_BIT_FLIP,1,5000,1500000,1583242,5000,0.75392476190476188,1097582,5000,0.73172133333333333,1,0,0,5000,1,5000,1,0,0,40.045379999999973,31.699999999999999,52.799999999999997,206.10400000000007,2749.8000000000002,151.82687999999956,5000,200,50000,TARGET_FRAME_ERRORS_REACHED,0,0,0,1,c9aa1e85e28978792b6ec484af488f4bfece5166ea1e7a48ecc074f522697db4,WORKTREE
bch.s2.impairment.result.v1,S2_05,RESIDUAL_CFO,BCH-S300,SEGMENTED,SYNDROME_LOOKUP,300,420,0.7142857142857143,7.7999999999999998,6.3387196432176198,2,135,30,NONE,0,0,1,UNIFORM_RANDOM,PURE,1,UNIFORM_RANDOM,POST_HARD_DECISION_BIT_FLIP,1,5000,1500000,2085024,5000,0.99286857142857143,1497738,5000,0.99849200000000005,1,0,0,5000,1,5000,1,0,0,31.871460000000045,25.399999999999999,49.905000000000015,210.52700000000058,1935,129.8959000000001,5000,200,50000,TARGET_FRAME_ERRORS_REACHED,0,0,0,1,51a44cee7bf83c65ed0062d79af525d0ddfb385c35ad40192eb73654dbe0504f,WORKTREE
bch.s2.impairment.result.v1,S2_05,RESIDUAL_CFO,BCH-S300,SEGMENTED,SYNDROME_LOOKUP,300,420,0.7142857142857143,8,6.53871964321762,2,0,30,NONE,0,0,1,UNIFORM_RANDOM,PURE,1,UNIFORM_RANDOM,POST_HARD_DECISION_BIT_FLIP,1,12181,3654300,11299,7322,0.0022085527421706716,446,200,0.0001220479982486386,0.016419013217305638,11981,0.98358098678269434,12181,1,200,0.016419013217305638,0,0,29.220170757737755,24.899999999999999,43.399999999999999,136.86000000000058,2702.8000000000002,115.94351038502511,5000,200,50000,TARGET_FRAME_ERRORS_REACHED,0,0,0,1,8c2f8f17a973c3df4880b76bb8669ec2a750deee646f89bc6c4b015da7b5ad97,WORKTREE
bch.s2.impairment.result.v1,S2_05,RESIDUAL_CFO,BCH-S300,SEGMENTED,SYNDROME_LOOKUP,300,420,0.7142857142857143,8,6.53871964321762,2,45,30,NONE,0,0,1,UNIFORM_RANDOM,PURE,1,UNIFORM_RANDOM,POST_HARD_DECISION_BIT_FLIP,1,5000,1500000,175732,5000,0.083681904761904763,117568,5000,0.078378666666666666,1,0,0,5000,1,5000,1,0,0,26.746779999999887,27.100000000000001,36.799999999999997,66.93100000000068,570.39999999999998,108.34048000000003,5000,200,50000,TARGET_FRAME_ERRORS_REACHED,0,0,0,1,5dae56ea7ee3beaeabe0ca86af68e413d7296c3efcf250164756245cf4fd4feb,WORKTREE
bch.s2.impairment.result.v1,S2_05,RESIDUAL_CFO,BCH-S300,SEGMENTED,SYNDROME_LOOKUP,300,420,0.7142857142857143,8,6.53871964321762,2,90,30,NONE,0,0,1,UNIFORM_RANDOM,PURE,1,UNIFORM_RANDOM,POST_HARD_DECISION_BIT_FLIP,1,5000,1500000,1592648,5000,0.75840380952380948,1104955,5000,0.73663666666666672,1,0,0,5000,1,5000,1,0,0,37.581879999999856,31.100000000000001,49.710000000000043,184.73600000000295,2775.5,146.4614,5000,200,50000,TARGET_FRAME_ERRORS_REACHED,0,0,0,1,bcd319e51a2af08c4e966bf36e1a6e1324ab502ee213f0a5396a128467d4f98f,WORKTREE
bch.s2.impairment.result.v1,S2_05,RESIDUAL_CFO,BCH-S300,SEGMENTED,SYNDROME_LOOKUP,300,420,0.7142857142857143,8,6.53871964321762,2,135,30,NONE,0,0,1,UNIFORM_RANDOM,PURE,1,UNIFORM_RANDOM,POST_HARD_DECISION_BIT_FLIP,1,5000,1500000,2087148,5000,0.99387999999999999,1498307,5000,0.99887133333333333,1,0,0,5000,1,5000,1,0,0,26.371300000000005,24.600000000000001,37.805000000000014,101.61700000000037,1171.4000000000001,112.99817999999956,5000,200,50000,TARGET_FRAME_ERRORS_REACHED,0,0,0,1,1875c3bcf7e46ed42b58a883bef1b1170f894e6cbd4d4a9268f7e39dc48cabc8,WORKTREE
bch.s2.impairment.result.v1,S2_05,RESIDUAL_CFO,BCH-S300,SEGMENTED,SYNDROME_LOOKUP,300,420,0.7142857142857143,8.1999999999999993,6.7387196432176193,2,0,30,NONE,0,0,1,UNIFORM_RANDOM,PURE,1,UNIFORM_RANDOM,POST_HARD_DECISION_BIT_FLIP,1,15099,4529700,11502,8049,0.0018137435780988334,431,200,9.5149789169260654e-05,0.013245910325187099,14899,0.98675408967481293,15099,1,200,0.013245910325187099,0,0,27.24560566924956,24.699999999999999,38.5,105.80200000000005,2008.0999999999999,111.31902112722717,5000,200,50000,TARGET_FRAME_ERRORS_REACHED,0,0,0,1,ff6d76da228f7e84469ed0abe453568af3300bf84acdafa593e4f1ba79aa88b8,WORKTREE
bch.s2.impairment.result.v1,S2_05,RESIDUAL_CFO,BCH-S300,SEGMENTED,SYNDROME_LOOKUP,300,420,0.7142857142857143,8.1999999999999993,6.7387196432176193,2,45,30,NONE,0,0,1,UNIFORM_RANDOM,PURE,1,UNIFORM_RANDOM,POST_HARD_DECISION_BIT_FLIP,1,5000,1500000,167699,5000,0.079856666666666673,110632,5000,0.073754666666666663,1,0,0,5000,1,5000,1,0,0,23.13934000000004,18.899999999999999,35.899999999999999,53.001000000000019,315.69999999999999,100.58800000000021,5000,200,50000,TARGET_FRAME_ERRORS_REACHED,0,0,0,1,55beee3a68766445658e27f86d3c2c849e19f48fd033806180b1641f6a1d6a25,WORKTREE
bch.s2.impairment.result.v1,S2_05,RESIDUAL_CFO,BCH-S300,SEGMENTED,SYNDROME_LOOKUP,300,420,0.7142857142857143,8.1999999999999993,6.7387196432176193,2,90,30,NONE,0,0,1,UNIFORM_RANDOM,PURE,1,UNIFORM_RANDOM,POST_HARD_DECISION_BIT_FLIP,1,5000,1500000,1600506,5000,0.76214571428571432,1111406,5000,0.74093733333333334,1,0,0,5000,1,5000,1,0,0,27.143860000000032,21.100000000000001,40.605000000000018,94.506000000000128,566.5,109.98329999999982,5000,200,50000,TARGET_FRAME_ERRORS_REACHED,0,0,0,1,59f501686f074b890f3680e90534c2acf91373b02146faf373f4a5431dad2d61,WORKTREE
bch.s2.impairment.result.v1,S2_05,RESIDUAL_CFO,BCH-S300,SEGMENTED,SYNDROME_LOOKUP,300,420,0.7142857142857143,8.1999999999999993,6.7387196432176193,2,135,30,NONE,0,0,1,UNIFORM_RANDOM,PURE,1,UNIFORM_RANDOM,POST_HARD_DECISION_BIT_FLIP,1,5000,1500000,2088957,5000,0.99474142857142855,1498847,5000,0.99923133333333336,1,0,0,5000,1,5000,1,0,0,20.474980000000027,16.100000000000001,30.100000000000001,42.003000000000064,702.39999999999998,96.118780000000001,5000,200,50000,TARGET_FRAME_ERRORS_REACHED,0,0,0,1,493b37d6d17023c63b0135bbe2e64afcef98c868a92c7a74f8e6086c55a0a07e,WORKTREE
bch.s2.impairment.result.v1,S2_05,RESIDUAL_CFO,BCH-S300,SEGMENTED,SYNDROME_LOOKUP,300,420,0.7142857142857143,8.4000000000000004,6.9387196432176204,2,0,30,NONE,0,0,1,UNIFORM_RANDOM,PURE,1,UNIFORM_RANDOM,POST_HARD_DECISION_BIT_FLIP,1,28873,8661900,17740,13229,0.0014628925029645426,420,200,4.8488206975374916e-05,0.0069268867107678458,28673,0.9930731132892322,28873,1,200,0.0069268867107678458,0,0,21.431451529110209,19.5,30.600000000000001,51.227999999999881,1316.3,94.175683164201544,5000,200,50000,TARGET_FRAME_ERRORS_REACHED,0,0,0,1,f5584f2a58ed1c74904b1212a6e017323b0b4cff542a760cd42800509e6d826d,WORKTREE
bch.s2.impairment.result.v1,S2_05,RESIDUAL_CFO,BCH-S300,SEGMENTED,SYNDROME_LOOKUP,300,420,0.7142857142857143,8.4000000000000004,6.9387196432176204,2,45,30,NONE,0,0,1,UNIFORM_RANDOM,PURE,1,UNIFORM_RANDOM,POST_HARD_DECISION_BIT_FLIP,1,5000,1500000,158134,5000,0.075301904761904764,102947,5000,0.068631333333333336,1,0,0,5000,1,5000,1,0,0,23.466580000000032,18.899999999999999,35.610000000000042,48.407000000000146,400.19999999999999,100.80194000000009,5000,200,50000,TARGET_FRAME_ERRORS_REACHED,0,0,0,1,1b3fd386dff5cd680fbafc54496c135652762acf4aeb8ac74084c4b83721abee,WORKTREE
bch.s2.impairment.result.v1,S2_05,RESIDUAL_CFO,BCH-S300,SEGMENTED,SYNDROME_LOOKUP,300,420,0.7142857142857143,8.4000000000000004,6.9387196432176204,2,90,30,NONE,0,0,1,UNIFORM_RANDOM,PURE,1,UNIFORM_RANDOM,POST_HARD_DECISION_BIT_FLIP,1,5000,1500000,1610465,5000,0.7668880952380952,1119071,5000,0.74604733333333328,1,0,0,5000,1,5000,1,0,0,25.837740000000064,21.899999999999999,35.600000000000001,58.407000000000146,771.70000000000005,103.88135999999993,5000,200,50000,TARGET_FRAME_ERRORS_REACHED,0,0,0,1,1334fc7d011f71766d9346bbf7ff7338291024fac7039046a6833c896b2fcc0e,WORKTREE
bch.s2.impairment.result.v1,S2_05,RESIDUAL_CFO,BCH-S300,SEGMENTED,SYNDROME_LOOKUP,300,420,0.7142857142857143,8.4000000000000004,6.9387196432176204,2,135,30,NONE,0,0,1,UNIFORM_RANDOM,PURE,1,UNIFORM_RANDOM,POST_HARD_DECISION_BIT_FLIP,1,5000,1500000,2090624,5000,0.99553523809523814,1499065,5000,0.99937666666666669,1,0,0,5000,1,5000,1,0,0,20.218619999999966,16,30.5,43.304000000000087,310.60000000000002,95.994380000000135,5000,200,50000,TARGET_FRAME_ERRORS_REACHED,0,0,0,1,2b1cd57d7f2be368b3442695df2bd875a654e4dd2fe9c7990da2f487c2d1d421,WORKTREE
bch.s2.impairment.result.v1,S2_05,RESIDUAL_CFO,BCH-S300,SEGMENTED,SYNDROME_LOOKUP,300,420,0.7142857142857143,8.5999999999999996,7.1387196432176196,2,0,30,NONE,0,0,1,UNIFORM_RANDOM,PURE,1,UNIFORM_RANDOM,POST_HARD_DECISION_BIT_FLIP,1,41212,12363600,20468,16149,0.0011825034779514058,412,200,3.3323627422433594e-05,0.0048529554498689701,41012,0.99514704455013103,41212,1,200,0.0048529554498689701,0,0,34.324213821217093,25.699999999999999,51.100000000000001,165.87799999999987,19403.400000000001,133.3108584878195,5000,200,50000,TARGET_FRAME_ERRORS_REACHED,0,0,0,1,cdf08364df56ab82f28d3375e867c7a3ef75bba3b4fd641af3120036086c5225,WORKTREE
bch.s2.impairment.result.v1,S2_05,RESIDUAL_CFO,BCH-S300,SEGMENTED,SYNDROME_LOOKUP,300,420,0.7142857142857143,8.5999999999999996,7.1387196432176196,2,45,30,NONE,0,0,1,UNIFORM_RANDOM,PURE,1,UNIFORM_RANDOM,POST_HARD_DECISION_BIT_FLIP,1,5000,1500000,151109,5000,0.071956666666666669,97034,5000,0.064689333333333335,1,0,0,5000,1,5000,1,0,0,40.564759999999936,29.899999999999999,53.220000000000077,190.80600000000013,5543.1999999999998,153.92216000000002,5000,200,50000,TARGET_FRAME_ERRORS_REACHED,0,0,0,1,b3bd515afa866680394b7b163e67167e3a0df33b3d77df9d06c99f9348089a56,WORKTREE
bch.s2.impairment.result.v1,S2_05,RESIDUAL_CFO,BCH-S300,SEGMENTED,SYNDROME_LOOKUP,300,420,0.7142857142857143,8.5999999999999996,7.1387196432176196,2,90,30,NONE,0,0,1,UNIFORM_RANDOM,PURE,1,UNIFORM_RANDOM,POST_HARD_DECISION_BIT_FLIP,1,5000,1500000,1619886,5000,0.77137428571428568,1127168,5000,0.7514453333333333,1,0,0,5000,1,5000,1,0,0,45.136499999999955,31.800000000000001,50.700000000000003,219.73600000000295,21430.200000000001,171.69586000000041,5000,200,50000,TARGET_FRAME_ERRORS_REACHED,0,0,0,1,732c224caf6b93a716dc54e0cb634018a4555da4a14d73bb9b85493d22366aa8,WORKTREE
bch.s2.impairment.result.v1,S2_05,RESIDUAL_CFO,BCH-S300,SEGMENTED,SYNDROME_LOOKUP,300,420,0.7142857142857143,8.5999999999999996,7.1387196432176196,2,135,30,NONE,0,0,1,UNIFORM_RANDOM,PURE,1,UNIFORM_RANDOM,POST_HARD_DECISION_BIT_FLIP,1,5000,1500000,2091995,5000,0.99618809523809526,1499305,5000,0.99953666666666663,1,0,0,5000,1,5000,1,0,0,38.486900000000162,26.899999999999999,44.605000000000018,196.9130000000003,10272.799999999999,148.05969999999996,5000,200,50000,TARGET_FRAME_ERRORS_REACHED,0,0,0,1,2c3e3a3b30f25b5538b380a67fed3a3596a3466b2e9bee0a53ed049d79b15f58,WORKTREE
bch.s2.impairment.result.v1,S2_05,RESIDUAL_CFO,BCH-S300,SEGMENTED,SYNDROME_LOOKUP,300,420,0.7142857142857143,8.8000000000000007,7.3387196432176207,2,0,30,NONE,0,0,1,UNIFORM_RANDOM,PURE,1,UNIFORM_RANDOM,POST_HARD_DECISION_BIT_FLIP,1,50000,15000000,19444,16072,0.0009259047619047619,323,154,2.1533333333333333e-05,0.0030799999999999998,49846,0.99692000000000003,50000,1,154,0.0030799999999999998,0,0,32.003782000000292,25.600000000000001,38.899999999999999,143.40100000000021,10107,126.65685799999927,5000,200,50000,MAX_FRAMES_REACHED,0,0,0,1,213a559c50a2a873164aaf3907875e7c8390c90f0f88a311425b0c6e665ae3ae,WORKTREE
bch.s2.impairment.result.v1,S2_05,RESIDUAL_CFO,BCH-S300,SEGMENTED,SYNDROME_LOOKUP,300,420,0.7142857142857143,8.8000000000000007,7.3387196432176207,2,45,30,NONE,0,0,1,UNIFORM_RANDOM,PURE,1,UNIFORM_RANDOM,POST_HARD_DECISION_BIT_FLIP,1,5000,1500000,142399,5000,0.067809047619047616,90003,5000,0.060002,1,0,0,5000,1,5000,1,0,0,39.974600000000066,29.5,44,151.00400000000008,13805.700000000001,154.87956000000025,5000,200,50000,TARGET_FRAME_ERRORS_REACHED,0,0,0,1,6a92205ae608d3379cad6901af7305b79184e5d3758532ddf9df6cb2315506b4,WORKTREE
bch.s2.impairment.result.v1,S2_05,RESIDUAL_CFO,BCH-S300,SEGMENTED,SYNDROME_LOOKUP,300,420,0.7142857142857143,8.8000000000000007,7.3387196432176207,2,90,30,NONE,0,0,1,UNIFORM_RANDOM,PURE,1,UNIFORM_RANDOM,POST_HARD_DECISION_BIT_FLIP,1,5000,1500000,1627223,5000,0.77486809523809519,1133423,5000,0.75561533333333331,1,0,0,5000,1,5000,1,0,0,49.549039999999977,33,75.105000000000004,298.73100000000062,12176.200000000001,215.10178000000022,5000,200,50000,TARGET_FRAME_ERRORS_REACHED,0,0,0,1,666e5fa865bd2d2dd5d20c6eb3f31e7fdea1a0808669170c05109957274707f4,WORKTREE
bch.s2.impairment.result.v1,S2_05,RESIDUAL_CFO,BCH-S300,SEGMENTED,SYNDROME_LOOKUP,300,420,0.7142857142857143,8.8000000000000007,7.3387196432176207,2,135,30,NONE,0,0,1,UNIFORM_RANDOM,PURE,1,UNIFORM_RANDOM,POST_HARD_DECISION_BIT_FLIP,1,5000,1500000,2093291,5000,0.99680523809523813,1499469,5000,0.99964600000000003,1,0,0,5000,1,5000,1,0,0,33.276780000000031,27.199999999999999,41.600000000000001,125.91400000000031,2980.9000000000001,137.73389999999998,5000,200,50000,TARGET_FRAME_ERRORS_REACHED,0,0,0,1,32f93259f4572012277ffd6f65fa6f5ffd6fa09cbbda818f6c1377e70914aeb8,WORKTREE
bch.s2.impairment.result.v1,S2_05,RESIDUAL_CFO,BCH-S300,SEGMENTED,SYNDROME_LOOKUP,300,420,0.7142857142857143,5.4000000000000004,3.9387196432176204,2,0,60,NONE,0,0,1,UNIFORM_RANDOM,PURE,1,UNIFORM_RANDOM,POST_HARD_DECISION_BIT_FLIP,1,5000,1500000,86983,5000,0.041420476190476188,43945,4935,0.029296666666666665,0.98699999999999999,65,0.012999999999999999,5000,1,4935,0.98699999999999999,0,0,44.812479999999937,30.300000000000001,61.005000000000017,215.17700000000167,12837.700000000001,171.59030000000052,5000,200,50000,TARGET_FRAME_ERRORS_REACHED,0,0,0,1,dba06a16608a19c111818f86257e4a83c3ed22a23a96867cc53640bc679bfa6e,WORKTREE
bch.s2.impairment.result.v1,S2_05,RESIDUAL_CFO,BCH-S300,SEGMENTED,SYNDROME_LOOKUP,300,420,0.7142857142857143,5.4000000000000004,3.9387196432176204,2,45,60,NONE,0,0,1,UNIFORM_RANDOM,PURE,1,UNIFORM_RANDOM,POST_HARD_DECISION_BIT_FLIP,1,5000,1500000,677845,5000,0.32278333333333331,475666,5000,0.31711066666666665,1,0,0,5000,1,5000,1,0,0,34.605020000000017,30.600000000000001,43.805000000000014,130.50600000000014,1564.5999999999999,131.39723999999939,5000,200,50000,TARGET_FRAME_ERRORS_REACHED,0,0,0,1,50b38a5afc6b00e94abd7de089b730ef0a49ca0b9bf46843adc55e89a3f3c662,WORKTREE
bch.s2.impairment.result.v1,S2_05,RESIDUAL_CFO,BCH-S300,SEGMENTED,SYNDROME_LOOKUP,300,420,0.7142857142857143,5.4000000000000004,3.9387196432176204,2,90,60,NONE,0,0,1,UNIFORM_RANDOM,PURE,1,UNIFORM_RANDOM,POST_HARD_DECISION_BIT_FLIP,1,5000,1500000,1723249,5000,0.82059476190476188,1212095,5000,0.80806333333333336,1,0,0,5000,1,5000,1,0,0,33.287020000000034,30.100000000000001,44,140.20800000000017,915,125.79834000000012,5000,200,50000,TARGET_FRAME_ERRORS_REACHED,0,0,0,1,625ac655bffbdfaf86aacb1fd40e93103add49ffd0d01c6ca1bc749bf78ec01e,WORKTREE
bch.s2.impairment.result.v1,S2_05,RESIDUAL_CFO,BCH-S300,SEGMENTED,SYNDROME_LOOKUP,300,420,0.7142857142857143,5.4000000000000004,3.9387196432176204,2,135,60,NONE,0,0,1,UNIFORM_RANDOM,PURE,1,UNIFORM_RANDOM,POST_HARD_DECISION_BIT_FLIP,1,5000,1500000,2053307,5000,0.97776523809523808,1484518,5000,0.98967866666666671,1,0,0,5000,1,5000,1,0,0,35.943120000000029,27.5,40.899999999999999,119.50200000000004,24289.299999999999,130.3355600000003,5000,200,50000,TARGET_FRAME_ERRORS_REACHED,0,0,0,1,40a0e7f79684b44a3694101f3130cd6b5aa35d63524f42574a50cab701059d90,WORKTREE
bch.s2.impairment.result.v1,S2_05,RESIDUAL_CFO,BCH-S300,SEGMENTED,SYNDROME_LOOKUP,300,420,0.7142857142857143,5.5999999999999996,4.1387196432176196,2,0,60,NONE,0,0,1,UNIFORM_RANDOM,PURE,1,UNIFORM_RANDOM,POST_HARD_DECISION_BIT_FLIP,1,5000,1500000,79868,5000,0.038032380952380949,38444,4911,0.025629333333333334,0.98219999999999996,89,0.0178,5000,1,4911,0.98219999999999996,0,0,26.12385999999994,25.699999999999999,36.505000000000017,79.717000000000382,612.60000000000002,104.72370000000025,5000,200,50000,TARGET_FRAME_ERRORS_REACHED,0,0,0,1,f79100b8870d25a7174125848f3b60a5f29a8973a0aba6135a975d59dab9e00a,WORKTREE
bch.s2.impairment.result.v1,S2_05,RESIDUAL_CFO,BCH-S300,SEGMENTED,SYNDROME_LOOKUP,300,420,0.7142857142857143,5.5999999999999996,4.1387196432176196,2,45,60,NONE,0,0,1,UNIFORM_RANDOM,PURE,1,UNIFORM_RANDOM,POST_HARD_DECISION_BIT_FLIP,1,5000,1500000,672609,5000,0.32029000000000002,470840,5000,0.31389333333333336,1,0,0,5000,1,5000,1,0,0,31.731900000000035,29.699999999999999,42.805000000000014,127.22100000000047,763.70000000000005,124.85669999999998,5000,200,50000,TARGET_FRAME_ERRORS_REACHED,0,0,0,1,b2e208e43c8481c69cfda9e693a226aace876270cea8ed278542bd4c914ad92f,WORKTREE
bch.s2.impairment.result.v1,S2_05,RESIDUAL_CFO,BCH-S300,SEGMENTED,SYNDROME_LOOKUP,300,420,0.7142857142857143,5.5999999999999996,4.1387196432176196,2,90,60,NONE,0,0,1,UNIFORM_RANDOM,PURE,1,UNIFORM_RANDOM,POST_HARD_DECISION_BIT_FLIP,1,5000,1500000,1730876,5000,0.82422666666666666,1218713,5000,0.81247533333333333,1,0,0,5000,1,5000,1,0,0,34.892799999999951,30.699999999999999,45.905000000000015,143.31100000000023,881.60000000000002,131.5490999999999,5000,200,50000,TARGET_FRAME_ERRORS_REACHED,0,0,0,1,4abf0462753ac93cb66de0f12dc61e2163cf73e4919372b4f3610589d5b4ac46,WORKTREE
bch.s2.impairment.result.v1,S2_05,RESIDUAL_CFO,BCH-S300,SEGMENTED,SYNDROME_LOOKUP,300,420,0.7142857142857143,5.5999999999999996,4.1387196432176196,2,135,60,NONE,0,0,1,UNIFORM_RANDOM,PURE,1,UNIFORM_RANDOM,POST_HARD_DECISION_BIT_FLIP,1,5000,1500000,2058762,5000,0.98036285714285709,1486878,5000,0.99125200000000002,1,0,0,5000,1,5000,1,0,0,29.540040000000129,26.800000000000001,40.299999999999997,113.90000000000001,1037.9000000000001,120.18806000000008,5000,200,50000,TARGET_FRAME_ERRORS_REACHED,0,0,0,1,ce1b1f6b0d15bd21a5a3899152aebe9588aa41e3e70c2117056f975dc5eb15b8,WORKTREE
bch.s2.impairment.result.v1,S2_05,RESIDUAL_CFO,BCH-S300,SEGMENTED,SYNDROME_LOOKUP,300,420,0.7142857142857143,5.7999999999999998,4.3387196432176198,2,0,60,NONE,0,0,1,UNIFORM_RANDOM,PURE,1,UNIFORM_RANDOM,POST_HARD_DECISION_BIT_FLIP,1,5000,1500000,74389,5000,0.035423333333333334,34743,4855,0.023161999999999999,0.97099999999999997,145,0.029000000000000001,5000,1,4855,0.97099999999999997,0,0,26.428219999999968,25.699999999999999,37.505000000000017,82.204000000000093,837.39999999999998,105.18676000000012,5000,200,50000,TARGET_FRAME_ERRORS_REACHED,0,0,0,1,4e7a2a8c2a3d4b2f67f2997c4d84160a60f665dd4acace01c0df6b87f403e83e,WORKTREE
bch.s2.impairment.result.v1,S2_05,RESIDUAL_CFO,BCH-S300,SEGMENTED,SYNDROME_LOOKUP,300,420,0.7142857142857143,5.7999999999999998,4.3387196432176198,2,45,60,NONE,0,0,1,UNIFORM_RANDOM,PURE,1,UNIFORM_RANDOM,POST_HARD_DECISION_BIT_FLIP,1,5000,1500000,667280,5000,0.31775238095238095,466421,5000,0.31094733333333335,1,0,0,5000,1,5000,1,0,0,29.614840000000044,27.800000000000001,41.600000000000001,101.40000000000001,867.5,116.57523999999962,5000,200,50000,TARGET_FRAME_ERRORS_REACHED,0,0,0,1,2ba6448576ad590b3266a229a0c5f1669d576cbb2b3723ff480ad659830190e0,WORKTREE
bch.s2.impairment.result.v1,S2_05,RESIDUAL_CFO,BCH-S300,SEGMENTED,SYNDROME_LOOKUP,300,420,0.7142857142857143,5.7999999999999998,4.3387196432176198,2,90,60,NONE,0,0,1,UNIFORM_RANDOM,PURE,1,UNIFORM_RANDOM,POST_HARD_DECISION_BIT_FLIP,1,5000,1500000,1739056,5000,0.82812190476190473,1224972,5000,0.81664800000000004,1,0,0,5000,1,5000,1,0,0,29.559780000000021,28.300000000000001,42.605000000000018,92.619000000000412,617.79999999999995,117.47224000000001,5000,200,50000,TARGET_FRAME_ERRORS_REACHED,0,0,0,1,f43c2981ad49f9ab36d5ac3117ea1a75969848dfc2da88a7b18e32607f9ecbac,WORKTREE
bch.s2.impairment.result.v1,S2_05,RESIDUAL_CFO,BCH-S300,SEGMENTED,SYNDROME_LOOKUP,300,420,0.7142857142857143,5.7999999999999998,4.3387196432176198,2,135,60,NONE,0,0,1,UNIFORM_RANDOM,PURE,1,UNIFORM_RANDOM,POST_HARD_DECISION_BIT_FLIP,1,5000,1500000,2062474,5000,0.98213047619047622,1488852,5000,0.99256800000000001,1,0,0,5000,1,5000,1,0,0,26.475099999999905,25.399999999999999,35.700000000000003,80.503000000000071,2480.9000000000001,109.85133999999992,5000,200,50000,TARGET_FRAME_ERRORS_REACHED,0,0,0,1,d26c398ae258c01a276818f579fdf5892962cd8b242e81372ed69b36bdf29963,WORKTREE
bch.s2.impairment.result.v1,S2_05,RESIDUAL_CFO,BCH-S300,SEGMENTED,SYNDROME_LOOKUP,300,420,0.7142857142857143,6,4.53871964321762,2,0,60,NONE,0,0,1,UNIFORM_RANDOM,PURE,1,UNIFORM_RANDOM,POST_HARD_DECISION_BIT_FLIP,1,5000,1500000,67760,5000,0.032266666666666666,30673,4781,0.020448666666666667,0.95620000000000005,219,0.043799999999999999,5000,1,4781,0.95620000000000005,0,0,27.013160000000031,25.649999999999999,37,89.400000000000006,2366.5999999999999,105.93654000000014,5000,200,50000,TARGET_FRAME_ERRORS_REACHED,0,0,0,1,05e241b0cf7baf2f1631bd48e200131713651a0cc42ffd51529e83b1973aa0f1,WORKTREE
bch.s2.impairment.result.v1,S2_05,RESIDUAL_CFO,BCH-S300,SEGMENTED,SYNDROME_LOOKUP,300,420,0.7142857142857143,6,4.53871964321762,2,45,60,NONE,0,0,1,UNIFORM_RANDOM,PURE,1,UNIFORM_RANDOM,POST_HARD_DECISION_BIT_FLIP,1,5000,1500000,662131,5000,0.31530047619047619,460585,5000,0.30705666666666664,1,0,0,5000,1,5000,1,0,0,27.719780000000039,25.699999999999999,39.600000000000001,77.602000000000046,730.5,110.77490000000014,5000,200,50000,TARGET_FRAME_ERRORS_REACHED,0,0,0,1,01a995fe0393f97d9c6ba2c543af4393095789ad48cb1619a606cc461b49c312,WORKTREE
bch.s2.impairment.result.v1,S2_05,RESIDUAL_CFO,BCH-S300,SEGMENTED,SYNDROME_LOOKUP,300,420,0.7142857142857143,6,4.53871964321762,2,90,60,NONE,0,0,1,UNIFORM_RANDOM,PURE,1,UNIFORM_RANDOM,POST_HARD_DECISION_BIT_FLIP,1,5000,1500000,1747590,5000,0.83218571428571431,1231948,5000,0.82129866666666662,1,0,0,5000,1,5000,1,0,0,26.567720000000037,23.600000000000001,37.100000000000001,81.201000000000036,895.39999999999998,108.79053999999995,5000,200,50000,TARGET_FRAME_ERRORS_REACHED,0,0,0,1,0d9fa30067b2ab57301ff07b3b3e8f912adafe839e54a992e012a82248e9d918,WORKTREE
bch.s2.impairment.result.v1,S2_05,RESIDUAL_CFO,BCH-S300,SEGMENTED,SYNDROME_LOOKUP,300,420,0.7142857142857143,6,4.53871964321762,2,135,60,NONE,0,0,1,UNIFORM_RANDOM,PURE,1,UNIFORM_RANDOM,POST_HARD_DECISION_BIT_FLIP,1,5000,1500000,2066881,5000,0.98422904761904761,1491010,5000,0.99400666666666671,1,0,0,5000,1,5000,1,0,0,24.740399999999987,22.699999999999999,36.805000000000014,63.901000000000018,1096.2,106.92039999999989,5000,200,50000,TARGET_FRAME_ERRORS_REACHED,0,0,0,1,17ddff4bb6d94a3cf10c2cc1fbd922ed4210ca0e8aa88acf21dc46021d171849,WORKTREE
bch.s2.impairment.result.v1,S2_05,RESIDUAL_CFO,BCH-S300,SEGMENTED,SYNDROME_LOOKUP,300,420,0.7142857142857143,6.2000000000000002,4.7387196432176202,2,0,60,NONE,0,0,1,UNIFORM_RANDOM,PURE,1,UNIFORM_RANDOM,POST_HARD_DECISION_BIT_FLIP,1,5000,1500000,62901,5000,0.029952857142857142,27431,4683,0.018287333333333333,0.93659999999999999,317,0.063399999999999998,5000,1,4683,0.93659999999999999,0,0,36.994039999999941,28.399999999999999,51.325000000000088,197.43500000000077,5312,137.23517999999999,5000,200,50000,TARGET_FRAME_ERRORS_REACHED,0,0,0,1,53318c2104f6067aca5c6ef99773fb6b65159abbe910714f6fa1ae898310cf58,WORKTREE
bch.s2.impairment.result.v1,S2_05,RESIDUAL_CFO,BCH-S300,SEGMENTED,SYNDROME_LOOKUP,300,420,0.7142857142857143,6.2000000000000002,4.7387196432176202,2,45,60,NONE,0,0,1,UNIFORM_RANDOM,PURE,1,UNIFORM_RANDOM,POST_HARD_DECISION_BIT_FLIP,1,5000,1500000,656637,5000,0.31268428571428569,455673,5000,0.303782,1,0,0,5000,1,5000,1,0,0,36.422920000000019,30.300000000000001,46.305000000000014,132.9180000000004,12320.4,132.03052000000014,5000,200,50000,TARGET_FRAME_ERRORS_REACHED,0,0,0,1,e8c482ba3284a76f9e62d7245937b0cd12b0d057b3d85a2f575a8e9315644bb6,WORKTREE
bch.s2.impairment.result.v1,S2_05,RESIDUAL_CFO,BCH-S300,SEGMENTED,SYNDROME_LOOKUP,300,420,0.7142857142857143,6.2000000000000002,4.7387196432176202,2,90,60,NONE,0,0,1,UNIFORM_RANDOM,PURE,1,UNIFORM_RANDOM,POST_HARD_DECISION_BIT_FLIP,1,5000,1500000,1754252,5000,0.83535809523809523,1237007,5000,0.82467133333333331,1,0,0,5000,1,5000,1,0,0,33.466759999999958,29.899999999999999,44.899999999999999,132.8130000000003,2444.3000000000002,125.9655999999998,5000,200,50000,TARGET_FRAME_ERRORS_REACHED,0,0,0,1,b059437828735913ba7439ab2543925e94b0d3fe20fe200a496031fe6919c101,WORKTREE
bch.s2.impairment.result.v1,S2_05,RESIDUAL_CFO,BCH-S300,SEGMENTED,SYNDROME_LOOKUP,300,420,0.7142857142857143,6.2000000000000002,4.7387196432176202,2,135,60,NONE,0,0,1,UNIFORM_RANDOM,PURE,1,UNIFORM_RANDOM,POST_HARD_DECISION_BIT_FLIP,1,5000,1500000,2070455,5000,0.98593095238095241,1492545,5000,0.99502999999999997,1,0,0,5000,1,5000,1,0,0,27.410479999999975,26,38,88.522000000000475,766.29999999999995,112.97889999999984,5000,200,50000,TARGET_FRAME_ERRORS_REACHED,0,0,0,1,2a817e2d33a471c14f58383815871d2f3e5da517b8037a1a85b035f7d0175f95,WORKTREE
bch.s2.impairment.result.v1,S2_05,RESIDUAL_CFO,BCH-S300,SEGMENTED,SYNDROME_LOOKUP,300,420,0.7142857142857143,6.4000000000000004,4.9387196432176204,2,0,60,NONE,0,0,1,UNIFORM_RANDOM,PURE,1,UNIFORM_RANDOM,POST_HARD_DECISION_BIT_FLIP,1,5000,1500000,57722,5000,0.027486666666666666,24261,4581,0.016174000000000001,0.91620000000000001,419,0.083799999999999999,5000,1,4581,0.91620000000000001,0,0,24.612860000000001,23.600000000000001,34.799999999999997,66.804000000000073,625,100.58022000000028,5000,200,50000,TARGET_FRAME_ERRORS_REACHED,0,0,0,1,4edcb025edab3b0c02e8c99c08779892c6c53d1460b27f38182e0f919dc8e91f,WORKTREE
bch.s2.impairment.result.v1,S2_05,RESIDUAL_CFO,BCH-S300,SEGMENTED,SYNDROME_LOOKUP,300,420,0.7142857142857143,6.4000000000000004,4.9387196432176204,2,45,60,NONE,0,0,1,UNIFORM_RANDOM,PURE,1,UNIFORM_RANDOM,POST_HARD_DECISION_BIT_FLIP,1,5000,1500000,651476,5000,0.31022666666666665,450789,5000,0.30052600000000002,1,0,0,5000,1,5000,1,0,0,36.911880000000089,31.899999999999999,47.71500000000006,153.101,3007.0999999999999,138.69546000000051,5000,200,50000,TARGET_FRAME_ERRORS_REACHED,0,0,0,1,5e0c15e9d504091b8895557296f3de35509d34a0819b984fb8d5ae4f7e5d50b5,WORKTREE
bch.s2.impairment.result.v1,S2_05,RESIDUAL_CFO,BCH-S300,SEGMENTED,SYNDROME_LOOKUP,300,420,0.7142857142857143,6.4000000000000004,4.9387196432176204,2,90,60,NONE,0,0,1,UNIFORM_RANDOM,PURE,1,UNIFORM_RANDOM,POST_HARD_DECISION_BIT_FLIP,1,5000,1500000,1764216,5000,0.84010285714285715,1245318,5000,0.83021199999999995,1,0,0,5000,1,5000,1,0,0,29.228099999999877,28.100000000000001,39.799999999999997,86.414000000000314,1412.4000000000001,114.18028000000001,5000,200,50000,TARGET_FRAME_ERRORS_REACHED,0,0,0,1,19959618151593464c0254ea426266a6b9348e2bfde8ef84a0a029df5cb953aa,WORKTREE
bch.s2.impairment.result.v1,S2_05,RESIDUAL_CFO,BCH-S300,SEGMENTED,SYNDROME_LOOKUP,300,420,0.7142857142857143,6.4000000000000004,4.9387196432176204,2,135,60,NONE,0,0,1,UNIFORM_RANDOM,PURE,1,UNIFORM_RANDOM,POST_HARD_DECISION_BIT_FLIP,1,5000,1500000,2073903,5000,0.98757285714285714,1493940,5000,0.99595999999999996,1,0,0,5000,1,5000,1,0,0,24.520160000000025,24,35.399999999999999,65.804000000000073,876.29999999999995,107.41884000000002,5000,200,50000,TARGET_FRAME_ERRORS_REACHED,0,0,0,1,09f3dcf0dbd9341b4a8c509f8a8db9ffee59c2bf8ab2c8ea7e679ba006db32b7,WORKTREE
bch.s2.impairment.result.v1,S2_05,RESIDUAL_CFO,BCH-S300,SEGMENTED,SYNDROME_LOOKUP,300,420,0.7142857142857143,6.5999999999999996,5.1387196432176196,2,0,60,NONE,0,0,1,UNIFORM_RANDOM,PURE,1,UNIFORM_RANDOM,POST_HARD_DECISION_BIT_FLIP,1,5000,1500000,52548,5000,0.025022857142857142,21038,4402,0.014025333333333334,0.88039999999999996,598,0.1196,5000,1,4402,0.88039999999999996,0,0,25.897279999999988,25.399999999999999,36,71.604000000000084,674,104.43036000000022,5000,200,50000,TARGET_FRAME_ERRORS_REACHED,0,0,0,1,a02cb7dce4beb950e9389131e6f14ff06f05955206f5b43a178213ef56488d37,WORKTREE
bch.s2.impairment.result.v1,S2_05,RESIDUAL_CFO,BCH-S300,SEGMENTED,SYNDROME_LOOKUP,300,420,0.7142857142857143,6.5999999999999996,5.1387196432176196,2,45,60,NONE,0,0,1,UNIFORM_RANDOM,PURE,1,UNIFORM_RANDOM,POST_HARD_DECISION_BIT_FLIP,1,5000,1500000,646656,5000,0.30793142857142858,446264,5000,0.29750933333333335,1,0,0,5000,1,5000,1,0,0,25.365640000000013,22.149999999999999,35.5,59.103000000000073,332.30000000000001,102.87703999999981,5000,200,50000,TARGET_FRAME_ERRORS_REACHED,0,0,0,1,2ef4fc3085e58284200c6ec649aafd9230ea0b9614acf7d741a9705646c48fc2,WORKTREE
bch.s2.impairment.result.v1,S2_05,RESIDUAL_CFO,BCH-S300,SEGMENTED,SYNDROME_LOOKUP,300,420,0.7142857142857143,6.5999999999999996,5.1387196432176196,2,90,60,NONE,0,0,1,UNIFORM_RANDOM,PURE,1,UNIFORM_RANDOM,POST_HARD_DECISION_BIT_FLIP,1,5000,1500000,1771328,5000,0.8434895238095238,1250949,5000,0.83396599999999999,1,0,0,5000,1,5000,1,0,0,25.821499999999958,24.100000000000001,37.700000000000003,66.401000000000025,453.69999999999999,105.72124000000022,5000,200,50000,TARGET_FRAME_ERRORS_REACHED,0,0,0,1,f9ec15f6aeda92c41581961695c743d74981e57aaa85ed93949a8b0966b207b2,WORKTREE
bch.s2.impairment.result.v1,S2_05,RESIDUAL_CFO,BCH-S300,SEGMENTED,SYNDROME_LOOKUP,300,420,0.7142857142857143,6.5999999999999996,5.1387196432176196,2,135,60,NONE,0,0,1,UNIFORM_RANDOM,PURE,1,UNIFORM_RANDOM,POST_HARD_DECISION_BIT_FLIP,1,5000,1500000,2077286,5000,0.98918380952380958,1495217,5000,0.99681133333333338,1,0,0,5000,1,5000,1,0,0,22.871900000000075,22,31.800000000000001,64.002000000000038,437.80000000000001,101.33972000000048,5000,200,50000,TARGET_FRAME_ERRORS_REACHED,0,0,0,1,3fedb08f535ecbdf1f89e0a3b8397fa278b1c7d9bafde7f54e812e2d2c308461,WORKTREE
bch.s2.impairment.result.v1,S2_05,RESIDUAL_CFO,BCH-S300,SEGMENTED,SYNDROME_LOOKUP,300,420,0.7142857142857143,6.7999999999999998,5.3387196432176198,2,0,60,NONE,0,0,1,UNIFORM_RANDOM,PURE,1,UNIFORM_RANDOM,POST_HARD_DECISION_BIT_FLIP,1,5000,1500000,48240,5000,0.02297142857142857,18620,4265,0.012413333333333334,0.85299999999999998,735,0.14699999999999999,5000,1,4265,0.85299999999999998,0,0,22.013660000000037,17.699999999999999,32.399999999999999,45.904000000000082,855.89999999999998,94.257340000000042,5000,200,50000,TARGET_FRAME_ERRORS_REACHED,0,0,0,1,fdf087da08679c2813e3213f68d1fad74f121630510048e2d21397c18904e4e6,WORKTREE
bch.s2.impairment.result.v1,S2_05,RESIDUAL_CFO,BCH-S300,SEGMENTED,SYNDROME_LOOKUP,300,420,0.7142857142857143,6.7999999999999998,5.3387196432176198,2,45,60,NONE,0,0,1,UNIFORM_RANDOM,PURE,1,UNIFORM_RANDOM,POST_HARD_DECISION_BIT_FLIP,1,5000,1500000,641679,5000,0.30556142857142859,441334,5000,0.29422266666666669,1,0,0,5000,1,5000,1,0,0,34.563900000000004,29.699999999999999,45.110000000000042,156.20800000000017,2502,128.83439999999996,5000,200,50000,TARGET_FRAME_ERRORS_REACHED,0,0,0,1,de30caa60f66228f1adaa2c4bd5077c37e2cb296a7264017e0b118d9eb24f6f0,WORKTREE
bch.s2.impairment.result.v1,S2_05,RESIDUAL_CFO,BCH-S300,SEGMENTED,SYNDROME_LOOKUP,300,420,0.7142857142857143,6.7999999999999998,5.3387196432176198,2,90,60,NONE,0,0,1,UNIFORM_RANDOM,PURE,1,UNIFORM_RANDOM,POST_HARD_DECISION_BIT_FLIP,1,5000,1500000,1779791,5000,0.84751952380952378,1257654,5000,0.83843599999999996,1,0,0,5000,1,5000,1,0,0,27.262320000000088,27.399999999999999,36.705000000000027,65.218000000000401,653,108.27445999999973,5000,200,50000,TARGET_FRAME_ERRORS_REACHED,0,0,0,1,1b87bb3e3fb9e97aa126289574c201c5f9ab909f0f293cf21fafbbff2731af12,WORKTREE
bch.s2.impairment.result.v1,S2_05,RESIDUAL_CFO,BCH-S300,SEGMENTED,SYNDROME_LOOKUP,300,420,0.7142857142857143,6.7999999999999998,5.3387196432176198,2,135,60,NONE,0,0,1,UNIFORM_RANDOM,PURE,1,UNIFORM_RANDOM,POST_HARD_DECISION_BIT_FLIP,1,5000,1500000,2079955,5000,0.99045476190476189,1496170,5000,0.9974466666666667,1,0,0,5000,1,5000,1,0,0,23.920240000000017,23,34.100000000000001,63.718000000000394,892.60000000000002,104.67423999999977,5000,200,50000,TARGET_FRAME_ERRORS_REACHED,0,0,0,1,73f73de7b6bb7004a24dab151b19128d3c61ae59eee8de3a12c4a2f97b5c87fb,WORKTREE
bch.s2.impairment.result.v1,S2_05,RESIDUAL_CFO,BCH-S300,SEGMENTED,SYNDROME_LOOKUP,300,420,0.7142857142857143,7,5.53871964321762,2,0,60,NONE,0,0,1,UNIFORM_RANDOM,PURE,1,UNIFORM_RANDOM,POST_HARD_DECISION_BIT_FLIP,1,5000,1500000,43985,4997,0.020945238095238097,16181,4057,0.010787333333333333,0.81140000000000001,943,0.18859999999999999,5000,1,4057,0.81140000000000001,0,0,23.695419999999981,22.199999999999999,34.005000000000017,55.600000000000001,615.20000000000005,98.844140000000195,5000,200,50000,TARGET_FRAME_ERRORS_REACHED,0,0,0,1,987aa207341d145760d1d14eca3d6e12501d05b552cffaccb7048405d9ec5cd2,WORKTREE
bch.s2.impairment.result.v1,S2_05,RESIDUAL_CFO,BCH-S300,SEGMENTED,SYNDROME_LOOKUP,300,420,0.7142857142857143,7,5.53871964321762,2,45,60,NONE,0,0,1,UNIFORM_RANDOM,PURE,1,UNIFORM_RANDOM,POST_HARD_DECISION_BIT_FLIP,1,5000,1500000,636918,5000,0.30329428571428574,437353,5000,0.29156866666666664,1,0,0,5000,1,5000,1,0,0,27.109019999999994,25.199999999999999,38.100000000000001,65.00800000000018,1199.4000000000001,107.14070000000018,5000,200,50000,TARGET_FRAME_ERRORS_REACHED,0,0,0,1,6a6ed4c54448aaf1ab0b388186c1facc1ba731d5f3c162a8a099e46fb6e2baf3,WORKTREE
bch.s2.impairment.result.v1,S2_05,RESIDUAL_CFO,BCH-S300,SEGMENTED,SYNDROME_LOOKUP,300,420,0.7142857142857143,7,5.53871964321762,2,90,60,NONE,0,0,1,UNIFORM_RANDOM,PURE,1,UNIFORM_RANDOM,POST_HARD_DECISION_BIT_FLIP,1,5000,1500000,1786036,5000,0.85049333333333332,1262265,5000,0.84150999999999998,1,0,0,5000,1,5000,1,0,0,34.094400000000093,28.399999999999999,45.805000000000014,142.60800000000015,3305.9000000000001,130.03102000000035,5000,200,50000,TARGET_FRAME_ERRORS_REACHED,0,0,0,1,d601cf05286ac80e5f901ad08f705960b37e23480878265ba3b8c3de5f6d1e3c,WORKTREE
bch.s2.impairment.result.v1,S2_05,RESIDUAL_CFO,BCH-S300,SEGMENTED,SYNDROME_LOOKUP,300,420,0.7142857142857143,7,5.53871964321762,2,135,60,NONE,0,0,1,UNIFORM_RANDOM,PURE,1,UNIFORM_RANDOM,POST_HARD_DECISION_BIT_FLIP,1,5000,1500000,2082805,5000,0.99181190476190473,1496941,5000,0.99796066666666672,1,0,0,5000,1,5000,1,0,0,30.71246000000006,25.899999999999999,40.405000000000015,142.2960000000021,6698.5,126.9383999999997,5000,200,50000,TARGET_FRAME_ERRORS_REACHED,0,0,0,1,41975734395e61e0b33301a2e4a07acb1b130e1a36b5a0ffe49347764ec24eb6,WORKTREE
bch.s2.impairment.result.v1,S2_05,RESIDUAL_CFO,BCH-S300,SEGMENTED,SYNDROME_LOOKUP,300,420,0.7142857142857143,7.2000000000000002,5.7387196432176202,2,0,60,NONE,0,0,1,UNIFORM_RANDOM,PURE,1,UNIFORM_RANDOM,POST_HARD_DECISION_BIT_FLIP,1,5000,1500000,39796,4997,0.018950476190476191,14050,3816,0.0093666666666666672,0.76319999999999999,1184,0.23680000000000001,5000,1,3816,0.76319999999999999,0,0,23.497399999999935,21.699999999999999,33.505000000000017,57.406000000000127,540.60000000000002,98.944639999999978,5000,200,50000,TARGET_FRAME_ERRORS_REACHED,0,0,0,1,95423b24eaa768b8324bc8bd0b5822d600a042de340e21835ebec6933c98126a,WORKTREE
bch.s2.impairment.result.v1,S2_05,RESIDUAL_CFO,BCH-S300,SEGMENTED,SYNDROME_LOOKUP,300,420,0.7142857142857143,7.2000000000000002,5.7387196432176202,2,45,60,NONE,0,0,1,UNIFORM_RANDOM,PURE,1,UNIFORM_RANDOM,POST_HARD_DECISION_BIT_FLIP,1,5000,1500000,631841,5000,0.30087666666666668,431877,5000,0.28791800000000001,1,0,0,5000,1,5000,1,0,0,26.539739999999949,24,38.600000000000001,65.411000000000243,508.39999999999998,106.8614400000001,5000,200,50000,TARGET_FRAME_ERRORS_REACHED,0,0,0,1,0b489fcbaac6c5ff25ded9cde858fb22de2b52075bec5523f8e24468d9d27bd2,WORKTREE
bch.s2.impairment.result.v1,S2_05,RESIDUAL_CFO,BCH-S300,SEGMENTED,SYNDROME_LOOKUP,300,420,0.7142857142857143,7.2000000000000002,5.7387196432176202,2,90,60,NONE,0,0,1,UNIFORM_RANDOM,PURE,1,UNIFORM_RANDOM,POST_HARD_DECISION_BIT_FLIP,1,5000,1500000,1793836,5000,0.85420761904761899,1268605,5000,0.84573666666666669,1,0,0,5000,1,5000,1,0,0,24.933379999999985,21.850000000000001,34.700000000000003,55.318000000000389,737,102.63650000000021,5000,200,50000,TARGET_FRAME_ERRORS_REACHED,0,0,0,1,63f0043760d7966aad86067572da14b988f3421f109cd576097bec84787ed366,WORKTREE
bch.s2.impairment.result.v1,S2_05,RESIDUAL_CFO,BCH-S300,SEGMENTED,SYNDROME_LOOKUP,300,420,0.7142857142857143,7.2000000000000002,5.7387196432176202,2,135,60,NONE,0,0,1,UNIFORM_RANDOM,PURE,1,UNIFORM_RANDOM,POST_HARD_DECISION_BIT_FLIP,1,5000,1500000,2084795,5000,0.99275952380952381,1497513,5000,0.99834199999999995,1,0,0,5000,1,5000,1,0,0,23.028260000000014,21.300000000000001,33.705000000000027,66.601000000000013,710.39999999999998,102.52301999999976,5000,200,50000,TARGET_FRAME_ERRORS_REACHED,0,0,0,1,0df7339497bcea6cd5ea34a56acbc26f427b157c4894a20e0867c36a089e14ef,WORKTREE
bch.s2.impairment.result.v1,S2_05,RESIDUAL_CFO,BCH-S300,SEGMENTED,SYNDROME_LOOKUP,300,420,0.7142857142857143,7.4000000000000004,5.9387196432176204,2,0,60,NONE,0,0,1,UNIFORM_RANDOM,PURE,1,UNIFORM_RANDOM,POST_HARD_DECISION_BIT_FLIP,1,5000,1500000,36118,4996,0.017199047619047621,12196,3544,0.0081306666666666663,0.70879999999999999,1456,0.29120000000000001,5000,1,3544,0.70879999999999999,0,0,29.006180000000086,25.100000000000001,41.105000000000018,137.61500000000032,2636.8000000000002,113.99146000000046,5000,200,50000,TARGET_FRAME_ERRORS_REACHED,0,0,0,1,870d34a28da0e448180ae46adc10559ad26aa7af604017507cf8c603bffcf74e,WORKTREE
bch.s2.impairment.result.v1,S2_05,RESIDUAL_CFO,BCH-S300,SEGMENTED,SYNDROME_LOOKUP,300,420,0.7142857142857143,7.4000000000000004,5.9387196432176204,2,45,60,NONE,0,0,1,UNIFORM_RANDOM,PURE,1,UNIFORM_RANDOM,POST_HARD_DECISION_BIT_FLIP,1,5000,1500000,626986,5000,0.29856476190476189,427951,5000,0.28530066666666665,1,0,0,5000,1,5000,1,0,0,26.868139999999986,26.5,37,64.200000000000003,926,106.99456000000029,5000,200,50000,TARGET_FRAME_ERRORS_REACHED,0,0,0,1,4329902bd4f54ae3a38b71645947eb22bc40adfce1b45607541d8b889cf2ef29,WORKTREE
bch.s2.impairment.result.v1,S2_05,RESIDUAL_CFO,BCH-S300,SEGMENTED,SYNDROME_LOOKUP,300,420,0.7142857142857143,7.4000000000000004,5.9387196432176204,2,90,60,NONE,0,0,1,UNIFORM_RANDOM,PURE,1,UNIFORM_RANDOM,POST_HARD_DECISION_BIT_FLIP,1,5000,1500000,1801526,5000,0.85786952380952386,1273996,5000,0.84933066666666668,1,0,0,5000,1,5000,1,0,0,23.95606000000004,20.5,34.399999999999999,49.601000000000028,598.39999999999998,101.5083800000001,5000,200,50000,TARGET_FRAME_ERRORS_REACHED,0,0,0,1,a2a19e673feb59125b24c01cf52db59f5bf67a4ed776c6b9456410fec7d5b62d,WORKTREE
bch.s2.impairment.result.v1,S2_05,RESIDUAL_CFO,BCH-S300,SEGMENTED,SYNDROME_LOOKUP,300,420,0.7142857142857143,7.4000000000000004,5.9387196432176204,2,135,60,NONE,0,0,1,UNIFORM_RANDOM,PURE,1,UNIFORM_RANDOM,POST_HARD_DECISION_BIT_FLIP,1,5000,1500000,2086951,5000,0.99378619047619043,1498104,5000,0.99873599999999996,1,0,0,5000,1,5000,1,0,0,21.02976000000001,16.800000000000001,30.405000000000015,44.301000000000023,774.5,97.528959999999927,5000,200,50000,TARGET_FRAME_ERRORS_REACHED,0,0,0,1,273279a9639ffe8b313c13699a2e349cd1b7d892a03f36a7d3c027314d85784d,WORKTREE
bch.s2.impairment.result.v1,S2_05,RESIDUAL_CFO,BCH-S300,SEGMENTED,SYNDROME_LOOKUP,300,420,0.7142857142857143,7.5999999999999996,6.1387196432176196,2,0,60,NONE,0,0,1,UNIFORM_RANDOM,PURE,1,UNIFORM_RANDOM,POST_HARD_DECISION_BIT_FLIP,1,5000,1500000,32745,4997,0.015592857142857143,10455,3272,0.0069699999999999996,0.65439999999999998,1728,0.34560000000000002,5000,1,3272,0.65439999999999998,0,0,23.654539999999869,22.800000000000001,33.700000000000003,59.700000000000003,610.60000000000002,99.427000000000248,5000,200,50000,TARGET_FRAME_ERRORS_REACHED,0,0,0,1,2a22702680ea2eb5818c177fdf71539fc04c5b5c935c1e6d79a35848414bb11f,WORKTREE
bch.s2.impairment.result.v1,S2_05,RESIDUAL_CFO,BCH-S300,SEGMENTED,SYNDROME_LOOKUP,300,420,0.7142857142857143,7.5999999999999996,6.1387196432176196,2,45,60,NONE,0,0,1,UNIFORM_RANDOM,PURE,1,UNIFORM_RANDOM,POST_HARD_DECISION_BIT_FLIP,1,5000,1500000,622945,5000,0.29664047619047618,423957,5000,0.282638,1,0,0,5000,1,5000,1,0,0,36.311080000000061,30.699999999999999,52.905000000000015,156.40100000000004,3957.8000000000002,132.69327999999973,5000,200,50000,TARGET_FRAME_ERRORS_REACHED,0,0,0,1,e34a943e2687a45e0f5b8ad86b90203ba1a2461815dc511513a01e37c600d14b,WORKTREE
bch.s2.impairment.result.v1,S2_05,RESIDUAL_CFO,BCH-S300,SEGMENTED,SYNDROME_LOOKUP,300,420,0.7142857142857143,7.5999999999999996,6.1387196432176196,2,90,60,NONE,0,0,1,UNIFORM_RANDOM,PURE,1,UNIFORM_RANDOM,POST_HARD_DECISION_BIT_FLIP,1,5000,1500000,1807954,5000,0.86093047619047625,1279238,5000,0.85282533333333332,1,0,0,5000,1,5000,1,0,0,25.532900000000012,20.199999999999999,36.705000000000027,81.103000000000065,930.70000000000005,104.14427999999965,5000,200,50000,TARGET_FRAME_ERRORS_REACHED,0,0,0,1,ac8aef50ca20b05a4d04f5882f2574d070efb299d65b3461fae8a037d168f325,WORKTREE
bch.s2.impairment.result.v1,S2_05,RESIDUAL_CFO,BCH-S300,SEGMENTED,SYNDROME_LOOKUP,300,420,0.7142857142857143,7.5999999999999996,6.1387196432176196,2,135,60,NONE,0,0,1,UNIFORM_RANDOM,PURE,1,UNIFORM_RANDOM,POST_HARD_DECISION_BIT_FLIP,1,5000,1500000,2088678,5000,0.9946085714285714,1498469,5000,0.99897933333333333,1,0,0,5000,1,5000,1,0,0,22.5762,19.699999999999999,34.299999999999997,58.304000000000087,1066,101.45271999999973,5000,200,50000,TARGET_FRAME_ERRORS_REACHED,0,0,0,1,20323149117bdf0c5019a08fb5393e88d523affb2ccb817844049f46a4e922e6,WORKTREE
bch.s2.impairment.result.v1,S2_05,RESIDUAL_CFO,BCH-S300,SEGMENTED,SYNDROME_LOOKUP,300,420,0.7142857142857143,7.7999999999999998,6.3387196432176198,2,0,60,NONE,0,0,1,UNIFORM_RANDOM,PURE,1,UNIFORM_RANDOM,POST_HARD_DECISION_BIT_FLIP,1,5000,1500000,29444,4987,0.01402095238095238,9018,3002,0.006012,0.60040000000000004,1998,0.39960000000000001,5000,1,3002,0.60040000000000004,0,0,21.762700000000031,18,31.800000000000001,48.399999999999999,491.89999999999998,95.663460000000171,5000,200,50000,TARGET_FRAME_ERRORS_REACHED,0,0,0,1,f53235fb7ea02d3ac6c9825fec76246751a77b6773ba52158d17fff13627b00f,WORKTREE
bch.s2.impairment.result.v1,S2_05,RESIDUAL_CFO,BCH-S300,SEGMENTED,SYNDROME_LOOKUP,300,420,0.7142857142857143,7.7999999999999998,6.3387196432176198,2,45,60,NONE,0,0,1,UNIFORM_RANDOM,PURE,1,UNIFORM_RANDOM,POST_HARD_DECISION_BIT_FLIP,1,5000,1500000,617663,5000,0.29412523809523811,419370,5000,0.27958,1,0,0,5000,1,5000,1,0,0,26.875139999999931,23.600000000000001,37.805000000000014,64.404000000000096,492.19999999999999,105.86083999999974,5000,200,50000,TARGET_FRAME_ERRORS_REACHED,0,0,0,1,1caa447122d62f677b613230a3553c19b7ef95a288b0f03b13bb1ae0f5c43655,WORKTREE
bch.s2.impairment.result.v1,S2_05,RESIDUAL_CFO,BCH-S300,SEGMENTED,SYNDROME_LOOKUP,300,420,0.7142857142857143,7.7999999999999998,6.3387196432176198,2,90,60,NONE,0,0,1,UNIFORM_RANDOM,PURE,1,UNIFORM_RANDOM,POST_HARD_DECISION_BIT_FLIP,1,5000,1500000,1815474,5000,0.8645114285714286,1285234,5000,0.85682266666666662,1,0,0,5000,1,5000,1,0,0,23.519540000000035,19.75,32.5,51.102000000000046,332.69999999999999,100.11313999999999,5000,200,50000,TARGET_FRAME_ERRORS_REACHED,0,0,0,1,8bf45d67be844db168bc156b8d84471f8602a1ecde9e74608631dfc5e7a483a0,WORKTREE
bch.s2.impairment.result.v1,S2_05,RESIDUAL_CFO,BCH-S300,SEGMENTED,SYNDROME_LOOKUP,300,420,0.7142857142857143,7.7999999999999998,6.3387196432176198,2,135,60,NONE,0,0,1,UNIFORM_RANDOM,PURE,1,UNIFORM_RANDOM,POST_HARD_DECISION_BIT_FLIP,1,5000,1500000,2090611,5000,0.99552904761904759,1498808,5000,0.99920533333333328,1,0,0,5000,1,5000,1,0,0,19.67874000000003,16.100000000000001,29.399999999999999,39.605000000000111,590.10000000000002,94.360860000000059,5000,200,50000,TARGET_FRAME_ERRORS_REACHED,0,0,0,1,2d394e66269c6ef0a29feade8ee560dcc9ea02de156e2f921320db49089cff12,WORKTREE
bch.s2.impairment.result.v1,S2_05,RESIDUAL_CFO,BCH-S300,SEGMENTED,SYNDROME_LOOKUP,300,420,0.7142857142857143,8,6.53871964321762,2,0,60,NONE,0,0,1,UNIFORM_RANDOM,PURE,1,UNIFORM_RANDOM,POST_HARD_DECISION_BIT_FLIP,1,5000,1500000,26330,4976,0.012538095238095239,7356,2648,0.0049040000000000004,0.52959999999999996,2352,0.47039999999999998,5000,1,2648,0.52959999999999996,0,0,21.778099999999984,18.399999999999999,30.699999999999999,47.307000000000151,462.69999999999999,94.432680000000389,5000,200,50000,TARGET_FRAME_ERRORS_REACHED,0,0,0,1,52055cd8667da5bd194de859b761986d492f235b424016f7863fab709556b485,WORKTREE
bch.s2.impairment.result.v1,S2_05,RESIDUAL_CFO,BCH-S300,SEGMENTED,SYNDROME_LOOKUP,300,420,0.7142857142857143,8,6.53871964321762,2,45,60,NONE,0,0,1,UNIFORM_RANDOM,PURE,1,UNIFORM_RANDOM,POST_HARD_DECISION_BIT_FLIP,1,5000,1500000,613076,5000,0.29194095238095236,414844,5000,0.27656266666666668,1,0,0,5000,1,5000,1,0,0,24.111040000000106,20,34.399999999999999,46.512000000000263,1242.3,100.72575999999987,5000,200,50000,TARGET_FRAME_ERRORS_REACHED,0,0,0,1,230f504345e54841934003d8d694dc308b02b54b32e1e4f65480b61c1c181b47,WORKTREE
bch.s2.impairment.result.v1,S2_05,RESIDUAL_CFO,BCH-S300,SEGMENTED,SYNDROME_LOOKUP,300,420,0.7142857142857143,8,6.53871964321762,2,90,60,NONE,0,0,1,UNIFORM_RANDOM,PURE,1,UNIFORM_RANDOM,POST_HARD_DECISION_BIT_FLIP,1,5000,1500000,1821391,5000,0.86732904761904761,1289801,5000,0.85986733333333332,1,0,0,5000,1,5000,1,0,0,24.249079999999953,22.25,33.899999999999999,50.001000000000019,303.39999999999998,101.95951999999973,5000,200,50000,TARGET_FRAME_ERRORS_REACHED,0,0,0,1,c3563047265fb97c704898e53d0b686d19bf1d246e90a107da691ccd98f85ed6,WORKTREE
bch.s2.impairment.result.v1,S2_05,RESIDUAL_CFO,BCH-S300,SEGMENTED,SYNDROME_LOOKUP,300,420,0.7142857142857143,8,6.53871964321762,2,135,60,NONE,0,0,1,UNIFORM_RANDOM,PURE,1,UNIFORM_RANDOM,POST_HARD_DECISION_BIT_FLIP,1,5000,1500000,2092018,5000,0.99619904761904765,1499117,5000,0.99941133333333332,1,0,0,5000,1,5000,1,0,0,20.858319999999992,17.75,30.100000000000001,46.407000000000146,254,98.363640000000046,5000,200,50000,TARGET_FRAME_ERRORS_REACHED,0,0,0,1,0dd6b68270801dda01f2aa3e4e4d72cbe5518aa51f2c4c65c96a52a7e5db04a7,WORKTREE
bch.s2.impairment.result.v1,S2_05,RESIDUAL_CFO,BCH-S300,SEGMENTED,SYNDROME_LOOKUP,300,420,0.7142857142857143,8.1999999999999993,6.7387196432176193,2,0,60,NONE,0,0,1,UNIFORM_RANDOM,PURE,1,UNIFORM_RANDOM,POST_HARD_DECISION_BIT_FLIP,1,5000,1500000,23703,4960,0.011287142857142857,6306,2380,0.0042040000000000003,0.47599999999999998,2620,0.52400000000000002,5000,1,2380,0.47599999999999998,0,0,20.492319999999904,16.600000000000001,30.5,42.003000000000064,385.69999999999999,92.612460000000027,5000,200,50000,TARGET_FRAME_ERRORS_REACHED,0,0,0,1,4fc8d7d9e086d3612ff44dbbaf5571328c27517ea33a9a18f360d51c3510fb27,WORKTREE
bch.s2.impairment.result.v1,S2_05,RESIDUAL_CFO,BCH-S300,SEGMENTED,SYNDROME_LOOKUP,300,420,0.7142857142857143,8.1999999999999993,6.7387196432176193,2,45,60,NONE,0,0,1,UNIFORM_RANDOM,PURE,1,UNIFORM_RANDOM,POST_HARD_DECISION_BIT_FLIP,1,5000,1500000,609615,5000,0.29029285714285713,411612,5000,0.27440799999999999,1,0,0,5000,1,5000,1,0,0,26.048760000000051,23.5,37.600000000000001,68.308000000000163,622,106.47695999999981,5000,200,50000,TARGET_FRAME_ERRORS_REACHED,0,0,0,1,cc89ddb59170ec5a4a0a10c9f77fca11ffa7b109bc586e7ed85e6be8ce45a52e,WORKTREE
bch.s2.impairment.result.v1,S2_05,RESIDUAL_CFO,BCH-S300,SEGMENTED,SYNDROME_LOOKUP,300,420,0.7142857142857143,8.1999999999999993,6.7387196432176193,2,90,60,NONE,0,0,1,UNIFORM_RANDOM,PURE,1,UNIFORM_RANDOM,POST_HARD_DECISION_BIT_FLIP,1,5000,1500000,1827374,5000,0.8701780952380952,1293525,5000,0.86234999999999995,1,0,0,5000,1,5000,1,0,0,23.109759999999973,20,31.699999999999999,45.201000000000022,174,99.671940000000319,5000,200,50000,TARGET_FRAME_ERRORS_REACHED,0,0,0,1,f42e95bdddbea1161e668e1d7fb818138efb26b38bc2848fc039b1fa33859132,WORKTREE
bch.s2.impairment.result.v1,S2_05,RESIDUAL_CFO,BCH-S300,SEGMENTED,SYNDROME_LOOKUP,300,420,0.7142857142857143,8.1999999999999993,6.7387196432176193,2,135,60,NONE,0,0,1,UNIFORM_RANDOM,PURE,1,UNIFORM_RANDOM,POST_HARD_DECISION_BIT_FLIP,1,5000,1500000,2093166,5000,0.99674571428571423,1499410,5000,0.99960666666666664,1,0,0,5000,1,5000,1,0,0,20.439320000000002,16.899999999999999,28.699999999999999,42.301000000000023,344.60000000000002,95.609319999999869,5000,200,50000,TARGET_FRAME_ERRORS_REACHED,0,0,0,1,34143d4fa22c21d03531f830d2207a35c8022218b9547c9d01b01ce13e7b211e,WORKTREE
bch.s2.impairment.result.v1,S2_05,RESIDUAL_CFO,BCH-S300,SEGMENTED,SYNDROME_LOOKUP,300,420,0.7142857142857143,8.4000000000000004,6.9387196432176204,2,0,60,NONE,0,0,1,UNIFORM_RANDOM,PURE,1,UNIFORM_RANDOM,POST_HARD_DECISION_BIT_FLIP,1,5000,1500000,21258,4919,0.010122857142857144,5389,2098,0.0035926666666666668,0.41959999999999997,2902,0.58040000000000003,5000,1,2098,0.41959999999999997,0,0,21.022959999999973,17.399999999999999,29.100000000000001,41.901000000000018,485.80000000000001,93.111279999999795,5000,200,50000,TARGET_FRAME_ERRORS_REACHED,0,0,0,1,5b453a61731338409812f4d0daeac7e5dcc1fc14bc7af74994861e1582a9470d,WORKTREE
bch.s2.impairment.result.v1,S2_05,RESIDUAL_CFO,BCH-S300,SEGMENTED,SYNDROME_LOOKUP,300,420,0.7142857142857143,8.4000000000000004,6.9387196432176204,2,45,60,NONE,0,0,1,UNIFORM_RANDOM,PURE,1,UNIFORM_RANDOM,POST_HARD_DECISION_BIT_FLIP,1,5000,1500000,604430,5000,0.28782380952380954,407388,5000,0.271592,1,0,0,5000,1,5000,1,0,0,23.54636,19.600000000000001,34.200000000000003,45.901000000000018,318.69999999999999,99.637299999999968,5000,200,50000,TARGET_FRAME_ERRORS_REACHED,0,0,0,1,2b587b43c5fec314383aff152821c88d5370e67dd50107b9da83c469c10dcc94,WORKTREE
bch.s2.impairment.result.v1,S2_05,RESIDUAL_CFO,BCH-S300,SEGMENTED,SYNDROME_LOOKUP,300,420,0.7142857142857143,8.4000000000000004,6.9387196432176204,2,90,60,NONE,0,0,1,UNIFORM_RANDOM,PURE,1,UNIFORM_RANDOM,POST_HARD_DECISION_BIT_FLIP,1,5000,1500000,1834850,5000,0.8737380952380952,1299588,5000,0.86639200000000005,1,0,0,5000,1,5000,1,0,0,29.438839999999921,26.5,40.805000000000014,113.23200000000071,4085.6999999999998,116.85047999999986,5000,200,50000,TARGET_FRAME_ERRORS_REACHED,0,0,0,1,d93dd16a73e268f075bfb9b216eaa0f2348bb16b32eaef24598d0d4d891e49f7,WORKTREE
bch.s2.impairment.result.v1,S2_05,RESIDUAL_CFO,BCH-S300,SEGMENTED,SYNDROME_LOOKUP,300,420,0.7142857142857143,8.4000000000000004,6.9387196432176204,2,135,60,NONE,0,0,1,UNIFORM_RANDOM,PURE,1,UNIFORM_RANDOM,POST_HARD_DECISION_BIT_FLIP,1,5000,1500000,2094214,5000,0.99724476190476186,1499472,5000,0.99964799999999998,1,0,0,5000,1,5000,1,0,0,26.332420000000049,24.600000000000001,38.100000000000001,97.745000000000985,2395.9000000000001,113.55235999999975,5000,200,50000,TARGET_FRAME_ERRORS_REACHED,0,0,0,1,94fb2431aade0482acba30be23eb245cb267d0556d213f75b66fcc873b8a4aae,WORKTREE
bch.s2.impairment.result.v1,S2_05,RESIDUAL_CFO,BCH-S300,SEGMENTED,SYNDROME_LOOKUP,300,420,0.7142857142857143,8.5999999999999996,7.1387196432176196,2,0,60,NONE,0,0,1,UNIFORM_RANDOM,PURE,1,UNIFORM_RANDOM,POST_HARD_DECISION_BIT_FLIP,1,5000,1500000,19161,4884,0.009124285714285715,4593,1855,0.0030620000000000001,0.371,3145,0.629,5000,1,1855,0.371,0,0,21.928500000000025,17.399999999999999,32.100000000000001,56.503000000000064,488,96.821060000000131,5000,200,50000,TARGET_FRAME_ERRORS_REACHED,0,0,0,1,fc08dcb7df4aac8e726b49ebbb7b2853c023ed07f651b75eb3e99b39dee0e21e,WORKTREE
bch.s2.impairment.result.v1,S2_05,RESIDUAL_CFO,BCH-S300,SEGMENTED,SYNDROME_LOOKUP,300,420,0.7142857142857143,8.5999999999999996,7.1387196432176196,2,45,60,NONE,0,0,1,UNIFORM_RANDOM,PURE,1,UNIFORM_RANDOM,POST_HARD_DECISION_BIT_FLIP,1,5000,1500000,601890,5000,0.28661428571428571,404282,5000,0.26952133333333333,1,0,0,5000,1,5000,1,0,0,24.7989,20.5,36.799999999999997,68.702000000000055,215,103.13086000000007,5000,200,50000,TARGET_FRAME_ERRORS_REACHED,0,0,0,1,864432fd034e46a5393512ccc7575e49043639eeaeeb12d8fe3bbccc59c4de1f,WORKTREE
bch.s2.impairment.result.v1,S2_05,RESIDUAL_CFO,BCH-S300,SEGMENTED,SYNDROME_LOOKUP,300,420,0.7142857142857143,8.5999999999999996,7.1387196432176196,2,90,60,NONE,0,0,1,UNIFORM_RANDOM,PURE,1,UNIFORM_RANDOM,POST_HARD_DECISION_BIT_FLIP,1,5000,1500000,1841636,5000,0.87696952380952375,1304734,5000,0.86982266666666663,1,0,0,5000,1,5000,1,0,0,33.145660000000021,28.399999999999999,46.905000000000015,181.54200000000091,1322.8,129.11771999999982,5000,200,50000,TARGET_FRAME_ERRORS_REACHED,0,0,0,1,fd5a3a82a9d188a7cd822a7b64b2b4a610ae7f3a7e0bea3731abedbfc64d7846,WORKTREE
bch.s2.impairment.result.v1,S2_05,RESIDUAL_CFO,BCH-S300,SEGMENTED,SYNDROME_LOOKUP,300,420,0.7142857142857143,8.5999999999999996,7.1387196432176196,2,135,60,NONE,0,0,1,UNIFORM_RANDOM,PURE,1,UNIFORM_RANDOM,POST_HARD_DECISION_BIT_FLIP,1,5000,1500000,2095142,5000,0.99768666666666672,1499609,5000,0.99973933333333331,1,0,0,5000,1,5000,1,0,0,20.132279999999948,16.100000000000001,29.705000000000016,45.104000000000092,614.60000000000002,96.257739999999842,5000,200,50000,TARGET_FRAME_ERRORS_REACHED,0,0,0,1,3c2762596d1872d71739210db9b70779a5ca9184b2e02e8a0e366fcfdff187fe,WORKTREE
bch.s2.impairment.result.v1,S2_05,RESIDUAL_CFO,BCH-S300,SEGMENTED,SYNDROME_LOOKUP,300,420,0.7142857142857143,8.8000000000000007,7.3387196432176207,2,0,60,NONE,0,0,1,UNIFORM_RANDOM,PURE,1,UNIFORM_RANDOM,POST_HARD_DECISION_BIT_FLIP,1,5000,1500000,16732,4833,0.007967619047619048,3595,1555,0.0023966666666666667,0.311,3445,0.68899999999999995,5000,1,1555,0.311,0,0,23.957539999999966,22.600000000000001,34.105000000000018,66.212000000000273,1290.8,100.6707399999998,5000,200,50000,TARGET_FRAME_ERRORS_REACHED,0,0,0,1,31a816011aed7a8d4e469f383a5d88cd740f76abf902706f93eab576490fe7e1,WORKTREE
bch.s2.impairment.result.v1,S2_05,RESIDUAL_CFO,BCH-S300,SEGMENTED,SYNDROME_LOOKUP,300,420,0.7142857142857143,8.8000000000000007,7.3387196432176207,2,45,60,NONE,0,0,1,UNIFORM_RANDOM,PURE,1,UNIFORM_RANDOM,POST_HARD_DECISION_BIT_FLIP,1,5000,1500000,597244,5000,0.28440190476190474,400042,5000,0.26669466666666669,1,0,0,5000,1,5000,1,0,0,29.072819999999915,27.199999999999999,41.399999999999999,103.15900000000129,970.89999999999998,117.24253999999974,5000,200,50000,TARGET_FRAME_ERRORS_REACHED,0,0,0,1,1fd7ee3823ca899d9ef586c81a28d9e575fd6bd6cab040db6c2a91e933cfe247,WORKTREE
bch.s2.impairment.result.v1,S2_05,RESIDUAL_CFO,BCH-S300,SEGMENTED,SYNDROME_LOOKUP,300,420,0.7142857142857143,8.8000000000000007,7.3387196432176207,2,90,60,NONE,0,0,1,UNIFORM_RANDOM,PURE,1,UNIFORM_RANDOM,POST_HARD_DECISION_BIT_FLIP,1,5000,1500000,1847196,5000,0.87961714285714288,1308644,5000,0.87242933333333328,1,0,0,5000,1,5000,1,0,0,24.418019999999949,23.300000000000001,33.600000000000001,61.013000000000282,438.30000000000001,102.64254000000022,5000,200,50000,TARGET_FRAME_ERRORS_REACHED,0,0,0,1,50a36e96bc51b6a768a4d2490e34635b802e5fec4aa5d4c0ff524bf91fe03412,WORKTREE
bch.s2.impairment.result.v1,S2_05,RESIDUAL_CFO,BCH-S300,SEGMENTED,SYNDROME_LOOKUP,300,420,0.7142857142857143,8.8000000000000007,7.3387196432176207,2,135,60,NONE,0,0,1,UNIFORM_RANDOM,PURE,1,UNIFORM_RANDOM,POST_HARD_DECISION_BIT_FLIP,1,5000,1500000,2096062,5000,0.99812476190476196,1499721,5000,0.99981399999999998,1,0,0,5000,1,5000,1,0,0,20.800960000000025,16.550000000000001,31,50.710000000000221,350.89999999999998,98.110919999999965,5000,200,50000,TARGET_FRAME_ERRORS_REACHED,0,0,0,1,a08162ac8b354ae151e9dd7510fd4aca53ed0e5d76be966aefb552c6b7390593,WORKTREE
bch.s2.impairment.result.v1,S2_05,RESIDUAL_CFO,BCH-B300,WHOLE_BLOCK_SHORTENED,BERLEKAMP_MASSEY_CHIEN,300,390,0.76923076923076927,3.6000000000000001,2.4605664769316329,2,0,30,NONE,0,0,1,UNIFORM_RANDOM,PURE,1,UNIFORM_RANDOM,POST_HARD_DECISION_BIT_FLIP,1,5000,1500000,71949,5000,0.036896923076923077,46454,4274,0.030969333333333335,0.8548,726,0.1452,726,0.1452,0,0,4274,0.8548,142.3593199999998,108,251.33000000000013,732.28100000000177,25341,248.58439999999925,5000,200,50000,TARGET_FRAME_ERRORS_REACHED,0,0,0,1,87a5e9f8a83b0848f96ad2ee1ff34086a9f170ee9a220e0573e7803d5ff3014d,WORKTREE
bch.s2.impairment.result.v1,S2_05,RESIDUAL_CFO,BCH-B300,WHOLE_BLOCK_SHORTENED,BERLEKAMP_MASSEY_CHIEN,300,390,0.76923076923076927,3.6000000000000001,2.4605664769316329,2,45,30,NONE,0,0,1,UNIFORM_RANDOM,PURE,1,UNIFORM_RANDOM,POST_HARD_DECISION_BIT_FLIP,1,5000,1500000,358403,5000,0.18379641025641025,233914,5000,0.15594266666666667,1,0,0,0,0,0,0,5000,1,149.42394000000027,108.75,252.96000000000024,803.27000000000373,23454.900000000001,267.21999999999895,5000,200,50000,TARGET_FRAME_ERRORS_REACHED,0,0,0,1,2df217f11ee51505f461fe4ab9f7c8a06ea108d7a78c8dfbd43b75bfcab9e9da,WORKTREE
bch.s2.impairment.result.v1,S2_05,RESIDUAL_CFO,BCH-B300,WHOLE_BLOCK_SHORTENED,BERLEKAMP_MASSEY_CHIEN,300,390,0.76923076923076927,3.6000000000000001,2.4605664769316329,2,90,30,NONE,0,0,1,UNIFORM_RANDOM,PURE,1,UNIFORM_RANDOM,POST_HARD_DECISION_BIT_FLIP,1,5000,1500000,1322985,5000,0.67845384615384619,963580,5000,0.64238666666666666,1,0,0,0,0,0,0,5000,1,105.33427999999989,98.799999999999997,138.30500000000004,257.30600000000231,1364,185.92083999999971,5000,200,50000,TARGET_FRAME_ERRORS_REACHED,0,0,0,1,1711dad4635b94e181f832b3f766000bf323aecca1b2f6140cd98d2641d9de53,WORKTREE
bch.s2.impairment.result.v1,S2_05,RESIDUAL_CFO,BCH-B300,WHOLE_BLOCK_SHORTENED,BERLEKAMP_MASSEY_CHIEN,300,390,0.76923076923076927,3.6000000000000001,2.4605664769316329,2,135,30,NONE,0,0,1,UNIFORM_RANDOM,PURE,1,UNIFORM_RANDOM,POST_HARD_DECISION_BIT_FLIP,1,5000,1500000,1840593,5000,0.94389384615384619,1407630,5000,0.93842000000000003,1,0,0,0,0,0,0,5000,1,128.20297999999971,107.40000000000001,222.94000000000017,606.70200000000011,2324.3000000000002,220.53166000000019,5000,200,50000,TARGET_FRAME_ERRORS_REACHED,0,0,0,1,c557a2680d8dcfa0e16c19d62f975f1402ca85b645752047f73cdec1f2f58a75,WORKTREE
bch.s2.impairment.result.v1,S2_05,RESIDUAL_CFO,BCH-B300,WHOLE_BLOCK_SHORTENED,BERLEKAMP_MASSEY_CHIEN,300,390,0.76923076923076927,3.7999999999999998,2.6605664769316322,2,0,30,NONE,0,0,1,UNIFORM_RANDOM,PURE,1,UNIFORM_RANDOM,POST_HARD_DECISION_BIT_FLIP,1,5000,1500000,65659,5000,0.033671282051282052,39056,3817,0.026037333333333332,0.76339999999999997,1183,0.2366,1183,0.2366,0,0,3817,0.76339999999999997,124.71920000000036,104.5,170.3450000000002,591.5660000000014,13267.4,213.6527600000002,5000,200,50000,TARGET_FRAME_ERRORS_REACHED,0,0,0,1,54cb0fe74b1929cc0293c08db8f73f51f0c39ddb36c6b13cb60f4313d02c4215,WORKTREE
bch.s2.impairment.result.v1,S2_05,RESIDUAL_CFO,BCH-B300,WHOLE_BLOCK_SHORTENED,BERLEKAMP_MASSEY_CHIEN,300,390,0.76923076923076927,3.7999999999999998,2.6605664769316322,2,45,30,NONE,0,0,1,UNIFORM_RANDOM,PURE,1,UNIFORM_RANDOM,POST_HARD_DECISION_BIT_FLIP,1,5000,1500000,347639,5000,0.17827641025641025,225359,5000,0.15023933333333334,1,0,0,0,0,0,0,5000,1,112.1971599999999,105.40000000000001,156.40500000000003,334.2790000000017,2240.5,194.25759999999957,5000,200,50000,TARGET_FRAME_ERRORS_REACHED,0,0,0,1,90250f5a8b428cac681f83336b7f1aceed753ceb489c6ae0aad04a1ea8b44f08,WORKTREE
bch.s2.impairment.result.v1,S2_05,RESIDUAL_CFO,BCH-B300,WHOLE_BLOCK_SHORTENED,BERLEKAMP_MASSEY_CHIEN,300,390,0.76923076923076927,3.7999999999999998,2.6605664769316322,2,90,30,NONE,0,0,1,UNIFORM_RANDOM,PURE,1,UNIFORM_RANDOM,POST_HARD_DECISION_BIT_FLIP,1,5000,1500000,1330157,5000,0.68213179487179487,968525,5000,0.64568333333333339,1,0,0,0,0,0,0,5000,1,128.64873999999986,107.09999999999999,207.48500000000033,627.50800000000231,4791.1000000000004,221.79105999999973,5000,200,50000,TARGET_FRAME_ERRORS_REACHED,0,0,0,1,3ccd28a6d578582e1faeea32b8c6826c71ded04791863b854be750e3cd5d0d4a,WORKTREE
bch.s2.impairment.result.v1,S2_05,RESIDUAL_CFO,BCH-B300,WHOLE_BLOCK_SHORTENED,BERLEKAMP_MASSEY_CHIEN,300,390,0.76923076923076927,3.7999999999999998,2.6605664769316322,2,135,30,NONE,0,0,1,UNIFORM_RANDOM,PURE,1,UNIFORM_RANDOM,POST_HARD_DECISION_BIT_FLIP,1,5000,1500000,1849159,5000,0.94828666666666672,1414711,5000,0.94314066666666663,1,0,0,0,0,0,0,5000,1,110.1166600000001,104.8,149.63000000000011,316.20600000000007,1101,189.77468000000056,5000,200,50000,TARGET_FRAME_ERRORS_REACHED,0,0,0,1,d9e267f0c0f27b9983ba21a7f406010ba21f6c7e1a0bfdb4f886573f16cf7b2f,WORKTREE
bch.s2.impairment.result.v1,S2_05,RESIDUAL_CFO,BCH-B300,WHOLE_BLOCK_SHORTENED,BERLEKAMP_MASSEY_CHIEN,300,390,0.76923076923076927,4,2.8605664769316324,2,0,30,NONE,0,0,1,UNIFORM_RANDOM,PURE,1,UNIFORM_RANDOM,POST_HARD_DECISION_BIT_FLIP,1,5000,1500000,60093,5000,0.030816923076923079,31931,3268,0.021287333333333332,0.65359999999999996,1732,0.34639999999999999,1732,0.34639999999999999,0,0,3268,0.65359999999999996,95.704260000000119,87.700000000000003,128.40000000000001,196.31100000000023,976.10000000000002,162.28819999999948,5000,200,50000,TARGET_FRAME_ERRORS_REACHED,0,0,0,1,8e68aeedb6cd06ea6c6b2f9c54eb95b9c1aa3fb8dd0506537c77d80fb6f75c39,WORKTREE
bch.s2.impairment.result.v1,S2_05,RESIDUAL_CFO,BCH-B300,WHOLE_BLOCK_SHORTENED,BERLEKAMP_MASSEY_CHIEN,300,390,0.76923076923076927,4,2.8605664769316324,2,45,30,NONE,0,0,1,UNIFORM_RANDOM,PURE,1,UNIFORM_RANDOM,POST_HARD_DECISION_BIT_FLIP,1,5000,1500000,339427,5000,0.17406512820512821,218718,5000,0.145812,1,0,0,0,0,0,0,5000,1,99.608079999999958,89.599999999999994,133.40500000000003,217.52000000000044,1102.3,174.00476000000015,5000,200,50000,TARGET_FRAME_ERRORS_REACHED,0,0,0,1,dff2024588c0a838e4743c15d1aed71e4cedcfb0541f65756353ec866cc772eb,WORKTREE
bch.s2.impairment.result.v1,S2_05,RESIDUAL_CFO,BCH-B300,WHOLE_BLOCK_SHORTENED,BERLEKAMP_MASSEY_CHIEN,300,390,0.76923076923076927,4,2.8605664769316324,2,90,30,NONE,0,0,1,UNIFORM_RANDOM,PURE,1,UNIFORM_RANDOM,POST_HARD_DECISION_BIT_FLIP,1,5000,1500000,1337675,5000,0.68598717948717947,973243,5000,0.64882866666666672,1,0,0,0,0,0,0,5000,1,100.89950000000016,90.799999999999997,130.20500000000001,230.74500000000097,1396.5,175.90565999999978,5000,200,50000,TARGET_FRAME_ERRORS_REACHED,0,0,0,1,301b6b7ec50fd5d69849f129146673b69f854073c019fc42353e83df931e0c5e,WORKTREE
bch.s2.impairment.result.v1,S2_05,RESIDUAL_CFO,BCH-B300,WHOLE_BLOCK_SHORTENED,BERLEKAMP_MASSEY_CHIEN,300,390,0.76923076923076927,4,2.8605664769316324,2,135,30,NONE,0,0,1,UNIFORM_RANDOM,PURE,1,UNIFORM_RANDOM,POST_HARD_DECISION_BIT_FLIP,1,5000,1500000,1856723,5000,0.95216564102564105,1420600,5000,0.94706666666666661,1,0,0,0,0,0,0,5000,1,101.84744000000035,93.75,131.91000000000005,220.80000000000001,1180.4000000000001,174.43517999999972,5000,200,50000,TARGET_FRAME_ERRORS_REACHED,0,0,0,1,55b41ff49366d2a6b250190d253e73e0206d97f144d44a3ead0116576b2d464a,WORKTREE
bch.s2.impairment.result.v1,S2_05,RESIDUAL_CFO,BCH-B300,WHOLE_BLOCK_SHORTENED,BERLEKAMP_MASSEY_CHIEN,300,390,0.76923076923076927,4.2000000000000002,3.0605664769316325,2,0,30,NONE,0,0,1,UNIFORM_RANDOM,PURE,1,UNIFORM_RANDOM,POST_HARD_DECISION_BIT_FLIP,1,5000,1500000,53773,5000,0.027575897435897435,24019,2586,0.016012666666666668,0.51719999999999999,2414,0.48280000000000001,2414,0.48280000000000001,0,0,2586,0.51719999999999999,98.597800000000149,91.400000000000006,133.9250000000001,241.81500000000034,879.5,168.84018000000026,5000,200,50000,TARGET_FRAME_ERRORS_REACHED,0,0,0,1,e7a8bdcce9d8540bed976e1a694a535702b94650af21f79b6a4385bccdfb6f1a,WORKTREE
bch.s2.impairment.result.v1,S2_05,RESIDUAL_CFO,BCH-B300,WHOLE_BLOCK_SHORTENED,BERLEKAMP_MASSEY_CHIEN,300,390,0.76923076923076927,4.2000000000000002,3.0605664769316325,2,45,30,NONE,0,0,1,UNIFORM_RANDOM,PURE,1,UNIFORM_RANDOM,POST_HARD_DECISION_BIT_FLIP,1,5000,1500000,328280,5000,0.16834871794871795,209787,5000,0.13985800000000001,1,0,0,0,0,0,0,5000,1,103.30698000000018,94.599999999999994,133.10500000000002,271.01400000000245,1097.4000000000001,179.13371999999993,5000,200,50000,TARGET_FRAME_ERRORS_REACHED,0,0,0,1,bb61784cac669dfa6452e145521e7468184ad8805c8a7aeaa18b66545293000a,WORKTREE
bch.s2.impairment.result.v1,S2_05,RESIDUAL_CFO,BCH-B300,WHOLE_BLOCK_SHORTENED,BERLEKAMP_MASSEY_CHIEN,300,390,0.76923076923076927,4.2000000000000002,3.0605664769316325,2,90,30,NONE,0,0,1,UNIFORM_RANDOM,PURE,1,UNIFORM_RANDOM,POST_HARD_DECISION_BIT_FLIP,1,5000,1500000,1342875,5000,0.68865384615384617,976276,5000,0.65085066666666669,1,0,0,0,0,0,0,5000,1,97.590519999999955,88.099999999999994,127.00500000000002,210.40000000000001,734,170.98896000000028,5000,200,50000,TARGET_FRAME_ERRORS_REACHED,0,0,0,1,66af122c2957cdadadcd190a3988f3db58f5e993dcd64150f9475e151516788a,WORKTREE
bch.s2.impairment.result.v1,S2_05,RESIDUAL_CFO,BCH-B300,WHOLE_BLOCK_SHORTENED,BERLEKAMP_MASSEY_CHIEN,300,390,0.76923076923076927,4.2000000000000002,3.0605664769316325,2,135,30,NONE,0,0,1,UNIFORM_RANDOM,PURE,1,UNIFORM_RANDOM,POST_HARD_DECISION_BIT_FLIP,1,5000,1500000,1863414,5000,0.95559692307692312,1426193,5000,0.95079533333333333,1,0,0,0,0,0,0,5000,1,99.023599999999988,90.900000000000006,126,193.70100000000002,689.39999999999998,171.78469999999982,5000,200,50000,TARGET_FRAME_ERRORS_REACHED,0,0,0,1,ee4ff66d8400dff16b9145dfa4a2d8a75033277000ad87f810b7cfe5ee9ec5ac,WORKTREE
bch.s2.impairment.result.v1,S2_05,RESIDUAL_CFO,BCH-B300,WHOLE_BLOCK_SHORTENED,BERLEKAMP_MASSEY_CHIEN,300,390,0.76923076923076927,4.4000000000000004,3.2605664769316327,2,0,30,NONE,0,0,1,UNIFORM_RANDOM,PURE,1,UNIFORM_RANDOM,POST_HARD_DECISION_BIT_FLIP,1,5000,1500000,49110,5000,0.025184615384615385,17801,1979,0.011867333333333334,0.39579999999999999,3021,0.60419999999999996,3021,0.60419999999999996,0,0,1979,0.39579999999999999,96.549780000000169,89.200000000000003,129.90000000000001,238.21800000000039,1382.4000000000001,167.14146000000042,5000,200,50000,TARGET_FRAME_ERRORS_REACHED,0,0,0,1,3c69749ff39f57fcdc0d5263fa238792e6bb54e33ff5f90239efda8db0114977,WORKTREE
bch.s2.impairment.result.v1,S2_05,RESIDUAL_CFO,BCH-B300,WHOLE_BLOCK_SHORTENED,BERLEKAMP_MASSEY_CHIEN,300,390,0.76923076923076927,4.4000000000000004,3.2605664769316327,2,45,30,NONE,0,0,1,UNIFORM_RANDOM,PURE,1,UNIFORM_RANDOM,POST_HARD_DECISION_BIT_FLIP,1,5000,1500000,318523,5000,0.1633451282051282,202187,5000,0.13479133333333335,1,0,0,0,0,0,0,5000,1,150.49316000000016,109.40000000000001,227.11000000000001,694.7520000000012,32654.599999999999,253.38802000000058,5000,200,50000,TARGET_FRAME_ERRORS_REACHED,0,0,0,1,494195871f00f28e1d23529adc7d109f6fd5765cf9e86fe5b7720fea24ef9dc7,WORKTREE
bch.s2.impairment.result.v1,S2_05,RESIDUAL_CFO,BCH-B300,WHOLE_BLOCK_SHORTENED,BERLEKAMP_MASSEY_CHIEN,300,390,0.76923076923076927,4.4000000000000004,3.2605664769316327,2,90,30,NONE,0,0,1,UNIFORM_RANDOM,PURE,1,UNIFORM_RANDOM,POST_HARD_DECISION_BIT_FLIP,1,5000,1500000,1351724,5000,0.69319179487179483,982093,5000,0.65472866666666663,1,0,0,0,0,0,0,5000,1,132.49231999999995,107,218.21500000000003,580.45300000000111,13430.5,229.12826000000081,5000,200,50000,TARGET_FRAME_ERRORS_REACHED,0,0,0,1,aeca71abaac3a5a0c5ef3cfde19e457471c18e037e66fff3b4a257ee8d28f801,WORKTREE
bch.s2.impairment.result.v1,S2_05,RESIDUAL_CFO,BCH-B300,WHOLE_BLOCK_SHORTENED,BERLEKAMP_MASSEY_CHIEN,300,390,0.76923076923076927,4.4000000000000004,3.2605664769316327,2,135,30,NONE,0,0,1,UNIFORM_RANDOM,PURE,1,UNIFORM_RANDOM,POST_HARD_DECISION_BIT_FLIP,1,5000,1500000,1870027,5000,0.95898820512820515,1431521,5000,0.95434733333333333,1,0,0,0,0,0,0,5000,1,143.93871999999999,108.90000000000001,260.34000000000015,771.83700000000078,5553.1000000000004,246.4193600000001,5000,200,50000,TARGET_FRAME_ERRORS_REACHED,0,0,0,1,540259444245e21c3ebd868b0a202d26c0c154b2eb0e63c83ac8531913c4d22d,WORKTREE
bch.s2.impairment.result.v1,S2_05,RESIDUAL_CFO,BCH-B300,WHOLE_BLOCK_SHORTENED,BERLEKAMP_MASSEY_CHIEN,300,390,0.76923076923076927,4.5999999999999996,3.460566476931632,2,0,30,NONE,0,0,1,UNIFORM_RANDOM,PURE,1,UNIFORM_RANDOM,POST_HARD_DECISION_BIT_FLIP,1,5000,1500000,43775,4998,0.022448717948717948,11400,1310,0.0076,0.26200000000000001,3690,0.73799999999999999,3690,0.73799999999999999,0,0,1310,0.26200000000000001,142.14455999999964,106.5,259.30000000000001,870.61600000000249,18957.799999999999,260.40624000000025,5000,200,50000,TARGET_FRAME_ERRORS_REACHED,0,0,0,1,85158457b430459a7206e89eb48f3d1d0ca413609f56f3c899c89b77a03d9120,WORKTREE
bch.s2.impairment.result.v1,S2_05,RESIDUAL_CFO,BCH-B300,WHOLE_BLOCK_SHORTENED,BERLEKAMP_MASSEY_CHIEN,300,390,0.76923076923076927,4.5999999999999996,3.460566476931632,2,45,30,NONE,0,0,1,UNIFORM_RANDOM,PURE,1,UNIFORM_RANDOM,POST_HARD_DECISION_BIT_FLIP,1,5000,1500000,307624,5000,0.15775589743589744,193659,5000,0.129106,1,0,0,0,0,0,0,5000,1,161.99444000000003,111.40000000000001,277.19500000000039,1131.2700000000036,16209.799999999999,275.72837999999962,5000,200,50000,TARGET_FRAME_ERRORS_REACHED,0,0,0,1,5ae1b258ee44d2a7be8c2b52c42b3010f62fdc34107ade54f847493a3ad7cd3d,WORKTREE
bch.s2.impairment.result.v1,S2_05,RESIDUAL_CFO,BCH-B300,WHOLE_BLOCK_SHORTENED,BERLEKAMP_MASSEY_CHIEN,300,390,0.76923076923076927,4.5999999999999996,3.460566476931632,2,90,30,NONE,0,0,1,UNIFORM_RANDOM,PURE,1,UNIFORM_RANDOM,POST_HARD_DECISION_BIT_FLIP,1,5000,1500000,1358943,5000,0.6968938461538462,986704,5000,0.65780266666666665,1,0,0,0,0,0,0,5000,1,128.52800000000013,109.2,173.00500000000002,552.32200000000046,5446.6000000000004,229.22712000000038,5000,200,50000,TARGET_FRAME_ERRORS_REACHED,0,0,0,1,fffcbe5a7f7561748670ac5306e9fba74c106e9b268d73cc4e09974fc8ebf624,WORKTREE
bch.s2.impairment.result.v1,S2_05,RESIDUAL_CFO,BCH-B300,WHOLE_BLOCK_SHORTENED,BERLEKAMP_MASSEY_CHIEN,300,390,0.76923076923076927,4.5999999999999996,3.460566476931632,2,135,30,NONE,0,0,1,UNIFORM_RANDOM,PURE,1,UNIFORM_RANDOM,POST_HARD_DECISION_BIT_FLIP,1,5000,1500000,1876853,5000,0.96248871794871793,1437248,5000,0.95816533333333331,1,0,0,0,0,0,0,5000,1,145.76208000000014,108.90000000000001,232.7350000000001,836.37100000000157,18683.799999999999,244.92895999999953,5000,200,50000,TARGET_FRAME_ERRORS_REACHED,0,0,0,1,722afa898ca1d30895f59f927d133f4e735b37f1eb315697bd93336917ffbe05,WORKTREE
bch.s2.impairment.result.v1,S2_05,RESIDUAL_CFO,BCH-B300,WHOLE_BLOCK_SHORTENED,BERLEKAMP_MASSEY_CHIEN,300,390,0.76923076923076927,4.7999999999999998,3.6605664769316322,2,0,30,NONE,0,0,1,UNIFORM_RANDOM,PURE,1,UNIFORM_RANDOM,POST_HARD_DECISION_BIT_FLIP,1,5000,1500000,39306,5000,0.020156923076923076,6981,825,0.0046540000000000002,0.16500000000000001,4175,0.83499999999999996,4175,0.83499999999999996,0,0,825,0.16500000000000001,116.07064000000034,100.59999999999999,190.35000000000019,509.61500000000035,4773,206.49414000000024,5000,200,50000,TARGET_FRAME_ERRORS_REACHED,0,0,0,1,daf68c4e459c2c1d5c63eecf71ab30e87f3e1a8f4d5008ed49644847c8f3bd43,WORKTREE
bch.s2.impairment.result.v1,S2_05,RESIDUAL_CFO,BCH-B300,WHOLE_BLOCK_SHORTENED,BERLEKAMP_MASSEY_CHIEN,300,390,0.76923076923076927,4.7999999999999998,3.6605664769316322,2,45,30,NONE,0,0,1,UNIFORM_RANDOM,PURE,1,UNIFORM_RANDOM,POST_HARD_DECISION_BIT_FLIP,1,5000,1500000,297434,5000,0.15253025641025642,185926,5000,0.12395066666666667,1,0,0,0,0,0,0,5000,1,117.17257999999943,107.7,154.71000000000001,340.91700000000037,2313.6999999999998,202.91196000000022,5000,200,50000,TARGET_FRAME_ERRORS_REACHED,0,0,0,1,ed3e1a6c099ef3883e45e7cb43dfa0aa48b5463ebc1c8af1aa9d223bac243b76,WORKTREE
bch.s2.impairment.result.v1,S2_05,RESIDUAL_CFO,BCH-B300,WHOLE_BLOCK_SHORTENED,BERLEKAMP_MASSEY_CHIEN,300,390,0.76923076923076927,4.7999999999999998,3.6605664769316322,2,90,30,NONE,0,0,1,UNIFORM_RANDOM,PURE,1,UNIFORM_RANDOM,POST_HARD_DECISION_BIT_FLIP,1,5000,1500000,1364255,5000,0.69961794871794869,990619,5000,0.66041266666666665,1,0,0,0,0,0,0,5000,1,131.53238000000022,109.7,201.40500000000003,589.01300000000026,7694.8000000000002,229.97742000000031,5000,200,50000,TARGET_FRAME_ERRORS_REACHED,0,0,0,1,db244112a6767997693d8938212659ff53fed5664a04e1995011dbab11394d11,WORKTREE
bch.s2.impairment.result.v1,S2_05,RESIDUAL_CFO,BCH-B300,WHOLE_BLOCK_SHORTENED,BERLEKAMP_MASSEY_CHIEN,300,390,0.76923076923076927,4.7999999999999998,3.6605664769316322,2,135,30,NONE,0,0,1,UNIFORM_RANDOM,PURE,1,UNIFORM_RANDOM,POST_HARD_DECISION_BIT_FLIP,1,5000,1500000,1883208,5000,0.96574769230769231,1442437,5000,0.96162466666666668,1,0,0,0,0,0,0,5000,1,117.53468000000021,106.8,162.02000000000007,368.12200000000047,2484.5999999999999,204.75233999999961,5000,200,50000,TARGET_FRAME_ERRORS_REACHED,0,0,0,1,f61859ee4318388f33719aeec5d5d440dbffbc61d14ae726f93597ff8087341d,WORKTREE
bch.s2.impairment.result.v1,S2_05,RESIDUAL_CFO,BCH-B300,WHOLE_BLOCK_SHORTENED,BERLEKAMP_MASSEY_CHIEN,300,390,0.76923076923076927,5,3.8605664769316324,2,0,30,NONE,0,0,1,UNIFORM_RANDOM,PURE,1,UNIFORM_RANDOM,POST_HARD_DECISION_BIT_FLIP,1,5000,1500000,34967,4997,0.017931794871794873,4045,487,0.0026966666666666667,0.0974,4513,0.90259999999999996,4513,0.90259999999999996,0,0,487,0.0974,116.48559999999998,94.5,152.31000000000006,411.06600000000361,29949.900000000001,202.45315999999954,5000,200,50000,TARGET_FRAME_ERRORS_REACHED,0,0,0,1,2ea887123d65471e23a01009f5efa5342a65cd5cfdb9c98a2bc6c8700953f6f2,WORKTREE
bch.s2.impairment.result.v1,S2_05,RESIDUAL_CFO,BCH-B300,WHOLE_BLOCK_SHORTENED,BERLEKAMP_MASSEY_CHIEN,300,390,0.76923076923076927,5,3.8605664769316324,2,45,30,NONE,0,0,1,UNIFORM_RANDOM,PURE,1,UNIFORM_RANDOM,POST_HARD_DECISION_BIT_FLIP,1,5000,1500000,287870,5000,0.14762564102564102,178330,5000,0.11888666666666667,1,0,0,0,0,0,0,5000,1,147.20719999999986,109.5,225.21500000000003,811.76300000000367,16446.299999999999,251.4013199999998,5000,200,50000,TARGET_FRAME_ERRORS_REACHED,0,0,0,1,74d6d2c4ae53cafcc54276790e839637038a07a45c4cedc8d7f7240ca7ec0f6b,WORKTREE
bch.s2.impairment.result.v1,S2_05,RESIDUAL_CFO,BCH-B300,WHOLE_BLOCK_SHORTENED,BERLEKAMP_MASSEY_CHIEN,300,390,0.76923076923076927,5,3.8605664769316324,2,90,30,NONE,0,0,1,UNIFORM_RANDOM,PURE,1,UNIFORM_RANDOM,POST_HARD_DECISION_BIT_FLIP,1,5000,1500000,1372221,5000,0.70370307692307688,995548,5000,0.66369866666666666,1,0,0,0,0,0,0,5000,1,151.84714000000008,110.2,263.35500000000025,885.25000000000114,13940.700000000001,270.80057999999934,5000,200,50000,TARGET_FRAME_ERRORS_REACHED,0,0,0,1,5cb5aca0b5c709457df265f2f5d5cecc17942720e0fff554db97b166bf926132,WORKTREE
bch.s2.impairment.result.v1,S2_05,RESIDUAL_CFO,BCH-B300,WHOLE_BLOCK_SHORTENED,BERLEKAMP_MASSEY_CHIEN,300,390,0.76923076923076927,5,3.8605664769316324,2,135,30,NONE,0,0,1,UNIFORM_RANDOM,PURE,1,UNIFORM_RANDOM,POST_HARD_DECISION_BIT_FLIP,1,5000,1500000,1888702,5000,0.96856512820512819,1447069,5000,0.96471266666666666,1,0,0,0,0,0,0,5000,1,146.49170000000063,111.40000000000001,226.73000000000008,705.26900000000376,9700.2000000000007,262.17582000000021,5000,200,50000,TARGET_FRAME_ERRORS_REACHED,0,0,0,1,177980d966b183187dc9bea5f9c120d0b6d61c6a83cc15731233459bb9f5d672,WORKTREE
bch.s2.impairment.result.v1,S2_05,RESIDUAL_CFO,BCH-B300,WHOLE_BLOCK_SHORTENED,BERLEKAMP_MASSEY_CHIEN,300,390,0.76923076923076927,5.2000000000000002,4.0605664769316325,2,0,30,NONE,0,0,1,UNIFORM_RANDOM,PURE,1,UNIFORM_RANDOM,POST_HARD_DECISION_BIT_FLIP,1,5000,1500000,31098,4990,0.015947692307692309,2174,267,0.0014493333333333333,0.053400000000000003,4733,0.9466,4733,0.9466,0,0,267,0.053400000000000003,127.95430000000012,92.599999999999994,179.62000000000006,564.46100000000126,49668.699999999997,233.93329999999963,5000,200,50000,TARGET_FRAME_ERRORS_REACHED,0,0,0,1,60f660c0049c9781c57950c797577b74df8b58c1db519ecad52b062a04c01d5f,WORKTREE
bch.s2.impairment.result.v1,S2_05,RESIDUAL_CFO,BCH-B300,WHOLE_BLOCK_SHORTENED,BERLEKAMP_MASSEY_CHIEN,300,390,0.76923076923076927,5.2000000000000002,4.0605664769316325,2,45,30,NONE,0,0,1,UNIFORM_RANDOM,PURE,1,UNIFORM_RANDOM,POST_HARD_DECISION_BIT_FLIP,1,5000,1500000,277840,5000,0.14248205128205127,170505,5000,0.11366999999999999,1,0,0,0,0,0,0,5000,1,154.24721999999966,110,203.83500000000015,718.47800000000166,30728.900000000001,260.21234000000027,5000,200,50000,TARGET_FRAME_ERRORS_REACHED,0,0,0,1,3a1e7184bff7664dbb167324eb36f4023bd81f66eb24784e503e9b27840bf402,WORKTREE
bch.s2.impairment.result.v1,S2_05,RESIDUAL_CFO,BCH-B300,WHOLE_BLOCK_SHORTENED,BERLEKAMP_MASSEY_CHIEN,300,390,0.76923076923076927,5.2000000000000002,4.0605664769316325,2,90,30,NONE,0,0,1,UNIFORM_RANDOM,PURE,1,UNIFORM_RANDOM,POST_HARD_DECISION_BIT_FLIP,1,5000,1500000,1380700,5000,0.70805128205128209,1001496,5000,0.66766400000000004,1,0,0,0,0,0,0,5000,1,124.32429999999981,107.3,181.61000000000001,470.27700000000385,9447.7999999999993,217.22119999999987,5000,200,50000,TARGET_FRAME_ERRORS_REACHED,0,0,0,1,65f16dab1584d8db8c3563a03e91fd5df962bec8d76aa75c0a831e419bd09cda,WORKTREE
bch.s2.impairment.result.v1,S2_05,RESIDUAL_CFO,BCH-B300,WHOLE_BLOCK_SHORTENED,BERLEKAMP_MASSEY_CHIEN,300,390,0.76923076923076927,5.2000000000000002,4.0605664769316325,2,135,30,NONE,0,0,1,UNIFORM_RANDOM,PURE,1,UNIFORM_RANDOM,POST_HARD_DECISION_BIT_FLIP,1,5000,1500000,1894703,5000,0.97164256410256411,1451986,5000,0.96799066666666667,1,0,0,0,0,0,0,5000,1,120.32613999999992,107.90000000000001,159.40000000000001,403.51000000000022,3250.0999999999999,208.63666000000012,5000,200,50000,TARGET_FRAME_ERRORS_REACHED,0,0,0,1,67d8211d3a5c5014b50d6538ca027cdf7ece450c46e5d3e1ff18f7ad0f7acc39,WORKTREE
bch.s2.impairment.result.v1,S2_05,RESIDUAL_CFO,BCH-B300,WHOLE_BLOCK_SHORTENED,BERLEKAMP_MASSEY_CHIEN,300,390,0.76923076923076927,5.4000000000000004,4.2605664769316327,2,0,30,NONE,0,0,1,UNIFORM_RANDOM,PURE,1,UNIFORM_RANDOM,POST_HARD_DECISION_BIT_FLIP,1,8129,2438700,44851,8108,0.014147196961811305,1586,200,0.00065034649608397912,0.024603272235207283,7929,0.97539672776479269,7929,0.97539672776479269,0,0,200,0.024603272235207283,86.437864435970283,79.400000000000006,123.7,250.41200000000055,1478.3,161.67122647312073,5000,200,50000,TARGET_FRAME_ERRORS_REACHED,0,0,0,1,6bad16b0d2f3fdfcf121083d490d72a2db4f6a5039664b2816bad1ee8febfa1b,WORKTREE
bch.s2.impairment.result.v1,S2_05,RESIDUAL_CFO,BCH-B300,WHOLE_BLOCK_SHORTENED,BERLEKAMP_MASSEY_CHIEN,300,390,0.76923076923076927,5.4000000000000004,4.2605664769316327,2,45,30,NONE,0,0,1,UNIFORM_RANDOM,PURE,1,UNIFORM_RANDOM,POST_HARD_DECISION_BIT_FLIP,1,5000,1500000,268347,5000,0.13761384615384614,163030,5000,0.10868666666666667,1,0,0,0,0,0,0,5000,1,123.89960000000016,108,187.94000000000017,534.87600000000384,1761.7,215.44041999999936,5000,200,50000,TARGET_FRAME_ERRORS_REACHED,0,0,0,1,0b5cdf1cd970ea3f74a7139509a8f7f27087cf1f34a30d0204647c0dbe64a44d,WORKTREE
bch.s2.impairment.result.v1,S2_05,RESIDUAL_CFO,BCH-B300,WHOLE_BLOCK_SHORTENED,BERLEKAMP_MASSEY_CHIEN,300,390,0.76923076923076927,5.4000000000000004,4.2605664769316327,2,90,30,NONE,0,0,1,UNIFORM_RANDOM,PURE,1,UNIFORM_RANDOM,POST_HARD_DECISION_BIT_FLIP,1,5000,1500000,1388518,5000,0.71206051282051286,1006678,5000,0.67111866666666664,1,0,0,0,0,0,0,5000,1,114.11085999999982,104.3,150.84000000000017,372.83000000000067,4011.5,198.5392200000008,5000,200,50000,TARGET_FRAME_ERRORS_REACHED,0,0,0,1,32630fc1cb3cb44c380ea86d4d9e1710b90e7a00d3be89ef96dc0ee814f1bcbe,WORKTREE
bch.s2.impairment.result.v1,S2_05,RESIDUAL_CFO,BCH-B300,WHOLE_BLOCK_SHORTENED,BERLEKAMP_MASSEY_CHIEN,300,390,0.76923076923076927,5.4000000000000004,4.2605664769316327,2,135,30,NONE,0,0,1,UNIFORM_RANDOM,PURE,1,UNIFORM_RANDOM,POST_HARD_DECISION_BIT_FLIP,1,5000,1500000,1899775,5000,0.97424358974358971,1456090,5000,0.97072666666666663,1,0,0,0,0,0,0,5000,1,108.90225999999969,102.75,141.30000000000001,313.51200000000028,7185.6999999999998,187.79796000000036,5000,200,50000,TARGET_FRAME_ERRORS_REACHED,0,0,0,1,e3977f401be97fbe4ccd3091f835baf20d47537eeed6ed989eb03601934cba0a,WORKTREE
bch.s2.impairment.result.v1,S2_05,RESIDUAL_CFO,BCH-B300,WHOLE_BLOCK_SHORTENED,BERLEKAMP_MASSEY_CHIEN,300,390,0.76923076923076927,5.5999999999999996,4.460566476931632,2,0,30,NONE,0,0,1,UNIFORM_RANDOM,PURE,1,UNIFORM_RANDOM,POST_HARD_DECISION_BIT_FLIP,1,20638,6191400,99136,20472,0.012316836505226853,1561,200,0.00025212391381593821,0.009690861517588913,20438,0.99030913848241109,20438,0.99030913848241109,0,0,200,0.009690861517588913,79.826596569435651,73.099999999999994,113.59999999999999,220.36700000000093,3290.8000000000002,152.37447911619432,5000,200,50000,TARGET_FRAME_ERRORS_REACHED,0,0,0,1,2c37ed96a0e49af6216539cab1105b9e6e4d44cf8d48a420b0071970999f61f8,WORKTREE
bch.s2.impairment.result.v1,S2_05,RESIDUAL_CFO,BCH-B300,WHOLE_BLOCK_SHORTENED,BERLEKAMP_MASSEY_CHIEN,300,390,0.76923076923076927,5.5999999999999996,4.460566476931632,2,45,30,NONE,0,0,1,UNIFORM_RANDOM,PURE,1,UNIFORM_RANDOM,POST_HARD_DECISION_BIT_FLIP,1,5000,1500000,258220,5000,0.13242051282051281,155771,5000,0.10384733333333333,1,0,0,0,0,0,0,5000,1,109.18484000000004,101.5,143.70499999999998,348.30900000000025,2387.0999999999999,189.23147999999915,5000,200,50000,TARGET_FRAME_ERRORS_REACHED,0,0,0,1,5b63c0418cb540ad4af0735ac98f24f5761ac8fc57d68789b8cf6d788e93bb3b,WORKTREE
bch.s2.impairment.result.v1,S2_05,RESIDUAL_CFO,BCH-B300,WHOLE_BLOCK_SHORTENED,BERLEKAMP_MASSEY_CHIEN,300,390,0.76923076923076927,5.5999999999999996,4.460566476931632,2,90,30,NONE,0,0,1,UNIFORM_RANDOM,PURE,1,UNIFORM_RANDOM,POST_HARD_DECISION_BIT_FLIP,1,5000,1500000,1396111,5000,0.715954358974359,1011652,5000,0.67443466666666663,1,0,0,0,0,0,0,5000,1,127.40290000000002,107.8,184.47000000000025,500.90400000000005,4946.8000000000002,220.07330000000027,5000,200,50000,TARGET_FRAME_ERRORS_REACHED,0,0,0,1,60eb71e91fabfa900ed6800d8fe1520939da7e0fd9bfd2b431a72891cd36ff7e,WORKTREE
bch.s2.impairment.result.v1,S2_05,RESIDUAL_CFO,BCH-B300,WHOLE_BLOCK_SHORTENED,BERLEKAMP_MASSEY_CHIEN,300,390,0.76923076923076927,5.5999999999999996,4.460566476931632,2,135,30,NONE,0,0,1,UNIFORM_RANDOM,PURE,1,UNIFORM_RANDOM,POST_HARD_DECISION_BIT_FLIP,1,5000,1500000,1904480,5000,0.97665641025641026,1460157,5000,0.97343800000000003,1,0,0,0,0,0,0,5000,1,120.23411999999986,107.09999999999999,175.51000000000005,432.00200000000007,3667.4000000000001,205.69712000000004,5000,200,50000,TARGET_FRAME_ERRORS_REACHED,0,0,0,1,541afa7ff56831f70f324960089697efdda949aae68e85334cbe06cb6bb129fe,WORKTREE
bch.s2.impairment.result.v1,S2_05,RESIDUAL_CFO,BCH-B300,WHOLE_BLOCK_SHORTENED,BERLEKAMP_MASSEY_CHIEN,300,390,0.76923076923076927,5.7999999999999998,4.6605664769316322,2,0,30,NONE,0,0,1,UNIFORM_RANDOM,PURE,1,UNIFORM_RANDOM,POST_HARD_DECISION_BIT_FLIP,1,50000,15000000,209527,49276,0.01074497435897436,1534,194,0.00010226666666666667,0.0038800000000000002,49806,0.99612000000000001,49806,0.99612000000000001,0,0,194,0.0038800000000000002,77.409246000000337,70.700000000000003,110.3,210.80000000000001,4134.6999999999998,149.71830399999928,5000,200,50000,MAX_FRAMES_REACHED,0,0,0,1,04d0f3046e8efa7d612a26e0a968a80981c8ca2262c00f2ce4df123020471afd,WORKTREE
bch.s2.impairment.result.v1,S2_05,RESIDUAL_CFO,BCH-B300,WHOLE_BLOCK_SHORTENED,BERLEKAMP_MASSEY_CHIEN,300,390,0.76923076923076927,5.7999999999999998,4.6605664769316322,2,45,30,NONE,0,0,1,UNIFORM_RANDOM,PURE,1,UNIFORM_RANDOM,POST_HARD_DECISION_BIT_FLIP,1,5000,1500000,247681,5000,0.12701589743589745,147662,5000,0.098441333333333339,1,0,0,0,0,0,0,5000,1,106.19676000000031,101.84999999999999,138.80500000000004,267.71100000000018,1357.5999999999999,184.06963999999991,5000,200,50000,TARGET_FRAME_ERRORS_REACHED,0,0,0,1,0f8f78d557c1c589ae9a4fa64c798d4098c9de2e6d18dfdfa2631df409516ae0,WORKTREE
bch.s2.impairment.result.v1,S2_05,RESIDUAL_CFO,BCH-B300,WHOLE_BLOCK_SHORTENED,BERLEKAMP_MASSEY_CHIEN,300,390,0.76923076923076927,5.7999999999999998,4.6605664769316322,2,90,30,NONE,0,0,1,UNIFORM_RANDOM,PURE,1,UNIFORM_RANDOM,POST_HARD_DECISION_BIT_FLIP,1,5000,1500000,1403731,5000,0.71986205128205127,1017422,5000,0.67828133333333329,1,0,0,0,0,0,0,5000,1,101.90606000000017,93.700000000000003,134.51000000000005,235.81100000000023,655.5,177.35119999999989,5000,200,50000,TARGET_FRAME_ERRORS_REACHED,0,0,0,1,bf417a2ae0b80c7e74665e02cf2b5221f227e565e61470737295b493493aeafb,WORKTREE
bch.s2.impairment.result.v1,S2_05,RESIDUAL_CFO,BCH-B300,WHOLE_BLOCK_SHORTENED,BERLEKAMP_MASSEY_CHIEN,300,390,0.76923076923076927,5.7999999999999998,4.6605664769316322,2,135,30,NONE,0,0,1,UNIFORM_RANDOM,PURE,1,UNIFORM_RANDOM,POST_HARD_DECISION_BIT_FLIP,1,5000,1500000,1909064,5000,0.97900717948717952,1464072,5000,0.97604800000000003,1,0,0,0,0,0,0,5000,1,102.14225999999989,94,131.81000000000006,239.71000000000021,923.60000000000002,175.92084,5000,200,50000,TARGET_FRAME_ERRORS_REACHED,0,0,0,1,0bfb5528cb9bc55d7d54cc8e0d333683d99fd064fdd26caa7db3c4c56684c569,WORKTREE
bch.s2.impairment.result.v1,S2_05,RESIDUAL_CFO,BCH-B300,WHOLE_BLOCK_SHORTENED,BERLEKAMP_MASSEY_CHIEN,300,390,0.76923076923076927,6,4.8605664769316324,2,0,30,NONE,0,0,1,UNIFORM_RANDOM,PURE,1,UNIFORM_RANDOM,POST_HARD_DECISION_BIT_FLIP,1,50000,15000000,182892,48754,0.0093790769230769223,534,68,3.5599999999999998e-05,0.0013600000000000001,49932,0.99863999999999997,49932,0.99863999999999997,0,0,68,0.0013600000000000001,74.434806000000506,66.900000000000006,105.90000000000001,217.60300000000061,17685.400000000001,145.86268599999946,5000,200,50000,MAX_FRAMES_REACHED,0,0,0,1,4bc9b391258283445dc05e284a81e90e686ac5e21fe0fec23ab0e48f1a1534a5,WORKTREE
bch.s2.impairment.result.v1,S2_05,RESIDUAL_CFO,BCH-B300,WHOLE_BLOCK_SHORTENED,BERLEKAMP_MASSEY_CHIEN,300,390,0.76923076923076927,6,4.8605664769316324,2,45,30,NONE,0,0,1,UNIFORM_RANDOM,PURE,1,UNIFORM_RANDOM,POST_HARD_DECISION_BIT_FLIP,1,5000,1500000,238677,5000,0.12239846153846154,140542,5000,0.093694666666666662,1,0,0,0,0,0,0,5000,1,118.60465999999961,104.90000000000001,177.26000000000019,495.52600000000058,3546.3000000000002,204.89371999999992,5000,200,50000,TARGET_FRAME_ERRORS_REACHED,0,0,0,1,8dd68f0fbac5d292802038f199fe11b4e188cca92c1da1b5cf39806481970162,WORKTREE
bch.s2.impairment.result.v1,S2_05,RESIDUAL_CFO,BCH-B300,WHOLE_BLOCK_SHORTENED,BERLEKAMP_MASSEY_CHIEN,300,390,0.76923076923076927,6,4.8605664769316324,2,90,30,NONE,0,0,1,UNIFORM_RANDOM,PURE,1,UNIFORM_RANDOM,POST_HARD_DECISION_BIT_FLIP,1,5000,1500000,1412146,5000,0.72417743589743588,1022996,5000,0.68199733333333334,1,0,0,0,0,0,0,5000,1,99.817380000000099,90.200000000000003,133,228.73900000000086,847.20000000000005,174.69211999999993,5000,200,50000,TARGET_FRAME_ERRORS_REACHED,0,0,0,1,985ec29fefa502858610ba8159ed7dcf6479e061a2f297f7730331e188807df0,WORKTREE
bch.s2.impairment.result.v1,S2_05,RESIDUAL_CFO,BCH-B300,WHOLE_BLOCK_SHORTENED,BERLEKAMP_MASSEY_CHIEN,300,390,0.76923076923076927,6,4.8605664769316324,2,135,30,NONE,0,0,1,UNIFORM_RANDOM,PURE,1,UNIFORM_RANDOM,POST_HARD_DECISION_BIT_FLIP,1,5000,1500000,1913544,5000,0.98130461538461533,1467813,5000,0.97854200000000002,1,0,0,0,0,0,0,5000,1,99.133379999999988,90.599999999999994,128.60500000000002,189.23700000000079,1094,170.5106000000003,5000,200,50000,TARGET_FRAME_ERRORS_REACHED,0,0,0,1,0619dd882ac061f3e402de9cf21233807a2a092e17691abbbb92a54a3c96642a,WORKTREE
bch.s2.impairment.result.v1,S2_05,RESIDUAL_CFO,BCH-B300,WHOLE_BLOCK_SHORTENED,BERLEKAMP_MASSEY_CHIEN,300,390,0.76923076923076927,6.2000000000000002,5.0605664769316325,2,0,30,NONE,0,0,1,UNIFORM_RANDOM,PURE,1,UNIFORM_RANDOM,POST_HARD_DECISION_BIT_FLIP,1,50000,15000000,157033,47857,0.0080529743589743581,110,15,7.3333333333333331e-06,0.00029999999999999997,49985,0.99970000000000003,49985,0.99970000000000003,0,0,15,0.00029999999999999997,65.038798,61,92.799999999999997,128.40200000000041,1353.3,130.81667999999868,5000,200,50000,MAX_FRAMES_REACHED,0,0,0,1,2c138fdd3239484fd40a1a2929fd70148640176692fbddaee8bdfc3454fb6ec1,WORKTREE
bch.s2.impairment.result.v1,S2_05,RESIDUAL_CFO,BCH-B300,WHOLE_BLOCK_SHORTENED,BERLEKAMP_MASSEY_CHIEN,300,390,0.76923076923076927,6.2000000000000002,5.0605664769316325,2,45,30,NONE,0,0,1,UNIFORM_RANDOM,PURE,1,UNIFORM_RANDOM,POST_HARD_DECISION_BIT_FLIP,1,5000,1500000,229065,5000,0.11746923076923077,133755,5000,0.089169999999999999,1,0,0,0,0,0,0,5000,1,98.096759999999804,89.700000000000003,127.59999999999999,202.00300000000007,701,169.9327399999998,5000,200,50000,TARGET_FRAME_ERRORS_REACHED,0,0,0,1,86aebee1ff2b89f575e9361013cf8feb64d13df11029fd7aa19f384e0d751138,WORKTREE
bch.s2.impairment.result.v1,S2_05,RESIDUAL_CFO,BCH-B300,WHOLE_BLOCK_SHORTENED,BERLEKAMP_MASSEY_CHIEN,300,390,0.76923076923076927,6.2000000000000002,5.0605664769316325,2,90,30,NONE,0,0,1,UNIFORM_RANDOM,PURE,1,UNIFORM_RANDOM,POST_HARD_DECISION_BIT_FLIP,1,5000,1500000,1418724,5000,0.72755076923076922,1027058,5000,0.68470533333333339,1,0,0,0,0,0,0,5000,1,117.73630000000023,105.2,175.40500000000003,453.44300000000095,3524,206.78435999999991,5000,200,50000,TARGET_FRAME_ERRORS_REACHED,0,0,0,1,e2b98bde9d759ddba7494c8affad59d3ea49a7284825309942bd3d997255e994,WORKTREE
bch.s2.impairment.result.v1,S2_05,RESIDUAL_CFO,BCH-B300,WHOLE_BLOCK_SHORTENED,BERLEKAMP_MASSEY_CHIEN,300,390,0.76923076923076927,6.2000000000000002,5.0605664769316325,2,135,30,NONE,0,0,1,UNIFORM_RANDOM,PURE,1,UNIFORM_RANDOM,POST_HARD_DECISION_BIT_FLIP,1,5000,1500000,1917197,5000,0.98317794871794872,1470907,5000,0.98060466666666668,1,0,0,0,0,0,0,5000,1,100.59828000000012,90.5,130.71000000000004,231.74100000000089,1069.5999999999999,172.43148000000016,5000,200,50000,TARGET_FRAME_ERRORS_REACHED,0,0,0,1,0f6163c3a9ad252daad53d24e2a9e85725b10a10295b715dc52f1505985c8265,WORKTREE
bch.s2.impairment.result.v1,S2_05,RESIDUAL_CFO,BCH-B300,WHOLE_BLOCK_SHORTENED,BERLEKAMP_MASSEY_CHIEN,300,390,0.76923076923076927,3.6000000000000001,2.4605664769316329,2,0,60,NONE,0,0,1,UNIFORM_RANDOM,PURE,1,UNIFORM_RANDOM,POST_HARD_DECISION_BIT_FLIP,1,5000,1500000,132866,5000,0.068136410256410262,73506,4999,0.049003999999999999,0.99980000000000002,1,0.00020000000000000001,1,0.00020000000000000001,0,0,4999,0.99980000000000002,100.39073999999992,92.400000000000006,132.00500000000002,193.601,725.70000000000005,171.04783999999981,5000,200,50000,TARGET_FRAME_ERRORS_REACHED,0,0,0,1,be953f1879a0b1d8325c30873ec05b6cffe27a76ff40b80a3271599bc1f53922,WORKTREE
bch.s2.impairment.result.v1,S2_05,RESIDUAL_CFO,BCH-B300,WHOLE_BLOCK_SHORTENED,BERLEKAMP_MASSEY_CHIEN,300,390,0.76923076923076927,3.6000000000000001,2.4605664769316329,2,45,60,NONE,0,0,1,UNIFORM_RANDOM,PURE,1,UNIFORM_RANDOM,POST_HARD_DECISION_BIT_FLIP,1,5000,1500000,667077,5000,0.34209076923076925,395471,5000,0.26364733333333334,1,0,0,0,0,0,0,5000,1,111.32129999999998,103.09999999999999,155.01000000000005,334.37900000000178,3225,194.34019999999961,5000,200,50000,TARGET_FRAME_ERRORS_REACHED,0,0,0,1,9beb16930f276aaae374bd2406a8cc29047e36b1c080b578c1564fb95dbee981,WORKTREE
bch.s2.impairment.result.v1,S2_05,RESIDUAL_CFO,BCH-B300,WHOLE_BLOCK_SHORTENED,BERLEKAMP_MASSEY_CHIEN,300,390,0.76923076923076927,3.6000000000000001,2.4605664769316329,2,90,60,NONE,0,0,1,UNIFORM_RANDOM,PURE,1,UNIFORM_RANDOM,POST_HARD_DECISION_BIT_FLIP,1,5000,1500000,1538549,5000,0.7889994871794872,1119190,5000,0.74612666666666672,1,0,0,0,0,0,0,5000,1,114.48535999999973,101,162.92000000000007,456.44800000000106,4812.3999999999996,196.19072000000014,5000,200,50000,TARGET_FRAME_ERRORS_REACHED,0,0,0,1,9520bbc8c3e8634703c4eef3569dfa80a3a251b607b09236708b43c5e8af0e0c,WORKTREE
bch.s2.impairment.result.v1,S2_05,RESIDUAL_CFO,BCH-B300,WHOLE_BLOCK_SHORTENED,BERLEKAMP_MASSEY_CHIEN,300,390,0.76923076923076927,3.6000000000000001,2.4605664769316329,2,135,60,NONE,0,0,1,UNIFORM_RANDOM,PURE,1,UNIFORM_RANDOM,POST_HARD_DECISION_BIT_FLIP,1,5000,1500000,1864045,5000,0.95592051282051282,1428459,5000,0.95230599999999999,1,0,0,0,0,0,0,5000,1,101.85354000000027,96,130.40500000000003,209.01500000000033,889.70000000000005,176.30460000000022,5000,200,50000,TARGET_FRAME_ERRORS_REACHED,0,0,0,1,548434450163c5fb1e0c976b8f2d695ca4163f9aacc0872e95a73dc9c4ac946d,WORKTREE
bch.s2.impairment.result.v1,S2_05,RESIDUAL_CFO,BCH-B300,WHOLE_BLOCK_SHORTENED,BERLEKAMP_MASSEY_CHIEN,300,390,0.76923076923076927,3.7999999999999998,2.6605664769316322,2,0,60,NONE,0,0,1,UNIFORM_RANDOM,PURE,1,UNIFORM_RANDOM,POST_HARD_DECISION_BIT_FLIP,1,5000,1500000,124969,5000,0.064086666666666667,67982,4997,0.045321333333333332,0.99939999999999996,3,0.00059999999999999995,3,0.00059999999999999995,0,0,4997,0.99939999999999996,100.26162000000006,92.599999999999994,128.20500000000001,204.2090000000002,857.60000000000002,169.12970000000001,5000,200,50000,TARGET_FRAME_ERRORS_REACHED,0,0,0,1,fdd95744357d02af935f3e2e7e4eaf2057015cc74ea8c09e29236645ccc9e189,WORKTREE
bch.s2.impairment.result.v1,S2_05,RESIDUAL_CFO,BCH-B300,WHOLE_BLOCK_SHORTENED,BERLEKAMP_MASSEY_CHIEN,300,390,0.76923076923076927,3.7999999999999998,2.6605664769316322,2,45,60,NONE,0,0,1,UNIFORM_RANDOM,PURE,1,UNIFORM_RANDOM,POST_HARD_DECISION_BIT_FLIP,1,5000,1500000,661471,5000,0.33921589743589742,388787,5000,0.25919133333333333,1,0,0,0,0,0,0,5000,1,98.941660000000141,90.5,131.80000000000001,186.21200000000024,1038.7,172.1483200000001,5000,200,50000,TARGET_FRAME_ERRORS_REACHED,0,0,0,1,cab267288b466ab1d40f77246473c02fd2edb6998751b1542532eced4fa58d05,WORKTREE
bch.s2.impairment.result.v1,S2_05,RESIDUAL_CFO,BCH-B300,WHOLE_BLOCK_SHORTENED,BERLEKAMP_MASSEY_CHIEN,300,390,0.76923076923076927,3.7999999999999998,2.6605664769316322,2,90,60,NONE,0,0,1,UNIFORM_RANDOM,PURE,1,UNIFORM_RANDOM,POST_HARD_DECISION_BIT_FLIP,1,5000,1500000,1547942,5000,0.79381641025641025,1126666,5000,0.7511106666666667,1,0,0,0,0,0,0,5000,1,111.77446000000032,101.3,157.50500000000002,397.50200000000007,2427.6999999999998,194.50909999999985,5000,200,50000,TARGET_FRAME_ERRORS_REACHED,0,0,0,1,fdda0ba19f886028f0bfc2610222f2c6dc002493f99413f34b86eee0a3b4808f,WORKTREE
bch.s2.impairment.result.v1,S2_05,RESIDUAL_CFO,BCH-B300,WHOLE_BLOCK_SHORTENED,BERLEKAMP_MASSEY_CHIEN,300,390,0.76923076923076927,3.7999999999999998,2.6605664769316322,2,135,60,NONE,0,0,1,UNIFORM_RANDOM,PURE,1,UNIFORM_RANDOM,POST_HARD_DECISION_BIT_FLIP,1,5000,1500000,1871548,5000,0.95976820512820515,1434664,5000,0.95644266666666666,1,0,0,0,0,0,0,5000,1,104.84252000000006,97.200000000000003,138.70499999999998,273.84200000000095,2089,180.14734000000013,5000,200,50000,TARGET_FRAME_ERRORS_REACHED,0,0,0,1,f398f1efba11fe403bf38f826bd22c5bd39216bb4a8494f949ec11e2cea6ba89,WORKTREE
bch.s2.impairment.result.v1,S2_05,RESIDUAL_CFO,BCH-B300,WHOLE_BLOCK_SHORTENED,BERLEKAMP_MASSEY_CHIEN,300,390,0.76923076923076927,4,2.8605664769316324,2,0,60,NONE,0,0,1,UNIFORM_RANDOM,PURE,1,UNIFORM_RANDOM,POST_HARD_DECISION_BIT_FLIP,1,5000,1500000,117452,5000,0.060231794871794871,62968,4991,0.041978666666666664,0.99819999999999998,9,0.0018,9,0.0018,0,0,4991,0.99819999999999998,98.469699999999719,90.599999999999994,127.00500000000002,186.00900000000019,538,165.99910000000008,5000,200,50000,TARGET_FRAME_ERRORS_REACHED,0,0,0,1,9381838d0903b58e004679675fd6daf32f3cef4154b74e25796ae5066d1c7bcf,WORKTREE
bch.s2.impairment.result.v1,S2_05,RESIDUAL_CFO,BCH-B300,WHOLE_BLOCK_SHORTENED,BERLEKAMP_MASSEY_CHIEN,300,390,0.76923076923076927,4,2.8605664769316324,2,45,60,NONE,0,0,1,UNIFORM_RANDOM,PURE,1,UNIFORM_RANDOM,POST_HARD_DECISION_BIT_FLIP,1,5000,1500000,657360,5000,0.33710769230769233,383729,5000,0.25581933333333334,1,0,0,0,0,0,0,5000,1,97.760539999999892,89.299999999999997,129.80000000000001,169.81000000000023,867.20000000000005,169.75609999999958,5000,200,50000,TARGET_FRAME_ERRORS_REACHED,0,0,0,1,198f1768f9bd52a431b68d203a321b2f81fd099cdde0fc66cbce032f10e461db,WORKTREE
bch.s2.impairment.result.v1,S2_05,RESIDUAL_CFO,BCH-B300,WHOLE_BLOCK_SHORTENED,BERLEKAMP_MASSEY_CHIEN,300,390,0.76923076923076927,4,2.8605664769316324,2,90,60,NONE,0,0,1,UNIFORM_RANDOM,PURE,1,UNIFORM_RANDOM,POST_HARD_DECISION_BIT_FLIP,1,5000,1500000,1556770,5000,0.79834358974358977,1133112,5000,0.75540799999999997,1,0,0,0,0,0,0,5000,1,97.712259999999972,89.400000000000006,125.70500000000003,200.10700000000014,951.70000000000005,169.71902000000017,5000,200,50000,TARGET_FRAME_ERRORS_REACHED,0,0,0,1,545251cff6fa9691e28638e7d72b96e939ab01930ece866535bb76761e2034db,WORKTREE
bch.s2.impairment.result.v1,S2_05,RESIDUAL_CFO,BCH-B300,WHOLE_BLOCK_SHORTENED,BERLEKAMP_MASSEY_CHIEN,300,390,0.76923076923076927,4,2.8605664769316324,2,135,60,NONE,0,0,1,UNIFORM_RANDOM,PURE,1,UNIFORM_RANDOM,POST_HARD_DECISION_BIT_FLIP,1,5000,1500000,1878196,5000,0.96317743589743587,1439766,5000,0.95984400000000003,1,0,0,0,0,0,0,5000,1,99.516159999999815,90.650000000000006,129.80000000000001,196.41200000000029,2987.9000000000001,170.36952000000005,5000,200,50000,TARGET_FRAME_ERRORS_REACHED,0,0,0,1,946d20626a529c63e6db8f1f4b364b4b30e41743ebc73ef273b7da67efcb59bf,WORKTREE
bch.s2.impairment.result.v1,S2_05,RESIDUAL_CFO,BCH-B300,WHOLE_BLOCK_SHORTENED,BERLEKAMP_MASSEY_CHIEN,300,390,0.76923076923076927,4.2000000000000002,3.0605664769316325,2,0,60,NONE,0,0,1,UNIFORM_RANDOM,PURE,1,UNIFORM_RANDOM,POST_HARD_DECISION_BIT_FLIP,1,5000,1500000,109182,5000,0.055990769230769233,57225,4988,0.038150000000000003,0.99760000000000004,12,0.0023999999999999998,12,0.0023999999999999998,0,0,4988,0.99760000000000004,97.949780000000047,89.299999999999997,129.50500000000002,180.41200000000029,983.60000000000002,164.86096000000035,5000,200,50000,TARGET_FRAME_ERRORS_REACHED,0,0,0,1,25b621f18b4ab7f49ead387a826d1d39629dee2b55c7883ff1cd7b5e002a72c0,WORKTREE
bch.s2.impairment.result.v1,S2_05,RESIDUAL_CFO,BCH-B300,WHOLE_BLOCK_SHORTENED,BERLEKAMP_MASSEY_CHIEN,300,390,0.76923076923076927,4.2000000000000002,3.0605664769316325,2,45,60,NONE,0,0,1,UNIFORM_RANDOM,PURE,1,UNIFORM_RANDOM,POST_HARD_DECISION_BIT_FLIP,1,5000,1500000,651431,5000,0.33406717948717951,376810,5000,0.25120666666666669,1,0,0,0,0,0,0,5000,1,98.991199999999836,90.599999999999994,132.40500000000003,192.42900000000066,634.60000000000002,172.62747999999976,5000,200,50000,TARGET_FRAME_ERRORS_REACHED,0,0,0,1,2f562349f5c1ee3e288e37540d962bd7c1812ae217919c3bfd469e5038c3d256,WORKTREE
bch.s2.impairment.result.v1,S2_05,RESIDUAL_CFO,BCH-B300,WHOLE_BLOCK_SHORTENED,BERLEKAMP_MASSEY_CHIEN,300,390,0.76923076923076927,4.2000000000000002,3.0605664769316325,2,90,60,NONE,0,0,1,UNIFORM_RANDOM,PURE,1,UNIFORM_RANDOM,POST_HARD_DECISION_BIT_FLIP,1,5000,1500000,1564332,5000,0.80222153846153843,1138895,5000,0.75926333333333329,1,0,0,0,0,0,0,5000,1,96.611040000000244,88.599999999999994,127.00500000000002,166.30000000000001,633.39999999999998,167.52320000000037,5000,200,50000,TARGET_FRAME_ERRORS_REACHED,0,0,0,1,c13936ee79c6f2a78b554c03e101eb28a332135491b7a4871fb9d4f9f0ae78ed,WORKTREE
bch.s2.impairment.result.v1,S2_05,RESIDUAL_CFO,BCH-B300,WHOLE_BLOCK_SHORTENED,BERLEKAMP_MASSEY_CHIEN,300,390,0.76923076923076927,4.2000000000000002,3.0605664769316325,2,135,60,NONE,0,0,1,UNIFORM_RANDOM,PURE,1,UNIFORM_RANDOM,POST_HARD_DECISION_BIT_FLIP,1,5000,1500000,1883849,5000,0.96607641025641022,1444496,5000,0.96299733333333337,1,0,0,0,0,0,0,5000,1,109.45936000000003,94,153.81000000000006,397.40200000000004,5076.8000000000002,186.93668,5000,200,50000,TARGET_FRAME_ERRORS_REACHED,0,0,0,1,ceba13c55dd3c19e6cef9343b590937bac5e63cbad1996dcadc5f6aa03381632,WORKTREE
bch.s2.impairment.result.v1,S2_05,RESIDUAL_CFO,BCH-B300,WHOLE_BLOCK_SHORTENED,BERLEKAMP_MASSEY_CHIEN,300,390,0.76923076923076927,4.4000000000000004,3.2605664769316327,2,0,60,NONE,0,0,1,UNIFORM_RANDOM,PURE,1,UNIFORM_RANDOM,POST_HARD_DECISION_BIT_FLIP,1,5000,1500000,102495,5000,0.052561538461538458,52503,4964,0.035001999999999998,0.99280000000000002,36,0.0071999999999999998,36,0.0071999999999999998,0,0,4964,0.99280000000000002,102.26893999999967,93,134.21000000000004,251.21200000000024,659.10000000000002,173.08248000000088,5000,200,50000,TARGET_FRAME_ERRORS_REACHED,0,0,0,1,b3187e6532b758914f3f3541a3aefd93701046187478be8ef817e5718b6e45ef,WORKTREE
bch.s2.impairment.result.v1,S2_05,RESIDUAL_CFO,BCH-B300,WHOLE_BLOCK_SHORTENED,BERLEKAMP_MASSEY_CHIEN,300,390,0.76923076923076927,4.4000000000000004,3.2605664769316327,2,45,60,NONE,0,0,1,UNIFORM_RANDOM,PURE,1,UNIFORM_RANDOM,POST_HARD_DECISION_BIT_FLIP,1,5000,1500000,646717,5000,0.33164974358974358,370768,5000,0.24717866666666666,1,0,0,0,0,0,0,5000,1,98.008299999999949,89.400000000000006,130.09999999999999,201.80000000000001,586.29999999999995,170.7033799999997,5000,200,50000,TARGET_FRAME_ERRORS_REACHED,0,0,0,1,8e3dbde946c4c899c8e6f5339f30c89f4268f6e01226392b27d242c877624629,WORKTREE
bch.s2.impairment.result.v1,S2_05,RESIDUAL_CFO,BCH-B300,WHOLE_BLOCK_SHORTENED,BERLEKAMP_MASSEY_CHIEN,300,390,0.76923076923076927,4.4000000000000004,3.2605664769316327,2,90,60,NONE,0,0,1,UNIFORM_RANDOM,PURE,1,UNIFORM_RANDOM,POST_HARD_DECISION_BIT_FLIP,1,5000,1500000,1572484,5000,0.80640205128205134,1145411,5000,0.7636073333333333,1,0,0,0,0,0,0,5000,1,96.959420000000264,89,127.20500000000003,167.80800000000019,567.29999999999995,168.31274000000005,5000,200,50000,TARGET_FRAME_ERRORS_REACHED,0,0,0,1,0b3063530a7886f44e044486605cffef0b31d51b7f4f0296074fecdfbabb5bd2,WORKTREE
bch.s2.impairment.result.v1,S2_05,RESIDUAL_CFO,BCH-B300,WHOLE_BLOCK_SHORTENED,BERLEKAMP_MASSEY_CHIEN,300,390,0.76923076923076927,4.4000000000000004,3.2605664769316327,2,135,60,NONE,0,0,1,UNIFORM_RANDOM,PURE,1,UNIFORM_RANDOM,POST_HARD_DECISION_BIT_FLIP,1,5000,1500000,1889481,5000,0.96896461538461542,1449028,5000,0.96601866666666669,1,0,0,0,0,0,0,5000,1,97.263739999999913,88.900000000000006,126.7,169.72400000000053,858.70000000000005,167.2752000000001,5000,200,50000,TARGET_FRAME_ERRORS_REACHED,0,0,0,1,2160aa54365d980fac0ff33034174b5073efe57ccbf6b2f6cccb9d2cbed662df,WORKTREE
bch.s2.impairment.result.v1,S2_05,RESIDUAL_CFO,BCH-B300,WHOLE_BLOCK_SHORTENED,BERLEKAMP_MASSEY_CHIEN,300,390,0.76923076923076927,4.5999999999999996,3.460566476931632,2,0,60,NONE,0,0,1,UNIFORM_RANDOM,PURE,1,UNIFORM_RANDOM,POST_HARD_DECISION_BIT_FLIP,1,5000,1500000,95416,5000,0.048931282051282055,47751,4936,0.031834000000000001,0.98719999999999997,64,0.012800000000000001,64,0.012800000000000001,0,0,4936,0.98719999999999997,98.199459999999888,89.900000000000006,126.5,193.10200000000003,835.5,166.07992000000004,5000,200,50000,TARGET_FRAME_ERRORS_REACHED,0,0,0,1,f62301dd141722935ce84b541165659249a24079dcbdb3fded11c40af400b52a,WORKTREE
bch.s2.impairment.result.v1,S2_05,RESIDUAL_CFO,BCH-B300,WHOLE_BLOCK_SHORTENED,BERLEKAMP_MASSEY_CHIEN,300,390,0.76923076923076927,4.5999999999999996,3.460566476931632,2,45,60,NONE,0,0,1,UNIFORM_RANDOM,PURE,1,UNIFORM_RANDOM,POST_HARD_DECISION_BIT_FLIP,1,5000,1500000,641465,5000,0.32895641025641026,364293,5000,0.24286199999999999,1,0,0,0,0,0,0,5000,1,95.746600000000271,88,127.7,196.10300000000004,630.89999999999998,166.77243999999999,5000,200,50000,TARGET_FRAME_ERRORS_REACHED,0,0,0,1,f6668a502b4ceab5ddd50f78b163764884e13b8eaeed9359bf8acd58e8c470a0,WORKTREE
bch.s2.impairment.result.v1,S2_05,RESIDUAL_CFO,BCH-B300,WHOLE_BLOCK_SHORTENED,BERLEKAMP_MASSEY_CHIEN,300,390,0.76923076923076927,4.5999999999999996,3.460566476931632,2,90,60,NONE,0,0,1,UNIFORM_RANDOM,PURE,1,UNIFORM_RANDOM,POST_HARD_DECISION_BIT_FLIP,1,5000,1500000,1580426,5000,0.81047487179487177,1151558,5000,0.76770533333333335,1,0,0,0,0,0,0,5000,1,97.785579999999882,88.5,129.30500000000004,201.00100000000003,1038.3,169.33246000000017,5000,200,50000,TARGET_FRAME_ERRORS_REACHED,0,0,0,1,7715463f06ea209fb7d3f81195e5488393f6834545e7a16a3f3e56fb1f4bcf25,WORKTREE
bch.s2.impairment.result.v1,S2_05,RESIDUAL_CFO,BCH-B300,WHOLE_BLOCK_SHORTENED,BERLEKAMP_MASSEY_CHIEN,300,390,0.76923076923076927,4.5999999999999996,3.460566476931632,2,135,60,NONE,0,0,1,UNIFORM_RANDOM,PURE,1,UNIFORM_RANDOM,POST_HARD_DECISION_BIT_FLIP,1,5000,1500000,1895388,5000,0.97199384615384621,1453855,5000,0.96923666666666664,1,0,0,0,0,0,0,5000,1,98.108679999999808,90.299999999999997,127.00500000000002,177.21000000000021,504.89999999999998,168.85824000000005,5000,200,50000,TARGET_FRAME_ERRORS_REACHED,0,0,0,1,707f9f74fcab7367a6d1f7a4b987a2e3bbc661680433a52a69d6c8f3e2e4db4b,WORKTREE
bch.s2.impairment.result.v1,S2_05,RESIDUAL_CFO,BCH-B300,WHOLE_BLOCK_SHORTENED,BERLEKAMP_MASSEY_CHIEN,300,390,0.76923076923076927,4.7999999999999998,3.6605664769316322,2,0,60,NONE,0,0,1,UNIFORM_RANDOM,PURE,1,UNIFORM_RANDOM,POST_HARD_DECISION_BIT_FLIP,1,5000,1500000,88787,5000,0.045531794871794873,43404,4870,0.028936,0.97399999999999998,130,0.025999999999999999,130,0.025999999999999999,0,0,4870,0.97399999999999998,97.248379999999941,89.150000000000006,126.40000000000001,195.14000000000087,670,164.62615999999994,5000,200,50000,TARGET_FRAME_ERRORS_REACHED,0,0,0,1,6d8a98d31e05c22d1d472258ae0b0d107ad495a98085b22d15db828083f382bd,WORKTREE
bch.s2.impairment.result.v1,S2_05,RESIDUAL_CFO,BCH-B300,WHOLE_BLOCK_SHORTENED,BERLEKAMP_MASSEY_CHIEN,300,390,0.76923076923076927,4.7999999999999998,3.6605664769316322,2,45,60,NONE,0,0,1,UNIFORM_RANDOM,PURE,1,UNIFORM_RANDOM,POST_HARD_DECISION_BIT_FLIP,1,5000,1500000,635497,5000,0.32589589743589742,357818,5000,0.23854533333333333,1,0,0,0,0,0,0,5000,1,97.417860000000033,88.900000000000006,129.82000000000008,177.24700000000101,848.79999999999995,169.232,5000,200,50000,TARGET_FRAME_ERRORS_REACHED,0,0,0,1,6c6250b1193a99eaa97fb9bce83bc0f76be815dd30a061f900466b105de39012,WORKTREE
bch.s2.impairment.result.v1,S2_05,RESIDUAL_CFO,BCH-B300,WHOLE_BLOCK_SHORTENED,BERLEKAMP_MASSEY_CHIEN,300,390,0.76923076923076927,4.7999999999999998,3.6605664769316322,2,90,60,NONE,0,0,1,UNIFORM_RANDOM,PURE,1,UNIFORM_RANDOM,POST_HARD_DECISION_BIT_FLIP,1,5000,1500000,1587514,5000,0.81410974358974364,1157118,5000,0.77141199999999999,1,0,0,0,0,0,0,5000,1,97.185479999999885,88.5,129.90500000000003,182.51100000000025,1220.5999999999999,168.49278000000052,5000,200,50000,TARGET_FRAME_ERRORS_REACHED,0,0,0,1,fe01d2cf263dcc8811afc03afbe940f7efe690992ec30dd0d12052b896037b3c,WORKTREE
bch.s2.impairment.result.v1,S2_05,RESIDUAL_CFO,BCH-B300,WHOLE_BLOCK_SHORTENED,BERLEKAMP_MASSEY_CHIEN,300,390,0.76923076923076927,4.7999999999999998,3.6605664769316322,2,135,60,NONE,0,0,1,UNIFORM_RANDOM,PURE,1,UNIFORM_RANDOM,POST_HARD_DECISION_BIT_FLIP,1,5000,1500000,1900329,5000,0.97452769230769232,1457799,5000,0.97186600000000001,1,0,0,0,0,0,0,5000,1,99.392760000000109,90.700000000000003,130.90500000000003,186.92100000000048,901.5,172.05269999999967,5000,200,50000,TARGET_FRAME_ERRORS_REACHED,0,0,0,1,3303458bfe548124d690d1d008818d9ffc2b0ee4f78c0070bf8f0de8368d7068,WORKTREE
bch.s2.impairment.result.v1,S2_05,RESIDUAL_CFO,BCH-B300,WHOLE_BLOCK_SHORTENED,BERLEKAMP_MASSEY_CHIEN,300,390,0.76923076923076927,5,3.8605664769316324,2,0,60,NONE,0,0,1,UNIFORM_RANDOM,PURE,1,UNIFORM_RANDOM,POST_HARD_DECISION_BIT_FLIP,1,5000,1500000,82555,5000,0.042335897435897434,38972,4740,0.025981333333333332,0.94799999999999995,260,0.051999999999999998,259,0.051799999999999999,0,0,4741,0.94820000000000004,99.43748000000005,90.099999999999994,127.3,223.20600000000013,909,168.00092000000043,5000,200,50000,TARGET_FRAME_ERRORS_REACHED,0,0,0,1,8b8e669ab1dc911101988bc7a964eeb8f6d68c46be0ddd24f5ffc2ab4a809c92,WORKTREE
bch.s2.impairment.result.v1,S2_05,RESIDUAL_CFO,BCH-B300,WHOLE_BLOCK_SHORTENED,BERLEKAMP_MASSEY_CHIEN,300,390,0.76923076923076927,5,3.8605664769316324,2,45,60,NONE,0,0,1,UNIFORM_RANDOM,PURE,1,UNIFORM_RANDOM,POST_HARD_DECISION_BIT_FLIP,1,5000,1500000,631305,5000,0.32374615384615385,351985,5000,0.23465666666666668,1,0,0,0,0,0,0,5000,1,98.535460000000086,89.799999999999997,128.91000000000005,196.81400000000031,882.70000000000005,172.37403999999958,5000,200,50000,TARGET_FRAME_ERRORS_REACHED,0,0,0,1,345d1240416cf0699538860b280d7422d294379f0cc2cd6da1e853d26a8a0ee5,WORKTREE
bch.s2.impairment.result.v1,S2_05,RESIDUAL_CFO,BCH-B300,WHOLE_BLOCK_SHORTENED,BERLEKAMP_MASSEY_CHIEN,300,390,0.76923076923076927,5,3.8605664769316324,2,90,60,NONE,0,0,1,UNIFORM_RANDOM,PURE,1,UNIFORM_RANDOM,POST_HARD_DECISION_BIT_FLIP,1,5000,1500000,1595101,5000,0.81800051282051278,1163026,5000,0.77535066666666663,1,0,0,0,0,0,0,5000,1,96.829080000000033,89.599999999999994,122.31000000000003,165.80100000000002,912.39999999999998,168.43807999999956,5000,200,50000,TARGET_FRAME_ERRORS_REACHED,0,0,0,1,f7ecfb66c33b839c2d662760781086d8967b94c188cbaa0ef9b3a92b10154aa3,WORKTREE
bch.s2.impairment.result.v1,S2_05,RESIDUAL_CFO,BCH-B300,WHOLE_BLOCK_SHORTENED,BERLEKAMP_MASSEY_CHIEN,300,390,0.76923076923076927,5,3.8605664769316324,2,135,60,NONE,0,0,1,UNIFORM_RANDOM,PURE,1,UNIFORM_RANDOM,POST_HARD_DECISION_BIT_FLIP,1,5000,1500000,1905020,5000,0.97693333333333332,1461700,5000,0.9744666666666667,1,0,0,0,0,0,0,5000,1,95.470840000000067,87.900000000000006,128,168.20400000000009,652.29999999999995,164.87443999999982,5000,200,50000,TARGET_FRAME_ERRORS_REACHED,0,0,0,1,a45e09765ca29577d3c30064a9988ccba31f592158b9255f99e29e98f09d7cf7,WORKTREE
bch.s2.impairment.result.v1,S2_05,RESIDUAL_CFO,BCH-B300,WHOLE_BLOCK_SHORTENED,BERLEKAMP_MASSEY_CHIEN,300,390,0.76923076923076927,5.2000000000000002,4.0605664769316325,2,0,60,NONE,0,0,1,UNIFORM_RANDOM,PURE,1,UNIFORM_RANDOM,POST_HARD_DECISION_BIT_FLIP,1,5000,1500000,76944,5000,0.039458461538461539,34267,4543,0.022844666666666666,0.90859999999999996,457,0.091399999999999995,457,0.091399999999999995,0,0,4543,0.90859999999999996,95.770140000000239,88,124.30500000000001,175.02100000000047,1925.9000000000001,162.56491999999986,5000,200,50000,TARGET_FRAME_ERRORS_REACHED,0,0,0,1,93e194a7aa06585376a5a86f4bbeda1c7acde015a4a324ed12df6e1b53153ad3,WORKTREE
bch.s2.impairment.result.v1,S2_05,RESIDUAL_CFO,BCH-B300,WHOLE_BLOCK_SHORTENED,BERLEKAMP_MASSEY_CHIEN,300,390,0.76923076923076927,5.2000000000000002,4.0605664769316325,2,45,60,NONE,0,0,1,UNIFORM_RANDOM,PURE,1,UNIFORM_RANDOM,POST_HARD_DECISION_BIT_FLIP,1,5000,1500000,626648,5000,0.3213579487179487,346140,5000,0.23075999999999999,1,0,0,0,0,0,0,5000,1,94.27339999999964,87.799999999999997,125.20500000000003,169.40700000000018,628.60000000000002,164.66998000000004,5000,200,50000,TARGET_FRAME_ERRORS_REACHED,0,0,0,1,a083e0471f13ad6b7393a8c8299a049706b619f85a5e9556faee8c8308dda88e,WORKTREE
bch.s2.impairment.result.v1,S2_05,RESIDUAL_CFO,BCH-B300,WHOLE_BLOCK_SHORTENED,BERLEKAMP_MASSEY_CHIEN,300,390,0.76923076923076927,5.2000000000000002,4.0605664769316325,2,90,60,NONE,0,0,1,UNIFORM_RANDOM,PURE,1,UNIFORM_RANDOM,POST_HARD_DECISION_BIT_FLIP,1,5000,1500000,1605118,5000,0.82313743589743593,1171553,5000,0.7810353333333333,1,0,0,0,0,0,0,5000,1,95.899999999999906,88.099999999999994,127.105,174.80200000000005,798.5,166.52325999999951,5000,200,50000,TARGET_FRAME_ERRORS_REACHED,0,0,0,1,71af1c34a2a75cb14608726e5ef9e9faa66ab4788dc15488df7b64b70678aedf,WORKTREE
bch.s2.impairment.result.v1,S2_05,RESIDUAL_CFO,BCH-B300,WHOLE_BLOCK_SHORTENED,BERLEKAMP_MASSEY_CHIEN,300,390,0.76923076923076927,5.2000000000000002,4.0605664769316325,2,135,60,NONE,0,0,1,UNIFORM_RANDOM,PURE,1,UNIFORM_RANDOM,POST_HARD_DECISION_BIT_FLIP,1,5000,1500000,1909782,5000,0.97937538461538465,1465549,5000,0.97703266666666666,1,0,0,0,0,0,0,5000,1,93.821539999999985,86.799999999999997,122.31000000000003,168.90400000000011,961.70000000000005,162.5222999999996,5000,200,50000,TARGET_FRAME_ERRORS_REACHED,0,0,0,1,5fb8e1d46b9f560e508b4680173b6550819e58df238eafef02c67303fe182c8a,WORKTREE
bch.s2.impairment.result.v1,S2_05,RESIDUAL_CFO,BCH-B300,WHOLE_BLOCK_SHORTENED,BERLEKAMP_MASSEY_CHIEN,300,390,0.76923076923076927,5.4000000000000004,4.2605664769316327,2,0,60,NONE,0,0,1,UNIFORM_RANDOM,PURE,1,UNIFORM_RANDOM,POST_HARD_DECISION_BIT_FLIP,1,5000,1500000,71147,5000,0.036485641025641023,29767,4258,0.019844666666666667,0.85160000000000002,742,0.1484,740,0.14799999999999999,0,0,4260,0.85199999999999998,93.378240000000204,87.200000000000003,119.90500000000003,182.11300000000026,920.39999999999998,158.79736,5000,200,50000,TARGET_FRAME_ERRORS_REACHED,0,0,0,1,c9694b0b77638c8b3579ad1531675e0e596c3b56f891bf3f04382453082024a2,WORKTREE
bch.s2.impairment.result.v1,S2_05,RESIDUAL_CFO,BCH-B300,WHOLE_BLOCK_SHORTENED,BERLEKAMP_MASSEY_CHIEN,300,390,0.76923076923076927,5.4000000000000004,4.2605664769316327,2,45,60,NONE,0,0,1,UNIFORM_RANDOM,PURE,1,UNIFORM_RANDOM,POST_HARD_DECISION_BIT_FLIP,1,5000,1500000,621273,5000,0.31860153846153844,339678,5000,0.22645199999999999,1,0,0,0,0,0,0,5000,1,96.374139999999926,88.400000000000006,128.10500000000002,195.50700000000015,718.70000000000005,168.2889799999999,5000,200,50000,TARGET_FRAME_ERRORS_REACHED,0,0,0,1,c8ddc29010c48f2d9e7b77270077656987fdc0d4fc4d07313a048d5995456457,WORKTREE
bch.s2.impairment.result.v1,S2_05,RESIDUAL_CFO,BCH-B300,WHOLE_BLOCK_SHORTENED,BERLEKAMP_MASSEY_CHIEN,300,390,0.76923076923076927,5.4000000000000004,4.2605664769316327,2,90,60,NONE,0,0,1,UNIFORM_RANDOM,PURE,1,UNIFORM_RANDOM,POST_HARD_DECISION_BIT_FLIP,1,5000,1500000,1611597,5000,0.82645999999999997,1176553,5000,0.78436866666666671,1,0,0,0,0,0,0,5000,1,94.393180000000129,87.599999999999994,122.105,173.20300000000006,788.39999999999998,164.44586000000001,5000,200,50000,TARGET_FRAME_ERRORS_REACHED,0,0,0,1,2e9a99bb650cb13ab8f2fd040b7fb0fc422ac470733c463d9f2937aa1b16d7b9,WORKTREE
bch.s2.impairment.result.v1,S2_05,RESIDUAL_CFO,BCH-B300,WHOLE_BLOCK_SHORTENED,BERLEKAMP_MASSEY_CHIEN,300,390,0.76923076923076927,5.4000000000000004,4.2605664769316327,2,135,60,NONE,0,0,1,UNIFORM_RANDOM,PURE,1,UNIFORM_RANDOM,POST_HARD_DECISION_BIT_FLIP,1,5000,1500000,1913730,5000,0.98140000000000005,1468732,5000,0.97915466666666662,1,0,0,0,0,0,0,5000,1,93.14612000000001,86.900000000000006,122.80500000000001,156.90200000000007,550,161.36779999999973,5000,200,50000,TARGET_FRAME_ERRORS_REACHED,0,0,0,1,0321c4f984c0825fb6f8ee066bf782badd7bd298263941941a7679a2cdf86f09,WORKTREE
bch.s2.impairment.result.v1,S2_05,RESIDUAL_CFO,BCH-B300,WHOLE_BLOCK_SHORTENED,BERLEKAMP_MASSEY_CHIEN,300,390,0.76923076923076927,5.5999999999999996,4.460566476931632,2,0,60,NONE,0,0,1,UNIFORM_RANDOM,PURE,1,UNIFORM_RANDOM,POST_HARD_DECISION_BIT_FLIP,1,5000,1500000,65282,5000,0.033477948717948715,24641,3802,0.016427333333333332,0.76039999999999996,1198,0.23960000000000001,1197,0.2394,0,0,3803,0.76060000000000005,98.861120000000199,90.599999999999994,131.19999999999999,196.80700000000016,1026.4000000000001,167.01945999999978,5000,200,50000,TARGET_FRAME_ERRORS_REACHED,0,0,0,1,a96a3d28aeeb6cb4dc2a228371e22875fd751da572e281726bc21ec2543e05b9,WORKTREE
bch.s2.impairment.result.v1,S2_05,RESIDUAL_CFO,BCH-B300,WHOLE_BLOCK_SHORTENED,BERLEKAMP_MASSEY_CHIEN,300,390,0.76923076923076927,5.5999999999999996,4.460566476931632,2,45,60,NONE,0,0,1,UNIFORM_RANDOM,PURE,1,UNIFORM_RANDOM,POST_HARD_DECISION_BIT_FLIP,1,5000,1500000,617463,5000,0.3166476923076923,334270,5000,0.22284666666666667,1,0,0,0,0,0,0,5000,1,97.185539999999648,88.5,128.81000000000006,195.5,940.20000000000005,169.07543999999965,5000,200,50000,TARGET_FRAME_ERRORS_REACHED,0,0,0,1,37e6782b7813af79d6f272060f6aebebf422f38034b3fc5d598b89733e514d54,WORKTREE
bch.s2.impairment.result.v1,S2_05,RESIDUAL_CFO,BCH-B300,WHOLE_BLOCK_SHORTENED,BERLEKAMP_MASSEY_CHIEN,300,390,0.76923076923076927,5.5999999999999996,4.460566476931632,2,90,60,NONE,0,0,1,UNIFORM_RANDOM,PURE,1,UNIFORM_RANDOM,POST_HARD_DECISION_BIT_FLIP,1,5000,1500000,1618942,5000,0.83022666666666667,1182495,5000,0.78832999999999998,1,0,0,0,0,0,0,5000,1,98.694559999999811,90.599999999999994,130.90500000000003,177.90100000000004,780.89999999999998,170.40956000000025,5000,200,50000,TARGET_FRAME_ERRORS_REACHED,0,0,0,1,e1d4edd54aee178264fbf0197213735e35570bc38910cfdf0c1dbc7c4dd01de3,WORKTREE
bch.s2.impairment.result.v1,S2_05,RESIDUAL_CFO,BCH-B300,WHOLE_BLOCK_SHORTENED,BERLEKAMP_MASSEY_CHIEN,300,390,0.76923076923076927,5.5999999999999996,4.460566476931632,2,135,60,NONE,0,0,1,UNIFORM_RANDOM,PURE,1,UNIFORM_RANDOM,POST_HARD_DECISION_BIT_FLIP,1,5000,1500000,1917802,5000,0.98348820512820512,1472207,5000,0.98147133333333336,1,0,0,0,0,0,0,5000,1,95.663440000000094,88.299999999999997,126.2,171.61300000000026,628.89999999999998,165.1576399999999,5000,200,50000,TARGET_FRAME_ERRORS_REACHED,0,0,0,1,97dade1fc27432b0c07ca88e8fb0fe9cf82b1d3cf28ce9e78594677588255b85,WORKTREE
bch.s2.impairment.result.v1,S2_05,RESIDUAL_CFO,BCH-B300,WHOLE_BLOCK_SHORTENED,BERLEKAMP_MASSEY_CHIEN,300,390,0.76923076923076927,5.7999999999999998,4.6605664769316322,2,0,60,NONE,0,0,1,UNIFORM_RANDOM,PURE,1,UNIFORM_RANDOM,POST_HARD_DECISION_BIT_FLIP,1,5000,1500000,59629,5000,0.030578974358974359,19467,3248,0.012978,0.64959999999999996,1752,0.35039999999999999,1748,0.34960000000000002,0,0,3252,0.65039999999999998,95.71836000000026,88.700000000000003,125.90000000000001,177.80100000000002,869.60000000000002,163.19508000000002,5000,200,50000,TARGET_FRAME_ERRORS_REACHED,0,0,0,1,3dba795a7f0952a1e62b0c5cab28c141b7ffbc4abe39dc80f435466e10adcd8d,WORKTREE
bch.s2.impairment.result.v1,S2_05,RESIDUAL_CFO,BCH-B300,WHOLE_BLOCK_SHORTENED,BERLEKAMP_MASSEY_CHIEN,300,390,0.76923076923076927,5.7999999999999998,4.6605664769316322,2,45,60,NONE,0,0,1,UNIFORM_RANDOM,PURE,1,UNIFORM_RANDOM,POST_HARD_DECISION_BIT_FLIP,1,5000,1500000,610645,5000,0.31315128205128206,327265,5000,0.21817666666666666,1,0,0,0,0,0,0,5000,1,94.958219999999898,87.599999999999994,123.105,178.82100000000045,1027.9000000000001,165.9118799999996,5000,200,50000,TARGET_FRAME_ERRORS_REACHED,0,0,0,1,0f98a5b9999924e3868031e9180cb06a6194fcafcc77b7746322d66f9ce8898d,WORKTREE
bch.s2.impairment.result.v1,S2_05,RESIDUAL_CFO,BCH-B300,WHOLE_BLOCK_SHORTENED,BERLEKAMP_MASSEY_CHIEN,300,390,0.76923076923076927,5.7999999999999998,4.6605664769316322,2,90,60,NONE,0,0,1,UNIFORM_RANDOM,PURE,1,UNIFORM_RANDOM,POST_HARD_DECISION_BIT_FLIP,1,5000,1500000,1626860,5000,0.83428717948717945,1189361,5000,0.7929073333333333,1,0,0,0,0,0,0,5000,1,98.144040000000032,89,132.59999999999999,194.55300000000116,683.60000000000002,170.14411999999996,5000,200,50000,TARGET_FRAME_ERRORS_REACHED,0,0,0,1,c3ec7b388b71bee3c91fa8bc12bca0c00c18884a5af1e9452a101160b441d192,WORKTREE
bch.s2.impairment.result.v1,S2_05,RESIDUAL_CFO,BCH-B300,WHOLE_BLOCK_SHORTENED,BERLEKAMP_MASSEY_CHIEN,300,390,0.76923076923076927,5.7999999999999998,4.6605664769316322,2,135,60,NONE,0,0,1,UNIFORM_RANDOM,PURE,1,UNIFORM_RANDOM,POST_HARD_DECISION_BIT_FLIP,1,5000,1500000,1921164,5000,0.98521230769230772,1475033,5000,0.98335533333333336,1,0,0,0,0,0,0,5000,1,101.29801999999982,91.700000000000003,135.59999999999999,231.20700000000014,935.89999999999998,173.72471999999976,5000,200,50000,TARGET_FRAME_ERRORS_REACHED,0,0,0,1,2e14f774ea58ccd42aa188a9241b8087a07bbbfd106c0a1247a6dbbe86aa3127,WORKTREE
bch.s2.impairment.result.v1,S2_05,RESIDUAL_CFO,BCH-B300,WHOLE_BLOCK_SHORTENED,BERLEKAMP_MASSEY_CHIEN,300,390,0.76923076923076927,6,4.8605664769316324,2,0,60,NONE,0,0,1,UNIFORM_RANDOM,PURE,1,UNIFORM_RANDOM,POST_HARD_DECISION_BIT_FLIP,1,5000,1500000,55333,5000,0.028375897435897437,15429,2737,0.010286,0.5474,2263,0.4526,2261,0.45219999999999999,0,0,2739,0.54779999999999995,91.14414000000005,86.200000000000003,121,159.30400000000009,809.79999999999995,156.89423999999971,5000,200,50000,TARGET_FRAME_ERRORS_REACHED,0,0,0,1,2efdf00b1f431f611f787b7f6def84ef3835d7ab3ee2ff9777eb5a89c0c6437f,WORKTREE
bch.s2.impairment.result.v1,S2_05,RESIDUAL_CFO,BCH-B300,WHOLE_BLOCK_SHORTENED,BERLEKAMP_MASSEY_CHIEN,300,390,0.76923076923076927,6,4.8605664769316324,2,45,60,NONE,0,0,1,UNIFORM_RANDOM,PURE,1,UNIFORM_RANDOM,POST_HARD_DECISION_BIT_FLIP,1,5000,1500000,607071,5000,0.31131846153846154,321390,5000,0.21426000000000001,1,0,0,0,0,0,0,5000,1,98.045019999999965,88.900000000000006,129.5,177.60700000000014,1331.7,170.90980000000025,5000,200,50000,TARGET_FRAME_ERRORS_REACHED,0,0,0,1,4f8906a21a4dcf678de0f4a244726e2f64e1571db9040f7d9a5a25f35bc9846d,WORKTREE
bch.s2.impairment.result.v1,S2_05,RESIDUAL_CFO,BCH-B300,WHOLE_BLOCK_SHORTENED,BERLEKAMP_MASSEY_CHIEN,300,390,0.76923076923076927,6,4.8605664769316324,2,90,60,NONE,0,0,1,UNIFORM_RANDOM,PURE,1,UNIFORM_RANDOM,POST_HARD_DECISION_BIT_FLIP,1,5000,1500000,1634877,5000,0.83839846153846154,1195997,5000,0.79733133333333328,1,0,0,0,0,0,0,5000,1,116.58196000000015,103,178.21000000000001,440.69000000000199,3649.9000000000001,199.82592000000113,5000,200,50000,TARGET_FRAME_ERRORS_REACHED,0,0,0,1,bd9079c5ab5aa5ecfde7fe9dce83bbaeb79c73750bc11692d0e0baa6b211f40f,WORKTREE
bch.s2.impairment.result.v1,S2_05,RESIDUAL_CFO,BCH-B300,WHOLE_BLOCK_SHORTENED,BERLEKAMP_MASSEY_CHIEN,300,390,0.76923076923076927,6,4.8605664769316324,2,135,60,NONE,0,0,1,UNIFORM_RANDOM,PURE,1,UNIFORM_RANDOM,POST_HARD_DECISION_BIT_FLIP,1,5000,1500000,1924607,5000,0.98697794871794875,1477910,5000,0.98527333333333333,1,0,0,0,0,0,0,5000,1,95.480720000000048,88.049999999999997,125.90000000000001,187.1190000000004,672.5,165.23701999999992,5000,200,50000,TARGET_FRAME_ERRORS_REACHED,0,0,0,1,6ae9c2b81c67a377cebdd6dd39e57b5c88ad3a066d89d682a91640650256ab2b,WORKTREE
bch.s2.impairment.result.v1,S2_05,RESIDUAL_CFO,BCH-B300,WHOLE_BLOCK_SHORTENED,BERLEKAMP_MASSEY_CHIEN,300,390,0.76923076923076927,6.2000000000000002,5.0605664769316325,2,0,60,NONE,0,0,1,UNIFORM_RANDOM,PURE,1,UNIFORM_RANDOM,POST_HARD_DECISION_BIT_FLIP,1,5000,1500000,50775,5000,0.026038461538461538,11455,2158,0.0076366666666666666,0.43159999999999998,2842,0.56840000000000002,2842,0.56840000000000002,0,0,2158,0.43159999999999998,88.618960000000271,85.200000000000003,116.8,167.60200000000003,874,153.45675999999992,5000,200,50000,TARGET_FRAME_ERRORS_REACHED,0,0,0,1,f7d5a497f32721f775ad7bbbbc2087e344b4b991a4b58dd4df9afc893f9c8862,WORKTREE
bch.s2.impairment.result.v1,S2_05,RESIDUAL_CFO,BCH-B300,WHOLE_BLOCK_SHORTENED,BERLEKAMP_MASSEY_CHIEN,300,390,0.76923076923076927,6.2000000000000002,5.0605664769316325,2,45,60,NONE,0,0,1,UNIFORM_RANDOM,PURE,1,UNIFORM_RANDOM,POST_HARD_DECISION_BIT_FLIP,1,5000,1500000,602282,5000,0.30886256410256413,315461,5000,0.21030733333333335,1,0,0,0,0,0,0,5000,1,96.770519999999834,88.099999999999994,131.21500000000003,170.00800000000018,852.70000000000005,167.96672000000018,5000,200,50000,TARGET_FRAME_ERRORS_REACHED,0,0,0,1,670b38f6350f7a51b6eb3e3a39d314ffd6c03183a7f943bfc3fa4d300213e953,WORKTREE
bch.s2.impairment.result.v1,S2_05,RESIDUAL_CFO,BCH-B300,WHOLE_BLOCK_SHORTENED,BERLEKAMP_MASSEY_CHIEN,300,390,0.76923076923076927,6.2000000000000002,5.0605664769316325,2,90,60,NONE,0,0,1,UNIFORM_RANDOM,PURE,1,UNIFORM_RANDOM,POST_HARD_DECISION_BIT_FLIP,1,5000,1500000,1641222,5000,0.8416523076923077,1201295,5000,0.80086333333333337,1,0,0,0,0,0,0,5000,1,108.60223999999994,91,168.80500000000004,371.00300000000226,2166,190.29780000000002,5000,200,50000,TARGET_FRAME_ERRORS_REACHED,0,0,0,1,852c4f1f8e8f802c913b8be51081585959e73e5d84f5ad3c5f0b6892296a7a41,WORKTREE
bch.s2.impairment.result.v1,S2_05,RESIDUAL_CFO,BCH-B300,WHOLE_BLOCK_SHORTENED,BERLEKAMP_MASSEY_CHIEN,300,390,0.76923076923076927,6.2000000000000002,5.0605664769316325,2,135,60,NONE,0,0,1,UNIFORM_RANDOM,PURE,1,UNIFORM_RANDOM,POST_HARD_DECISION_BIT_FLIP,1,5000,1500000,1927582,5000,0.98850358974358976,1480378,5000,0.98691866666666672,1,0,0,0,0,0,0,5000,1,95.745779999999726,88.200000000000003,124.20500000000003,168.62500000000054,725.70000000000005,164.45244000000025,5000,200,50000,TARGET_FRAME_ERRORS_REACHED,0,0,0,1,da5c5b47557566506bdbef822e2612bc14ab585fc1aee1568d43612de0405139,WORKTREE
bch.s2.impairment.result.v1,S2_05,RESIDUAL_CFO,BCH-B300-426,WHOLE_BLOCK_SHORTENED,BERLEKAMP_MASSEY_CHIEN,300,426,0.70422535211267601,3.3999999999999999,1.8771165561694347,2,0,30,NONE,0,0,1,UNIFORM_RANDOM,PURE,1,UNIFORM_RANDOM,POST_HARD_DECISION_BIT_FLIP,1,5000,1500000,100405,5000,0.047138497652582156,60814,4549,0.040542666666666664,0.90980000000000005,451,0.090200000000000002,451,0.090200000000000002,0,0,4549,0.90980000000000005,180.89245999999974,153.5,300.23500000000013,710.1290000000007,4370.3000000000002,276.62966,5000,200,50000,TARGET_FRAME_ERRORS_REACHED,0,0,0,1,ede7136f80ed4209166da91ffb291e68b510cddffd713261337a306ae4915aed,WORKTREE
bch.s2.impairment.result.v1,S2_05,RESIDUAL_CFO,BCH-B300-426,WHOLE_BLOCK_SHORTENED,BERLEKAMP_MASSEY_CHIEN,300,426,0.70422535211267601,3.3999999999999999,1.8771165561694347,2,45,30,NONE,0,0,1,UNIFORM_RANDOM,PURE,1,UNIFORM_RANDOM,POST_HARD_DECISION_BIT_FLIP,1,5000,1500000,423259,5000,0.1987131455399061,247414,5000,0.16494266666666665,1,0,0,0,0,0,0,5000,1,167.28661999999986,152.90000000000001,233.40000000000001,539.66100000000142,2387.9000000000001,265.72073999999958,5000,200,50000,TARGET_FRAME_ERRORS_REACHED,0,0,0,1,525b2a3dd86c72d05f169773b56f1d2f83c0238300942cd97f350090959c8215,WORKTREE
bch.s2.impairment.result.v1,S2_05,RESIDUAL_CFO,BCH-B300-426,WHOLE_BLOCK_SHORTENED,BERLEKAMP_MASSEY_CHIEN,300,426,0.70422535211267601,3.3999999999999999,1.8771165561694347,2,90,30,NONE,0,0,1,UNIFORM_RANDOM,PURE,1,UNIFORM_RANDOM,POST_HARD_DECISION_BIT_FLIP,1,5000,1500000,1423973,5000,0.66853192488262914,935873,5000,0.62391533333333338,1,0,0,0,0,0,0,5000,1,200.6052,153.30000000000001,354.51000000000005,1104.7710000000059,32121.400000000001,312.19231999999948,5000,200,50000,TARGET_FRAME_ERRORS_REACHED,0,0,0,1,64d60987561182b9707314baf49caf43ce15f78fae6c2e335d68f2e3cd4450ad,WORKTREE
bch.s2.impairment.result.v1,S2_05,RESIDUAL_CFO,BCH-B300-426,WHOLE_BLOCK_SHORTENED,BERLEKAMP_MASSEY_CHIEN,300,426,0.70422535211267601,3.3999999999999999,1.8771165561694347,2,135,30,NONE,0,0,1,UNIFORM_RANDOM,PURE,1,UNIFORM_RANDOM,POST_HARD_DECISION_BIT_FLIP,1,5000,1500000,1984605,5000,0.93173943661971836,1385734,5000,0.92382266666666668,1,0,0,0,0,0,0,5000,1,210.82571999999971,159.19999999999999,393.73000000000008,1134.5870000000018,8301.6000000000004,332.73262000000125,5000,200,50000,TARGET_FRAME_ERRORS_REACHED,0,0,0,1,0fd5e384ece62cee6dd5530b4f9d48772162044a1bd78493f3b2be260eaef06d,WORKTREE
bch.s2.impairment.result.v1,S2_05,RESIDUAL_CFO,BCH-B300-426,WHOLE_BLOCK_SHORTENED,BERLEKAMP_MASSEY_CHIEN,300,426,0.70422535211267601,3.6000000000000001,2.0771165561694351,2,0,30,NONE,0,0,1,UNIFORM_RANDOM,PURE,1,UNIFORM_RANDOM,POST_HARD_DECISION_BIT_FLIP,1,5000,1500000,92489,5000,0.043422065727699528,52622,4151,0.035081333333333332,0.83020000000000005,849,0.16980000000000001,849,0.16980000000000001,0,0,4151,0.83020000000000005,216.83816000000033,156.80000000000001,345.53500000000014,1067.8540000000055,16005.700000000001,329.02769999999992,5000,200,50000,TARGET_FRAME_ERRORS_REACHED,0,0,0,1,aaa09d3ec6ad39a953d56a029959d9ec41329c8c57f55c7cd37756262b4e48d0,WORKTREE
bch.s2.impairment.result.v1,S2_05,RESIDUAL_CFO,BCH-B300-426,WHOLE_BLOCK_SHORTENED,BERLEKAMP_MASSEY_CHIEN,300,426,0.70422535211267601,3.6000000000000001,2.0771165561694351,2,45,30,NONE,0,0,1,UNIFORM_RANDOM,PURE,1,UNIFORM_RANDOM,POST_HARD_DECISION_BIT_FLIP,1,5000,1500000,412163,5000,0.1935037558685446,238599,5000,0.15906600000000001,1,0,0,0,0,0,0,5000,1,235.64119999999954,156.90000000000001,388.005,1085.0050000000024,39101.300000000003,368.26970000000046,5000,200,50000,TARGET_FRAME_ERRORS_REACHED,0,0,0,1,ecf26ff3e93c4e99a58f5229771e1a49a05932204e9c81d82b67dfdb66c044e3,WORKTREE
bch.s2.impairment.result.v1,S2_05,RESIDUAL_CFO,BCH-B300-426,WHOLE_BLOCK_SHORTENED,BERLEKAMP_MASSEY_CHIEN,300,426,0.70422535211267601,3.6000000000000001,2.0771165561694351,2,90,30,NONE,0,0,1,UNIFORM_RANDOM,PURE,1,UNIFORM_RANDOM,POST_HARD_DECISION_BIT_FLIP,1,5000,1500000,1430596,5000,0.67164131455399056,938952,5000,0.62596799999999997,1,0,0,0,0,0,0,5000,1,185.62641999999994,154.59999999999999,254.72000000000006,722.30700000000013,21313,288.71950000000032,5000,200,50000,TARGET_FRAME_ERRORS_REACHED,0,0,0,1,9ec23485f65d829e67561666146f43a258c1adb52b0a17f7c1632425fe7af43a,WORKTREE
bch.s2.impairment.result.v1,S2_05,RESIDUAL_CFO,BCH-B300-426,WHOLE_BLOCK_SHORTENED,BERLEKAMP_MASSEY_CHIEN,300,426,0.70422535211267601,3.6000000000000001,2.0771165561694351,2,135,30,NONE,0,0,1,UNIFORM_RANDOM,PURE,1,UNIFORM_RANDOM,POST_HARD_DECISION_BIT_FLIP,1,5000,1500000,1994774,5000,0.93651361502347419,1393077,5000,0.92871800000000004,1,0,0,0,0,0,0,5000,1,165.89242000000041,151.40000000000001,225.75000000000017,506.86900000000367,4326.8999999999996,255.9837599999999,5000,200,50000,TARGET_FRAME_ERRORS_REACHED,0,0,0,1,641539a4e1a8e77c97e872b5c074b54b5a3708c1791def76e9a2a81adbf575ca,WORKTREE
bch.s2.impairment.result.v1,S2_05,RESIDUAL_CFO,BCH-B300-426,WHOLE_BLOCK_SHORTENED,BERLEKAMP_MASSEY_CHIEN,300,426,0.70422535211267601,3.7999999999999998,2.2771165561694344,2,0,30,NONE,0,0,1,UNIFORM_RANDOM,PURE,1,UNIFORM_RANDOM,POST_HARD_DECISION_BIT_FLIP,1,5000,1500000,84992,5000,0.039902347417840378,43602,3627,0.029068,0.72540000000000004,1373,0.27460000000000001,1373,0.27460000000000001,0,0,3627,0.72540000000000004,155.69303999999991,146.5,215.31500000000008,484.9290000000006,2025.9000000000001,239.75481999999965,5000,200,50000,TARGET_FRAME_ERRORS_REACHED,0,0,0,1,df98898043f98acc303808ea50ba7e0d5f4a368b77b195e1817b9b6276cb4573,WORKTREE
bch.s2.impairment.result.v1,S2_05,RESIDUAL_CFO,BCH-B300-426,WHOLE_BLOCK_SHORTENED,BERLEKAMP_MASSEY_CHIEN,300,426,0.70422535211267601,3.7999999999999998,2.2771165561694344,2,45,30,NONE,0,0,1,UNIFORM_RANDOM,PURE,1,UNIFORM_RANDOM,POST_HARD_DECISION_BIT_FLIP,1,5000,1500000,400755,5000,0.18814788732394366,230288,5000,0.15352533333333335,1,0,0,0,0,0,0,5000,1,166.00863999999984,150.40000000000001,236.64500000000015,604.46300000000133,4886.6000000000004,266.12323999999927,5000,200,50000,TARGET_FRAME_ERRORS_REACHED,0,0,0,1,1e35738596747fb62188bd53299bf43b93af4847730bb71ed09946329926b720,WORKTREE
bch.s2.impairment.result.v1,S2_05,RESIDUAL_CFO,BCH-B300-426,WHOLE_BLOCK_SHORTENED,BERLEKAMP_MASSEY_CHIEN,300,426,0.70422535211267601,3.7999999999999998,2.2771165561694344,2,90,30,NONE,0,0,1,UNIFORM_RANDOM,PURE,1,UNIFORM_RANDOM,POST_HARD_DECISION_BIT_FLIP,1,5000,1500000,1438283,5000,0.67525023474178403,943737,5000,0.629158,1,0,0,0,0,0,0,5000,1,173.77356,151.90000000000001,262.34000000000015,708.99500000000205,3171.4000000000001,284.86399999999975,5000,200,50000,TARGET_FRAME_ERRORS_REACHED,0,0,0,1,19d65feedeb6841e6e7c7fe84d602b25e93f194d80458a0fcf363b319e1d2319,WORKTREE
bch.s2.impairment.result.v1,S2_05,RESIDUAL_CFO,BCH-B300-426,WHOLE_BLOCK_SHORTENED,BERLEKAMP_MASSEY_CHIEN,300,426,0.70422535211267601,3.7999999999999998,2.2771165561694344,2,135,30,NONE,0,0,1,UNIFORM_RANDOM,PURE,1,UNIFORM_RANDOM,POST_HARD_DECISION_BIT_FLIP,1,5000,1500000,2003387,5000,0.94055727699530511,1399648,5000,0.93309866666666663,1,0,0,0,0,0,0,5000,1,153.63640000000066,145.40000000000001,211.40500000000003,461.71100000000018,1460.0999999999999,240.00511999999955,5000,200,50000,TARGET_FRAME_ERRORS_REACHED,0,0,0,1,cff597c0b89b7bb209757363102fe3b88c3712ffa0d535e5ce33b29c1ae90b27,WORKTREE
bch.s2.impairment.result.v1,S2_05,RESIDUAL_CFO,BCH-B300-426,WHOLE_BLOCK_SHORTENED,BERLEKAMP_MASSEY_CHIEN,300,426,0.70422535211267601,4,2.4771165561694346,2,0,30,NONE,0,0,1,UNIFORM_RANDOM,PURE,1,UNIFORM_RANDOM,POST_HARD_DECISION_BIT_FLIP,1,5000,1500000,78465,5000,0.036838028169014082,34868,3017,0.023245333333333333,0.60340000000000005,1983,0.39660000000000001,1983,0.39660000000000001,0,0,3017,0.60340000000000005,154.55321999999995,141.09999999999999,211.84000000000017,478.26800000000145,10208,235.83321999999987,5000,200,50000,TARGET_FRAME_ERRORS_REACHED,0,0,0,1,3c3dc0fbb60b0b9e131293c81d683e07118ea870166a927b7dc263949f306131,WORKTREE
bch.s2.impairment.result.v1,S2_05,RESIDUAL_CFO,BCH-B300-426,WHOLE_BLOCK_SHORTENED,BERLEKAMP_MASSEY_CHIEN,300,426,0.70422535211267601,4,2.4771165561694346,2,45,30,NONE,0,0,1,UNIFORM_RANDOM,PURE,1,UNIFORM_RANDOM,POST_HARD_DECISION_BIT_FLIP,1,5000,1500000,390356,5000,0.18326572769953051,222015,5000,0.14801,1,0,0,0,0,0,0,5000,1,151.64548000000019,142.69999999999999,202.22000000000006,447.84800000000109,2331.0999999999999,236.03242000000026,5000,200,50000,TARGET_FRAME_ERRORS_REACHED,0,0,0,1,b75a27050694e99236cd96ccaf217e6b6b86fee3aa3028855c65ed376cb2ef66,WORKTREE
bch.s2.impairment.result.v1,S2_05,RESIDUAL_CFO,BCH-B300-426,WHOLE_BLOCK_SHORTENED,BERLEKAMP_MASSEY_CHIEN,300,426,0.70422535211267601,4,2.4771165561694346,2,90,30,NONE,0,0,1,UNIFORM_RANDOM,PURE,1,UNIFORM_RANDOM,POST_HARD_DECISION_BIT_FLIP,1,5000,1500000,1445632,5000,0.6787004694835681,947786,5000,0.63185733333333338,1,0,0,0,0,0,0,5000,1,144.93633999999975,134.5,191.80500000000004,338.8120000000003,1472.3,228.40289999999945,5000,200,50000,TARGET_FRAME_ERRORS_REACHED,0,0,0,1,bc63b4af4ccf2cb27338c6eb4708d7c18b02a2ad521e68672d3bf8e2edb4e9ee,WORKTREE
bch.s2.impairment.result.v1,S2_05,RESIDUAL_CFO,BCH-B300-426,WHOLE_BLOCK_SHORTENED,BERLEKAMP_MASSEY_CHIEN,300,426,0.70422535211267601,4,2.4771165561694346,2,135,30,NONE,0,0,1,UNIFORM_RANDOM,PURE,1,UNIFORM_RANDOM,POST_HARD_DECISION_BIT_FLIP,1,5000,1500000,2011840,5000,0.9445258215962441,1405900,5000,0.93726666666666669,1,0,0,0,0,0,0,5000,1,147.86243999999976,136.69999999999999,195.00500000000002,362.36800000000153,3481.8000000000002,231.42427999999975,5000,200,50000,TARGET_FRAME_ERRORS_REACHED,0,0,0,1,289da542240f14037a61eeeaefaf243b3d5ac8a99b85a210c794eef71a81aaf7,WORKTREE
bch.s2.impairment.result.v1,S2_05,RESIDUAL_CFO,BCH-B300-426,WHOLE_BLOCK_SHORTENED,BERLEKAMP_MASSEY_CHIEN,300,426,0.70422535211267601,4.2000000000000002,2.6771165561694348,2,0,30,NONE,0,0,1,UNIFORM_RANDOM,PURE,1,UNIFORM_RANDOM,POST_HARD_DECISION_BIT_FLIP,1,5000,1500000,71309,5000,0.033478403755868545,25168,2283,0.016778666666666667,0.45660000000000001,2717,0.54339999999999999,2717,0.54339999999999999,0,0,2283,0.45660000000000001,171.92562000000001,151,263.85000000000019,647.448000000001,4594.6999999999998,265.76517999999999,5000,200,50000,TARGET_FRAME_ERRORS_REACHED,0,0,0,1,6f1524ebb1d3da9f9fe319aea36ff5c1152415729bd29eaae3ee2d18976e52bd,WORKTREE
bch.s2.impairment.result.v1,S2_05,RESIDUAL_CFO,BCH-B300-426,WHOLE_BLOCK_SHORTENED,BERLEKAMP_MASSEY_CHIEN,300,426,0.70422535211267601,4.2000000000000002,2.6771165561694348,2,45,30,NONE,0,0,1,UNIFORM_RANDOM,PURE,1,UNIFORM_RANDOM,POST_HARD_DECISION_BIT_FLIP,1,5000,1500000,381029,5000,0.17888685446009389,215242,5000,0.14349466666666666,1,0,0,0,0,0,0,5000,1,162.02619999999982,149.5,241.4250000000001,541.7300000000007,1328.5999999999999,254.59346000000042,5000,200,50000,TARGET_FRAME_ERRORS_REACHED,0,0,0,1,40389fbfbbe762063aec16fa37332804dc28c82531854f6233a889e18d42cd84,WORKTREE
bch.s2.impairment.result.v1,S2_05,RESIDUAL_CFO,BCH-B300-426,WHOLE_BLOCK_SHORTENED,BERLEKAMP_MASSEY_CHIEN,300,426,0.70422535211267601,4.2000000000000002,2.6771165561694348,2,90,30,NONE,0,0,1,UNIFORM_RANDOM,PURE,1,UNIFORM_RANDOM,POST_HARD_DECISION_BIT_FLIP,1,5000,1500000,1454250,5000,0.68274647887323947,952698,5000,0.63513200000000003,1,0,0,0,0,0,0,5000,1,152.50037999999981,147,207.41000000000005,390.29800000000211,1061.8,240.19127999999992,5000,200,50000,TARGET_FRAME_ERRORS_REACHED,0,0,0,1,22c68c0d622fb520c61b594b5145e49e3ff248d482a922c755f9ba4459d8cd2f,WORKTREE
bch.s2.impairment.result.v1,S2_05,RESIDUAL_CFO,BCH-B300-426,WHOLE_BLOCK_SHORTENED,BERLEKAMP_MASSEY_CHIEN,300,426,0.70422535211267601,4.2000000000000002,2.6771165561694348,2,135,30,NONE,0,0,1,UNIFORM_RANDOM,PURE,1,UNIFORM_RANDOM,POST_HARD_DECISION_BIT_FLIP,1,5000,1500000,2020164,5000,0.94843380281690137,1412235,5000,0.94149000000000005,1,0,0,0,0,0,0,5000,1,178.45955999999936,154.05000000000001,261.33000000000015,642.20800000000247,9065.8999999999996,279.64109999999954,5000,200,50000,TARGET_FRAME_ERRORS_REACHED,0,0,0,1,b1b1d9eaa9e413c33fc69e982f0e5cb8298a61b6403f36a8e5ad38d3597a182a,WORKTREE
bch.s2.impairment.result.v1,S2_05,RESIDUAL_CFO,BCH-B300-426,WHOLE_BLOCK_SHORTENED,BERLEKAMP_MASSEY_CHIEN,300,426,0.70422535211267601,4.4000000000000004,2.877116556169435,2,0,30,NONE,0,0,1,UNIFORM_RANDOM,PURE,1,UNIFORM_RANDOM,POST_HARD_DECISION_BIT_FLIP,1,5000,1500000,64919,5000,0.030478403755868546,17356,1629,0.011570666666666667,0.32579999999999998,3371,0.67420000000000002,3371,0.67420000000000002,0,0,1629,0.32579999999999998,145.40768000000006,134.5,204.70499999999998,346.71900000000039,3169.4000000000001,223.91735999999963,5000,200,50000,TARGET_FRAME_ERRORS_REACHED,0,0,0,1,d71238ba984e4f7b18e5b32e3b31c699dd0445cc7d58e456c090b43e392bfeb5,WORKTREE
bch.s2.impairment.result.v1,S2_05,RESIDUAL_CFO,BCH-B300-426,WHOLE_BLOCK_SHORTENED,BERLEKAMP_MASSEY_CHIEN,300,426,0.70422535211267601,4.4000000000000004,2.877116556169435,2,45,30,NONE,0,0,1,UNIFORM_RANDOM,PURE,1,UNIFORM_RANDOM,POST_HARD_DECISION_BIT_FLIP,1,5000,1500000,367827,5000,0.17268873239436619,205959,5000,0.13730600000000001,1,0,0,0,0,0,0,5000,1,149.80194000000003,140.69999999999999,199.90000000000001,385.83600000000081,3883.5,233.06305999999995,5000,200,50000,TARGET_FRAME_ERRORS_REACHED,0,0,0,1,2d290fd1a880443468cdd4e502b4347b98e06989bc2cc4a6d71b4c064f994362,WORKTREE
bch.s2.impairment.result.v1,S2_05,RESIDUAL_CFO,BCH-B300-426,WHOLE_BLOCK_SHORTENED,BERLEKAMP_MASSEY_CHIEN,300,426,0.70422535211267601,4.4000000000000004,2.877116556169435,2,90,30,NONE,0,0,1,UNIFORM_RANDOM,PURE,1,UNIFORM_RANDOM,POST_HARD_DECISION_BIT_FLIP,1,5000,1500000,1460210,5000,0.68554460093896719,955091,5000,0.63672733333333331,1,0,0,0,0,0,0,5000,1,140.95276000000018,128.19999999999999,182.20499999999998,288.61500000000035,870.60000000000002,222.81983999999989,5000,200,50000,TARGET_FRAME_ERRORS_REACHED,0,0,0,1,fd6910cb99417903019ee7ddf3004a71b9548228adeacde8c97c4ca3e57356fd,WORKTREE
bch.s2.impairment.result.v1,S2_05,RESIDUAL_CFO,BCH-B300-426,WHOLE_BLOCK_SHORTENED,BERLEKAMP_MASSEY_CHIEN,300,426,0.70422535211267601,4.4000000000000004,2.877116556169435,2,135,30,NONE,0,0,1,UNIFORM_RANDOM,PURE,1,UNIFORM_RANDOM,POST_HARD_DECISION_BIT_FLIP,1,5000,1500000,2028543,5000,0.95236760563380285,1418448,5000,0.94563200000000003,1,0,0,0,0,0,0,5000,1,141.66998000000018,127.3,185.20499999999998,324.32400000000058,2546.0999999999999,221.24140000000014,5000,200,50000,TARGET_FRAME_ERRORS_REACHED,0,0,0,1,376476813efa62903482b0bd289eccee023584fdd50edaf121ef2c15379b54cf,WORKTREE
bch.s2.impairment.result.v1,S2_05,RESIDUAL_CFO,BCH-B300-426,WHOLE_BLOCK_SHORTENED,BERLEKAMP_MASSEY_CHIEN,300,426,0.70422535211267601,4.5999999999999996,3.0771165561694342,2,0,30,NONE,0,0,1,UNIFORM_RANDOM,PURE,1,UNIFORM_RANDOM,POST_HARD_DECISION_BIT_FLIP,1,5000,1500000,58613,5000,0.027517840375586855,10570,1011,0.0070466666666666664,0.20219999999999999,3989,0.79779999999999995,3989,0.79779999999999995,0,0,1011,0.20219999999999999,156.62726000000035,137.90000000000001,243.61000000000001,611.95000000000323,3790.9000000000001,245.77439999999925,5000,200,50000,TARGET_FRAME_ERRORS_REACHED,0,0,0,1,87b8e789742133a4b8c0f3efa044fa9deb95cf7d48621817dd16fdb18971a8de,WORKTREE
bch.s2.impairment.result.v1,S2_05,RESIDUAL_CFO,BCH-B300-426,WHOLE_BLOCK_SHORTENED,BERLEKAMP_MASSEY_CHIEN,300,426,0.70422535211267601,4.5999999999999996,3.0771165561694342,2,45,30,NONE,0,0,1,UNIFORM_RANDOM,PURE,1,UNIFORM_RANDOM,POST_HARD_DECISION_BIT_FLIP,1,5000,1500000,356809,5000,0.16751596244131456,197805,5000,0.13186999999999999,1,0,0,0,0,0,0,5000,1,146.28239999999994,140.5,183,313.3670000000015,2483.5999999999999,228.91632000000038,5000,200,50000,TARGET_FRAME_ERRORS_REACHED,0,0,0,1,8cb0c959bf6ed56cb75a6b7259fca11a4136cb81668d57df1cbd22aecb93f2b3,WORKTREE
bch.s2.impairment.result.v1,S2_05,RESIDUAL_CFO,BCH-B300-426,WHOLE_BLOCK_SHORTENED,BERLEKAMP_MASSEY_CHIEN,300,426,0.70422535211267601,4.5999999999999996,3.0771165561694342,2,90,30,NONE,0,0,1,UNIFORM_RANDOM,PURE,1,UNIFORM_RANDOM,POST_HARD_DECISION_BIT_FLIP,1,5000,1500000,1468389,5000,0.68938450704225351,959958,5000,0.63997199999999999,1,0,0,0,0,0,0,5000,1,144.38205999999991,131.19999999999999,187.63000000000011,335.70099999999996,1754.7,226.58906000000084,5000,200,50000,TARGET_FRAME_ERRORS_REACHED,0,0,0,1,70b1a27b5dfbe1c7cb4a2d28589bae4170f3c92636fdfaa1dc4564fd6be74152,WORKTREE
bch.s2.impairment.result.v1,S2_05,RESIDUAL_CFO,BCH-B300-426,WHOLE_BLOCK_SHORTENED,BERLEKAMP_MASSEY_CHIEN,300,426,0.70422535211267601,4.5999999999999996,3.0771165561694342,2,135,30,NONE,0,0,1,UNIFORM_RANDOM,PURE,1,UNIFORM_RANDOM,POST_HARD_DECISION_BIT_FLIP,1,5000,1500000,2036062,5000,0.95589765258215964,1424449,5000,0.94963266666666668,1,0,0,0,0,0,0,5000,1,174.16699999999963,150.40000000000001,262.60500000000002,637.53500000000292,9275.2000000000007,271.81621999999942,5000,200,50000,TARGET_FRAME_ERRORS_REACHED,0,0,0,1,af79652ced430751aeab69261bf75d9326e587cca25d5a77b66b269bac14214d,WORKTREE
bch.s2.impairment.result.v1,S2_05,RESIDUAL_CFO,BCH-B300-426,WHOLE_BLOCK_SHORTENED,BERLEKAMP_MASSEY_CHIEN,300,426,0.70422535211267601,4.7999999999999998,3.2771165561694344,2,0,30,NONE,0,0,1,UNIFORM_RANDOM,PURE,1,UNIFORM_RANDOM,POST_HARD_DECISION_BIT_FLIP,1,5000,1500000,52840,5000,0.024807511737089203,5900,588,0.003933333333333333,0.1176,4412,0.88239999999999996,4412,0.88239999999999996,0,0,588,0.1176,134.70001999999948,124.2,186.41000000000005,346.10200000000003,5889.6999999999998,212.98207999999946,5000,200,50000,TARGET_FRAME_ERRORS_REACHED,0,0,0,1,58a6a89f212d01b43d56a68e69bd89491adcf6774dc59ca2f71d43e702b455da,WORKTREE
bch.s2.impairment.result.v1,S2_05,RESIDUAL_CFO,BCH-B300-426,WHOLE_BLOCK_SHORTENED,BERLEKAMP_MASSEY_CHIEN,300,426,0.70422535211267601,4.7999999999999998,3.2771165561694344,2,45,30,NONE,0,0,1,UNIFORM_RANDOM,PURE,1,UNIFORM_RANDOM,POST_HARD_DECISION_BIT_FLIP,1,5000,1500000,346447,5000,0.16265117370892018,189987,5000,0.12665799999999999,1,0,0,0,0,0,0,5000,1,143.45233999999934,131.40000000000001,183.71000000000001,320.02400000000051,2197.1999999999998,225.30346,5000,200,50000,TARGET_FRAME_ERRORS_REACHED,0,0,0,1,6203705ffd0042560b735ed6a20277e899a22b5ebd5cdc221e85e7f2f022ebe7,WORKTREE
bch.s2.impairment.result.v1,S2_05,RESIDUAL_CFO,BCH-B300-426,WHOLE_BLOCK_SHORTENED,BERLEKAMP_MASSEY_CHIEN,300,426,0.70422535211267601,4.7999999999999998,3.2771165561694344,2,90,30,NONE,0,0,1,UNIFORM_RANDOM,PURE,1,UNIFORM_RANDOM,POST_HARD_DECISION_BIT_FLIP,1,5000,1500000,1476884,5000,0.69337276995305164,965158,5000,0.64343866666666671,1,0,0,0,0,0,0,5000,1,158.57928000000024,140.80000000000001,240.3250000000001,633.50000000000216,3359.1999999999998,250.35321999999931,5000,200,50000,TARGET_FRAME_ERRORS_REACHED,0,0,0,1,61adefd614716693fd6e8e0eeb8a7cfa959b5673e4bf857839c060f83507462b,WORKTREE
bch.s2.impairment.result.v1,S2_05,RESIDUAL_CFO,BCH-B300-426,WHOLE_BLOCK_SHORTENED,BERLEKAMP_MASSEY_CHIEN,300,426,0.70422535211267601,4.7999999999999998,3.2771165561694344,2,135,30,NONE,0,0,1,UNIFORM_RANDOM,PURE,1,UNIFORM_RANDOM,POST_HARD_DECISION_BIT_FLIP,1,5000,1500000,2043980,5000,0.95961502347417837,1430437,5000,0.95362466666666668,1,0,0,0,0,0,0,5000,1,143.14311999999973,137.19999999999999,179.30000000000001,294.11800000000039,1095,222.81405999999987,5000,200,50000,TARGET_FRAME_ERRORS_REACHED,0,0,0,1,03912c08490ae2d2e4362cc1634332008416be5afe2b744e0fe660f6e3f167b1,WORKTREE
bch.s2.impairment.result.v1,S2_05,RESIDUAL_CFO,BCH-B300-426,WHOLE_BLOCK_SHORTENED,BERLEKAMP_MASSEY_CHIEN,300,426,0.70422535211267601,5,3.4771165561694346,2,0,30,NONE,0,0,1,UNIFORM_RANDOM,PURE,1,UNIFORM_RANDOM,POST_HARD_DECISION_BIT_FLIP,1,5000,1500000,47762,5000,0.022423474178403756,2957,299,0.0019713333333333332,0.059799999999999999,4701,0.94020000000000004,4701,0.94020000000000004,0,0,299,0.059799999999999999,117.68673999999999,113.09999999999999,157.70499999999998,239.94900000000109,869.79999999999995,190.53197999999969,5000,200,50000,TARGET_FRAME_ERRORS_REACHED,0,0,0,1,2d2574bb9537a28bcc45f19c26ee0d2c4ed666b872c4386d4067f291808f84b0,WORKTREE
bch.s2.impairment.result.v1,S2_05,RESIDUAL_CFO,BCH-B300-426,WHOLE_BLOCK_SHORTENED,BERLEKAMP_MASSEY_CHIEN,300,426,0.70422535211267601,5,3.4771165561694346,2,45,30,NONE,0,0,1,UNIFORM_RANDOM,PURE,1,UNIFORM_RANDOM,POST_HARD_DECISION_BIT_FLIP,1,5000,1500000,335086,5000,0.15731737089201878,182165,5000,0.12144333333333333,1,0,0,0,0,0,0,5000,1,145.96694000000005,140.69999999999999,188.10500000000002,308.73300000000069,1021.3,229.3020600000003,5000,200,50000,TARGET_FRAME_ERRORS_REACHED,0,0,0,1,ce47209d91698a4bc59faf2ed597c32188b7668cfdef38d386d5d692378bc552,WORKTREE
bch.s2.impairment.result.v1,S2_05,RESIDUAL_CFO,BCH-B300-426,WHOLE_BLOCK_SHORTENED,BERLEKAMP_MASSEY_CHIEN,300,426,0.70422535211267601,5,3.4771165561694346,2,90,30,NONE,0,0,1,UNIFORM_RANDOM,PURE,1,UNIFORM_RANDOM,POST_HARD_DECISION_BIT_FLIP,1,5000,1500000,1484555,5000,0.69697417840375586,969341,5000,0.64622733333333338,1,0,0,0,0,0,0,5000,1,164.81800000000001,149.5,252.55000000000018,585.55000000000109,2531.8000000000002,261.29943999999989,5000,200,50000,TARGET_FRAME_ERRORS_REACHED,0,0,0,1,9348a0bb82c86754ad37d1c1445afcf51118277aece4c91137a4727a3fe37dd5,WORKTREE
bch.s2.impairment.result.v1,S2_05,RESIDUAL_CFO,BCH-B300-426,WHOLE_BLOCK_SHORTENED,BERLEKAMP_MASSEY_CHIEN,300,426,0.70422535211267601,5,3.4771165561694346,2,135,30,NONE,0,0,1,UNIFORM_RANDOM,PURE,1,UNIFORM_RANDOM,POST_HARD_DECISION_BIT_FLIP,1,5000,1500000,2050769,5000,0.96280234741784032,1435509,5000,0.95700600000000002,1,0,0,0,0,0,0,5000,1,140.32588000000013,127.90000000000001,181.59999999999999,305.53500000000076,1032.7,218.75980000000018,5000,200,50000,TARGET_FRAME_ERRORS_REACHED,0,0,0,1,347b0356643fc16c9a189524bac4f87dfea7635eaa7fd6a8813105fd3241e5c8,WORKTREE
bch.s2.impairment.result.v1,S2_05,RESIDUAL_CFO,BCH-B300-426,WHOLE_BLOCK_SHORTENED,BERLEKAMP_MASSEY_CHIEN,300,426,0.70422535211267601,5.2000000000000002,3.6771165561694348,2,0,30,NONE,0,0,1,UNIFORM_RANDOM,PURE,1,UNIFORM_RANDOM,POST_HARD_DECISION_BIT_FLIP,1,8146,2443800,69162,8144,0.019930286358465055,1988,200,0.00081348719207791141,0.024551927326295114,7946,0.97544807267370492,7946,0.97544807267370492,0,0,200,0.024551927326295114,114.01761600785663,108.8,155.59999999999999,232.11000000000041,1300.3,186.73132825926837,5000,200,50000,TARGET_FRAME_ERRORS_REACHED,0,0,0,1,7bfd0682f1ed168fda0f89b2d9dcc46bb5e395635f5a843d4b2679a38bd09ed0,WORKTREE
bch.s2.impairment.result.v1,S2_05,RESIDUAL_CFO,BCH-B300-426,WHOLE_BLOCK_SHORTENED,BERLEKAMP_MASSEY_CHIEN,300,426,0.70422535211267601,5.2000000000000002,3.6771165561694348,2,45,30,NONE,0,0,1,UNIFORM_RANDOM,PURE,1,UNIFORM_RANDOM,POST_HARD_DECISION_BIT_FLIP,1,5000,1500000,325399,5000,0.15276948356807513,175241,5000,0.11682733333333334,1,0,0,0,0,0,0,5000,1,136.87627999999992,125.7,172.80000000000001,260.09300000000201,877.10000000000002,214.7441199999997,5000,200,50000,TARGET_FRAME_ERRORS_REACHED,0,0,0,1,1e9dbeb4a90824b551d9488a4a3b0b0b4ccd445e414b9dad1afed0927852af45,WORKTREE
bch.s2.impairment.result.v1,S2_05,RESIDUAL_CFO,BCH-B300-426,WHOLE_BLOCK_SHORTENED,BERLEKAMP_MASSEY_CHIEN,300,426,0.70422535211267601,5.2000000000000002,3.6771165561694348,2,90,30,NONE,0,0,1,UNIFORM_RANDOM,PURE,1,UNIFORM_RANDOM,POST_HARD_DECISION_BIT_FLIP,1,5000,1500000,1492619,5000,0.70076009389671357,973837,5000,0.64922466666666667,1,0,0,0,0,0,0,5000,1,137.15819999999974,126.2,176.90000000000001,253.10800000000015,1163.7,215.93358000000069,5000,200,50000,TARGET_FRAME_ERRORS_REACHED,0,0,0,1,3fa091d9a767928c3f47726a769ed99c1360ca429e419480d0fb800e11bbbdcf,WORKTREE
bch.s2.impairment.result.v1,S2_05,RESIDUAL_CFO,BCH-B300-426,WHOLE_BLOCK_SHORTENED,BERLEKAMP_MASSEY_CHIEN,300,426,0.70422535211267601,5.2000000000000002,3.6771165561694348,2,135,30,NONE,0,0,1,UNIFORM_RANDOM,PURE,1,UNIFORM_RANDOM,POST_HARD_DECISION_BIT_FLIP,1,5000,1500000,2057433,5000,0.96593098591549298,1440666,5000,0.96044399999999996,1,0,0,0,0,0,0,5000,1,140.0748600000002,129.19999999999999,177,270.80200000000008,1965.5999999999999,218.29985999999977,5000,200,50000,TARGET_FRAME_ERRORS_REACHED,0,0,0,1,cf2379d888ab4eb3248621f0e5db811f11e255cac1668155107a168464502086,WORKTREE
bch.s2.impairment.result.v1,S2_05,RESIDUAL_CFO,BCH-B300-426,WHOLE_BLOCK_SHORTENED,BERLEKAMP_MASSEY_CHIEN,300,426,0.70422535211267601,5.4000000000000004,3.877116556169435,2,0,30,NONE,0,0,1,UNIFORM_RANDOM,PURE,1,UNIFORM_RANDOM,POST_HARD_DECISION_BIT_FLIP,1,20143,6042900,152588,20134,0.017782246608113492,1941,200,0.00032120339572059772,0.009929007595690811,19943,0.99007099240430918,19943,0.99007099240430918,0,0,200,0.009929007595690811,109.19858511641783,104.2,150.40000000000001,215.85799999999983,2152.5,181.24099190785816,5000,200,50000,TARGET_FRAME_ERRORS_REACHED,0,0,0,1,4bc00c42c1bbb08397e17f0b13fa27d25635c9a3907b978a8f4d52a0b6bcd85a,WORKTREE
bch.s2.impairment.result.v1,S2_05,RESIDUAL_CFO,BCH-B300-426,WHOLE_BLOCK_SHORTENED,BERLEKAMP_MASSEY_CHIEN,300,426,0.70422535211267601,5.4000000000000004,3.877116556169435,2,45,30,NONE,0,0,1,UNIFORM_RANDOM,PURE,1,UNIFORM_RANDOM,POST_HARD_DECISION_BIT_FLIP,1,5000,1500000,313517,5000,0.14719107981220658,166539,5000,0.111026,1,0,0,0,0,0,0,5000,1,153.96290000000008,142.90000000000001,211.65000000000018,499.60600000000233,3034.5,242.13452000000029,5000,200,50000,TARGET_FRAME_ERRORS_REACHED,0,0,0,1,9cdd50a98b2a685c801d251a3b6a831247d3310d3b0e4bf28d4d404a8fdcdf4f,WORKTREE
bch.s2.impairment.result.v1,S2_05,RESIDUAL_CFO,BCH-B300-426,WHOLE_BLOCK_SHORTENED,BERLEKAMP_MASSEY_CHIEN,300,426,0.70422535211267601,5.4000000000000004,3.877116556169435,2,90,30,NONE,0,0,1,UNIFORM_RANDOM,PURE,1,UNIFORM_RANDOM,POST_HARD_DECISION_BIT_FLIP,1,5000,1500000,1501707,5000,0.70502676056338032,979034,5000,0.65268933333333334,1,0,0,0,0,0,0,5000,1,145.79384000000016,132.44999999999999,193.5,399.64200000000091,1380.3,229.58139999999915,5000,200,50000,TARGET_FRAME_ERRORS_REACHED,0,0,0,1,a8e497e5f67891a129f0e348c04d90784674c766c7db234a7522ba9941a91ed9,WORKTREE
bch.s2.impairment.result.v1,S2_05,RESIDUAL_CFO,BCH-B300-426,WHOLE_BLOCK_SHORTENED,BERLEKAMP_MASSEY_CHIEN,300,426,0.70422535211267601,5.4000000000000004,3.877116556169435,2,135,30,NONE,0,0,1,UNIFORM_RANDOM,PURE,1,UNIFORM_RANDOM,POST_HARD_DECISION_BIT_FLIP,1,5000,1500000,2063602,5000,0.96882723004694837,1445347,5000,0.96356466666666662,1,0,0,0,0,0,0,5000,1,155.33317999999983,132.40000000000001,213.31000000000006,518.3180000000026,4808.8000000000002,241.91499999999968,5000,200,50000,TARGET_FRAME_ERRORS_REACHED,0,0,0,1,76dd57c99a9f824ebc6816d05c7e89f44330f5e9fe7ccc7ad7b01cbed130e359,WORKTREE
bch.s2.impairment.result.v1,S2_05,RESIDUAL_CFO,BCH-B300-426,WHOLE_BLOCK_SHORTENED,BERLEKAMP_MASSEY_CHIEN,300,426,0.70422535211267601,5.5999999999999996,4.0771165561694342,2,0,30,NONE,0,0,1,UNIFORM_RANDOM,PURE,1,UNIFORM_RANDOM,POST_HARD_DECISION_BIT_FLIP,1,50000,15000000,336735,49946,0.015809154929577466,1733,180,0.00011553333333333333,0.0035999999999999999,49820,0.99639999999999995,49820,0.99639999999999995,0,0,180,0.0035999999999999999,110.66151999999944,101.8,154.59999999999999,278.30000000000001,5252.6000000000004,186.48782399999891,5000,200,50000,MAX_FRAMES_REACHED,0,0,0,1,47375762b34c4efe9d6062bea0a07e710dce37751a29571405f14a9c33fc938c,WORKTREE
bch.s2.impairment.result.v1,S2_05,RESIDUAL_CFO,BCH-B300-426,WHOLE_BLOCK_SHORTENED,BERLEKAMP_MASSEY_CHIEN,300,426,0.70422535211267601,5.5999999999999996,4.0771165561694342,2,45,30,NONE,0,0,1,UNIFORM_RANDOM,PURE,1,UNIFORM_RANDOM,POST_HARD_DECISION_BIT_FLIP,1,5000,1500000,303177,5000,0.14233661971830985,159674,5000,0.10644933333333334,1,0,0,0,0,0,0,5000,1,138.0561400000002,125.59999999999999,176.80500000000004,266.21400000000028,3090.6999999999998,216.1673999999999,5000,200,50000,TARGET_FRAME_ERRORS_REACHED,0,0,0,1,49e89fb85415a08ad944bd0ac8f6263e4d42e10404ec1a2e1ef70e20912ab90e,WORKTREE
bch.s2.impairment.result.v1,S2_05,RESIDUAL_CFO,BCH-B300-426,WHOLE_BLOCK_SHORTENED,BERLEKAMP_MASSEY_CHIEN,300,426,0.70422535211267601,5.5999999999999996,4.0771165561694342,2,90,30,NONE,0,0,1,UNIFORM_RANDOM,PURE,1,UNIFORM_RANDOM,POST_HARD_DECISION_BIT_FLIP,1,5000,1500000,1509176,5000,0.70853333333333335,983315,5000,0.65554333333333337,1,0,0,0,0,0,0,5000,1,137.88765999999964,126.3,176.09999999999999,241.32000000000045,1114.3,217.02108000000058,5000,200,50000,TARGET_FRAME_ERRORS_REACHED,0,0,0,1,fbce5af75b2047d6d1eeaa02d35d7e0e96379dde6dabbcfe8b61b77ea6363089,WORKTREE
bch.s2.impairment.result.v1,S2_05,RESIDUAL_CFO,BCH-B300-426,WHOLE_BLOCK_SHORTENED,BERLEKAMP_MASSEY_CHIEN,300,426,0.70422535211267601,5.5999999999999996,4.0771165561694342,2,135,30,NONE,0,0,1,UNIFORM_RANDOM,PURE,1,UNIFORM_RANDOM,POST_HARD_DECISION_BIT_FLIP,1,5000,1500000,2069684,5000,0.9716826291079812,1450231,5000,0.96682066666666666,1,0,0,0,0,0,0,5000,1,139.59105999999986,126.7,180.59999999999999,266.60600000000017,2151.8000000000002,217.36063999999956,5000,200,50000,TARGET_FRAME_ERRORS_REACHED,0,0,0,1,7d04b11932c1f74de9c0880854dadd10fe014bce33aca906fb1cae2083c1a6dd,WORKTREE
bch.s2.impairment.result.v1,S2_05,RESIDUAL_CFO,BCH-B300-426,WHOLE_BLOCK_SHORTENED,BERLEKAMP_MASSEY_CHIEN,300,426,0.70422535211267601,5.7999999999999998,4.2771165561694344,2,0,30,NONE,0,0,1,UNIFORM_RANDOM,PURE,1,UNIFORM_RANDOM,POST_HARD_DECISION_BIT_FLIP,1,50000,15000000,295422,49861,0.013869577464788733,574,63,3.8266666666666664e-05,0.0012600000000000001,49937,0.99873999999999996,49937,0.99873999999999996,0,0,63,0.0012600000000000001,100.78545599999995,93.799999999999997,142.19999999999999,209.70500000000101,2654.8000000000002,174.12814999999944,5000,200,50000,MAX_FRAMES_REACHED,0,0,0,1,44ca516b22d47e72ef45f6f8ecc73b1e5c3706f30b2c381902db3d20552ea694,WORKTREE
bch.s2.impairment.result.v1,S2_05,RESIDUAL_CFO,BCH-B300-426,WHOLE_BLOCK_SHORTENED,BERLEKAMP_MASSEY_CHIEN,300,426,0.70422535211267601,5.7999999999999998,4.2771165561694344,2,45,30,NONE,0,0,1,UNIFORM_RANDOM,PURE,1,UNIFORM_RANDOM,POST_HARD_DECISION_BIT_FLIP,1,5000,1500000,291899,5000,0.13704178403755868,151852,5000,0.10123466666666667,1,0,0,0,0,0,0,5000,1,137.41916000000009,126.2,176.30500000000004,224.25000000000108,1088.2,214.79953999999975,5000,200,50000,TARGET_FRAME_ERRORS_REACHED,0,0,0,1,d62cb2c8cb0d3ac1ae15a64486fcb1d449a1723115faf8865fe8d21cce0f9487,WORKTREE
bch.s2.impairment.result.v1,S2_05,RESIDUAL_CFO,BCH-B300-426,WHOLE_BLOCK_SHORTENED,BERLEKAMP_MASSEY_CHIEN,300,426,0.70422535211267601,5.7999999999999998,4.2771165561694344,2,90,30,NONE,0,0,1,UNIFORM_RANDOM,PURE,1,UNIFORM_RANDOM,POST_HARD_DECISION_BIT_FLIP,1,5000,1500000,1518084,5000,0.7127154929577465,988869,5000,0.659246,1,0,0,0,0,0,0,5000,1,137.21844000000007,126.5,175.5,226.90800000000019,805.5,215.4982999999998,5000,200,50000,TARGET_FRAME_ERRORS_REACHED,0,0,0,1,42147ee3894f9eb8ad1288784ee14bd61bdd8c70d69d0c1e81de283aa0755877,WORKTREE
bch.s2.impairment.result.v1,S2_05,RESIDUAL_CFO,BCH-B300-426,WHOLE_BLOCK_SHORTENED,BERLEKAMP_MASSEY_CHIEN,300,426,0.70422535211267601,5.7999999999999998,4.2771165561694344,2,135,30,NONE,0,0,1,UNIFORM_RANDOM,PURE,1,UNIFORM_RANDOM,POST_HARD_DECISION_BIT_FLIP,1,5000,1500000,2075667,5000,0.97449154929577464,1454842,5000,0.96989466666666668,1,0,0,0,0,0,0,5000,1,143.4685599999998,130,188.80500000000004,339.70400000000006,926.5,223.74937999999943,5000,200,50000,TARGET_FRAME_ERRORS_REACHED,0,0,0,1,388484520e309449332afbb2337d95d7ee9a5565ac2b1ec953a68cab0f298513,WORKTREE
bch.s2.impairment.result.v1,S2_05,RESIDUAL_CFO,BCH-B300-426,WHOLE_BLOCK_SHORTENED,BERLEKAMP_MASSEY_CHIEN,300,426,0.70422535211267601,6,4.4771165561694346,2,0,30,NONE,0,0,1,UNIFORM_RANDOM,PURE,1,UNIFORM_RANDOM,POST_HARD_DECISION_BIT_FLIP,1,50000,15000000,260509,49693,0.012230469483568075,116,12,7.7333333333333327e-06,0.00024000000000000001,49988,0.99975999999999998,49988,0.99975999999999998,0,0,12,0.00024000000000000001,94.572224000000134,88.200000000000003,134,187.2030000000006,1204.4000000000001,165.80633799999873,5000,200,50000,MAX_FRAMES_REACHED,0,0,0,1,6f04611e22d3ae766a34afa3e269e41095451a748d9481260691299219b10bbc,WORKTREE
bch.s2.impairment.result.v1,S2_05,RESIDUAL_CFO,BCH-B300-426,WHOLE_BLOCK_SHORTENED,BERLEKAMP_MASSEY_CHIEN,300,426,0.70422535211267601,6,4.4771165561694346,2,45,30,NONE,0,0,1,UNIFORM_RANDOM,PURE,1,UNIFORM_RANDOM,POST_HARD_DECISION_BIT_FLIP,1,5000,1500000,280881,5000,0.13186901408450705,144040,5000,0.096026666666666663,1,0,0,0,0,0,0,5000,1,134.27406000000033,124.40000000000001,174.40000000000001,235.81000000000023,984.79999999999995,210.49959999999939,5000,200,50000,TARGET_FRAME_ERRORS_REACHED,0,0,0,1,66f4d8acbf2d954660e2cab45375fb44283ae1fcb9ce714c087dde2071e4e550,WORKTREE
bch.s2.impairment.result.v1,S2_05,RESIDUAL_CFO,BCH-B300-426,WHOLE_BLOCK_SHORTENED,BERLEKAMP_MASSEY_CHIEN,300,426,0.70422535211267601,6,4.4771165561694346,2,90,30,NONE,0,0,1,UNIFORM_RANDOM,PURE,1,UNIFORM_RANDOM,POST_HARD_DECISION_BIT_FLIP,1,5000,1500000,1525311,5000,0.71610845070422535,992868,5000,0.66191199999999994,1,0,0,0,0,0,0,5000,1,132.52612000000011,123.3,172.50500000000002,231.00900000000019,845.5,209.08375999999987,5000,200,50000,TARGET_FRAME_ERRORS_REACHED,0,0,0,1,d5ebb2544be3695e5f254102fb54aa71c4e34c6c3ac762a347c0e697719fbdb2,WORKTREE
bch.s2.impairment.result.v1,S2_05,RESIDUAL_CFO,BCH-B300-426,WHOLE_BLOCK_SHORTENED,BERLEKAMP_MASSEY_CHIEN,300,426,0.70422535211267601,6,4.4771165561694346,2,135,30,NONE,0,0,1,UNIFORM_RANDOM,PURE,1,UNIFORM_RANDOM,POST_HARD_DECISION_BIT_FLIP,1,5000,1500000,2080672,5000,0.97684131455399059,1458817,5000,0.97254466666666661,1,0,0,0,0,0,0,5000,1,140.30578000000031,128.09999999999999,181.81000000000006,259.90400000000005,885.20000000000005,217.91093999999998,5000,200,50000,TARGET_FRAME_ERRORS_REACHED,0,0,0,1,31a4f2779ff6452a3f2629bf76bdc4edb3b5a13e09512a4727b3340fa2911a3e,WORKTREE
bch.s2.impairment.result.v1,S2_05,RESIDUAL_CFO,BCH-B300-426,WHOLE_BLOCK_SHORTENED,BERLEKAMP_MASSEY_CHIEN,300,426,0.70422535211267601,3.3999999999999999,1.8771165561694347,2,0,60,NONE,0,0,1,UNIFORM_RANDOM,PURE,1,UNIFORM_RANDOM,POST_HARD_DECISION_BIT_FLIP,1,5000,1500000,171046,5000,0.080303286384976524,84404,5000,0.056269333333333331,1,0,0,0,0,0,0,5000,1,138.46799999999976,126.3,179.50500000000002,245.22200000000046,995.70000000000005,212.00138000000021,5000,200,50000,TARGET_FRAME_ERRORS_REACHED,0,0,0,1,c62c2986ff8526ca6adcb9ad1f713540313b9c7ef5bfe18af20de5951c60f076,WORKTREE
bch.s2.impairment.result.v1,S2_05,RESIDUAL_CFO,BCH-B300-426,WHOLE_BLOCK_SHORTENED,BERLEKAMP_MASSEY_CHIEN,300,426,0.70422535211267601,3.3999999999999999,1.8771165561694347,2,45,60,NONE,0,0,1,UNIFORM_RANDOM,PURE,1,UNIFORM_RANDOM,POST_HARD_DECISION_BIT_FLIP,1,5000,1500000,745463,5000,0.34998262910798122,383798,5000,0.25586533333333333,1,0,0,0,0,0,0,5000,1,137.27838000000023,125.59999999999999,175.80500000000004,266.61200000000025,755.20000000000005,215.9716199999996,5000,200,50000,TARGET_FRAME_ERRORS_REACHED,0,0,0,1,81fdd02219ea880ff2eb2990926c46ffabddb8285a5de83bf5b4170e67014869,WORKTREE
bch.s2.impairment.result.v1,S2_05,RESIDUAL_CFO,BCH-B300-426,WHOLE_BLOCK_SHORTENED,BERLEKAMP_MASSEY_CHIEN,300,426,0.70422535211267601,3.3999999999999999,1.8771165561694347,2,90,60,NONE,0,0,1,UNIFORM_RANDOM,PURE,1,UNIFORM_RANDOM,POST_HARD_DECISION_BIT_FLIP,1,5000,1500000,1655071,5000,0.77702863849765258,1080447,5000,0.72029799999999999,1,0,0,0,0,0,0,5000,1,136.46828000000005,125.8,175.69999999999999,228.01700000000037,817.89999999999998,214.30889999999982,5000,200,50000,TARGET_FRAME_ERRORS_REACHED,0,0,0,1,ed38b94bf3e310800b1070f28afff915701d4dec03a556233083b66260843eb1,WORKTREE
bch.s2.impairment.result.v1,S2_05,RESIDUAL_CFO,BCH-B300-426,WHOLE_BLOCK_SHORTENED,BERLEKAMP_MASSEY_CHIEN,300,426,0.70422535211267601,3.3999999999999999,1.8771165561694347,2,135,60,NONE,0,0,1,UNIFORM_RANDOM,PURE,1,UNIFORM_RANDOM,POST_HARD_DECISION_BIT_FLIP,1,5000,1500000,2013229,5000,0.94517793427230046,1409316,5000,0.93954400000000005,1,0,0,0,0,0,0,5000,1,135.52028000000038,124.2,176,235.03800000000084,1266.5999999999999,212.09237999999999,5000,200,50000,TARGET_FRAME_ERRORS_REACHED,0,0,0,1,a467847461b58fb780b16152b8dde8d837cdf56c38a40c4c17a518f331a96a98,WORKTREE
bch.s2.impairment.result.v1,S2_05,RESIDUAL_CFO,BCH-B300-426,WHOLE_BLOCK_SHORTENED,BERLEKAMP_MASSEY_CHIEN,300,426,0.70422535211267601,3.6000000000000001,2.0771165561694351,2,0,60,NONE,0,0,1,UNIFORM_RANDOM,PURE,1,UNIFORM_RANDOM,POST_HARD_DECISION_BIT_FLIP,1,5000,1500000,162117,5000,0.076111267605633803,78665,5000,0.052443333333333335,1,0,0,0,0,0,0,5000,1,137.28249999999954,126.3,176.30000000000001,247.14900000000105,746.39999999999998,210.86125999999959,5000,200,50000,TARGET_FRAME_ERRORS_REACHED,0,0,0,1,3d49e39d6ad5ae3b1e88cdf5012c3933b9c57f90db41b8d45e8c8dae5f4ea67a,WORKTREE
bch.s2.impairment.result.v1,S2_05,RESIDUAL_CFO,BCH-B300-426,WHOLE_BLOCK_SHORTENED,BERLEKAMP_MASSEY_CHIEN,300,426,0.70422535211267601,3.6000000000000001,2.0771165561694351,2,45,60,NONE,0,0,1,UNIFORM_RANDOM,PURE,1,UNIFORM_RANDOM,POST_HARD_DECISION_BIT_FLIP,1,5000,1500000,738120,5000,0.34653521126760561,376100,5000,0.25073333333333331,1,0,0,0,0,0,0,5000,1,140.16025999999962,127.59999999999999,180.5,269.4100000000002,1051.0999999999999,219.2565799999995,5000,200,50000,TARGET_FRAME_ERRORS_REACHED,0,0,0,1,323a3193b9094e0b32d4428af470a11efcebbb4a10a2658ab6ca4709961ab933,WORKTREE
bch.s2.impairment.result.v1,S2_05,RESIDUAL_CFO,BCH-B300-426,WHOLE_BLOCK_SHORTENED,BERLEKAMP_MASSEY_CHIEN,300,426,0.70422535211267601,3.6000000000000001,2.0771165561694351,2,90,60,NONE,0,0,1,UNIFORM_RANDOM,PURE,1,UNIFORM_RANDOM,POST_HARD_DECISION_BIT_FLIP,1,5000,1500000,1664944,5000,0.78166384976525827,1086909,5000,0.72460599999999997,1,0,0,0,0,0,0,5000,1,133.27512000000016,123.5,173.50500000000002,224.20400000000009,706.89999999999998,209.60793999999999,5000,200,50000,TARGET_FRAME_ERRORS_REACHED,0,0,0,1,cf29cfaac59a1ecf961051ff0542868f6ba45ede10ea2e4e6190855d850f59d9,WORKTREE
bch.s2.impairment.result.v1,S2_05,RESIDUAL_CFO,BCH-B300-426,WHOLE_BLOCK_SHORTENED,BERLEKAMP_MASSEY_CHIEN,300,426,0.70422535211267601,3.6000000000000001,2.0771165561694351,2,135,60,NONE,0,0,1,UNIFORM_RANDOM,PURE,1,UNIFORM_RANDOM,POST_HARD_DECISION_BIT_FLIP,1,5000,1500000,2022118,5000,0.94935117370892019,1415577,5000,0.94371799999999995,1,0,0,0,0,0,0,5000,1,157.40932000000021,145.69999999999999,232.37500000000028,446.69100000000202,3544.4000000000001,246.05525999999958,5000,200,50000,TARGET_FRAME_ERRORS_REACHED,0,0,0,1,220824896d88d08217333de88e77ff541989f10916ab19212a03a5373d8b8ea4,WORKTREE
bch.s2.impairment.result.v1,S2_05,RESIDUAL_CFO,BCH-B300-426,WHOLE_BLOCK_SHORTENED,BERLEKAMP_MASSEY_CHIEN,300,426,0.70422535211267601,3.7999999999999998,2.2771165561694344,2,0,60,NONE,0,0,1,UNIFORM_RANDOM,PURE,1,UNIFORM_RANDOM,POST_HARD_DECISION_BIT_FLIP,1,5000,1500000,152727,5000,0.07170281690140845,72706,4998,0.048470666666666669,0.99960000000000004,2,0.00040000000000000002,2,0.00040000000000000002,0,0,4998,0.99960000000000004,134.89176000000049,124.7,175.50500000000002,242.11300000000026,1113.7,207.97661999999971,5000,200,50000,TARGET_FRAME_ERRORS_REACHED,0,0,0,1,ef87dc9fbdf6d7630c4ebba64582a672ac0fc319772d4e566abb6e7647320cbb,WORKTREE
bch.s2.impairment.result.v1,S2_05,RESIDUAL_CFO,BCH-B300-426,WHOLE_BLOCK_SHORTENED,BERLEKAMP_MASSEY_CHIEN,300,426,0.70422535211267601,3.7999999999999998,2.2771165561694344,2,45,60,NONE,0,0,1,UNIFORM_RANDOM,PURE,1,UNIFORM_RANDOM,POST_HARD_DECISION_BIT_FLIP,1,5000,1500000,732731,5000,0.34400516431924882,369429,5000,0.246286,1,0,0,0,0,0,0,5000,1,132.79488000000021,122.95,171.60500000000002,229.81100000000023,2737.1999999999998,208.95875999999967,5000,200,50000,TARGET_FRAME_ERRORS_REACHED,0,0,0,1,ebbda4a2ca0ac9c817cd8e006199d707099b47e544940e35b54cc6fd08d25cf5,WORKTREE
bch.s2.impairment.result.v1,S2_05,RESIDUAL_CFO,BCH-B300-426,WHOLE_BLOCK_SHORTENED,BERLEKAMP_MASSEY_CHIEN,300,426,0.70422535211267601,3.7999999999999998,2.2771165561694344,2,90,60,NONE,0,0,1,UNIFORM_RANDOM,PURE,1,UNIFORM_RANDOM,POST_HARD_DECISION_BIT_FLIP,1,5000,1500000,1673894,5000,0.78586572769953056,1093165,5000,0.72877666666666663,1,0,0,0,0,0,0,5000,1,135.47503999999981,124.34999999999999,176.69999999999999,220.21200000000024,838.79999999999995,212.76820000000001,5000,200,50000,TARGET_FRAME_ERRORS_REACHED,0,0,0,1,3ca7d50196e93112b77d582b92aa4c92fd17db748cb9f8e866dc9923c982d119,WORKTREE
bch.s2.impairment.result.v1,S2_05,RESIDUAL_CFO,BCH-B300-426,WHOLE_BLOCK_SHORTENED,BERLEKAMP_MASSEY_CHIEN,300,426,0.70422535211267601,3.7999999999999998,2.2771165561694344,2,135,60,NONE,0,0,1,UNIFORM_RANDOM,PURE,1,UNIFORM_RANDOM,POST_HARD_DECISION_BIT_FLIP,1,5000,1500000,2029928,5000,0.9530178403755869,1421629,5000,0.94775266666666669,1,0,0,0,0,0,0,5000,1,151.82714000000021,127.90000000000001,216.51000000000005,482.29600000000204,3478.8000000000002,236.19121999999942,5000,200,50000,TARGET_FRAME_ERRORS_REACHED,0,0,0,1,50ae8a0f4f10edc9db71ec228c1188d81edace42ba5180b81f70e34e6bc363f8,WORKTREE
bch.s2.impairment.result.v1,S2_05,RESIDUAL_CFO,BCH-B300-426,WHOLE_BLOCK_SHORTENED,BERLEKAMP_MASSEY_CHIEN,300,426,0.70422535211267601,4,2.4771165561694346,2,0,60,NONE,0,0,1,UNIFORM_RANDOM,PURE,1,UNIFORM_RANDOM,POST_HARD_DECISION_BIT_FLIP,1,5000,1500000,144514,5000,0.067846948356807518,67340,4996,0.044893333333333334,0.99919999999999998,4,0.00080000000000000004,4,0.00080000000000000004,0,0,4996,0.99919999999999998,131.56242000000029,122.90000000000001,168.21000000000001,210.40100000000004,993.10000000000002,201.99219999999971,5000,200,50000,TARGET_FRAME_ERRORS_REACHED,0,0,0,1,d60a2467c75b3cb27e121822d272d826c0780635d684ce05dfea4bf22e432910,WORKTREE
bch.s2.impairment.result.v1,S2_05,RESIDUAL_CFO,BCH-B300-426,WHOLE_BLOCK_SHORTENED,BERLEKAMP_MASSEY_CHIEN,300,426,0.70422535211267601,4,2.4771165561694346,2,45,60,NONE,0,0,1,UNIFORM_RANDOM,PURE,1,UNIFORM_RANDOM,POST_HARD_DECISION_BIT_FLIP,1,5000,1500000,726845,5000,0.34124178403755867,362649,5000,0.24176600000000001,1,0,0,0,0,0,0,5000,1,152.14068000000037,142.5,214.60500000000002,379.30400000000014,1853.5,239.35893999999925,5000,200,50000,TARGET_FRAME_ERRORS_REACHED,0,0,0,1,76d039e6e7da37018c07472667f3b7c3de5ad5bae3d9b159709daf1283e0adb5,WORKTREE
bch.s2.impairment.result.v1,S2_05,RESIDUAL_CFO,BCH-B300-426,WHOLE_BLOCK_SHORTENED,BERLEKAMP_MASSEY_CHIEN,300,426,0.70422535211267601,4,2.4771165561694346,2,90,60,NONE,0,0,1,UNIFORM_RANDOM,PURE,1,UNIFORM_RANDOM,POST_HARD_DECISION_BIT_FLIP,1,5000,1500000,1682633,5000,0.78996854460093902,1098843,5000,0.73256200000000005,1,0,0,0,0,0,0,5000,1,136.82360000000006,126.09999999999999,172.01000000000005,265.81900000000047,1010.4,215.51254000000051,5000,200,50000,TARGET_FRAME_ERRORS_REACHED,0,0,0,1,6147a0f36cd111c8bf0ee02b6c61efacb5c29a6b6855eb61d022ec6028890324,WORKTREE
bch.s2.impairment.result.v1,S2_05,RESIDUAL_CFO,BCH-B300-426,WHOLE_BLOCK_SHORTENED,BERLEKAMP_MASSEY_CHIEN,300,426,0.70422535211267601,4,2.4771165561694346,2,135,60,NONE,0,0,1,UNIFORM_RANDOM,PURE,1,UNIFORM_RANDOM,POST_HARD_DECISION_BIT_FLIP,1,5000,1500000,2037379,5000,0.95651596244131454,1426955,5000,0.95130333333333328,1,0,0,0,0,0,0,5000,1,135.44546000000014,124.90000000000001,170.60500000000002,252.21000000000021,1454.7,211.73133999999939,5000,200,50000,TARGET_FRAME_ERRORS_REACHED,0,0,0,1,de370df36011f2bb2d659c4ccfb256098dae9d4ec1d3b9be1ab79f6e8ee943fe,WORKTREE
bch.s2.impairment.result.v1,S2_05,RESIDUAL_CFO,BCH-B300-426,WHOLE_BLOCK_SHORTENED,BERLEKAMP_MASSEY_CHIEN,300,426,0.70422535211267601,4.2000000000000002,2.6771165561694348,2,0,60,NONE,0,0,1,UNIFORM_RANDOM,PURE,1,UNIFORM_RANDOM,POST_HARD_DECISION_BIT_FLIP,1,5000,1500000,135782,5000,0.063747417840375589,61982,4990,0.041321333333333335,0.998,10,0.002,10,0.002,0,0,4990,0.998,135.69257999999942,124.90000000000001,169.00500000000002,250.71600000000035,1324.5999999999999,208.86035999999996,5000,200,50000,TARGET_FRAME_ERRORS_REACHED,0,0,0,1,4c41e6f6d06fc8dfc90653c3031d0f8958d422f5d4c1007021f1ea49c42584f9,WORKTREE
bch.s2.impairment.result.v1,S2_05,RESIDUAL_CFO,BCH-B300-426,WHOLE_BLOCK_SHORTENED,BERLEKAMP_MASSEY_CHIEN,300,426,0.70422535211267601,4.2000000000000002,2.6771165561694348,2,45,60,NONE,0,0,1,UNIFORM_RANDOM,PURE,1,UNIFORM_RANDOM,POST_HARD_DECISION_BIT_FLIP,1,5000,1500000,723929,5000,0.33987276995305166,357875,5000,0.23858333333333334,1,0,0,0,0,0,0,5000,1,135.18800000000002,125.09999999999999,168.4250000000001,254.01500000000033,851.29999999999995,212.58892000000006,5000,200,50000,TARGET_FRAME_ERRORS_REACHED,0,0,0,1,f3378b649a114ce5c3505f60930af70226c31da38518c12ab3acaef059bcfd59,WORKTREE
bch.s2.impairment.result.v1,S2_05,RESIDUAL_CFO,BCH-B300-426,WHOLE_BLOCK_SHORTENED,BERLEKAMP_MASSEY_CHIEN,300,426,0.70422535211267601,4.2000000000000002,2.6771165561694348,2,90,60,NONE,0,0,1,UNIFORM_RANDOM,PURE,1,UNIFORM_RANDOM,POST_HARD_DECISION_BIT_FLIP,1,5000,1500000,1691989,5000,0.79436103286384974,1105575,5000,0.73704999999999998,1,0,0,0,0,0,0,5000,1,131.53462000000007,122.7,161.19999999999999,249.71600000000035,1020.6,206.62062000000054,5000,200,50000,TARGET_FRAME_ERRORS_REACHED,0,0,0,1,9705a8224fd2c305696a05e5d4c0453c03d054c12302a41c9a484c6405ebdb98,WORKTREE
bch.s2.impairment.result.v1,S2_05,RESIDUAL_CFO,BCH-B300-426,WHOLE_BLOCK_SHORTENED,BERLEKAMP_MASSEY_CHIEN,300,426,0.70422535211267601,4.2000000000000002,2.6771165561694348,2,135,60,NONE,0,0,1,UNIFORM_RANDOM,PURE,1,UNIFORM_RANDOM,POST_HARD_DECISION_BIT_FLIP,1,5000,1500000,2044273,5000,0.95975258215962445,1432271,5000,0.95484733333333338,1,0,0,0,0,0,0,5000,1,127.46514000000028,121.09999999999999,153.69999999999999,222.20100000000002,970.5,199.9849000000001,5000,200,50000,TARGET_FRAME_ERRORS_REACHED,0,0,0,1,d5d6670d8b7d9221601264c54101b48fe4a3c8296674c51335cef228d8bb80f5,WORKTREE
bch.s2.impairment.result.v1,S2_05,RESIDUAL_CFO,BCH-B300-426,WHOLE_BLOCK_SHORTENED,BERLEKAMP_MASSEY_CHIEN,300,426,0.70422535211267601,4.4000000000000004,2.877116556169435,2,0,60,NONE,0,0,1,UNIFORM_RANDOM,PURE,1,UNIFORM_RANDOM,POST_HARD_DECISION_BIT_FLIP,1,5000,1500000,127146,5000,0.059692957746478877,56751,4955,0.037834,0.99099999999999999,45,0.0089999999999999993,45,0.0089999999999999993,0,0,4955,0.99099999999999999,128.6731400000003,121.90000000000001,159.01500000000004,233.40100000000004,781.5,198.83928000000049,5000,200,50000,TARGET_FRAME_ERRORS_REACHED,0,0,0,1,018687d451cf7d9266dd30673fe22e589cbeaa68c49eb43745de76f01a99a932,WORKTREE
bch.s2.impairment.result.v1,S2_05,RESIDUAL_CFO,BCH-B300-426,WHOLE_BLOCK_SHORTENED,BERLEKAMP_MASSEY_CHIEN,300,426,0.70422535211267601,4.4000000000000004,2.877116556169435,2,45,60,NONE,0,0,1,UNIFORM_RANDOM,PURE,1,UNIFORM_RANDOM,POST_HARD_DECISION_BIT_FLIP,1,5000,1500000,716576,5000,0.33642065727699533,349385,5000,0.23292333333333334,1,0,0,0,0,0,0,5000,1,130.6523600000003,122.05,163.50500000000002,262.20900000000017,1156,207.55393999999973,5000,200,50000,TARGET_FRAME_ERRORS_REACHED,0,0,0,1,18315e4bf0dae01fc3f3f2615ea51cd35208becbef4d35f2009c68a4cfea72be,WORKTREE
bch.s2.impairment.result.v1,S2_05,RESIDUAL_CFO,BCH-B300-426,WHOLE_BLOCK_SHORTENED,BERLEKAMP_MASSEY_CHIEN,300,426,0.70422535211267601,4.4000000000000004,2.877116556169435,2,90,60,NONE,0,0,1,UNIFORM_RANDOM,PURE,1,UNIFORM_RANDOM,POST_HARD_DECISION_BIT_FLIP,1,5000,1500000,1699497,5000,0.79788591549295773,1110166,5000,0.74011066666666669,1,0,0,0,0,0,0,5000,1,127.91049999999977,121,156.90000000000001,232.32100000000045,692.89999999999998,202.15433999999962,5000,200,50000,TARGET_FRAME_ERRORS_REACHED,0,0,0,1,f8c2239e352d3d74a486fc414747753220b9dc8ee104a5a6ecbe056ba09f3f97,WORKTREE
bch.s2.impairment.result.v1,S2_05,RESIDUAL_CFO,BCH-B300-426,WHOLE_BLOCK_SHORTENED,BERLEKAMP_MASSEY_CHIEN,300,426,0.70422535211267601,4.4000000000000004,2.877116556169435,2,135,60,NONE,0,0,1,UNIFORM_RANDOM,PURE,1,UNIFORM_RANDOM,POST_HARD_DECISION_BIT_FLIP,1,5000,1500000,2051754,5000,0.96326478873239441,1437781,5000,0.95852066666666669,1,0,0,0,0,0,0,5000,1,134.63329999999993,122.59999999999999,176.59999999999999,282.69999999999999,1896.2,211.8975599999994,5000,200,50000,TARGET_FRAME_ERRORS_REACHED,0,0,0,1,09b47e2934d7e434b83eb0738b3fff1a58238e22151a4dc09f262e2243192976,WORKTREE
bch.s2.impairment.result.v1,S2_05,RESIDUAL_CFO,BCH-B300-426,WHOLE_BLOCK_SHORTENED,BERLEKAMP_MASSEY_CHIEN,300,426,0.70422535211267601,4.5999999999999996,3.0771165561694342,2,0,60,NONE,0,0,1,UNIFORM_RANDOM,PURE,1,UNIFORM_RANDOM,POST_HARD_DECISION_BIT_FLIP,1,5000,1500000,119402,5000,0.056057276995305168,51698,4918,0.034465333333333334,0.98360000000000003,82,0.016400000000000001,82,0.016400000000000001,0,0,4918,0.98360000000000003,139.00144000000029,126.3,181,303.20600000000007,2006.3,212.9825000000001,5000,200,50000,TARGET_FRAME_ERRORS_REACHED,0,0,0,1,edb24b88f5b10124f6914848b70d6028236eea0d82eae64d8a88f96989d32ca8,WORKTREE
bch.s2.impairment.result.v1,S2_05,RESIDUAL_CFO,BCH-B300-426,WHOLE_BLOCK_SHORTENED,BERLEKAMP_MASSEY_CHIEN,300,426,0.70422535211267601,4.5999999999999996,3.0771165561694342,2,45,60,NONE,0,0,1,UNIFORM_RANDOM,PURE,1,UNIFORM_RANDOM,POST_HARD_DECISION_BIT_FLIP,1,5000,1500000,711139,5000,0.33386807511737088,343123,5000,0.22874866666666666,1,0,0,0,0,0,0,5000,1,158.70927999999975,143.59999999999999,227.31000000000006,512.25100000000111,4090.3000000000002,249.80173999999991,5000,200,50000,TARGET_FRAME_ERRORS_REACHED,0,0,0,1,38fb9e6b0148451d2c8768340fa65747d39f9b9b12090dfa22cbde0a525732ec,WORKTREE
bch.s2.impairment.result.v1,S2_05,RESIDUAL_CFO,BCH-B300-426,WHOLE_BLOCK_SHORTENED,BERLEKAMP_MASSEY_CHIEN,300,426,0.70422535211267601,4.5999999999999996,3.0771165561694342,2,90,60,NONE,0,0,1,UNIFORM_RANDOM,PURE,1,UNIFORM_RANDOM,POST_HARD_DECISION_BIT_FLIP,1,5000,1500000,1708990,5000,0.80234272300469489,1116944,5000,0.74462933333333337,1,0,0,0,0,0,0,5000,1,149.07149999999973,134.30000000000001,206.19999999999999,376.90500000000009,3621.1999999999998,231.75466,5000,200,50000,TARGET_FRAME_ERRORS_REACHED,0,0,0,1,cb4a5b5db720fff392be1d4b9544a8ae1f4550bbdf951829091ab6b1920c3df8,WORKTREE
bch.s2.impairment.result.v1,S2_05,RESIDUAL_CFO,BCH-B300-426,WHOLE_BLOCK_SHORTENED,BERLEKAMP_MASSEY_CHIEN,300,426,0.70422535211267601,4.5999999999999996,3.0771165561694342,2,135,60,NONE,0,0,1,UNIFORM_RANDOM,PURE,1,UNIFORM_RANDOM,POST_HARD_DECISION_BIT_FLIP,1,5000,1500000,2058588,5000,0.96647323943661967,1443152,5000,0.96210133333333336,1,0,0,0,0,0,0,5000,1,133.94473999999965,123.5,180.20499999999998,231.20100000000002,1114.3,209.11771999999968,5000,200,50000,TARGET_FRAME_ERRORS_REACHED,0,0,0,1,d00f409ab3269db403bb51394a1bef75c625fd6fee1e9ff2c101c343ac6784f0,WORKTREE
bch.s2.impairment.result.v1,S2_05,RESIDUAL_CFO,BCH-B300-426,WHOLE_BLOCK_SHORTENED,BERLEKAMP_MASSEY_CHIEN,300,426,0.70422535211267601,4.7999999999999998,3.2771165561694344,2,0,60,NONE,0,0,1,UNIFORM_RANDOM,PURE,1,UNIFORM_RANDOM,POST_HARD_DECISION_BIT_FLIP,1,5000,1500000,111373,5000,0.052287793427230049,46233,4805,0.030821999999999999,0.96099999999999997,195,0.039,195,0.039,0,0,4805,0.96099999999999997,135.61838,125.3,172.5,223.40700000000018,2033.5,207.21841999999981,5000,200,50000,TARGET_FRAME_ERRORS_REACHED,0,0,0,1,a33bc0fb24c6bfa9420d891348b0d3e3ea167decf13faeea480beee0d4ba39ae,WORKTREE
bch.s2.impairment.result.v1,S2_05,RESIDUAL_CFO,BCH-B300-426,WHOLE_BLOCK_SHORTENED,BERLEKAMP_MASSEY_CHIEN,300,426,0.70422535211267601,4.7999999999999998,3.2771165561694344,2,45,60,NONE,0,0,1,UNIFORM_RANDOM,PURE,1,UNIFORM_RANDOM,POST_HARD_DECISION_BIT_FLIP,1,5000,1500000,705003,5000,0.33098732394366198,336026,5000,0.22401733333333335,1,0,0,0,0,0,0,5000,1,133.10445999999985,123.09999999999999,183.5,249.61400000000029,594,209.21921999999992,5000,200,50000,TARGET_FRAME_ERRORS_REACHED,0,0,0,1,e2317cb7107af216a72108ec8aa6644c88caced13b8252c4f4fadbf338831608,WORKTREE
bch.s2.impairment.result.v1,S2_05,RESIDUAL_CFO,BCH-B300-426,WHOLE_BLOCK_SHORTENED,BERLEKAMP_MASSEY_CHIEN,300,426,0.70422535211267601,4.7999999999999998,3.2771165561694344,2,90,60,NONE,0,0,1,UNIFORM_RANDOM,PURE,1,UNIFORM_RANDOM,POST_HARD_DECISION_BIT_FLIP,1,5000,1500000,1718710,5000,0.80690610328638501,1124007,5000,0.74933799999999995,1,0,0,0,0,0,0,5000,1,136.37201999999982,123.59999999999999,197.01000000000005,300.90300000000008,1750.5,214.2353999999998,5000,200,50000,TARGET_FRAME_ERRORS_REACHED,0,0,0,1,58e292ad81bab58bd67d88c3d90a2ae5c4106e22cfc16644d3ace2d68d56bff3,WORKTREE
bch.s2.impairment.result.v1,S2_05,RESIDUAL_CFO,BCH-B300-426,WHOLE_BLOCK_SHORTENED,BERLEKAMP_MASSEY_CHIEN,300,426,0.70422535211267601,4.7999999999999998,3.2771165561694344,2,135,60,NONE,0,0,1,UNIFORM_RANDOM,PURE,1,UNIFORM_RANDOM,POST_HARD_DECISION_BIT_FLIP,1,5000,1500000,2064837,5000,0.96940704225352115,1447859,5000,0.96523933333333334,1,0,0,0,0,0,0,5000,1,136.43133999999986,126.3,170.40000000000001,249.51300000000029,881.10000000000002,213.76243999999986,5000,200,50000,TARGET_FRAME_ERRORS_REACHED,0,0,0,1,32d7eb74ed973bf3fa68e60b8574695a3ea5dcce4ce38630cafdb650048fa0da,WORKTREE
bch.s2.impairment.result.v1,S2_05,RESIDUAL_CFO,BCH-B300-426,WHOLE_BLOCK_SHORTENED,BERLEKAMP_MASSEY_CHIEN,300,426,0.70422535211267601,5,3.4771165561694346,2,0,60,NONE,0,0,1,UNIFORM_RANDOM,PURE,1,UNIFORM_RANDOM,POST_HARD_DECISION_BIT_FLIP,1,5000,1500000,104003,5000,0.048827699530516432,41365,4655,0.027576666666666666,0.93100000000000005,345,0.069000000000000006,345,0.069000000000000006,0,0,4655,0.93100000000000005,135.38332000000031,125.75,165.09999999999999,245.80400000000009,1122.2,207.84401999999972,5000,200,50000,TARGET_FRAME_ERRORS_REACHED,0,0,0,1,c0947beeb25bdbbf923dd8b93f2a6672e854d6591885b5b8afd67e60264fc4df,WORKTREE
bch.s2.impairment.result.v1,S2_05,RESIDUAL_CFO,BCH-B300-426,WHOLE_BLOCK_SHORTENED,BERLEKAMP_MASSEY_CHIEN,300,426,0.70422535211267601,5,3.4771165561694346,2,45,60,NONE,0,0,1,UNIFORM_RANDOM,PURE,1,UNIFORM_RANDOM,POST_HARD_DECISION_BIT_FLIP,1,5000,1500000,699563,5000,0.32843333333333335,329596,5000,0.21973066666666666,1,0,0,0,0,0,0,5000,1,175.42267999999996,147,287,795.95000000000107,15691.700000000001,273.31893999999937,5000,200,50000,TARGET_FRAME_ERRORS_REACHED,0,0,0,1,cf9e7bb1925f9689f62d6289991648d2110a681e66fa8d5009620659978c2f85,WORKTREE
bch.s2.impairment.result.v1,S2_05,RESIDUAL_CFO,BCH-B300-426,WHOLE_BLOCK_SHORTENED,BERLEKAMP_MASSEY_CHIEN,300,426,0.70422535211267601,5,3.4771165561694346,2,90,60,NONE,0,0,1,UNIFORM_RANDOM,PURE,1,UNIFORM_RANDOM,POST_HARD_DECISION_BIT_FLIP,1,5000,1500000,1726566,5000,0.81059436619718306,1129366,5000,0.75291066666666662,1,0,0,0,0,0,0,5000,1,149.65640000000036,140.09999999999999,194,386.05600000000123,6705.8000000000002,236.06229999999962,5000,200,50000,TARGET_FRAME_ERRORS_REACHED,0,0,0,1,061e9c66a4191cd0fa2097e69bfbfeb75e6198f9255c1bfdbaa590d2749dc9ce,WORKTREE
bch.s2.impairment.result.v1,S2_05,RESIDUAL_CFO,BCH-B300-426,WHOLE_BLOCK_SHORTENED,BERLEKAMP_MASSEY_CHIEN,300,426,0.70422535211267601,5,3.4771165561694346,2,135,60,NONE,0,0,1,UNIFORM_RANDOM,PURE,1,UNIFORM_RANDOM,POST_HARD_DECISION_BIT_FLIP,1,5000,1500000,2070648,5000,0.9721352112676056,1452140,5000,0.96809333333333336,1,0,0,0,0,0,0,5000,1,152.58719999999991,141.75,203.92000000000007,352.72200000000043,3621.3000000000002,235.71199999999908,5000,200,50000,TARGET_FRAME_ERRORS_REACHED,0,0,0,1,144773f19bb04c360ec20b9b41eb75483eb47b31697c405d6fc5c6089d83a1af,WORKTREE
bch.s2.impairment.result.v1,S2_05,RESIDUAL_CFO,BCH-B300-426,WHOLE_BLOCK_SHORTENED,BERLEKAMP_MASSEY_CHIEN,300,426,0.70422535211267601,5.2000000000000002,3.6771165561694348,2,0,60,NONE,0,0,1,UNIFORM_RANDOM,PURE,1,UNIFORM_RANDOM,POST_HARD_DECISION_BIT_FLIP,1,5000,1500000,96787,5000,0.045439906103286382,36205,4398,0.024136666666666667,0.87960000000000005,602,0.12039999999999999,601,0.1202,0,0,4399,0.87980000000000003,162.96468000000002,146.40000000000001,240.62000000000006,624.80700000000013,3884.9000000000001,250.32189999999994,5000,200,50000,TARGET_FRAME_ERRORS_REACHED,0,0,0,1,51d38e7cfe0655c56911b1bec331717c85b74d2342e8cdc36b71af6149cf81b9,WORKTREE
bch.s2.impairment.result.v1,S2_05,RESIDUAL_CFO,BCH-B300-426,WHOLE_BLOCK_SHORTENED,BERLEKAMP_MASSEY_CHIEN,300,426,0.70422535211267601,5.2000000000000002,3.6771165561694348,2,45,60,NONE,0,0,1,UNIFORM_RANDOM,PURE,1,UNIFORM_RANDOM,POST_HARD_DECISION_BIT_FLIP,1,5000,1500000,695480,5000,0.32651643192488261,324077,5000,0.21605133333333335,1,0,0,0,0,0,0,5000,1,190.73270000000039,153.69999999999999,315.77000000000066,842.80200000000002,6617.3000000000002,301.29797999999937,5000,200,50000,TARGET_FRAME_ERRORS_REACHED,0,0,0,1,8ca089bc07c2d920da896646df473bed7aa7ec09e05004adea36aa4d8ca67200,WORKTREE
bch.s2.impairment.result.v1,S2_05,RESIDUAL_CFO,BCH-B300-426,WHOLE_BLOCK_SHORTENED,BERLEKAMP_MASSEY_CHIEN,300,426,0.70422535211267601,5.2000000000000002,3.6771165561694348,2,90,60,NONE,0,0,1,UNIFORM_RANDOM,PURE,1,UNIFORM_RANDOM,POST_HARD_DECISION_BIT_FLIP,1,5000,1500000,1735626,5000,0.81484788732394364,1135994,5000,0.7573293333333333,1,0,0,0,0,0,0,5000,1,160.32103999999993,148.5,226.74500000000015,458.11700000000258,2521.9000000000001,252.16352000000094,5000,200,50000,TARGET_FRAME_ERRORS_REACHED,0,0,0,1,08d79c8821a49cd73318ca16998df208d1edbf346154cc1ca283d30af3ba10c6,WORKTREE
bch.s2.impairment.result.v1,S2_05,RESIDUAL_CFO,BCH-B300-426,WHOLE_BLOCK_SHORTENED,BERLEKAMP_MASSEY_CHIEN,300,426,0.70422535211267601,5.2000000000000002,3.6771165561694348,2,135,60,NONE,0,0,1,UNIFORM_RANDOM,PURE,1,UNIFORM_RANDOM,POST_HARD_DECISION_BIT_FLIP,1,5000,1500000,2076124,5000,0.97470610328638496,1456413,5000,0.97094199999999997,1,0,0,0,0,0,0,5000,1,151.60588000000044,140.90000000000001,206.80500000000004,393.92400000000049,4916.1999999999998,236.35354000000012,5000,200,50000,TARGET_FRAME_ERRORS_REACHED,0,0,0,1,167da31c55107b900b4d2c4a5c0242d2918ae4cff8f372fb2cf7d85650672020,WORKTREE
bch.s2.impairment.result.v1,S2_05,RESIDUAL_CFO,BCH-B300-426,WHOLE_BLOCK_SHORTENED,BERLEKAMP_MASSEY_CHIEN,300,426,0.70422535211267601,5.4000000000000004,3.877116556169435,2,0,60,NONE,0,0,1,UNIFORM_RANDOM,PURE,1,UNIFORM_RANDOM,POST_HARD_DECISION_BIT_FLIP,1,5000,1500000,89742,5000,0.04213239436619718,30398,3997,0.020265333333333333,0.7994,1003,0.2006,1003,0.2006,0,0,3997,0.7994,145.31936000000007,138.30000000000001,190.8250000000001,327.00300000000004,1153.5999999999999,223.58855999999977,5000,200,50000,TARGET_FRAME_ERRORS_REACHED,0,0,0,1,16d916552990976f85ce020b7f5aaff862468d4c1735a78e1c0293a4a79dbb1d,WORKTREE
bch.s2.impairment.result.v1,S2_05,RESIDUAL_CFO,BCH-B300-426,WHOLE_BLOCK_SHORTENED,BERLEKAMP_MASSEY_CHIEN,300,426,0.70422535211267601,5.4000000000000004,3.877116556169435,2,45,60,NONE,0,0,1,UNIFORM_RANDOM,PURE,1,UNIFORM_RANDOM,POST_HARD_DECISION_BIT_FLIP,1,5000,1500000,689525,5000,0.32372065727699528,316148,5000,0.21076533333333333,1,0,0,0,0,0,0,5000,1,158.42984000000018,146.90000000000001,225.80500000000004,436.42500000000052,2393.9000000000001,250.61372000000028,5000,200,50000,TARGET_FRAME_ERRORS_REACHED,0,0,0,1,8c671853f90aae9d59a76b0baefe7c1a097ba9a30c1c92b8ce664cd33e1fe37b,WORKTREE
bch.s2.impairment.result.v1,S2_05,RESIDUAL_CFO,BCH-B300-426,WHOLE_BLOCK_SHORTENED,BERLEKAMP_MASSEY_CHIEN,300,426,0.70422535211267601,5.4000000000000004,3.877116556169435,2,90,60,NONE,0,0,1,UNIFORM_RANDOM,PURE,1,UNIFORM_RANDOM,POST_HARD_DECISION_BIT_FLIP,1,5000,1500000,1744216,5000,0.81888075117370895,1142300,5000,0.76153333333333328,1,0,0,0,0,0,0,5000,1,185.49194000000037,150.80000000000001,323.83000000000015,897.2520000000012,11678.299999999999,293.92969999999872,5000,200,50000,TARGET_FRAME_ERRORS_REACHED,0,0,0,1,735cfb7be80933f6b6fb75e34d5611518f65e22716bee38fff26ca3912dbeabe,WORKTREE
bch.s2.impairment.result.v1,S2_05,RESIDUAL_CFO,BCH-B300-426,WHOLE_BLOCK_SHORTENED,BERLEKAMP_MASSEY_CHIEN,300,426,0.70422535211267601,5.4000000000000004,3.877116556169435,2,135,60,NONE,0,0,1,UNIFORM_RANDOM,PURE,1,UNIFORM_RANDOM,POST_HARD_DECISION_BIT_FLIP,1,5000,1500000,2081178,5000,0.97707887323943665,1460204,5000,0.9734693333333333,1,0,0,0,0,0,0,5000,1,174.41143999999983,152.59999999999999,273.61500000000012,613.7300000000007,4936.1999999999998,274.48803999999956,5000,200,50000,TARGET_FRAME_ERRORS_REACHED,0,0,0,1,1728992fb0d1fd817fcd4120287419b29f8a806a7baf73eee5ed634075837d49,WORKTREE
bch.s2.impairment.result.v1,S2_05,RESIDUAL_CFO,BCH-B300-426,WHOLE_BLOCK_SHORTENED,BERLEKAMP_MASSEY_CHIEN,300,426,0.70422535211267601,5.5999999999999996,4.0771165561694342,2,0,60,NONE,0,0,1,UNIFORM_RANDOM,PURE,1,UNIFORM_RANDOM,POST_HARD_DECISION_BIT_FLIP,1,5000,1500000,83519,5000,0.039210798122065731,24850,3480,0.016566666666666667,0.69599999999999995,1520,0.30399999999999999,1520,0.30399999999999999,0,0,3480,0.69599999999999995,150.01389999999975,136.90000000000001,208.70499999999998,404.35600000000125,1658.3,229.12620000000001,5000,200,50000,TARGET_FRAME_ERRORS_REACHED,0,0,0,1,d81787837b801a9e148b4a22c693d84b44d05af680bd6699ed99c9de0240c7d9,WORKTREE
bch.s2.impairment.result.v1,S2_05,RESIDUAL_CFO,BCH-B300-426,WHOLE_BLOCK_SHORTENED,BERLEKAMP_MASSEY_CHIEN,300,426,0.70422535211267601,5.5999999999999996,4.0771165561694342,2,45,60,NONE,0,0,1,UNIFORM_RANDOM,PURE,1,UNIFORM_RANDOM,POST_HARD_DECISION_BIT_FLIP,1,5000,1500000,684554,5000,0.32138685446009391,309644,5000,0.20642933333333333,1,0,0,0,0,0,0,5000,1,135.12760000000006,124.2,174.11000000000001,254.70100000000002,792.89999999999998,212.34279999999995,5000,200,50000,TARGET_FRAME_ERRORS_REACHED,0,0,0,1,c75fd610259235a768ba9b5a3cc59ef2f86649951d286f1f1a7badc3a519e32f,WORKTREE
bch.s2.impairment.result.v1,S2_05,RESIDUAL_CFO,BCH-B300-426,WHOLE_BLOCK_SHORTENED,BERLEKAMP_MASSEY_CHIEN,300,426,0.70422535211267601,5.5999999999999996,4.0771165561694342,2,90,60,NONE,0,0,1,UNIFORM_RANDOM,PURE,1,UNIFORM_RANDOM,POST_HARD_DECISION_BIT_FLIP,1,5000,1500000,1753115,5000,0.82305868544600935,1148830,5000,0.76588666666666672,1,0,0,0,0,0,0,5000,1,148.05317999999994,136.40000000000001,204.20499999999998,337.21600000000029,3584.5999999999999,230.62751999999983,5000,200,50000,TARGET_FRAME_ERRORS_REACHED,0,0,0,1,6147fe54bd02711f4ac6be827e74fe0b27c8cbbdd2b1d5ff2851b3e659fb1247,WORKTREE
bch.s2.impairment.result.v1,S2_05,RESIDUAL_CFO,BCH-B300-426,WHOLE_BLOCK_SHORTENED,BERLEKAMP_MASSEY_CHIEN,300,426,0.70422535211267601,5.5999999999999996,4.0771165561694342,2,135,60,NONE,0,0,1,UNIFORM_RANDOM,PURE,1,UNIFORM_RANDOM,POST_HARD_DECISION_BIT_FLIP,1,5000,1500000,2086283,5000,0.97947558685446012,1464281,5000,0.9761873333333333,1,0,0,0,0,0,0,5000,1,144.69108000000043,134.19999999999999,195.90500000000003,324.3120000000003,1743.8,224.29684000000009,5000,200,50000,TARGET_FRAME_ERRORS_REACHED,0,0,0,1,1ddabc635fed79b2dc0ba27b017454c75642dbd2e5807fd219bcedab041a292f,WORKTREE
bch.s2.impairment.result.v1,S2_05,RESIDUAL_CFO,BCH-B300-426,WHOLE_BLOCK_SHORTENED,BERLEKAMP_MASSEY_CHIEN,300,426,0.70422535211267601,5.7999999999999998,4.2771165561694344,2,0,60,NONE,0,0,1,UNIFORM_RANDOM,PURE,1,UNIFORM_RANDOM,POST_HARD_DECISION_BIT_FLIP,1,5000,1500000,76732,5000,0.036024413145539905,19263,2894,0.012841999999999999,0.57879999999999998,2106,0.42120000000000002,2105,0.42099999999999999,0,0,2895,0.57899999999999996,141.35997999999987,127.59999999999999,192.11000000000001,350.31400000000036,3324.6999999999998,218.0873000000002,5000,200,50000,TARGET_FRAME_ERRORS_REACHED,0,0,0,1,fd96b6e4e419080d4658b89f70cf38105d56376e62e4cff606860244b1ccefa3,WORKTREE
bch.s2.impairment.result.v1,S2_05,RESIDUAL_CFO,BCH-B300-426,WHOLE_BLOCK_SHORTENED,BERLEKAMP_MASSEY_CHIEN,300,426,0.70422535211267601,5.7999999999999998,4.2771165561694344,2,45,60,NONE,0,0,1,UNIFORM_RANDOM,PURE,1,UNIFORM_RANDOM,POST_HARD_DECISION_BIT_FLIP,1,5000,1500000,678280,5000,0.31844131455399061,303593,5000,0.20239533333333334,1,0,0,0,0,0,0,5000,1,136.16425999999981,124.7,171.71000000000001,284.00300000000004,1311.3,214.88976000000011,5000,200,50000,TARGET_FRAME_ERRORS_REACHED,0,0,0,1,ce86d6dcb48e915bbb1f4f0fd847db3ddf306aec554eb634272d25597cc70b66,WORKTREE
bch.s2.impairment.result.v1,S2_05,RESIDUAL_CFO,BCH-B300-426,WHOLE_BLOCK_SHORTENED,BERLEKAMP_MASSEY_CHIEN,300,426,0.70422535211267601,5.7999999999999998,4.2771165561694344,2,90,60,NONE,0,0,1,UNIFORM_RANDOM,PURE,1,UNIFORM_RANDOM,POST_HARD_DECISION_BIT_FLIP,1,5000,1500000,1761178,5000,0.82684413145539903,1154719,5000,0.7698126666666667,1,0,0,0,0,0,0,5000,1,134.56281999999993,124.8,169.10500000000002,235.91100000000026,998.60000000000002,212.25781999999964,5000,200,50000,TARGET_FRAME_ERRORS_REACHED,0,0,0,1,61677a8cb40c39b925502ae8c412b69a449bb05359a8f88455ad5a9afe3e93b9,WORKTREE
bch.s2.impairment.result.v1,S2_05,RESIDUAL_CFO,BCH-B300-426,WHOLE_BLOCK_SHORTENED,BERLEKAMP_MASSEY_CHIEN,300,426,0.70422535211267601,5.7999999999999998,4.2771165561694344,2,135,60,NONE,0,0,1,UNIFORM_RANDOM,PURE,1,UNIFORM_RANDOM,POST_HARD_DECISION_BIT_FLIP,1,5000,1500000,2091050,5000,0.98171361502347421,1467843,5000,0.97856200000000004,1,0,0,0,0,0,0,5000,1,132.32057999999995,123.40000000000001,165,235.80700000000016,1065.8,207.02473999999984,5000,200,50000,TARGET_FRAME_ERRORS_REACHED,0,0,0,1,ed162b09e76450d4b0d309cd9a0d44c35d53899a59747946bd02d020e9ca807c,WORKTREE
bch.s2.impairment.result.v1,S2_05,RESIDUAL_CFO,BCH-B300-426,WHOLE_BLOCK_SHORTENED,BERLEKAMP_MASSEY_CHIEN,300,426,0.70422535211267601,6,4.4771165561694346,2,0,60,NONE,0,0,1,UNIFORM_RANDOM,PURE,1,UNIFORM_RANDOM,POST_HARD_DECISION_BIT_FLIP,1,5000,1500000,71130,5000,0.033394366197183098,14064,2241,0.0093760000000000007,0.44819999999999999,2759,0.55179999999999996,2757,0.5514,0,0,2243,0.4486,130.37602000000012,123.34999999999999,165.80000000000001,241.91500000000033,2748.6999999999998,202.40671999999972,5000,200,50000,TARGET_FRAME_ERRORS_REACHED,0,0,0,1,32724f5c2986d5e815b1ba6849515907567859b850bdc8fa0ff092c1ccdda8c2,WORKTREE
bch.s2.impairment.result.v1,S2_05,RESIDUAL_CFO,BCH-B300-426,WHOLE_BLOCK_SHORTENED,BERLEKAMP_MASSEY_CHIEN,300,426,0.70422535211267601,6,4.4771165561694346,2,45,60,NONE,0,0,1,UNIFORM_RANDOM,PURE,1,UNIFORM_RANDOM,POST_HARD_DECISION_BIT_FLIP,1,5000,1500000,672978,5000,0.31595211267605633,296424,5000,0.19761600000000001,1,0,0,0,0,0,0,5000,1,133.37944000000019,124.40000000000001,162.80500000000004,219.73100000000068,1010.2,210.08541999999966,5000,200,50000,TARGET_FRAME_ERRORS_REACHED,0,0,0,1,f93c655be57f8d3d8bc71001dbb996ebd5400872d6de1e662b8968023472e085,WORKTREE
bch.s2.impairment.result.v1,S2_05,RESIDUAL_CFO,BCH-B300-426,WHOLE_BLOCK_SHORTENED,BERLEKAMP_MASSEY_CHIEN,300,426,0.70422535211267601,6,4.4771165561694346,2,90,60,NONE,0,0,1,UNIFORM_RANDOM,PURE,1,UNIFORM_RANDOM,POST_HARD_DECISION_BIT_FLIP,1,5000,1500000,1769759,5000,0.83087276995305159,1161284,5000,0.77418933333333328,1,0,0,0,0,0,0,5000,1,133.08853999999974,123.40000000000001,167.21500000000003,259.20600000000007,1396.9000000000001,209.11792000000088,5000,200,50000,TARGET_FRAME_ERRORS_REACHED,0,0,0,1,86750e2d47b65a11164055189d7142d57fca54feb1fe386c88711384e8467499,WORKTREE
bch.s2.impairment.result.v1,S2_05,RESIDUAL_CFO,BCH-B300-426,WHOLE_BLOCK_SHORTENED,BERLEKAMP_MASSEY_CHIEN,300,426,0.70422535211267601,6,4.4771165561694346,2,135,60,NONE,0,0,1,UNIFORM_RANDOM,PURE,1,UNIFORM_RANDOM,POST_HARD_DECISION_BIT_FLIP,1,5000,1500000,2094976,5000,0.98355680751173713,1470998,5000,0.98066533333333339,1,0,0,0,0,0,0,5000,1,132.13582000000005,124,162.70499999999998,232.84800000000106,471.69999999999999,206.59604000000061,5000,200,50000,TARGET_FRAME_ERRORS_REACHED,0,0,0,1,eaaed37026206c497c99897b7fe04364e79d57eb9571ff07c7fa33590e688e11,WORKTREE
