caseName,processedFrames,avgEqualizationTimeUs,avgDecodeTimeUs,avgTotalReceiverTimeUs,maxP95EqualizationTimeUs,maxP99EqualizationTimeUs,maxP95DecodeTimeUs,maxP99DecodeTimeUs
BCH-B200,455826,7.7861203617171428,26.222981356921245,40.2694699293151,10.6,26.601000000000205,52.92500000000009,155.70300000000006
BCH-B300,422539,12.084287130892392,69.266759281391842,90.636283751322424,16.8,37.507000000000154,148.92000000000007,360.55300000000113
BCH-B300-426,277173,13.245775742948258,104.70148932255329,128.11166311292959,18.1,40.6,224.10500000000002,436.12900000000064
BCH-S200,735670,8.7818974540221753,16.213998396019981,31.595095627115342,12.7,38.912000000000255,40.01000000000003,114.63400000000074
BCH-S300,762513,12.88214548473279,22.407397119786825,44.450892902809507,18.0,48.80300000000006,41.4,115.41400000000031
