figureId,sourceCsv,sourceRowId,sourceRowSha256,caseId,payloadLength,legendLabel,styleId,snrIndex,snrDb,snrLinear,ebn0Db,actualRate,encodedLength,metric,rawNumerator,rawDenominator,rawY,plotY,isZeroObserved,plotSurrogateUsed,plotSurrogateFormula,totalFrames,stopReason
stage07_awgn_dense_formal_k200_ber,stage07_awgn_dense_formal_results.csv,38,fe3a8dde58b70a91f516c43583690890b0d7839c650f5c0b1b7d99bbef96fc6f,K200_M255K207,200,255整块200,STYLE_2,0,0,1,-2.0760831050174611,0.80645161290322576,248,ber,31397,200000,0.15698500000000001,0.15698500000000001,false,false,none,1000,TARGET_FRAME_ERRORS_REACHED
stage07_awgn_dense_formal_k200_ber,stage07_awgn_dense_formal_results.csv,39,3ca93613951da26375a829514c15339b1950ee54dfae6bb23ca454d079598cdb,K200_M255K207,200,255整块200,STYLE_2,1,0.5,1.1220184543019633,-1.5760831050174611,0.80645161290322576,248,ber,29001,200000,0.145005,0.145005,false,false,none,1000,TARGET_FRAME_ERRORS_REACHED
stage07_awgn_dense_formal_k200_ber,stage07_awgn_dense_formal_results.csv,40,ae1043acb67e0bb7ef41782871be4fb1e37d3b895ae194bd9922f036aa31307b,K200_M255K207,200,255整块200,STYLE_2,2,1,1.2589254117941673,-1.0760831050174611,0.80645161290322576,248,ber,26062,200000,0.13031000000000001,0.13031000000000001,false,false,none,1000,TARGET_FRAME_ERRORS_REACHED
stage07_awgn_dense_formal_k200_ber,stage07_awgn_dense_formal_results.csv,41,7a98c8eec34393b7f61be682aef175f738df1171ac16c0be9063f3780288f5b7,K200_M255K207,200,255整块200,STYLE_2,3,1.5,1.4125375446227544,-0.57608310501746107,0.80645161290322576,248,ber,23585,200000,0.117925,0.117925,false,false,none,1000,TARGET_FRAME_ERRORS_REACHED
stage07_awgn_dense_formal_k200_ber,stage07_awgn_dense_formal_results.csv,42,ee9b6ae123d64cfbf99d90e71ed51d4692a6076bc83cb089884b7b37aa5ec59f,K200_M255K207,200,255整块200,STYLE_2,4,2,1.5848931924611136,-0.076083105017461072,0.80645161290322576,248,ber,20679,200000,0.103395,0.103395,false,false,none,1000,TARGET_FRAME_ERRORS_REACHED
stage07_awgn_dense_formal_k200_ber,stage07_awgn_dense_formal_results.csv,43,26a89b16592e3028ff9cb2d96fb73c355ea7c0052b5f8b69fa6d4ee98ea2c317,K200_M255K207,200,255整块200,STYLE_2,5,2.5,1.7782794100389228,0.42391689498253893,0.80645161290322576,248,ber,18315,200000,0.091575000000000004,0.091575000000000004,false,false,none,1000,TARGET_FRAME_ERRORS_REACHED
stage07_awgn_dense_formal_k200_ber,stage07_awgn_dense_formal_results.csv,44,398ae6e2585f217a80ea5f59091951bc0fa636e95836eea5d38cb50e5da52ec2,K200_M255K207,200,255整块200,STYLE_2,6,3,1.9952623149688795,0.92391689498253893,0.80645161290322576,248,ber,15650,200000,0.07825,0.07825,false,false,none,1000,TARGET_FRAME_ERRORS_REACHED
stage07_awgn_dense_formal_k200_ber,stage07_awgn_dense_formal_results.csv,45,e7fd5ed2919c72098c6979616538d6243c5bb4c47b05ef1697f8bd7b3fd4e28d,K200_M255K207,200,255整块200,STYLE_2,7,3.5,2.2387211385683394,1.4239168949825389,0.80645161290322576,248,ber,13491,200000,0.067455000000000001,0.067455000000000001,false,false,none,1000,TARGET_FRAME_ERRORS_REACHED
stage07_awgn_dense_formal_k200_ber,stage07_awgn_dense_formal_results.csv,46,02d82275075d3fbf5632e893d7caa34a59b98ddfe24ba9999d9283b30c1a5e83,K200_M255K207,200,255整块200,STYLE_2,8,4,2.5118864315095801,1.9239168949825389,0.80645161290322576,248,ber,11297,200000,0.056485,0.056485,false,false,none,1000,TARGET_FRAME_ERRORS_REACHED
stage07_awgn_dense_formal_k200_ber,stage07_awgn_dense_formal_results.csv,47,da2d94a2df63422204685fb1af892aa3310cbfecadfd6834c76e2ab799351d58,K200_M255K207,200,255整块200,STYLE_2,9,4.5,2.8183829312644537,2.4239168949825389,0.80645161290322576,248,ber,9259,200000,0.046295000000000003,0.046295000000000003,false,false,none,1000,TARGET_FRAME_ERRORS_REACHED
stage07_awgn_dense_formal_k200_ber,stage07_awgn_dense_formal_results.csv,48,d2d5c03c7423a4808e43b8732695bf793084cc8fcc6ece763c6cac1cc83fd91f,K200_M255K207,200,255整块200,STYLE_2,10,5,3.1622776601683795,2.9239168949825389,0.80645161290322576,248,ber,6811,200000,0.034055000000000002,0.034055000000000002,false,false,none,1000,TARGET_FRAME_ERRORS_REACHED
stage07_awgn_dense_formal_k200_ber,stage07_awgn_dense_formal_results.csv,49,eea54319c9b3b014faa65476427d734ab75fd26a1cdac9a4ad330e8c7a66d79d,K200_M255K207,200,255整块200,STYLE_2,11,5.5,3.548133892335755,3.4239168949825389,0.80645161290322576,248,ber,4294,200000,0.02147,0.02147,false,false,none,1000,TARGET_FRAME_ERRORS_REACHED
stage07_awgn_dense_formal_k200_ber,stage07_awgn_dense_formal_results.csv,50,aba8f4fc18208e642ac139956bbbd9015842005d19e45f5ed2c7a97770096311,K200_M255K207,200,255整块200,STYLE_2,12,6,3.9810717055349722,3.9239168949825389,0.80645161290322576,248,ber,2507,200000,0.012534999999999999,0.012534999999999999,false,false,none,1000,TARGET_FRAME_ERRORS_REACHED
stage07_awgn_dense_formal_k200_ber,stage07_awgn_dense_formal_results.csv,51,43bc2b8a18596f02a90c156c48450cc1e2ef18e273b16cd3ac0e6a891ebb0827,K200_M255K207,200,255整块200,STYLE_2,13,6.5,4.4668359215096318,4.4239168949825389,0.80645161290322576,248,ber,1242,292800,0.0042418032786885242,0.0042418032786885242,false,false,none,1464,TARGET_FRAME_ERRORS_REACHED
stage07_awgn_dense_formal_k200_ber,stage07_awgn_dense_formal_results.csv,52,d146c7907334008abc0a7813c997c274bbfe8c03a44ae261296d0def37a89780,K200_M255K207,200,255整块200,STYLE_2,14,7,5.011872336272722,4.9239168949825389,0.80645161290322576,248,ber,1210,1008200,0.0012001586986708987,0.0012001586986708987,false,false,none,5041,TARGET_FRAME_ERRORS_REACHED
stage07_awgn_dense_formal_k200_ber,stage07_awgn_dense_formal_results.csv,53,a0d44c1048d6e4a4f9b212a891fe2a57c058b7f32c0fe20ec321bdd705442a73,K200_M255K207,200,255整块200,STYLE_2,15,7.5,5.6234132519034912,5.4239168949825389,0.80645161290322576,248,ber,1161,5717000,0.00020307853769459508,0.00020307853769459508,false,false,none,28585,TARGET_FRAME_ERRORS_REACHED
stage07_awgn_dense_formal_k200_ber,stage07_awgn_dense_formal_results.csv,54,46097f385037ad86a5256b0ada8d15d02baa326623afbecd4d21a9ee7757ecda,K200_M255K207,200,255整块200,STYLE_2,16,8,6.3095734448019334,5.9239168949825389,0.80645161290322576,248,ber,358,10000000,3.5800000000000003e-05,3.5800000000000003e-05,false,false,none,50000,MAX_FRAMES_REACHED
stage07_awgn_dense_formal_k200_ber,stage07_awgn_dense_formal_results.csv,55,b54fd0e3b24047e8763c8215dd37c212097a25885de9a872bdb416196a680c6d,K200_M255K207,200,255整块200,STYLE_2,17,8.5,7.0794578438413787,6.4239168949825389,0.80645161290322576,248,ber,17,10000000,1.7e-06,1.7e-06,false,false,none,50000,MAX_FRAMES_REACHED
stage07_awgn_dense_formal_k200_ber,stage07_awgn_dense_formal_results.csv,56,1b26133a4c9f8f11b2a11fe0428f283be3c51b1f9854abc0a760ecd345cfb24e,K200_M255K207,200,255整块200,STYLE_2,18,9,7.9432823472428158,6.9239168949825389,0.80645161290322576,248,ber,0,10000000,0,4.9999999999999998e-08,true,true,0.5/totalPayloadBits,50000,MAX_FRAMES_REACHED
stage07_awgn_dense_formal_k200_ber,stage07_awgn_dense_formal_results.csv,57,8f9d453b2280597f842d8a226224e211a0d3d24126d29e2aa2a0819b25d80e46,K200_M255K207,200,255整块200,STYLE_2,19,9.5,8.9125093813374541,7.4239168949825389,0.80645161290322576,248,ber,0,10000000,0,4.9999999999999998e-08,true,true,0.5/totalPayloadBits,50000,MAX_FRAMES_REACHED
stage07_awgn_dense_formal_k200_ber,stage07_awgn_dense_formal_results.csv,58,996483547cb9be49acc493acde4b946494e9bdbb09a558bbb1be43582d8c584e,K200_M255K207,200,255整块200,STYLE_2,20,10,10,7.9239168949825389,0.80645161290322576,248,ber,0,10000000,0,4.9999999999999998e-08,true,true,0.5/totalPayloadBits,50000,MAX_FRAMES_REACHED
stage07_awgn_dense_formal_k200_ber,stage07_awgn_dense_formal_results.csv,59,8fbf0707f4b4fb23dc0be42b303b5b37dc9843297e6ee07aed4f3803978e085e,K200_M255K207,200,255整块200,STYLE_2,21,10.5,11.220184543019636,8.4239168949825398,0.80645161290322576,248,ber,0,10000000,0,4.9999999999999998e-08,true,true,0.5/totalPayloadBits,50000,MAX_FRAMES_REACHED
stage07_awgn_dense_formal_k200_ber,stage07_awgn_dense_formal_results.csv,60,477ff5ade874c96901f8633f85efca2f12399896b704a72314e244f115c5e347,K200_M255K207,200,255整块200,STYLE_2,22,11,12.589254117941675,8.9239168949825398,0.80645161290322576,248,ber,0,10000000,0,4.9999999999999998e-08,true,true,0.5/totalPayloadBits,50000,MAX_FRAMES_REACHED
stage07_awgn_dense_formal_k200_ber,stage07_awgn_dense_formal_results.csv,61,6391378ace3cc0dd417f469a7150aaee91a32f25f64c1a6640517bab0b347d49,K200_M255K207,200,255整块200,STYLE_2,23,11.5,14.12537544622754,9.4239168949825398,0.80645161290322576,248,ber,0,10000000,0,4.9999999999999998e-08,true,true,0.5/totalPayloadBits,50000,MAX_FRAMES_REACHED
stage07_awgn_dense_formal_k200_ber,stage07_awgn_dense_formal_results.csv,62,774e36149f822e3ac889e892261f493e7e3688c46fee854a90b43a33855c1ff0,K200_M255K207,200,255整块200,STYLE_2,24,12,15.848931924611133,9.9239168949825398,0.80645161290322576,248,ber,0,10000000,0,4.9999999999999998e-08,true,true,0.5/totalPayloadBits,50000,MAX_FRAMES_REACHED
stage07_awgn_dense_formal_k200_ber,stage07_awgn_dense_formal_results.csv,63,edef7012e956ab7b23c108b80ba064047745a30dbec2208041c8eb31434e952a,K200_M255K207,200,255整块200,STYLE_2,25,12.5,17.782794100389228,10.42391689498254,0.80645161290322576,248,ber,0,10000000,0,4.9999999999999998e-08,true,true,0.5/totalPayloadBits,50000,MAX_FRAMES_REACHED
stage07_awgn_dense_formal_k200_ber,stage07_awgn_dense_formal_results.csv,64,fe3887a9855c7260031484ad371f3c4fbe858f636399367c495a4c9893f8bc8a,K200_M255K207,200,255整块200,STYLE_2,26,13,19.952623149688797,10.92391689498254,0.80645161290322576,248,ber,0,10000000,0,4.9999999999999998e-08,true,true,0.5/totalPayloadBits,50000,MAX_FRAMES_REACHED
stage07_awgn_dense_formal_k200_ber,stage07_awgn_dense_formal_results.csv,65,0e12b791863dc7ffb55ad4415e2fc96c1eaf88ba94e3e757bee9c7830491f32e,K200_M255K207,200,255整块200,STYLE_2,27,13.5,22.387211385683401,11.42391689498254,0.80645161290322576,248,ber,0,10000000,0,4.9999999999999998e-08,true,true,0.5/totalPayloadBits,50000,MAX_FRAMES_REACHED
stage07_awgn_dense_formal_k200_ber,stage07_awgn_dense_formal_results.csv,66,151eec4327e03eb6062d6724187718c09da37cce6631689c856dd7d88bbf6ce6,K200_M255K207,200,255整块200,STYLE_2,28,14,25.118864315095795,11.92391689498254,0.80645161290322576,248,ber,0,10000000,0,4.9999999999999998e-08,true,true,0.5/totalPayloadBits,50000,MAX_FRAMES_REACHED
stage07_awgn_dense_formal_k200_ber,stage07_awgn_dense_formal_results.csv,67,22b63a9ed862f990baed2bafadd8aadf2df90fc555a1a3c49d75c3a4ac1be2af,K200_M255K207,200,255整块200,STYLE_2,29,14.5,28.183829312644534,12.42391689498254,0.80645161290322576,248,ber,0,10000000,0,4.9999999999999998e-08,true,true,0.5/totalPayloadBits,50000,MAX_FRAMES_REACHED
stage07_awgn_dense_formal_k200_ber,stage07_awgn_dense_formal_results.csv,68,bf6d6c0c3a0a4778ee30710f6410fd9f52b4164b799c050c094da8b07598c417,K200_M255K207,200,255整块200,STYLE_2,30,15,31.622776601683793,12.92391689498254,0.80645161290322576,248,ber,0,10000000,0,4.9999999999999998e-08,true,true,0.5/totalPayloadBits,50000,MAX_FRAMES_REACHED
stage07_awgn_dense_formal_k200_ber,stage07_awgn_dense_formal_results.csv,69,a08783e17922b30ce98230dd6308f32836e89a02d34324c428f5dd8f5e5f8630,K200_M255K207,200,255整块200,STYLE_2,31,15.5,35.481338923357548,13.42391689498254,0.80645161290322576,248,ber,0,10000000,0,4.9999999999999998e-08,true,true,0.5/totalPayloadBits,50000,MAX_FRAMES_REACHED
stage07_awgn_dense_formal_k200_ber,stage07_awgn_dense_formal_results.csv,70,7fcd5f2f301c069049f42775f96381b724c9c18e688ea7cedaa001e56aa87d94,K200_M255K207,200,255整块200,STYLE_2,32,16,39.810717055349734,13.92391689498254,0.80645161290322576,248,ber,0,10000000,0,4.9999999999999998e-08,true,true,0.5/totalPayloadBits,50000,MAX_FRAMES_REACHED
stage07_awgn_dense_formal_k200_ber,stage07_awgn_dense_formal_results.csv,71,7607eb5c7512e2865a8245e3f1a24742d26e0528112de73cfa762b4d08776769,K200_M255K207,200,255整块200,STYLE_2,33,16.5,44.668359215096302,14.42391689498254,0.80645161290322576,248,ber,0,10000000,0,4.9999999999999998e-08,true,true,0.5/totalPayloadBits,50000,MAX_FRAMES_REACHED
stage07_awgn_dense_formal_k200_ber,stage07_awgn_dense_formal_results.csv,72,1114b56ffd498610b0e06d4f0485aa31ee4852fd7c085bd03a66abcff4d60c4f,K200_M255K207,200,255整块200,STYLE_2,34,17,50.118723362727224,14.92391689498254,0.80645161290322576,248,ber,0,10000000,0,4.9999999999999998e-08,true,true,0.5/totalPayloadBits,50000,MAX_FRAMES_REACHED
stage07_awgn_dense_formal_k200_ber,stage07_awgn_dense_formal_results.csv,73,f169bfe88f7ad0db605bcc796926a31e08279ed67c4d31398258f57cb12fae6e,K200_M255K207,200,255整块200,STYLE_2,35,17.5,56.234132519034908,15.42391689498254,0.80645161290322576,248,ber,0,10000000,0,4.9999999999999998e-08,true,true,0.5/totalPayloadBits,50000,MAX_FRAMES_REACHED
stage07_awgn_dense_formal_k200_ber,stage07_awgn_dense_formal_results.csv,74,5ed531ffe9d2021cd3ac99b7839b6f8a27ecb330beca4120c50ca3790e315918,K200_M255K207,200,255整块200,STYLE_2,36,18,63.095734448019329,15.92391689498254,0.80645161290322576,248,ber,0,10000000,0,4.9999999999999998e-08,true,true,0.5/totalPayloadBits,50000,MAX_FRAMES_REACHED
stage07_awgn_dense_formal_k200_ber,stage07_awgn_dense_formal_results.csv,112,ca06efa06e79057a78f2639e087457ccdeb41ccccaf4b48cfe684dea64ee7e2e,K200_M511K385,200,385整块200,STYLE_4,0,0,1,-0.88842391260023401,0.61349693251533743,326,ber,31798,200000,0.15898999999999999,0.15898999999999999,false,false,none,1000,TARGET_FRAME_ERRORS_REACHED
stage07_awgn_dense_formal_k200_ber,stage07_awgn_dense_formal_results.csv,113,81e35063463c2da9ba0a7aef5ac4c951cdcd7b5a7afe5beb2cc5fbd218c5effe,K200_M511K385,200,385整块200,STYLE_4,1,0.5,1.1220184543019633,-0.38842391260023401,0.61349693251533743,326,ber,29331,200000,0.14665500000000001,0.14665500000000001,false,false,none,1000,TARGET_FRAME_ERRORS_REACHED
stage07_awgn_dense_formal_k200_ber,stage07_awgn_dense_formal_results.csv,114,5c734ff52dc04e09878e6c07a5aa26595cc642a91524f4c382fba908c73c5f25,K200_M511K385,200,385整块200,STYLE_4,2,1,1.2589254117941673,0.11157608739976599,0.61349693251533743,326,ber,26172,200000,0.13086,0.13086,false,false,none,1000,TARGET_FRAME_ERRORS_REACHED
stage07_awgn_dense_formal_k200_ber,stage07_awgn_dense_formal_results.csv,115,b56cd2af193b979b1c4ebed617abcab8321be686856a19a7df9100fb5c9bdbe3,K200_M511K385,200,385整块200,STYLE_4,3,1.5,1.4125375446227544,0.61157608739976599,0.61349693251533743,326,ber,23334,200000,0.11667,0.11667,false,false,none,1000,TARGET_FRAME_ERRORS_REACHED
stage07_awgn_dense_formal_k200_ber,stage07_awgn_dense_formal_results.csv,116,56d53a7e21312342a64e01660e131ce59742c21a5f147675ae950eabec622936,K200_M511K385,200,385整块200,STYLE_4,4,2,1.5848931924611136,1.111576087399766,0.61349693251533743,326,ber,20876,200000,0.10438,0.10438,false,false,none,1000,TARGET_FRAME_ERRORS_REACHED
stage07_awgn_dense_formal_k200_ber,stage07_awgn_dense_formal_results.csv,117,a3d682443e4b0d43495a9b6cda8c82780dec2da551ab27bf57ef61afa67f0108,K200_M511K385,200,385整块200,STYLE_4,5,2.5,1.7782794100389228,1.611576087399766,0.61349693251533743,326,ber,18123,200000,0.090615000000000001,0.090615000000000001,false,false,none,1000,TARGET_FRAME_ERRORS_REACHED
stage07_awgn_dense_formal_k200_ber,stage07_awgn_dense_formal_results.csv,118,0d3a188dfc044ca57e0a91cfb39200ebed19db6f8aca2154d875752c11a1bd7c,K200_M511K385,200,385整块200,STYLE_4,6,3,1.9952623149688795,2.111576087399766,0.61349693251533743,326,ber,15624,200000,0.078119999999999995,0.078119999999999995,false,false,none,1000,TARGET_FRAME_ERRORS_REACHED
stage07_awgn_dense_formal_k200_ber,stage07_awgn_dense_formal_results.csv,119,94244578d1793e81c75155bfeab2fdd48617e9d803fdc43679d892b184ffb5d2,K200_M511K385,200,385整块200,STYLE_4,7,3.5,2.2387211385683394,2.611576087399766,0.61349693251533743,326,ber,13152,200000,0.065759999999999999,0.065759999999999999,false,false,none,1000,TARGET_FRAME_ERRORS_REACHED
stage07_awgn_dense_formal_k200_ber,stage07_awgn_dense_formal_results.csv,120,c48ce1d6b0007f202e6d66ac9b5b07d0a4f37a19e619d3d165ee5bc0c869b764,K200_M511K385,200,385整块200,STYLE_4,8,4,2.5118864315095801,3.111576087399766,0.61349693251533743,326,ber,10040,200000,0.050200000000000002,0.050200000000000002,false,false,none,1000,TARGET_FRAME_ERRORS_REACHED
stage07_awgn_dense_formal_k200_ber,stage07_awgn_dense_formal_results.csv,121,7b0ec4b56bfd47538c51701150f4b5940663eb145ae74aba15f71af966fbd9dd,K200_M511K385,200,385整块200,STYLE_4,9,4.5,2.8183829312644537,3.611576087399766,0.61349693251533743,326,ber,6182,200000,0.03091,0.03091,false,false,none,1000,TARGET_FRAME_ERRORS_REACHED
stage07_awgn_dense_formal_k200_ber,stage07_awgn_dense_formal_results.csv,122,d8f9584ced0bcad9b3ca6cdf6bb5d07da62d3da0325b0439dad64699442f02bc,K200_M511K385,200,385整块200,STYLE_4,10,5,3.1622776601683795,4.111576087399766,0.61349693251533743,326,ber,2438,200000,0.012189999999999999,0.012189999999999999,false,false,none,1000,TARGET_FRAME_ERRORS_REACHED
stage07_awgn_dense_formal_k200_ber,stage07_awgn_dense_formal_results.csv,123,c40d3a00b1e0356f44e9e00766a54c86ad1dce6389dcf7e633f326ee8ead560d,K200_M511K385,200,385整块200,STYLE_4,11,5.5,3.548133892335755,4.611576087399766,0.61349693251533743,326,ber,1970,592600,0.003324333445831927,0.003324333445831927,false,false,none,2963,TARGET_FRAME_ERRORS_REACHED
stage07_awgn_dense_formal_k200_ber,stage07_awgn_dense_formal_results.csv,124,0f0a3033d27133ccb00a27e4fa6b95b3f80be2e1d9df9d590c7bc80ec515855f,K200_M511K385,200,385整块200,STYLE_4,12,6,3.9810717055349722,5.111576087399766,0.61349693251533743,326,ber,1939,4690200,0.0004134152061745768,0.0004134152061745768,false,false,none,23451,TARGET_FRAME_ERRORS_REACHED
stage07_awgn_dense_formal_k200_ber,stage07_awgn_dense_formal_results.csv,125,89d6bcc90d4f891672925ce3fb48d5f8473a43b9d864f012cd77118c1248d8bb,K200_M511K385,200,385整块200,STYLE_4,13,6.5,4.4668359215096318,5.611576087399766,0.61349693251533743,326,ber,397,10000000,3.9700000000000003e-05,3.9700000000000003e-05,false,false,none,50000,MAX_FRAMES_REACHED
stage07_awgn_dense_formal_k200_ber,stage07_awgn_dense_formal_results.csv,126,e60267eb0a5ce53bdbff2fe391c2293d92a32f54e151734cf82687f5e14ffdf1,K200_M511K385,200,385整块200,STYLE_4,14,7,5.011872336272722,6.111576087399766,0.61349693251533743,326,ber,0,10000000,0,4.9999999999999998e-08,true,true,0.5/totalPayloadBits,50000,MAX_FRAMES_REACHED
stage07_awgn_dense_formal_k200_ber,stage07_awgn_dense_formal_results.csv,127,4688729923e70dbc1f24dd45740780cd5b98158cfc90e0e4516fee8d27a7713e,K200_M511K385,200,385整块200,STYLE_4,15,7.5,5.6234132519034912,6.611576087399766,0.61349693251533743,326,ber,0,10000000,0,4.9999999999999998e-08,true,true,0.5/totalPayloadBits,50000,MAX_FRAMES_REACHED
stage07_awgn_dense_formal_k200_ber,stage07_awgn_dense_formal_results.csv,128,a6f157fde01ca2b6f7b333cf9e1b74f8c9c332f1fffe783f6d117d92ed17aabe,K200_M511K385,200,385整块200,STYLE_4,16,8,6.3095734448019334,7.111576087399766,0.61349693251533743,326,ber,0,10000000,0,4.9999999999999998e-08,true,true,0.5/totalPayloadBits,50000,MAX_FRAMES_REACHED
stage07_awgn_dense_formal_k200_ber,stage07_awgn_dense_formal_results.csv,129,bc3d75afb0f5460ae222e972bb9f6d66ca166367dd29430d89b3732363d86f2f,K200_M511K385,200,385整块200,STYLE_4,17,8.5,7.0794578438413787,7.611576087399766,0.61349693251533743,326,ber,0,10000000,0,4.9999999999999998e-08,true,true,0.5/totalPayloadBits,50000,MAX_FRAMES_REACHED
stage07_awgn_dense_formal_k200_ber,stage07_awgn_dense_formal_results.csv,130,dac76cf573643116fe23a5c56c888b058e224d8f80d14cfb8d1c8d74a9bba0c3,K200_M511K385,200,385整块200,STYLE_4,18,9,7.9432823472428158,8.1115760873997651,0.61349693251533743,326,ber,0,10000000,0,4.9999999999999998e-08,true,true,0.5/totalPayloadBits,50000,MAX_FRAMES_REACHED
stage07_awgn_dense_formal_k200_ber,stage07_awgn_dense_formal_results.csv,131,fe9ba17cba4c29f0589a3880b4a794f9b4241db458886a4cbb7dce03e9b31b9b,K200_M511K385,200,385整块200,STYLE_4,19,9.5,8.9125093813374541,8.6115760873997651,0.61349693251533743,326,ber,0,10000000,0,4.9999999999999998e-08,true,true,0.5/totalPayloadBits,50000,MAX_FRAMES_REACHED
stage07_awgn_dense_formal_k200_ber,stage07_awgn_dense_formal_results.csv,132,0baba4ed23b292e9ded261c58c823fcb7214e05662d35cd164b4c97576e4ee20,K200_M511K385,200,385整块200,STYLE_4,20,10,10,9.1115760873997651,0.61349693251533743,326,ber,0,10000000,0,4.9999999999999998e-08,true,true,0.5/totalPayloadBits,50000,MAX_FRAMES_REACHED
stage07_awgn_dense_formal_k200_ber,stage07_awgn_dense_formal_results.csv,133,d2d322d39d16785fc707f4fc564d8c3d2d2518b1f89e7c51d08e6ae88ce019bf,K200_M511K385,200,385整块200,STYLE_4,21,10.5,11.220184543019636,9.6115760873997651,0.61349693251533743,326,ber,0,10000000,0,4.9999999999999998e-08,true,true,0.5/totalPayloadBits,50000,MAX_FRAMES_REACHED
stage07_awgn_dense_formal_k200_ber,stage07_awgn_dense_formal_results.csv,134,4b0ccaa09733af2f332aee30d7c4f7703a9285b86ceddccb6c1dd79b3e159f83,K200_M511K385,200,385整块200,STYLE_4,22,11,12.589254117941675,10.111576087399765,0.61349693251533743,326,ber,0,10000000,0,4.9999999999999998e-08,true,true,0.5/totalPayloadBits,50000,MAX_FRAMES_REACHED
stage07_awgn_dense_formal_k200_ber,stage07_awgn_dense_formal_results.csv,135,49cddb6d789bc85c79e42d7eafc09c7fb114165b4bae020e8730747d41259942,K200_M511K385,200,385整块200,STYLE_4,23,11.5,14.12537544622754,10.611576087399765,0.61349693251533743,326,ber,0,10000000,0,4.9999999999999998e-08,true,true,0.5/totalPayloadBits,50000,MAX_FRAMES_REACHED
stage07_awgn_dense_formal_k200_ber,stage07_awgn_dense_formal_results.csv,136,cf9fce6c543b73af7dec2b093de0dbd38697e961df81c92e02611f39d7436db0,K200_M511K385,200,385整块200,STYLE_4,24,12,15.848931924611133,11.111576087399765,0.61349693251533743,326,ber,0,10000000,0,4.9999999999999998e-08,true,true,0.5/totalPayloadBits,50000,MAX_FRAMES_REACHED
stage07_awgn_dense_formal_k200_ber,stage07_awgn_dense_formal_results.csv,137,d08b087752a619f0c8ca97ac73e5af55bd125d608c1f0aa0fae41df1190e368b,K200_M511K385,200,385整块200,STYLE_4,25,12.5,17.782794100389228,11.611576087399765,0.61349693251533743,326,ber,0,10000000,0,4.9999999999999998e-08,true,true,0.5/totalPayloadBits,50000,MAX_FRAMES_REACHED
stage07_awgn_dense_formal_k200_ber,stage07_awgn_dense_formal_results.csv,138,4d83a44c7cfc4a42805e538b317f1fe65e226b575f0c63b751ca72a77fe64078,K200_M511K385,200,385整块200,STYLE_4,26,13,19.952623149688797,12.111576087399765,0.61349693251533743,326,ber,0,10000000,0,4.9999999999999998e-08,true,true,0.5/totalPayloadBits,50000,MAX_FRAMES_REACHED
stage07_awgn_dense_formal_k200_ber,stage07_awgn_dense_formal_results.csv,139,f80d425974c656928acdcd48a6cc4f396a4a68b17063d4216f40430e52a837bd,K200_M511K385,200,385整块200,STYLE_4,27,13.5,22.387211385683401,12.611576087399765,0.61349693251533743,326,ber,0,10000000,0,4.9999999999999998e-08,true,true,0.5/totalPayloadBits,50000,MAX_FRAMES_REACHED
stage07_awgn_dense_formal_k200_ber,stage07_awgn_dense_formal_results.csv,140,599e0a82da98f9d0d8deac25f861b013893895c6422e3a6dfb93a716994c8d68,K200_M511K385,200,385整块200,STYLE_4,28,14,25.118864315095795,13.111576087399765,0.61349693251533743,326,ber,0,10000000,0,4.9999999999999998e-08,true,true,0.5/totalPayloadBits,50000,MAX_FRAMES_REACHED
stage07_awgn_dense_formal_k200_ber,stage07_awgn_dense_formal_results.csv,141,311501327ca056095a2559533853313fb3e10adc2cbbdd80d09fd3853a05493b,K200_M511K385,200,385整块200,STYLE_4,29,14.5,28.183829312644534,13.611576087399765,0.61349693251533743,326,ber,0,10000000,0,4.9999999999999998e-08,true,true,0.5/totalPayloadBits,50000,MAX_FRAMES_REACHED
stage07_awgn_dense_formal_k200_ber,stage07_awgn_dense_formal_results.csv,142,69c78fc04779de723514404808e669b9f8d27bb52ac6390bd127cec6269b6c2e,K200_M511K385,200,385整块200,STYLE_4,30,15,31.622776601683793,14.111576087399765,0.61349693251533743,326,ber,0,10000000,0,4.9999999999999998e-08,true,true,0.5/totalPayloadBits,50000,MAX_FRAMES_REACHED
stage07_awgn_dense_formal_k200_ber,stage07_awgn_dense_formal_results.csv,143,6b5fd89c684cfe510cca652872376b4eb96ffae96c007181208f4c1cc0bffa52,K200_M511K385,200,385整块200,STYLE_4,31,15.5,35.481338923357548,14.611576087399765,0.61349693251533743,326,ber,0,10000000,0,4.9999999999999998e-08,true,true,0.5/totalPayloadBits,50000,MAX_FRAMES_REACHED
stage07_awgn_dense_formal_k200_ber,stage07_awgn_dense_formal_results.csv,144,ff7d6f4a664e5a4c9f9177652fbb0bb423a4610d1fef62deb32b5bbea0cb91e8,K200_M511K385,200,385整块200,STYLE_4,32,16,39.810717055349734,15.111576087399765,0.61349693251533743,326,ber,0,10000000,0,4.9999999999999998e-08,true,true,0.5/totalPayloadBits,50000,MAX_FRAMES_REACHED
stage07_awgn_dense_formal_k200_ber,stage07_awgn_dense_formal_results.csv,145,95059351dda116cf8f34df7843387adcb41590f2e445a37476e00dc2f00ce57c,K200_M511K385,200,385整块200,STYLE_4,33,16.5,44.668359215096302,15.611576087399765,0.61349693251533743,326,ber,0,10000000,0,4.9999999999999998e-08,true,true,0.5/totalPayloadBits,50000,MAX_FRAMES_REACHED
stage07_awgn_dense_formal_k200_ber,stage07_awgn_dense_formal_results.csv,146,0e4ac5cdd32b7eace2bc7511b503b2a238de13aa9da8da71d23017533fbef4ea,K200_M511K385,200,385整块200,STYLE_4,34,17,50.118723362727224,16.111576087399765,0.61349693251533743,326,ber,0,10000000,0,4.9999999999999998e-08,true,true,0.5/totalPayloadBits,50000,MAX_FRAMES_REACHED
stage07_awgn_dense_formal_k200_ber,stage07_awgn_dense_formal_results.csv,147,20cf3ee0424d8580ca4144572744c2f1fc2e3955b5b2bf542f257a5d2bad7923,K200_M511K385,200,385整块200,STYLE_4,35,17.5,56.234132519034908,16.611576087399765,0.61349693251533743,326,ber,0,10000000,0,4.9999999999999998e-08,true,true,0.5/totalPayloadBits,50000,MAX_FRAMES_REACHED
stage07_awgn_dense_formal_k200_ber,stage07_awgn_dense_formal_results.csv,148,448d62b67678741ca71083d3bbacd506cdfa5ec27da63d44cfb13b81bca6f101,K200_M511K385,200,385整块200,STYLE_4,36,18,63.095734448019329,17.111576087399765,0.61349693251533743,326,ber,0,10000000,0,4.9999999999999998e-08,true,true,0.5/totalPayloadBits,50000,MAX_FRAMES_REACHED
stage07_awgn_dense_formal_k200_ber,stage07_awgn_dense_formal_results.csv,75,cada770596cd90b750fd66602acf8c65afbbf298381c2f09e59a3b9a0bbead2f,K200_M511K421,200,421整块200,STYLE_3,0,0,1,-1.3966199342900634,0.68965517241379315,290,ber,31602,200000,0.15801000000000001,0.15801000000000001,false,false,none,1000,TARGET_FRAME_ERRORS_REACHED
stage07_awgn_dense_formal_k200_ber,stage07_awgn_dense_formal_results.csv,76,f4a9d1bf9c36bae7c240697a4c01d696a1680ef402e377963c0b8106732bd0f8,K200_M511K421,200,421整块200,STYLE_3,1,0.5,1.1220184543019633,-0.89661993429006337,0.68965517241379315,290,ber,28963,200000,0.144815,0.144815,false,false,none,1000,TARGET_FRAME_ERRORS_REACHED
stage07_awgn_dense_formal_k200_ber,stage07_awgn_dense_formal_results.csv,77,b16773c501fda01eb9171805003d6c31a61eff5c68d7b13a1ad1bf90f54ee6dd,K200_M511K421,200,421整块200,STYLE_3,2,1,1.2589254117941673,-0.39661993429006337,0.68965517241379315,290,ber,26163,200000,0.13081499999999999,0.13081499999999999,false,false,none,1000,TARGET_FRAME_ERRORS_REACHED
stage07_awgn_dense_formal_k200_ber,stage07_awgn_dense_formal_results.csv,78,8200bd719e2ea353868601c2d8da2a6ac63ff0aa9d5210cd4de181fad9e1a17b,K200_M511K421,200,421整块200,STYLE_3,3,1.5,1.4125375446227544,0.10338006570993663,0.68965517241379315,290,ber,23198,200000,0.11599,0.11599,false,false,none,1000,TARGET_FRAME_ERRORS_REACHED
stage07_awgn_dense_formal_k200_ber,stage07_awgn_dense_formal_results.csv,79,3dd9c14a836c27ffe6344334d51867ed1a25cd2838ccdfce85f88f1706052313,K200_M511K421,200,421整块200,STYLE_3,4,2,1.5848931924611136,0.60338006570993663,0.68965517241379315,290,ber,20951,200000,0.104755,0.104755,false,false,none,1000,TARGET_FRAME_ERRORS_REACHED
stage07_awgn_dense_formal_k200_ber,stage07_awgn_dense_formal_results.csv,80,026c1056ebb6aa24fa89b6a5b9321c844eaa45c74326261d97aa7f8622947a5c,K200_M511K421,200,421整块200,STYLE_3,5,2.5,1.7782794100389228,1.1033800657099366,0.68965517241379315,290,ber,18390,200000,0.091950000000000004,0.091950000000000004,false,false,none,1000,TARGET_FRAME_ERRORS_REACHED
stage07_awgn_dense_formal_k200_ber,stage07_awgn_dense_formal_results.csv,81,0bee04f8e252f08e56059825ee1cd4a19e096a6692b784295619e2ca0c540b21,K200_M511K421,200,421整块200,STYLE_3,6,3,1.9952623149688795,1.6033800657099366,0.68965517241379315,290,ber,15947,200000,0.079735,0.079735,false,false,none,1000,TARGET_FRAME_ERRORS_REACHED
stage07_awgn_dense_formal_k200_ber,stage07_awgn_dense_formal_results.csv,82,ed5416d51caeba109304295823be9bb47ead5918921766ac5d883fb0d0f325a6,K200_M511K421,200,421整块200,STYLE_3,7,3.5,2.2387211385683394,2.1033800657099366,0.68965517241379315,290,ber,13435,200000,0.067174999999999999,0.067174999999999999,false,false,none,1000,TARGET_FRAME_ERRORS_REACHED
stage07_awgn_dense_formal_k200_ber,stage07_awgn_dense_formal_results.csv,83,ca2f1355262df09cbedd9f3bd5e2ec3c61aa2ddda24daec76390c328174236d2,K200_M511K421,200,421整块200,STYLE_3,8,4,2.5118864315095801,2.6033800657099366,0.68965517241379315,290,ber,11050,200000,0.05525,0.05525,false,false,none,1000,TARGET_FRAME_ERRORS_REACHED
stage07_awgn_dense_formal_k200_ber,stage07_awgn_dense_formal_results.csv,84,229c58d7a9c582893e3843c9d99b7d4ce4a46af77aa0521db5b73c63d20b4d4a,K200_M511K421,200,421整块200,STYLE_3,9,4.5,2.8183829312644537,3.1033800657099366,0.68965517241379315,290,ber,8138,200000,0.040689999999999997,0.040689999999999997,false,false,none,1000,TARGET_FRAME_ERRORS_REACHED
stage07_awgn_dense_formal_k200_ber,stage07_awgn_dense_formal_results.csv,85,c0f6b7ee1c5d26b4b700e64d59128d3518d310e7b1d4cfe2daae5d76c63c663b,K200_M511K421,200,421整块200,STYLE_3,10,5,3.1622776601683795,3.6033800657099366,0.68965517241379315,290,ber,5175,200000,0.025874999999999999,0.025874999999999999,false,false,none,1000,TARGET_FRAME_ERRORS_REACHED
stage07_awgn_dense_formal_k200_ber,stage07_awgn_dense_formal_results.csv,86,d7bf10de7ba9bbed16de660038cdba5d98a61e760b52e1977a89685070d9bed7,K200_M511K421,200,421整块200,STYLE_3,11,5.5,3.548133892335755,4.1033800657099366,0.68965517241379315,290,ber,2081,200000,0.010404999999999999,0.010404999999999999,false,false,none,1000,TARGET_FRAME_ERRORS_REACHED
stage07_awgn_dense_formal_k200_ber,stage07_awgn_dense_formal_results.csv,87,65cf43ff15778edc312f58c0188a66ff65ecaeb40cb109bba72c9deed5e97894,K200_M511K421,200,421整块200,STYLE_3,12,6,3.9810717055349722,4.6033800657099366,0.68965517241379315,290,ber,1592,508000,0.0031338582677165354,0.0031338582677165354,false,false,none,2540,TARGET_FRAME_ERRORS_REACHED
stage07_awgn_dense_formal_k200_ber,stage07_awgn_dense_formal_results.csv,88,89c3030fae1c70ed9cdf925702d007f7633b597e735d6a6eb1d5cbec3a1ca8e1,K200_M511K421,200,421整块200,STYLE_3,13,6.5,4.4668359215096318,5.1033800657099366,0.68965517241379315,290,ber,1596,3515600,0.00045397656161110477,0.00045397656161110477,false,false,none,17578,TARGET_FRAME_ERRORS_REACHED
stage07_awgn_dense_formal_k200_ber,stage07_awgn_dense_formal_results.csv,89,6f5e610bc0d89b8ac7539fe4bb6b34ca075acb8a40af2ce5d31deffe6247c19b,K200_M511K421,200,421整块200,STYLE_3,14,7,5.011872336272722,5.6033800657099366,0.68965517241379315,290,ber,381,10000000,3.8099999999999998e-05,3.8099999999999998e-05,false,false,none,50000,MAX_FRAMES_REACHED
stage07_awgn_dense_formal_k200_ber,stage07_awgn_dense_formal_results.csv,90,1a7c062c4261daadb410f33c83644d9e884a8d739e23c3d4d7cb85dde518b6b0,K200_M511K421,200,421整块200,STYLE_3,15,7.5,5.6234132519034912,6.1033800657099366,0.68965517241379315,290,ber,27,10000000,2.7e-06,2.7e-06,false,false,none,50000,MAX_FRAMES_REACHED
stage07_awgn_dense_formal_k200_ber,stage07_awgn_dense_formal_results.csv,91,95d27c4128f1aba7e34a931dbc8b0eb67a99f28a6067188ae183c70209e0a232,K200_M511K421,200,421整块200,STYLE_3,16,8,6.3095734448019334,6.6033800657099366,0.68965517241379315,290,ber,0,10000000,0,4.9999999999999998e-08,true,true,0.5/totalPayloadBits,50000,MAX_FRAMES_REACHED
stage07_awgn_dense_formal_k200_ber,stage07_awgn_dense_formal_results.csv,92,1fc2969a3d93338e20e094d592d3734274407e578f71c6629000f1fb234d0059,K200_M511K421,200,421整块200,STYLE_3,17,8.5,7.0794578438413787,7.1033800657099366,0.68965517241379315,290,ber,0,10000000,0,4.9999999999999998e-08,true,true,0.5/totalPayloadBits,50000,MAX_FRAMES_REACHED
stage07_awgn_dense_formal_k200_ber,stage07_awgn_dense_formal_results.csv,93,dce51b72b07dc7573deebdaddbc75471d1da34c60cf53b3c5ce9e806f7c8206f,K200_M511K421,200,421整块200,STYLE_3,18,9,7.9432823472428158,7.6033800657099366,0.68965517241379315,290,ber,0,10000000,0,4.9999999999999998e-08,true,true,0.5/totalPayloadBits,50000,MAX_FRAMES_REACHED
stage07_awgn_dense_formal_k200_ber,stage07_awgn_dense_formal_results.csv,94,476fed3af12f9fd3afe86a9d0ddfc6e4e29942cc4012b739cb75d8907cb4d9d0,K200_M511K421,200,421整块200,STYLE_3,19,9.5,8.9125093813374541,8.1033800657099366,0.68965517241379315,290,ber,0,10000000,0,4.9999999999999998e-08,true,true,0.5/totalPayloadBits,50000,MAX_FRAMES_REACHED
stage07_awgn_dense_formal_k200_ber,stage07_awgn_dense_formal_results.csv,95,ada4b8be13e4df9562e478a745ad3a2bcc8c784176b3a8fde450524bfe5b9607,K200_M511K421,200,421整块200,STYLE_3,20,10,10,8.6033800657099366,0.68965517241379315,290,ber,0,10000000,0,4.9999999999999998e-08,true,true,0.5/totalPayloadBits,50000,MAX_FRAMES_REACHED
stage07_awgn_dense_formal_k200_ber,stage07_awgn_dense_formal_results.csv,96,546073a0897d9e29dec701884e72689e00f518947a00329178ac3e4b2a3a39eb,K200_M511K421,200,421整块200,STYLE_3,21,10.5,11.220184543019636,9.1033800657099366,0.68965517241379315,290,ber,0,10000000,0,4.9999999999999998e-08,true,true,0.5/totalPayloadBits,50000,MAX_FRAMES_REACHED
stage07_awgn_dense_formal_k200_ber,stage07_awgn_dense_formal_results.csv,97,84211d321dcb81b6433f08746b1df7b9c81bd1660e571d86ae03eb7f6e927a3a,K200_M511K421,200,421整块200,STYLE_3,22,11,12.589254117941675,9.6033800657099366,0.68965517241379315,290,ber,0,10000000,0,4.9999999999999998e-08,true,true,0.5/totalPayloadBits,50000,MAX_FRAMES_REACHED
stage07_awgn_dense_formal_k200_ber,stage07_awgn_dense_formal_results.csv,98,6f325e0534952a518669a9aeec00f01e1eb16af0ba36ba5b7b2a3c1c1f51a753,K200_M511K421,200,421整块200,STYLE_3,23,11.5,14.12537544622754,10.103380065709937,0.68965517241379315,290,ber,0,10000000,0,4.9999999999999998e-08,true,true,0.5/totalPayloadBits,50000,MAX_FRAMES_REACHED
stage07_awgn_dense_formal_k200_ber,stage07_awgn_dense_formal_results.csv,99,b13db5aa6685a6b01af7548e096e59c5921e3fc971e738daaef15571b5977cd9,K200_M511K421,200,421整块200,STYLE_3,24,12,15.848931924611133,10.603380065709937,0.68965517241379315,290,ber,0,10000000,0,4.9999999999999998e-08,true,true,0.5/totalPayloadBits,50000,MAX_FRAMES_REACHED
stage07_awgn_dense_formal_k200_ber,stage07_awgn_dense_formal_results.csv,100,9534b2149cfab9ba5bda7df288596945f91d8e46d3041bf05f8cd03cf3536c9b,K200_M511K421,200,421整块200,STYLE_3,25,12.5,17.782794100389228,11.103380065709937,0.68965517241379315,290,ber,0,10000000,0,4.9999999999999998e-08,true,true,0.5/totalPayloadBits,50000,MAX_FRAMES_REACHED
stage07_awgn_dense_formal_k200_ber,stage07_awgn_dense_formal_results.csv,101,5fa3687aa10f46368e3909464722484c2edd567c283fc269190f45d11d5c70a7,K200_M511K421,200,421整块200,STYLE_3,26,13,19.952623149688797,11.603380065709937,0.68965517241379315,290,ber,0,10000000,0,4.9999999999999998e-08,true,true,0.5/totalPayloadBits,50000,MAX_FRAMES_REACHED
stage07_awgn_dense_formal_k200_ber,stage07_awgn_dense_formal_results.csv,102,678824e899d6085b1e8bee7892164895b1b99cd1c4d2d117f0d2cb8cec5607bd,K200_M511K421,200,421整块200,STYLE_3,27,13.5,22.387211385683401,12.103380065709937,0.68965517241379315,290,ber,0,10000000,0,4.9999999999999998e-08,true,true,0.5/totalPayloadBits,50000,MAX_FRAMES_REACHED
stage07_awgn_dense_formal_k200_ber,stage07_awgn_dense_formal_results.csv,103,ae07d6f82b1534bc8bb773ebfdb0966ef0bc477bd423366fd8789c32abfa00e0,K200_M511K421,200,421整块200,STYLE_3,28,14,25.118864315095795,12.603380065709937,0.68965517241379315,290,ber,0,10000000,0,4.9999999999999998e-08,true,true,0.5/totalPayloadBits,50000,MAX_FRAMES_REACHED
stage07_awgn_dense_formal_k200_ber,stage07_awgn_dense_formal_results.csv,104,3deaa3ae62dc654b93df1aef8e6601a4fa4c67cc725075a9d91726d940aaa850,K200_M511K421,200,421整块200,STYLE_3,29,14.5,28.183829312644534,13.103380065709937,0.68965517241379315,290,ber,0,10000000,0,4.9999999999999998e-08,true,true,0.5/totalPayloadBits,50000,MAX_FRAMES_REACHED
stage07_awgn_dense_formal_k200_ber,stage07_awgn_dense_formal_results.csv,105,2107eab0ee8148b89733c71e1afa4db7295171fe246b2ed9aa92b0558fec99e6,K200_M511K421,200,421整块200,STYLE_3,30,15,31.622776601683793,13.603380065709937,0.68965517241379315,290,ber,0,10000000,0,4.9999999999999998e-08,true,true,0.5/totalPayloadBits,50000,MAX_FRAMES_REACHED
stage07_awgn_dense_formal_k200_ber,stage07_awgn_dense_formal_results.csv,106,125454bfe72e722745c4a53e122b4a18df6c3dc63725cbb8130be76575275b46,K200_M511K421,200,421整块200,STYLE_3,31,15.5,35.481338923357548,14.103380065709937,0.68965517241379315,290,ber,0,10000000,0,4.9999999999999998e-08,true,true,0.5/totalPayloadBits,50000,MAX_FRAMES_REACHED
stage07_awgn_dense_formal_k200_ber,stage07_awgn_dense_formal_results.csv,107,4718ade3f08c64fa4aa93b7f182ace149ee88d877a2ab75f7e525989e9e364c5,K200_M511K421,200,421整块200,STYLE_3,32,16,39.810717055349734,14.603380065709937,0.68965517241379315,290,ber,0,10000000,0,4.9999999999999998e-08,true,true,0.5/totalPayloadBits,50000,MAX_FRAMES_REACHED
stage07_awgn_dense_formal_k200_ber,stage07_awgn_dense_formal_results.csv,108,c564f896dfa5971d4eeba718f706ecf223026058e1aedaf9a43fb045cefc9227,K200_M511K421,200,421整块200,STYLE_3,33,16.5,44.668359215096302,15.103380065709937,0.68965517241379315,290,ber,0,10000000,0,4.9999999999999998e-08,true,true,0.5/totalPayloadBits,50000,MAX_FRAMES_REACHED
stage07_awgn_dense_formal_k200_ber,stage07_awgn_dense_formal_results.csv,109,ecf2e41358330c5a75d9a78aa3f037e61989ad740220ed0e4aaa2348ea68a657,K200_M511K421,200,421整块200,STYLE_3,34,17,50.118723362727224,15.603380065709937,0.68965517241379315,290,ber,0,10000000,0,4.9999999999999998e-08,true,true,0.5/totalPayloadBits,50000,MAX_FRAMES_REACHED
stage07_awgn_dense_formal_k200_ber,stage07_awgn_dense_formal_results.csv,110,4ee4492f5845d4dff60d3490071c70e5e6cc089d6fe7724b93dee2ab77e711bf,K200_M511K421,200,421整块200,STYLE_3,35,17.5,56.234132519034908,16.103380065709935,0.68965517241379315,290,ber,0,10000000,0,4.9999999999999998e-08,true,true,0.5/totalPayloadBits,50000,MAX_FRAMES_REACHED
stage07_awgn_dense_formal_k200_ber,stage07_awgn_dense_formal_results.csv,111,bed0cf872093712174e71879b85ae491c6921b69753d31c65b6020a1e85f849d,K200_M511K421,200,421整块200,STYLE_3,36,18,63.095734448019329,16.603380065709935,0.68965517241379315,290,ber,0,10000000,0,4.9999999999999998e-08,true,true,0.5/totalPayloadBits,50000,MAX_FRAMES_REACHED
stage07_awgn_dense_formal_k200_ber,stage07_awgn_dense_formal_results.csv,1,6c959cbf195250c60ae262ecccddacefd722e68b34ff2d7747e9a4568e82baab,K200_S15,200,分块200,STYLE_1,0,0,1,-1.4721513131945216,0.70175438596491224,285,ber,36343,200000,0.18171499999999999,0.18171499999999999,false,false,none,1000,TARGET_FRAME_ERRORS_REACHED
stage07_awgn_dense_formal_k200_ber,stage07_awgn_dense_formal_results.csv,2,b7b381ff5ea13773b4cb4070e7e893d6578250a9e5fbfc7745bb5174df9452bd,K200_S15,200,分块200,STYLE_1,1,0.5,1.1220184543019633,-0.97215131319452164,0.70175438596491224,285,ber,32856,200000,0.16428000000000001,0.16428000000000001,false,false,none,1000,TARGET_FRAME_ERRORS_REACHED
stage07_awgn_dense_formal_k200_ber,stage07_awgn_dense_formal_results.csv,3,688544cc6f1d7bc871f0b346bc1650bf2b48eb0b9eee45e5c07590e60b055882,K200_S15,200,分块200,STYLE_1,2,1,1.2589254117941673,-0.47215131319452164,0.70175438596491224,285,ber,29401,200000,0.147005,0.147005,false,false,none,1000,TARGET_FRAME_ERRORS_REACHED
stage07_awgn_dense_formal_k200_ber,stage07_awgn_dense_formal_results.csv,4,a19262d0d500705444b802231f3881fe5d4dbfc125de47061150c500d0ad2724,K200_S15,200,分块200,STYLE_1,3,1.5,1.4125375446227544,0.027848686805478362,0.70175438596491224,285,ber,25491,200000,0.12745500000000001,0.12745500000000001,false,false,none,1000,TARGET_FRAME_ERRORS_REACHED
stage07_awgn_dense_formal_k200_ber,stage07_awgn_dense_formal_results.csv,5,409809cb5333668e30b9e277a1d238520f7c481709c372cb866d988e80a21351,K200_S15,200,分块200,STYLE_1,4,2,1.5848931924611136,0.52784868680547836,0.70175438596491224,285,ber,21898,200000,0.10949,0.10949,false,false,none,1000,TARGET_FRAME_ERRORS_REACHED
stage07_awgn_dense_formal_k200_ber,stage07_awgn_dense_formal_results.csv,6,92a9ccb5c30005b9c1c3a59679e1362269cf82f8d404d7dc9d051c4c8dddadb9,K200_S15,200,分块200,STYLE_1,5,2.5,1.7782794100389228,1.0278486868054784,0.70175438596491224,285,ber,18330,200000,0.091649999999999995,0.091649999999999995,false,false,none,1000,TARGET_FRAME_ERRORS_REACHED
stage07_awgn_dense_formal_k200_ber,stage07_awgn_dense_formal_results.csv,7,9072eb3defc2d334f7b01737bed82259f660dcdb725f436487ac250967549042,K200_S15,200,分块200,STYLE_1,6,3,1.9952623149688795,1.5278486868054784,0.70175438596491224,285,ber,14902,200000,0.074510000000000007,0.074510000000000007,false,false,none,1000,TARGET_FRAME_ERRORS_REACHED
stage07_awgn_dense_formal_k200_ber,stage07_awgn_dense_formal_results.csv,8,70e5efcab8a2b1b19076ad7cf12b4b5a2b16d3596952ee8cab5e6165e0fe5a58,K200_S15,200,分块200,STYLE_1,7,3.5,2.2387211385683394,2.0278486868054784,0.70175438596491224,285,ber,11494,200000,0.05747,0.05747,false,false,none,1000,TARGET_FRAME_ERRORS_REACHED
stage07_awgn_dense_formal_k200_ber,stage07_awgn_dense_formal_results.csv,9,ed1afdc614a3922129196bdb4f17607086c615f4310023ab038d065713e53e21,K200_S15,200,分块200,STYLE_1,8,4,2.5118864315095801,2.5278486868054784,0.70175438596491224,285,ber,8821,200000,0.044104999999999998,0.044104999999999998,false,false,none,1000,TARGET_FRAME_ERRORS_REACHED
stage07_awgn_dense_formal_k200_ber,stage07_awgn_dense_formal_results.csv,10,6fa6c055ff40cbba02c124df5eaadea480830019119b24c26dd968f6896f378e,K200_S15,200,分块200,STYLE_1,9,4.5,2.8183829312644537,3.0278486868054784,0.70175438596491224,285,ber,6586,200000,0.032930000000000001,0.032930000000000001,false,false,none,1000,TARGET_FRAME_ERRORS_REACHED
stage07_awgn_dense_formal_k200_ber,stage07_awgn_dense_formal_results.csv,11,d816acd591b507f133b847ce370b8bb66ca13be3720011db594014a36abdb428,K200_S15,200,分块200,STYLE_1,10,5,3.1622776601683795,3.5278486868054784,0.70175438596491224,285,ber,4463,200000,0.022315000000000002,0.022315000000000002,false,false,none,1000,TARGET_FRAME_ERRORS_REACHED
stage07_awgn_dense_formal_k200_ber,stage07_awgn_dense_formal_results.csv,12,eb2fa8ec2f9e3fb6df17a0f068d7caf284ac7b1af4e6392d740c6649dec94631,K200_S15,200,分块200,STYLE_1,11,5.5,3.548133892335755,4.0278486868054788,0.70175438596491224,285,ber,3047,200000,0.015235,0.015235,false,false,none,1000,TARGET_FRAME_ERRORS_REACHED
stage07_awgn_dense_formal_k200_ber,stage07_awgn_dense_formal_results.csv,13,cca11526592001e351e1aa69d073160ffe41445e34e66a39afefab5b1bb8bd13,K200_S15,200,分块200,STYLE_1,12,6,3.9810717055349722,4.5278486868054788,0.70175438596491224,285,ber,1838,200000,0.0091900000000000003,0.0091900000000000003,false,false,none,1000,TARGET_FRAME_ERRORS_REACHED
stage07_awgn_dense_formal_k200_ber,stage07_awgn_dense_formal_results.csv,14,40d4df3c91e93644f4bc7bff4fe621c51f92a12b2f6be083945c18364a20c127,K200_S15,200,分块200,STYLE_1,13,6.5,4.4668359215096318,5.0278486868054788,0.70175438596491224,285,ber,1094,200000,0.00547,0.00547,false,false,none,1000,TARGET_FRAME_ERRORS_REACHED
stage07_awgn_dense_formal_k200_ber,stage07_awgn_dense_formal_results.csv,15,fee159d36eb4eaab9848017c3096fbb01b9400eec644cc3d2c593d17f385ead6,K200_S15,200,分块200,STYLE_1,14,7,5.011872336272722,5.5278486868054788,0.70175438596491224,285,ber,581,200000,0.002905,0.002905,false,false,none,1000,TARGET_FRAME_ERRORS_REACHED
stage07_awgn_dense_formal_k200_ber,stage07_awgn_dense_formal_results.csv,16,93a0b654c716d80b68393b5b709010d3a44af5330f0261e95c35816dc7024503,K200_S15,200,分块200,STYLE_1,15,7.5,5.6234132519034912,6.0278486868054788,0.70175438596491224,285,ber,479,307800,0.0015562053281351527,0.0015562053281351527,false,false,none,1539,TARGET_FRAME_ERRORS_REACHED
stage07_awgn_dense_formal_k200_ber,stage07_awgn_dense_formal_results.csv,17,05d2c3123311d5cc7b9116c05cb80ed499db8d52978fee0c3876cb3a572cfd98,K200_S15,200,分块200,STYLE_1,16,8,6.3095734448019334,6.5278486868054788,0.70175438596491224,285,ber,449,644800,0.00069633995037220848,0.00069633995037220848,false,false,none,3224,TARGET_FRAME_ERRORS_REACHED
stage07_awgn_dense_formal_k200_ber,stage07_awgn_dense_formal_results.csv,18,402a687f2ae72ab51096479f6bc4b976c142879612ff73d06cadb515730866dd,K200_S15,200,分块200,STYLE_1,17,8.5,7.0794578438413787,7.0278486868054788,0.70175438596491224,285,ber,442,1417800,0.00031175059952038371,0.00031175059952038371,false,false,none,7089,TARGET_FRAME_ERRORS_REACHED
stage07_awgn_dense_formal_k200_ber,stage07_awgn_dense_formal_results.csv,19,76b055360b621322c38834f058da98cacde103dd215ab6f53beda9fbe5633197,K200_S15,200,分块200,STYLE_1,18,9,7.9432823472428158,7.5278486868054788,0.70175438596491224,285,ber,436,4100200,0.00010633627627920589,0.00010633627627920589,false,false,none,20501,TARGET_FRAME_ERRORS_REACHED
stage07_awgn_dense_formal_k200_ber,stage07_awgn_dense_formal_results.csv,20,bf22581e7539b70aae5f56027cde10424dfbebfd01f4ecf9acb5ed62e74ecb91,K200_S15,200,分块200,STYLE_1,19,9.5,8.9125093813374541,8.0278486868054788,0.70175438596491224,285,ber,382,10000000,3.82e-05,3.82e-05,false,false,none,50000,MAX_FRAMES_REACHED
stage07_awgn_dense_formal_k200_ber,stage07_awgn_dense_formal_results.csv,21,007d7c92eb76e520fab507b50ad402dec239b982fbe6809e72ade8c3ecb67d78,K200_S15,200,分块200,STYLE_1,20,10,10,8.5278486868054788,0.70175438596491224,285,ber,125,10000000,1.2500000000000001e-05,1.2500000000000001e-05,false,false,none,50000,MAX_FRAMES_REACHED
stage07_awgn_dense_formal_k200_ber,stage07_awgn_dense_formal_results.csv,22,dc6bf31cf8fda2cb3fcb71908942b6ad7662e50561a701ab341f3c0f59701075,K200_S15,200,分块200,STYLE_1,21,10.5,11.220184543019636,9.0278486868054788,0.70175438596491224,285,ber,34,10000000,3.4000000000000001e-06,3.4000000000000001e-06,false,false,none,50000,MAX_FRAMES_REACHED
stage07_awgn_dense_formal_k200_ber,stage07_awgn_dense_formal_results.csv,23,a9a6926a2574b19718dcfed4159695ab1ec34b4731aceaf342fe4523d4c1c1e9,K200_S15,200,分块200,STYLE_1,22,11,12.589254117941675,9.5278486868054788,0.70175438596491224,285,ber,9,10000000,8.9999999999999996e-07,8.9999999999999996e-07,false,false,none,50000,MAX_FRAMES_REACHED
stage07_awgn_dense_formal_k200_ber,stage07_awgn_dense_formal_results.csv,24,3c56e02af2711d7999c55e4a4065ac7bf9825dad83e0f7afc1c059c27db771e7,K200_S15,200,分块200,STYLE_1,23,11.5,14.12537544622754,10.027848686805479,0.70175438596491224,285,ber,2,10000000,1.9999999999999999e-07,1.9999999999999999e-07,false,false,none,50000,MAX_FRAMES_REACHED
stage07_awgn_dense_formal_k200_ber,stage07_awgn_dense_formal_results.csv,25,f02b3b9efe8f7ac775ae2ccb2434e34e119bf0ca38e436e265a68ece1d4e72d6,K200_S15,200,分块200,STYLE_1,24,12,15.848931924611133,10.527848686805479,0.70175438596491224,285,ber,3,10000000,2.9999999999999999e-07,2.9999999999999999e-07,false,false,none,50000,MAX_FRAMES_REACHED
stage07_awgn_dense_formal_k200_ber,stage07_awgn_dense_formal_results.csv,26,6495ffeb55e2cb001b767f44ff6ec7a58b73d17a6a9d44b2e700a430a9e5a7da,K200_S15,200,分块200,STYLE_1,25,12.5,17.782794100389228,11.027848686805479,0.70175438596491224,285,ber,0,10000000,0,4.9999999999999998e-08,true,true,0.5/totalPayloadBits,50000,MAX_FRAMES_REACHED
stage07_awgn_dense_formal_k200_ber,stage07_awgn_dense_formal_results.csv,27,be5dc42cfae3a4b668523f11cfa3f9d7b5bd1a7278fdb13e56a2765438910e56,K200_S15,200,分块200,STYLE_1,26,13,19.952623149688797,11.527848686805479,0.70175438596491224,285,ber,0,10000000,0,4.9999999999999998e-08,true,true,0.5/totalPayloadBits,50000,MAX_FRAMES_REACHED
stage07_awgn_dense_formal_k200_ber,stage07_awgn_dense_formal_results.csv,28,dca49c06aef5109e14d4c105697321057e54585bb48498fee0b3ff1ce51966be,K200_S15,200,分块200,STYLE_1,27,13.5,22.387211385683401,12.027848686805479,0.70175438596491224,285,ber,0,10000000,0,4.9999999999999998e-08,true,true,0.5/totalPayloadBits,50000,MAX_FRAMES_REACHED
stage07_awgn_dense_formal_k200_ber,stage07_awgn_dense_formal_results.csv,29,9ef71ad550c5eee9f7efce20fffd887c42941ec8cf9ecd7d45caf2ed3d19dd91,K200_S15,200,分块200,STYLE_1,28,14,25.118864315095795,12.527848686805479,0.70175438596491224,285,ber,0,10000000,0,4.9999999999999998e-08,true,true,0.5/totalPayloadBits,50000,MAX_FRAMES_REACHED
stage07_awgn_dense_formal_k200_ber,stage07_awgn_dense_formal_results.csv,30,0e2b4f38f2c3b4d25f86fbd5803ba5a2e190da119469de49addec2063009231b,K200_S15,200,分块200,STYLE_1,29,14.5,28.183829312644534,13.027848686805479,0.70175438596491224,285,ber,0,10000000,0,4.9999999999999998e-08,true,true,0.5/totalPayloadBits,50000,MAX_FRAMES_REACHED
stage07_awgn_dense_formal_k200_ber,stage07_awgn_dense_formal_results.csv,31,f4e423a2ce7571d36e2a64820e53c92d8d7ed58cae505523d437ae16e9445874,K200_S15,200,分块200,STYLE_1,30,15,31.622776601683793,13.527848686805479,0.70175438596491224,285,ber,0,10000000,0,4.9999999999999998e-08,true,true,0.5/totalPayloadBits,50000,MAX_FRAMES_REACHED
stage07_awgn_dense_formal_k200_ber,stage07_awgn_dense_formal_results.csv,32,49d35a30e1caec2c1a282b3960cdf933861dbf24d3546713f11c2770fb890b5f,K200_S15,200,分块200,STYLE_1,31,15.5,35.481338923357548,14.027848686805479,0.70175438596491224,285,ber,0,10000000,0,4.9999999999999998e-08,true,true,0.5/totalPayloadBits,50000,MAX_FRAMES_REACHED
stage07_awgn_dense_formal_k200_ber,stage07_awgn_dense_formal_results.csv,33,ca781b4970fd8d2491532fa98070bb43ba6bd375eeb0cf328bfd8ca881836bc3,K200_S15,200,分块200,STYLE_1,32,16,39.810717055349734,14.527848686805479,0.70175438596491224,285,ber,0,10000000,0,4.9999999999999998e-08,true,true,0.5/totalPayloadBits,50000,MAX_FRAMES_REACHED
stage07_awgn_dense_formal_k200_ber,stage07_awgn_dense_formal_results.csv,34,a242ad52325fd1fc617b27375a2dba7c2087bdfc24e56fb97b49b5a27ba27816,K200_S15,200,分块200,STYLE_1,33,16.5,44.668359215096302,15.027848686805479,0.70175438596491224,285,ber,0,10000000,0,4.9999999999999998e-08,true,true,0.5/totalPayloadBits,50000,MAX_FRAMES_REACHED
stage07_awgn_dense_formal_k200_ber,stage07_awgn_dense_formal_results.csv,35,1e7ba555487aa673f853f04bf98b038cfe9cbdfe4e618234b1d66308403992c4,K200_S15,200,分块200,STYLE_1,34,17,50.118723362727224,15.527848686805479,0.70175438596491224,285,ber,0,10000000,0,4.9999999999999998e-08,true,true,0.5/totalPayloadBits,50000,MAX_FRAMES_REACHED
stage07_awgn_dense_formal_k200_ber,stage07_awgn_dense_formal_results.csv,36,d8da44879e36c7699840f3e415c6c0041de3d6c379a739578fc719ba7383e43c,K200_S15,200,分块200,STYLE_1,35,17.5,56.234132519034908,16.027848686805477,0.70175438596491224,285,ber,0,10000000,0,4.9999999999999998e-08,true,true,0.5/totalPayloadBits,50000,MAX_FRAMES_REACHED
stage07_awgn_dense_formal_k200_ber,stage07_awgn_dense_formal_results.csv,37,c1ac0944ac68cce9d6641779c42cd4cb261166fa681f8e0532fa1d6543902709,K200_S15,200,分块200,STYLE_1,36,18,63.095734448019329,16.527848686805477,0.70175438596491224,285,ber,0,10000000,0,4.9999999999999998e-08,true,true,0.5/totalPayloadBits,50000,MAX_FRAMES_REACHED
stage07_awgn_dense_formal_k200_fer,stage07_awgn_dense_formal_results.csv,38,fe3a8dde58b70a91f516c43583690890b0d7839c650f5c0b1b7d99bbef96fc6f,K200_M255K207,200,255整块200,STYLE_2,0,0,1,-2.0760831050174611,0.80645161290322576,248,fer,1000,1000,1,1,false,false,none,1000,TARGET_FRAME_ERRORS_REACHED
stage07_awgn_dense_formal_k200_fer,stage07_awgn_dense_formal_results.csv,39,3ca93613951da26375a829514c15339b1950ee54dfae6bb23ca454d079598cdb,K200_M255K207,200,255整块200,STYLE_2,1,0.5,1.1220184543019633,-1.5760831050174611,0.80645161290322576,248,fer,1000,1000,1,1,false,false,none,1000,TARGET_FRAME_ERRORS_REACHED
stage07_awgn_dense_formal_k200_fer,stage07_awgn_dense_formal_results.csv,40,ae1043acb67e0bb7ef41782871be4fb1e37d3b895ae194bd9922f036aa31307b,K200_M255K207,200,255整块200,STYLE_2,2,1,1.2589254117941673,-1.0760831050174611,0.80645161290322576,248,fer,1000,1000,1,1,false,false,none,1000,TARGET_FRAME_ERRORS_REACHED
stage07_awgn_dense_formal_k200_fer,stage07_awgn_dense_formal_results.csv,41,7a98c8eec34393b7f61be682aef175f738df1171ac16c0be9063f3780288f5b7,K200_M255K207,200,255整块200,STYLE_2,3,1.5,1.4125375446227544,-0.57608310501746107,0.80645161290322576,248,fer,1000,1000,1,1,false,false,none,1000,TARGET_FRAME_ERRORS_REACHED
stage07_awgn_dense_formal_k200_fer,stage07_awgn_dense_formal_results.csv,42,ee9b6ae123d64cfbf99d90e71ed51d4692a6076bc83cb089884b7b37aa5ec59f,K200_M255K207,200,255整块200,STYLE_2,4,2,1.5848931924611136,-0.076083105017461072,0.80645161290322576,248,fer,1000,1000,1,1,false,false,none,1000,TARGET_FRAME_ERRORS_REACHED
stage07_awgn_dense_formal_k200_fer,stage07_awgn_dense_formal_results.csv,43,26a89b16592e3028ff9cb2d96fb73c355ea7c0052b5f8b69fa6d4ee98ea2c317,K200_M255K207,200,255整块200,STYLE_2,5,2.5,1.7782794100389228,0.42391689498253893,0.80645161290322576,248,fer,1000,1000,1,1,false,false,none,1000,TARGET_FRAME_ERRORS_REACHED
stage07_awgn_dense_formal_k200_fer,stage07_awgn_dense_formal_results.csv,44,398ae6e2585f217a80ea5f59091951bc0fa636e95836eea5d38cb50e5da52ec2,K200_M255K207,200,255整块200,STYLE_2,6,3,1.9952623149688795,0.92391689498253893,0.80645161290322576,248,fer,1000,1000,1,1,false,false,none,1000,TARGET_FRAME_ERRORS_REACHED
stage07_awgn_dense_formal_k200_fer,stage07_awgn_dense_formal_results.csv,45,e7fd5ed2919c72098c6979616538d6243c5bb4c47b05ef1697f8bd7b3fd4e28d,K200_M255K207,200,255整块200,STYLE_2,7,3.5,2.2387211385683394,1.4239168949825389,0.80645161290322576,248,fer,997,1000,0.997,0.997,false,false,none,1000,TARGET_FRAME_ERRORS_REACHED
stage07_awgn_dense_formal_k200_fer,stage07_awgn_dense_formal_results.csv,46,02d82275075d3fbf5632e893d7caa34a59b98ddfe24ba9999d9283b30c1a5e83,K200_M255K207,200,255整块200,STYLE_2,8,4,2.5118864315095801,1.9239168949825389,0.80645161290322576,248,fer,993,1000,0.99299999999999999,0.99299999999999999,false,false,none,1000,TARGET_FRAME_ERRORS_REACHED
stage07_awgn_dense_formal_k200_fer,stage07_awgn_dense_formal_results.csv,47,da2d94a2df63422204685fb1af892aa3310cbfecadfd6834c76e2ab799351d58,K200_M255K207,200,255整块200,STYLE_2,9,4.5,2.8183829312644537,2.4239168949825389,0.80645161290322576,248,fer,962,1000,0.96199999999999997,0.96199999999999997,false,false,none,1000,TARGET_FRAME_ERRORS_REACHED
stage07_awgn_dense_formal_k200_fer,stage07_awgn_dense_formal_results.csv,48,d2d5c03c7423a4808e43b8732695bf793084cc8fcc6ece763c6cac1cc83fd91f,K200_M255K207,200,255整块200,STYLE_2,10,5,3.1622776601683795,2.9239168949825389,0.80645161290322576,248,fer,829,1000,0.82899999999999996,0.82899999999999996,false,false,none,1000,TARGET_FRAME_ERRORS_REACHED
stage07_awgn_dense_formal_k200_fer,stage07_awgn_dense_formal_results.csv,49,eea54319c9b3b014faa65476427d734ab75fd26a1cdac9a4ad330e8c7a66d79d,K200_M255K207,200,255整块200,STYLE_2,11,5.5,3.548133892335755,3.4239168949825389,0.80645161290322576,248,fer,580,1000,0.57999999999999996,0.57999999999999996,false,false,none,1000,TARGET_FRAME_ERRORS_REACHED
stage07_awgn_dense_formal_k200_fer,stage07_awgn_dense_formal_results.csv,50,aba8f4fc18208e642ac139956bbbd9015842005d19e45f5ed2c7a97770096311,K200_M255K207,200,255整块200,STYLE_2,12,6,3.9810717055349722,3.9239168949825389,0.80645161290322576,248,fer,367,1000,0.36699999999999999,0.36699999999999999,false,false,none,1000,TARGET_FRAME_ERRORS_REACHED
stage07_awgn_dense_formal_k200_fer,stage07_awgn_dense_formal_results.csv,51,43bc2b8a18596f02a90c156c48450cc1e2ef18e273b16cd3ac0e6a891ebb0827,K200_M255K207,200,255整块200,STYLE_2,13,6.5,4.4668359215096318,4.4239168949825389,0.80645161290322576,248,fer,200,1464,0.13661202185792351,0.13661202185792351,false,false,none,1464,TARGET_FRAME_ERRORS_REACHED
stage07_awgn_dense_formal_k200_fer,stage07_awgn_dense_formal_results.csv,52,d146c7907334008abc0a7813c997c274bbfe8c03a44ae261296d0def37a89780,K200_M255K207,200,255整块200,STYLE_2,14,7,5.011872336272722,4.9239168949825389,0.80645161290322576,248,fer,200,5041,0.039674667724657803,0.039674667724657803,false,false,none,5041,TARGET_FRAME_ERRORS_REACHED
stage07_awgn_dense_formal_k200_fer,stage07_awgn_dense_formal_results.csv,53,a0d44c1048d6e4a4f9b212a891fe2a57c058b7f32c0fe20ec321bdd705442a73,K200_M255K207,200,255整块200,STYLE_2,15,7.5,5.6234132519034912,5.4239168949825389,0.80645161290322576,248,fer,200,28585,0.0069966765786251533,0.0069966765786251533,false,false,none,28585,TARGET_FRAME_ERRORS_REACHED
stage07_awgn_dense_formal_k200_fer,stage07_awgn_dense_formal_results.csv,54,46097f385037ad86a5256b0ada8d15d02baa326623afbecd4d21a9ee7757ecda,K200_M255K207,200,255整块200,STYLE_2,16,8,6.3095734448019334,5.9239168949825389,0.80645161290322576,248,fer,60,50000,0.0011999999999999999,0.0011999999999999999,false,false,none,50000,MAX_FRAMES_REACHED
stage07_awgn_dense_formal_k200_fer,stage07_awgn_dense_formal_results.csv,55,b54fd0e3b24047e8763c8215dd37c212097a25885de9a872bdb416196a680c6d,K200_M255K207,200,255整块200,STYLE_2,17,8.5,7.0794578438413787,6.4239168949825389,0.80645161290322576,248,fer,3,50000,6.0000000000000002e-05,6.0000000000000002e-05,false,false,none,50000,MAX_FRAMES_REACHED
stage07_awgn_dense_formal_k200_fer,stage07_awgn_dense_formal_results.csv,56,1b26133a4c9f8f11b2a11fe0428f283be3c51b1f9854abc0a760ecd345cfb24e,K200_M255K207,200,255整块200,STYLE_2,18,9,7.9432823472428158,6.9239168949825389,0.80645161290322576,248,fer,0,50000,0,1.0000000000000001e-05,true,true,0.5/totalFrames,50000,MAX_FRAMES_REACHED
stage07_awgn_dense_formal_k200_fer,stage07_awgn_dense_formal_results.csv,57,8f9d453b2280597f842d8a226224e211a0d3d24126d29e2aa2a0819b25d80e46,K200_M255K207,200,255整块200,STYLE_2,19,9.5,8.9125093813374541,7.4239168949825389,0.80645161290322576,248,fer,0,50000,0,1.0000000000000001e-05,true,true,0.5/totalFrames,50000,MAX_FRAMES_REACHED
stage07_awgn_dense_formal_k200_fer,stage07_awgn_dense_formal_results.csv,58,996483547cb9be49acc493acde4b946494e9bdbb09a558bbb1be43582d8c584e,K200_M255K207,200,255整块200,STYLE_2,20,10,10,7.9239168949825389,0.80645161290322576,248,fer,0,50000,0,1.0000000000000001e-05,true,true,0.5/totalFrames,50000,MAX_FRAMES_REACHED
stage07_awgn_dense_formal_k200_fer,stage07_awgn_dense_formal_results.csv,59,8fbf0707f4b4fb23dc0be42b303b5b37dc9843297e6ee07aed4f3803978e085e,K200_M255K207,200,255整块200,STYLE_2,21,10.5,11.220184543019636,8.4239168949825398,0.80645161290322576,248,fer,0,50000,0,1.0000000000000001e-05,true,true,0.5/totalFrames,50000,MAX_FRAMES_REACHED
stage07_awgn_dense_formal_k200_fer,stage07_awgn_dense_formal_results.csv,60,477ff5ade874c96901f8633f85efca2f12399896b704a72314e244f115c5e347,K200_M255K207,200,255整块200,STYLE_2,22,11,12.589254117941675,8.9239168949825398,0.80645161290322576,248,fer,0,50000,0,1.0000000000000001e-05,true,true,0.5/totalFrames,50000,MAX_FRAMES_REACHED
stage07_awgn_dense_formal_k200_fer,stage07_awgn_dense_formal_results.csv,61,6391378ace3cc0dd417f469a7150aaee91a32f25f64c1a6640517bab0b347d49,K200_M255K207,200,255整块200,STYLE_2,23,11.5,14.12537544622754,9.4239168949825398,0.80645161290322576,248,fer,0,50000,0,1.0000000000000001e-05,true,true,0.5/totalFrames,50000,MAX_FRAMES_REACHED
stage07_awgn_dense_formal_k200_fer,stage07_awgn_dense_formal_results.csv,62,774e36149f822e3ac889e892261f493e7e3688c46fee854a90b43a33855c1ff0,K200_M255K207,200,255整块200,STYLE_2,24,12,15.848931924611133,9.9239168949825398,0.80645161290322576,248,fer,0,50000,0,1.0000000000000001e-05,true,true,0.5/totalFrames,50000,MAX_FRAMES_REACHED
stage07_awgn_dense_formal_k200_fer,stage07_awgn_dense_formal_results.csv,63,edef7012e956ab7b23c108b80ba064047745a30dbec2208041c8eb31434e952a,K200_M255K207,200,255整块200,STYLE_2,25,12.5,17.782794100389228,10.42391689498254,0.80645161290322576,248,fer,0,50000,0,1.0000000000000001e-05,true,true,0.5/totalFrames,50000,MAX_FRAMES_REACHED
stage07_awgn_dense_formal_k200_fer,stage07_awgn_dense_formal_results.csv,64,fe3887a9855c7260031484ad371f3c4fbe858f636399367c495a4c9893f8bc8a,K200_M255K207,200,255整块200,STYLE_2,26,13,19.952623149688797,10.92391689498254,0.80645161290322576,248,fer,0,50000,0,1.0000000000000001e-05,true,true,0.5/totalFrames,50000,MAX_FRAMES_REACHED
stage07_awgn_dense_formal_k200_fer,stage07_awgn_dense_formal_results.csv,65,0e12b791863dc7ffb55ad4415e2fc96c1eaf88ba94e3e757bee9c7830491f32e,K200_M255K207,200,255整块200,STYLE_2,27,13.5,22.387211385683401,11.42391689498254,0.80645161290322576,248,fer,0,50000,0,1.0000000000000001e-05,true,true,0.5/totalFrames,50000,MAX_FRAMES_REACHED
stage07_awgn_dense_formal_k200_fer,stage07_awgn_dense_formal_results.csv,66,151eec4327e03eb6062d6724187718c09da37cce6631689c856dd7d88bbf6ce6,K200_M255K207,200,255整块200,STYLE_2,28,14,25.118864315095795,11.92391689498254,0.80645161290322576,248,fer,0,50000,0,1.0000000000000001e-05,true,true,0.5/totalFrames,50000,MAX_FRAMES_REACHED
stage07_awgn_dense_formal_k200_fer,stage07_awgn_dense_formal_results.csv,67,22b63a9ed862f990baed2bafadd8aadf2df90fc555a1a3c49d75c3a4ac1be2af,K200_M255K207,200,255整块200,STYLE_2,29,14.5,28.183829312644534,12.42391689498254,0.80645161290322576,248,fer,0,50000,0,1.0000000000000001e-05,true,true,0.5/totalFrames,50000,MAX_FRAMES_REACHED
stage07_awgn_dense_formal_k200_fer,stage07_awgn_dense_formal_results.csv,68,bf6d6c0c3a0a4778ee30710f6410fd9f52b4164b799c050c094da8b07598c417,K200_M255K207,200,255整块200,STYLE_2,30,15,31.622776601683793,12.92391689498254,0.80645161290322576,248,fer,0,50000,0,1.0000000000000001e-05,true,true,0.5/totalFrames,50000,MAX_FRAMES_REACHED
stage07_awgn_dense_formal_k200_fer,stage07_awgn_dense_formal_results.csv,69,a08783e17922b30ce98230dd6308f32836e89a02d34324c428f5dd8f5e5f8630,K200_M255K207,200,255整块200,STYLE_2,31,15.5,35.481338923357548,13.42391689498254,0.80645161290322576,248,fer,0,50000,0,1.0000000000000001e-05,true,true,0.5/totalFrames,50000,MAX_FRAMES_REACHED
stage07_awgn_dense_formal_k200_fer,stage07_awgn_dense_formal_results.csv,70,7fcd5f2f301c069049f42775f96381b724c9c18e688ea7cedaa001e56aa87d94,K200_M255K207,200,255整块200,STYLE_2,32,16,39.810717055349734,13.92391689498254,0.80645161290322576,248,fer,0,50000,0,1.0000000000000001e-05,true,true,0.5/totalFrames,50000,MAX_FRAMES_REACHED
stage07_awgn_dense_formal_k200_fer,stage07_awgn_dense_formal_results.csv,71,7607eb5c7512e2865a8245e3f1a24742d26e0528112de73cfa762b4d08776769,K200_M255K207,200,255整块200,STYLE_2,33,16.5,44.668359215096302,14.42391689498254,0.80645161290322576,248,fer,0,50000,0,1.0000000000000001e-05,true,true,0.5/totalFrames,50000,MAX_FRAMES_REACHED
stage07_awgn_dense_formal_k200_fer,stage07_awgn_dense_formal_results.csv,72,1114b56ffd498610b0e06d4f0485aa31ee4852fd7c085bd03a66abcff4d60c4f,K200_M255K207,200,255整块200,STYLE_2,34,17,50.118723362727224,14.92391689498254,0.80645161290322576,248,fer,0,50000,0,1.0000000000000001e-05,true,true,0.5/totalFrames,50000,MAX_FRAMES_REACHED
stage07_awgn_dense_formal_k200_fer,stage07_awgn_dense_formal_results.csv,73,f169bfe88f7ad0db605bcc796926a31e08279ed67c4d31398258f57cb12fae6e,K200_M255K207,200,255整块200,STYLE_2,35,17.5,56.234132519034908,15.42391689498254,0.80645161290322576,248,fer,0,50000,0,1.0000000000000001e-05,true,true,0.5/totalFrames,50000,MAX_FRAMES_REACHED
stage07_awgn_dense_formal_k200_fer,stage07_awgn_dense_formal_results.csv,74,5ed531ffe9d2021cd3ac99b7839b6f8a27ecb330beca4120c50ca3790e315918,K200_M255K207,200,255整块200,STYLE_2,36,18,63.095734448019329,15.92391689498254,0.80645161290322576,248,fer,0,50000,0,1.0000000000000001e-05,true,true,0.5/totalFrames,50000,MAX_FRAMES_REACHED
stage07_awgn_dense_formal_k200_fer,stage07_awgn_dense_formal_results.csv,112,ca06efa06e79057a78f2639e087457ccdeb41ccccaf4b48cfe684dea64ee7e2e,K200_M511K385,200,385整块200,STYLE_4,0,0,1,-0.88842391260023401,0.61349693251533743,326,fer,1000,1000,1,1,false,false,none,1000,TARGET_FRAME_ERRORS_REACHED
stage07_awgn_dense_formal_k200_fer,stage07_awgn_dense_formal_results.csv,113,81e35063463c2da9ba0a7aef5ac4c951cdcd7b5a7afe5beb2cc5fbd218c5effe,K200_M511K385,200,385整块200,STYLE_4,1,0.5,1.1220184543019633,-0.38842391260023401,0.61349693251533743,326,fer,1000,1000,1,1,false,false,none,1000,TARGET_FRAME_ERRORS_REACHED
stage07_awgn_dense_formal_k200_fer,stage07_awgn_dense_formal_results.csv,114,5c734ff52dc04e09878e6c07a5aa26595cc642a91524f4c382fba908c73c5f25,K200_M511K385,200,385整块200,STYLE_4,2,1,1.2589254117941673,0.11157608739976599,0.61349693251533743,326,fer,1000,1000,1,1,false,false,none,1000,TARGET_FRAME_ERRORS_REACHED
stage07_awgn_dense_formal_k200_fer,stage07_awgn_dense_formal_results.csv,115,b56cd2af193b979b1c4ebed617abcab8321be686856a19a7df9100fb5c9bdbe3,K200_M511K385,200,385整块200,STYLE_4,3,1.5,1.4125375446227544,0.61157608739976599,0.61349693251533743,326,fer,1000,1000,1,1,false,false,none,1000,TARGET_FRAME_ERRORS_REACHED
stage07_awgn_dense_formal_k200_fer,stage07_awgn_dense_formal_results.csv,116,56d53a7e21312342a64e01660e131ce59742c21a5f147675ae950eabec622936,K200_M511K385,200,385整块200,STYLE_4,4,2,1.5848931924611136,1.111576087399766,0.61349693251533743,326,fer,1000,1000,1,1,false,false,none,1000,TARGET_FRAME_ERRORS_REACHED
stage07_awgn_dense_formal_k200_fer,stage07_awgn_dense_formal_results.csv,117,a3d682443e4b0d43495a9b6cda8c82780dec2da551ab27bf57ef61afa67f0108,K200_M511K385,200,385整块200,STYLE_4,5,2.5,1.7782794100389228,1.611576087399766,0.61349693251533743,326,fer,1000,1000,1,1,false,false,none,1000,TARGET_FRAME_ERRORS_REACHED
stage07_awgn_dense_formal_k200_fer,stage07_awgn_dense_formal_results.csv,118,0d3a188dfc044ca57e0a91cfb39200ebed19db6f8aca2154d875752c11a1bd7c,K200_M511K385,200,385整块200,STYLE_4,6,3,1.9952623149688795,2.111576087399766,0.61349693251533743,326,fer,989,1000,0.98899999999999999,0.98899999999999999,false,false,none,1000,TARGET_FRAME_ERRORS_REACHED
stage07_awgn_dense_formal_k200_fer,stage07_awgn_dense_formal_results.csv,119,94244578d1793e81c75155bfeab2fdd48617e9d803fdc43679d892b184ffb5d2,K200_M511K385,200,385整块200,STYLE_4,7,3.5,2.2387211385683394,2.611576087399766,0.61349693251533743,326,fer,962,1000,0.96199999999999997,0.96199999999999997,false,false,none,1000,TARGET_FRAME_ERRORS_REACHED
stage07_awgn_dense_formal_k200_fer,stage07_awgn_dense_formal_results.csv,120,c48ce1d6b0007f202e6d66ac9b5b07d0a4f37a19e619d3d165ee5bc0c869b764,K200_M511K385,200,385整块200,STYLE_4,8,4,2.5118864315095801,3.111576087399766,0.61349693251533743,326,fer,823,1000,0.82299999999999995,0.82299999999999995,false,false,none,1000,TARGET_FRAME_ERRORS_REACHED
stage07_awgn_dense_formal_k200_fer,stage07_awgn_dense_formal_results.csv,121,7b0ec4b56bfd47538c51701150f4b5940663eb145ae74aba15f71af966fbd9dd,K200_M511K385,200,385整块200,STYLE_4,9,4.5,2.8183829312644537,3.611576087399766,0.61349693251533743,326,fer,561,1000,0.56100000000000005,0.56100000000000005,false,false,none,1000,TARGET_FRAME_ERRORS_REACHED
stage07_awgn_dense_formal_k200_fer,stage07_awgn_dense_formal_results.csv,122,d8f9584ced0bcad9b3ca6cdf6bb5d07da62d3da0325b0439dad64699442f02bc,K200_M511K385,200,385整块200,STYLE_4,10,5,3.1622776601683795,4.111576087399766,0.61349693251533743,326,fer,235,1000,0.23499999999999999,0.23499999999999999,false,false,none,1000,TARGET_FRAME_ERRORS_REACHED
stage07_awgn_dense_formal_k200_fer,stage07_awgn_dense_formal_results.csv,123,c40d3a00b1e0356f44e9e00766a54c86ad1dce6389dcf7e633f326ee8ead560d,K200_M511K385,200,385整块200,STYLE_4,11,5.5,3.548133892335755,4.611576087399766,0.61349693251533743,326,fer,200,2963,0.067499156260546742,0.067499156260546742,false,false,none,2963,TARGET_FRAME_ERRORS_REACHED
stage07_awgn_dense_formal_k200_fer,stage07_awgn_dense_formal_results.csv,124,0f0a3033d27133ccb00a27e4fa6b95b3f80be2e1d9df9d590c7bc80ec515855f,K200_M511K385,200,385整块200,STYLE_4,12,6,3.9810717055349722,5.111576087399766,0.61349693251533743,326,fer,200,23451,0.0085284209628587269,0.0085284209628587269,false,false,none,23451,TARGET_FRAME_ERRORS_REACHED
stage07_awgn_dense_formal_k200_fer,stage07_awgn_dense_formal_results.csv,125,89d6bcc90d4f891672925ce3fb48d5f8473a43b9d864f012cd77118c1248d8bb,K200_M511K385,200,385整块200,STYLE_4,13,6.5,4.4668359215096318,5.611576087399766,0.61349693251533743,326,fer,42,50000,0.00084000000000000003,0.00084000000000000003,false,false,none,50000,MAX_FRAMES_REACHED
stage07_awgn_dense_formal_k200_fer,stage07_awgn_dense_formal_results.csv,126,e60267eb0a5ce53bdbff2fe391c2293d92a32f54e151734cf82687f5e14ffdf1,K200_M511K385,200,385整块200,STYLE_4,14,7,5.011872336272722,6.111576087399766,0.61349693251533743,326,fer,0,50000,0,1.0000000000000001e-05,true,true,0.5/totalFrames,50000,MAX_FRAMES_REACHED
stage07_awgn_dense_formal_k200_fer,stage07_awgn_dense_formal_results.csv,127,4688729923e70dbc1f24dd45740780cd5b98158cfc90e0e4516fee8d27a7713e,K200_M511K385,200,385整块200,STYLE_4,15,7.5,5.6234132519034912,6.611576087399766,0.61349693251533743,326,fer,0,50000,0,1.0000000000000001e-05,true,true,0.5/totalFrames,50000,MAX_FRAMES_REACHED
stage07_awgn_dense_formal_k200_fer,stage07_awgn_dense_formal_results.csv,128,a6f157fde01ca2b6f7b333cf9e1b74f8c9c332f1fffe783f6d117d92ed17aabe,K200_M511K385,200,385整块200,STYLE_4,16,8,6.3095734448019334,7.111576087399766,0.61349693251533743,326,fer,0,50000,0,1.0000000000000001e-05,true,true,0.5/totalFrames,50000,MAX_FRAMES_REACHED
stage07_awgn_dense_formal_k200_fer,stage07_awgn_dense_formal_results.csv,129,bc3d75afb0f5460ae222e972bb9f6d66ca166367dd29430d89b3732363d86f2f,K200_M511K385,200,385整块200,STYLE_4,17,8.5,7.0794578438413787,7.611576087399766,0.61349693251533743,326,fer,0,50000,0,1.0000000000000001e-05,true,true,0.5/totalFrames,50000,MAX_FRAMES_REACHED
stage07_awgn_dense_formal_k200_fer,stage07_awgn_dense_formal_results.csv,130,dac76cf573643116fe23a5c56c888b058e224d8f80d14cfb8d1c8d74a9bba0c3,K200_M511K385,200,385整块200,STYLE_4,18,9,7.9432823472428158,8.1115760873997651,0.61349693251533743,326,fer,0,50000,0,1.0000000000000001e-05,true,true,0.5/totalFrames,50000,MAX_FRAMES_REACHED
stage07_awgn_dense_formal_k200_fer,stage07_awgn_dense_formal_results.csv,131,fe9ba17cba4c29f0589a3880b4a794f9b4241db458886a4cbb7dce03e9b31b9b,K200_M511K385,200,385整块200,STYLE_4,19,9.5,8.9125093813374541,8.6115760873997651,0.61349693251533743,326,fer,0,50000,0,1.0000000000000001e-05,true,true,0.5/totalFrames,50000,MAX_FRAMES_REACHED
stage07_awgn_dense_formal_k200_fer,stage07_awgn_dense_formal_results.csv,132,0baba4ed23b292e9ded261c58c823fcb7214e05662d35cd164b4c97576e4ee20,K200_M511K385,200,385整块200,STYLE_4,20,10,10,9.1115760873997651,0.61349693251533743,326,fer,0,50000,0,1.0000000000000001e-05,true,true,0.5/totalFrames,50000,MAX_FRAMES_REACHED
stage07_awgn_dense_formal_k200_fer,stage07_awgn_dense_formal_results.csv,133,d2d322d39d16785fc707f4fc564d8c3d2d2518b1f89e7c51d08e6ae88ce019bf,K200_M511K385,200,385整块200,STYLE_4,21,10.5,11.220184543019636,9.6115760873997651,0.61349693251533743,326,fer,0,50000,0,1.0000000000000001e-05,true,true,0.5/totalFrames,50000,MAX_FRAMES_REACHED
stage07_awgn_dense_formal_k200_fer,stage07_awgn_dense_formal_results.csv,134,4b0ccaa09733af2f332aee30d7c4f7703a9285b86ceddccb6c1dd79b3e159f83,K200_M511K385,200,385整块200,STYLE_4,22,11,12.589254117941675,10.111576087399765,0.61349693251533743,326,fer,0,50000,0,1.0000000000000001e-05,true,true,0.5/totalFrames,50000,MAX_FRAMES_REACHED
stage07_awgn_dense_formal_k200_fer,stage07_awgn_dense_formal_results.csv,135,49cddb6d789bc85c79e42d7eafc09c7fb114165b4bae020e8730747d41259942,K200_M511K385,200,385整块200,STYLE_4,23,11.5,14.12537544622754,10.611576087399765,0.61349693251533743,326,fer,0,50000,0,1.0000000000000001e-05,true,true,0.5/totalFrames,50000,MAX_FRAMES_REACHED
stage07_awgn_dense_formal_k200_fer,stage07_awgn_dense_formal_results.csv,136,cf9fce6c543b73af7dec2b093de0dbd38697e961df81c92e02611f39d7436db0,K200_M511K385,200,385整块200,STYLE_4,24,12,15.848931924611133,11.111576087399765,0.61349693251533743,326,fer,0,50000,0,1.0000000000000001e-05,true,true,0.5/totalFrames,50000,MAX_FRAMES_REACHED
stage07_awgn_dense_formal_k200_fer,stage07_awgn_dense_formal_results.csv,137,d08b087752a619f0c8ca97ac73e5af55bd125d608c1f0aa0fae41df1190e368b,K200_M511K385,200,385整块200,STYLE_4,25,12.5,17.782794100389228,11.611576087399765,0.61349693251533743,326,fer,0,50000,0,1.0000000000000001e-05,true,true,0.5/totalFrames,50000,MAX_FRAMES_REACHED
stage07_awgn_dense_formal_k200_fer,stage07_awgn_dense_formal_results.csv,138,4d83a44c7cfc4a42805e538b317f1fe65e226b575f0c63b751ca72a77fe64078,K200_M511K385,200,385整块200,STYLE_4,26,13,19.952623149688797,12.111576087399765,0.61349693251533743,326,fer,0,50000,0,1.0000000000000001e-05,true,true,0.5/totalFrames,50000,MAX_FRAMES_REACHED
stage07_awgn_dense_formal_k200_fer,stage07_awgn_dense_formal_results.csv,139,f80d425974c656928acdcd48a6cc4f396a4a68b17063d4216f40430e52a837bd,K200_M511K385,200,385整块200,STYLE_4,27,13.5,22.387211385683401,12.611576087399765,0.61349693251533743,326,fer,0,50000,0,1.0000000000000001e-05,true,true,0.5/totalFrames,50000,MAX_FRAMES_REACHED
stage07_awgn_dense_formal_k200_fer,stage07_awgn_dense_formal_results.csv,140,599e0a82da98f9d0d8deac25f861b013893895c6422e3a6dfb93a716994c8d68,K200_M511K385,200,385整块200,STYLE_4,28,14,25.118864315095795,13.111576087399765,0.61349693251533743,326,fer,0,50000,0,1.0000000000000001e-05,true,true,0.5/totalFrames,50000,MAX_FRAMES_REACHED
stage07_awgn_dense_formal_k200_fer,stage07_awgn_dense_formal_results.csv,141,311501327ca056095a2559533853313fb3e10adc2cbbdd80d09fd3853a05493b,K200_M511K385,200,385整块200,STYLE_4,29,14.5,28.183829312644534,13.611576087399765,0.61349693251533743,326,fer,0,50000,0,1.0000000000000001e-05,true,true,0.5/totalFrames,50000,MAX_FRAMES_REACHED
stage07_awgn_dense_formal_k200_fer,stage07_awgn_dense_formal_results.csv,142,69c78fc04779de723514404808e669b9f8d27bb52ac6390bd127cec6269b6c2e,K200_M511K385,200,385整块200,STYLE_4,30,15,31.622776601683793,14.111576087399765,0.61349693251533743,326,fer,0,50000,0,1.0000000000000001e-05,true,true,0.5/totalFrames,50000,MAX_FRAMES_REACHED
stage07_awgn_dense_formal_k200_fer,stage07_awgn_dense_formal_results.csv,143,6b5fd89c684cfe510cca652872376b4eb96ffae96c007181208f4c1cc0bffa52,K200_M511K385,200,385整块200,STYLE_4,31,15.5,35.481338923357548,14.611576087399765,0.61349693251533743,326,fer,0,50000,0,1.0000000000000001e-05,true,true,0.5/totalFrames,50000,MAX_FRAMES_REACHED
stage07_awgn_dense_formal_k200_fer,stage07_awgn_dense_formal_results.csv,144,ff7d6f4a664e5a4c9f9177652fbb0bb423a4610d1fef62deb32b5bbea0cb91e8,K200_M511K385,200,385整块200,STYLE_4,32,16,39.810717055349734,15.111576087399765,0.61349693251533743,326,fer,0,50000,0,1.0000000000000001e-05,true,true,0.5/totalFrames,50000,MAX_FRAMES_REACHED
stage07_awgn_dense_formal_k200_fer,stage07_awgn_dense_formal_results.csv,145,95059351dda116cf8f34df7843387adcb41590f2e445a37476e00dc2f00ce57c,K200_M511K385,200,385整块200,STYLE_4,33,16.5,44.668359215096302,15.611576087399765,0.61349693251533743,326,fer,0,50000,0,1.0000000000000001e-05,true,true,0.5/totalFrames,50000,MAX_FRAMES_REACHED
stage07_awgn_dense_formal_k200_fer,stage07_awgn_dense_formal_results.csv,146,0e4ac5cdd32b7eace2bc7511b503b2a238de13aa9da8da71d23017533fbef4ea,K200_M511K385,200,385整块200,STYLE_4,34,17,50.118723362727224,16.111576087399765,0.61349693251533743,326,fer,0,50000,0,1.0000000000000001e-05,true,true,0.5/totalFrames,50000,MAX_FRAMES_REACHED
stage07_awgn_dense_formal_k200_fer,stage07_awgn_dense_formal_results.csv,147,20cf3ee0424d8580ca4144572744c2f1fc2e3955b5b2bf542f257a5d2bad7923,K200_M511K385,200,385整块200,STYLE_4,35,17.5,56.234132519034908,16.611576087399765,0.61349693251533743,326,fer,0,50000,0,1.0000000000000001e-05,true,true,0.5/totalFrames,50000,MAX_FRAMES_REACHED
stage07_awgn_dense_formal_k200_fer,stage07_awgn_dense_formal_results.csv,148,448d62b67678741ca71083d3bbacd506cdfa5ec27da63d44cfb13b81bca6f101,K200_M511K385,200,385整块200,STYLE_4,36,18,63.095734448019329,17.111576087399765,0.61349693251533743,326,fer,0,50000,0,1.0000000000000001e-05,true,true,0.5/totalFrames,50000,MAX_FRAMES_REACHED
stage07_awgn_dense_formal_k200_fer,stage07_awgn_dense_formal_results.csv,75,cada770596cd90b750fd66602acf8c65afbbf298381c2f09e59a3b9a0bbead2f,K200_M511K421,200,421整块200,STYLE_3,0,0,1,-1.3966199342900634,0.68965517241379315,290,fer,1000,1000,1,1,false,false,none,1000,TARGET_FRAME_ERRORS_REACHED
stage07_awgn_dense_formal_k200_fer,stage07_awgn_dense_formal_results.csv,76,f4a9d1bf9c36bae7c240697a4c01d696a1680ef402e377963c0b8106732bd0f8,K200_M511K421,200,421整块200,STYLE_3,1,0.5,1.1220184543019633,-0.89661993429006337,0.68965517241379315,290,fer,1000,1000,1,1,false,false,none,1000,TARGET_FRAME_ERRORS_REACHED
stage07_awgn_dense_formal_k200_fer,stage07_awgn_dense_formal_results.csv,77,b16773c501fda01eb9171805003d6c31a61eff5c68d7b13a1ad1bf90f54ee6dd,K200_M511K421,200,421整块200,STYLE_3,2,1,1.2589254117941673,-0.39661993429006337,0.68965517241379315,290,fer,1000,1000,1,1,false,false,none,1000,TARGET_FRAME_ERRORS_REACHED
stage07_awgn_dense_formal_k200_fer,stage07_awgn_dense_formal_results.csv,78,8200bd719e2ea353868601c2d8da2a6ac63ff0aa9d5210cd4de181fad9e1a17b,K200_M511K421,200,421整块200,STYLE_3,3,1.5,1.4125375446227544,0.10338006570993663,0.68965517241379315,290,fer,1000,1000,1,1,false,false,none,1000,TARGET_FRAME_ERRORS_REACHED
stage07_awgn_dense_formal_k200_fer,stage07_awgn_dense_formal_results.csv,79,3dd9c14a836c27ffe6344334d51867ed1a25cd2838ccdfce85f88f1706052313,K200_M511K421,200,421整块200,STYLE_3,4,2,1.5848931924611136,0.60338006570993663,0.68965517241379315,290,fer,1000,1000,1,1,false,false,none,1000,TARGET_FRAME_ERRORS_REACHED
stage07_awgn_dense_formal_k200_fer,stage07_awgn_dense_formal_results.csv,80,026c1056ebb6aa24fa89b6a5b9321c844eaa45c74326261d97aa7f8622947a5c,K200_M511K421,200,421整块200,STYLE_3,5,2.5,1.7782794100389228,1.1033800657099366,0.68965517241379315,290,fer,1000,1000,1,1,false,false,none,1000,TARGET_FRAME_ERRORS_REACHED
stage07_awgn_dense_formal_k200_fer,stage07_awgn_dense_formal_results.csv,81,0bee04f8e252f08e56059825ee1cd4a19e096a6692b784295619e2ca0c540b21,K200_M511K421,200,421整块200,STYLE_3,6,3,1.9952623149688795,1.6033800657099366,0.68965517241379315,290,fer,997,1000,0.997,0.997,false,false,none,1000,TARGET_FRAME_ERRORS_REACHED
stage07_awgn_dense_formal_k200_fer,stage07_awgn_dense_formal_results.csv,82,ed5416d51caeba109304295823be9bb47ead5918921766ac5d883fb0d0f325a6,K200_M511K421,200,421整块200,STYLE_3,7,3.5,2.2387211385683394,2.1033800657099366,0.68965517241379315,290,fer,986,1000,0.98599999999999999,0.98599999999999999,false,false,none,1000,TARGET_FRAME_ERRORS_REACHED
stage07_awgn_dense_formal_k200_fer,stage07_awgn_dense_formal_results.csv,83,ca2f1355262df09cbedd9f3bd5e2ec3c61aa2ddda24daec76390c328174236d2,K200_M511K421,200,421整块200,STYLE_3,8,4,2.5118864315095801,2.6033800657099366,0.68965517241379315,290,fer,950,1000,0.94999999999999996,0.94999999999999996,false,false,none,1000,TARGET_FRAME_ERRORS_REACHED
stage07_awgn_dense_formal_k200_fer,stage07_awgn_dense_formal_results.csv,84,229c58d7a9c582893e3843c9d99b7d4ce4a46af77aa0521db5b73c63d20b4d4a,K200_M511K421,200,421整块200,STYLE_3,9,4.5,2.8183829312644537,3.1033800657099366,0.68965517241379315,290,fer,813,1000,0.81299999999999994,0.81299999999999994,false,false,none,1000,TARGET_FRAME_ERRORS_REACHED
stage07_awgn_dense_formal_k200_fer,stage07_awgn_dense_formal_results.csv,85,c0f6b7ee1c5d26b4b700e64d59128d3518d310e7b1d4cfe2daae5d76c63c663b,K200_M511K421,200,421整块200,STYLE_3,10,5,3.1622776601683795,3.6033800657099366,0.68965517241379315,290,fer,562,1000,0.56200000000000006,0.56200000000000006,false,false,none,1000,TARGET_FRAME_ERRORS_REACHED
stage07_awgn_dense_formal_k200_fer,stage07_awgn_dense_formal_results.csv,86,d7bf10de7ba9bbed16de660038cdba5d98a61e760b52e1977a89685070d9bed7,K200_M511K421,200,421整块200,STYLE_3,11,5.5,3.548133892335755,4.1033800657099366,0.68965517241379315,290,fer,243,1000,0.24299999999999999,0.24299999999999999,false,false,none,1000,TARGET_FRAME_ERRORS_REACHED
stage07_awgn_dense_formal_k200_fer,stage07_awgn_dense_formal_results.csv,87,65cf43ff15778edc312f58c0188a66ff65ecaeb40cb109bba72c9deed5e97894,K200_M511K421,200,421整块200,STYLE_3,12,6,3.9810717055349722,4.6033800657099366,0.68965517241379315,290,fer,200,2540,0.07874015748031496,0.07874015748031496,false,false,none,2540,TARGET_FRAME_ERRORS_REACHED
stage07_awgn_dense_formal_k200_fer,stage07_awgn_dense_formal_results.csv,88,89c3030fae1c70ed9cdf925702d007f7633b597e735d6a6eb1d5cbec3a1ca8e1,K200_M511K421,200,421整块200,STYLE_3,13,6.5,4.4668359215096318,5.1033800657099366,0.68965517241379315,290,fer,200,17578,0.011377858686995108,0.011377858686995108,false,false,none,17578,TARGET_FRAME_ERRORS_REACHED
stage07_awgn_dense_formal_k200_fer,stage07_awgn_dense_formal_results.csv,89,6f5e610bc0d89b8ac7539fe4bb6b34ca075acb8a40af2ce5d31deffe6247c19b,K200_M511K421,200,421整块200,STYLE_3,14,7,5.011872336272722,5.6033800657099366,0.68965517241379315,290,fer,49,50000,0.00097999999999999997,0.00097999999999999997,false,false,none,50000,MAX_FRAMES_REACHED
stage07_awgn_dense_formal_k200_fer,stage07_awgn_dense_formal_results.csv,90,1a7c062c4261daadb410f33c83644d9e884a8d739e23c3d4d7cb85dde518b6b0,K200_M511K421,200,421整块200,STYLE_3,15,7.5,5.6234132519034912,6.1033800657099366,0.68965517241379315,290,fer,3,50000,6.0000000000000002e-05,6.0000000000000002e-05,false,false,none,50000,MAX_FRAMES_REACHED
stage07_awgn_dense_formal_k200_fer,stage07_awgn_dense_formal_results.csv,91,95d27c4128f1aba7e34a931dbc8b0eb67a99f28a6067188ae183c70209e0a232,K200_M511K421,200,421整块200,STYLE_3,16,8,6.3095734448019334,6.6033800657099366,0.68965517241379315,290,fer,0,50000,0,1.0000000000000001e-05,true,true,0.5/totalFrames,50000,MAX_FRAMES_REACHED
stage07_awgn_dense_formal_k200_fer,stage07_awgn_dense_formal_results.csv,92,1fc2969a3d93338e20e094d592d3734274407e578f71c6629000f1fb234d0059,K200_M511K421,200,421整块200,STYLE_3,17,8.5,7.0794578438413787,7.1033800657099366,0.68965517241379315,290,fer,0,50000,0,1.0000000000000001e-05,true,true,0.5/totalFrames,50000,MAX_FRAMES_REACHED
stage07_awgn_dense_formal_k200_fer,stage07_awgn_dense_formal_results.csv,93,dce51b72b07dc7573deebdaddbc75471d1da34c60cf53b3c5ce9e806f7c8206f,K200_M511K421,200,421整块200,STYLE_3,18,9,7.9432823472428158,7.6033800657099366,0.68965517241379315,290,fer,0,50000,0,1.0000000000000001e-05,true,true,0.5/totalFrames,50000,MAX_FRAMES_REACHED
stage07_awgn_dense_formal_k200_fer,stage07_awgn_dense_formal_results.csv,94,476fed3af12f9fd3afe86a9d0ddfc6e4e29942cc4012b739cb75d8907cb4d9d0,K200_M511K421,200,421整块200,STYLE_3,19,9.5,8.9125093813374541,8.1033800657099366,0.68965517241379315,290,fer,0,50000,0,1.0000000000000001e-05,true,true,0.5/totalFrames,50000,MAX_FRAMES_REACHED
stage07_awgn_dense_formal_k200_fer,stage07_awgn_dense_formal_results.csv,95,ada4b8be13e4df9562e478a745ad3a2bcc8c784176b3a8fde450524bfe5b9607,K200_M511K421,200,421整块200,STYLE_3,20,10,10,8.6033800657099366,0.68965517241379315,290,fer,0,50000,0,1.0000000000000001e-05,true,true,0.5/totalFrames,50000,MAX_FRAMES_REACHED
stage07_awgn_dense_formal_k200_fer,stage07_awgn_dense_formal_results.csv,96,546073a0897d9e29dec701884e72689e00f518947a00329178ac3e4b2a3a39eb,K200_M511K421,200,421整块200,STYLE_3,21,10.5,11.220184543019636,9.1033800657099366,0.68965517241379315,290,fer,0,50000,0,1.0000000000000001e-05,true,true,0.5/totalFrames,50000,MAX_FRAMES_REACHED
stage07_awgn_dense_formal_k200_fer,stage07_awgn_dense_formal_results.csv,97,84211d321dcb81b6433f08746b1df7b9c81bd1660e571d86ae03eb7f6e927a3a,K200_M511K421,200,421整块200,STYLE_3,22,11,12.589254117941675,9.6033800657099366,0.68965517241379315,290,fer,0,50000,0,1.0000000000000001e-05,true,true,0.5/totalFrames,50000,MAX_FRAMES_REACHED
stage07_awgn_dense_formal_k200_fer,stage07_awgn_dense_formal_results.csv,98,6f325e0534952a518669a9aeec00f01e1eb16af0ba36ba5b7b2a3c1c1f51a753,K200_M511K421,200,421整块200,STYLE_3,23,11.5,14.12537544622754,10.103380065709937,0.68965517241379315,290,fer,0,50000,0,1.0000000000000001e-05,true,true,0.5/totalFrames,50000,MAX_FRAMES_REACHED
stage07_awgn_dense_formal_k200_fer,stage07_awgn_dense_formal_results.csv,99,b13db5aa6685a6b01af7548e096e59c5921e3fc971e738daaef15571b5977cd9,K200_M511K421,200,421整块200,STYLE_3,24,12,15.848931924611133,10.603380065709937,0.68965517241379315,290,fer,0,50000,0,1.0000000000000001e-05,true,true,0.5/totalFrames,50000,MAX_FRAMES_REACHED
stage07_awgn_dense_formal_k200_fer,stage07_awgn_dense_formal_results.csv,100,9534b2149cfab9ba5bda7df288596945f91d8e46d3041bf05f8cd03cf3536c9b,K200_M511K421,200,421整块200,STYLE_3,25,12.5,17.782794100389228,11.103380065709937,0.68965517241379315,290,fer,0,50000,0,1.0000000000000001e-05,true,true,0.5/totalFrames,50000,MAX_FRAMES_REACHED
stage07_awgn_dense_formal_k200_fer,stage07_awgn_dense_formal_results.csv,101,5fa3687aa10f46368e3909464722484c2edd567c283fc269190f45d11d5c70a7,K200_M511K421,200,421整块200,STYLE_3,26,13,19.952623149688797,11.603380065709937,0.68965517241379315,290,fer,0,50000,0,1.0000000000000001e-05,true,true,0.5/totalFrames,50000,MAX_FRAMES_REACHED
stage07_awgn_dense_formal_k200_fer,stage07_awgn_dense_formal_results.csv,102,678824e899d6085b1e8bee7892164895b1b99cd1c4d2d117f0d2cb8cec5607bd,K200_M511K421,200,421整块200,STYLE_3,27,13.5,22.387211385683401,12.103380065709937,0.68965517241379315,290,fer,0,50000,0,1.0000000000000001e-05,true,true,0.5/totalFrames,50000,MAX_FRAMES_REACHED
stage07_awgn_dense_formal_k200_fer,stage07_awgn_dense_formal_results.csv,103,ae07d6f82b1534bc8bb773ebfdb0966ef0bc477bd423366fd8789c32abfa00e0,K200_M511K421,200,421整块200,STYLE_3,28,14,25.118864315095795,12.603380065709937,0.68965517241379315,290,fer,0,50000,0,1.0000000000000001e-05,true,true,0.5/totalFrames,50000,MAX_FRAMES_REACHED
stage07_awgn_dense_formal_k200_fer,stage07_awgn_dense_formal_results.csv,104,3deaa3ae62dc654b93df1aef8e6601a4fa4c67cc725075a9d91726d940aaa850,K200_M511K421,200,421整块200,STYLE_3,29,14.5,28.183829312644534,13.103380065709937,0.68965517241379315,290,fer,0,50000,0,1.0000000000000001e-05,true,true,0.5/totalFrames,50000,MAX_FRAMES_REACHED
stage07_awgn_dense_formal_k200_fer,stage07_awgn_dense_formal_results.csv,105,2107eab0ee8148b89733c71e1afa4db7295171fe246b2ed9aa92b0558fec99e6,K200_M511K421,200,421整块200,STYLE_3,30,15,31.622776601683793,13.603380065709937,0.68965517241379315,290,fer,0,50000,0,1.0000000000000001e-05,true,true,0.5/totalFrames,50000,MAX_FRAMES_REACHED
stage07_awgn_dense_formal_k200_fer,stage07_awgn_dense_formal_results.csv,106,125454bfe72e722745c4a53e122b4a18df6c3dc63725cbb8130be76575275b46,K200_M511K421,200,421整块200,STYLE_3,31,15.5,35.481338923357548,14.103380065709937,0.68965517241379315,290,fer,0,50000,0,1.0000000000000001e-05,true,true,0.5/totalFrames,50000,MAX_FRAMES_REACHED
stage07_awgn_dense_formal_k200_fer,stage07_awgn_dense_formal_results.csv,107,4718ade3f08c64fa4aa93b7f182ace149ee88d877a2ab75f7e525989e9e364c5,K200_M511K421,200,421整块200,STYLE_3,32,16,39.810717055349734,14.603380065709937,0.68965517241379315,290,fer,0,50000,0,1.0000000000000001e-05,true,true,0.5/totalFrames,50000,MAX_FRAMES_REACHED
stage07_awgn_dense_formal_k200_fer,stage07_awgn_dense_formal_results.csv,108,c564f896dfa5971d4eeba718f706ecf223026058e1aedaf9a43fb045cefc9227,K200_M511K421,200,421整块200,STYLE_3,33,16.5,44.668359215096302,15.103380065709937,0.68965517241379315,290,fer,0,50000,0,1.0000000000000001e-05,true,true,0.5/totalFrames,50000,MAX_FRAMES_REACHED
stage07_awgn_dense_formal_k200_fer,stage07_awgn_dense_formal_results.csv,109,ecf2e41358330c5a75d9a78aa3f037e61989ad740220ed0e4aaa2348ea68a657,K200_M511K421,200,421整块200,STYLE_3,34,17,50.118723362727224,15.603380065709937,0.68965517241379315,290,fer,0,50000,0,1.0000000000000001e-05,true,true,0.5/totalFrames,50000,MAX_FRAMES_REACHED
stage07_awgn_dense_formal_k200_fer,stage07_awgn_dense_formal_results.csv,110,4ee4492f5845d4dff60d3490071c70e5e6cc089d6fe7724b93dee2ab77e711bf,K200_M511K421,200,421整块200,STYLE_3,35,17.5,56.234132519034908,16.103380065709935,0.68965517241379315,290,fer,0,50000,0,1.0000000000000001e-05,true,true,0.5/totalFrames,50000,MAX_FRAMES_REACHED
stage07_awgn_dense_formal_k200_fer,stage07_awgn_dense_formal_results.csv,111,bed0cf872093712174e71879b85ae491c6921b69753d31c65b6020a1e85f849d,K200_M511K421,200,421整块200,STYLE_3,36,18,63.095734448019329,16.603380065709935,0.68965517241379315,290,fer,0,50000,0,1.0000000000000001e-05,true,true,0.5/totalFrames,50000,MAX_FRAMES_REACHED
stage07_awgn_dense_formal_k200_fer,stage07_awgn_dense_formal_results.csv,1,6c959cbf195250c60ae262ecccddacefd722e68b34ff2d7747e9a4568e82baab,K200_S15,200,分块200,STYLE_1,0,0,1,-1.4721513131945216,0.70175438596491224,285,fer,1000,1000,1,1,false,false,none,1000,TARGET_FRAME_ERRORS_REACHED
stage07_awgn_dense_formal_k200_fer,stage07_awgn_dense_formal_results.csv,2,b7b381ff5ea13773b4cb4070e7e893d6578250a9e5fbfc7745bb5174df9452bd,K200_S15,200,分块200,STYLE_1,1,0.5,1.1220184543019633,-0.97215131319452164,0.70175438596491224,285,fer,1000,1000,1,1,false,false,none,1000,TARGET_FRAME_ERRORS_REACHED
stage07_awgn_dense_formal_k200_fer,stage07_awgn_dense_formal_results.csv,3,688544cc6f1d7bc871f0b346bc1650bf2b48eb0b9eee45e5c07590e60b055882,K200_S15,200,分块200,STYLE_1,2,1,1.2589254117941673,-0.47215131319452164,0.70175438596491224,285,fer,1000,1000,1,1,false,false,none,1000,TARGET_FRAME_ERRORS_REACHED
stage07_awgn_dense_formal_k200_fer,stage07_awgn_dense_formal_results.csv,4,a19262d0d500705444b802231f3881fe5d4dbfc125de47061150c500d0ad2724,K200_S15,200,分块200,STYLE_1,3,1.5,1.4125375446227544,0.027848686805478362,0.70175438596491224,285,fer,1000,1000,1,1,false,false,none,1000,TARGET_FRAME_ERRORS_REACHED
stage07_awgn_dense_formal_k200_fer,stage07_awgn_dense_formal_results.csv,5,409809cb5333668e30b9e277a1d238520f7c481709c372cb866d988e80a21351,K200_S15,200,分块200,STYLE_1,4,2,1.5848931924611136,0.52784868680547836,0.70175438596491224,285,fer,1000,1000,1,1,false,false,none,1000,TARGET_FRAME_ERRORS_REACHED
stage07_awgn_dense_formal_k200_fer,stage07_awgn_dense_formal_results.csv,6,92a9ccb5c30005b9c1c3a59679e1362269cf82f8d404d7dc9d051c4c8dddadb9,K200_S15,200,分块200,STYLE_1,5,2.5,1.7782794100389228,1.0278486868054784,0.70175438596491224,285,fer,1000,1000,1,1,false,false,none,1000,TARGET_FRAME_ERRORS_REACHED
stage07_awgn_dense_formal_k200_fer,stage07_awgn_dense_formal_results.csv,7,9072eb3defc2d334f7b01737bed82259f660dcdb725f436487ac250967549042,K200_S15,200,分块200,STYLE_1,6,3,1.9952623149688795,1.5278486868054784,0.70175438596491224,285,fer,1000,1000,1,1,false,false,none,1000,TARGET_FRAME_ERRORS_REACHED
stage07_awgn_dense_formal_k200_fer,stage07_awgn_dense_formal_results.csv,8,70e5efcab8a2b1b19076ad7cf12b4b5a2b16d3596952ee8cab5e6165e0fe5a58,K200_S15,200,分块200,STYLE_1,7,3.5,2.2387211385683394,2.0278486868054784,0.70175438596491224,285,fer,997,1000,0.997,0.997,false,false,none,1000,TARGET_FRAME_ERRORS_REACHED
stage07_awgn_dense_formal_k200_fer,stage07_awgn_dense_formal_results.csv,9,ed1afdc614a3922129196bdb4f17607086c615f4310023ab038d065713e53e21,K200_S15,200,分块200,STYLE_1,8,4,2.5118864315095801,2.5278486868054784,0.70175438596491224,285,fer,981,1000,0.98099999999999998,0.98099999999999998,false,false,none,1000,TARGET_FRAME_ERRORS_REACHED
stage07_awgn_dense_formal_k200_fer,stage07_awgn_dense_formal_results.csv,10,6fa6c055ff40cbba02c124df5eaadea480830019119b24c26dd968f6896f378e,K200_S15,200,分块200,STYLE_1,9,4.5,2.8183829312644537,3.0278486868054784,0.70175438596491224,285,fer,955,1000,0.95499999999999996,0.95499999999999996,false,false,none,1000,TARGET_FRAME_ERRORS_REACHED
stage07_awgn_dense_formal_k200_fer,stage07_awgn_dense_formal_results.csv,11,d816acd591b507f133b847ce370b8bb66ca13be3720011db594014a36abdb428,K200_S15,200,分块200,STYLE_1,10,5,3.1622776601683795,3.5278486868054784,0.70175438596491224,285,fer,860,1000,0.85999999999999999,0.85999999999999999,false,false,none,1000,TARGET_FRAME_ERRORS_REACHED
stage07_awgn_dense_formal_k200_fer,stage07_awgn_dense_formal_results.csv,12,eb2fa8ec2f9e3fb6df17a0f068d7caf284ac7b1af4e6392d740c6649dec94631,K200_S15,200,分块200,STYLE_1,11,5.5,3.548133892335755,4.0278486868054788,0.70175438596491224,285,fer,746,1000,0.746,0.746,false,false,none,1000,TARGET_FRAME_ERRORS_REACHED
stage07_awgn_dense_formal_k200_fer,stage07_awgn_dense_formal_results.csv,13,cca11526592001e351e1aa69d073160ffe41445e34e66a39afefab5b1bb8bd13,K200_S15,200,分块200,STYLE_1,12,6,3.9810717055349722,4.5278486868054788,0.70175438596491224,285,fer,586,1000,0.58599999999999997,0.58599999999999997,false,false,none,1000,TARGET_FRAME_ERRORS_REACHED
stage07_awgn_dense_formal_k200_fer,stage07_awgn_dense_formal_results.csv,14,40d4df3c91e93644f4bc7bff4fe621c51f92a12b2f6be083945c18364a20c127,K200_S15,200,分块200,STYLE_1,13,6.5,4.4668359215096318,5.0278486868054788,0.70175438596491224,285,fer,398,1000,0.39800000000000002,0.39800000000000002,false,false,none,1000,TARGET_FRAME_ERRORS_REACHED
stage07_awgn_dense_formal_k200_fer,stage07_awgn_dense_formal_results.csv,15,fee159d36eb4eaab9848017c3096fbb01b9400eec644cc3d2c593d17f385ead6,K200_S15,200,分块200,STYLE_1,14,7,5.011872336272722,5.5278486868054788,0.70175438596491224,285,fer,237,1000,0.23699999999999999,0.23699999999999999,false,false,none,1000,TARGET_FRAME_ERRORS_REACHED
stage07_awgn_dense_formal_k200_fer,stage07_awgn_dense_formal_results.csv,16,93a0b654c716d80b68393b5b709010d3a44af5330f0261e95c35816dc7024503,K200_S15,200,分块200,STYLE_1,15,7.5,5.6234132519034912,6.0278486868054788,0.70175438596491224,285,fer,200,1539,0.12995451591942819,0.12995451591942819,false,false,none,1539,TARGET_FRAME_ERRORS_REACHED
stage07_awgn_dense_formal_k200_fer,stage07_awgn_dense_formal_results.csv,17,05d2c3123311d5cc7b9116c05cb80ed499db8d52978fee0c3876cb3a572cfd98,K200_S15,200,分块200,STYLE_1,16,8,6.3095734448019334,6.5278486868054788,0.70175438596491224,285,fer,200,3224,0.062034739454094295,0.062034739454094295,false,false,none,3224,TARGET_FRAME_ERRORS_REACHED
stage07_awgn_dense_formal_k200_fer,stage07_awgn_dense_formal_results.csv,18,402a687f2ae72ab51096479f6bc4b976c142879612ff73d06cadb515730866dd,K200_S15,200,分块200,STYLE_1,17,8.5,7.0794578438413787,7.0278486868054788,0.70175438596491224,285,fer,200,7089,0.028212723938496262,0.028212723938496262,false,false,none,7089,TARGET_FRAME_ERRORS_REACHED
stage07_awgn_dense_formal_k200_fer,stage07_awgn_dense_formal_results.csv,19,76b055360b621322c38834f058da98cacde103dd215ab6f53beda9fbe5633197,K200_S15,200,分块200,STYLE_1,18,9,7.9432823472428158,7.5278486868054788,0.70175438596491224,285,fer,200,20501,0.0097556216769913665,0.0097556216769913665,false,false,none,20501,TARGET_FRAME_ERRORS_REACHED
stage07_awgn_dense_formal_k200_fer,stage07_awgn_dense_formal_results.csv,20,bf22581e7539b70aae5f56027cde10424dfbebfd01f4ecf9acb5ed62e74ecb91,K200_S15,200,分块200,STYLE_1,19,9.5,8.9125093813374541,8.0278486868054788,0.70175438596491224,285,fer,172,50000,0.0034399999999999999,0.0034399999999999999,false,false,none,50000,MAX_FRAMES_REACHED
stage07_awgn_dense_formal_k200_fer,stage07_awgn_dense_formal_results.csv,21,007d7c92eb76e520fab507b50ad402dec239b982fbe6809e72ade8c3ecb67d78,K200_S15,200,分块200,STYLE_1,20,10,10,8.5278486868054788,0.70175438596491224,285,fer,57,50000,0.00114,0.00114,false,false,none,50000,MAX_FRAMES_REACHED
stage07_awgn_dense_formal_k200_fer,stage07_awgn_dense_formal_results.csv,22,dc6bf31cf8fda2cb3fcb71908942b6ad7662e50561a701ab341f3c0f59701075,K200_S15,200,分块200,STYLE_1,21,10.5,11.220184543019636,9.0278486868054788,0.70175438596491224,285,fer,17,50000,0.00034000000000000002,0.00034000000000000002,false,false,none,50000,MAX_FRAMES_REACHED
stage07_awgn_dense_formal_k200_fer,stage07_awgn_dense_formal_results.csv,23,a9a6926a2574b19718dcfed4159695ab1ec34b4731aceaf342fe4523d4c1c1e9,K200_S15,200,分块200,STYLE_1,22,11,12.589254117941675,9.5278486868054788,0.70175438596491224,285,fer,4,50000,8.0000000000000007e-05,8.0000000000000007e-05,false,false,none,50000,MAX_FRAMES_REACHED
stage07_awgn_dense_formal_k200_fer,stage07_awgn_dense_formal_results.csv,24,3c56e02af2711d7999c55e4a4065ac7bf9825dad83e0f7afc1c059c27db771e7,K200_S15,200,分块200,STYLE_1,23,11.5,14.12537544622754,10.027848686805479,0.70175438596491224,285,fer,1,50000,2.0000000000000002e-05,2.0000000000000002e-05,false,false,none,50000,MAX_FRAMES_REACHED
stage07_awgn_dense_formal_k200_fer,stage07_awgn_dense_formal_results.csv,25,f02b3b9efe8f7ac775ae2ccb2434e34e119bf0ca38e436e265a68ece1d4e72d6,K200_S15,200,分块200,STYLE_1,24,12,15.848931924611133,10.527848686805479,0.70175438596491224,285,fer,1,50000,2.0000000000000002e-05,2.0000000000000002e-05,false,false,none,50000,MAX_FRAMES_REACHED
stage07_awgn_dense_formal_k200_fer,stage07_awgn_dense_formal_results.csv,26,6495ffeb55e2cb001b767f44ff6ec7a58b73d17a6a9d44b2e700a430a9e5a7da,K200_S15,200,分块200,STYLE_1,25,12.5,17.782794100389228,11.027848686805479,0.70175438596491224,285,fer,0,50000,0,1.0000000000000001e-05,true,true,0.5/totalFrames,50000,MAX_FRAMES_REACHED
stage07_awgn_dense_formal_k200_fer,stage07_awgn_dense_formal_results.csv,27,be5dc42cfae3a4b668523f11cfa3f9d7b5bd1a7278fdb13e56a2765438910e56,K200_S15,200,分块200,STYLE_1,26,13,19.952623149688797,11.527848686805479,0.70175438596491224,285,fer,0,50000,0,1.0000000000000001e-05,true,true,0.5/totalFrames,50000,MAX_FRAMES_REACHED
stage07_awgn_dense_formal_k200_fer,stage07_awgn_dense_formal_results.csv,28,dca49c06aef5109e14d4c105697321057e54585bb48498fee0b3ff1ce51966be,K200_S15,200,分块200,STYLE_1,27,13.5,22.387211385683401,12.027848686805479,0.70175438596491224,285,fer,0,50000,0,1.0000000000000001e-05,true,true,0.5/totalFrames,50000,MAX_FRAMES_REACHED
stage07_awgn_dense_formal_k200_fer,stage07_awgn_dense_formal_results.csv,29,9ef71ad550c5eee9f7efce20fffd887c42941ec8cf9ecd7d45caf2ed3d19dd91,K200_S15,200,分块200,STYLE_1,28,14,25.118864315095795,12.527848686805479,0.70175438596491224,285,fer,0,50000,0,1.0000000000000001e-05,true,true,0.5/totalFrames,50000,MAX_FRAMES_REACHED
stage07_awgn_dense_formal_k200_fer,stage07_awgn_dense_formal_results.csv,30,0e2b4f38f2c3b4d25f86fbd5803ba5a2e190da119469de49addec2063009231b,K200_S15,200,分块200,STYLE_1,29,14.5,28.183829312644534,13.027848686805479,0.70175438596491224,285,fer,0,50000,0,1.0000000000000001e-05,true,true,0.5/totalFrames,50000,MAX_FRAMES_REACHED
stage07_awgn_dense_formal_k200_fer,stage07_awgn_dense_formal_results.csv,31,f4e423a2ce7571d36e2a64820e53c92d8d7ed58cae505523d437ae16e9445874,K200_S15,200,分块200,STYLE_1,30,15,31.622776601683793,13.527848686805479,0.70175438596491224,285,fer,0,50000,0,1.0000000000000001e-05,true,true,0.5/totalFrames,50000,MAX_FRAMES_REACHED
stage07_awgn_dense_formal_k200_fer,stage07_awgn_dense_formal_results.csv,32,49d35a30e1caec2c1a282b3960cdf933861dbf24d3546713f11c2770fb890b5f,K200_S15,200,分块200,STYLE_1,31,15.5,35.481338923357548,14.027848686805479,0.70175438596491224,285,fer,0,50000,0,1.0000000000000001e-05,true,true,0.5/totalFrames,50000,MAX_FRAMES_REACHED
stage07_awgn_dense_formal_k200_fer,stage07_awgn_dense_formal_results.csv,33,ca781b4970fd8d2491532fa98070bb43ba6bd375eeb0cf328bfd8ca881836bc3,K200_S15,200,分块200,STYLE_1,32,16,39.810717055349734,14.527848686805479,0.70175438596491224,285,fer,0,50000,0,1.0000000000000001e-05,true,true,0.5/totalFrames,50000,MAX_FRAMES_REACHED
stage07_awgn_dense_formal_k200_fer,stage07_awgn_dense_formal_results.csv,34,a242ad52325fd1fc617b27375a2dba7c2087bdfc24e56fb97b49b5a27ba27816,K200_S15,200,分块200,STYLE_1,33,16.5,44.668359215096302,15.027848686805479,0.70175438596491224,285,fer,0,50000,0,1.0000000000000001e-05,true,true,0.5/totalFrames,50000,MAX_FRAMES_REACHED
stage07_awgn_dense_formal_k200_fer,stage07_awgn_dense_formal_results.csv,35,1e7ba555487aa673f853f04bf98b038cfe9cbdfe4e618234b1d66308403992c4,K200_S15,200,分块200,STYLE_1,34,17,50.118723362727224,15.527848686805479,0.70175438596491224,285,fer,0,50000,0,1.0000000000000001e-05,true,true,0.5/totalFrames,50000,MAX_FRAMES_REACHED
stage07_awgn_dense_formal_k200_fer,stage07_awgn_dense_formal_results.csv,36,d8da44879e36c7699840f3e415c6c0041de3d6c379a739578fc719ba7383e43c,K200_S15,200,分块200,STYLE_1,35,17.5,56.234132519034908,16.027848686805477,0.70175438596491224,285,fer,0,50000,0,1.0000000000000001e-05,true,true,0.5/totalFrames,50000,MAX_FRAMES_REACHED
stage07_awgn_dense_formal_k200_fer,stage07_awgn_dense_formal_results.csv,37,c1ac0944ac68cce9d6641779c42cd4cb261166fa681f8e0532fa1d6543902709,K200_S15,200,分块200,STYLE_1,36,18,63.095734448019329,16.527848686805477,0.70175438596491224,285,fer,0,50000,0,1.0000000000000001e-05,true,true,0.5/totalFrames,50000,MAX_FRAMES_REACHED
stage07_awgn_dense_formal_k200_latency,stage07_awgn_dense_formal_results.csv,38,fe3a8dde58b70a91f516c43583690890b0d7839c650f5c0b1b7d99bbef96fc6f,K200_M255K207,200,255整块200,STYLE_2,0,0,1,-2.0760831050174611,0.80645161290322576,248,decodeTimeMeanNs,46226700,1000,46.225999999999999,46.225999999999999,false,false,none,1000,TARGET_FRAME_ERRORS_REACHED
stage07_awgn_dense_formal_k200_latency,stage07_awgn_dense_formal_results.csv,39,3ca93613951da26375a829514c15339b1950ee54dfae6bb23ca454d079598cdb,K200_M255K207,200,255整块200,STYLE_2,1,0.5,1.1220184543019633,-1.5760831050174611,0.80645161290322576,248,decodeTimeMeanNs,36574100,1000,36.573999999999998,36.573999999999998,false,false,none,1000,TARGET_FRAME_ERRORS_REACHED
stage07_awgn_dense_formal_k200_latency,stage07_awgn_dense_formal_results.csv,40,ae1043acb67e0bb7ef41782871be4fb1e37d3b895ae194bd9922f036aa31307b,K200_M255K207,200,255整块200,STYLE_2,2,1,1.2589254117941673,-1.0760831050174611,0.80645161290322576,248,decodeTimeMeanNs,35431800,1000,35.430999999999997,35.430999999999997,false,false,none,1000,TARGET_FRAME_ERRORS_REACHED
stage07_awgn_dense_formal_k200_latency,stage07_awgn_dense_formal_results.csv,41,7a98c8eec34393b7f61be682aef175f738df1171ac16c0be9063f3780288f5b7,K200_M255K207,200,255整块200,STYLE_2,3,1.5,1.4125375446227544,-0.57608310501746107,0.80645161290322576,248,decodeTimeMeanNs,108320700,1000,108.31999999999999,108.31999999999999,false,false,none,1000,TARGET_FRAME_ERRORS_REACHED
stage07_awgn_dense_formal_k200_latency,stage07_awgn_dense_formal_results.csv,42,ee9b6ae123d64cfbf99d90e71ed51d4692a6076bc83cb089884b7b37aa5ec59f,K200_M255K207,200,255整块200,STYLE_2,4,2,1.5848931924611136,-0.076083105017461072,0.80645161290322576,248,decodeTimeMeanNs,48540400,1000,48.539999999999999,48.539999999999999,false,false,none,1000,TARGET_FRAME_ERRORS_REACHED
stage07_awgn_dense_formal_k200_latency,stage07_awgn_dense_formal_results.csv,43,26a89b16592e3028ff9cb2d96fb73c355ea7c0052b5f8b69fa6d4ee98ea2c317,K200_M255K207,200,255整块200,STYLE_2,5,2.5,1.7782794100389228,0.42391689498253893,0.80645161290322576,248,decodeTimeMeanNs,39430800,1000,39.43,39.43,false,false,none,1000,TARGET_FRAME_ERRORS_REACHED
stage07_awgn_dense_formal_k200_latency,stage07_awgn_dense_formal_results.csv,44,398ae6e2585f217a80ea5f59091951bc0fa636e95836eea5d38cb50e5da52ec2,K200_M255K207,200,255整块200,STYLE_2,6,3,1.9952623149688795,0.92391689498253893,0.80645161290322576,248,decodeTimeMeanNs,32744600,1000,32.744,32.744,false,false,none,1000,TARGET_FRAME_ERRORS_REACHED
stage07_awgn_dense_formal_k200_latency,stage07_awgn_dense_formal_results.csv,45,e7fd5ed2919c72098c6979616538d6243c5bb4c47b05ef1697f8bd7b3fd4e28d,K200_M255K207,200,255整块200,STYLE_2,7,3.5,2.2387211385683394,1.4239168949825389,0.80645161290322576,248,decodeTimeMeanNs,42393000,1000,42.393000000000001,42.393000000000001,false,false,none,1000,TARGET_FRAME_ERRORS_REACHED
stage07_awgn_dense_formal_k200_latency,stage07_awgn_dense_formal_results.csv,46,02d82275075d3fbf5632e893d7caa34a59b98ddfe24ba9999d9283b30c1a5e83,K200_M255K207,200,255整块200,STYLE_2,8,4,2.5118864315095801,1.9239168949825389,0.80645161290322576,248,decodeTimeMeanNs,43466300,1000,43.466000000000001,43.466000000000001,false,false,none,1000,TARGET_FRAME_ERRORS_REACHED
stage07_awgn_dense_formal_k200_latency,stage07_awgn_dense_formal_results.csv,47,da2d94a2df63422204685fb1af892aa3310cbfecadfd6834c76e2ab799351d58,K200_M255K207,200,255整块200,STYLE_2,9,4.5,2.8183829312644537,2.4239168949825389,0.80645161290322576,248,decodeTimeMeanNs,31186400,1000,31.186,31.186,false,false,none,1000,TARGET_FRAME_ERRORS_REACHED
stage07_awgn_dense_formal_k200_latency,stage07_awgn_dense_formal_results.csv,48,d2d5c03c7423a4808e43b8732695bf793084cc8fcc6ece763c6cac1cc83fd91f,K200_M255K207,200,255整块200,STYLE_2,10,5,3.1622776601683795,2.9239168949825389,0.80645161290322576,248,decodeTimeMeanNs,27687300,1000,27.687000000000001,27.687000000000001,false,false,none,1000,TARGET_FRAME_ERRORS_REACHED
stage07_awgn_dense_formal_k200_latency,stage07_awgn_dense_formal_results.csv,49,eea54319c9b3b014faa65476427d734ab75fd26a1cdac9a4ad330e8c7a66d79d,K200_M255K207,200,255整块200,STYLE_2,11,5.5,3.548133892335755,3.4239168949825389,0.80645161290322576,248,decodeTimeMeanNs,24714600,1000,24.713999999999999,24.713999999999999,false,false,none,1000,TARGET_FRAME_ERRORS_REACHED
stage07_awgn_dense_formal_k200_latency,stage07_awgn_dense_formal_results.csv,50,aba8f4fc18208e642ac139956bbbd9015842005d19e45f5ed2c7a97770096311,K200_M255K207,200,255整块200,STYLE_2,12,6,3.9810717055349722,3.9239168949825389,0.80645161290322576,248,decodeTimeMeanNs,38094200,1000,38.094000000000001,38.094000000000001,false,false,none,1000,TARGET_FRAME_ERRORS_REACHED
stage07_awgn_dense_formal_k200_latency,stage07_awgn_dense_formal_results.csv,51,43bc2b8a18596f02a90c156c48450cc1e2ef18e273b16cd3ac0e6a891ebb0827,K200_M255K207,200,255整块200,STYLE_2,13,6.5,4.4668359215096318,4.4239168949825389,0.80645161290322576,248,decodeTimeMeanNs,108522500,1464,74.126999999999995,74.126999999999995,false,false,none,1464,TARGET_FRAME_ERRORS_REACHED
stage07_awgn_dense_formal_k200_latency,stage07_awgn_dense_formal_results.csv,52,d146c7907334008abc0a7813c997c274bbfe8c03a44ae261296d0def37a89780,K200_M255K207,200,255整块200,STYLE_2,14,7,5.011872336272722,4.9239168949825389,0.80645161290322576,248,decodeTimeMeanNs,233642500,5041,46.347999999999999,46.347999999999999,false,false,none,5041,TARGET_FRAME_ERRORS_REACHED
stage07_awgn_dense_formal_k200_latency,stage07_awgn_dense_formal_results.csv,53,a0d44c1048d6e4a4f9b212a891fe2a57c058b7f32c0fe20ec321bdd705442a73,K200_M255K207,200,255整块200,STYLE_2,15,7.5,5.6234132519034912,5.4239168949825389,0.80645161290322576,248,decodeTimeMeanNs,674347000,28585,23.59,23.59,false,false,none,28585,TARGET_FRAME_ERRORS_REACHED
stage07_awgn_dense_formal_k200_latency,stage07_awgn_dense_formal_results.csv,54,46097f385037ad86a5256b0ada8d15d02baa326623afbecd4d21a9ee7757ecda,K200_M255K207,200,255整块200,STYLE_2,16,8,6.3095734448019334,5.9239168949825389,0.80645161290322576,248,decodeTimeMeanNs,996342800,50000,19.925999999999998,19.925999999999998,false,false,none,50000,MAX_FRAMES_REACHED
stage07_awgn_dense_formal_k200_latency,stage07_awgn_dense_formal_results.csv,55,b54fd0e3b24047e8763c8215dd37c212097a25885de9a872bdb416196a680c6d,K200_M255K207,200,255整块200,STYLE_2,17,8.5,7.0794578438413787,6.4239168949825389,0.80645161290322576,248,decodeTimeMeanNs,889506700,50000,17.789999999999999,17.789999999999999,false,false,none,50000,MAX_FRAMES_REACHED
stage07_awgn_dense_formal_k200_latency,stage07_awgn_dense_formal_results.csv,56,1b26133a4c9f8f11b2a11fe0428f283be3c51b1f9854abc0a760ecd345cfb24e,K200_M255K207,200,255整块200,STYLE_2,18,9,7.9432823472428158,6.9239168949825389,0.80645161290322576,248,decodeTimeMeanNs,1142425600,50000,22.847999999999999,22.847999999999999,false,false,none,50000,MAX_FRAMES_REACHED
stage07_awgn_dense_formal_k200_latency,stage07_awgn_dense_formal_results.csv,57,8f9d453b2280597f842d8a226224e211a0d3d24126d29e2aa2a0819b25d80e46,K200_M255K207,200,255整块200,STYLE_2,19,9.5,8.9125093813374541,7.4239168949825389,0.80645161290322576,248,decodeTimeMeanNs,1172235800,50000,23.443999999999999,23.443999999999999,false,false,none,50000,MAX_FRAMES_REACHED
stage07_awgn_dense_formal_k200_latency,stage07_awgn_dense_formal_results.csv,58,996483547cb9be49acc493acde4b946494e9bdbb09a558bbb1be43582d8c584e,K200_M255K207,200,255整块200,STYLE_2,20,10,10,7.9239168949825389,0.80645161290322576,248,decodeTimeMeanNs,825567200,50000,16.510999999999999,16.510999999999999,false,false,none,50000,MAX_FRAMES_REACHED
stage07_awgn_dense_formal_k200_latency,stage07_awgn_dense_formal_results.csv,59,8fbf0707f4b4fb23dc0be42b303b5b37dc9843297e6ee07aed4f3803978e085e,K200_M255K207,200,255整块200,STYLE_2,21,10.5,11.220184543019636,8.4239168949825398,0.80645161290322576,248,decodeTimeMeanNs,919043400,50000,18.379999999999999,18.379999999999999,false,false,none,50000,MAX_FRAMES_REACHED
stage07_awgn_dense_formal_k200_latency,stage07_awgn_dense_formal_results.csv,60,477ff5ade874c96901f8633f85efca2f12399896b704a72314e244f115c5e347,K200_M255K207,200,255整块200,STYLE_2,22,11,12.589254117941675,8.9239168949825398,0.80645161290322576,248,decodeTimeMeanNs,855526200,50000,17.109999999999999,17.109999999999999,false,false,none,50000,MAX_FRAMES_REACHED
stage07_awgn_dense_formal_k200_latency,stage07_awgn_dense_formal_results.csv,61,6391378ace3cc0dd417f469a7150aaee91a32f25f64c1a6640517bab0b347d49,K200_M255K207,200,255整块200,STYLE_2,23,11.5,14.12537544622754,9.4239168949825398,0.80645161290322576,248,decodeTimeMeanNs,785621600,50000,15.712,15.712,false,false,none,50000,MAX_FRAMES_REACHED
stage07_awgn_dense_formal_k200_latency,stage07_awgn_dense_formal_results.csv,62,774e36149f822e3ac889e892261f493e7e3688c46fee854a90b43a33855c1ff0,K200_M255K207,200,255整块200,STYLE_2,24,12,15.848931924611133,9.9239168949825398,0.80645161290322576,248,decodeTimeMeanNs,1028349500,50000,20.565999999999999,20.565999999999999,false,false,none,50000,MAX_FRAMES_REACHED
stage07_awgn_dense_formal_k200_latency,stage07_awgn_dense_formal_results.csv,63,edef7012e956ab7b23c108b80ba064047745a30dbec2208041c8eb31434e952a,K200_M255K207,200,255整块200,STYLE_2,25,12.5,17.782794100389228,10.42391689498254,0.80645161290322576,248,decodeTimeMeanNs,1280677400,50000,25.613,25.613,false,false,none,50000,MAX_FRAMES_REACHED
stage07_awgn_dense_formal_k200_latency,stage07_awgn_dense_formal_results.csv,64,fe3887a9855c7260031484ad371f3c4fbe858f636399367c495a4c9893f8bc8a,K200_M255K207,200,255整块200,STYLE_2,26,13,19.952623149688797,10.92391689498254,0.80645161290322576,248,decodeTimeMeanNs,1421010900,50000,28.420000000000002,28.420000000000002,false,false,none,50000,MAX_FRAMES_REACHED
stage07_awgn_dense_formal_k200_latency,stage07_awgn_dense_formal_results.csv,65,0e12b791863dc7ffb55ad4415e2fc96c1eaf88ba94e3e757bee9c7830491f32e,K200_M255K207,200,255整块200,STYLE_2,27,13.5,22.387211385683401,11.42391689498254,0.80645161290322576,248,decodeTimeMeanNs,767434500,50000,15.348000000000001,15.348000000000001,false,false,none,50000,MAX_FRAMES_REACHED
stage07_awgn_dense_formal_k200_latency,stage07_awgn_dense_formal_results.csv,66,151eec4327e03eb6062d6724187718c09da37cce6631689c856dd7d88bbf6ce6,K200_M255K207,200,255整块200,STYLE_2,28,14,25.118864315095795,11.92391689498254,0.80645161290322576,248,decodeTimeMeanNs,1052860200,50000,21.056999999999999,21.056999999999999,false,false,none,50000,MAX_FRAMES_REACHED
stage07_awgn_dense_formal_k200_latency,stage07_awgn_dense_formal_results.csv,67,22b63a9ed862f990baed2bafadd8aadf2df90fc555a1a3c49d75c3a4ac1be2af,K200_M255K207,200,255整块200,STYLE_2,29,14.5,28.183829312644534,12.42391689498254,0.80645161290322576,248,decodeTimeMeanNs,788927800,50000,15.778,15.778,false,false,none,50000,MAX_FRAMES_REACHED
stage07_awgn_dense_formal_k200_latency,stage07_awgn_dense_formal_results.csv,68,bf6d6c0c3a0a4778ee30710f6410fd9f52b4164b799c050c094da8b07598c417,K200_M255K207,200,255整块200,STYLE_2,30,15,31.622776601683793,12.92391689498254,0.80645161290322576,248,decodeTimeMeanNs,931626600,50000,18.632000000000001,18.632000000000001,false,false,none,50000,MAX_FRAMES_REACHED
stage07_awgn_dense_formal_k200_latency,stage07_awgn_dense_formal_results.csv,69,a08783e17922b30ce98230dd6308f32836e89a02d34324c428f5dd8f5e5f8630,K200_M255K207,200,255整块200,STYLE_2,31,15.5,35.481338923357548,13.42391689498254,0.80645161290322576,248,decodeTimeMeanNs,1074301700,50000,21.486000000000001,21.486000000000001,false,false,none,50000,MAX_FRAMES_REACHED
stage07_awgn_dense_formal_k200_latency,stage07_awgn_dense_formal_results.csv,70,7fcd5f2f301c069049f42775f96381b724c9c18e688ea7cedaa001e56aa87d94,K200_M255K207,200,255整块200,STYLE_2,32,16,39.810717055349734,13.92391689498254,0.80645161290322576,248,decodeTimeMeanNs,837819400,50000,16.756,16.756,false,false,none,50000,MAX_FRAMES_REACHED
stage07_awgn_dense_formal_k200_latency,stage07_awgn_dense_formal_results.csv,71,7607eb5c7512e2865a8245e3f1a24742d26e0528112de73cfa762b4d08776769,K200_M255K207,200,255整块200,STYLE_2,33,16.5,44.668359215096302,14.42391689498254,0.80645161290322576,248,decodeTimeMeanNs,898890100,50000,17.977,17.977,false,false,none,50000,MAX_FRAMES_REACHED
stage07_awgn_dense_formal_k200_latency,stage07_awgn_dense_formal_results.csv,72,1114b56ffd498610b0e06d4f0485aa31ee4852fd7c085bd03a66abcff4d60c4f,K200_M255K207,200,255整块200,STYLE_2,34,17,50.118723362727224,14.92391689498254,0.80645161290322576,248,decodeTimeMeanNs,879413300,50000,17.588000000000001,17.588000000000001,false,false,none,50000,MAX_FRAMES_REACHED
stage07_awgn_dense_formal_k200_latency,stage07_awgn_dense_formal_results.csv,73,f169bfe88f7ad0db605bcc796926a31e08279ed67c4d31398258f57cb12fae6e,K200_M255K207,200,255整块200,STYLE_2,35,17.5,56.234132519034908,15.42391689498254,0.80645161290322576,248,decodeTimeMeanNs,987440100,50000,19.748000000000001,19.748000000000001,false,false,none,50000,MAX_FRAMES_REACHED
stage07_awgn_dense_formal_k200_latency,stage07_awgn_dense_formal_results.csv,74,5ed531ffe9d2021cd3ac99b7839b6f8a27ecb330beca4120c50ca3790e315918,K200_M255K207,200,255整块200,STYLE_2,36,18,63.095734448019329,15.92391689498254,0.80645161290322576,248,decodeTimeMeanNs,1446897500,50000,28.937000000000001,28.937000000000001,false,false,none,50000,MAX_FRAMES_REACHED
stage07_awgn_dense_formal_k200_latency,stage07_awgn_dense_formal_results.csv,112,ca06efa06e79057a78f2639e087457ccdeb41ccccaf4b48cfe684dea64ee7e2e,K200_M511K385,200,385整块200,STYLE_4,0,0,1,-0.88842391260023401,0.61349693251533743,326,decodeTimeMeanNs,287797800,1000,287.79700000000003,287.79700000000003,false,false,none,1000,TARGET_FRAME_ERRORS_REACHED
stage07_awgn_dense_formal_k200_latency,stage07_awgn_dense_formal_results.csv,113,81e35063463c2da9ba0a7aef5ac4c951cdcd7b5a7afe5beb2cc5fbd218c5effe,K200_M511K385,200,385整块200,STYLE_4,1,0.5,1.1220184543019633,-0.38842391260023401,0.61349693251533743,326,decodeTimeMeanNs,145071500,1000,145.071,145.071,false,false,none,1000,TARGET_FRAME_ERRORS_REACHED
stage07_awgn_dense_formal_k200_latency,stage07_awgn_dense_formal_results.csv,114,5c734ff52dc04e09878e6c07a5aa26595cc642a91524f4c382fba908c73c5f25,K200_M511K385,200,385整块200,STYLE_4,2,1,1.2589254117941673,0.11157608739976599,0.61349693251533743,326,decodeTimeMeanNs,102409600,1000,102.40900000000001,102.40900000000001,false,false,none,1000,TARGET_FRAME_ERRORS_REACHED
stage07_awgn_dense_formal_k200_latency,stage07_awgn_dense_formal_results.csv,115,b56cd2af193b979b1c4ebed617abcab8321be686856a19a7df9100fb5c9bdbe3,K200_M511K385,200,385整块200,STYLE_4,3,1.5,1.4125375446227544,0.61157608739976599,0.61349693251533743,326,decodeTimeMeanNs,96366500,1000,96.366,96.366,false,false,none,1000,TARGET_FRAME_ERRORS_REACHED
stage07_awgn_dense_formal_k200_latency,stage07_awgn_dense_formal_results.csv,116,56d53a7e21312342a64e01660e131ce59742c21a5f147675ae950eabec622936,K200_M511K385,200,385整块200,STYLE_4,4,2,1.5848931924611136,1.111576087399766,0.61349693251533743,326,decodeTimeMeanNs,89567600,1000,89.566999999999993,89.566999999999993,false,false,none,1000,TARGET_FRAME_ERRORS_REACHED
stage07_awgn_dense_formal_k200_latency,stage07_awgn_dense_formal_results.csv,117,a3d682443e4b0d43495a9b6cda8c82780dec2da551ab27bf57ef61afa67f0108,K200_M511K385,200,385整块200,STYLE_4,5,2.5,1.7782794100389228,1.611576087399766,0.61349693251533743,326,decodeTimeMeanNs,91407400,1000,91.406999999999996,91.406999999999996,false,false,none,1000,TARGET_FRAME_ERRORS_REACHED
stage07_awgn_dense_formal_k200_latency,stage07_awgn_dense_formal_results.csv,118,0d3a188dfc044ca57e0a91cfb39200ebed19db6f8aca2154d875752c11a1bd7c,K200_M511K385,200,385整块200,STYLE_4,6,3,1.9952623149688795,2.111576087399766,0.61349693251533743,326,decodeTimeMeanNs,97368200,1000,97.367999999999995,97.367999999999995,false,false,none,1000,TARGET_FRAME_ERRORS_REACHED
stage07_awgn_dense_formal_k200_latency,stage07_awgn_dense_formal_results.csv,119,94244578d1793e81c75155bfeab2fdd48617e9d803fdc43679d892b184ffb5d2,K200_M511K385,200,385整块200,STYLE_4,7,3.5,2.2387211385683394,2.611576087399766,0.61349693251533743,326,decodeTimeMeanNs,105358900,1000,105.358,105.358,false,false,none,1000,TARGET_FRAME_ERRORS_REACHED
stage07_awgn_dense_formal_k200_latency,stage07_awgn_dense_formal_results.csv,120,c48ce1d6b0007f202e6d66ac9b5b07d0a4f37a19e619d3d165ee5bc0c869b764,K200_M511K385,200,385整块200,STYLE_4,8,4,2.5118864315095801,3.111576087399766,0.61349693251533743,326,decodeTimeMeanNs,95731000,1000,95.730999999999995,95.730999999999995,false,false,none,1000,TARGET_FRAME_ERRORS_REACHED
stage07_awgn_dense_formal_k200_latency,stage07_awgn_dense_formal_results.csv,121,7b0ec4b56bfd47538c51701150f4b5940663eb145ae74aba15f71af966fbd9dd,K200_M511K385,200,385整块200,STYLE_4,9,4.5,2.8183829312644537,3.611576087399766,0.61349693251533743,326,decodeTimeMeanNs,93374700,1000,93.373999999999995,93.373999999999995,false,false,none,1000,TARGET_FRAME_ERRORS_REACHED
stage07_awgn_dense_formal_k200_latency,stage07_awgn_dense_formal_results.csv,122,d8f9584ced0bcad9b3ca6cdf6bb5d07da62d3da0325b0439dad64699442f02bc,K200_M511K385,200,385整块200,STYLE_4,10,5,3.1622776601683795,4.111576087399766,0.61349693251533743,326,decodeTimeMeanNs,85803600,1000,85.802999999999997,85.802999999999997,false,false,none,1000,TARGET_FRAME_ERRORS_REACHED
stage07_awgn_dense_formal_k200_latency,stage07_awgn_dense_formal_results.csv,123,c40d3a00b1e0356f44e9e00766a54c86ad1dce6389dcf7e633f326ee8ead560d,K200_M511K385,200,385整块200,STYLE_4,11,5.5,3.548133892335755,4.611576087399766,0.61349693251533743,326,decodeTimeMeanNs,229798900,2963,77.555999999999997,77.555999999999997,false,false,none,2963,TARGET_FRAME_ERRORS_REACHED
stage07_awgn_dense_formal_k200_latency,stage07_awgn_dense_formal_results.csv,124,0f0a3033d27133ccb00a27e4fa6b95b3f80be2e1d9df9d590c7bc80ec515855f,K200_M511K385,200,385整块200,STYLE_4,12,6,3.9810717055349722,5.111576087399766,0.61349693251533743,326,decodeTimeMeanNs,2032957700,23451,86.688999999999993,86.688999999999993,false,false,none,23451,TARGET_FRAME_ERRORS_REACHED
stage07_awgn_dense_formal_k200_latency,stage07_awgn_dense_formal_results.csv,125,89d6bcc90d4f891672925ce3fb48d5f8473a43b9d864f012cd77118c1248d8bb,K200_M511K385,200,385整块200,STYLE_4,13,6.5,4.4668359215096318,5.611576087399766,0.61349693251533743,326,decodeTimeMeanNs,3647791600,50000,72.954999999999998,72.954999999999998,false,false,none,50000,MAX_FRAMES_REACHED
stage07_awgn_dense_formal_k200_latency,stage07_awgn_dense_formal_results.csv,126,e60267eb0a5ce53bdbff2fe391c2293d92a32f54e151734cf82687f5e14ffdf1,K200_M511K385,200,385整块200,STYLE_4,14,7,5.011872336272722,6.111576087399766,0.61349693251533743,326,decodeTimeMeanNs,5006348800,50000,100.126,100.126,false,false,none,50000,MAX_FRAMES_REACHED
stage07_awgn_dense_formal_k200_latency,stage07_awgn_dense_formal_results.csv,127,4688729923e70dbc1f24dd45740780cd5b98158cfc90e0e4516fee8d27a7713e,K200_M511K385,200,385整块200,STYLE_4,15,7.5,5.6234132519034912,6.611576087399766,0.61349693251533743,326,decodeTimeMeanNs,3878178800,50000,77.563000000000002,77.563000000000002,false,false,none,50000,MAX_FRAMES_REACHED
stage07_awgn_dense_formal_k200_latency,stage07_awgn_dense_formal_results.csv,128,a6f157fde01ca2b6f7b333cf9e1b74f8c9c332f1fffe783f6d117d92ed17aabe,K200_M511K385,200,385整块200,STYLE_4,16,8,6.3095734448019334,7.111576087399766,0.61349693251533743,326,decodeTimeMeanNs,3235152100,50000,64.703000000000003,64.703000000000003,false,false,none,50000,MAX_FRAMES_REACHED
stage07_awgn_dense_formal_k200_latency,stage07_awgn_dense_formal_results.csv,129,bc3d75afb0f5460ae222e972bb9f6d66ca166367dd29430d89b3732363d86f2f,K200_M511K385,200,385整块200,STYLE_4,17,8.5,7.0794578438413787,7.611576087399766,0.61349693251533743,326,decodeTimeMeanNs,3709902200,50000,74.197999999999993,74.197999999999993,false,false,none,50000,MAX_FRAMES_REACHED
stage07_awgn_dense_formal_k200_latency,stage07_awgn_dense_formal_results.csv,130,dac76cf573643116fe23a5c56c888b058e224d8f80d14cfb8d1c8d74a9bba0c3,K200_M511K385,200,385整块200,STYLE_4,18,9,7.9432823472428158,8.1115760873997651,0.61349693251533743,326,decodeTimeMeanNs,4423216700,50000,88.463999999999999,88.463999999999999,false,false,none,50000,MAX_FRAMES_REACHED
stage07_awgn_dense_formal_k200_latency,stage07_awgn_dense_formal_results.csv,131,fe9ba17cba4c29f0589a3880b4a794f9b4241db458886a4cbb7dce03e9b31b9b,K200_M511K385,200,385整块200,STYLE_4,19,9.5,8.9125093813374541,8.6115760873997651,0.61349693251533743,326,decodeTimeMeanNs,3591362200,50000,71.826999999999998,71.826999999999998,false,false,none,50000,MAX_FRAMES_REACHED
stage07_awgn_dense_formal_k200_latency,stage07_awgn_dense_formal_results.csv,132,0baba4ed23b292e9ded261c58c823fcb7214e05662d35cd164b4c97576e4ee20,K200_M511K385,200,385整块200,STYLE_4,20,10,10,9.1115760873997651,0.61349693251533743,326,decodeTimeMeanNs,2892098800,50000,57.841000000000001,57.841000000000001,false,false,none,50000,MAX_FRAMES_REACHED
stage07_awgn_dense_formal_k200_latency,stage07_awgn_dense_formal_results.csv,133,d2d322d39d16785fc707f4fc564d8c3d2d2518b1f89e7c51d08e6ae88ce019bf,K200_M511K385,200,385整块200,STYLE_4,21,10.5,11.220184543019636,9.6115760873997651,0.61349693251533743,326,decodeTimeMeanNs,2611920400,50000,52.238,52.238,false,false,none,50000,MAX_FRAMES_REACHED
stage07_awgn_dense_formal_k200_latency,stage07_awgn_dense_formal_results.csv,134,4b0ccaa09733af2f332aee30d7c4f7703a9285b86ceddccb6c1dd79b3e159f83,K200_M511K385,200,385整块200,STYLE_4,22,11,12.589254117941675,10.111576087399765,0.61349693251533743,326,decodeTimeMeanNs,3791443200,50000,75.828000000000003,75.828000000000003,false,false,none,50000,MAX_FRAMES_REACHED
stage07_awgn_dense_formal_k200_latency,stage07_awgn_dense_formal_results.csv,135,49cddb6d789bc85c79e42d7eafc09c7fb114165b4bae020e8730747d41259942,K200_M511K385,200,385整块200,STYLE_4,23,11.5,14.12537544622754,10.611576087399765,0.61349693251533743,326,decodeTimeMeanNs,2806007600,50000,56.119999999999997,56.119999999999997,false,false,none,50000,MAX_FRAMES_REACHED
stage07_awgn_dense_formal_k200_latency,stage07_awgn_dense_formal_results.csv,136,cf9fce6c543b73af7dec2b093de0dbd38697e961df81c92e02611f39d7436db0,K200_M511K385,200,385整块200,STYLE_4,24,12,15.848931924611133,11.111576087399765,0.61349693251533743,326,decodeTimeMeanNs,3072656500,50000,61.453000000000003,61.453000000000003,false,false,none,50000,MAX_FRAMES_REACHED
stage07_awgn_dense_formal_k200_latency,stage07_awgn_dense_formal_results.csv,137,d08b087752a619f0c8ca97ac73e5af55bd125d608c1f0aa0fae41df1190e368b,K200_M511K385,200,385整块200,STYLE_4,25,12.5,17.782794100389228,11.611576087399765,0.61349693251533743,326,decodeTimeMeanNs,2789813900,50000,55.795999999999999,55.795999999999999,false,false,none,50000,MAX_FRAMES_REACHED
stage07_awgn_dense_formal_k200_latency,stage07_awgn_dense_formal_results.csv,138,4d83a44c7cfc4a42805e538b317f1fe65e226b575f0c63b751ca72a77fe64078,K200_M511K385,200,385整块200,STYLE_4,26,13,19.952623149688797,12.111576087399765,0.61349693251533743,326,decodeTimeMeanNs,3302858900,50000,66.057000000000002,66.057000000000002,false,false,none,50000,MAX_FRAMES_REACHED
stage07_awgn_dense_formal_k200_latency,stage07_awgn_dense_formal_results.csv,139,f80d425974c656928acdcd48a6cc4f396a4a68b17063d4216f40430e52a837bd,K200_M511K385,200,385整块200,STYLE_4,27,13.5,22.387211385683401,12.611576087399765,0.61349693251533743,326,decodeTimeMeanNs,2552428300,50000,51.048000000000002,51.048000000000002,false,false,none,50000,MAX_FRAMES_REACHED
stage07_awgn_dense_formal_k200_latency,stage07_awgn_dense_formal_results.csv,140,599e0a82da98f9d0d8deac25f861b013893895c6422e3a6dfb93a716994c8d68,K200_M511K385,200,385整块200,STYLE_4,28,14,25.118864315095795,13.111576087399765,0.61349693251533743,326,decodeTimeMeanNs,2331710900,50000,46.634,46.634,false,false,none,50000,MAX_FRAMES_REACHED
stage07_awgn_dense_formal_k200_latency,stage07_awgn_dense_formal_results.csv,141,311501327ca056095a2559533853313fb3e10adc2cbbdd80d09fd3853a05493b,K200_M511K385,200,385整块200,STYLE_4,29,14.5,28.183829312644534,13.611576087399765,0.61349693251533743,326,decodeTimeMeanNs,3187568300,50000,63.750999999999998,63.750999999999998,false,false,none,50000,MAX_FRAMES_REACHED
stage07_awgn_dense_formal_k200_latency,stage07_awgn_dense_formal_results.csv,142,69c78fc04779de723514404808e669b9f8d27bb52ac6390bd127cec6269b6c2e,K200_M511K385,200,385整块200,STYLE_4,30,15,31.622776601683793,14.111576087399765,0.61349693251533743,326,decodeTimeMeanNs,2975744800,50000,59.514000000000003,59.514000000000003,false,false,none,50000,MAX_FRAMES_REACHED
stage07_awgn_dense_formal_k200_latency,stage07_awgn_dense_formal_results.csv,143,6b5fd89c684cfe510cca652872376b4eb96ffae96c007181208f4c1cc0bffa52,K200_M511K385,200,385整块200,STYLE_4,31,15.5,35.481338923357548,14.611576087399765,0.61349693251533743,326,decodeTimeMeanNs,2465696900,50000,49.313000000000002,49.313000000000002,false,false,none,50000,MAX_FRAMES_REACHED
stage07_awgn_dense_formal_k200_latency,stage07_awgn_dense_formal_results.csv,144,ff7d6f4a664e5a4c9f9177652fbb0bb423a4610d1fef62deb32b5bbea0cb91e8,K200_M511K385,200,385整块200,STYLE_4,32,16,39.810717055349734,15.111576087399765,0.61349693251533743,326,decodeTimeMeanNs,2705720800,50000,54.113999999999997,54.113999999999997,false,false,none,50000,MAX_FRAMES_REACHED
stage07_awgn_dense_formal_k200_latency,stage07_awgn_dense_formal_results.csv,145,95059351dda116cf8f34df7843387adcb41590f2e445a37476e00dc2f00ce57c,K200_M511K385,200,385整块200,STYLE_4,33,16.5,44.668359215096302,15.611576087399765,0.61349693251533743,326,decodeTimeMeanNs,2282098700,50000,45.640999999999998,45.640999999999998,false,false,none,50000,MAX_FRAMES_REACHED
stage07_awgn_dense_formal_k200_latency,stage07_awgn_dense_formal_results.csv,146,0e4ac5cdd32b7eace2bc7511b503b2a238de13aa9da8da71d23017533fbef4ea,K200_M511K385,200,385整块200,STYLE_4,34,17,50.118723362727224,16.111576087399765,0.61349693251533743,326,decodeTimeMeanNs,2594633700,50000,51.892000000000003,51.892000000000003,false,false,none,50000,MAX_FRAMES_REACHED
stage07_awgn_dense_formal_k200_latency,stage07_awgn_dense_formal_results.csv,147,20cf3ee0424d8580ca4144572744c2f1fc2e3955b5b2bf542f257a5d2bad7923,K200_M511K385,200,385整块200,STYLE_4,35,17.5,56.234132519034908,16.611576087399765,0.61349693251533743,326,decodeTimeMeanNs,2831716600,50000,56.634,56.634,false,false,none,50000,MAX_FRAMES_REACHED
stage07_awgn_dense_formal_k200_latency,stage07_awgn_dense_formal_results.csv,148,448d62b67678741ca71083d3bbacd506cdfa5ec27da63d44cfb13b81bca6f101,K200_M511K385,200,385整块200,STYLE_4,36,18,63.095734448019329,17.111576087399765,0.61349693251533743,326,decodeTimeMeanNs,2541755100,50000,50.835000000000001,50.835000000000001,false,false,none,50000,MAX_FRAMES_REACHED
stage07_awgn_dense_formal_k200_latency,stage07_awgn_dense_formal_results.csv,75,cada770596cd90b750fd66602acf8c65afbbf298381c2f09e59a3b9a0bbead2f,K200_M511K421,200,421整块200,STYLE_3,0,0,1,-1.3966199342900634,0.68965517241379315,290,decodeTimeMeanNs,57815000,1000,57.814999999999998,57.814999999999998,false,false,none,1000,TARGET_FRAME_ERRORS_REACHED
stage07_awgn_dense_formal_k200_latency,stage07_awgn_dense_formal_results.csv,76,f4a9d1bf9c36bae7c240697a4c01d696a1680ef402e377963c0b8106732bd0f8,K200_M511K421,200,421整块200,STYLE_3,1,0.5,1.1220184543019633,-0.89661993429006337,0.68965517241379315,290,decodeTimeMeanNs,62055900,1000,62.055,62.055,false,false,none,1000,TARGET_FRAME_ERRORS_REACHED
stage07_awgn_dense_formal_k200_latency,stage07_awgn_dense_formal_results.csv,77,b16773c501fda01eb9171805003d6c31a61eff5c68d7b13a1ad1bf90f54ee6dd,K200_M511K421,200,421整块200,STYLE_3,2,1,1.2589254117941673,-0.39661993429006337,0.68965517241379315,290,decodeTimeMeanNs,63895500,1000,63.895000000000003,63.895000000000003,false,false,none,1000,TARGET_FRAME_ERRORS_REACHED
stage07_awgn_dense_formal_k200_latency,stage07_awgn_dense_formal_results.csv,78,8200bd719e2ea353868601c2d8da2a6ac63ff0aa9d5210cd4de181fad9e1a17b,K200_M511K421,200,421整块200,STYLE_3,3,1.5,1.4125375446227544,0.10338006570993663,0.68965517241379315,290,decodeTimeMeanNs,68323100,1000,68.322999999999993,68.322999999999993,false,false,none,1000,TARGET_FRAME_ERRORS_REACHED
stage07_awgn_dense_formal_k200_latency,stage07_awgn_dense_formal_results.csv,79,3dd9c14a836c27ffe6344334d51867ed1a25cd2838ccdfce85f88f1706052313,K200_M511K421,200,421整块200,STYLE_3,4,2,1.5848931924611136,0.60338006570993663,0.68965517241379315,290,decodeTimeMeanNs,63427400,1000,63.427,63.427,false,false,none,1000,TARGET_FRAME_ERRORS_REACHED
stage07_awgn_dense_formal_k200_latency,stage07_awgn_dense_formal_results.csv,80,026c1056ebb6aa24fa89b6a5b9321c844eaa45c74326261d97aa7f8622947a5c,K200_M511K421,200,421整块200,STYLE_3,5,2.5,1.7782794100389228,1.1033800657099366,0.68965517241379315,290,decodeTimeMeanNs,68645000,1000,68.644999999999996,68.644999999999996,false,false,none,1000,TARGET_FRAME_ERRORS_REACHED
stage07_awgn_dense_formal_k200_latency,stage07_awgn_dense_formal_results.csv,81,0bee04f8e252f08e56059825ee1cd4a19e096a6692b784295619e2ca0c540b21,K200_M511K421,200,421整块200,STYLE_3,6,3,1.9952623149688795,1.6033800657099366,0.68965517241379315,290,decodeTimeMeanNs,64548200,1000,64.548000000000002,64.548000000000002,false,false,none,1000,TARGET_FRAME_ERRORS_REACHED
stage07_awgn_dense_formal_k200_latency,stage07_awgn_dense_formal_results.csv,82,ed5416d51caeba109304295823be9bb47ead5918921766ac5d883fb0d0f325a6,K200_M511K421,200,421整块200,STYLE_3,7,3.5,2.2387211385683394,2.1033800657099366,0.68965517241379315,290,decodeTimeMeanNs,76822400,1000,76.822000000000003,76.822000000000003,false,false,none,1000,TARGET_FRAME_ERRORS_REACHED
stage07_awgn_dense_formal_k200_latency,stage07_awgn_dense_formal_results.csv,83,ca2f1355262df09cbedd9f3bd5e2ec3c61aa2ddda24daec76390c328174236d2,K200_M511K421,200,421整块200,STYLE_3,8,4,2.5118864315095801,2.6033800657099366,0.68965517241379315,290,decodeTimeMeanNs,83334200,1000,83.334000000000003,83.334000000000003,false,false,none,1000,TARGET_FRAME_ERRORS_REACHED
stage07_awgn_dense_formal_k200_latency,stage07_awgn_dense_formal_results.csv,84,229c58d7a9c582893e3843c9d99b7d4ce4a46af77aa0521db5b73c63d20b4d4a,K200_M511K421,200,421整块200,STYLE_3,9,4.5,2.8183829312644537,3.1033800657099366,0.68965517241379315,290,decodeTimeMeanNs,108411300,1000,108.411,108.411,false,false,none,1000,TARGET_FRAME_ERRORS_REACHED
stage07_awgn_dense_formal_k200_latency,stage07_awgn_dense_formal_results.csv,85,c0f6b7ee1c5d26b4b700e64d59128d3518d310e7b1d4cfe2daae5d76c63c663b,K200_M511K421,200,421整块200,STYLE_3,10,5,3.1622776601683795,3.6033800657099366,0.68965517241379315,290,decodeTimeMeanNs,140963100,1000,140.96299999999999,140.96299999999999,false,false,none,1000,TARGET_FRAME_ERRORS_REACHED
stage07_awgn_dense_formal_k200_latency,stage07_awgn_dense_formal_results.csv,86,d7bf10de7ba9bbed16de660038cdba5d98a61e760b52e1977a89685070d9bed7,K200_M511K421,200,421整块200,STYLE_3,11,5.5,3.548133892335755,4.1033800657099366,0.68965517241379315,290,decodeTimeMeanNs,120313900,1000,120.313,120.313,false,false,none,1000,TARGET_FRAME_ERRORS_REACHED
stage07_awgn_dense_formal_k200_latency,stage07_awgn_dense_formal_results.csv,87,65cf43ff15778edc312f58c0188a66ff65ecaeb40cb109bba72c9deed5e97894,K200_M511K421,200,421整块200,STYLE_3,12,6,3.9810717055349722,4.6033800657099366,0.68965517241379315,290,decodeTimeMeanNs,163226200,2540,64.262,64.262,false,false,none,2540,TARGET_FRAME_ERRORS_REACHED
stage07_awgn_dense_formal_k200_latency,stage07_awgn_dense_formal_results.csv,88,89c3030fae1c70ed9cdf925702d007f7633b597e735d6a6eb1d5cbec3a1ca8e1,K200_M511K421,200,421整块200,STYLE_3,13,6.5,4.4668359215096318,5.1033800657099366,0.68965517241379315,290,decodeTimeMeanNs,1036425200,17578,58.960999999999999,58.960999999999999,false,false,none,17578,TARGET_FRAME_ERRORS_REACHED
stage07_awgn_dense_formal_k200_latency,stage07_awgn_dense_formal_results.csv,89,6f5e610bc0d89b8ac7539fe4bb6b34ca075acb8a40af2ce5d31deffe6247c19b,K200_M511K421,200,421整块200,STYLE_3,14,7,5.011872336272722,5.6033800657099366,0.68965517241379315,290,decodeTimeMeanNs,2644952900,50000,52.899000000000001,52.899000000000001,false,false,none,50000,MAX_FRAMES_REACHED
stage07_awgn_dense_formal_k200_latency,stage07_awgn_dense_formal_results.csv,90,1a7c062c4261daadb410f33c83644d9e884a8d739e23c3d4d7cb85dde518b6b0,K200_M511K421,200,421整块200,STYLE_3,15,7.5,5.6234132519034912,6.1033800657099366,0.68965517241379315,290,decodeTimeMeanNs,3370268000,50000,67.405000000000001,67.405000000000001,false,false,none,50000,MAX_FRAMES_REACHED
stage07_awgn_dense_formal_k200_latency,stage07_awgn_dense_formal_results.csv,91,95d27c4128f1aba7e34a931dbc8b0eb67a99f28a6067188ae183c70209e0a232,K200_M511K421,200,421整块200,STYLE_3,16,8,6.3095734448019334,6.6033800657099366,0.68965517241379315,290,decodeTimeMeanNs,2455759400,50000,49.115000000000002,49.115000000000002,false,false,none,50000,MAX_FRAMES_REACHED
stage07_awgn_dense_formal_k200_latency,stage07_awgn_dense_formal_results.csv,92,1fc2969a3d93338e20e094d592d3734274407e578f71c6629000f1fb234d0059,K200_M511K421,200,421整块200,STYLE_3,17,8.5,7.0794578438413787,7.1033800657099366,0.68965517241379315,290,decodeTimeMeanNs,2469744400,50000,49.393999999999998,49.393999999999998,false,false,none,50000,MAX_FRAMES_REACHED
stage07_awgn_dense_formal_k200_latency,stage07_awgn_dense_formal_results.csv,93,dce51b72b07dc7573deebdaddbc75471d1da34c60cf53b3c5ce9e806f7c8206f,K200_M511K421,200,421整块200,STYLE_3,18,9,7.9432823472428158,7.6033800657099366,0.68965517241379315,290,decodeTimeMeanNs,1759250200,50000,35.185000000000002,35.185000000000002,false,false,none,50000,MAX_FRAMES_REACHED
stage07_awgn_dense_formal_k200_latency,stage07_awgn_dense_formal_results.csv,94,476fed3af12f9fd3afe86a9d0ddfc6e4e29942cc4012b739cb75d8907cb4d9d0,K200_M511K421,200,421整块200,STYLE_3,19,9.5,8.9125093813374541,8.1033800657099366,0.68965517241379315,290,decodeTimeMeanNs,1922176200,50000,38.442999999999998,38.442999999999998,false,false,none,50000,MAX_FRAMES_REACHED
stage07_awgn_dense_formal_k200_latency,stage07_awgn_dense_formal_results.csv,95,ada4b8be13e4df9562e478a745ad3a2bcc8c784176b3a8fde450524bfe5b9607,K200_M511K421,200,421整块200,STYLE_3,20,10,10,8.6033800657099366,0.68965517241379315,290,decodeTimeMeanNs,1723880300,50000,34.476999999999997,34.476999999999997,false,false,none,50000,MAX_FRAMES_REACHED
stage07_awgn_dense_formal_k200_latency,stage07_awgn_dense_formal_results.csv,96,546073a0897d9e29dec701884e72689e00f518947a00329178ac3e4b2a3a39eb,K200_M511K421,200,421整块200,STYLE_3,21,10.5,11.220184543019636,9.1033800657099366,0.68965517241379315,290,decodeTimeMeanNs,2673554900,50000,53.470999999999997,53.470999999999997,false,false,none,50000,MAX_FRAMES_REACHED
stage07_awgn_dense_formal_k200_latency,stage07_awgn_dense_formal_results.csv,97,84211d321dcb81b6433f08746b1df7b9c81bd1660e571d86ae03eb7f6e927a3a,K200_M511K421,200,421整块200,STYLE_3,22,11,12.589254117941675,9.6033800657099366,0.68965517241379315,290,decodeTimeMeanNs,2070133400,50000,41.402000000000001,41.402000000000001,false,false,none,50000,MAX_FRAMES_REACHED
stage07_awgn_dense_formal_k200_latency,stage07_awgn_dense_formal_results.csv,98,6f325e0534952a518669a9aeec00f01e1eb16af0ba36ba5b7b2a3c1c1f51a753,K200_M511K421,200,421整块200,STYLE_3,23,11.5,14.12537544622754,10.103380065709937,0.68965517241379315,290,decodeTimeMeanNs,2320010700,50000,46.399999999999999,46.399999999999999,false,false,none,50000,MAX_FRAMES_REACHED
stage07_awgn_dense_formal_k200_latency,stage07_awgn_dense_formal_results.csv,99,b13db5aa6685a6b01af7548e096e59c5921e3fc971e738daaef15571b5977cd9,K200_M511K421,200,421整块200,STYLE_3,24,12,15.848931924611133,10.603380065709937,0.68965517241379315,290,decodeTimeMeanNs,1848954000,50000,36.978999999999999,36.978999999999999,false,false,none,50000,MAX_FRAMES_REACHED
stage07_awgn_dense_formal_k200_latency,stage07_awgn_dense_formal_results.csv,100,9534b2149cfab9ba5bda7df288596945f91d8e46d3041bf05f8cd03cf3536c9b,K200_M511K421,200,421整块200,STYLE_3,25,12.5,17.782794100389228,11.103380065709937,0.68965517241379315,290,decodeTimeMeanNs,2108938800,50000,42.177999999999997,42.177999999999997,false,false,none,50000,MAX_FRAMES_REACHED
stage07_awgn_dense_formal_k200_latency,stage07_awgn_dense_formal_results.csv,101,5fa3687aa10f46368e3909464722484c2edd567c283fc269190f45d11d5c70a7,K200_M511K421,200,421整块200,STYLE_3,26,13,19.952623149688797,11.603380065709937,0.68965517241379315,290,decodeTimeMeanNs,2042428300,50000,40.847999999999999,40.847999999999999,false,false,none,50000,MAX_FRAMES_REACHED
stage07_awgn_dense_formal_k200_latency,stage07_awgn_dense_formal_results.csv,102,678824e899d6085b1e8bee7892164895b1b99cd1c4d2d117f0d2cb8cec5607bd,K200_M511K421,200,421整块200,STYLE_3,27,13.5,22.387211385683401,12.103380065709937,0.68965517241379315,290,decodeTimeMeanNs,2056480600,50000,41.128999999999998,41.128999999999998,false,false,none,50000,MAX_FRAMES_REACHED
stage07_awgn_dense_formal_k200_latency,stage07_awgn_dense_formal_results.csv,103,ae07d6f82b1534bc8bb773ebfdb0966ef0bc477bd423366fd8789c32abfa00e0,K200_M511K421,200,421整块200,STYLE_3,28,14,25.118864315095795,12.603380065709937,0.68965517241379315,290,decodeTimeMeanNs,1873480100,50000,37.469000000000001,37.469000000000001,false,false,none,50000,MAX_FRAMES_REACHED
stage07_awgn_dense_formal_k200_latency,stage07_awgn_dense_formal_results.csv,104,3deaa3ae62dc654b93df1aef8e6601a4fa4c67cc725075a9d91726d940aaa850,K200_M511K421,200,421整块200,STYLE_3,29,14.5,28.183829312644534,13.103380065709937,0.68965517241379315,290,decodeTimeMeanNs,1794368500,50000,35.887,35.887,false,false,none,50000,MAX_FRAMES_REACHED
stage07_awgn_dense_formal_k200_latency,stage07_awgn_dense_formal_results.csv,105,2107eab0ee8148b89733c71e1afa4db7295171fe246b2ed9aa92b0558fec99e6,K200_M511K421,200,421整块200,STYLE_3,30,15,31.622776601683793,13.603380065709937,0.68965517241379315,290,decodeTimeMeanNs,2131946500,50000,42.637999999999998,42.637999999999998,false,false,none,50000,MAX_FRAMES_REACHED
stage07_awgn_dense_formal_k200_latency,stage07_awgn_dense_formal_results.csv,106,125454bfe72e722745c4a53e122b4a18df6c3dc63725cbb8130be76575275b46,K200_M511K421,200,421整块200,STYLE_3,31,15.5,35.481338923357548,14.103380065709937,0.68965517241379315,290,decodeTimeMeanNs,2001189000,50000,40.023000000000003,40.023000000000003,false,false,none,50000,MAX_FRAMES_REACHED
stage07_awgn_dense_formal_k200_latency,stage07_awgn_dense_formal_results.csv,107,4718ade3f08c64fa4aa93b7f182ace149ee88d877a2ab75f7e525989e9e364c5,K200_M511K421,200,421整块200,STYLE_3,32,16,39.810717055349734,14.603380065709937,0.68965517241379315,290,decodeTimeMeanNs,1792790700,50000,35.854999999999997,35.854999999999997,false,false,none,50000,MAX_FRAMES_REACHED
stage07_awgn_dense_formal_k200_latency,stage07_awgn_dense_formal_results.csv,108,c564f896dfa5971d4eeba718f706ecf223026058e1aedaf9a43fb045cefc9227,K200_M511K421,200,421整块200,STYLE_3,33,16.5,44.668359215096302,15.103380065709937,0.68965517241379315,290,decodeTimeMeanNs,2049103800,50000,40.981999999999999,40.981999999999999,false,false,none,50000,MAX_FRAMES_REACHED
stage07_awgn_dense_formal_k200_latency,stage07_awgn_dense_formal_results.csv,109,ecf2e41358330c5a75d9a78aa3f037e61989ad740220ed0e4aaa2348ea68a657,K200_M511K421,200,421整块200,STYLE_3,34,17,50.118723362727224,15.603380065709937,0.68965517241379315,290,decodeTimeMeanNs,2170568200,50000,43.411000000000001,43.411000000000001,false,false,none,50000,MAX_FRAMES_REACHED
stage07_awgn_dense_formal_k200_latency,stage07_awgn_dense_formal_results.csv,110,4ee4492f5845d4dff60d3490071c70e5e6cc089d6fe7724b93dee2ab77e711bf,K200_M511K421,200,421整块200,STYLE_3,35,17.5,56.234132519034908,16.103380065709935,0.68965517241379315,290,decodeTimeMeanNs,1674523300,50000,33.490000000000002,33.490000000000002,false,false,none,50000,MAX_FRAMES_REACHED
stage07_awgn_dense_formal_k200_latency,stage07_awgn_dense_formal_results.csv,111,bed0cf872093712174e71879b85ae491c6921b69753d31c65b6020a1e85f849d,K200_M511K421,200,421整块200,STYLE_3,36,18,63.095734448019329,16.603380065709935,0.68965517241379315,290,decodeTimeMeanNs,2480402400,50000,49.607999999999997,49.607999999999997,false,false,none,50000,MAX_FRAMES_REACHED
stage07_awgn_dense_formal_k200_latency,stage07_awgn_dense_formal_results.csv,1,6c959cbf195250c60ae262ecccddacefd722e68b34ff2d7747e9a4568e82baab,K200_S15,200,分块200,STYLE_1,0,0,1,-1.4721513131945216,0.70175438596491224,285,decodeTimeMeanNs,8925500,1000,8.9250000000000007,8.9250000000000007,false,false,none,1000,TARGET_FRAME_ERRORS_REACHED
stage07_awgn_dense_formal_k200_latency,stage07_awgn_dense_formal_results.csv,2,b7b381ff5ea13773b4cb4070e7e893d6578250a9e5fbfc7745bb5174df9452bd,K200_S15,200,分块200,STYLE_1,1,0.5,1.1220184543019633,-0.97215131319452164,0.70175438596491224,285,decodeTimeMeanNs,8401800,1000,8.4009999999999998,8.4009999999999998,false,false,none,1000,TARGET_FRAME_ERRORS_REACHED
stage07_awgn_dense_formal_k200_latency,stage07_awgn_dense_formal_results.csv,3,688544cc6f1d7bc871f0b346bc1650bf2b48eb0b9eee45e5c07590e60b055882,K200_S15,200,分块200,STYLE_1,2,1,1.2589254117941673,-0.47215131319452164,0.70175438596491224,285,decodeTimeMeanNs,7445200,1000,7.4450000000000003,7.4450000000000003,false,false,none,1000,TARGET_FRAME_ERRORS_REACHED
stage07_awgn_dense_formal_k200_latency,stage07_awgn_dense_formal_results.csv,4,a19262d0d500705444b802231f3881fe5d4dbfc125de47061150c500d0ad2724,K200_S15,200,分块200,STYLE_1,3,1.5,1.4125375446227544,0.027848686805478362,0.70175438596491224,285,decodeTimeMeanNs,8540900,1000,8.5399999999999991,8.5399999999999991,false,false,none,1000,TARGET_FRAME_ERRORS_REACHED
stage07_awgn_dense_formal_k200_latency,stage07_awgn_dense_formal_results.csv,5,409809cb5333668e30b9e277a1d238520f7c481709c372cb866d988e80a21351,K200_S15,200,分块200,STYLE_1,4,2,1.5848931924611136,0.52784868680547836,0.70175438596491224,285,decodeTimeMeanNs,8139500,1000,8.1389999999999993,8.1389999999999993,false,false,none,1000,TARGET_FRAME_ERRORS_REACHED
stage07_awgn_dense_formal_k200_latency,stage07_awgn_dense_formal_results.csv,6,92a9ccb5c30005b9c1c3a59679e1362269cf82f8d404d7dc9d051c4c8dddadb9,K200_S15,200,分块200,STYLE_1,5,2.5,1.7782794100389228,1.0278486868054784,0.70175438596491224,285,decodeTimeMeanNs,8504300,1000,8.5039999999999996,8.5039999999999996,false,false,none,1000,TARGET_FRAME_ERRORS_REACHED
stage07_awgn_dense_formal_k200_latency,stage07_awgn_dense_formal_results.csv,7,9072eb3defc2d334f7b01737bed82259f660dcdb725f436487ac250967549042,K200_S15,200,分块200,STYLE_1,6,3,1.9952623149688795,1.5278486868054784,0.70175438596491224,285,decodeTimeMeanNs,8665400,1000,8.6649999999999991,8.6649999999999991,false,false,none,1000,TARGET_FRAME_ERRORS_REACHED
stage07_awgn_dense_formal_k200_latency,stage07_awgn_dense_formal_results.csv,8,70e5efcab8a2b1b19076ad7cf12b4b5a2b16d3596952ee8cab5e6165e0fe5a58,K200_S15,200,分块200,STYLE_1,7,3.5,2.2387211385683394,2.0278486868054784,0.70175438596491224,285,decodeTimeMeanNs,8119100,1000,8.1189999999999998,8.1189999999999998,false,false,none,1000,TARGET_FRAME_ERRORS_REACHED
stage07_awgn_dense_formal_k200_latency,stage07_awgn_dense_formal_results.csv,9,ed1afdc614a3922129196bdb4f17607086c615f4310023ab038d065713e53e21,K200_S15,200,分块200,STYLE_1,8,4,2.5118864315095801,2.5278486868054784,0.70175438596491224,285,decodeTimeMeanNs,7709500,1000,7.7089999999999996,7.7089999999999996,false,false,none,1000,TARGET_FRAME_ERRORS_REACHED
stage07_awgn_dense_formal_k200_latency,stage07_awgn_dense_formal_results.csv,10,6fa6c055ff40cbba02c124df5eaadea480830019119b24c26dd968f6896f378e,K200_S15,200,分块200,STYLE_1,9,4.5,2.8183829312644537,3.0278486868054784,0.70175438596491224,285,decodeTimeMeanNs,8536500,1000,8.5359999999999996,8.5359999999999996,false,false,none,1000,TARGET_FRAME_ERRORS_REACHED
stage07_awgn_dense_formal_k200_latency,stage07_awgn_dense_formal_results.csv,11,d816acd591b507f133b847ce370b8bb66ca13be3720011db594014a36abdb428,K200_S15,200,分块200,STYLE_1,10,5,3.1622776601683795,3.5278486868054784,0.70175438596491224,285,decodeTimeMeanNs,9321700,1000,9.3209999999999997,9.3209999999999997,false,false,none,1000,TARGET_FRAME_ERRORS_REACHED
stage07_awgn_dense_formal_k200_latency,stage07_awgn_dense_formal_results.csv,12,eb2fa8ec2f9e3fb6df17a0f068d7caf284ac7b1af4e6392d740c6649dec94631,K200_S15,200,分块200,STYLE_1,11,5.5,3.548133892335755,4.0278486868054788,0.70175438596491224,285,decodeTimeMeanNs,7380300,1000,7.3799999999999999,7.3799999999999999,false,false,none,1000,TARGET_FRAME_ERRORS_REACHED
stage07_awgn_dense_formal_k200_latency,stage07_awgn_dense_formal_results.csv,13,cca11526592001e351e1aa69d073160ffe41445e34e66a39afefab5b1bb8bd13,K200_S15,200,分块200,STYLE_1,12,6,3.9810717055349722,4.5278486868054788,0.70175438596491224,285,decodeTimeMeanNs,7383000,1000,7.383,7.383,false,false,none,1000,TARGET_FRAME_ERRORS_REACHED
stage07_awgn_dense_formal_k200_latency,stage07_awgn_dense_formal_results.csv,14,40d4df3c91e93644f4bc7bff4fe621c51f92a12b2f6be083945c18364a20c127,K200_S15,200,分块200,STYLE_1,13,6.5,4.4668359215096318,5.0278486868054788,0.70175438596491224,285,decodeTimeMeanNs,8228100,1000,8.2279999999999998,8.2279999999999998,false,false,none,1000,TARGET_FRAME_ERRORS_REACHED
stage07_awgn_dense_formal_k200_latency,stage07_awgn_dense_formal_results.csv,15,fee159d36eb4eaab9848017c3096fbb01b9400eec644cc3d2c593d17f385ead6,K200_S15,200,分块200,STYLE_1,14,7,5.011872336272722,5.5278486868054788,0.70175438596491224,285,decodeTimeMeanNs,7259500,1000,7.2590000000000003,7.2590000000000003,false,false,none,1000,TARGET_FRAME_ERRORS_REACHED
stage07_awgn_dense_formal_k200_latency,stage07_awgn_dense_formal_results.csv,16,93a0b654c716d80b68393b5b709010d3a44af5330f0261e95c35816dc7024503,K200_S15,200,分块200,STYLE_1,15,7.5,5.6234132519034912,6.0278486868054788,0.70175438596491224,285,decodeTimeMeanNs,10794700,1539,7.0140000000000002,7.0140000000000002,false,false,none,1539,TARGET_FRAME_ERRORS_REACHED
stage07_awgn_dense_formal_k200_latency,stage07_awgn_dense_formal_results.csv,17,05d2c3123311d5cc7b9116c05cb80ed499db8d52978fee0c3876cb3a572cfd98,K200_S15,200,分块200,STYLE_1,16,8,6.3095734448019334,6.5278486868054788,0.70175438596491224,285,decodeTimeMeanNs,21950400,3224,6.8079999999999998,6.8079999999999998,false,false,none,3224,TARGET_FRAME_ERRORS_REACHED
stage07_awgn_dense_formal_k200_latency,stage07_awgn_dense_formal_results.csv,18,402a687f2ae72ab51096479f6bc4b976c142879612ff73d06cadb515730866dd,K200_S15,200,分块200,STYLE_1,17,8.5,7.0794578438413787,7.0278486868054788,0.70175438596491224,285,decodeTimeMeanNs,49150200,7089,6.9329999999999998,6.9329999999999998,false,false,none,7089,TARGET_FRAME_ERRORS_REACHED
stage07_awgn_dense_formal_k200_latency,stage07_awgn_dense_formal_results.csv,19,76b055360b621322c38834f058da98cacde103dd215ab6f53beda9fbe5633197,K200_S15,200,分块200,STYLE_1,18,9,7.9432823472428158,7.5278486868054788,0.70175438596491224,285,decodeTimeMeanNs,266577100,20501,13.003,13.003,false,false,none,20501,TARGET_FRAME_ERRORS_REACHED
stage07_awgn_dense_formal_k200_latency,stage07_awgn_dense_formal_results.csv,20,bf22581e7539b70aae5f56027cde10424dfbebfd01f4ecf9acb5ed62e74ecb91,K200_S15,200,分块200,STYLE_1,19,9.5,8.9125093813374541,8.0278486868054788,0.70175438596491224,285,decodeTimeMeanNs,521954300,50000,10.439,10.439,false,false,none,50000,MAX_FRAMES_REACHED
stage07_awgn_dense_formal_k200_latency,stage07_awgn_dense_formal_results.csv,21,007d7c92eb76e520fab507b50ad402dec239b982fbe6809e72ade8c3ecb67d78,K200_S15,200,分块200,STYLE_1,20,10,10,8.5278486868054788,0.70175438596491224,285,decodeTimeMeanNs,635925800,50000,12.718,12.718,false,false,none,50000,MAX_FRAMES_REACHED
stage07_awgn_dense_formal_k200_latency,stage07_awgn_dense_formal_results.csv,22,dc6bf31cf8fda2cb3fcb71908942b6ad7662e50561a701ab341f3c0f59701075,K200_S15,200,分块200,STYLE_1,21,10.5,11.220184543019636,9.0278486868054788,0.70175438596491224,285,decodeTimeMeanNs,420186500,50000,8.4030000000000005,8.4030000000000005,false,false,none,50000,MAX_FRAMES_REACHED
stage07_awgn_dense_formal_k200_latency,stage07_awgn_dense_formal_results.csv,23,a9a6926a2574b19718dcfed4159695ab1ec34b4731aceaf342fe4523d4c1c1e9,K200_S15,200,分块200,STYLE_1,22,11,12.589254117941675,9.5278486868054788,0.70175438596491224,285,decodeTimeMeanNs,523074900,50000,10.461,10.461,false,false,none,50000,MAX_FRAMES_REACHED
stage07_awgn_dense_formal_k200_latency,stage07_awgn_dense_formal_results.csv,24,3c56e02af2711d7999c55e4a4065ac7bf9825dad83e0f7afc1c059c27db771e7,K200_S15,200,分块200,STYLE_1,23,11.5,14.12537544622754,10.027848686805479,0.70175438596491224,285,decodeTimeMeanNs,436833500,50000,8.7360000000000007,8.7360000000000007,false,false,none,50000,MAX_FRAMES_REACHED
stage07_awgn_dense_formal_k200_latency,stage07_awgn_dense_formal_results.csv,25,f02b3b9efe8f7ac775ae2ccb2434e34e119bf0ca38e436e265a68ece1d4e72d6,K200_S15,200,分块200,STYLE_1,24,12,15.848931924611133,10.527848686805479,0.70175438596491224,285,decodeTimeMeanNs,528812700,50000,10.576000000000001,10.576000000000001,false,false,none,50000,MAX_FRAMES_REACHED
stage07_awgn_dense_formal_k200_latency,stage07_awgn_dense_formal_results.csv,26,6495ffeb55e2cb001b767f44ff6ec7a58b73d17a6a9d44b2e700a430a9e5a7da,K200_S15,200,分块200,STYLE_1,25,12.5,17.782794100389228,11.027848686805479,0.70175438596491224,285,decodeTimeMeanNs,422400300,50000,8.4480000000000004,8.4480000000000004,false,false,none,50000,MAX_FRAMES_REACHED
stage07_awgn_dense_formal_k200_latency,stage07_awgn_dense_formal_results.csv,27,be5dc42cfae3a4b668523f11cfa3f9d7b5bd1a7278fdb13e56a2765438910e56,K200_S15,200,分块200,STYLE_1,26,13,19.952623149688797,11.527848686805479,0.70175438596491224,285,decodeTimeMeanNs,614827000,50000,12.295999999999999,12.295999999999999,false,false,none,50000,MAX_FRAMES_REACHED
stage07_awgn_dense_formal_k200_latency,stage07_awgn_dense_formal_results.csv,28,dca49c06aef5109e14d4c105697321057e54585bb48498fee0b3ff1ce51966be,K200_S15,200,分块200,STYLE_1,27,13.5,22.387211385683401,12.027848686805479,0.70175438596491224,285,decodeTimeMeanNs,618706000,50000,12.374000000000001,12.374000000000001,false,false,none,50000,MAX_FRAMES_REACHED
stage07_awgn_dense_formal_k200_latency,stage07_awgn_dense_formal_results.csv,29,9ef71ad550c5eee9f7efce20fffd887c42941ec8cf9ecd7d45caf2ed3d19dd91,K200_S15,200,分块200,STYLE_1,28,14,25.118864315095795,12.527848686805479,0.70175438596491224,285,decodeTimeMeanNs,610837600,50000,12.215999999999999,12.215999999999999,false,false,none,50000,MAX_FRAMES_REACHED
stage07_awgn_dense_formal_k200_latency,stage07_awgn_dense_formal_results.csv,30,0e2b4f38f2c3b4d25f86fbd5803ba5a2e190da119469de49addec2063009231b,K200_S15,200,分块200,STYLE_1,29,14.5,28.183829312644534,13.027848686805479,0.70175438596491224,285,decodeTimeMeanNs,773163500,50000,15.462999999999999,15.462999999999999,false,false,none,50000,MAX_FRAMES_REACHED
stage07_awgn_dense_formal_k200_latency,stage07_awgn_dense_formal_results.csv,31,f4e423a2ce7571d36e2a64820e53c92d8d7ed58cae505523d437ae16e9445874,K200_S15,200,分块200,STYLE_1,30,15,31.622776601683793,13.527848686805479,0.70175438596491224,285,decodeTimeMeanNs,1041747300,50000,20.834,20.834,false,false,none,50000,MAX_FRAMES_REACHED
stage07_awgn_dense_formal_k200_latency,stage07_awgn_dense_formal_results.csv,32,49d35a30e1caec2c1a282b3960cdf933861dbf24d3546713f11c2770fb890b5f,K200_S15,200,分块200,STYLE_1,31,15.5,35.481338923357548,14.027848686805479,0.70175438596491224,285,decodeTimeMeanNs,689394200,50000,13.787000000000001,13.787000000000001,false,false,none,50000,MAX_FRAMES_REACHED
stage07_awgn_dense_formal_k200_latency,stage07_awgn_dense_formal_results.csv,33,ca781b4970fd8d2491532fa98070bb43ba6bd375eeb0cf328bfd8ca881836bc3,K200_S15,200,分块200,STYLE_1,32,16,39.810717055349734,14.527848686805479,0.70175438596491224,285,decodeTimeMeanNs,671792100,50000,13.435,13.435,false,false,none,50000,MAX_FRAMES_REACHED
stage07_awgn_dense_formal_k200_latency,stage07_awgn_dense_formal_results.csv,34,a242ad52325fd1fc617b27375a2dba7c2087bdfc24e56fb97b49b5a27ba27816,K200_S15,200,分块200,STYLE_1,33,16.5,44.668359215096302,15.027848686805479,0.70175438596491224,285,decodeTimeMeanNs,877952600,50000,17.559000000000001,17.559000000000001,false,false,none,50000,MAX_FRAMES_REACHED
stage07_awgn_dense_formal_k200_latency,stage07_awgn_dense_formal_results.csv,35,1e7ba555487aa673f853f04bf98b038cfe9cbdfe4e618234b1d66308403992c4,K200_S15,200,分块200,STYLE_1,34,17,50.118723362727224,15.527848686805479,0.70175438596491224,285,decodeTimeMeanNs,593667800,50000,11.872999999999999,11.872999999999999,false,false,none,50000,MAX_FRAMES_REACHED
stage07_awgn_dense_formal_k200_latency,stage07_awgn_dense_formal_results.csv,36,d8da44879e36c7699840f3e415c6c0041de3d6c379a739578fc719ba7383e43c,K200_S15,200,分块200,STYLE_1,35,17.5,56.234132519034908,16.027848686805477,0.70175438596491224,285,decodeTimeMeanNs,732323400,50000,14.646000000000001,14.646000000000001,false,false,none,50000,MAX_FRAMES_REACHED
stage07_awgn_dense_formal_k200_latency,stage07_awgn_dense_formal_results.csv,37,c1ac0944ac68cce9d6641779c42cd4cb261166fa681f8e0532fa1d6543902709,K200_S15,200,分块200,STYLE_1,36,18,63.095734448019329,16.527848686805477,0.70175438596491224,285,decodeTimeMeanNs,870770500,50000,17.414999999999999,17.414999999999999,false,false,none,50000,MAX_FRAMES_REACHED
stage07_awgn_dense_formal_k300_ber,stage07_awgn_dense_formal_results.csv,186,144c2dfeeede45919d6748c2ac0f0376067b27e2c79dd831759e25527a8eb0b9,K300_M255K207,300,255双块300,STYLE_2,0,0,1,-1.8045606445813132,0.75757575757575757,396,ber,47905,300000,0.15968333333333334,0.15968333333333334,false,false,none,1000,TARGET_FRAME_ERRORS_REACHED
stage07_awgn_dense_formal_k300_ber,stage07_awgn_dense_formal_results.csv,187,4fbad845a0ee641b79f4df19bed157eba396489ae807f08b3f525ac14ffee69d,K300_M255K207,300,255双块300,STYLE_2,1,0.5,1.1220184543019633,-1.3045606445813132,0.75757575757575757,396,ber,43736,300000,0.14578666666666668,0.14578666666666668,false,false,none,1000,TARGET_FRAME_ERRORS_REACHED
stage07_awgn_dense_formal_k300_ber,stage07_awgn_dense_formal_results.csv,188,4b3924a1c57d7e65c1ae7adfae72964a3065bc517a7e26b3ad6b538b88b12b9f,K300_M255K207,300,255双块300,STYLE_2,2,1,1.2589254117941673,-0.80456064458131316,0.75757575757575757,396,ber,39056,300000,0.13018666666666667,0.13018666666666667,false,false,none,1000,TARGET_FRAME_ERRORS_REACHED
stage07_awgn_dense_formal_k300_ber,stage07_awgn_dense_formal_results.csv,189,1340364b32b27a788d081fa177e25c91bb78c8ac054295edc5b9800830bd6e96,K300_M255K207,300,255双块300,STYLE_2,3,1.5,1.4125375446227544,-0.30456064458131316,0.75757575757575757,396,ber,35433,300000,0.11811000000000001,0.11811000000000001,false,false,none,1000,TARGET_FRAME_ERRORS_REACHED
stage07_awgn_dense_formal_k300_ber,stage07_awgn_dense_formal_results.csv,190,e67be03c2a25a32ac5df4b1baa9184a131f0621936d1e3dd0c2cfe4ad67ca71a,K300_M255K207,300,255双块300,STYLE_2,4,2,1.5848931924611136,0.19543935541868684,0.75757575757575757,396,ber,31272,300000,0.10424,0.10424,false,false,none,1000,TARGET_FRAME_ERRORS_REACHED
stage07_awgn_dense_formal_k300_ber,stage07_awgn_dense_formal_results.csv,191,d4d94c664f237f549781f51d6f194a57e9588d966814dc43348d00b6fb3b21db,K300_M255K207,300,255双块300,STYLE_2,5,2.5,1.7782794100389228,0.69543935541868684,0.75757575757575757,396,ber,27560,300000,0.091866666666666666,0.091866666666666666,false,false,none,1000,TARGET_FRAME_ERRORS_REACHED
stage07_awgn_dense_formal_k300_ber,stage07_awgn_dense_formal_results.csv,192,6932c8a1d06fd6d50903d804e827fbd870c7a21a15ca2a8b7878bfca495da8fb,K300_M255K207,300,255双块300,STYLE_2,6,3,1.9952623149688795,1.1954393554186868,0.75757575757575757,396,ber,23369,300000,0.07789666666666667,0.07789666666666667,false,false,none,1000,TARGET_FRAME_ERRORS_REACHED
stage07_awgn_dense_formal_k300_ber,stage07_awgn_dense_formal_results.csv,193,9ed5f36ac6de4f7d0723fa775ee0f6b0038d6ab0e9b8e47e4fe61fd7cd6f9c62,K300_M255K207,300,255双块300,STYLE_2,7,3.5,2.2387211385683394,1.6954393554186868,0.75757575757575757,396,ber,20220,300000,0.067400000000000002,0.067400000000000002,false,false,none,1000,TARGET_FRAME_ERRORS_REACHED
stage07_awgn_dense_formal_k300_ber,stage07_awgn_dense_formal_results.csv,194,1160c3fd071a7c1e46979c26a2cb9b4d265601285c8f43920b61a7e653e0137d,K300_M255K207,300,255双块300,STYLE_2,8,4,2.5118864315095801,2.1954393554186868,0.75757575757575757,396,ber,16336,300000,0.054453333333333333,0.054453333333333333,false,false,none,1000,TARGET_FRAME_ERRORS_REACHED
stage07_awgn_dense_formal_k300_ber,stage07_awgn_dense_formal_results.csv,195,08cb2c5abc7c160ce16bd36dc1bf0985e834226f9d97f2b0154c7734b5d59dcc,K300_M255K207,300,255双块300,STYLE_2,9,4.5,2.8183829312644537,2.6954393554186868,0.75757575757575757,396,ber,12564,300000,0.041880000000000001,0.041880000000000001,false,false,none,1000,TARGET_FRAME_ERRORS_REACHED
stage07_awgn_dense_formal_k300_ber,stage07_awgn_dense_formal_results.csv,196,b5985ff06fe2c64fb8296a31d2c35fa6aa24cdd23c6da1ee4be6af991c17b718,K300_M255K207,300,255双块300,STYLE_2,10,5,3.1622776601683795,3.1954393554186868,0.75757575757575757,396,ber,8600,300000,0.028666666666666667,0.028666666666666667,false,false,none,1000,TARGET_FRAME_ERRORS_REACHED
stage07_awgn_dense_formal_k300_ber,stage07_awgn_dense_formal_results.csv,197,f5a2441b9b3214f007703f32edd6b34ea7cb8c085a3bb55a996536162f8d4837,K300_M255K207,300,255双块300,STYLE_2,11,5.5,3.548133892335755,3.6954393554186868,0.75757575757575757,396,ber,4859,300000,0.016196666666666668,0.016196666666666668,false,false,none,1000,TARGET_FRAME_ERRORS_REACHED
stage07_awgn_dense_formal_k300_ber,stage07_awgn_dense_formal_results.csv,198,ec5ab5d35deb1b1230e20ff274eceba47db9a6a34e8b1a889362755b515967e0,K300_M255K207,300,255双块300,STYLE_2,12,6,3.9810717055349722,4.1954393554186868,0.75757575757575757,396,ber,1943,300000,0.006476666666666667,0.006476666666666667,false,false,none,1000,TARGET_FRAME_ERRORS_REACHED
stage07_awgn_dense_formal_k300_ber,stage07_awgn_dense_formal_results.csv,199,79774d3224b1b153f0f2d447447f90c18780f068709250e507b25d786bf68d2a,K300_M255K207,300,255双块300,STYLE_2,13,6.5,4.4668359215096318,4.6954393554186868,0.75757575757575757,396,ber,1198,524700,0.0022832094530207737,0.0022832094530207737,false,false,none,1749,TARGET_FRAME_ERRORS_REACHED
stage07_awgn_dense_formal_k300_ber,stage07_awgn_dense_formal_results.csv,200,000303cc8c8d0d7f4ee490222d2ceb1597814774580298d1c44fd6736ce87024,K300_M255K207,300,255双块300,STYLE_2,14,7,5.011872336272722,5.1954393554186868,0.75757575757575757,396,ber,1123,2200200,0.00051040814471411695,0.00051040814471411695,false,false,none,7334,TARGET_FRAME_ERRORS_REACHED
stage07_awgn_dense_formal_k300_ber,stage07_awgn_dense_formal_results.csv,201,114809d33723d90bd8350b806bc171cfee0dda45dbe1b26d68769bbd04edb565,K300_M255K207,300,255双块300,STYLE_2,15,7.5,5.6234132519034912,5.6954393554186868,0.75757575757575757,396,ber,1109,13361100,8.3002148026734332e-05,8.3002148026734332e-05,false,false,none,44537,TARGET_FRAME_ERRORS_REACHED
stage07_awgn_dense_formal_k300_ber,stage07_awgn_dense_formal_results.csv,202,19a90e750fd4a6b4a3799af79a0738ef7d539c7a6ddb6c242a8fc4f0a49412c8,K300_M255K207,300,255双块300,STYLE_2,16,8,6.3095734448019334,6.1954393554186868,0.75757575757575757,396,ber,128,15000000,8.5333333333333335e-06,8.5333333333333335e-06,false,false,none,50000,MAX_FRAMES_REACHED
stage07_awgn_dense_formal_k300_ber,stage07_awgn_dense_formal_results.csv,203,9bf2186ef055cc41ef04259e27b1509f03edf34b0cdbbc6def8a29524f0d0d98,K300_M255K207,300,255双块300,STYLE_2,17,8.5,7.0794578438413787,6.6954393554186868,0.75757575757575757,396,ber,4,15000000,2.6666666666666667e-07,2.6666666666666667e-07,false,false,none,50000,MAX_FRAMES_REACHED
stage07_awgn_dense_formal_k300_ber,stage07_awgn_dense_formal_results.csv,204,a0c703bdb10fef3a11bdd9bf807193a184930e0fce354bc2bd86ede339c4d015,K300_M255K207,300,255双块300,STYLE_2,18,9,7.9432823472428158,7.1954393554186868,0.75757575757575757,396,ber,0,15000000,0,3.3333333333333334e-08,true,true,0.5/totalPayloadBits,50000,MAX_FRAMES_REACHED
stage07_awgn_dense_formal_k300_ber,stage07_awgn_dense_formal_results.csv,205,95a68ed3a2a2bdcee7f52beb70f2dfac70f705a0046110f0ee55de421211cdcc,K300_M255K207,300,255双块300,STYLE_2,19,9.5,8.9125093813374541,7.6954393554186868,0.75757575757575757,396,ber,0,15000000,0,3.3333333333333334e-08,true,true,0.5/totalPayloadBits,50000,MAX_FRAMES_REACHED
stage07_awgn_dense_formal_k300_ber,stage07_awgn_dense_formal_results.csv,206,fc95cd1c803a756449f11added39848757a388341b30934d7340931292f130c2,K300_M255K207,300,255双块300,STYLE_2,20,10,10,8.1954393554186868,0.75757575757575757,396,ber,0,15000000,0,3.3333333333333334e-08,true,true,0.5/totalPayloadBits,50000,MAX_FRAMES_REACHED
stage07_awgn_dense_formal_k300_ber,stage07_awgn_dense_formal_results.csv,207,fe98ce669a1e0c3c0d57252fd947eff604b01d49e6adb6cdfd93b12ac69be116,K300_M255K207,300,255双块300,STYLE_2,21,10.5,11.220184543019636,8.6954393554186868,0.75757575757575757,396,ber,0,15000000,0,3.3333333333333334e-08,true,true,0.5/totalPayloadBits,50000,MAX_FRAMES_REACHED
stage07_awgn_dense_formal_k300_ber,stage07_awgn_dense_formal_results.csv,208,de9706ebfbafdb18c3501370601390e120aa7b105bb1df48b3437711ba589f89,K300_M255K207,300,255双块300,STYLE_2,22,11,12.589254117941675,9.1954393554186868,0.75757575757575757,396,ber,0,15000000,0,3.3333333333333334e-08,true,true,0.5/totalPayloadBits,50000,MAX_FRAMES_REACHED
stage07_awgn_dense_formal_k300_ber,stage07_awgn_dense_formal_results.csv,209,64e6495d1318fd63311d066fb47ec9947b7085e58a634887f9c8e9071e3d5292,K300_M255K207,300,255双块300,STYLE_2,23,11.5,14.12537544622754,9.6954393554186868,0.75757575757575757,396,ber,0,15000000,0,3.3333333333333334e-08,true,true,0.5/totalPayloadBits,50000,MAX_FRAMES_REACHED
stage07_awgn_dense_formal_k300_ber,stage07_awgn_dense_formal_results.csv,210,847b351ea2ed7e5409a7c8a00317ab0dc21c6ac04c3e6fc7f05f9e76b67a9f39,K300_M255K207,300,255双块300,STYLE_2,24,12,15.848931924611133,10.195439355418687,0.75757575757575757,396,ber,0,15000000,0,3.3333333333333334e-08,true,true,0.5/totalPayloadBits,50000,MAX_FRAMES_REACHED
stage07_awgn_dense_formal_k300_ber,stage07_awgn_dense_formal_results.csv,211,c49753805ed4028600f0f71b17d6565d038ab80431dd0d06cfd4f1d77d2c2f5d,K300_M255K207,300,255双块300,STYLE_2,25,12.5,17.782794100389228,10.695439355418687,0.75757575757575757,396,ber,0,15000000,0,3.3333333333333334e-08,true,true,0.5/totalPayloadBits,50000,MAX_FRAMES_REACHED
stage07_awgn_dense_formal_k300_ber,stage07_awgn_dense_formal_results.csv,212,d569bd7a4619228ec275c91d5a22cdedcfe4d080c159148efabd31fa67f29b81,K300_M255K207,300,255双块300,STYLE_2,26,13,19.952623149688797,11.195439355418687,0.75757575757575757,396,ber,0,15000000,0,3.3333333333333334e-08,true,true,0.5/totalPayloadBits,50000,MAX_FRAMES_REACHED
stage07_awgn_dense_formal_k300_ber,stage07_awgn_dense_formal_results.csv,213,de5b837030768edf9bc24c8a4eed6020d0286d6265ba3417b33b3b2891e90038,K300_M255K207,300,255双块300,STYLE_2,27,13.5,22.387211385683401,11.695439355418687,0.75757575757575757,396,ber,0,15000000,0,3.3333333333333334e-08,true,true,0.5/totalPayloadBits,50000,MAX_FRAMES_REACHED
stage07_awgn_dense_formal_k300_ber,stage07_awgn_dense_formal_results.csv,214,da9438470275f3e920fa20ef011b0172d23cb513c9b9da48267ea6bc208e8273,K300_M255K207,300,255双块300,STYLE_2,28,14,25.118864315095795,12.195439355418687,0.75757575757575757,396,ber,0,15000000,0,3.3333333333333334e-08,true,true,0.5/totalPayloadBits,50000,MAX_FRAMES_REACHED
stage07_awgn_dense_formal_k300_ber,stage07_awgn_dense_formal_results.csv,215,944e31bca5e0d0c510defa24061c1dc862425593ece2820affdb064ce4c99442,K300_M255K207,300,255双块300,STYLE_2,29,14.5,28.183829312644534,12.695439355418687,0.75757575757575757,396,ber,0,15000000,0,3.3333333333333334e-08,true,true,0.5/totalPayloadBits,50000,MAX_FRAMES_REACHED
stage07_awgn_dense_formal_k300_ber,stage07_awgn_dense_formal_results.csv,216,087b3635af570afb4c0a44bd62c238bdba885b5c3944537fcb1883bdbf78902a,K300_M255K207,300,255双块300,STYLE_2,30,15,31.622776601683793,13.195439355418687,0.75757575757575757,396,ber,0,15000000,0,3.3333333333333334e-08,true,true,0.5/totalPayloadBits,50000,MAX_FRAMES_REACHED
stage07_awgn_dense_formal_k300_ber,stage07_awgn_dense_formal_results.csv,217,3490c1646bd69d7483f3090a4221b8048e3337f1b65801da3c8ab70d2013e04e,K300_M255K207,300,255双块300,STYLE_2,31,15.5,35.481338923357548,13.695439355418687,0.75757575757575757,396,ber,0,15000000,0,3.3333333333333334e-08,true,true,0.5/totalPayloadBits,50000,MAX_FRAMES_REACHED
stage07_awgn_dense_formal_k300_ber,stage07_awgn_dense_formal_results.csv,218,eb36cf76297a55c55dd0a18d0adee2b7b2a299ea14d2e947a1a5a336e6f9cbc5,K300_M255K207,300,255双块300,STYLE_2,32,16,39.810717055349734,14.195439355418687,0.75757575757575757,396,ber,0,15000000,0,3.3333333333333334e-08,true,true,0.5/totalPayloadBits,50000,MAX_FRAMES_REACHED
stage07_awgn_dense_formal_k300_ber,stage07_awgn_dense_formal_results.csv,219,3633558f0da70c7614c756fe80c5ff36e98538888a25a23a0152109aaa13fab8,K300_M255K207,300,255双块300,STYLE_2,33,16.5,44.668359215096302,14.695439355418687,0.75757575757575757,396,ber,0,15000000,0,3.3333333333333334e-08,true,true,0.5/totalPayloadBits,50000,MAX_FRAMES_REACHED
stage07_awgn_dense_formal_k300_ber,stage07_awgn_dense_formal_results.csv,220,e652943348af942bc6c2a06b5831a0c79150a9dee70a02c0dd0eed74614144bd,K300_M255K207,300,255双块300,STYLE_2,34,17,50.118723362727224,15.195439355418687,0.75757575757575757,396,ber,0,15000000,0,3.3333333333333334e-08,true,true,0.5/totalPayloadBits,50000,MAX_FRAMES_REACHED
stage07_awgn_dense_formal_k300_ber,stage07_awgn_dense_formal_results.csv,221,88dbd8e1eb64fe796bfae6dd0c741d4f3a9fcf0bf975785e72bb0c930b215626,K300_M255K207,300,255双块300,STYLE_2,35,17.5,56.234132519034908,15.695439355418687,0.75757575757575757,396,ber,0,15000000,0,3.3333333333333334e-08,true,true,0.5/totalPayloadBits,50000,MAX_FRAMES_REACHED
stage07_awgn_dense_formal_k300_ber,stage07_awgn_dense_formal_results.csv,222,7242a87a78aa822bffff99f520301b12acf40a2fac18c16130e02c6d24d983bc,K300_M255K207,300,255双块300,STYLE_2,36,18,63.095734448019329,16.195439355418685,0.75757575757575757,396,ber,0,15000000,0,3.3333333333333334e-08,true,true,0.5/totalPayloadBits,50000,MAX_FRAMES_REACHED
stage07_awgn_dense_formal_k300_ber,stage07_awgn_dense_formal_results.csv,260,13d6bb0144f8c05e3fbb917d8dbf79235ddb3032e45bdcef07b2cf39fb3b869a,K300_M511K385,300,385整块300,STYLE_4,0,0,1,-1.4874165128092467,0.70422535211267601,426,ber,46989,300000,0.15662999999999999,0.15662999999999999,false,false,none,1000,TARGET_FRAME_ERRORS_REACHED
stage07_awgn_dense_formal_k300_ber,stage07_awgn_dense_formal_results.csv,261,b913733f1411ae69111757b57f063d8d6830d559dbd16cc4f74e825d710f79b7,K300_M511K385,300,385整块300,STYLE_4,1,0.5,1.1220184543019633,-0.98741651280924669,0.70422535211267601,426,ber,42900,300000,0.14299999999999999,0.14299999999999999,false,false,none,1000,TARGET_FRAME_ERRORS_REACHED
stage07_awgn_dense_formal_k300_ber,stage07_awgn_dense_formal_results.csv,262,d8406538ec4ac91a8636584eaa9dbd0c0ffd5e68f0dedbaa0bc50723e616d4e3,K300_M511K385,300,385整块300,STYLE_4,2,1,1.2589254117941673,-0.48741651280924669,0.70422535211267601,426,ber,39469,300000,0.13156333333333334,0.13156333333333334,false,false,none,1000,TARGET_FRAME_ERRORS_REACHED
stage07_awgn_dense_formal_k300_ber,stage07_awgn_dense_formal_results.csv,263,2cbd42c91e7efef06451a8e04627b35e19827fdc9875bfa488a79e482313055f,K300_M511K385,300,385整块300,STYLE_4,3,1.5,1.4125375446227544,0.012583487190753306,0.70422535211267601,426,ber,35338,300000,0.11779333333333333,0.11779333333333333,false,false,none,1000,TARGET_FRAME_ERRORS_REACHED
stage07_awgn_dense_formal_k300_ber,stage07_awgn_dense_formal_results.csv,264,ef10b099a7db5f7c7099ff18d6e5f20de0343bc5465b9493368cc6b8fe4db804,K300_M511K385,300,385整块300,STYLE_4,4,2,1.5848931924611136,0.51258348719075331,0.70422535211267601,426,ber,31334,300000,0.10444666666666666,0.10444666666666666,false,false,none,1000,TARGET_FRAME_ERRORS_REACHED
stage07_awgn_dense_formal_k300_ber,stage07_awgn_dense_formal_results.csv,265,4c23e361ee3c92c53c550d6f54d1b9e4a2dbef1909a631184533719c5b77ad3a,K300_M511K385,300,385整块300,STYLE_4,5,2.5,1.7782794100389228,1.0125834871907533,0.70422535211267601,426,ber,27448,300000,0.091493333333333329,0.091493333333333329,false,false,none,1000,TARGET_FRAME_ERRORS_REACHED
stage07_awgn_dense_formal_k300_ber,stage07_awgn_dense_formal_results.csv,266,8459cc9bdd72aa59de199a5ce4ce15cd5abb7176261f2aa22673d869c1292aef,K300_M511K385,300,385整块300,STYLE_4,6,3,1.9952623149688795,1.5125834871907533,0.70422535211267601,426,ber,23767,300000,0.07922333333333334,0.07922333333333334,false,false,none,1000,TARGET_FRAME_ERRORS_REACHED
stage07_awgn_dense_formal_k300_ber,stage07_awgn_dense_formal_results.csv,267,62ae026a171200605648bc35bfc664c1b04bfec576e631366b872f634dc10e67,K300_M511K385,300,385整块300,STYLE_4,7,3.5,2.2387211385683394,2.0125834871907533,0.70422535211267601,426,ber,20238,300000,0.067460000000000006,0.067460000000000006,false,false,none,1000,TARGET_FRAME_ERRORS_REACHED
stage07_awgn_dense_formal_k300_ber,stage07_awgn_dense_formal_results.csv,268,8ffe9b8c6c78314543d75a8687a3b5793956bae3404c84e71a9e10bca4d9a561,K300_M511K385,300,385整块300,STYLE_4,8,4,2.5118864315095801,2.5125834871907533,0.70422535211267601,426,ber,16693,300000,0.055643333333333336,0.055643333333333336,false,false,none,1000,TARGET_FRAME_ERRORS_REACHED
stage07_awgn_dense_formal_k300_ber,stage07_awgn_dense_formal_results.csv,269,629388626143ab09db7cdbf99312e9183a9da41f6411ea1a18c06dea307f42ef,K300_M511K385,300,385整块300,STYLE_4,9,4.5,2.8183829312644537,3.0125834871907533,0.70422535211267601,426,ber,13272,300000,0.044240000000000002,0.044240000000000002,false,false,none,1000,TARGET_FRAME_ERRORS_REACHED
stage07_awgn_dense_formal_k300_ber,stage07_awgn_dense_formal_results.csv,270,073c876d0108021c501f2d47deeea40e6660b35bf8bb037802bb62cc8513b990,K300_M511K385,300,385整块300,STYLE_4,10,5,3.1622776601683795,3.5125834871907533,0.70422535211267601,426,ber,7927,300000,0.026423333333333333,0.026423333333333333,false,false,none,1000,TARGET_FRAME_ERRORS_REACHED
stage07_awgn_dense_formal_k300_ber,stage07_awgn_dense_formal_results.csv,271,93fe703e2dc13b3e7b00e727c2656688b1bc8ad964e2d5ece7599a333ae9bc99,K300_M511K385,300,385整块300,STYLE_4,11,5.5,3.548133892335755,4.0125834871907529,0.70422535211267601,426,ber,3520,300000,0.011733333333333333,0.011733333333333333,false,false,none,1000,TARGET_FRAME_ERRORS_REACHED
stage07_awgn_dense_formal_k300_ber,stage07_awgn_dense_formal_results.csv,272,92f93466313668e21e5e58842015804dd48c6be02453a9bfd4c8878968079c5c,K300_M511K385,300,385整块300,STYLE_4,12,6,3.9810717055349722,4.5125834871907529,0.70422535211267601,426,ber,2315,841500,0.0027510398098633394,0.0027510398098633394,false,false,none,2805,TARGET_FRAME_ERRORS_REACHED
stage07_awgn_dense_formal_k300_ber,stage07_awgn_dense_formal_results.csv,273,9f33655b3215f27ad720e6bdc92597515daf66e930a183f72625513fdadfac52,K300_M511K385,300,385整块300,STYLE_4,13,6.5,4.4668359215096318,5.0125834871907529,0.70422535211267601,426,ber,2183,6831900,0.00031953043809189246,0.00031953043809189246,false,false,none,22773,TARGET_FRAME_ERRORS_REACHED
stage07_awgn_dense_formal_k300_ber,stage07_awgn_dense_formal_results.csv,274,63bcee464560ba563d55c002ddcddf02612dd8a13d7fe16e515f08c86f40fa73,K300_M511K385,300,385整块300,STYLE_4,14,7,5.011872336272722,5.5125834871907529,0.70422535211267601,426,ber,329,15000000,2.1933333333333332e-05,2.1933333333333332e-05,false,false,none,50000,MAX_FRAMES_REACHED
stage07_awgn_dense_formal_k300_ber,stage07_awgn_dense_formal_results.csv,275,d54dea15dc19c087eca538e174cbb76a95883d50fbbd5292c8f604f22ad38e48,K300_M511K385,300,385整块300,STYLE_4,15,7.5,5.6234132519034912,6.0125834871907529,0.70422535211267601,426,ber,12,15000000,7.9999999999999996e-07,7.9999999999999996e-07,false,false,none,50000,MAX_FRAMES_REACHED
stage07_awgn_dense_formal_k300_ber,stage07_awgn_dense_formal_results.csv,276,6a679f1d17b2335e29fbaad19f12a1252c9dba7a1d3cbc2863286c496c0e4e79,K300_M511K385,300,385整块300,STYLE_4,16,8,6.3095734448019334,6.5125834871907529,0.70422535211267601,426,ber,0,15000000,0,3.3333333333333334e-08,true,true,0.5/totalPayloadBits,50000,MAX_FRAMES_REACHED
stage07_awgn_dense_formal_k300_ber,stage07_awgn_dense_formal_results.csv,277,8db4c1413b6ba24d06877f970d5873af2f56fa03768bdd5d0210adb7c7417494,K300_M511K385,300,385整块300,STYLE_4,17,8.5,7.0794578438413787,7.0125834871907529,0.70422535211267601,426,ber,0,15000000,0,3.3333333333333334e-08,true,true,0.5/totalPayloadBits,50000,MAX_FRAMES_REACHED
stage07_awgn_dense_formal_k300_ber,stage07_awgn_dense_formal_results.csv,278,0622ae5dd6712b6fe04f41bf076838d32acb1c814eb1dd3945efddebf0e7a036,K300_M511K385,300,385整块300,STYLE_4,18,9,7.9432823472428158,7.5125834871907529,0.70422535211267601,426,ber,0,15000000,0,3.3333333333333334e-08,true,true,0.5/totalPayloadBits,50000,MAX_FRAMES_REACHED
stage07_awgn_dense_formal_k300_ber,stage07_awgn_dense_formal_results.csv,279,3ef239337b891933140354d77e561dffe6aecd4af87838f6a90fa1810561ec63,K300_M511K385,300,385整块300,STYLE_4,19,9.5,8.9125093813374541,8.0125834871907529,0.70422535211267601,426,ber,0,15000000,0,3.3333333333333334e-08,true,true,0.5/totalPayloadBits,50000,MAX_FRAMES_REACHED
stage07_awgn_dense_formal_k300_ber,stage07_awgn_dense_formal_results.csv,280,04ffd885bc75fb306afd884b8df0d360eb7af31f66009aff95814440c93d75bf,K300_M511K385,300,385整块300,STYLE_4,20,10,10,8.5125834871907529,0.70422535211267601,426,ber,0,15000000,0,3.3333333333333334e-08,true,true,0.5/totalPayloadBits,50000,MAX_FRAMES_REACHED
stage07_awgn_dense_formal_k300_ber,stage07_awgn_dense_formal_results.csv,281,2a65c90bf455969128134ecf83c17f0358bf3c137b0bd5dd26fd799dd5038f0d,K300_M511K385,300,385整块300,STYLE_4,21,10.5,11.220184543019636,9.0125834871907529,0.70422535211267601,426,ber,0,15000000,0,3.3333333333333334e-08,true,true,0.5/totalPayloadBits,50000,MAX_FRAMES_REACHED
stage07_awgn_dense_formal_k300_ber,stage07_awgn_dense_formal_results.csv,282,63ac58644f41c503a111b228e38dddf3bb593ccaddbcd9b5ca8bf29d1cb6cd26,K300_M511K385,300,385整块300,STYLE_4,22,11,12.589254117941675,9.5125834871907529,0.70422535211267601,426,ber,0,15000000,0,3.3333333333333334e-08,true,true,0.5/totalPayloadBits,50000,MAX_FRAMES_REACHED
stage07_awgn_dense_formal_k300_ber,stage07_awgn_dense_formal_results.csv,283,f8cc7f1432786c86eb8cec919ef445e467b870c7292716558ed4f04efab11c83,K300_M511K385,300,385整块300,STYLE_4,23,11.5,14.12537544622754,10.012583487190753,0.70422535211267601,426,ber,0,15000000,0,3.3333333333333334e-08,true,true,0.5/totalPayloadBits,50000,MAX_FRAMES_REACHED
stage07_awgn_dense_formal_k300_ber,stage07_awgn_dense_formal_results.csv,284,95e8c19232a9702f0966747b974e493b431de4f0e42018db11aeb5ed554c1406,K300_M511K385,300,385整块300,STYLE_4,24,12,15.848931924611133,10.512583487190753,0.70422535211267601,426,ber,0,15000000,0,3.3333333333333334e-08,true,true,0.5/totalPayloadBits,50000,MAX_FRAMES_REACHED
stage07_awgn_dense_formal_k300_ber,stage07_awgn_dense_formal_results.csv,285,c398aabbd4d42596da32910776bb886ca37cb919fb56d33d8e7d337b488af94b,K300_M511K385,300,385整块300,STYLE_4,25,12.5,17.782794100389228,11.012583487190753,0.70422535211267601,426,ber,0,15000000,0,3.3333333333333334e-08,true,true,0.5/totalPayloadBits,50000,MAX_FRAMES_REACHED
stage07_awgn_dense_formal_k300_ber,stage07_awgn_dense_formal_results.csv,286,6f7ae686669574a65f74d012d3c2fa00ed280a00634bb6deac955eb862452770,K300_M511K385,300,385整块300,STYLE_4,26,13,19.952623149688797,11.512583487190753,0.70422535211267601,426,ber,0,15000000,0,3.3333333333333334e-08,true,true,0.5/totalPayloadBits,50000,MAX_FRAMES_REACHED
stage07_awgn_dense_formal_k300_ber,stage07_awgn_dense_formal_results.csv,287,a4bdbbb030b003dfe98eba559b243233feb02df0d3c075d08972fd13ce70ebc5,K300_M511K385,300,385整块300,STYLE_4,27,13.5,22.387211385683401,12.012583487190753,0.70422535211267601,426,ber,0,15000000,0,3.3333333333333334e-08,true,true,0.5/totalPayloadBits,50000,MAX_FRAMES_REACHED
stage07_awgn_dense_formal_k300_ber,stage07_awgn_dense_formal_results.csv,288,a5429e7a392c3ef72cf4a57540a018578b3da10d2499c219a640720b8c82fbc5,K300_M511K385,300,385整块300,STYLE_4,28,14,25.118864315095795,12.512583487190753,0.70422535211267601,426,ber,0,15000000,0,3.3333333333333334e-08,true,true,0.5/totalPayloadBits,50000,MAX_FRAMES_REACHED
stage07_awgn_dense_formal_k300_ber,stage07_awgn_dense_formal_results.csv,289,1e10b6c2b5f88df5796ea42ed81d393a803f26f8b68280336f188c5fdf9e8fbe,K300_M511K385,300,385整块300,STYLE_4,29,14.5,28.183829312644534,13.012583487190753,0.70422535211267601,426,ber,0,15000000,0,3.3333333333333334e-08,true,true,0.5/totalPayloadBits,50000,MAX_FRAMES_REACHED
stage07_awgn_dense_formal_k300_ber,stage07_awgn_dense_formal_results.csv,290,087a0a4929b6b91c0d454c7dbd0d1a79f8fdbd91937b22a2dab530e2a0af237f,K300_M511K385,300,385整块300,STYLE_4,30,15,31.622776601683793,13.512583487190753,0.70422535211267601,426,ber,0,15000000,0,3.3333333333333334e-08,true,true,0.5/totalPayloadBits,50000,MAX_FRAMES_REACHED
stage07_awgn_dense_formal_k300_ber,stage07_awgn_dense_formal_results.csv,291,6e823e3df8af7fa2dec755a21cd5212595a1ac81463fd0d23c5352ca805b7b1f,K300_M511K385,300,385整块300,STYLE_4,31,15.5,35.481338923357548,14.012583487190753,0.70422535211267601,426,ber,0,15000000,0,3.3333333333333334e-08,true,true,0.5/totalPayloadBits,50000,MAX_FRAMES_REACHED
stage07_awgn_dense_formal_k300_ber,stage07_awgn_dense_formal_results.csv,292,51298f5b31ae6104ae2c058bf0531b7c927e5b03a2edeb079e272d83dde1d3f4,K300_M511K385,300,385整块300,STYLE_4,32,16,39.810717055349734,14.512583487190753,0.70422535211267601,426,ber,0,15000000,0,3.3333333333333334e-08,true,true,0.5/totalPayloadBits,50000,MAX_FRAMES_REACHED
stage07_awgn_dense_formal_k300_ber,stage07_awgn_dense_formal_results.csv,293,b92febdf0c6bcd3338b0e2718cbe2435e7fe2e5bb242b7598374191f2db67a8a,K300_M511K385,300,385整块300,STYLE_4,33,16.5,44.668359215096302,15.012583487190753,0.70422535211267601,426,ber,0,15000000,0,3.3333333333333334e-08,true,true,0.5/totalPayloadBits,50000,MAX_FRAMES_REACHED
stage07_awgn_dense_formal_k300_ber,stage07_awgn_dense_formal_results.csv,294,6aadd56e0126dae8bf9c1624113802a1f3884a0a2e78f5766b83c0d83a0ba208,K300_M511K385,300,385整块300,STYLE_4,34,17,50.118723362727224,15.512583487190753,0.70422535211267601,426,ber,0,15000000,0,3.3333333333333334e-08,true,true,0.5/totalPayloadBits,50000,MAX_FRAMES_REACHED
stage07_awgn_dense_formal_k300_ber,stage07_awgn_dense_formal_results.csv,295,9846c48eed604db90cedeaf5c3dd41e8c4f36460f342ab95d3e07f76b3f891dc,K300_M511K385,300,385整块300,STYLE_4,35,17.5,56.234132519034908,16.012583487190753,0.70422535211267601,426,ber,0,15000000,0,3.3333333333333334e-08,true,true,0.5/totalPayloadBits,50000,MAX_FRAMES_REACHED
stage07_awgn_dense_formal_k300_ber,stage07_awgn_dense_formal_results.csv,296,f5173adf4bc7627221f65ff7779e20541f0943c5b2b8fc25308c2d6bf0a90da0,K300_M511K385,300,385整块300,STYLE_4,36,18,63.095734448019329,16.512583487190753,0.70422535211267601,426,ber,0,15000000,0,3.3333333333333334e-08,true,true,0.5/totalPayloadBits,50000,MAX_FRAMES_REACHED
stage07_awgn_dense_formal_k300_ber,stage07_awgn_dense_formal_results.csv,223,9f26950932b2f24c63f5740f4beb29a247f35da9a508ed268ab499197f0cfc24,K300_M511K421,300,421整块300,STYLE_3,0,0,1,-1.8708664335714444,0.76923076923076927,390,ber,47854,300000,0.15951333333333334,0.15951333333333334,false,false,none,1000,TARGET_FRAME_ERRORS_REACHED
stage07_awgn_dense_formal_k300_ber,stage07_awgn_dense_formal_results.csv,224,e2b3e9c5ef4b80f24ab99954d435bc3a1ce5f9d1a610d904be23111e20b4b8ee,K300_M511K421,300,421整块300,STYLE_3,1,0.5,1.1220184543019633,-1.3708664335714444,0.76923076923076927,390,ber,43511,300000,0.14503666666666667,0.14503666666666667,false,false,none,1000,TARGET_FRAME_ERRORS_REACHED
stage07_awgn_dense_formal_k300_ber,stage07_awgn_dense_formal_results.csv,225,11bf2bcb02136f67ed7cdd9a49dadfcaa3b1db9d54378311a2d37b4ae4ba4cec,K300_M511K421,300,421整块300,STYLE_3,2,1,1.2589254117941673,-0.87086643357144444,0.76923076923076927,390,ber,39099,300000,0.13033,0.13033,false,false,none,1000,TARGET_FRAME_ERRORS_REACHED
stage07_awgn_dense_formal_k300_ber,stage07_awgn_dense_formal_results.csv,226,bd1474c6953159c76a69aa123ea842cfdfa10fe1aaed7b9fb34d5e0d5cccd7b7,K300_M511K421,300,421整块300,STYLE_3,3,1.5,1.4125375446227544,-0.37086643357144444,0.76923076923076927,390,ber,35215,300000,0.11738333333333334,0.11738333333333334,false,false,none,1000,TARGET_FRAME_ERRORS_REACHED
stage07_awgn_dense_formal_k300_ber,stage07_awgn_dense_formal_results.csv,227,e47f1b441869103f4aaa2ca80400ac179faae25652245562247423722e714c2e,K300_M511K421,300,421整块300,STYLE_3,4,2,1.5848931924611136,0.12913356642855556,0.76923076923076927,390,ber,30892,300000,0.10297333333333333,0.10297333333333333,false,false,none,1000,TARGET_FRAME_ERRORS_REACHED
stage07_awgn_dense_formal_k300_ber,stage07_awgn_dense_formal_results.csv,228,d047a97fd27700340ed043a053c06bcbd06297b39316cb2f1f7a3f9ad74801ee,K300_M511K421,300,421整块300,STYLE_3,5,2.5,1.7782794100389228,0.62913356642855556,0.76923076923076927,390,ber,27231,300000,0.090770000000000003,0.090770000000000003,false,false,none,1000,TARGET_FRAME_ERRORS_REACHED
stage07_awgn_dense_formal_k300_ber,stage07_awgn_dense_formal_results.csv,229,38042bdb7fa19ca3bba0e5e27974c6f4e979230c06a6082f829d6b4cfa363649,K300_M511K421,300,421整块300,STYLE_3,6,3,1.9952623149688795,1.1291335664285556,0.76923076923076927,390,ber,23454,300000,0.078179999999999999,0.078179999999999999,false,false,none,1000,TARGET_FRAME_ERRORS_REACHED
stage07_awgn_dense_formal_k300_ber,stage07_awgn_dense_formal_results.csv,230,2e679fdfcd49ebf00d403acc82a13080e4c1d39e0b2b828db3961d040eb6f2f8,K300_M511K421,300,421整块300,STYLE_3,7,3.5,2.2387211385683394,1.6291335664285556,0.76923076923076927,390,ber,20190,300000,0.067299999999999999,0.067299999999999999,false,false,none,1000,TARGET_FRAME_ERRORS_REACHED
stage07_awgn_dense_formal_k300_ber,stage07_awgn_dense_formal_results.csv,231,56c48cd89d0ab5211f1d4c610562d72f88e63e4c2483116e490895cfd5233c3c,K300_M511K421,300,421整块300,STYLE_3,8,4,2.5118864315095801,2.1291335664285556,0.76923076923076927,390,ber,17054,300000,0.056846666666666663,0.056846666666666663,false,false,none,1000,TARGET_FRAME_ERRORS_REACHED
stage07_awgn_dense_formal_k300_ber,stage07_awgn_dense_formal_results.csv,232,07017ebdbe007d313dbfabfd0cbcb4faafd8cee1351cc2063489625f80edc0db,K300_M511K421,300,421整块300,STYLE_3,9,4.5,2.8183829312644537,2.6291335664285556,0.76923076923076927,390,ber,13871,300000,0.046236666666666669,0.046236666666666669,false,false,none,1000,TARGET_FRAME_ERRORS_REACHED
stage07_awgn_dense_formal_k300_ber,stage07_awgn_dense_formal_results.csv,233,19bb5094ca910cd8d463243e9cae762ab0dd6376156b33d1d035f86cc448202c,K300_M511K421,300,421整块300,STYLE_3,10,5,3.1622776601683795,3.1291335664285556,0.76923076923076927,390,ber,10356,300000,0.034520000000000002,0.034520000000000002,false,false,none,1000,TARGET_FRAME_ERRORS_REACHED
stage07_awgn_dense_formal_k300_ber,stage07_awgn_dense_formal_results.csv,234,2f81d8c6ce80d522c403edd70eec038036f25dda499631e33b32822cda89466f,K300_M511K421,300,421整块300,STYLE_3,11,5.5,3.548133892335755,3.6291335664285556,0.76923076923076927,390,ber,6122,300000,0.020406666666666667,0.020406666666666667,false,false,none,1000,TARGET_FRAME_ERRORS_REACHED
stage07_awgn_dense_formal_k300_ber,stage07_awgn_dense_formal_results.csv,235,bc8ab890772c42219b2736e1a317bc6a6b5fc3c0ec81c0abdb5becd12bf6d63f,K300_M511K421,300,421整块300,STYLE_3,12,6,3.9810717055349722,4.1291335664285551,0.76923076923076927,390,ber,2829,300000,0.0094299999999999991,0.0094299999999999991,false,false,none,1000,TARGET_FRAME_ERRORS_REACHED
stage07_awgn_dense_formal_k300_ber,stage07_awgn_dense_formal_results.csv,236,7683c44502500350ceac879ec1eae544dfe03780ea1d8cee4cef01ee142ec787,K300_M511K421,300,421整块300,STYLE_3,13,6.5,4.4668359215096318,4.6291335664285551,0.76923076923076927,390,ber,1820,769800,0.002364250454663549,0.002364250454663549,false,false,none,2566,TARGET_FRAME_ERRORS_REACHED
stage07_awgn_dense_formal_k300_ber,stage07_awgn_dense_formal_results.csv,237,5986e701e745570eff18aa9a54a95bf6f6b2ca653b02c8f3fc54d0ca44b98394,K300_M511K421,300,421整块300,STYLE_3,14,7,5.011872336272722,5.1291335664285551,0.76923076923076927,390,ber,1781,4864200,0.00036614448419061718,0.00036614448419061718,false,false,none,16214,TARGET_FRAME_ERRORS_REACHED
stage07_awgn_dense_formal_k300_ber,stage07_awgn_dense_formal_results.csv,238,b6c55ae82b8952dcbaadf94d72f9aa2a1277e1d203e0cd2e34912d7f6f48eef3,K300_M511K421,300,421整块300,STYLE_3,15,7.5,5.6234132519034912,5.6291335664285551,0.76923076923076927,390,ber,417,15000000,2.7800000000000001e-05,2.7800000000000001e-05,false,false,none,50000,MAX_FRAMES_REACHED
stage07_awgn_dense_formal_k300_ber,stage07_awgn_dense_formal_results.csv,239,966d9b2eaccb1b5a680286d98b22298e49d30f14ede0b2d934e30d3e69386193,K300_M511K421,300,421整块300,STYLE_3,16,8,6.3095734448019334,6.1291335664285551,0.76923076923076927,390,ber,38,15000000,2.5333333333333334e-06,2.5333333333333334e-06,false,false,none,50000,MAX_FRAMES_REACHED
stage07_awgn_dense_formal_k300_ber,stage07_awgn_dense_formal_results.csv,240,5e3157a961d68d11c3bff2f9a77e40f1f8ad507777ea7f58eef9914298a21fe9,K300_M511K421,300,421整块300,STYLE_3,17,8.5,7.0794578438413787,6.6291335664285551,0.76923076923076927,390,ber,0,15000000,0,3.3333333333333334e-08,true,true,0.5/totalPayloadBits,50000,MAX_FRAMES_REACHED
stage07_awgn_dense_formal_k300_ber,stage07_awgn_dense_formal_results.csv,241,043e9ce5ac9884dcd7653ee6e7e5a4c7e57145edcdaaa67bd09ef985532176ad,K300_M511K421,300,421整块300,STYLE_3,18,9,7.9432823472428158,7.1291335664285551,0.76923076923076927,390,ber,0,15000000,0,3.3333333333333334e-08,true,true,0.5/totalPayloadBits,50000,MAX_FRAMES_REACHED
stage07_awgn_dense_formal_k300_ber,stage07_awgn_dense_formal_results.csv,242,c41b1321e570e81a0017da4db885df960a6bff79dbcf74f7d1a556d06e6fb6ba,K300_M511K421,300,421整块300,STYLE_3,19,9.5,8.9125093813374541,7.6291335664285551,0.76923076923076927,390,ber,0,15000000,0,3.3333333333333334e-08,true,true,0.5/totalPayloadBits,50000,MAX_FRAMES_REACHED
stage07_awgn_dense_formal_k300_ber,stage07_awgn_dense_formal_results.csv,243,9c65ce37187eb2cf86036d9005960162046e82d91f02e42c331a5d790bfdf6d4,K300_M511K421,300,421整块300,STYLE_3,20,10,10,8.1291335664285551,0.76923076923076927,390,ber,0,15000000,0,3.3333333333333334e-08,true,true,0.5/totalPayloadBits,50000,MAX_FRAMES_REACHED
stage07_awgn_dense_formal_k300_ber,stage07_awgn_dense_formal_results.csv,244,c2926b9de8892a8b5cb69128456248d133a3ee62d8562932882ab731196d05b7,K300_M511K421,300,421整块300,STYLE_3,21,10.5,11.220184543019636,8.6291335664285551,0.76923076923076927,390,ber,0,15000000,0,3.3333333333333334e-08,true,true,0.5/totalPayloadBits,50000,MAX_FRAMES_REACHED
stage07_awgn_dense_formal_k300_ber,stage07_awgn_dense_formal_results.csv,245,59f8b858f4095079545c871074aead1a87ea2783faa7a0b00d5d50c4555b79e9,K300_M511K421,300,421整块300,STYLE_3,22,11,12.589254117941675,9.1291335664285551,0.76923076923076927,390,ber,0,15000000,0,3.3333333333333334e-08,true,true,0.5/totalPayloadBits,50000,MAX_FRAMES_REACHED
stage07_awgn_dense_formal_k300_ber,stage07_awgn_dense_formal_results.csv,246,63f75663ebc14bddafea03fef047b6affca37557ecc44e245604e1892ede2481,K300_M511K421,300,421整块300,STYLE_3,23,11.5,14.12537544622754,9.6291335664285551,0.76923076923076927,390,ber,0,15000000,0,3.3333333333333334e-08,true,true,0.5/totalPayloadBits,50000,MAX_FRAMES_REACHED
stage07_awgn_dense_formal_k300_ber,stage07_awgn_dense_formal_results.csv,247,8aba5e8adfe1d9acd62868430ca6a5c0fa575fab4d69f2f0e7e9480e4dc3dec4,K300_M511K421,300,421整块300,STYLE_3,24,12,15.848931924611133,10.129133566428555,0.76923076923076927,390,ber,0,15000000,0,3.3333333333333334e-08,true,true,0.5/totalPayloadBits,50000,MAX_FRAMES_REACHED
stage07_awgn_dense_formal_k300_ber,stage07_awgn_dense_formal_results.csv,248,8363e9a98d4ececaf4ddb93193e21d4f66c6f1372e273a483638b92e3012c0ea,K300_M511K421,300,421整块300,STYLE_3,25,12.5,17.782794100389228,10.629133566428555,0.76923076923076927,390,ber,0,15000000,0,3.3333333333333334e-08,true,true,0.5/totalPayloadBits,50000,MAX_FRAMES_REACHED
stage07_awgn_dense_formal_k300_ber,stage07_awgn_dense_formal_results.csv,249,39c7e9d59faa37e3e1547f95482b97de670ba6c5b362640e1c0572632ab27253,K300_M511K421,300,421整块300,STYLE_3,26,13,19.952623149688797,11.129133566428555,0.76923076923076927,390,ber,0,15000000,0,3.3333333333333334e-08,true,true,0.5/totalPayloadBits,50000,MAX_FRAMES_REACHED
stage07_awgn_dense_formal_k300_ber,stage07_awgn_dense_formal_results.csv,250,e166dcdc4f187605f527680cb0af264361cc5793cf3a6066fce4436bd2f9b1cf,K300_M511K421,300,421整块300,STYLE_3,27,13.5,22.387211385683401,11.629133566428555,0.76923076923076927,390,ber,0,15000000,0,3.3333333333333334e-08,true,true,0.5/totalPayloadBits,50000,MAX_FRAMES_REACHED
stage07_awgn_dense_formal_k300_ber,stage07_awgn_dense_formal_results.csv,251,4aa3b28b4bd9fa46376255f3a9973b3929617e7a486bc1bcb184b274c3e334b5,K300_M511K421,300,421整块300,STYLE_3,28,14,25.118864315095795,12.129133566428555,0.76923076923076927,390,ber,0,15000000,0,3.3333333333333334e-08,true,true,0.5/totalPayloadBits,50000,MAX_FRAMES_REACHED
stage07_awgn_dense_formal_k300_ber,stage07_awgn_dense_formal_results.csv,252,a04e02928296b52b35ad97fbe43f51739f3b1585f3649bd3b882dfc89af7e90b,K300_M511K421,300,421整块300,STYLE_3,29,14.5,28.183829312644534,12.629133566428555,0.76923076923076927,390,ber,0,15000000,0,3.3333333333333334e-08,true,true,0.5/totalPayloadBits,50000,MAX_FRAMES_REACHED
stage07_awgn_dense_formal_k300_ber,stage07_awgn_dense_formal_results.csv,253,4da9c7a624d2710122b7b9ba5585b0cf16674bded031a24a160be01bebb432e2,K300_M511K421,300,421整块300,STYLE_3,30,15,31.622776601683793,13.129133566428555,0.76923076923076927,390,ber,0,15000000,0,3.3333333333333334e-08,true,true,0.5/totalPayloadBits,50000,MAX_FRAMES_REACHED
stage07_awgn_dense_formal_k300_ber,stage07_awgn_dense_formal_results.csv,254,b1220e066efd2d8366cde72ad61f86e04bac7b5f5fb7474b33baeeaec5c263b5,K300_M511K421,300,421整块300,STYLE_3,31,15.5,35.481338923357548,13.629133566428555,0.76923076923076927,390,ber,0,15000000,0,3.3333333333333334e-08,true,true,0.5/totalPayloadBits,50000,MAX_FRAMES_REACHED
stage07_awgn_dense_formal_k300_ber,stage07_awgn_dense_formal_results.csv,255,6733628beba3a0fa5684494874fe040c4427ac263071553100aa1bbd1bdf42d9,K300_M511K421,300,421整块300,STYLE_3,32,16,39.810717055349734,14.129133566428555,0.76923076923076927,390,ber,0,15000000,0,3.3333333333333334e-08,true,true,0.5/totalPayloadBits,50000,MAX_FRAMES_REACHED
stage07_awgn_dense_formal_k300_ber,stage07_awgn_dense_formal_results.csv,256,8d50fb0220a5be2550336930759e7614647b8fd74071c2da41bb9363d8f03594,K300_M511K421,300,421整块300,STYLE_3,33,16.5,44.668359215096302,14.629133566428555,0.76923076923076927,390,ber,0,15000000,0,3.3333333333333334e-08,true,true,0.5/totalPayloadBits,50000,MAX_FRAMES_REACHED
stage07_awgn_dense_formal_k300_ber,stage07_awgn_dense_formal_results.csv,257,ff22d4e29fc70bb60d07dcc953645c69910deb40264907b833793df351a4b647,K300_M511K421,300,421整块300,STYLE_3,34,17,50.118723362727224,15.129133566428555,0.76923076923076927,390,ber,0,15000000,0,3.3333333333333334e-08,true,true,0.5/totalPayloadBits,50000,MAX_FRAMES_REACHED
stage07_awgn_dense_formal_k300_ber,stage07_awgn_dense_formal_results.csv,258,162cb23f669491aa805991ead268b1a5b82bbf19bc0a9d8f7c05cb47b61393a3,K300_M511K421,300,421整块300,STYLE_3,35,17.5,56.234132519034908,15.629133566428555,0.76923076923076927,390,ber,0,15000000,0,3.3333333333333334e-08,true,true,0.5/totalPayloadBits,50000,MAX_FRAMES_REACHED
stage07_awgn_dense_formal_k300_ber,stage07_awgn_dense_formal_results.csv,259,50c63b9b16ff0f9b799bfc3b41a3b0d8c43ef13f9cb81cb1179b061d2cad6f8d,K300_M511K421,300,421整块300,STYLE_3,36,18,63.095734448019329,16.129133566428557,0.76923076923076927,390,ber,0,15000000,0,3.3333333333333334e-08,true,true,0.5/totalPayloadBits,50000,MAX_FRAMES_REACHED
stage07_awgn_dense_formal_k300_ber,stage07_awgn_dense_formal_results.csv,149,79a8bf349e9b27b96f4dc7b8c3fbf810db117ff4e1a045805f670f30a13dc6ae,K300_S15,300,分块300,STYLE_1,0,0,1,-1.5490195998574319,0.7142857142857143,420,ber,54271,300000,0.18090333333333333,0.18090333333333333,false,false,none,1000,TARGET_FRAME_ERRORS_REACHED
stage07_awgn_dense_formal_k300_ber,stage07_awgn_dense_formal_results.csv,150,ba8a0b05e58213fad32151735ef63509dd5e806e62899e876356c49990e3b135,K300_S15,300,分块300,STYLE_1,1,0.5,1.1220184543019633,-1.0490195998574319,0.7142857142857143,420,ber,49035,300000,0.16345000000000001,0.16345000000000001,false,false,none,1000,TARGET_FRAME_ERRORS_REACHED
stage07_awgn_dense_formal_k300_ber,stage07_awgn_dense_formal_results.csv,151,64e6e30d75fc09c85465a31ee3f928f28e89e7bcc937968b747798dea3af79d6,K300_S15,300,分块300,STYLE_1,2,1,1.2589254117941673,-0.54901959985743187,0.7142857142857143,420,ber,43482,300000,0.14494000000000001,0.14494000000000001,false,false,none,1000,TARGET_FRAME_ERRORS_REACHED
stage07_awgn_dense_formal_k300_ber,stage07_awgn_dense_formal_results.csv,152,d3891d4c5aea7a01aefccb95b9d583ed1c00f9ac5c494b6e61389d7b25a4f5c0,K300_S15,300,分块300,STYLE_1,3,1.5,1.4125375446227544,-0.049019599857431873,0.7142857142857143,420,ber,38487,300000,0.12828999999999999,0.12828999999999999,false,false,none,1000,TARGET_FRAME_ERRORS_REACHED
stage07_awgn_dense_formal_k300_ber,stage07_awgn_dense_formal_results.csv,153,ec99e0d873443a4373b8daa96222a5826a249a82c0ae8c4b8041e5b8fbe2d59a,K300_S15,300,分块300,STYLE_1,4,2,1.5848931924611136,0.45098040014256813,0.7142857142857143,420,ber,33002,300000,0.11000666666666667,0.11000666666666667,false,false,none,1000,TARGET_FRAME_ERRORS_REACHED
stage07_awgn_dense_formal_k300_ber,stage07_awgn_dense_formal_results.csv,154,f9c7a6ab44b6a1f6ce82ce14cd456a7c57ea21319e2644be35a4abf445a33c81,K300_S15,300,分块300,STYLE_1,5,2.5,1.7782794100389228,0.95098040014256813,0.7142857142857143,420,ber,27420,300000,0.091399999999999995,0.091399999999999995,false,false,none,1000,TARGET_FRAME_ERRORS_REACHED
stage07_awgn_dense_formal_k300_ber,stage07_awgn_dense_formal_results.csv,155,96c9c17befd4678d38f51b56d44a37d9fea6efc3e113107825a3012c5d04695d,K300_S15,300,分块300,STYLE_1,6,3,1.9952623149688795,1.4509804001425681,0.7142857142857143,420,ber,21999,300000,0.073330000000000006,0.073330000000000006,false,false,none,1000,TARGET_FRAME_ERRORS_REACHED
stage07_awgn_dense_formal_k300_ber,stage07_awgn_dense_formal_results.csv,156,e3748e0c081d51a4abe93e0b84f6510c9bce7064173d30b681ab36a848b62c46,K300_S15,300,分块300,STYLE_1,7,3.5,2.2387211385683394,1.9509804001425681,0.7142857142857143,420,ber,17184,300000,0.057279999999999998,0.057279999999999998,false,false,none,1000,TARGET_FRAME_ERRORS_REACHED
stage07_awgn_dense_formal_k300_ber,stage07_awgn_dense_formal_results.csv,157,06a38e8e04ca4304b66c0f48f11642a7c3665ae695341b0180abe8c70bec0068,K300_S15,300,分块300,STYLE_1,8,4,2.5118864315095801,2.4509804001425683,0.7142857142857143,420,ber,13566,300000,0.045220000000000003,0.045220000000000003,false,false,none,1000,TARGET_FRAME_ERRORS_REACHED
stage07_awgn_dense_formal_k300_ber,stage07_awgn_dense_formal_results.csv,158,a2f15bb5259dbc391059d54b29a9bf8c44e38de3438fa3587e3a33baa0aeb825,K300_S15,300,分块300,STYLE_1,9,4.5,2.8183829312644537,2.9509804001425683,0.7142857142857143,420,ber,9550,300000,0.031833333333333332,0.031833333333333332,false,false,none,1000,TARGET_FRAME_ERRORS_REACHED
stage07_awgn_dense_formal_k300_ber,stage07_awgn_dense_formal_results.csv,159,7c27ecee49bd8d7e952a5503d6d0b2e7e8cc6fddeaba7a831c869fa8ebf7ec54,K300_S15,300,分块300,STYLE_1,10,5,3.1622776601683795,3.4509804001425683,0.7142857142857143,420,ber,6829,300000,0.022763333333333333,0.022763333333333333,false,false,none,1000,TARGET_FRAME_ERRORS_REACHED
stage07_awgn_dense_formal_k300_ber,stage07_awgn_dense_formal_results.csv,160,51481972b74dce03bdae1b5cc9bad62ac9f0829953252eb3048dcd20493f89a9,K300_S15,300,分块300,STYLE_1,11,5.5,3.548133892335755,3.9509804001425683,0.7142857142857143,420,ber,4615,300000,0.015383333333333334,0.015383333333333334,false,false,none,1000,TARGET_FRAME_ERRORS_REACHED
stage07_awgn_dense_formal_k300_ber,stage07_awgn_dense_formal_results.csv,161,205e6fd45d37799cb4b754bd40089df2d8b6ad3a0d8da66c659e025875ba31b5,K300_S15,300,分块300,STYLE_1,12,6,3.9810717055349722,4.4509804001425683,0.7142857142857143,420,ber,2820,300000,0.0094000000000000004,0.0094000000000000004,false,false,none,1000,TARGET_FRAME_ERRORS_REACHED
stage07_awgn_dense_formal_k300_ber,stage07_awgn_dense_formal_results.csv,162,e25533bf5ef1f34beb77ab0b489b3aaad76139f805a928ff78bd95ae3d8da7bf,K300_S15,300,分块300,STYLE_1,13,6.5,4.4668359215096318,4.9509804001425683,0.7142857142857143,420,ber,1670,300000,0.0055666666666666668,0.0055666666666666668,false,false,none,1000,TARGET_FRAME_ERRORS_REACHED
stage07_awgn_dense_formal_k300_ber,stage07_awgn_dense_formal_results.csv,163,8967264d1b02d08c91260e9ba45287476bb1c1b785a68f1fcd792658e885ee67,K300_S15,300,分块300,STYLE_1,14,7,5.011872336272722,5.4509804001425683,0.7142857142857143,420,ber,828,300000,0.0027599999999999999,0.0027599999999999999,false,false,none,1000,TARGET_FRAME_ERRORS_REACHED
stage07_awgn_dense_formal_k300_ber,stage07_awgn_dense_formal_results.csv,164,bc6213c7b8442af5d2348f1abf141f1c271fd3ce1d07c272636a015122be56a4,K300_S15,300,分块300,STYLE_1,15,7.5,5.6234132519034912,5.9509804001425683,0.7142857142857143,420,ber,482,326700,0.0014753596571778389,0.0014753596571778389,false,false,none,1089,TARGET_FRAME_ERRORS_REACHED
stage07_awgn_dense_formal_k300_ber,stage07_awgn_dense_formal_results.csv,165,77ea72d699e74223b79877733f4b281eb04e781af7ba2a5d15e2cf41467c9ed2,K300_S15,300,分块300,STYLE_1,16,8,6.3095734448019334,6.4509804001425683,0.7142857142857143,420,ber,474,705900,0.00067148321291967696,0.00067148321291967696,false,false,none,2353,TARGET_FRAME_ERRORS_REACHED
stage07_awgn_dense_formal_k300_ber,stage07_awgn_dense_formal_results.csv,166,cf541fb6f4db5fc68f4c8f70f13823e6edd5a146a201be392d918c8ddf536e75,K300_S15,300,分块300,STYLE_1,17,8.5,7.0794578438413787,6.9509804001425683,0.7142857142857143,420,ber,436,1371900,0.00031780742036591588,0.00031780742036591588,false,false,none,4573,TARGET_FRAME_ERRORS_REACHED
stage07_awgn_dense_formal_k300_ber,stage07_awgn_dense_formal_results.csv,167,51bb864c350251f08da1509de3804af7960ebe770b73d1859c87158470dc5438,K300_S15,300,分块300,STYLE_1,18,9,7.9432823472428158,7.4509804001425683,0.7142857142857143,420,ber,432,4137900,0.00010440078300587255,0.00010440078300587255,false,false,none,13793,TARGET_FRAME_ERRORS_REACHED
stage07_awgn_dense_formal_k300_ber,stage07_awgn_dense_formal_results.csv,168,f29b4df2537224033e9d4a2795d21e26026ceefec5b229e568b47067c242d58e,K300_S15,300,分块300,STYLE_1,19,9.5,8.9125093813374541,7.9509804001425683,0.7142857142857143,420,ber,450,10915500,4.1225779854335581e-05,4.1225779854335581e-05,false,false,none,36385,TARGET_FRAME_ERRORS_REACHED
stage07_awgn_dense_formal_k300_ber,stage07_awgn_dense_formal_results.csv,169,1f4d7497ac6d7c848f49fd67ff7b258839418f1d2c3e82c88bc03d069e11851d,K300_S15,300,分块300,STYLE_1,20,10,10,8.4509804001425675,0.7142857142857143,420,ber,184,15000000,1.2266666666666667e-05,1.2266666666666667e-05,false,false,none,50000,MAX_FRAMES_REACHED
stage07_awgn_dense_formal_k300_ber,stage07_awgn_dense_formal_results.csv,170,2d6c49d5a6817a2e10e8a2c2c7bdb9cd65c2188d50a257cdb1536f7bd7425cea,K300_S15,300,分块300,STYLE_1,21,10.5,11.220184543019636,8.9509804001425675,0.7142857142857143,420,ber,60,15000000,3.9999999999999998e-06,3.9999999999999998e-06,false,false,none,50000,MAX_FRAMES_REACHED
stage07_awgn_dense_formal_k300_ber,stage07_awgn_dense_formal_results.csv,171,1eb9d8ee3e9e849d7ef31c8c807eadd543777affe70f2c6390ac9f1f38d3abc9,K300_S15,300,分块300,STYLE_1,22,11,12.589254117941675,9.4509804001425675,0.7142857142857143,420,ber,13,15000000,8.666666666666667e-07,8.666666666666667e-07,false,false,none,50000,MAX_FRAMES_REACHED
stage07_awgn_dense_formal_k300_ber,stage07_awgn_dense_formal_results.csv,172,4a195f8d2435381f0e80e2cad3b7ae7f60c3f0e0b88ed1b7bf6122f0f3aa9848,K300_S15,300,分块300,STYLE_1,23,11.5,14.12537544622754,9.9509804001425675,0.7142857142857143,420,ber,6,15000000,3.9999999999999998e-07,3.9999999999999998e-07,false,false,none,50000,MAX_FRAMES_REACHED
stage07_awgn_dense_formal_k300_ber,stage07_awgn_dense_formal_results.csv,173,9c6c174d1e0008d383e444a9438487672986a4664b7fb4e7a6d8c50c330a269b,K300_S15,300,分块300,STYLE_1,24,12,15.848931924611133,10.450980400142567,0.7142857142857143,420,ber,3,15000000,1.9999999999999999e-07,1.9999999999999999e-07,false,false,none,50000,MAX_FRAMES_REACHED
stage07_awgn_dense_formal_k300_ber,stage07_awgn_dense_formal_results.csv,174,9e6aed64af8d7ce1c468d17569651aee5c87cfe930af2bc5198ac73f75130574,K300_S15,300,分块300,STYLE_1,25,12.5,17.782794100389228,10.950980400142567,0.7142857142857143,420,ber,0,15000000,0,3.3333333333333334e-08,true,true,0.5/totalPayloadBits,50000,MAX_FRAMES_REACHED
stage07_awgn_dense_formal_k300_ber,stage07_awgn_dense_formal_results.csv,175,0a69613e3468248a289bc7340a12a4b7b126f14541c1a72955b597cac0227f2f,K300_S15,300,分块300,STYLE_1,26,13,19.952623149688797,11.450980400142567,0.7142857142857143,420,ber,0,15000000,0,3.3333333333333334e-08,true,true,0.5/totalPayloadBits,50000,MAX_FRAMES_REACHED
stage07_awgn_dense_formal_k300_ber,stage07_awgn_dense_formal_results.csv,176,7629abd95ed8358212c86dd632fc5a06494ef08fc40eadc28ed5bf7501324e4f,K300_S15,300,分块300,STYLE_1,27,13.5,22.387211385683401,11.950980400142567,0.7142857142857143,420,ber,0,15000000,0,3.3333333333333334e-08,true,true,0.5/totalPayloadBits,50000,MAX_FRAMES_REACHED
stage07_awgn_dense_formal_k300_ber,stage07_awgn_dense_formal_results.csv,177,e17e350b1987aa8d11c4efc6d31f1f345f7a1b9cef5db84189dc0a4ffefe526c,K300_S15,300,分块300,STYLE_1,28,14,25.118864315095795,12.450980400142567,0.7142857142857143,420,ber,0,15000000,0,3.3333333333333334e-08,true,true,0.5/totalPayloadBits,50000,MAX_FRAMES_REACHED
stage07_awgn_dense_formal_k300_ber,stage07_awgn_dense_formal_results.csv,178,5ee5cb0e98cab1fb3d27953c530a6bdc4fc821cc7b2d06a29cc216d82546b326,K300_S15,300,分块300,STYLE_1,29,14.5,28.183829312644534,12.950980400142567,0.7142857142857143,420,ber,0,15000000,0,3.3333333333333334e-08,true,true,0.5/totalPayloadBits,50000,MAX_FRAMES_REACHED
stage07_awgn_dense_formal_k300_ber,stage07_awgn_dense_formal_results.csv,179,cc14f839acccbc7f14c5a6270bca03f46ef0fc445c4ef5d6a2f9103c7963c405,K300_S15,300,分块300,STYLE_1,30,15,31.622776601683793,13.450980400142567,0.7142857142857143,420,ber,0,15000000,0,3.3333333333333334e-08,true,true,0.5/totalPayloadBits,50000,MAX_FRAMES_REACHED
stage07_awgn_dense_formal_k300_ber,stage07_awgn_dense_formal_results.csv,180,eec6c9aa95cb6294af34c4cf1885ed44a1ed6791f1ee175592b25877f186d224,K300_S15,300,分块300,STYLE_1,31,15.5,35.481338923357548,13.950980400142567,0.7142857142857143,420,ber,0,15000000,0,3.3333333333333334e-08,true,true,0.5/totalPayloadBits,50000,MAX_FRAMES_REACHED
stage07_awgn_dense_formal_k300_ber,stage07_awgn_dense_formal_results.csv,181,b33cedc650592316b2f4eb75334ddb2a6b1ab4d81a182e99b17001cd8bf8299e,K300_S15,300,分块300,STYLE_1,32,16,39.810717055349734,14.450980400142567,0.7142857142857143,420,ber,0,15000000,0,3.3333333333333334e-08,true,true,0.5/totalPayloadBits,50000,MAX_FRAMES_REACHED
stage07_awgn_dense_formal_k300_ber,stage07_awgn_dense_formal_results.csv,182,08f0512a841372f7bd1922f1d58780b5b23c21444e4c54d8724ee9680cc43297,K300_S15,300,分块300,STYLE_1,33,16.5,44.668359215096302,14.950980400142567,0.7142857142857143,420,ber,0,15000000,0,3.3333333333333334e-08,true,true,0.5/totalPayloadBits,50000,MAX_FRAMES_REACHED
stage07_awgn_dense_formal_k300_ber,stage07_awgn_dense_formal_results.csv,183,c5e0ed12f6c2e0a8ac3dd59fac3b14a9647e8a5aa80b6409d950d806a9c16b75,K300_S15,300,分块300,STYLE_1,34,17,50.118723362727224,15.450980400142567,0.7142857142857143,420,ber,0,15000000,0,3.3333333333333334e-08,true,true,0.5/totalPayloadBits,50000,MAX_FRAMES_REACHED
stage07_awgn_dense_formal_k300_ber,stage07_awgn_dense_formal_results.csv,184,dbd55f7ba173025f4f981e8e5fc86cfbdb2760d5aeed6f20f96f62006f909c57,K300_S15,300,分块300,STYLE_1,35,17.5,56.234132519034908,15.950980400142567,0.7142857142857143,420,ber,0,15000000,0,3.3333333333333334e-08,true,true,0.5/totalPayloadBits,50000,MAX_FRAMES_REACHED
stage07_awgn_dense_formal_k300_ber,stage07_awgn_dense_formal_results.csv,185,e4df5ebb3b4ec7fb5c59e263fbfdbccd19fb8e4af4ec34be07c225d670010ea4,K300_S15,300,分块300,STYLE_1,36,18,63.095734448019329,16.450980400142569,0.7142857142857143,420,ber,0,15000000,0,3.3333333333333334e-08,true,true,0.5/totalPayloadBits,50000,MAX_FRAMES_REACHED
stage07_awgn_dense_formal_k300_fer,stage07_awgn_dense_formal_results.csv,186,144c2dfeeede45919d6748c2ac0f0376067b27e2c79dd831759e25527a8eb0b9,K300_M255K207,300,255双块300,STYLE_2,0,0,1,-1.8045606445813132,0.75757575757575757,396,fer,1000,1000,1,1,false,false,none,1000,TARGET_FRAME_ERRORS_REACHED
stage07_awgn_dense_formal_k300_fer,stage07_awgn_dense_formal_results.csv,187,4fbad845a0ee641b79f4df19bed157eba396489ae807f08b3f525ac14ffee69d,K300_M255K207,300,255双块300,STYLE_2,1,0.5,1.1220184543019633,-1.3045606445813132,0.75757575757575757,396,fer,1000,1000,1,1,false,false,none,1000,TARGET_FRAME_ERRORS_REACHED
stage07_awgn_dense_formal_k300_fer,stage07_awgn_dense_formal_results.csv,188,4b3924a1c57d7e65c1ae7adfae72964a3065bc517a7e26b3ad6b538b88b12b9f,K300_M255K207,300,255双块300,STYLE_2,2,1,1.2589254117941673,-0.80456064458131316,0.75757575757575757,396,fer,1000,1000,1,1,false,false,none,1000,TARGET_FRAME_ERRORS_REACHED
stage07_awgn_dense_formal_k300_fer,stage07_awgn_dense_formal_results.csv,189,1340364b32b27a788d081fa177e25c91bb78c8ac054295edc5b9800830bd6e96,K300_M255K207,300,255双块300,STYLE_2,3,1.5,1.4125375446227544,-0.30456064458131316,0.75757575757575757,396,fer,1000,1000,1,1,false,false,none,1000,TARGET_FRAME_ERRORS_REACHED
stage07_awgn_dense_formal_k300_fer,stage07_awgn_dense_formal_results.csv,190,e67be03c2a25a32ac5df4b1baa9184a131f0621936d1e3dd0c2cfe4ad67ca71a,K300_M255K207,300,255双块300,STYLE_2,4,2,1.5848931924611136,0.19543935541868684,0.75757575757575757,396,fer,1000,1000,1,1,false,false,none,1000,TARGET_FRAME_ERRORS_REACHED
stage07_awgn_dense_formal_k300_fer,stage07_awgn_dense_formal_results.csv,191,d4d94c664f237f549781f51d6f194a57e9588d966814dc43348d00b6fb3b21db,K300_M255K207,300,255双块300,STYLE_2,5,2.5,1.7782794100389228,0.69543935541868684,0.75757575757575757,396,fer,1000,1000,1,1,false,false,none,1000,TARGET_FRAME_ERRORS_REACHED
stage07_awgn_dense_formal_k300_fer,stage07_awgn_dense_formal_results.csv,192,6932c8a1d06fd6d50903d804e827fbd870c7a21a15ca2a8b7878bfca495da8fb,K300_M255K207,300,255双块300,STYLE_2,6,3,1.9952623149688795,1.1954393554186868,0.75757575757575757,396,fer,1000,1000,1,1,false,false,none,1000,TARGET_FRAME_ERRORS_REACHED
stage07_awgn_dense_formal_k300_fer,stage07_awgn_dense_formal_results.csv,193,9ed5f36ac6de4f7d0723fa775ee0f6b0038d6ab0e9b8e47e4fe61fd7cd6f9c62,K300_M255K207,300,255双块300,STYLE_2,7,3.5,2.2387211385683394,1.6954393554186868,0.75757575757575757,396,fer,1000,1000,1,1,false,false,none,1000,TARGET_FRAME_ERRORS_REACHED
stage07_awgn_dense_formal_k300_fer,stage07_awgn_dense_formal_results.csv,194,1160c3fd071a7c1e46979c26a2cb9b4d265601285c8f43920b61a7e653e0137d,K300_M255K207,300,255双块300,STYLE_2,8,4,2.5118864315095801,2.1954393554186868,0.75757575757575757,396,fer,996,1000,0.996,0.996,false,false,none,1000,TARGET_FRAME_ERRORS_REACHED
stage07_awgn_dense_formal_k300_fer,stage07_awgn_dense_formal_results.csv,195,08cb2c5abc7c160ce16bd36dc1bf0985e834226f9d97f2b0154c7734b5d59dcc,K300_M255K207,300,255双块300,STYLE_2,9,4.5,2.8183829312644537,2.6954393554186868,0.75757575757575757,396,fer,973,1000,0.97299999999999998,0.97299999999999998,false,false,none,1000,TARGET_FRAME_ERRORS_REACHED
stage07_awgn_dense_formal_k300_fer,stage07_awgn_dense_formal_results.csv,196,b5985ff06fe2c64fb8296a31d2c35fa6aa24cdd23c6da1ee4be6af991c17b718,K300_M255K207,300,255双块300,STYLE_2,10,5,3.1622776601683795,3.1954393554186868,0.75757575757575757,396,fer,875,1000,0.875,0.875,false,false,none,1000,TARGET_FRAME_ERRORS_REACHED
stage07_awgn_dense_formal_k300_fer,stage07_awgn_dense_formal_results.csv,197,f5a2441b9b3214f007703f32edd6b34ea7cb8c085a3bb55a996536162f8d4837,K300_M255K207,300,255双块300,STYLE_2,11,5.5,3.548133892335755,3.6954393554186868,0.75757575757575757,396,fer,622,1000,0.622,0.622,false,false,none,1000,TARGET_FRAME_ERRORS_REACHED
stage07_awgn_dense_formal_k300_fer,stage07_awgn_dense_formal_results.csv,198,ec5ab5d35deb1b1230e20ff274eceba47db9a6a34e8b1a889362755b515967e0,K300_M255K207,300,255双块300,STYLE_2,12,6,3.9810717055349722,4.1954393554186868,0.75757575757575757,396,fer,306,1000,0.30599999999999999,0.30599999999999999,false,false,none,1000,TARGET_FRAME_ERRORS_REACHED
stage07_awgn_dense_formal_k300_fer,stage07_awgn_dense_formal_results.csv,199,79774d3224b1b153f0f2d447447f90c18780f068709250e507b25d786bf68d2a,K300_M255K207,300,255双块300,STYLE_2,13,6.5,4.4668359215096318,4.6954393554186868,0.75757575757575757,396,fer,200,1749,0.11435105774728416,0.11435105774728416,false,false,none,1749,TARGET_FRAME_ERRORS_REACHED
stage07_awgn_dense_formal_k300_fer,stage07_awgn_dense_formal_results.csv,200,000303cc8c8d0d7f4ee490222d2ceb1597814774580298d1c44fd6736ce87024,K300_M255K207,300,255双块300,STYLE_2,14,7,5.011872336272722,5.1954393554186868,0.75757575757575757,396,fer,200,7334,0.027270248159258249,0.027270248159258249,false,false,none,7334,TARGET_FRAME_ERRORS_REACHED
stage07_awgn_dense_formal_k300_fer,stage07_awgn_dense_formal_results.csv,201,114809d33723d90bd8350b806bc171cfee0dda45dbe1b26d68769bbd04edb565,K300_M255K207,300,255双块300,STYLE_2,15,7.5,5.6234132519034912,5.6954393554186868,0.75757575757575757,396,fer,200,44537,0.0044906482250712887,0.0044906482250712887,false,false,none,44537,TARGET_FRAME_ERRORS_REACHED
stage07_awgn_dense_formal_k300_fer,stage07_awgn_dense_formal_results.csv,202,19a90e750fd4a6b4a3799af79a0738ef7d539c7a6ddb6c242a8fc4f0a49412c8,K300_M255K207,300,255双块300,STYLE_2,16,8,6.3095734448019334,6.1954393554186868,0.75757575757575757,396,fer,25,50000,0.00050000000000000001,0.00050000000000000001,false,false,none,50000,MAX_FRAMES_REACHED
stage07_awgn_dense_formal_k300_fer,stage07_awgn_dense_formal_results.csv,203,9bf2186ef055cc41ef04259e27b1509f03edf34b0cdbbc6def8a29524f0d0d98,K300_M255K207,300,255双块300,STYLE_2,17,8.5,7.0794578438413787,6.6954393554186868,0.75757575757575757,396,fer,1,50000,2.0000000000000002e-05,2.0000000000000002e-05,false,false,none,50000,MAX_FRAMES_REACHED
stage07_awgn_dense_formal_k300_fer,stage07_awgn_dense_formal_results.csv,204,a0c703bdb10fef3a11bdd9bf807193a184930e0fce354bc2bd86ede339c4d015,K300_M255K207,300,255双块300,STYLE_2,18,9,7.9432823472428158,7.1954393554186868,0.75757575757575757,396,fer,0,50000,0,1.0000000000000001e-05,true,true,0.5/totalFrames,50000,MAX_FRAMES_REACHED
stage07_awgn_dense_formal_k300_fer,stage07_awgn_dense_formal_results.csv,205,95a68ed3a2a2bdcee7f52beb70f2dfac70f705a0046110f0ee55de421211cdcc,K300_M255K207,300,255双块300,STYLE_2,19,9.5,8.9125093813374541,7.6954393554186868,0.75757575757575757,396,fer,0,50000,0,1.0000000000000001e-05,true,true,0.5/totalFrames,50000,MAX_FRAMES_REACHED
stage07_awgn_dense_formal_k300_fer,stage07_awgn_dense_formal_results.csv,206,fc95cd1c803a756449f11added39848757a388341b30934d7340931292f130c2,K300_M255K207,300,255双块300,STYLE_2,20,10,10,8.1954393554186868,0.75757575757575757,396,fer,0,50000,0,1.0000000000000001e-05,true,true,0.5/totalFrames,50000,MAX_FRAMES_REACHED
stage07_awgn_dense_formal_k300_fer,stage07_awgn_dense_formal_results.csv,207,fe98ce669a1e0c3c0d57252fd947eff604b01d49e6adb6cdfd93b12ac69be116,K300_M255K207,300,255双块300,STYLE_2,21,10.5,11.220184543019636,8.6954393554186868,0.75757575757575757,396,fer,0,50000,0,1.0000000000000001e-05,true,true,0.5/totalFrames,50000,MAX_FRAMES_REACHED
stage07_awgn_dense_formal_k300_fer,stage07_awgn_dense_formal_results.csv,208,de9706ebfbafdb18c3501370601390e120aa7b105bb1df48b3437711ba589f89,K300_M255K207,300,255双块300,STYLE_2,22,11,12.589254117941675,9.1954393554186868,0.75757575757575757,396,fer,0,50000,0,1.0000000000000001e-05,true,true,0.5/totalFrames,50000,MAX_FRAMES_REACHED
stage07_awgn_dense_formal_k300_fer,stage07_awgn_dense_formal_results.csv,209,64e6495d1318fd63311d066fb47ec9947b7085e58a634887f9c8e9071e3d5292,K300_M255K207,300,255双块300,STYLE_2,23,11.5,14.12537544622754,9.6954393554186868,0.75757575757575757,396,fer,0,50000,0,1.0000000000000001e-05,true,true,0.5/totalFrames,50000,MAX_FRAMES_REACHED
stage07_awgn_dense_formal_k300_fer,stage07_awgn_dense_formal_results.csv,210,847b351ea2ed7e5409a7c8a00317ab0dc21c6ac04c3e6fc7f05f9e76b67a9f39,K300_M255K207,300,255双块300,STYLE_2,24,12,15.848931924611133,10.195439355418687,0.75757575757575757,396,fer,0,50000,0,1.0000000000000001e-05,true,true,0.5/totalFrames,50000,MAX_FRAMES_REACHED
stage07_awgn_dense_formal_k300_fer,stage07_awgn_dense_formal_results.csv,211,c49753805ed4028600f0f71b17d6565d038ab80431dd0d06cfd4f1d77d2c2f5d,K300_M255K207,300,255双块300,STYLE_2,25,12.5,17.782794100389228,10.695439355418687,0.75757575757575757,396,fer,0,50000,0,1.0000000000000001e-05,true,true,0.5/totalFrames,50000,MAX_FRAMES_REACHED
stage07_awgn_dense_formal_k300_fer,stage07_awgn_dense_formal_results.csv,212,d569bd7a4619228ec275c91d5a22cdedcfe4d080c159148efabd31fa67f29b81,K300_M255K207,300,255双块300,STYLE_2,26,13,19.952623149688797,11.195439355418687,0.75757575757575757,396,fer,0,50000,0,1.0000000000000001e-05,true,true,0.5/totalFrames,50000,MAX_FRAMES_REACHED
stage07_awgn_dense_formal_k300_fer,stage07_awgn_dense_formal_results.csv,213,de5b837030768edf9bc24c8a4eed6020d0286d6265ba3417b33b3b2891e90038,K300_M255K207,300,255双块300,STYLE_2,27,13.5,22.387211385683401,11.695439355418687,0.75757575757575757,396,fer,0,50000,0,1.0000000000000001e-05,true,true,0.5/totalFrames,50000,MAX_FRAMES_REACHED
stage07_awgn_dense_formal_k300_fer,stage07_awgn_dense_formal_results.csv,214,da9438470275f3e920fa20ef011b0172d23cb513c9b9da48267ea6bc208e8273,K300_M255K207,300,255双块300,STYLE_2,28,14,25.118864315095795,12.195439355418687,0.75757575757575757,396,fer,0,50000,0,1.0000000000000001e-05,true,true,0.5/totalFrames,50000,MAX_FRAMES_REACHED
stage07_awgn_dense_formal_k300_fer,stage07_awgn_dense_formal_results.csv,215,944e31bca5e0d0c510defa24061c1dc862425593ece2820affdb064ce4c99442,K300_M255K207,300,255双块300,STYLE_2,29,14.5,28.183829312644534,12.695439355418687,0.75757575757575757,396,fer,0,50000,0,1.0000000000000001e-05,true,true,0.5/totalFrames,50000,MAX_FRAMES_REACHED
stage07_awgn_dense_formal_k300_fer,stage07_awgn_dense_formal_results.csv,216,087b3635af570afb4c0a44bd62c238bdba885b5c3944537fcb1883bdbf78902a,K300_M255K207,300,255双块300,STYLE_2,30,15,31.622776601683793,13.195439355418687,0.75757575757575757,396,fer,0,50000,0,1.0000000000000001e-05,true,true,0.5/totalFrames,50000,MAX_FRAMES_REACHED
stage07_awgn_dense_formal_k300_fer,stage07_awgn_dense_formal_results.csv,217,3490c1646bd69d7483f3090a4221b8048e3337f1b65801da3c8ab70d2013e04e,K300_M255K207,300,255双块300,STYLE_2,31,15.5,35.481338923357548,13.695439355418687,0.75757575757575757,396,fer,0,50000,0,1.0000000000000001e-05,true,true,0.5/totalFrames,50000,MAX_FRAMES_REACHED
stage07_awgn_dense_formal_k300_fer,stage07_awgn_dense_formal_results.csv,218,eb36cf76297a55c55dd0a18d0adee2b7b2a299ea14d2e947a1a5a336e6f9cbc5,K300_M255K207,300,255双块300,STYLE_2,32,16,39.810717055349734,14.195439355418687,0.75757575757575757,396,fer,0,50000,0,1.0000000000000001e-05,true,true,0.5/totalFrames,50000,MAX_FRAMES_REACHED
stage07_awgn_dense_formal_k300_fer,stage07_awgn_dense_formal_results.csv,219,3633558f0da70c7614c756fe80c5ff36e98538888a25a23a0152109aaa13fab8,K300_M255K207,300,255双块300,STYLE_2,33,16.5,44.668359215096302,14.695439355418687,0.75757575757575757,396,fer,0,50000,0,1.0000000000000001e-05,true,true,0.5/totalFrames,50000,MAX_FRAMES_REACHED
stage07_awgn_dense_formal_k300_fer,stage07_awgn_dense_formal_results.csv,220,e652943348af942bc6c2a06b5831a0c79150a9dee70a02c0dd0eed74614144bd,K300_M255K207,300,255双块300,STYLE_2,34,17,50.118723362727224,15.195439355418687,0.75757575757575757,396,fer,0,50000,0,1.0000000000000001e-05,true,true,0.5/totalFrames,50000,MAX_FRAMES_REACHED
stage07_awgn_dense_formal_k300_fer,stage07_awgn_dense_formal_results.csv,221,88dbd8e1eb64fe796bfae6dd0c741d4f3a9fcf0bf975785e72bb0c930b215626,K300_M255K207,300,255双块300,STYLE_2,35,17.5,56.234132519034908,15.695439355418687,0.75757575757575757,396,fer,0,50000,0,1.0000000000000001e-05,true,true,0.5/totalFrames,50000,MAX_FRAMES_REACHED
stage07_awgn_dense_formal_k300_fer,stage07_awgn_dense_formal_results.csv,222,7242a87a78aa822bffff99f520301b12acf40a2fac18c16130e02c6d24d983bc,K300_M255K207,300,255双块300,STYLE_2,36,18,63.095734448019329,16.195439355418685,0.75757575757575757,396,fer,0,50000,0,1.0000000000000001e-05,true,true,0.5/totalFrames,50000,MAX_FRAMES_REACHED
stage07_awgn_dense_formal_k300_fer,stage07_awgn_dense_formal_results.csv,260,13d6bb0144f8c05e3fbb917d8dbf79235ddb3032e45bdcef07b2cf39fb3b869a,K300_M511K385,300,385整块300,STYLE_4,0,0,1,-1.4874165128092467,0.70422535211267601,426,fer,1000,1000,1,1,false,false,none,1000,TARGET_FRAME_ERRORS_REACHED
stage07_awgn_dense_formal_k300_fer,stage07_awgn_dense_formal_results.csv,261,b913733f1411ae69111757b57f063d8d6830d559dbd16cc4f74e825d710f79b7,K300_M511K385,300,385整块300,STYLE_4,1,0.5,1.1220184543019633,-0.98741651280924669,0.70422535211267601,426,fer,1000,1000,1,1,false,false,none,1000,TARGET_FRAME_ERRORS_REACHED
stage07_awgn_dense_formal_k300_fer,stage07_awgn_dense_formal_results.csv,262,d8406538ec4ac91a8636584eaa9dbd0c0ffd5e68f0dedbaa0bc50723e616d4e3,K300_M511K385,300,385整块300,STYLE_4,2,1,1.2589254117941673,-0.48741651280924669,0.70422535211267601,426,fer,1000,1000,1,1,false,false,none,1000,TARGET_FRAME_ERRORS_REACHED
stage07_awgn_dense_formal_k300_fer,stage07_awgn_dense_formal_results.csv,263,2cbd42c91e7efef06451a8e04627b35e19827fdc9875bfa488a79e482313055f,K300_M511K385,300,385整块300,STYLE_4,3,1.5,1.4125375446227544,0.012583487190753306,0.70422535211267601,426,fer,1000,1000,1,1,false,false,none,1000,TARGET_FRAME_ERRORS_REACHED
stage07_awgn_dense_formal_k300_fer,stage07_awgn_dense_formal_results.csv,264,ef10b099a7db5f7c7099ff18d6e5f20de0343bc5465b9493368cc6b8fe4db804,K300_M511K385,300,385整块300,STYLE_4,4,2,1.5848931924611136,0.51258348719075331,0.70422535211267601,426,fer,1000,1000,1,1,false,false,none,1000,TARGET_FRAME_ERRORS_REACHED
stage07_awgn_dense_formal_k300_fer,stage07_awgn_dense_formal_results.csv,265,4c23e361ee3c92c53c550d6f54d1b9e4a2dbef1909a631184533719c5b77ad3a,K300_M511K385,300,385整块300,STYLE_4,5,2.5,1.7782794100389228,1.0125834871907533,0.70422535211267601,426,fer,1000,1000,1,1,false,false,none,1000,TARGET_FRAME_ERRORS_REACHED
stage07_awgn_dense_formal_k300_fer,stage07_awgn_dense_formal_results.csv,266,8459cc9bdd72aa59de199a5ce4ce15cd5abb7176261f2aa22673d869c1292aef,K300_M511K385,300,385整块300,STYLE_4,6,3,1.9952623149688795,1.5125834871907533,0.70422535211267601,426,fer,1000,1000,1,1,false,false,none,1000,TARGET_FRAME_ERRORS_REACHED
stage07_awgn_dense_formal_k300_fer,stage07_awgn_dense_formal_results.csv,267,62ae026a171200605648bc35bfc664c1b04bfec576e631366b872f634dc10e67,K300_M511K385,300,385整块300,STYLE_4,7,3.5,2.2387211385683394,2.0125834871907533,0.70422535211267601,426,fer,997,1000,0.997,0.997,false,false,none,1000,TARGET_FRAME_ERRORS_REACHED
stage07_awgn_dense_formal_k300_fer,stage07_awgn_dense_formal_results.csv,268,8ffe9b8c6c78314543d75a8687a3b5793956bae3404c84e71a9e10bca4d9a561,K300_M511K385,300,385整块300,STYLE_4,8,4,2.5118864315095801,2.5125834871907533,0.70422535211267601,426,fer,986,1000,0.98599999999999999,0.98599999999999999,false,false,none,1000,TARGET_FRAME_ERRORS_REACHED
stage07_awgn_dense_formal_k300_fer,stage07_awgn_dense_formal_results.csv,269,629388626143ab09db7cdbf99312e9183a9da41f6411ea1a18c06dea307f42ef,K300_M511K385,300,385整块300,STYLE_4,9,4.5,2.8183829312644537,3.0125834871907533,0.70422535211267601,426,fer,900,1000,0.90000000000000002,0.90000000000000002,false,false,none,1000,TARGET_FRAME_ERRORS_REACHED
stage07_awgn_dense_formal_k300_fer,stage07_awgn_dense_formal_results.csv,270,073c876d0108021c501f2d47deeea40e6660b35bf8bb037802bb62cc8513b990,K300_M511K385,300,385整块300,STYLE_4,10,5,3.1622776601683795,3.5125834871907533,0.70422535211267601,426,fer,611,1000,0.61099999999999999,0.61099999999999999,false,false,none,1000,TARGET_FRAME_ERRORS_REACHED
stage07_awgn_dense_formal_k300_fer,stage07_awgn_dense_formal_results.csv,271,93fe703e2dc13b3e7b00e727c2656688b1bc8ad964e2d5ece7599a333ae9bc99,K300_M511K385,300,385整块300,STYLE_4,11,5.5,3.548133892335755,4.0125834871907529,0.70422535211267601,426,fer,298,1000,0.29799999999999999,0.29799999999999999,false,false,none,1000,TARGET_FRAME_ERRORS_REACHED
stage07_awgn_dense_formal_k300_fer,stage07_awgn_dense_formal_results.csv,272,92f93466313668e21e5e58842015804dd48c6be02453a9bfd4c8878968079c5c,K300_M511K385,300,385整块300,STYLE_4,12,6,3.9810717055349722,4.5125834871907529,0.70422535211267601,426,fer,200,2805,0.07130124777183601,0.07130124777183601,false,false,none,2805,TARGET_FRAME_ERRORS_REACHED
stage07_awgn_dense_formal_k300_fer,stage07_awgn_dense_formal_results.csv,273,9f33655b3215f27ad720e6bdc92597515daf66e930a183f72625513fdadfac52,K300_M511K385,300,385整块300,STYLE_4,13,6.5,4.4668359215096318,5.0125834871907529,0.70422535211267601,426,fer,200,22773,0.0087823299521363023,0.0087823299521363023,false,false,none,22773,TARGET_FRAME_ERRORS_REACHED
stage07_awgn_dense_formal_k300_fer,stage07_awgn_dense_formal_results.csv,274,63bcee464560ba563d55c002ddcddf02612dd8a13d7fe16e515f08c86f40fa73,K300_M511K385,300,385整块300,STYLE_4,14,7,5.011872336272722,5.5125834871907529,0.70422535211267601,426,fer,31,50000,0.00062,0.00062,false,false,none,50000,MAX_FRAMES_REACHED
stage07_awgn_dense_formal_k300_fer,stage07_awgn_dense_formal_results.csv,275,d54dea15dc19c087eca538e174cbb76a95883d50fbbd5292c8f604f22ad38e48,K300_M511K385,300,385整块300,STYLE_4,15,7.5,5.6234132519034912,6.0125834871907529,0.70422535211267601,426,fer,1,50000,2.0000000000000002e-05,2.0000000000000002e-05,false,false,none,50000,MAX_FRAMES_REACHED
stage07_awgn_dense_formal_k300_fer,stage07_awgn_dense_formal_results.csv,276,6a679f1d17b2335e29fbaad19f12a1252c9dba7a1d3cbc2863286c496c0e4e79,K300_M511K385,300,385整块300,STYLE_4,16,8,6.3095734448019334,6.5125834871907529,0.70422535211267601,426,fer,0,50000,0,1.0000000000000001e-05,true,true,0.5/totalFrames,50000,MAX_FRAMES_REACHED
stage07_awgn_dense_formal_k300_fer,stage07_awgn_dense_formal_results.csv,277,8db4c1413b6ba24d06877f970d5873af2f56fa03768bdd5d0210adb7c7417494,K300_M511K385,300,385整块300,STYLE_4,17,8.5,7.0794578438413787,7.0125834871907529,0.70422535211267601,426,fer,0,50000,0,1.0000000000000001e-05,true,true,0.5/totalFrames,50000,MAX_FRAMES_REACHED
stage07_awgn_dense_formal_k300_fer,stage07_awgn_dense_formal_results.csv,278,0622ae5dd6712b6fe04f41bf076838d32acb1c814eb1dd3945efddebf0e7a036,K300_M511K385,300,385整块300,STYLE_4,18,9,7.9432823472428158,7.5125834871907529,0.70422535211267601,426,fer,0,50000,0,1.0000000000000001e-05,true,true,0.5/totalFrames,50000,MAX_FRAMES_REACHED
stage07_awgn_dense_formal_k300_fer,stage07_awgn_dense_formal_results.csv,279,3ef239337b891933140354d77e561dffe6aecd4af87838f6a90fa1810561ec63,K300_M511K385,300,385整块300,STYLE_4,19,9.5,8.9125093813374541,8.0125834871907529,0.70422535211267601,426,fer,0,50000,0,1.0000000000000001e-05,true,true,0.5/totalFrames,50000,MAX_FRAMES_REACHED
stage07_awgn_dense_formal_k300_fer,stage07_awgn_dense_formal_results.csv,280,04ffd885bc75fb306afd884b8df0d360eb7af31f66009aff95814440c93d75bf,K300_M511K385,300,385整块300,STYLE_4,20,10,10,8.5125834871907529,0.70422535211267601,426,fer,0,50000,0,1.0000000000000001e-05,true,true,0.5/totalFrames,50000,MAX_FRAMES_REACHED
stage07_awgn_dense_formal_k300_fer,stage07_awgn_dense_formal_results.csv,281,2a65c90bf455969128134ecf83c17f0358bf3c137b0bd5dd26fd799dd5038f0d,K300_M511K385,300,385整块300,STYLE_4,21,10.5,11.220184543019636,9.0125834871907529,0.70422535211267601,426,fer,0,50000,0,1.0000000000000001e-05,true,true,0.5/totalFrames,50000,MAX_FRAMES_REACHED
stage07_awgn_dense_formal_k300_fer,stage07_awgn_dense_formal_results.csv,282,63ac58644f41c503a111b228e38dddf3bb593ccaddbcd9b5ca8bf29d1cb6cd26,K300_M511K385,300,385整块300,STYLE_4,22,11,12.589254117941675,9.5125834871907529,0.70422535211267601,426,fer,0,50000,0,1.0000000000000001e-05,true,true,0.5/totalFrames,50000,MAX_FRAMES_REACHED
stage07_awgn_dense_formal_k300_fer,stage07_awgn_dense_formal_results.csv,283,f8cc7f1432786c86eb8cec919ef445e467b870c7292716558ed4f04efab11c83,K300_M511K385,300,385整块300,STYLE_4,23,11.5,14.12537544622754,10.012583487190753,0.70422535211267601,426,fer,0,50000,0,1.0000000000000001e-05,true,true,0.5/totalFrames,50000,MAX_FRAMES_REACHED
stage07_awgn_dense_formal_k300_fer,stage07_awgn_dense_formal_results.csv,284,95e8c19232a9702f0966747b974e493b431de4f0e42018db11aeb5ed554c1406,K300_M511K385,300,385整块300,STYLE_4,24,12,15.848931924611133,10.512583487190753,0.70422535211267601,426,fer,0,50000,0,1.0000000000000001e-05,true,true,0.5/totalFrames,50000,MAX_FRAMES_REACHED
stage07_awgn_dense_formal_k300_fer,stage07_awgn_dense_formal_results.csv,285,c398aabbd4d42596da32910776bb886ca37cb919fb56d33d8e7d337b488af94b,K300_M511K385,300,385整块300,STYLE_4,25,12.5,17.782794100389228,11.012583487190753,0.70422535211267601,426,fer,0,50000,0,1.0000000000000001e-05,true,true,0.5/totalFrames,50000,MAX_FRAMES_REACHED
stage07_awgn_dense_formal_k300_fer,stage07_awgn_dense_formal_results.csv,286,6f7ae686669574a65f74d012d3c2fa00ed280a00634bb6deac955eb862452770,K300_M511K385,300,385整块300,STYLE_4,26,13,19.952623149688797,11.512583487190753,0.70422535211267601,426,fer,0,50000,0,1.0000000000000001e-05,true,true,0.5/totalFrames,50000,MAX_FRAMES_REACHED
stage07_awgn_dense_formal_k300_fer,stage07_awgn_dense_formal_results.csv,287,a4bdbbb030b003dfe98eba559b243233feb02df0d3c075d08972fd13ce70ebc5,K300_M511K385,300,385整块300,STYLE_4,27,13.5,22.387211385683401,12.012583487190753,0.70422535211267601,426,fer,0,50000,0,1.0000000000000001e-05,true,true,0.5/totalFrames,50000,MAX_FRAMES_REACHED
stage07_awgn_dense_formal_k300_fer,stage07_awgn_dense_formal_results.csv,288,a5429e7a392c3ef72cf4a57540a018578b3da10d2499c219a640720b8c82fbc5,K300_M511K385,300,385整块300,STYLE_4,28,14,25.118864315095795,12.512583487190753,0.70422535211267601,426,fer,0,50000,0,1.0000000000000001e-05,true,true,0.5/totalFrames,50000,MAX_FRAMES_REACHED
stage07_awgn_dense_formal_k300_fer,stage07_awgn_dense_formal_results.csv,289,1e10b6c2b5f88df5796ea42ed81d393a803f26f8b68280336f188c5fdf9e8fbe,K300_M511K385,300,385整块300,STYLE_4,29,14.5,28.183829312644534,13.012583487190753,0.70422535211267601,426,fer,0,50000,0,1.0000000000000001e-05,true,true,0.5/totalFrames,50000,MAX_FRAMES_REACHED
stage07_awgn_dense_formal_k300_fer,stage07_awgn_dense_formal_results.csv,290,087a0a4929b6b91c0d454c7dbd0d1a79f8fdbd91937b22a2dab530e2a0af237f,K300_M511K385,300,385整块300,STYLE_4,30,15,31.622776601683793,13.512583487190753,0.70422535211267601,426,fer,0,50000,0,1.0000000000000001e-05,true,true,0.5/totalFrames,50000,MAX_FRAMES_REACHED
stage07_awgn_dense_formal_k300_fer,stage07_awgn_dense_formal_results.csv,291,6e823e3df8af7fa2dec755a21cd5212595a1ac81463fd0d23c5352ca805b7b1f,K300_M511K385,300,385整块300,STYLE_4,31,15.5,35.481338923357548,14.012583487190753,0.70422535211267601,426,fer,0,50000,0,1.0000000000000001e-05,true,true,0.5/totalFrames,50000,MAX_FRAMES_REACHED
stage07_awgn_dense_formal_k300_fer,stage07_awgn_dense_formal_results.csv,292,51298f5b31ae6104ae2c058bf0531b7c927e5b03a2edeb079e272d83dde1d3f4,K300_M511K385,300,385整块300,STYLE_4,32,16,39.810717055349734,14.512583487190753,0.70422535211267601,426,fer,0,50000,0,1.0000000000000001e-05,true,true,0.5/totalFrames,50000,MAX_FRAMES_REACHED
stage07_awgn_dense_formal_k300_fer,stage07_awgn_dense_formal_results.csv,293,b92febdf0c6bcd3338b0e2718cbe2435e7fe2e5bb242b7598374191f2db67a8a,K300_M511K385,300,385整块300,STYLE_4,33,16.5,44.668359215096302,15.012583487190753,0.70422535211267601,426,fer,0,50000,0,1.0000000000000001e-05,true,true,0.5/totalFrames,50000,MAX_FRAMES_REACHED
stage07_awgn_dense_formal_k300_fer,stage07_awgn_dense_formal_results.csv,294,6aadd56e0126dae8bf9c1624113802a1f3884a0a2e78f5766b83c0d83a0ba208,K300_M511K385,300,385整块300,STYLE_4,34,17,50.118723362727224,15.512583487190753,0.70422535211267601,426,fer,0,50000,0,1.0000000000000001e-05,true,true,0.5/totalFrames,50000,MAX_FRAMES_REACHED
stage07_awgn_dense_formal_k300_fer,stage07_awgn_dense_formal_results.csv,295,9846c48eed604db90cedeaf5c3dd41e8c4f36460f342ab95d3e07f76b3f891dc,K300_M511K385,300,385整块300,STYLE_4,35,17.5,56.234132519034908,16.012583487190753,0.70422535211267601,426,fer,0,50000,0,1.0000000000000001e-05,true,true,0.5/totalFrames,50000,MAX_FRAMES_REACHED
stage07_awgn_dense_formal_k300_fer,stage07_awgn_dense_formal_results.csv,296,f5173adf4bc7627221f65ff7779e20541f0943c5b2b8fc25308c2d6bf0a90da0,K300_M511K385,300,385整块300,STYLE_4,36,18,63.095734448019329,16.512583487190753,0.70422535211267601,426,fer,0,50000,0,1.0000000000000001e-05,true,true,0.5/totalFrames,50000,MAX_FRAMES_REACHED
stage07_awgn_dense_formal_k300_fer,stage07_awgn_dense_formal_results.csv,223,9f26950932b2f24c63f5740f4beb29a247f35da9a508ed268ab499197f0cfc24,K300_M511K421,300,421整块300,STYLE_3,0,0,1,-1.8708664335714444,0.76923076923076927,390,fer,1000,1000,1,1,false,false,none,1000,TARGET_FRAME_ERRORS_REACHED
stage07_awgn_dense_formal_k300_fer,stage07_awgn_dense_formal_results.csv,224,e2b3e9c5ef4b80f24ab99954d435bc3a1ce5f9d1a610d904be23111e20b4b8ee,K300_M511K421,300,421整块300,STYLE_3,1,0.5,1.1220184543019633,-1.3708664335714444,0.76923076923076927,390,fer,1000,1000,1,1,false,false,none,1000,TARGET_FRAME_ERRORS_REACHED
stage07_awgn_dense_formal_k300_fer,stage07_awgn_dense_formal_results.csv,225,11bf2bcb02136f67ed7cdd9a49dadfcaa3b1db9d54378311a2d37b4ae4ba4cec,K300_M511K421,300,421整块300,STYLE_3,2,1,1.2589254117941673,-0.87086643357144444,0.76923076923076927,390,fer,1000,1000,1,1,false,false,none,1000,TARGET_FRAME_ERRORS_REACHED
stage07_awgn_dense_formal_k300_fer,stage07_awgn_dense_formal_results.csv,226,bd1474c6953159c76a69aa123ea842cfdfa10fe1aaed7b9fb34d5e0d5cccd7b7,K300_M511K421,300,421整块300,STYLE_3,3,1.5,1.4125375446227544,-0.37086643357144444,0.76923076923076927,390,fer,1000,1000,1,1,false,false,none,1000,TARGET_FRAME_ERRORS_REACHED
stage07_awgn_dense_formal_k300_fer,stage07_awgn_dense_formal_results.csv,227,e47f1b441869103f4aaa2ca80400ac179faae25652245562247423722e714c2e,K300_M511K421,300,421整块300,STYLE_3,4,2,1.5848931924611136,0.12913356642855556,0.76923076923076927,390,fer,1000,1000,1,1,false,false,none,1000,TARGET_FRAME_ERRORS_REACHED
stage07_awgn_dense_formal_k300_fer,stage07_awgn_dense_formal_results.csv,228,d047a97fd27700340ed043a053c06bcbd06297b39316cb2f1f7a3f9ad74801ee,K300_M511K421,300,421整块300,STYLE_3,5,2.5,1.7782794100389228,0.62913356642855556,0.76923076923076927,390,fer,1000,1000,1,1,false,false,none,1000,TARGET_FRAME_ERRORS_REACHED
stage07_awgn_dense_formal_k300_fer,stage07_awgn_dense_formal_results.csv,229,38042bdb7fa19ca3bba0e5e27974c6f4e979230c06a6082f829d6b4cfa363649,K300_M511K421,300,421整块300,STYLE_3,6,3,1.9952623149688795,1.1291335664285556,0.76923076923076927,390,fer,1000,1000,1,1,false,false,none,1000,TARGET_FRAME_ERRORS_REACHED
stage07_awgn_dense_formal_k300_fer,stage07_awgn_dense_formal_results.csv,230,2e679fdfcd49ebf00d403acc82a13080e4c1d39e0b2b828db3961d040eb6f2f8,K300_M511K421,300,421整块300,STYLE_3,7,3.5,2.2387211385683394,1.6291335664285556,0.76923076923076927,390,fer,1000,1000,1,1,false,false,none,1000,TARGET_FRAME_ERRORS_REACHED
stage07_awgn_dense_formal_k300_fer,stage07_awgn_dense_formal_results.csv,231,56c48cd89d0ab5211f1d4c610562d72f88e63e4c2483116e490895cfd5233c3c,K300_M511K421,300,421整块300,STYLE_3,8,4,2.5118864315095801,2.1291335664285556,0.76923076923076927,390,fer,994,1000,0.99399999999999999,0.99399999999999999,false,false,none,1000,TARGET_FRAME_ERRORS_REACHED
stage07_awgn_dense_formal_k300_fer,stage07_awgn_dense_formal_results.csv,232,07017ebdbe007d313dbfabfd0cbcb4faafd8cee1351cc2063489625f80edc0db,K300_M511K421,300,421整块300,STYLE_3,9,4.5,2.8183829312644537,2.6291335664285556,0.76923076923076927,390,fer,974,1000,0.97399999999999998,0.97399999999999998,false,false,none,1000,TARGET_FRAME_ERRORS_REACHED
stage07_awgn_dense_formal_k300_fer,stage07_awgn_dense_formal_results.csv,233,19bb5094ca910cd8d463243e9cae762ab0dd6376156b33d1d035f86cc448202c,K300_M511K421,300,421整块300,STYLE_3,10,5,3.1622776601683795,3.1291335664285556,0.76923076923076927,390,fer,865,1000,0.86499999999999999,0.86499999999999999,false,false,none,1000,TARGET_FRAME_ERRORS_REACHED
stage07_awgn_dense_formal_k300_fer,stage07_awgn_dense_formal_results.csv,234,2f81d8c6ce80d522c403edd70eec038036f25dda499631e33b32822cda89466f,K300_M511K421,300,421整块300,STYLE_3,11,5.5,3.548133892335755,3.6291335664285556,0.76923076923076927,390,fer,587,1000,0.58699999999999997,0.58699999999999997,false,false,none,1000,TARGET_FRAME_ERRORS_REACHED
stage07_awgn_dense_formal_k300_fer,stage07_awgn_dense_formal_results.csv,235,bc8ab890772c42219b2736e1a317bc6a6b5fc3c0ec81c0abdb5becd12bf6d63f,K300_M511K421,300,421整块300,STYLE_3,12,6,3.9810717055349722,4.1291335664285551,0.76923076923076927,390,fer,292,1000,0.29199999999999998,0.29199999999999998,false,false,none,1000,TARGET_FRAME_ERRORS_REACHED
stage07_awgn_dense_formal_k300_fer,stage07_awgn_dense_formal_results.csv,236,7683c44502500350ceac879ec1eae544dfe03780ea1d8cee4cef01ee142ec787,K300_M511K421,300,421整块300,STYLE_3,13,6.5,4.4668359215096318,4.6291335664285551,0.76923076923076927,390,fer,200,2566,0.077942322681215898,0.077942322681215898,false,false,none,2566,TARGET_FRAME_ERRORS_REACHED
stage07_awgn_dense_formal_k300_fer,stage07_awgn_dense_formal_results.csv,237,5986e701e745570eff18aa9a54a95bf6f6b2ca653b02c8f3fc54d0ca44b98394,K300_M511K421,300,421整块300,STYLE_3,14,7,5.011872336272722,5.1291335664285551,0.76923076923076927,390,fer,200,16214,0.012335019119279636,0.012335019119279636,false,false,none,16214,TARGET_FRAME_ERRORS_REACHED
stage07_awgn_dense_formal_k300_fer,stage07_awgn_dense_formal_results.csv,238,b6c55ae82b8952dcbaadf94d72f9aa2a1277e1d203e0cd2e34912d7f6f48eef3,K300_M511K421,300,421整块300,STYLE_3,15,7.5,5.6234132519034912,5.6291335664285551,0.76923076923076927,390,fer,47,50000,0.00093999999999999997,0.00093999999999999997,false,false,none,50000,MAX_FRAMES_REACHED
stage07_awgn_dense_formal_k300_fer,stage07_awgn_dense_formal_results.csv,239,966d9b2eaccb1b5a680286d98b22298e49d30f14ede0b2d934e30d3e69386193,K300_M511K421,300,421整块300,STYLE_3,16,8,6.3095734448019334,6.1291335664285551,0.76923076923076927,390,fer,5,50000,0.0001,0.0001,false,false,none,50000,MAX_FRAMES_REACHED
stage07_awgn_dense_formal_k300_fer,stage07_awgn_dense_formal_results.csv,240,5e3157a961d68d11c3bff2f9a77e40f1f8ad507777ea7f58eef9914298a21fe9,K300_M511K421,300,421整块300,STYLE_3,17,8.5,7.0794578438413787,6.6291335664285551,0.76923076923076927,390,fer,0,50000,0,1.0000000000000001e-05,true,true,0.5/totalFrames,50000,MAX_FRAMES_REACHED
stage07_awgn_dense_formal_k300_fer,stage07_awgn_dense_formal_results.csv,241,043e9ce5ac9884dcd7653ee6e7e5a4c7e57145edcdaaa67bd09ef985532176ad,K300_M511K421,300,421整块300,STYLE_3,18,9,7.9432823472428158,7.1291335664285551,0.76923076923076927,390,fer,0,50000,0,1.0000000000000001e-05,true,true,0.5/totalFrames,50000,MAX_FRAMES_REACHED
stage07_awgn_dense_formal_k300_fer,stage07_awgn_dense_formal_results.csv,242,c41b1321e570e81a0017da4db885df960a6bff79dbcf74f7d1a556d06e6fb6ba,K300_M511K421,300,421整块300,STYLE_3,19,9.5,8.9125093813374541,7.6291335664285551,0.76923076923076927,390,fer,0,50000,0,1.0000000000000001e-05,true,true,0.5/totalFrames,50000,MAX_FRAMES_REACHED
stage07_awgn_dense_formal_k300_fer,stage07_awgn_dense_formal_results.csv,243,9c65ce37187eb2cf86036d9005960162046e82d91f02e42c331a5d790bfdf6d4,K300_M511K421,300,421整块300,STYLE_3,20,10,10,8.1291335664285551,0.76923076923076927,390,fer,0,50000,0,1.0000000000000001e-05,true,true,0.5/totalFrames,50000,MAX_FRAMES_REACHED
stage07_awgn_dense_formal_k300_fer,stage07_awgn_dense_formal_results.csv,244,c2926b9de8892a8b5cb69128456248d133a3ee62d8562932882ab731196d05b7,K300_M511K421,300,421整块300,STYLE_3,21,10.5,11.220184543019636,8.6291335664285551,0.76923076923076927,390,fer,0,50000,0,1.0000000000000001e-05,true,true,0.5/totalFrames,50000,MAX_FRAMES_REACHED
stage07_awgn_dense_formal_k300_fer,stage07_awgn_dense_formal_results.csv,245,59f8b858f4095079545c871074aead1a87ea2783faa7a0b00d5d50c4555b79e9,K300_M511K421,300,421整块300,STYLE_3,22,11,12.589254117941675,9.1291335664285551,0.76923076923076927,390,fer,0,50000,0,1.0000000000000001e-05,true,true,0.5/totalFrames,50000,MAX_FRAMES_REACHED
stage07_awgn_dense_formal_k300_fer,stage07_awgn_dense_formal_results.csv,246,63f75663ebc14bddafea03fef047b6affca37557ecc44e245604e1892ede2481,K300_M511K421,300,421整块300,STYLE_3,23,11.5,14.12537544622754,9.6291335664285551,0.76923076923076927,390,fer,0,50000,0,1.0000000000000001e-05,true,true,0.5/totalFrames,50000,MAX_FRAMES_REACHED
stage07_awgn_dense_formal_k300_fer,stage07_awgn_dense_formal_results.csv,247,8aba5e8adfe1d9acd62868430ca6a5c0fa575fab4d69f2f0e7e9480e4dc3dec4,K300_M511K421,300,421整块300,STYLE_3,24,12,15.848931924611133,10.129133566428555,0.76923076923076927,390,fer,0,50000,0,1.0000000000000001e-05,true,true,0.5/totalFrames,50000,MAX_FRAMES_REACHED
stage07_awgn_dense_formal_k300_fer,stage07_awgn_dense_formal_results.csv,248,8363e9a98d4ececaf4ddb93193e21d4f66c6f1372e273a483638b92e3012c0ea,K300_M511K421,300,421整块300,STYLE_3,25,12.5,17.782794100389228,10.629133566428555,0.76923076923076927,390,fer,0,50000,0,1.0000000000000001e-05,true,true,0.5/totalFrames,50000,MAX_FRAMES_REACHED
stage07_awgn_dense_formal_k300_fer,stage07_awgn_dense_formal_results.csv,249,39c7e9d59faa37e3e1547f95482b97de670ba6c5b362640e1c0572632ab27253,K300_M511K421,300,421整块300,STYLE_3,26,13,19.952623149688797,11.129133566428555,0.76923076923076927,390,fer,0,50000,0,1.0000000000000001e-05,true,true,0.5/totalFrames,50000,MAX_FRAMES_REACHED
stage07_awgn_dense_formal_k300_fer,stage07_awgn_dense_formal_results.csv,250,e166dcdc4f187605f527680cb0af264361cc5793cf3a6066fce4436bd2f9b1cf,K300_M511K421,300,421整块300,STYLE_3,27,13.5,22.387211385683401,11.629133566428555,0.76923076923076927,390,fer,0,50000,0,1.0000000000000001e-05,true,true,0.5/totalFrames,50000,MAX_FRAMES_REACHED
stage07_awgn_dense_formal_k300_fer,stage07_awgn_dense_formal_results.csv,251,4aa3b28b4bd9fa46376255f3a9973b3929617e7a486bc1bcb184b274c3e334b5,K300_M511K421,300,421整块300,STYLE_3,28,14,25.118864315095795,12.129133566428555,0.76923076923076927,390,fer,0,50000,0,1.0000000000000001e-05,true,true,0.5/totalFrames,50000,MAX_FRAMES_REACHED
stage07_awgn_dense_formal_k300_fer,stage07_awgn_dense_formal_results.csv,252,a04e02928296b52b35ad97fbe43f51739f3b1585f3649bd3b882dfc89af7e90b,K300_M511K421,300,421整块300,STYLE_3,29,14.5,28.183829312644534,12.629133566428555,0.76923076923076927,390,fer,0,50000,0,1.0000000000000001e-05,true,true,0.5/totalFrames,50000,MAX_FRAMES_REACHED
stage07_awgn_dense_formal_k300_fer,stage07_awgn_dense_formal_results.csv,253,4da9c7a624d2710122b7b9ba5585b0cf16674bded031a24a160be01bebb432e2,K300_M511K421,300,421整块300,STYLE_3,30,15,31.622776601683793,13.129133566428555,0.76923076923076927,390,fer,0,50000,0,1.0000000000000001e-05,true,true,0.5/totalFrames,50000,MAX_FRAMES_REACHED
stage07_awgn_dense_formal_k300_fer,stage07_awgn_dense_formal_results.csv,254,b1220e066efd2d8366cde72ad61f86e04bac7b5f5fb7474b33baeeaec5c263b5,K300_M511K421,300,421整块300,STYLE_3,31,15.5,35.481338923357548,13.629133566428555,0.76923076923076927,390,fer,0,50000,0,1.0000000000000001e-05,true,true,0.5/totalFrames,50000,MAX_FRAMES_REACHED
stage07_awgn_dense_formal_k300_fer,stage07_awgn_dense_formal_results.csv,255,6733628beba3a0fa5684494874fe040c4427ac263071553100aa1bbd1bdf42d9,K300_M511K421,300,421整块300,STYLE_3,32,16,39.810717055349734,14.129133566428555,0.76923076923076927,390,fer,0,50000,0,1.0000000000000001e-05,true,true,0.5/totalFrames,50000,MAX_FRAMES_REACHED
stage07_awgn_dense_formal_k300_fer,stage07_awgn_dense_formal_results.csv,256,8d50fb0220a5be2550336930759e7614647b8fd74071c2da41bb9363d8f03594,K300_M511K421,300,421整块300,STYLE_3,33,16.5,44.668359215096302,14.629133566428555,0.76923076923076927,390,fer,0,50000,0,1.0000000000000001e-05,true,true,0.5/totalFrames,50000,MAX_FRAMES_REACHED
stage07_awgn_dense_formal_k300_fer,stage07_awgn_dense_formal_results.csv,257,ff22d4e29fc70bb60d07dcc953645c69910deb40264907b833793df351a4b647,K300_M511K421,300,421整块300,STYLE_3,34,17,50.118723362727224,15.129133566428555,0.76923076923076927,390,fer,0,50000,0,1.0000000000000001e-05,true,true,0.5/totalFrames,50000,MAX_FRAMES_REACHED
stage07_awgn_dense_formal_k300_fer,stage07_awgn_dense_formal_results.csv,258,162cb23f669491aa805991ead268b1a5b82bbf19bc0a9d8f7c05cb47b61393a3,K300_M511K421,300,421整块300,STYLE_3,35,17.5,56.234132519034908,15.629133566428555,0.76923076923076927,390,fer,0,50000,0,1.0000000000000001e-05,true,true,0.5/totalFrames,50000,MAX_FRAMES_REACHED
stage07_awgn_dense_formal_k300_fer,stage07_awgn_dense_formal_results.csv,259,50c63b9b16ff0f9b799bfc3b41a3b0d8c43ef13f9cb81cb1179b061d2cad6f8d,K300_M511K421,300,421整块300,STYLE_3,36,18,63.095734448019329,16.129133566428557,0.76923076923076927,390,fer,0,50000,0,1.0000000000000001e-05,true,true,0.5/totalFrames,50000,MAX_FRAMES_REACHED
stage07_awgn_dense_formal_k300_fer,stage07_awgn_dense_formal_results.csv,149,79a8bf349e9b27b96f4dc7b8c3fbf810db117ff4e1a045805f670f30a13dc6ae,K300_S15,300,分块300,STYLE_1,0,0,1,-1.5490195998574319,0.7142857142857143,420,fer,1000,1000,1,1,false,false,none,1000,TARGET_FRAME_ERRORS_REACHED
stage07_awgn_dense_formal_k300_fer,stage07_awgn_dense_formal_results.csv,150,ba8a0b05e58213fad32151735ef63509dd5e806e62899e876356c49990e3b135,K300_S15,300,分块300,STYLE_1,1,0.5,1.1220184543019633,-1.0490195998574319,0.7142857142857143,420,fer,1000,1000,1,1,false,false,none,1000,TARGET_FRAME_ERRORS_REACHED
stage07_awgn_dense_formal_k300_fer,stage07_awgn_dense_formal_results.csv,151,64e6e30d75fc09c85465a31ee3f928f28e89e7bcc937968b747798dea3af79d6,K300_S15,300,分块300,STYLE_1,2,1,1.2589254117941673,-0.54901959985743187,0.7142857142857143,420,fer,1000,1000,1,1,false,false,none,1000,TARGET_FRAME_ERRORS_REACHED
stage07_awgn_dense_formal_k300_fer,stage07_awgn_dense_formal_results.csv,152,d3891d4c5aea7a01aefccb95b9d583ed1c00f9ac5c494b6e61389d7b25a4f5c0,K300_S15,300,分块300,STYLE_1,3,1.5,1.4125375446227544,-0.049019599857431873,0.7142857142857143,420,fer,1000,1000,1,1,false,false,none,1000,TARGET_FRAME_ERRORS_REACHED
stage07_awgn_dense_formal_k300_fer,stage07_awgn_dense_formal_results.csv,153,ec99e0d873443a4373b8daa96222a5826a249a82c0ae8c4b8041e5b8fbe2d59a,K300_S15,300,分块300,STYLE_1,4,2,1.5848931924611136,0.45098040014256813,0.7142857142857143,420,fer,1000,1000,1,1,false,false,none,1000,TARGET_FRAME_ERRORS_REACHED
stage07_awgn_dense_formal_k300_fer,stage07_awgn_dense_formal_results.csv,154,f9c7a6ab44b6a1f6ce82ce14cd456a7c57ea21319e2644be35a4abf445a33c81,K300_S15,300,分块300,STYLE_1,5,2.5,1.7782794100389228,0.95098040014256813,0.7142857142857143,420,fer,1000,1000,1,1,false,false,none,1000,TARGET_FRAME_ERRORS_REACHED
stage07_awgn_dense_formal_k300_fer,stage07_awgn_dense_formal_results.csv,155,96c9c17befd4678d38f51b56d44a37d9fea6efc3e113107825a3012c5d04695d,K300_S15,300,分块300,STYLE_1,6,3,1.9952623149688795,1.4509804001425681,0.7142857142857143,420,fer,1000,1000,1,1,false,false,none,1000,TARGET_FRAME_ERRORS_REACHED
stage07_awgn_dense_formal_k300_fer,stage07_awgn_dense_formal_results.csv,156,e3748e0c081d51a4abe93e0b84f6510c9bce7064173d30b681ab36a848b62c46,K300_S15,300,分块300,STYLE_1,7,3.5,2.2387211385683394,1.9509804001425681,0.7142857142857143,420,fer,1000,1000,1,1,false,false,none,1000,TARGET_FRAME_ERRORS_REACHED
stage07_awgn_dense_formal_k300_fer,stage07_awgn_dense_formal_results.csv,157,06a38e8e04ca4304b66c0f48f11642a7c3665ae695341b0180abe8c70bec0068,K300_S15,300,分块300,STYLE_1,8,4,2.5118864315095801,2.4509804001425683,0.7142857142857143,420,fer,1000,1000,1,1,false,false,none,1000,TARGET_FRAME_ERRORS_REACHED
stage07_awgn_dense_formal_k300_fer,stage07_awgn_dense_formal_results.csv,158,a2f15bb5259dbc391059d54b29a9bf8c44e38de3438fa3587e3a33baa0aeb825,K300_S15,300,分块300,STYLE_1,9,4.5,2.8183829312644537,2.9509804001425683,0.7142857142857143,420,fer,990,1000,0.98999999999999999,0.98999999999999999,false,false,none,1000,TARGET_FRAME_ERRORS_REACHED
stage07_awgn_dense_formal_k300_fer,stage07_awgn_dense_formal_results.csv,159,7c27ecee49bd8d7e952a5503d6d0b2e7e8cc6fddeaba7a831c869fa8ebf7ec54,K300_S15,300,分块300,STYLE_1,10,5,3.1622776601683795,3.4509804001425683,0.7142857142857143,420,fer,947,1000,0.94699999999999995,0.94699999999999995,false,false,none,1000,TARGET_FRAME_ERRORS_REACHED
stage07_awgn_dense_formal_k300_fer,stage07_awgn_dense_formal_results.csv,160,51481972b74dce03bdae1b5cc9bad62ac9f0829953252eb3048dcd20493f89a9,K300_S15,300,分块300,STYLE_1,11,5.5,3.548133892335755,3.9509804001425683,0.7142857142857143,420,fer,872,1000,0.872,0.872,false,false,none,1000,TARGET_FRAME_ERRORS_REACHED
stage07_awgn_dense_formal_k300_fer,stage07_awgn_dense_formal_results.csv,161,205e6fd45d37799cb4b754bd40089df2d8b6ad3a0d8da66c659e025875ba31b5,K300_S15,300,分块300,STYLE_1,12,6,3.9810717055349722,4.4509804001425683,0.7142857142857143,420,fer,717,1000,0.71699999999999997,0.71699999999999997,false,false,none,1000,TARGET_FRAME_ERRORS_REACHED
stage07_awgn_dense_formal_k300_fer,stage07_awgn_dense_formal_results.csv,162,e25533bf5ef1f34beb77ab0b489b3aaad76139f805a928ff78bd95ae3d8da7bf,K300_S15,300,分块300,STYLE_1,13,6.5,4.4668359215096318,4.9509804001425683,0.7142857142857143,420,fer,522,1000,0.52200000000000002,0.52200000000000002,false,false,none,1000,TARGET_FRAME_ERRORS_REACHED
stage07_awgn_dense_formal_k300_fer,stage07_awgn_dense_formal_results.csv,163,8967264d1b02d08c91260e9ba45287476bb1c1b785a68f1fcd792658e885ee67,K300_S15,300,分块300,STYLE_1,14,7,5.011872336272722,5.4509804001425683,0.7142857142857143,420,fer,308,1000,0.308,0.308,false,false,none,1000,TARGET_FRAME_ERRORS_REACHED
stage07_awgn_dense_formal_k300_fer,stage07_awgn_dense_formal_results.csv,164,bc6213c7b8442af5d2348f1abf141f1c271fd3ce1d07c272636a015122be56a4,K300_S15,300,分块300,STYLE_1,15,7.5,5.6234132519034912,5.9509804001425683,0.7142857142857143,420,fer,200,1089,0.18365472910927455,0.18365472910927455,false,false,none,1089,TARGET_FRAME_ERRORS_REACHED
stage07_awgn_dense_formal_k300_fer,stage07_awgn_dense_formal_results.csv,165,77ea72d699e74223b79877733f4b281eb04e781af7ba2a5d15e2cf41467c9ed2,K300_S15,300,分块300,STYLE_1,16,8,6.3095734448019334,6.4509804001425683,0.7142857142857143,420,fer,200,2353,0.084997875053123673,0.084997875053123673,false,false,none,2353,TARGET_FRAME_ERRORS_REACHED
stage07_awgn_dense_formal_k300_fer,stage07_awgn_dense_formal_results.csv,166,cf541fb6f4db5fc68f4c8f70f13823e6edd5a146a201be392d918c8ddf536e75,K300_S15,300,分块300,STYLE_1,17,8.5,7.0794578438413787,6.9509804001425683,0.7142857142857143,420,fer,200,4573,0.043734966105401271,0.043734966105401271,false,false,none,4573,TARGET_FRAME_ERRORS_REACHED
stage07_awgn_dense_formal_k300_fer,stage07_awgn_dense_formal_results.csv,167,51bb864c350251f08da1509de3804af7960ebe770b73d1859c87158470dc5438,K300_S15,300,分块300,STYLE_1,18,9,7.9432823472428158,7.4509804001425683,0.7142857142857143,420,fer,200,13793,0.014500108750815631,0.014500108750815631,false,false,none,13793,TARGET_FRAME_ERRORS_REACHED
stage07_awgn_dense_formal_k300_fer,stage07_awgn_dense_formal_results.csv,168,f29b4df2537224033e9d4a2795d21e26026ceefec5b229e568b47067c242d58e,K300_S15,300,分块300,STYLE_1,19,9.5,8.9125093813374541,7.9509804001425683,0.7142857142857143,420,fer,200,36385,0.0054967706472447437,0.0054967706472447437,false,false,none,36385,TARGET_FRAME_ERRORS_REACHED
stage07_awgn_dense_formal_k300_fer,stage07_awgn_dense_formal_results.csv,169,1f4d7497ac6d7c848f49fd67ff7b258839418f1d2c3e82c88bc03d069e11851d,K300_S15,300,分块300,STYLE_1,20,10,10,8.4509804001425675,0.7142857142857143,420,fer,86,50000,0.00172,0.00172,false,false,none,50000,MAX_FRAMES_REACHED
stage07_awgn_dense_formal_k300_fer,stage07_awgn_dense_formal_results.csv,170,2d6c49d5a6817a2e10e8a2c2c7bdb9cd65c2188d50a257cdb1536f7bd7425cea,K300_S15,300,分块300,STYLE_1,21,10.5,11.220184543019636,8.9509804001425675,0.7142857142857143,420,fer,27,50000,0.00054000000000000001,0.00054000000000000001,false,false,none,50000,MAX_FRAMES_REACHED
stage07_awgn_dense_formal_k300_fer,stage07_awgn_dense_formal_results.csv,171,1eb9d8ee3e9e849d7ef31c8c807eadd543777affe70f2c6390ac9f1f38d3abc9,K300_S15,300,分块300,STYLE_1,22,11,12.589254117941675,9.4509804001425675,0.7142857142857143,420,fer,5,50000,0.0001,0.0001,false,false,none,50000,MAX_FRAMES_REACHED
stage07_awgn_dense_formal_k300_fer,stage07_awgn_dense_formal_results.csv,172,4a195f8d2435381f0e80e2cad3b7ae7f60c3f0e0b88ed1b7bf6122f0f3aa9848,K300_S15,300,分块300,STYLE_1,23,11.5,14.12537544622754,9.9509804001425675,0.7142857142857143,420,fer,2,50000,4.0000000000000003e-05,4.0000000000000003e-05,false,false,none,50000,MAX_FRAMES_REACHED
stage07_awgn_dense_formal_k300_fer,stage07_awgn_dense_formal_results.csv,173,9c6c174d1e0008d383e444a9438487672986a4664b7fb4e7a6d8c50c330a269b,K300_S15,300,分块300,STYLE_1,24,12,15.848931924611133,10.450980400142567,0.7142857142857143,420,fer,1,50000,2.0000000000000002e-05,2.0000000000000002e-05,false,false,none,50000,MAX_FRAMES_REACHED
stage07_awgn_dense_formal_k300_fer,stage07_awgn_dense_formal_results.csv,174,9e6aed64af8d7ce1c468d17569651aee5c87cfe930af2bc5198ac73f75130574,K300_S15,300,分块300,STYLE_1,25,12.5,17.782794100389228,10.950980400142567,0.7142857142857143,420,fer,0,50000,0,1.0000000000000001e-05,true,true,0.5/totalFrames,50000,MAX_FRAMES_REACHED
stage07_awgn_dense_formal_k300_fer,stage07_awgn_dense_formal_results.csv,175,0a69613e3468248a289bc7340a12a4b7b126f14541c1a72955b597cac0227f2f,K300_S15,300,分块300,STYLE_1,26,13,19.952623149688797,11.450980400142567,0.7142857142857143,420,fer,0,50000,0,1.0000000000000001e-05,true,true,0.5/totalFrames,50000,MAX_FRAMES_REACHED
stage07_awgn_dense_formal_k300_fer,stage07_awgn_dense_formal_results.csv,176,7629abd95ed8358212c86dd632fc5a06494ef08fc40eadc28ed5bf7501324e4f,K300_S15,300,分块300,STYLE_1,27,13.5,22.387211385683401,11.950980400142567,0.7142857142857143,420,fer,0,50000,0,1.0000000000000001e-05,true,true,0.5/totalFrames,50000,MAX_FRAMES_REACHED
stage07_awgn_dense_formal_k300_fer,stage07_awgn_dense_formal_results.csv,177,e17e350b1987aa8d11c4efc6d31f1f345f7a1b9cef5db84189dc0a4ffefe526c,K300_S15,300,分块300,STYLE_1,28,14,25.118864315095795,12.450980400142567,0.7142857142857143,420,fer,0,50000,0,1.0000000000000001e-05,true,true,0.5/totalFrames,50000,MAX_FRAMES_REACHED
stage07_awgn_dense_formal_k300_fer,stage07_awgn_dense_formal_results.csv,178,5ee5cb0e98cab1fb3d27953c530a6bdc4fc821cc7b2d06a29cc216d82546b326,K300_S15,300,分块300,STYLE_1,29,14.5,28.183829312644534,12.950980400142567,0.7142857142857143,420,fer,0,50000,0,1.0000000000000001e-05,true,true,0.5/totalFrames,50000,MAX_FRAMES_REACHED
stage07_awgn_dense_formal_k300_fer,stage07_awgn_dense_formal_results.csv,179,cc14f839acccbc7f14c5a6270bca03f46ef0fc445c4ef5d6a2f9103c7963c405,K300_S15,300,分块300,STYLE_1,30,15,31.622776601683793,13.450980400142567,0.7142857142857143,420,fer,0,50000,0,1.0000000000000001e-05,true,true,0.5/totalFrames,50000,MAX_FRAMES_REACHED
stage07_awgn_dense_formal_k300_fer,stage07_awgn_dense_formal_results.csv,180,eec6c9aa95cb6294af34c4cf1885ed44a1ed6791f1ee175592b25877f186d224,K300_S15,300,分块300,STYLE_1,31,15.5,35.481338923357548,13.950980400142567,0.7142857142857143,420,fer,0,50000,0,1.0000000000000001e-05,true,true,0.5/totalFrames,50000,MAX_FRAMES_REACHED
stage07_awgn_dense_formal_k300_fer,stage07_awgn_dense_formal_results.csv,181,b33cedc650592316b2f4eb75334ddb2a6b1ab4d81a182e99b17001cd8bf8299e,K300_S15,300,分块300,STYLE_1,32,16,39.810717055349734,14.450980400142567,0.7142857142857143,420,fer,0,50000,0,1.0000000000000001e-05,true,true,0.5/totalFrames,50000,MAX_FRAMES_REACHED
stage07_awgn_dense_formal_k300_fer,stage07_awgn_dense_formal_results.csv,182,08f0512a841372f7bd1922f1d58780b5b23c21444e4c54d8724ee9680cc43297,K300_S15,300,分块300,STYLE_1,33,16.5,44.668359215096302,14.950980400142567,0.7142857142857143,420,fer,0,50000,0,1.0000000000000001e-05,true,true,0.5/totalFrames,50000,MAX_FRAMES_REACHED
stage07_awgn_dense_formal_k300_fer,stage07_awgn_dense_formal_results.csv,183,c5e0ed12f6c2e0a8ac3dd59fac3b14a9647e8a5aa80b6409d950d806a9c16b75,K300_S15,300,分块300,STYLE_1,34,17,50.118723362727224,15.450980400142567,0.7142857142857143,420,fer,0,50000,0,1.0000000000000001e-05,true,true,0.5/totalFrames,50000,MAX_FRAMES_REACHED
stage07_awgn_dense_formal_k300_fer,stage07_awgn_dense_formal_results.csv,184,dbd55f7ba173025f4f981e8e5fc86cfbdb2760d5aeed6f20f96f62006f909c57,K300_S15,300,分块300,STYLE_1,35,17.5,56.234132519034908,15.950980400142567,0.7142857142857143,420,fer,0,50000,0,1.0000000000000001e-05,true,true,0.5/totalFrames,50000,MAX_FRAMES_REACHED
stage07_awgn_dense_formal_k300_fer,stage07_awgn_dense_formal_results.csv,185,e4df5ebb3b4ec7fb5c59e263fbfdbccd19fb8e4af4ec34be07c225d670010ea4,K300_S15,300,分块300,STYLE_1,36,18,63.095734448019329,16.450980400142569,0.7142857142857143,420,fer,0,50000,0,1.0000000000000001e-05,true,true,0.5/totalFrames,50000,MAX_FRAMES_REACHED
stage07_awgn_dense_formal_k300_latency,stage07_awgn_dense_formal_results.csv,186,144c2dfeeede45919d6748c2ac0f0376067b27e2c79dd831759e25527a8eb0b9,K300_M255K207,300,255双块300,STYLE_2,0,0,1,-1.8045606445813132,0.75757575757575757,396,decodeTimeMeanNs,38419900,1000,38.418999999999997,38.418999999999997,false,false,none,1000,TARGET_FRAME_ERRORS_REACHED
stage07_awgn_dense_formal_k300_latency,stage07_awgn_dense_formal_results.csv,187,4fbad845a0ee641b79f4df19bed157eba396489ae807f08b3f525ac14ffee69d,K300_M255K207,300,255双块300,STYLE_2,1,0.5,1.1220184543019633,-1.3045606445813132,0.75757575757575757,396,decodeTimeMeanNs,37218900,1000,37.218000000000004,37.218000000000004,false,false,none,1000,TARGET_FRAME_ERRORS_REACHED
stage07_awgn_dense_formal_k300_latency,stage07_awgn_dense_formal_results.csv,188,4b3924a1c57d7e65c1ae7adfae72964a3065bc517a7e26b3ad6b538b88b12b9f,K300_M255K207,300,255双块300,STYLE_2,2,1,1.2589254117941673,-0.80456064458131316,0.75757575757575757,396,decodeTimeMeanNs,40147700,1000,40.146999999999998,40.146999999999998,false,false,none,1000,TARGET_FRAME_ERRORS_REACHED
stage07_awgn_dense_formal_k300_latency,stage07_awgn_dense_formal_results.csv,189,1340364b32b27a788d081fa177e25c91bb78c8ac054295edc5b9800830bd6e96,K300_M255K207,300,255双块300,STYLE_2,3,1.5,1.4125375446227544,-0.30456064458131316,0.75757575757575757,396,decodeTimeMeanNs,40198100,1000,40.198,40.198,false,false,none,1000,TARGET_FRAME_ERRORS_REACHED
stage07_awgn_dense_formal_k300_latency,stage07_awgn_dense_formal_results.csv,190,e67be03c2a25a32ac5df4b1baa9184a131f0621936d1e3dd0c2cfe4ad67ca71a,K300_M255K207,300,255双块300,STYLE_2,4,2,1.5848931924611136,0.19543935541868684,0.75757575757575757,396,decodeTimeMeanNs,39664700,1000,39.664000000000001,39.664000000000001,false,false,none,1000,TARGET_FRAME_ERRORS_REACHED
stage07_awgn_dense_formal_k300_latency,stage07_awgn_dense_formal_results.csv,191,d4d94c664f237f549781f51d6f194a57e9588d966814dc43348d00b6fb3b21db,K300_M255K207,300,255双块300,STYLE_2,5,2.5,1.7782794100389228,0.69543935541868684,0.75757575757575757,396,decodeTimeMeanNs,39623800,1000,39.622999999999998,39.622999999999998,false,false,none,1000,TARGET_FRAME_ERRORS_REACHED
stage07_awgn_dense_formal_k300_latency,stage07_awgn_dense_formal_results.csv,192,6932c8a1d06fd6d50903d804e827fbd870c7a21a15ca2a8b7878bfca495da8fb,K300_M255K207,300,255双块300,STYLE_2,6,3,1.9952623149688795,1.1954393554186868,0.75757575757575757,396,decodeTimeMeanNs,39728600,1000,39.728000000000002,39.728000000000002,false,false,none,1000,TARGET_FRAME_ERRORS_REACHED
stage07_awgn_dense_formal_k300_latency,stage07_awgn_dense_formal_results.csv,193,9ed5f36ac6de4f7d0723fa775ee0f6b0038d6ab0e9b8e47e4fe61fd7cd6f9c62,K300_M255K207,300,255双块300,STYLE_2,7,3.5,2.2387211385683394,1.6954393554186868,0.75757575757575757,396,decodeTimeMeanNs,205740300,1000,205.74000000000001,205.74000000000001,false,false,none,1000,TARGET_FRAME_ERRORS_REACHED
stage07_awgn_dense_formal_k300_latency,stage07_awgn_dense_formal_results.csv,194,1160c3fd071a7c1e46979c26a2cb9b4d265601285c8f43920b61a7e653e0137d,K300_M255K207,300,255双块300,STYLE_2,8,4,2.5118864315095801,2.1954393554186868,0.75757575757575757,396,decodeTimeMeanNs,67141000,1000,67.141000000000005,67.141000000000005,false,false,none,1000,TARGET_FRAME_ERRORS_REACHED
stage07_awgn_dense_formal_k300_latency,stage07_awgn_dense_formal_results.csv,195,08cb2c5abc7c160ce16bd36dc1bf0985e834226f9d97f2b0154c7734b5d59dcc,K300_M255K207,300,255双块300,STYLE_2,9,4.5,2.8183829312644537,2.6954393554186868,0.75757575757575757,396,decodeTimeMeanNs,56643300,1000,56.643000000000001,56.643000000000001,false,false,none,1000,TARGET_FRAME_ERRORS_REACHED
stage07_awgn_dense_formal_k300_latency,stage07_awgn_dense_formal_results.csv,196,b5985ff06fe2c64fb8296a31d2c35fa6aa24cdd23c6da1ee4be6af991c17b718,K300_M255K207,300,255双块300,STYLE_2,10,5,3.1622776601683795,3.1954393554186868,0.75757575757575757,396,decodeTimeMeanNs,78585000,1000,78.584999999999994,78.584999999999994,false,false,none,1000,TARGET_FRAME_ERRORS_REACHED
stage07_awgn_dense_formal_k300_latency,stage07_awgn_dense_formal_results.csv,197,f5a2441b9b3214f007703f32edd6b34ea7cb8c085a3bb55a996536162f8d4837,K300_M255K207,300,255双块300,STYLE_2,11,5.5,3.548133892335755,3.6954393554186868,0.75757575757575757,396,decodeTimeMeanNs,46363200,1000,46.363,46.363,false,false,none,1000,TARGET_FRAME_ERRORS_REACHED
stage07_awgn_dense_formal_k300_latency,stage07_awgn_dense_formal_results.csv,198,ec5ab5d35deb1b1230e20ff274eceba47db9a6a34e8b1a889362755b515967e0,K300_M255K207,300,255双块300,STYLE_2,12,6,3.9810717055349722,4.1954393554186868,0.75757575757575757,396,decodeTimeMeanNs,42648200,1000,42.648000000000003,42.648000000000003,false,false,none,1000,TARGET_FRAME_ERRORS_REACHED
stage07_awgn_dense_formal_k300_latency,stage07_awgn_dense_formal_results.csv,199,79774d3224b1b153f0f2d447447f90c18780f068709250e507b25d786bf68d2a,K300_M255K207,300,255双块300,STYLE_2,13,6.5,4.4668359215096318,4.6954393554186868,0.75757575757575757,396,decodeTimeMeanNs,73967700,1749,42.290999999999997,42.290999999999997,false,false,none,1749,TARGET_FRAME_ERRORS_REACHED
stage07_awgn_dense_formal_k300_latency,stage07_awgn_dense_formal_results.csv,200,000303cc8c8d0d7f4ee490222d2ceb1597814774580298d1c44fd6736ce87024,K300_M255K207,300,255双块300,STYLE_2,14,7,5.011872336272722,5.1954393554186868,0.75757575757575757,396,decodeTimeMeanNs,236618100,7334,32.262999999999998,32.262999999999998,false,false,none,7334,TARGET_FRAME_ERRORS_REACHED
stage07_awgn_dense_formal_k300_latency,stage07_awgn_dense_formal_results.csv,201,114809d33723d90bd8350b806bc171cfee0dda45dbe1b26d68769bbd04edb565,K300_M255K207,300,255双块300,STYLE_2,15,7.5,5.6234132519034912,5.6954393554186868,0.75757575757575757,396,decodeTimeMeanNs,1392527600,44537,31.265999999999998,31.265999999999998,false,false,none,44537,TARGET_FRAME_ERRORS_REACHED
stage07_awgn_dense_formal_k300_latency,stage07_awgn_dense_formal_results.csv,202,19a90e750fd4a6b4a3799af79a0738ef7d539c7a6ddb6c242a8fc4f0a49412c8,K300_M255K207,300,255双块300,STYLE_2,16,8,6.3095734448019334,6.1954393554186868,0.75757575757575757,396,decodeTimeMeanNs,1660397200,50000,33.207000000000001,33.207000000000001,false,false,none,50000,MAX_FRAMES_REACHED
stage07_awgn_dense_formal_k300_latency,stage07_awgn_dense_formal_results.csv,203,9bf2186ef055cc41ef04259e27b1509f03edf34b0cdbbc6def8a29524f0d0d98,K300_M255K207,300,255双块300,STYLE_2,17,8.5,7.0794578438413787,6.6954393554186868,0.75757575757575757,396,decodeTimeMeanNs,1475529800,50000,29.510000000000002,29.510000000000002,false,false,none,50000,MAX_FRAMES_REACHED
stage07_awgn_dense_formal_k300_latency,stage07_awgn_dense_formal_results.csv,204,a0c703bdb10fef3a11bdd9bf807193a184930e0fce354bc2bd86ede339c4d015,K300_M255K207,300,255双块300,STYLE_2,18,9,7.9432823472428158,7.1954393554186868,0.75757575757575757,396,decodeTimeMeanNs,1319947400,50000,26.398,26.398,false,false,none,50000,MAX_FRAMES_REACHED
stage07_awgn_dense_formal_k300_latency,stage07_awgn_dense_formal_results.csv,205,95a68ed3a2a2bdcee7f52beb70f2dfac70f705a0046110f0ee55de421211cdcc,K300_M255K207,300,255双块300,STYLE_2,19,9.5,8.9125093813374541,7.6954393554186868,0.75757575757575757,396,decodeTimeMeanNs,1276526800,50000,25.530000000000001,25.530000000000001,false,false,none,50000,MAX_FRAMES_REACHED
stage07_awgn_dense_formal_k300_latency,stage07_awgn_dense_formal_results.csv,206,fc95cd1c803a756449f11added39848757a388341b30934d7340931292f130c2,K300_M255K207,300,255双块300,STYLE_2,20,10,10,8.1954393554186868,0.75757575757575757,396,decodeTimeMeanNs,1292043600,50000,25.84,25.84,false,false,none,50000,MAX_FRAMES_REACHED
stage07_awgn_dense_formal_k300_latency,stage07_awgn_dense_formal_results.csv,207,fe98ce669a1e0c3c0d57252fd947eff604b01d49e6adb6cdfd93b12ac69be116,K300_M255K207,300,255双块300,STYLE_2,21,10.5,11.220184543019636,8.6954393554186868,0.75757575757575757,396,decodeTimeMeanNs,1161916900,50000,23.238,23.238,false,false,none,50000,MAX_FRAMES_REACHED
stage07_awgn_dense_formal_k300_latency,stage07_awgn_dense_formal_results.csv,208,de9706ebfbafdb18c3501370601390e120aa7b105bb1df48b3437711ba589f89,K300_M255K207,300,255双块300,STYLE_2,22,11,12.589254117941675,9.1954393554186868,0.75757575757575757,396,decodeTimeMeanNs,1432091200,50000,28.640999999999998,28.640999999999998,false,false,none,50000,MAX_FRAMES_REACHED
stage07_awgn_dense_formal_k300_latency,stage07_awgn_dense_formal_results.csv,209,64e6495d1318fd63311d066fb47ec9947b7085e58a634887f9c8e9071e3d5292,K300_M255K207,300,255双块300,STYLE_2,23,11.5,14.12537544622754,9.6954393554186868,0.75757575757575757,396,decodeTimeMeanNs,1483414400,50000,29.667999999999999,29.667999999999999,false,false,none,50000,MAX_FRAMES_REACHED
stage07_awgn_dense_formal_k300_latency,stage07_awgn_dense_formal_results.csv,210,847b351ea2ed7e5409a7c8a00317ab0dc21c6ac04c3e6fc7f05f9e76b67a9f39,K300_M255K207,300,255双块300,STYLE_2,24,12,15.848931924611133,10.195439355418687,0.75757575757575757,396,decodeTimeMeanNs,1635051300,50000,32.701000000000001,32.701000000000001,false,false,none,50000,MAX_FRAMES_REACHED
stage07_awgn_dense_formal_k300_latency,stage07_awgn_dense_formal_results.csv,211,c49753805ed4028600f0f71b17d6565d038ab80431dd0d06cfd4f1d77d2c2f5d,K300_M255K207,300,255双块300,STYLE_2,25,12.5,17.782794100389228,10.695439355418687,0.75757575757575757,396,decodeTimeMeanNs,1516669200,50000,30.332999999999998,30.332999999999998,false,false,none,50000,MAX_FRAMES_REACHED
stage07_awgn_dense_formal_k300_latency,stage07_awgn_dense_formal_results.csv,212,d569bd7a4619228ec275c91d5a22cdedcfe4d080c159148efabd31fa67f29b81,K300_M255K207,300,255双块300,STYLE_2,26,13,19.952623149688797,11.195439355418687,0.75757575757575757,396,decodeTimeMeanNs,1368529300,50000,27.370000000000001,27.370000000000001,false,false,none,50000,MAX_FRAMES_REACHED
stage07_awgn_dense_formal_k300_latency,stage07_awgn_dense_formal_results.csv,213,de5b837030768edf9bc24c8a4eed6020d0286d6265ba3417b33b3b2891e90038,K300_M255K207,300,255双块300,STYLE_2,27,13.5,22.387211385683401,11.695439355418687,0.75757575757575757,396,decodeTimeMeanNs,1622304700,50000,32.445999999999998,32.445999999999998,false,false,none,50000,MAX_FRAMES_REACHED
stage07_awgn_dense_formal_k300_latency,stage07_awgn_dense_formal_results.csv,214,da9438470275f3e920fa20ef011b0172d23cb513c9b9da48267ea6bc208e8273,K300_M255K207,300,255双块300,STYLE_2,28,14,25.118864315095795,12.195439355418687,0.75757575757575757,396,decodeTimeMeanNs,1402185700,50000,28.042999999999999,28.042999999999999,false,false,none,50000,MAX_FRAMES_REACHED
stage07_awgn_dense_formal_k300_latency,stage07_awgn_dense_formal_results.csv,215,944e31bca5e0d0c510defa24061c1dc862425593ece2820affdb064ce4c99442,K300_M255K207,300,255双块300,STYLE_2,29,14.5,28.183829312644534,12.695439355418687,0.75757575757575757,396,decodeTimeMeanNs,1387967300,50000,27.759,27.759,false,false,none,50000,MAX_FRAMES_REACHED
stage07_awgn_dense_formal_k300_latency,stage07_awgn_dense_formal_results.csv,216,087b3635af570afb4c0a44bd62c238bdba885b5c3944537fcb1883bdbf78902a,K300_M255K207,300,255双块300,STYLE_2,30,15,31.622776601683793,13.195439355418687,0.75757575757575757,396,decodeTimeMeanNs,1298694900,50000,25.972999999999999,25.972999999999999,false,false,none,50000,MAX_FRAMES_REACHED
stage07_awgn_dense_formal_k300_latency,stage07_awgn_dense_formal_results.csv,217,3490c1646bd69d7483f3090a4221b8048e3337f1b65801da3c8ab70d2013e04e,K300_M255K207,300,255双块300,STYLE_2,31,15.5,35.481338923357548,13.695439355418687,0.75757575757575757,396,decodeTimeMeanNs,1524424700,50000,30.488,30.488,false,false,none,50000,MAX_FRAMES_REACHED
stage07_awgn_dense_formal_k300_latency,stage07_awgn_dense_formal_results.csv,218,eb36cf76297a55c55dd0a18d0adee2b7b2a299ea14d2e947a1a5a336e6f9cbc5,K300_M255K207,300,255双块300,STYLE_2,32,16,39.810717055349734,14.195439355418687,0.75757575757575757,396,decodeTimeMeanNs,1332365700,50000,26.646999999999998,26.646999999999998,false,false,none,50000,MAX_FRAMES_REACHED
stage07_awgn_dense_formal_k300_latency,stage07_awgn_dense_formal_results.csv,219,3633558f0da70c7614c756fe80c5ff36e98538888a25a23a0152109aaa13fab8,K300_M255K207,300,255双块300,STYLE_2,33,16.5,44.668359215096302,14.695439355418687,0.75757575757575757,396,decodeTimeMeanNs,1269716200,50000,25.393999999999998,25.393999999999998,false,false,none,50000,MAX_FRAMES_REACHED
stage07_awgn_dense_formal_k300_latency,stage07_awgn_dense_formal_results.csv,220,e652943348af942bc6c2a06b5831a0c79150a9dee70a02c0dd0eed74614144bd,K300_M255K207,300,255双块300,STYLE_2,34,17,50.118723362727224,15.195439355418687,0.75757575757575757,396,decodeTimeMeanNs,1429324600,50000,28.585999999999999,28.585999999999999,false,false,none,50000,MAX_FRAMES_REACHED
stage07_awgn_dense_formal_k300_latency,stage07_awgn_dense_formal_results.csv,221,88dbd8e1eb64fe796bfae6dd0c741d4f3a9fcf0bf975785e72bb0c930b215626,K300_M255K207,300,255双块300,STYLE_2,35,17.5,56.234132519034908,15.695439355418687,0.75757575757575757,396,decodeTimeMeanNs,1271755300,50000,25.434999999999999,25.434999999999999,false,false,none,50000,MAX_FRAMES_REACHED
stage07_awgn_dense_formal_k300_latency,stage07_awgn_dense_formal_results.csv,222,7242a87a78aa822bffff99f520301b12acf40a2fac18c16130e02c6d24d983bc,K300_M255K207,300,255双块300,STYLE_2,36,18,63.095734448019329,16.195439355418685,0.75757575757575757,396,decodeTimeMeanNs,1304178500,50000,26.082999999999998,26.082999999999998,false,false,none,50000,MAX_FRAMES_REACHED
stage07_awgn_dense_formal_k300_latency,stage07_awgn_dense_formal_results.csv,260,13d6bb0144f8c05e3fbb917d8dbf79235ddb3032e45bdcef07b2cf39fb3b869a,K300_M511K385,300,385整块300,STYLE_4,0,0,1,-1.4874165128092467,0.70422535211267601,426,decodeTimeMeanNs,81324400,1000,81.323999999999998,81.323999999999998,false,false,none,1000,TARGET_FRAME_ERRORS_REACHED
stage07_awgn_dense_formal_k300_latency,stage07_awgn_dense_formal_results.csv,261,b913733f1411ae69111757b57f063d8d6830d559dbd16cc4f74e825d710f79b7,K300_M511K385,300,385整块300,STYLE_4,1,0.5,1.1220184543019633,-0.98741651280924669,0.70422535211267601,426,decodeTimeMeanNs,80623600,1000,80.623000000000005,80.623000000000005,false,false,none,1000,TARGET_FRAME_ERRORS_REACHED
stage07_awgn_dense_formal_k300_latency,stage07_awgn_dense_formal_results.csv,262,d8406538ec4ac91a8636584eaa9dbd0c0ffd5e68f0dedbaa0bc50723e616d4e3,K300_M511K385,300,385整块300,STYLE_4,2,1,1.2589254117941673,-0.48741651280924669,0.70422535211267601,426,decodeTimeMeanNs,78288500,1000,78.287999999999997,78.287999999999997,false,false,none,1000,TARGET_FRAME_ERRORS_REACHED
stage07_awgn_dense_formal_k300_latency,stage07_awgn_dense_formal_results.csv,263,2cbd42c91e7efef06451a8e04627b35e19827fdc9875bfa488a79e482313055f,K300_M511K385,300,385整块300,STYLE_4,3,1.5,1.4125375446227544,0.012583487190753306,0.70422535211267601,426,decodeTimeMeanNs,78340100,1000,78.340000000000003,78.340000000000003,false,false,none,1000,TARGET_FRAME_ERRORS_REACHED
stage07_awgn_dense_formal_k300_latency,stage07_awgn_dense_formal_results.csv,264,ef10b099a7db5f7c7099ff18d6e5f20de0343bc5465b9493368cc6b8fe4db804,K300_M511K385,300,385整块300,STYLE_4,4,2,1.5848931924611136,0.51258348719075331,0.70422535211267601,426,decodeTimeMeanNs,75258500,1000,75.257999999999996,75.257999999999996,false,false,none,1000,TARGET_FRAME_ERRORS_REACHED
stage07_awgn_dense_formal_k300_latency,stage07_awgn_dense_formal_results.csv,265,4c23e361ee3c92c53c550d6f54d1b9e4a2dbef1909a631184533719c5b77ad3a,K300_M511K385,300,385整块300,STYLE_4,5,2.5,1.7782794100389228,1.0125834871907533,0.70422535211267601,426,decodeTimeMeanNs,75687400,1000,75.686999999999998,75.686999999999998,false,false,none,1000,TARGET_FRAME_ERRORS_REACHED
stage07_awgn_dense_formal_k300_latency,stage07_awgn_dense_formal_results.csv,266,8459cc9bdd72aa59de199a5ce4ce15cd5abb7176261f2aa22673d869c1292aef,K300_M511K385,300,385整块300,STYLE_4,6,3,1.9952623149688795,1.5125834871907533,0.70422535211267601,426,decodeTimeMeanNs,73522800,1000,73.522000000000006,73.522000000000006,false,false,none,1000,TARGET_FRAME_ERRORS_REACHED
stage07_awgn_dense_formal_k300_latency,stage07_awgn_dense_formal_results.csv,267,62ae026a171200605648bc35bfc664c1b04bfec576e631366b872f634dc10e67,K300_M511K385,300,385整块300,STYLE_4,7,3.5,2.2387211385683394,2.0125834871907533,0.70422535211267601,426,decodeTimeMeanNs,77324300,1000,77.323999999999998,77.323999999999998,false,false,none,1000,TARGET_FRAME_ERRORS_REACHED
stage07_awgn_dense_formal_k300_latency,stage07_awgn_dense_formal_results.csv,268,8ffe9b8c6c78314543d75a8687a3b5793956bae3404c84e71a9e10bca4d9a561,K300_M511K385,300,385整块300,STYLE_4,8,4,2.5118864315095801,2.5125834871907533,0.70422535211267601,426,decodeTimeMeanNs,81303100,1000,81.302999999999997,81.302999999999997,false,false,none,1000,TARGET_FRAME_ERRORS_REACHED
stage07_awgn_dense_formal_k300_latency,stage07_awgn_dense_formal_results.csv,269,629388626143ab09db7cdbf99312e9183a9da41f6411ea1a18c06dea307f42ef,K300_M511K385,300,385整块300,STYLE_4,9,4.5,2.8183829312644537,3.0125834871907533,0.70422535211267601,426,decodeTimeMeanNs,81162200,1000,81.162000000000006,81.162000000000006,false,false,none,1000,TARGET_FRAME_ERRORS_REACHED
stage07_awgn_dense_formal_k300_latency,stage07_awgn_dense_formal_results.csv,270,073c876d0108021c501f2d47deeea40e6660b35bf8bb037802bb62cc8513b990,K300_M511K385,300,385整块300,STYLE_4,10,5,3.1622776601683795,3.5125834871907533,0.70422535211267601,426,decodeTimeMeanNs,77869900,1000,77.869,77.869,false,false,none,1000,TARGET_FRAME_ERRORS_REACHED
stage07_awgn_dense_formal_k300_latency,stage07_awgn_dense_formal_results.csv,271,93fe703e2dc13b3e7b00e727c2656688b1bc8ad964e2d5ece7599a333ae9bc99,K300_M511K385,300,385整块300,STYLE_4,11,5.5,3.548133892335755,4.0125834871907529,0.70422535211267601,426,decodeTimeMeanNs,73816600,1000,73.816000000000003,73.816000000000003,false,false,none,1000,TARGET_FRAME_ERRORS_REACHED
stage07_awgn_dense_formal_k300_latency,stage07_awgn_dense_formal_results.csv,272,92f93466313668e21e5e58842015804dd48c6be02453a9bfd4c8878968079c5c,K300_M511K385,300,385整块300,STYLE_4,12,6,3.9810717055349722,4.5125834871907529,0.70422535211267601,426,decodeTimeMeanNs,176278100,2805,62.844000000000001,62.844000000000001,false,false,none,2805,TARGET_FRAME_ERRORS_REACHED
stage07_awgn_dense_formal_k300_latency,stage07_awgn_dense_formal_results.csv,273,9f33655b3215f27ad720e6bdc92597515daf66e930a183f72625513fdadfac52,K300_M511K385,300,385整块300,STYLE_4,13,6.5,4.4668359215096318,5.0125834871907529,0.70422535211267601,426,decodeTimeMeanNs,2078090200,22773,91.251999999999995,91.251999999999995,false,false,none,22773,TARGET_FRAME_ERRORS_REACHED
stage07_awgn_dense_formal_k300_latency,stage07_awgn_dense_formal_results.csv,274,63bcee464560ba563d55c002ddcddf02612dd8a13d7fe16e515f08c86f40fa73,K300_M511K385,300,385整块300,STYLE_4,14,7,5.011872336272722,5.5125834871907529,0.70422535211267601,426,decodeTimeMeanNs,3380291300,50000,67.605000000000004,67.605000000000004,false,false,none,50000,MAX_FRAMES_REACHED
stage07_awgn_dense_formal_k300_latency,stage07_awgn_dense_formal_results.csv,275,d54dea15dc19c087eca538e174cbb76a95883d50fbbd5292c8f604f22ad38e48,K300_M511K385,300,385整块300,STYLE_4,15,7.5,5.6234132519034912,6.0125834871907529,0.70422535211267601,426,decodeTimeMeanNs,2760182400,50000,55.203000000000003,55.203000000000003,false,false,none,50000,MAX_FRAMES_REACHED
stage07_awgn_dense_formal_k300_latency,stage07_awgn_dense_formal_results.csv,276,6a679f1d17b2335e29fbaad19f12a1252c9dba7a1d3cbc2863286c496c0e4e79,K300_M511K385,300,385整块300,STYLE_4,16,8,6.3095734448019334,6.5125834871907529,0.70422535211267601,426,decodeTimeMeanNs,2668177200,50000,53.363,53.363,false,false,none,50000,MAX_FRAMES_REACHED
stage07_awgn_dense_formal_k300_latency,stage07_awgn_dense_formal_results.csv,277,8db4c1413b6ba24d06877f970d5873af2f56fa03768bdd5d0210adb7c7417494,K300_M511K385,300,385整块300,STYLE_4,17,8.5,7.0794578438413787,7.0125834871907529,0.70422535211267601,426,decodeTimeMeanNs,2424902100,50000,48.497999999999998,48.497999999999998,false,false,none,50000,MAX_FRAMES_REACHED
stage07_awgn_dense_formal_k300_latency,stage07_awgn_dense_formal_results.csv,278,0622ae5dd6712b6fe04f41bf076838d32acb1c814eb1dd3945efddebf0e7a036,K300_M511K385,300,385整块300,STYLE_4,18,9,7.9432823472428158,7.5125834871907529,0.70422535211267601,426,decodeTimeMeanNs,2404515700,50000,48.090000000000003,48.090000000000003,false,false,none,50000,MAX_FRAMES_REACHED
stage07_awgn_dense_formal_k300_latency,stage07_awgn_dense_formal_results.csv,279,3ef239337b891933140354d77e561dffe6aecd4af87838f6a90fa1810561ec63,K300_M511K385,300,385整块300,STYLE_4,19,9.5,8.9125093813374541,8.0125834871907529,0.70422535211267601,426,decodeTimeMeanNs,2447104100,50000,48.942,48.942,false,false,none,50000,MAX_FRAMES_REACHED
stage07_awgn_dense_formal_k300_latency,stage07_awgn_dense_formal_results.csv,280,04ffd885bc75fb306afd884b8df0d360eb7af31f66009aff95814440c93d75bf,K300_M511K385,300,385整块300,STYLE_4,20,10,10,8.5125834871907529,0.70422535211267601,426,decodeTimeMeanNs,2356640000,50000,47.131999999999998,47.131999999999998,false,false,none,50000,MAX_FRAMES_REACHED
stage07_awgn_dense_formal_k300_latency,stage07_awgn_dense_formal_results.csv,281,2a65c90bf455969128134ecf83c17f0358bf3c137b0bd5dd26fd799dd5038f0d,K300_M511K385,300,385整块300,STYLE_4,21,10.5,11.220184543019636,9.0125834871907529,0.70422535211267601,426,decodeTimeMeanNs,2288885100,50000,45.777000000000001,45.777000000000001,false,false,none,50000,MAX_FRAMES_REACHED
stage07_awgn_dense_formal_k300_latency,stage07_awgn_dense_formal_results.csv,282,63ac58644f41c503a111b228e38dddf3bb593ccaddbcd9b5ca8bf29d1cb6cd26,K300_M511K385,300,385整块300,STYLE_4,22,11,12.589254117941675,9.5125834871907529,0.70422535211267601,426,decodeTimeMeanNs,2394985300,50000,47.899000000000001,47.899000000000001,false,false,none,50000,MAX_FRAMES_REACHED
stage07_awgn_dense_formal_k300_latency,stage07_awgn_dense_formal_results.csv,283,f8cc7f1432786c86eb8cec919ef445e467b870c7292716558ed4f04efab11c83,K300_M511K385,300,385整块300,STYLE_4,23,11.5,14.12537544622754,10.012583487190753,0.70422535211267601,426,decodeTimeMeanNs,2562571500,50000,51.250999999999998,51.250999999999998,false,false,none,50000,MAX_FRAMES_REACHED
stage07_awgn_dense_formal_k300_latency,stage07_awgn_dense_formal_results.csv,284,95e8c19232a9702f0966747b974e493b431de4f0e42018db11aeb5ed554c1406,K300_M511K385,300,385整块300,STYLE_4,24,12,15.848931924611133,10.512583487190753,0.70422535211267601,426,decodeTimeMeanNs,2404319300,50000,48.085999999999999,48.085999999999999,false,false,none,50000,MAX_FRAMES_REACHED
stage07_awgn_dense_formal_k300_latency,stage07_awgn_dense_formal_results.csv,285,c398aabbd4d42596da32910776bb886ca37cb919fb56d33d8e7d337b488af94b,K300_M511K385,300,385整块300,STYLE_4,25,12.5,17.782794100389228,11.012583487190753,0.70422535211267601,426,decodeTimeMeanNs,2576583100,50000,51.530999999999999,51.530999999999999,false,false,none,50000,MAX_FRAMES_REACHED
stage07_awgn_dense_formal_k300_latency,stage07_awgn_dense_formal_results.csv,286,6f7ae686669574a65f74d012d3c2fa00ed280a00634bb6deac955eb862452770,K300_M511K385,300,385整块300,STYLE_4,26,13,19.952623149688797,11.512583487190753,0.70422535211267601,426,decodeTimeMeanNs,2473208700,50000,49.463999999999999,49.463999999999999,false,false,none,50000,MAX_FRAMES_REACHED
stage07_awgn_dense_formal_k300_latency,stage07_awgn_dense_formal_results.csv,287,a4bdbbb030b003dfe98eba559b243233feb02df0d3c075d08972fd13ce70ebc5,K300_M511K385,300,385整块300,STYLE_4,27,13.5,22.387211385683401,12.012583487190753,0.70422535211267601,426,decodeTimeMeanNs,2480275000,50000,49.604999999999997,49.604999999999997,false,false,none,50000,MAX_FRAMES_REACHED
stage07_awgn_dense_formal_k300_latency,stage07_awgn_dense_formal_results.csv,288,a5429e7a392c3ef72cf4a57540a018578b3da10d2499c219a640720b8c82fbc5,K300_M511K385,300,385整块300,STYLE_4,28,14,25.118864315095795,12.512583487190753,0.70422535211267601,426,decodeTimeMeanNs,2332809900,50000,46.655999999999999,46.655999999999999,false,false,none,50000,MAX_FRAMES_REACHED
stage07_awgn_dense_formal_k300_latency,stage07_awgn_dense_formal_results.csv,289,1e10b6c2b5f88df5796ea42ed81d393a803f26f8b68280336f188c5fdf9e8fbe,K300_M511K385,300,385整块300,STYLE_4,29,14.5,28.183829312644534,13.012583487190753,0.70422535211267601,426,decodeTimeMeanNs,2452051500,50000,49.040999999999997,49.040999999999997,false,false,none,50000,MAX_FRAMES_REACHED
stage07_awgn_dense_formal_k300_latency,stage07_awgn_dense_formal_results.csv,290,087a0a4929b6b91c0d454c7dbd0d1a79f8fdbd91937b22a2dab530e2a0af237f,K300_M511K385,300,385整块300,STYLE_4,30,15,31.622776601683793,13.512583487190753,0.70422535211267601,426,decodeTimeMeanNs,2400932300,50000,48.018000000000001,48.018000000000001,false,false,none,50000,MAX_FRAMES_REACHED
stage07_awgn_dense_formal_k300_latency,stage07_awgn_dense_formal_results.csv,291,6e823e3df8af7fa2dec755a21cd5212595a1ac81463fd0d23c5352ca805b7b1f,K300_M511K385,300,385整块300,STYLE_4,31,15.5,35.481338923357548,14.012583487190753,0.70422535211267601,426,decodeTimeMeanNs,2470300000,50000,49.405999999999999,49.405999999999999,false,false,none,50000,MAX_FRAMES_REACHED
stage07_awgn_dense_formal_k300_latency,stage07_awgn_dense_formal_results.csv,292,51298f5b31ae6104ae2c058bf0531b7c927e5b03a2edeb079e272d83dde1d3f4,K300_M511K385,300,385整块300,STYLE_4,32,16,39.810717055349734,14.512583487190753,0.70422535211267601,426,decodeTimeMeanNs,2531033000,50000,50.619999999999997,50.619999999999997,false,false,none,50000,MAX_FRAMES_REACHED
stage07_awgn_dense_formal_k300_latency,stage07_awgn_dense_formal_results.csv,293,b92febdf0c6bcd3338b0e2718cbe2435e7fe2e5bb242b7598374191f2db67a8a,K300_M511K385,300,385整块300,STYLE_4,33,16.5,44.668359215096302,15.012583487190753,0.70422535211267601,426,decodeTimeMeanNs,2608488600,50000,52.168999999999997,52.168999999999997,false,false,none,50000,MAX_FRAMES_REACHED
stage07_awgn_dense_formal_k300_latency,stage07_awgn_dense_formal_results.csv,294,6aadd56e0126dae8bf9c1624113802a1f3884a0a2e78f5766b83c0d83a0ba208,K300_M511K385,300,385整块300,STYLE_4,34,17,50.118723362727224,15.512583487190753,0.70422535211267601,426,decodeTimeMeanNs,2213909200,50000,44.277999999999999,44.277999999999999,false,false,none,50000,MAX_FRAMES_REACHED
stage07_awgn_dense_formal_k300_latency,stage07_awgn_dense_formal_results.csv,295,9846c48eed604db90cedeaf5c3dd41e8c4f36460f342ab95d3e07f76b3f891dc,K300_M511K385,300,385整块300,STYLE_4,35,17.5,56.234132519034908,16.012583487190753,0.70422535211267601,426,decodeTimeMeanNs,2342663500,50000,46.853000000000002,46.853000000000002,false,false,none,50000,MAX_FRAMES_REACHED
stage07_awgn_dense_formal_k300_latency,stage07_awgn_dense_formal_results.csv,296,f5173adf4bc7627221f65ff7779e20541f0943c5b2b8fc25308c2d6bf0a90da0,K300_M511K385,300,385整块300,STYLE_4,36,18,63.095734448019329,16.512583487190753,0.70422535211267601,426,decodeTimeMeanNs,2358264000,50000,47.164999999999999,47.164999999999999,false,false,none,50000,MAX_FRAMES_REACHED
stage07_awgn_dense_formal_k300_latency,stage07_awgn_dense_formal_results.csv,223,9f26950932b2f24c63f5740f4beb29a247f35da9a508ed268ab499197f0cfc24,K300_M511K421,300,421整块300,STYLE_3,0,0,1,-1.8708664335714444,0.76923076923076927,390,decodeTimeMeanNs,66407000,1000,66.406999999999996,66.406999999999996,false,false,none,1000,TARGET_FRAME_ERRORS_REACHED
stage07_awgn_dense_formal_k300_latency,stage07_awgn_dense_formal_results.csv,224,e2b3e9c5ef4b80f24ab99954d435bc3a1ce5f9d1a610d904be23111e20b4b8ee,K300_M511K421,300,421整块300,STYLE_3,1,0.5,1.1220184543019633,-1.3708664335714444,0.76923076923076927,390,decodeTimeMeanNs,70047700,1000,70.046999999999997,70.046999999999997,false,false,none,1000,TARGET_FRAME_ERRORS_REACHED
stage07_awgn_dense_formal_k300_latency,stage07_awgn_dense_formal_results.csv,225,11bf2bcb02136f67ed7cdd9a49dadfcaa3b1db9d54378311a2d37b4ae4ba4cec,K300_M511K421,300,421整块300,STYLE_3,2,1,1.2589254117941673,-0.87086643357144444,0.76923076923076927,390,decodeTimeMeanNs,70074900,1000,70.073999999999998,70.073999999999998,false,false,none,1000,TARGET_FRAME_ERRORS_REACHED
stage07_awgn_dense_formal_k300_latency,stage07_awgn_dense_formal_results.csv,226,bd1474c6953159c76a69aa123ea842cfdfa10fe1aaed7b9fb34d5e0d5cccd7b7,K300_M511K421,300,421整块300,STYLE_3,3,1.5,1.4125375446227544,-0.37086643357144444,0.76923076923076927,390,decodeTimeMeanNs,65077600,1000,65.076999999999998,65.076999999999998,false,false,none,1000,TARGET_FRAME_ERRORS_REACHED
stage07_awgn_dense_formal_k300_latency,stage07_awgn_dense_formal_results.csv,227,e47f1b441869103f4aaa2ca80400ac179faae25652245562247423722e714c2e,K300_M511K421,300,421整块300,STYLE_3,4,2,1.5848931924611136,0.12913356642855556,0.76923076923076927,390,decodeTimeMeanNs,64260600,1000,64.260000000000005,64.260000000000005,false,false,none,1000,TARGET_FRAME_ERRORS_REACHED
stage07_awgn_dense_formal_k300_latency,stage07_awgn_dense_formal_results.csv,228,d047a97fd27700340ed043a053c06bcbd06297b39316cb2f1f7a3f9ad74801ee,K300_M511K421,300,421整块300,STYLE_3,5,2.5,1.7782794100389228,0.62913356642855556,0.76923076923076927,390,decodeTimeMeanNs,61043500,1000,61.042999999999999,61.042999999999999,false,false,none,1000,TARGET_FRAME_ERRORS_REACHED
stage07_awgn_dense_formal_k300_latency,stage07_awgn_dense_formal_results.csv,229,38042bdb7fa19ca3bba0e5e27974c6f4e979230c06a6082f829d6b4cfa363649,K300_M511K421,300,421整块300,STYLE_3,6,3,1.9952623149688795,1.1291335664285556,0.76923076923076927,390,decodeTimeMeanNs,61648400,1000,61.648000000000003,61.648000000000003,false,false,none,1000,TARGET_FRAME_ERRORS_REACHED
stage07_awgn_dense_formal_k300_latency,stage07_awgn_dense_formal_results.csv,230,2e679fdfcd49ebf00d403acc82a13080e4c1d39e0b2b828db3961d040eb6f2f8,K300_M511K421,300,421整块300,STYLE_3,7,3.5,2.2387211385683394,1.6291335664285556,0.76923076923076927,390,decodeTimeMeanNs,60668600,1000,60.667999999999999,60.667999999999999,false,false,none,1000,TARGET_FRAME_ERRORS_REACHED
stage07_awgn_dense_formal_k300_latency,stage07_awgn_dense_formal_results.csv,231,56c48cd89d0ab5211f1d4c610562d72f88e63e4c2483116e490895cfd5233c3c,K300_M511K421,300,421整块300,STYLE_3,8,4,2.5118864315095801,2.1291335664285556,0.76923076923076927,390,decodeTimeMeanNs,58261400,1000,58.261000000000003,58.261000000000003,false,false,none,1000,TARGET_FRAME_ERRORS_REACHED
stage07_awgn_dense_formal_k300_latency,stage07_awgn_dense_formal_results.csv,232,07017ebdbe007d313dbfabfd0cbcb4faafd8cee1351cc2063489625f80edc0db,K300_M511K421,300,421整块300,STYLE_3,9,4.5,2.8183829312644537,2.6291335664285556,0.76923076923076927,390,decodeTimeMeanNs,56383400,1000,56.383000000000003,56.383000000000003,false,false,none,1000,TARGET_FRAME_ERRORS_REACHED
stage07_awgn_dense_formal_k300_latency,stage07_awgn_dense_formal_results.csv,233,19bb5094ca910cd8d463243e9cae762ab0dd6376156b33d1d035f86cc448202c,K300_M511K421,300,421整块300,STYLE_3,10,5,3.1622776601683795,3.1291335664285556,0.76923076923076927,390,decodeTimeMeanNs,57885900,1000,57.884999999999998,57.884999999999998,false,false,none,1000,TARGET_FRAME_ERRORS_REACHED
stage07_awgn_dense_formal_k300_latency,stage07_awgn_dense_formal_results.csv,234,2f81d8c6ce80d522c403edd70eec038036f25dda499631e33b32822cda89466f,K300_M511K421,300,421整块300,STYLE_3,11,5.5,3.548133892335755,3.6291335664285556,0.76923076923076927,390,decodeTimeMeanNs,59003800,1000,59.003,59.003,false,false,none,1000,TARGET_FRAME_ERRORS_REACHED
stage07_awgn_dense_formal_k300_latency,stage07_awgn_dense_formal_results.csv,235,bc8ab890772c42219b2736e1a317bc6a6b5fc3c0ec81c0abdb5becd12bf6d63f,K300_M511K421,300,421整块300,STYLE_3,12,6,3.9810717055349722,4.1291335664285551,0.76923076923076927,390,decodeTimeMeanNs,59079400,1000,59.079000000000001,59.079000000000001,false,false,none,1000,TARGET_FRAME_ERRORS_REACHED
stage07_awgn_dense_formal_k300_latency,stage07_awgn_dense_formal_results.csv,236,7683c44502500350ceac879ec1eae544dfe03780ea1d8cee4cef01ee142ec787,K300_M511K421,300,421整块300,STYLE_3,13,6.5,4.4668359215096318,4.6291335664285551,0.76923076923076927,390,decodeTimeMeanNs,134886000,2566,52.566000000000003,52.566000000000003,false,false,none,2566,TARGET_FRAME_ERRORS_REACHED
stage07_awgn_dense_formal_k300_latency,stage07_awgn_dense_formal_results.csv,237,5986e701e745570eff18aa9a54a95bf6f6b2ca653b02c8f3fc54d0ca44b98394,K300_M511K421,300,421整块300,STYLE_3,14,7,5.011872336272722,5.1291335664285551,0.76923076923076927,390,decodeTimeMeanNs,1055824300,16214,65.117999999999995,65.117999999999995,false,false,none,16214,TARGET_FRAME_ERRORS_REACHED
stage07_awgn_dense_formal_k300_latency,stage07_awgn_dense_formal_results.csv,238,b6c55ae82b8952dcbaadf94d72f9aa2a1277e1d203e0cd2e34912d7f6f48eef3,K300_M511K421,300,421整块300,STYLE_3,15,7.5,5.6234132519034912,5.6291335664285551,0.76923076923076927,390,decodeTimeMeanNs,2558447400,50000,51.167999999999999,51.167999999999999,false,false,none,50000,MAX_FRAMES_REACHED
stage07_awgn_dense_formal_k300_latency,stage07_awgn_dense_formal_results.csv,239,966d9b2eaccb1b5a680286d98b22298e49d30f14ede0b2d934e30d3e69386193,K300_M511K421,300,421整块300,STYLE_3,16,8,6.3095734448019334,6.1291335664285551,0.76923076923076927,390,decodeTimeMeanNs,2376983200,50000,47.539000000000001,47.539000000000001,false,false,none,50000,MAX_FRAMES_REACHED
stage07_awgn_dense_formal_k300_latency,stage07_awgn_dense_formal_results.csv,240,5e3157a961d68d11c3bff2f9a77e40f1f8ad507777ea7f58eef9914298a21fe9,K300_M511K421,300,421整块300,STYLE_3,17,8.5,7.0794578438413787,6.6291335664285551,0.76923076923076927,390,decodeTimeMeanNs,2108888400,50000,42.177,42.177,false,false,none,50000,MAX_FRAMES_REACHED
stage07_awgn_dense_formal_k300_latency,stage07_awgn_dense_formal_results.csv,241,043e9ce5ac9884dcd7653ee6e7e5a4c7e57145edcdaaa67bd09ef985532176ad,K300_M511K421,300,421整块300,STYLE_3,18,9,7.9432823472428158,7.1291335664285551,0.76923076923076927,390,decodeTimeMeanNs,2205303600,50000,44.106000000000002,44.106000000000002,false,false,none,50000,MAX_FRAMES_REACHED
stage07_awgn_dense_formal_k300_latency,stage07_awgn_dense_formal_results.csv,242,c41b1321e570e81a0017da4db885df960a6bff79dbcf74f7d1a556d06e6fb6ba,K300_M511K421,300,421整块300,STYLE_3,19,9.5,8.9125093813374541,7.6291335664285551,0.76923076923076927,390,decodeTimeMeanNs,2111182400,50000,42.222999999999999,42.222999999999999,false,false,none,50000,MAX_FRAMES_REACHED
stage07_awgn_dense_formal_k300_latency,stage07_awgn_dense_formal_results.csv,243,9c65ce37187eb2cf86036d9005960162046e82d91f02e42c331a5d790bfdf6d4,K300_M511K421,300,421整块300,STYLE_3,20,10,10,8.1291335664285551,0.76923076923076927,390,decodeTimeMeanNs,1864183800,50000,37.283000000000001,37.283000000000001,false,false,none,50000,MAX_FRAMES_REACHED
stage07_awgn_dense_formal_k300_latency,stage07_awgn_dense_formal_results.csv,244,c2926b9de8892a8b5cb69128456248d133a3ee62d8562932882ab731196d05b7,K300_M511K421,300,421整块300,STYLE_3,21,10.5,11.220184543019636,8.6291335664285551,0.76923076923076927,390,decodeTimeMeanNs,1926522300,50000,38.530000000000001,38.530000000000001,false,false,none,50000,MAX_FRAMES_REACHED
stage07_awgn_dense_formal_k300_latency,stage07_awgn_dense_formal_results.csv,245,59f8b858f4095079545c871074aead1a87ea2783faa7a0b00d5d50c4555b79e9,K300_M511K421,300,421整块300,STYLE_3,22,11,12.589254117941675,9.1291335664285551,0.76923076923076927,390,decodeTimeMeanNs,1902050200,50000,38.040999999999997,38.040999999999997,false,false,none,50000,MAX_FRAMES_REACHED
stage07_awgn_dense_formal_k300_latency,stage07_awgn_dense_formal_results.csv,246,63f75663ebc14bddafea03fef047b6affca37557ecc44e245604e1892ede2481,K300_M511K421,300,421整块300,STYLE_3,23,11.5,14.12537544622754,9.6291335664285551,0.76923076923076927,390,decodeTimeMeanNs,2074388700,50000,41.487000000000002,41.487000000000002,false,false,none,50000,MAX_FRAMES_REACHED
stage07_awgn_dense_formal_k300_latency,stage07_awgn_dense_formal_results.csv,247,8aba5e8adfe1d9acd62868430ca6a5c0fa575fab4d69f2f0e7e9480e4dc3dec4,K300_M511K421,300,421整块300,STYLE_3,24,12,15.848931924611133,10.129133566428555,0.76923076923076927,390,decodeTimeMeanNs,1834862600,50000,36.697000000000003,36.697000000000003,false,false,none,50000,MAX_FRAMES_REACHED
stage07_awgn_dense_formal_k300_latency,stage07_awgn_dense_formal_results.csv,248,8363e9a98d4ececaf4ddb93193e21d4f66c6f1372e273a483638b92e3012c0ea,K300_M511K421,300,421整块300,STYLE_3,25,12.5,17.782794100389228,10.629133566428555,0.76923076923076927,390,decodeTimeMeanNs,1821093600,50000,36.420999999999999,36.420999999999999,false,false,none,50000,MAX_FRAMES_REACHED
stage07_awgn_dense_formal_k300_latency,stage07_awgn_dense_formal_results.csv,249,39c7e9d59faa37e3e1547f95482b97de670ba6c5b362640e1c0572632ab27253,K300_M511K421,300,421整块300,STYLE_3,26,13,19.952623149688797,11.129133566428555,0.76923076923076927,390,decodeTimeMeanNs,1853148400,50000,37.061999999999998,37.061999999999998,false,false,none,50000,MAX_FRAMES_REACHED
stage07_awgn_dense_formal_k300_latency,stage07_awgn_dense_formal_results.csv,250,e166dcdc4f187605f527680cb0af264361cc5793cf3a6066fce4436bd2f9b1cf,K300_M511K421,300,421整块300,STYLE_3,27,13.5,22.387211385683401,11.629133566428555,0.76923076923076927,390,decodeTimeMeanNs,1822765600,50000,36.454999999999998,36.454999999999998,false,false,none,50000,MAX_FRAMES_REACHED
stage07_awgn_dense_formal_k300_latency,stage07_awgn_dense_formal_results.csv,251,4aa3b28b4bd9fa46376255f3a9973b3929617e7a486bc1bcb184b274c3e334b5,K300_M511K421,300,421整块300,STYLE_3,28,14,25.118864315095795,12.129133566428555,0.76923076923076927,390,decodeTimeMeanNs,1864455400,50000,37.289000000000001,37.289000000000001,false,false,none,50000,MAX_FRAMES_REACHED
stage07_awgn_dense_formal_k300_latency,stage07_awgn_dense_formal_results.csv,252,a04e02928296b52b35ad97fbe43f51739f3b1585f3649bd3b882dfc89af7e90b,K300_M511K421,300,421整块300,STYLE_3,29,14.5,28.183829312644534,12.629133566428555,0.76923076923076927,390,decodeTimeMeanNs,1821166300,50000,36.423000000000002,36.423000000000002,false,false,none,50000,MAX_FRAMES_REACHED
stage07_awgn_dense_formal_k300_latency,stage07_awgn_dense_formal_results.csv,253,4da9c7a624d2710122b7b9ba5585b0cf16674bded031a24a160be01bebb432e2,K300_M511K421,300,421整块300,STYLE_3,30,15,31.622776601683793,13.129133566428555,0.76923076923076927,390,decodeTimeMeanNs,1890206600,50000,37.804000000000002,37.804000000000002,false,false,none,50000,MAX_FRAMES_REACHED
stage07_awgn_dense_formal_k300_latency,stage07_awgn_dense_formal_results.csv,254,b1220e066efd2d8366cde72ad61f86e04bac7b5f5fb7474b33baeeaec5c263b5,K300_M511K421,300,421整块300,STYLE_3,31,15.5,35.481338923357548,13.629133566428555,0.76923076923076927,390,decodeTimeMeanNs,1761919900,50000,35.238,35.238,false,false,none,50000,MAX_FRAMES_REACHED
stage07_awgn_dense_formal_k300_latency,stage07_awgn_dense_formal_results.csv,255,6733628beba3a0fa5684494874fe040c4427ac263071553100aa1bbd1bdf42d9,K300_M511K421,300,421整块300,STYLE_3,32,16,39.810717055349734,14.129133566428555,0.76923076923076927,390,decodeTimeMeanNs,1820710400,50000,36.414000000000001,36.414000000000001,false,false,none,50000,MAX_FRAMES_REACHED
stage07_awgn_dense_formal_k300_latency,stage07_awgn_dense_formal_results.csv,256,8d50fb0220a5be2550336930759e7614647b8fd74071c2da41bb9363d8f03594,K300_M511K421,300,421整块300,STYLE_3,33,16.5,44.668359215096302,14.629133566428555,0.76923076923076927,390,decodeTimeMeanNs,1550027000,50000,31,31,false,false,none,50000,MAX_FRAMES_REACHED
stage07_awgn_dense_formal_k300_latency,stage07_awgn_dense_formal_results.csv,257,ff22d4e29fc70bb60d07dcc953645c69910deb40264907b833793df351a4b647,K300_M511K421,300,421整块300,STYLE_3,34,17,50.118723362727224,15.129133566428555,0.76923076923076927,390,decodeTimeMeanNs,1574999300,50000,31.498999999999999,31.498999999999999,false,false,none,50000,MAX_FRAMES_REACHED
stage07_awgn_dense_formal_k300_latency,stage07_awgn_dense_formal_results.csv,258,162cb23f669491aa805991ead268b1a5b82bbf19bc0a9d8f7c05cb47b61393a3,K300_M511K421,300,421整块300,STYLE_3,35,17.5,56.234132519034908,15.629133566428555,0.76923076923076927,390,decodeTimeMeanNs,1650636400,50000,33.012,33.012,false,false,none,50000,MAX_FRAMES_REACHED
stage07_awgn_dense_formal_k300_latency,stage07_awgn_dense_formal_results.csv,259,50c63b9b16ff0f9b799bfc3b41a3b0d8c43ef13f9cb81cb1179b061d2cad6f8d,K300_M511K421,300,421整块300,STYLE_3,36,18,63.095734448019329,16.129133566428557,0.76923076923076927,390,decodeTimeMeanNs,1742595300,50000,34.850999999999999,34.850999999999999,false,false,none,50000,MAX_FRAMES_REACHED
stage07_awgn_dense_formal_k300_latency,stage07_awgn_dense_formal_results.csv,149,79a8bf349e9b27b96f4dc7b8c3fbf810db117ff4e1a045805f670f30a13dc6ae,K300_S15,300,分块300,STYLE_1,0,0,1,-1.5490195998574319,0.7142857142857143,420,decodeTimeMeanNs,21234200,1000,21.234000000000002,21.234000000000002,false,false,none,1000,TARGET_FRAME_ERRORS_REACHED
stage07_awgn_dense_formal_k300_latency,stage07_awgn_dense_formal_results.csv,150,ba8a0b05e58213fad32151735ef63509dd5e806e62899e876356c49990e3b135,K300_S15,300,分块300,STYLE_1,1,0.5,1.1220184543019633,-1.0490195998574319,0.7142857142857143,420,decodeTimeMeanNs,21880600,1000,21.879999999999999,21.879999999999999,false,false,none,1000,TARGET_FRAME_ERRORS_REACHED
stage07_awgn_dense_formal_k300_latency,stage07_awgn_dense_formal_results.csv,151,64e6e30d75fc09c85465a31ee3f928f28e89e7bcc937968b747798dea3af79d6,K300_S15,300,分块300,STYLE_1,2,1,1.2589254117941673,-0.54901959985743187,0.7142857142857143,420,decodeTimeMeanNs,23893300,1000,23.893000000000001,23.893000000000001,false,false,none,1000,TARGET_FRAME_ERRORS_REACHED
stage07_awgn_dense_formal_k300_latency,stage07_awgn_dense_formal_results.csv,152,d3891d4c5aea7a01aefccb95b9d583ed1c00f9ac5c494b6e61389d7b25a4f5c0,K300_S15,300,分块300,STYLE_1,3,1.5,1.4125375446227544,-0.049019599857431873,0.7142857142857143,420,decodeTimeMeanNs,25127200,1000,25.126999999999999,25.126999999999999,false,false,none,1000,TARGET_FRAME_ERRORS_REACHED
stage07_awgn_dense_formal_k300_latency,stage07_awgn_dense_formal_results.csv,153,ec99e0d873443a4373b8daa96222a5826a249a82c0ae8c4b8041e5b8fbe2d59a,K300_S15,300,分块300,STYLE_1,4,2,1.5848931924611136,0.45098040014256813,0.7142857142857143,420,decodeTimeMeanNs,18846700,1000,18.846,18.846,false,false,none,1000,TARGET_FRAME_ERRORS_REACHED
stage07_awgn_dense_formal_k300_latency,stage07_awgn_dense_formal_results.csv,154,f9c7a6ab44b6a1f6ce82ce14cd456a7c57ea21319e2644be35a4abf445a33c81,K300_S15,300,分块300,STYLE_1,5,2.5,1.7782794100389228,0.95098040014256813,0.7142857142857143,420,decodeTimeMeanNs,17859100,1000,17.859000000000002,17.859000000000002,false,false,none,1000,TARGET_FRAME_ERRORS_REACHED
stage07_awgn_dense_formal_k300_latency,stage07_awgn_dense_formal_results.csv,155,96c9c17befd4678d38f51b56d44a37d9fea6efc3e113107825a3012c5d04695d,K300_S15,300,分块300,STYLE_1,6,3,1.9952623149688795,1.4509804001425681,0.7142857142857143,420,decodeTimeMeanNs,17765100,1000,17.765000000000001,17.765000000000001,false,false,none,1000,TARGET_FRAME_ERRORS_REACHED
stage07_awgn_dense_formal_k300_latency,stage07_awgn_dense_formal_results.csv,156,e3748e0c081d51a4abe93e0b84f6510c9bce7064173d30b681ab36a848b62c46,K300_S15,300,分块300,STYLE_1,7,3.5,2.2387211385683394,1.9509804001425681,0.7142857142857143,420,decodeTimeMeanNs,19481100,1000,19.481000000000002,19.481000000000002,false,false,none,1000,TARGET_FRAME_ERRORS_REACHED
stage07_awgn_dense_formal_k300_latency,stage07_awgn_dense_formal_results.csv,157,06a38e8e04ca4304b66c0f48f11642a7c3665ae695341b0180abe8c70bec0068,K300_S15,300,分块300,STYLE_1,8,4,2.5118864315095801,2.4509804001425683,0.7142857142857143,420,decodeTimeMeanNs,18202500,1000,18.202000000000002,18.202000000000002,false,false,none,1000,TARGET_FRAME_ERRORS_REACHED
stage07_awgn_dense_formal_k300_latency,stage07_awgn_dense_formal_results.csv,158,a2f15bb5259dbc391059d54b29a9bf8c44e38de3438fa3587e3a33baa0aeb825,K300_S15,300,分块300,STYLE_1,9,4.5,2.8183829312644537,2.9509804001425683,0.7142857142857143,420,decodeTimeMeanNs,17896900,1000,17.896000000000001,17.896000000000001,false,false,none,1000,TARGET_FRAME_ERRORS_REACHED
stage07_awgn_dense_formal_k300_latency,stage07_awgn_dense_formal_results.csv,159,7c27ecee49bd8d7e952a5503d6d0b2e7e8cc6fddeaba7a831c869fa8ebf7ec54,K300_S15,300,分块300,STYLE_1,10,5,3.1622776601683795,3.4509804001425683,0.7142857142857143,420,decodeTimeMeanNs,17649400,1000,17.649000000000001,17.649000000000001,false,false,none,1000,TARGET_FRAME_ERRORS_REACHED
stage07_awgn_dense_formal_k300_latency,stage07_awgn_dense_formal_results.csv,160,51481972b74dce03bdae1b5cc9bad62ac9f0829953252eb3048dcd20493f89a9,K300_S15,300,分块300,STYLE_1,11,5.5,3.548133892335755,3.9509804001425683,0.7142857142857143,420,decodeTimeMeanNs,17370500,1000,17.370000000000001,17.370000000000001,false,false,none,1000,TARGET_FRAME_ERRORS_REACHED
stage07_awgn_dense_formal_k300_latency,stage07_awgn_dense_formal_results.csv,161,205e6fd45d37799cb4b754bd40089df2d8b6ad3a0d8da66c659e025875ba31b5,K300_S15,300,分块300,STYLE_1,12,6,3.9810717055349722,4.4509804001425683,0.7142857142857143,420,decodeTimeMeanNs,15864500,1000,15.864000000000001,15.864000000000001,false,false,none,1000,TARGET_FRAME_ERRORS_REACHED
stage07_awgn_dense_formal_k300_latency,stage07_awgn_dense_formal_results.csv,162,e25533bf5ef1f34beb77ab0b489b3aaad76139f805a928ff78bd95ae3d8da7bf,K300_S15,300,分块300,STYLE_1,13,6.5,4.4668359215096318,4.9509804001425683,0.7142857142857143,420,decodeTimeMeanNs,17419100,1000,17.419,17.419,false,false,none,1000,TARGET_FRAME_ERRORS_REACHED
stage07_awgn_dense_formal_k300_latency,stage07_awgn_dense_formal_results.csv,163,8967264d1b02d08c91260e9ba45287476bb1c1b785a68f1fcd792658e885ee67,K300_S15,300,分块300,STYLE_1,14,7,5.011872336272722,5.4509804001425683,0.7142857142857143,420,decodeTimeMeanNs,17679800,1000,17.678999999999998,17.678999999999998,false,false,none,1000,TARGET_FRAME_ERRORS_REACHED
stage07_awgn_dense_formal_k300_latency,stage07_awgn_dense_formal_results.csv,164,bc6213c7b8442af5d2348f1abf141f1c271fd3ce1d07c272636a015122be56a4,K300_S15,300,分块300,STYLE_1,15,7.5,5.6234132519034912,5.9509804001425683,0.7142857142857143,420,decodeTimeMeanNs,18054600,1089,16.579000000000001,16.579000000000001,false,false,none,1089,TARGET_FRAME_ERRORS_REACHED
stage07_awgn_dense_formal_k300_latency,stage07_awgn_dense_formal_results.csv,165,77ea72d699e74223b79877733f4b281eb04e781af7ba2a5d15e2cf41467c9ed2,K300_S15,300,分块300,STYLE_1,16,8,6.3095734448019334,6.4509804001425683,0.7142857142857143,420,decodeTimeMeanNs,37195100,2353,15.807,15.807,false,false,none,2353,TARGET_FRAME_ERRORS_REACHED
stage07_awgn_dense_formal_k300_latency,stage07_awgn_dense_formal_results.csv,166,cf541fb6f4db5fc68f4c8f70f13823e6edd5a146a201be392d918c8ddf536e75,K300_S15,300,分块300,STYLE_1,17,8.5,7.0794578438413787,6.9509804001425683,0.7142857142857143,420,decodeTimeMeanNs,83094900,4573,18.170000000000002,18.170000000000002,false,false,none,4573,TARGET_FRAME_ERRORS_REACHED
stage07_awgn_dense_formal_k300_latency,stage07_awgn_dense_formal_results.csv,167,51bb864c350251f08da1509de3804af7960ebe770b73d1859c87158470dc5438,K300_S15,300,分块300,STYLE_1,18,9,7.9432823472428158,7.4509804001425683,0.7142857142857143,420,decodeTimeMeanNs,268977000,13793,19.5,19.5,false,false,none,13793,TARGET_FRAME_ERRORS_REACHED
stage07_awgn_dense_formal_k300_latency,stage07_awgn_dense_formal_results.csv,168,f29b4df2537224033e9d4a2795d21e26026ceefec5b229e568b47067c242d58e,K300_S15,300,分块300,STYLE_1,19,9.5,8.9125093813374541,7.9509804001425683,0.7142857142857143,420,decodeTimeMeanNs,685935100,36385,18.852,18.852,false,false,none,36385,TARGET_FRAME_ERRORS_REACHED
stage07_awgn_dense_formal_k300_latency,stage07_awgn_dense_formal_results.csv,169,1f4d7497ac6d7c848f49fd67ff7b258839418f1d2c3e82c88bc03d069e11851d,K300_S15,300,分块300,STYLE_1,20,10,10,8.4509804001425675,0.7142857142857143,420,decodeTimeMeanNs,1231478400,50000,24.629000000000001,24.629000000000001,false,false,none,50000,MAX_FRAMES_REACHED
stage07_awgn_dense_formal_k300_latency,stage07_awgn_dense_formal_results.csv,170,2d6c49d5a6817a2e10e8a2c2c7bdb9cd65c2188d50a257cdb1536f7bd7425cea,K300_S15,300,分块300,STYLE_1,21,10.5,11.220184543019636,8.9509804001425675,0.7142857142857143,420,decodeTimeMeanNs,1227118800,50000,24.542000000000002,24.542000000000002,false,false,none,50000,MAX_FRAMES_REACHED
stage07_awgn_dense_formal_k300_latency,stage07_awgn_dense_formal_results.csv,171,1eb9d8ee3e9e849d7ef31c8c807eadd543777affe70f2c6390ac9f1f38d3abc9,K300_S15,300,分块300,STYLE_1,22,11,12.589254117941675,9.4509804001425675,0.7142857142857143,420,decodeTimeMeanNs,1389779400,50000,27.795000000000002,27.795000000000002,false,false,none,50000,MAX_FRAMES_REACHED
stage07_awgn_dense_formal_k300_latency,stage07_awgn_dense_formal_results.csv,172,4a195f8d2435381f0e80e2cad3b7ae7f60c3f0e0b88ed1b7bf6122f0f3aa9848,K300_S15,300,分块300,STYLE_1,23,11.5,14.12537544622754,9.9509804001425675,0.7142857142857143,420,decodeTimeMeanNs,981435800,50000,19.628,19.628,false,false,none,50000,MAX_FRAMES_REACHED
stage07_awgn_dense_formal_k300_latency,stage07_awgn_dense_formal_results.csv,173,9c6c174d1e0008d383e444a9438487672986a4664b7fb4e7a6d8c50c330a269b,K300_S15,300,分块300,STYLE_1,24,12,15.848931924611133,10.450980400142567,0.7142857142857143,420,decodeTimeMeanNs,999896800,50000,19.997,19.997,false,false,none,50000,MAX_FRAMES_REACHED
stage07_awgn_dense_formal_k300_latency,stage07_awgn_dense_formal_results.csv,174,9e6aed64af8d7ce1c468d17569651aee5c87cfe930af2bc5198ac73f75130574,K300_S15,300,分块300,STYLE_1,25,12.5,17.782794100389228,10.950980400142567,0.7142857142857143,420,decodeTimeMeanNs,1192191300,50000,23.843,23.843,false,false,none,50000,MAX_FRAMES_REACHED
stage07_awgn_dense_formal_k300_latency,stage07_awgn_dense_formal_results.csv,175,0a69613e3468248a289bc7340a12a4b7b126f14541c1a72955b597cac0227f2f,K300_S15,300,分块300,STYLE_1,26,13,19.952623149688797,11.450980400142567,0.7142857142857143,420,decodeTimeMeanNs,698292800,50000,13.965,13.965,false,false,none,50000,MAX_FRAMES_REACHED
stage07_awgn_dense_formal_k300_latency,stage07_awgn_dense_formal_results.csv,176,7629abd95ed8358212c86dd632fc5a06494ef08fc40eadc28ed5bf7501324e4f,K300_S15,300,分块300,STYLE_1,27,13.5,22.387211385683401,11.950980400142567,0.7142857142857143,420,decodeTimeMeanNs,721159300,50000,14.423,14.423,false,false,none,50000,MAX_FRAMES_REACHED
stage07_awgn_dense_formal_k300_latency,stage07_awgn_dense_formal_results.csv,177,e17e350b1987aa8d11c4efc6d31f1f345f7a1b9cef5db84189dc0a4ffefe526c,K300_S15,300,分块300,STYLE_1,28,14,25.118864315095795,12.450980400142567,0.7142857142857143,420,decodeTimeMeanNs,848824600,50000,16.975999999999999,16.975999999999999,false,false,none,50000,MAX_FRAMES_REACHED
stage07_awgn_dense_formal_k300_latency,stage07_awgn_dense_formal_results.csv,178,5ee5cb0e98cab1fb3d27953c530a6bdc4fc821cc7b2d06a29cc216d82546b326,K300_S15,300,分块300,STYLE_1,29,14.5,28.183829312644534,12.950980400142567,0.7142857142857143,420,decodeTimeMeanNs,702917100,50000,14.058,14.058,false,false,none,50000,MAX_FRAMES_REACHED
stage07_awgn_dense_formal_k300_latency,stage07_awgn_dense_formal_results.csv,179,cc14f839acccbc7f14c5a6270bca03f46ef0fc445c4ef5d6a2f9103c7963c405,K300_S15,300,分块300,STYLE_1,30,15,31.622776601683793,13.450980400142567,0.7142857142857143,420,decodeTimeMeanNs,748893300,50000,14.977,14.977,false,false,none,50000,MAX_FRAMES_REACHED
stage07_awgn_dense_formal_k300_latency,stage07_awgn_dense_formal_results.csv,180,eec6c9aa95cb6294af34c4cf1885ed44a1ed6791f1ee175592b25877f186d224,K300_S15,300,分块300,STYLE_1,31,15.5,35.481338923357548,13.950980400142567,0.7142857142857143,420,decodeTimeMeanNs,788584900,50000,15.771000000000001,15.771000000000001,false,false,none,50000,MAX_FRAMES_REACHED
stage07_awgn_dense_formal_k300_latency,stage07_awgn_dense_formal_results.csv,181,b33cedc650592316b2f4eb75334ddb2a6b1ab4d81a182e99b17001cd8bf8299e,K300_S15,300,分块300,STYLE_1,32,16,39.810717055349734,14.450980400142567,0.7142857142857143,420,decodeTimeMeanNs,1051331800,50000,21.026,21.026,false,false,none,50000,MAX_FRAMES_REACHED
stage07_awgn_dense_formal_k300_latency,stage07_awgn_dense_formal_results.csv,182,08f0512a841372f7bd1922f1d58780b5b23c21444e4c54d8724ee9680cc43297,K300_S15,300,分块300,STYLE_1,33,16.5,44.668359215096302,14.950980400142567,0.7142857142857143,420,decodeTimeMeanNs,819600900,50000,16.391999999999999,16.391999999999999,false,false,none,50000,MAX_FRAMES_REACHED
stage07_awgn_dense_formal_k300_latency,stage07_awgn_dense_formal_results.csv,183,c5e0ed12f6c2e0a8ac3dd59fac3b14a9647e8a5aa80b6409d950d806a9c16b75,K300_S15,300,分块300,STYLE_1,34,17,50.118723362727224,15.450980400142567,0.7142857142857143,420,decodeTimeMeanNs,718769600,50000,14.375,14.375,false,false,none,50000,MAX_FRAMES_REACHED
stage07_awgn_dense_formal_k300_latency,stage07_awgn_dense_formal_results.csv,184,dbd55f7ba173025f4f981e8e5fc86cfbdb2760d5aeed6f20f96f62006f909c57,K300_S15,300,分块300,STYLE_1,35,17.5,56.234132519034908,15.950980400142567,0.7142857142857143,420,decodeTimeMeanNs,748074400,50000,14.961,14.961,false,false,none,50000,MAX_FRAMES_REACHED
stage07_awgn_dense_formal_k300_latency,stage07_awgn_dense_formal_results.csv,185,e4df5ebb3b4ec7fb5c59e263fbfdbccd19fb8e4af4ec34be07c225d670010ea4,K300_S15,300,分块300,STYLE_1,36,18,63.095734448019329,16.450980400142569,0.7142857142857143,420,decodeTimeMeanNs,850689800,50000,17.013000000000002,17.013000000000002,false,false,none,50000,MAX_FRAMES_REACHED
