phase,caseId,snrDb,esN0Db,ebN0Db,actualRate,sigmaSquared,N_transmitted,frameStart,frameEndExclusive,framesProcessed,frameSequenceDigest,payloadBitErrors,payloadErrorFrames,BER,FER,payloadSuccessRate,avgEncodeTime_us,maxEncodeTime_us,avgDecodeTime_us,p95DecodeTime_us,maxDecodeTime_us,rawDecodeThroughput_Mbps,successfulDecodeThroughput_Mbps,normalizedGoodput,stopReason,berCiLow,berCiHigh,ferCiLow,ferCiHigh,berZeroErrorUpper95,ferZeroErrorUpper95,gridLayer,sourceRun,sourceCommit,runDate,minFrames,targetFrameErrors,maxFrames,checkpointIntervalFrames,payloadSeed,noiseSeed,frameIndex,sourceNoiseId,rowId,mergedRowId,sourceLayer
formal,CC-B-R12-H,-5,-5,-1.9036983257410123,0.49019607843137253,1.5811388300841895,612,0,1000,1000,11397846946697916867,139157,1000,0.46385666666666664,1,0,4.7914999999999974,102.7,276.60210000000018,429.60000000000002,1932.0999999999999,1.0845904640637212,0,0,TARGET_ERRORS_REACHED,0.46207262740886895,0.46564163153345633,0.996173241514445,1.0,,,coarse_20260729,runtime/revision_20260729_coarse/unit_000.csv,6cda1f14f29a8cbe42ad3dcdc8a443ab35368b58,2026-07-29,1000,200,50000,1000,2026072001,2026072001,0-999,STAGE09-1200,coarse-000,merged-000,
formal,CC-B-R12-H,-4.5,-4.5,-1.4036983257410123,0.49019607843137253,1.4091914656322269,612,0,1000,1000,11397846946697916867,134026,1000,0.44675333333333334,1,0,5.2919999999999972,342,291.2747999999998,514.60000000000002,1657,1.0299552175471418,0,0,TARGET_ERRORS_REACHED,0.44497500665857864,0.4485330236231427,0.996173241514445,1.0,,,coarse_20260729,runtime/revision_20260729_coarse/unit_001.csv,6cda1f14f29a8cbe42ad3dcdc8a443ab35368b58,2026-07-29,1000,200,50000,1000,2026072001,2026072001,0-999,STAGE09-1200,coarse-002,merged-001,
formal,CC-B-R12-H,-4,-4,-0.90369832574101228,0.49019607843137253,1.2559432157547903,612,0,1000,1000,11397846946697916867,127207,1000,0.42402333333333331,1,0,4.8127999999999993,72.799999999999997,285.57069999999982,447.89999999999998,1904.3,1.0505279428176637,0,0,TARGET_ERRORS_REACHED,0.42225589981679534,0.42579271256653217,0.996173241514445,1.0,,,coarse_20260729,runtime/revision_20260729_coarse/unit_002.csv,6cda1f14f29a8cbe42ad3dcdc8a443ab35368b58,2026-07-29,1000,200,50000,1000,2026072001,2026072001,0-999,STAGE09-1200,coarse-004,merged-002,
formal,CC-B-R12-H,-3.5,-3.5,-0.40369832574101228,0.49019607843137253,1.1193605692841697,612,0,1000,1000,11397846946697916867,118398,1000,0.39466000000000001,1,0,4.6279000000000021,64.5,288.21409999999997,486.5,1871,1.0408928640201851,0,0,TARGET_ERRORS_REACHED,0.3929123236976336,0.39641037399630397,0.996173241514445,1.0,,,coarse_20260729,runtime/revision_20260729_coarse/unit_003.csv,6cda1f14f29a8cbe42ad3dcdc8a443ab35368b58,2026-07-29,1000,200,50000,1000,2026072001,2026072001,0-999,STAGE09-1200,coarse-006,merged-003,
formal,CC-B-R12-H,-3,-3,0.096301674258987724,0.49019607843137253,0.99763115748443987,612,0,1000,1000,11397846946697916867,106422,1000,0.35474,1,0,5.1878999999999982,317.60000000000002,285.82659999999981,459.19999999999999,1868.4000000000001,1.0495874071902342,0,0,TARGET_ERRORS_REACHED,0.35302984569361884,0.3564538743274688,0.996173241514445,1.0,,,coarse_20260729,runtime/revision_20260729_coarse/unit_004.csv,6cda1f14f29a8cbe42ad3dcdc8a443ab35368b58,2026-07-29,1000,200,50000,1000,2026072001,2026072001,0-999,STAGE09-1200,coarse-008,merged-004,
formal,CC-B-R12-H,-2.5,-2.5,0.59630167425898772,0.49019607843137253,0.88913970501946138,612,0,1000,1000,11397846946697916867,90754,1000,0.30251333333333336,1,0,4.7675999999999998,105.09999999999999,282.03270000000037,455.5,1561.5999999999999,1.0637064425508092,0,0,TARGET_ERRORS_REACHED,0.3008721512759601,0.3041595729052634,0.996173241514445,1.0,,,coarse_20260729,runtime/revision_20260729_coarse/unit_005.csv,6cda1f14f29a8cbe42ad3dcdc8a443ab35368b58,2026-07-29,1000,200,50000,1000,2026072001,2026072001,0-999,STAGE09-1200,coarse-010,merged-005,
formal,CC-B-R12-H,-2,-2,1.0963016742589877,0.49019607843137253,0.79244659623055669,612,0,1000,1000,11397846946697916867,71699,998,0.23899666666666666,0.998,0.0020000000000000018,4.6238999999999937,104.5,294.90860000000015,498.80000000000001,2028.4000000000001,1.01726433206763,0.0020345286641352618,0.00098039215686274595,TARGET_ERRORS_REACHED,0.23747393708037148,0.2405260803910861,0.9927371921365079,0.9994513564118793,,,coarse_20260729,runtime/revision_20260729_coarse/unit_006.csv,6cda1f14f29a8cbe42ad3dcdc8a443ab35368b58,2026-07-29,1000,200,50000,1000,2026072001,2026072001,0-999,STAGE09-1200,coarse-012,merged-006,
formal,CC-B-R12-H,-1.5,-1.5,1.5963016742589877,0.49019607843137253,0.70626877231137719,612,0,1000,1000,11397846946697916867,51065,988,0.17021666666666666,0.98799999999999999,0.012000000000000011,4.7273999999999958,113.09999999999999,289.5902999999999,455.89999999999998,1871.2,1.035946300687558,0.012431355608250707,0.0058823529411764757,TARGET_ERRORS_REACHED,0.16887605067950492,0.1715657282063159,0.9791427315245017,0.9931223521935965,,,coarse_20260729,runtime/revision_20260729_coarse/unit_007.csv,6cda1f14f29a8cbe42ad3dcdc8a443ab35368b58,2026-07-29,1000,200,50000,1000,2026072001,2026072001,0-999,STAGE09-1200,coarse-014,merged-007,
formal,CC-B-R12-H,-1,-1,2.0963016742589877,0.49019607843137253,0.62946270589708364,612,0,1000,1000,11397846946697916867,33001,954,0.11000333333333333,0.95399999999999996,0.046000000000000041,6.0334000000000003,904.89999999999998,309.70490000000029,549.70000000000005,1671.7,0.96866404115659688,0.044558545893203495,0.022549019607843158,TARGET_ERRORS_REACHED,0.1088886672462852,0.1111279870000599,0.9391877960583809,0.9653375072367351,,,coarse_20260729,runtime/revision_20260729_coarse/unit_008.csv,6cda1f14f29a8cbe42ad3dcdc8a443ab35368b58,2026-07-29,1000,200,50000,1000,2026072001,2026072001,0-999,STAGE09-1200,coarse-016,merged-008,
formal,CC-B-R12-H,-0.5,-0.5,2.5963016742589877,0.49019607843137253,0.56100922715098167,612,0,1000,1000,11397846946697916867,19126,845,0.063753333333333329,0.84499999999999997,0.15500000000000003,5.3262000000000018,356.19999999999999,297.11540000000008,505,1866.0999999999999,1.009708685581427,0.15650484626512121,0.075980392156862753,TARGET_ERRORS_REACHED,0.06288466028600427,0.06463317839497736,0.821253161260159,0.866106375384808,,,coarse_20260729,runtime/revision_20260729_coarse/unit_009.csv,6cda1f14f29a8cbe42ad3dcdc8a443ab35368b58,2026-07-29,1000,200,50000,1000,2026072001,2026072001,0-999,STAGE09-1200,coarse-018,merged-009,
formal,CC-B-R12-H,0,0,3.0963016742589877,0.49019607843137253,0.5,612,0,5000,5000,8320246021676229635,43554,3109,0.029035999999999999,0.62180000000000002,0.37819999999999998,7.3099800000000021,3916.4000000000001,421.15680000000077,795.29999999999995,13992,0.71232377109902878,0.26940085022965266,0.18539215686274507,TARGET_ERRORS_REACHED,0.02876850081922115,0.029305911426350528,0.6082697834778782,0.635143204328306,,,dense_verified_legacy,archive/v01_20260729_before_two_level_grid_revision/stage09_two_level_dense_point_results.csv,6847b812e35d4905dc7fc8252a9a66ca2aee6fbe,2026-07-29,5000,200,50000,1000,2026072001,2026072001,0-4999,STAGE09-1200,dense-000,merged-010,dense_verified_legacy
formal,CC-B-R12-H,0.20000000000000001,0.20000000000000001,3.2963016742589879,0.49019607843137253,0.47749629301071794,612,0,5000,5000,8320246021676229635,31978,2646,0.021318666666666666,0.5292,0.4708,6.971600000000012,1023.3,421.48906000000045,831.89999999999998,10443.5,0.71176224597620563,0.3350976654055976,0.23078431372549019,TARGET_ERRORS_REACHED,0.021088734682938724,0.021551050423622667,0.5153474921636946,0.543007674042714,,,dense_verified_legacy,archive/v01_20260729_before_two_level_grid_revision/stage09_two_level_dense_point_results.csv,6847b812e35d4905dc7fc8252a9a66ca2aee6fbe,2026-07-29,5000,200,50000,1000,2026072001,2026072001,0-4999,STAGE09-1200,dense-001,merged-011,dense_verified_legacy
formal,CC-B-R12-H,0.40000000000000002,0.40000000000000002,3.4963016742589876,0.49019607843137253,0.45600541967795483,612,0,5000,5000,8320246021676229635,22610,2124,0.015073333333333333,0.42480000000000001,0.57519999999999993,6.9531800000000308,1619.4000000000001,426.19246000000078,830.79999999999995,11810.200000000001,0.70390733801343985,0.40488750082533054,0.28196078431372545,TARGET_ERRORS_REACHED,0.014879582980794061,0.015269567447273166,0.4111614749844162,0.4385539873881205,,,dense_verified_legacy,archive/v01_20260729_before_two_level_grid_revision/stage09_two_level_dense_point_results.csv,6847b812e35d4905dc7fc8252a9a66ca2aee6fbe,2026-07-29,5000,200,50000,1000,2026072001,2026072001,0-4999,STAGE09-1200,dense-002,merged-012,dense_verified_legacy
formal,CC-B-R12-H,0.5,0.5,3.5963016742589877,0.49019607843137253,0.44562546906687278,612,0,1000,1000,11397846946697916867,4012,379,0.013373333333333333,0.379,0.621,4.9543999999999961,134.59999999999999,303.63789999999989,509.5,2252.1999999999998,0.98801895283823304,0.61355976971254267,0.30441176470588233,TARGET_ERRORS_REACHED,0.012968480189623018,0.013790648692807028,0.34944843375830026,0.4094776417952041,,,coarse_20260729,runtime/revision_20260729_coarse/unit_011.csv,6cda1f14f29a8cbe42ad3dcdc8a443ab35368b58,2026-07-29,1000,200,50000,1000,2026072001,2026072001,0-999,STAGE09-1200,coarse-022,merged-013,
formal,CC-B-R12-H,0.59999999999999998,0.59999999999999998,3.6963016742589878,0.49019607843137253,0.43548179497804029,612,0,5000,5000,8320246021676229635,15524,1656,0.010349333333333334,0.33119999999999999,0.66880000000000006,6.5362599999999986,756.79999999999995,410.29437999999953,789,8500.1000000000004,0.7311823281615516,0.48901474107444576,0.327843137254902,TARGET_ERRORS_REACHED,0.01018862570734414,0.01051254891672975,0.3182885831413307,0.3443705930353207,,,dense_verified_legacy,archive/v01_20260729_before_two_level_grid_revision/stage09_two_level_dense_point_results.csv,6847b812e35d4905dc7fc8252a9a66ca2aee6fbe,2026-07-29,5000,200,50000,1000,2026072001,2026072001,0-4999,STAGE09-1200,dense-003,merged-014,dense_verified_legacy
formal,CC-B-R12-H,0.80000000000000004,0.80000000000000004,3.8963016742589875,0.49019607843137253,0.41588188555133548,612,0,5000,5000,8320246021676229635,10502,1264,0.0070013333333333334,0.25280000000000002,0.74719999999999998,6.5772999999999984,576.5,405.61886000000021,787.89999999999998,4358.3000000000002,0.73961057925166462,0.55263702481684374,0.36627450980392157,TARGET_ERRORS_REACHED,0.006869155879263316,0.007136035893038835,0.24094615131947145,0.2650334005221649,,,dense_verified_legacy,archive/v01_20260729_before_two_level_grid_revision/stage09_two_level_dense_point_results.csv,6847b812e35d4905dc7fc8252a9a66ca2aee6fbe,2026-07-29,5000,200,50000,1000,2026072001,2026072001,0-4999,STAGE09-1200,dense-004,merged-015,dense_verified_legacy
formal,CC-B-R12-H,1,1,4.0963016742589877,0.49019607843137253,0.39716411736214075,612,0,5000,5000,8320246021676229635,6847,934,0.0045646666666666665,0.18679999999999999,0.81320000000000003,6.3184400000000078,634.5,410.75388000000038,800.5,5208.5,0.73036437294274548,0.59393230807704067,0.39862745098039215,TARGET_ERRORS_REACHED,0.004458054946332976,0.0046738159730767585,0.1762387702652971,0.19784211823308673,,,dense_verified_legacy,archive/v01_20260729_before_two_level_grid_revision/stage09_two_level_dense_point_results.csv,6847b812e35d4905dc7fc8252a9a66ca2aee6fbe,2026-07-29,5000,200,50000,1000,2026072001,2026072001,0-4999,STAGE09-1200,dense-005,merged-016,dense_verified_legacy
formal,CC-B-R12-H,1.2,1.2,4.2963016742589879,0.49019607843137253,0.37928878751459189,612,0,5000,5000,8320246021676229635,4533,684,0.0030219999999999999,0.1368,0.86319999999999997,6.5416199999999982,628.39999999999998,397.70554000000067,728.89999999999998,6068.1999999999998,0.75432693243347704,0.65113500807657732,0.42313725490196075,TARGET_ERRORS_REACHED,0.0029354236053802532,0.0031111218821298775,0.12755347300455458,0.14660418568833497,,,dense_verified_legacy,archive/v01_20260729_before_two_level_grid_revision/stage09_two_level_dense_point_results.csv,6847b812e35d4905dc7fc8252a9a66ca2aee6fbe,2026-07-29,5000,200,50000,1000,2026072001,2026072001,0-4999,STAGE09-1200,dense-006,merged-017,dense_verified_legacy
formal,CC-B-R12-H,1.3999999999999999,1.3999999999999999,4.4963016742589872,0.49019607843137253,0.36221798003749506,612,0,5000,5000,8320246021676229635,2972,479,0.0019813333333333332,0.095799999999999996,0.9042,6.758159999999986,658.29999999999995,423.27346000000108,834.5,7585.3999999999996,0.7087616596608709,0.64086229266535943,0.44323529411764706,TARGET_ERRORS_REACHED,0.0019114350082183296,0.0020537824761823454,0.08794964072133023,0.10427096953105396,,,dense_verified_legacy,archive/v01_20260729_before_two_level_grid_revision/stage09_two_level_dense_point_results.csv,6847b812e35d4905dc7fc8252a9a66ca2aee6fbe,2026-07-29,5000,200,50000,1000,2026072001,2026072001,0-4999,STAGE09-1200,dense-007,merged-018,dense_verified_legacy
formal,CC-B-R12-H,1.5,1.5,4.5963016742589877,0.49019607843137253,0.35397289219206896,612,0,2572,2572,16994727865935114711,1179,200,0.0015279937791601867,0.077760497667185069,0.92223950233281493,4.8813374805598961,240.40000000000001,303.14012441679603,430.5,2167.1999999999998,0.9896413435112319,0.91268634012777683,0.45207818741804651,TARGET_ERRORS_REACHED,0.0014432876574237874,0.0016176632242557486,0.06802939571471846,0.08875100605953755,,,coarse_20260729,runtime/revision_20260729_coarse/unit_013.csv,6cda1f14f29a8cbe42ad3dcdc8a443ab35368b58,2026-07-29,1000,200,50000,1000,2026072001,2026072001,0-2571,STAGE09-1200,coarse-026,merged-019,
formal,CC-B-R12-H,1.6000000000000001,1.6000000000000001,4.6963016742589883,0.49019607843137253,0.34591548545946826,612,0,5000,5000,8320246021676229635,1858,332,0.0012386666666666666,0.066400000000000001,0.93359999999999999,6.8434200000000205,816.10000000000002,407.00581999999946,790.89999999999998,4365.5,0.73709019689202582,0.68814740781839534,0.45764705882352941,TARGET_ERRORS_REACHED,0.001183642241715731,0.0012962457132397593,0.05982625206670292,0.07363949906005063,,,dense_verified_legacy,archive/v01_20260729_before_two_level_grid_revision/stage09_two_level_dense_point_results.csv,6847b812e35d4905dc7fc8252a9a66ca2aee6fbe,2026-07-29,5000,200,50000,1000,2026072001,2026072001,0-4999,STAGE09-1200,dense-008,merged-020,dense_verified_legacy
formal,CC-B-R12-H,1.8,1.8,4.8963016742589875,0.49019607843137253,0.330346724003798,612,0,5000,5000,8320246021676229635,1189,225,0.00079266666666666667,0.044999999999999998,0.95499999999999996,6.708379999999984,823.60000000000002,404.95504000000062,760.60000000000002,4010.3000000000002,0.74082298123761969,0.7074859470819268,0.46813725490196073,TARGET_ERRORS_REACHED,0.0007488894018472702,0.0008390008374898817,0.03959482746331551,0.05110378130668648,,,dense_verified_legacy,archive/v01_20260729_before_two_level_grid_revision/stage09_two_level_dense_point_results.csv,6847b812e35d4905dc7fc8252a9a66ca2aee6fbe,2026-07-29,5000,200,50000,1000,2026072001,2026072001,0-4999,STAGE09-1200,dense-009,merged-021,dense_verified_legacy
formal,CC-B-R12-H,2,2,5.0963016742589877,0.49019607843137253,0.31547867224009662,612,0,6726,6726,11847767299192062772,1038,200,0.00051442164733868573,0.029735355337496282,0.97026464466250373,6.495985727029459,963.60000000000002,381.66752899197172,676,3696.0999999999999,0.78602442495523484,0.76265170937523974,0.47561992385416846,TARGET_ERRORS_REACHED,0.00048407164601031835,0.0005466734720666806,0.02593677577942439,0.034070798142155245,,,dense_verified_legacy,archive/v01_20260729_before_two_level_grid_revision/stage09_two_level_dense_point_results.csv,6847b812e35d4905dc7fc8252a9a66ca2aee6fbe,2026-07-29,5000,200,50000,1000,2026072001,2026072001,0-6725,STAGE09-1200,dense-010,merged-022,dense_verified_legacy
formal,CC-B-R12-H,2.5,2.5,5.5963016742589877,0.49019607843137253,0.28117066259517454,612,0,20407,20407,285154959306620326,923,200,0.00015076526028650299,0.0098005586318420154,0.99019944136815796,5.9092909295829985,1024.9000000000001,357.97323957465591,573.29999999999995,17647.700000000001,0.83805147098833488,0.82983809841041223,0.48539188302360681,TARGET_ERRORS_REACHED,0.00014134826345036928,0.000160809541566525,0.00853820836971295,0.011247426614295567,,,coarse_20260729,runtime/revision_20260729_coarse/unit_015.csv,6cda1f14f29a8cbe42ad3dcdc8a443ab35368b58,2026-07-29,1000,200,50000,1000,2026072001,2026072001,0-20406,STAGE09-1200,coarse-030,merged-023,
formal,CC-B-R12-H,3,3,6.0963016742589877,0.49019607843137253,0.25059361681363618,612,0,50000,50000,2314585527903299907,580,137,3.8666666666666667e-05,0.0027399999999999998,0.99726000000000004,5.6442499999998441,3304.8000000000002,343.41724399999737,505,23261.299999999999,0.87357290654863651,0.87117931678469329,0.4888529411764706,MAX_FRAMES_REACHED,3.564535055834541e-05,4.194406015926579e-05,0.0023184421392784833,0.003237960143324202,,,coarse_20260729,runtime/revision_20260729_coarse/unit_016.csv,6cda1f14f29a8cbe42ad3dcdc8a443ab35368b58,2026-07-29,1000,200,50000,1000,2026072001,2026072001,0-49999,STAGE09-1200,coarse-032,merged-024,
formal,CC-B-R12-H,3.5,3.5,6.5963016742589877,0.49019607843137253,0.22334179607548157,612,0,50000,50000,2314585527903299907,142,38,9.4666666666666669e-06,0.00076000000000000004,0.99924000000000002,5.6393199999997989,1058.4000000000001,339.17960800000111,501.30000000000001,35807.400000000001,0.88448713579502403,0.88381492557181984,0.48982352941176471,MAX_FRAMES_REACHED,8.032419780284335e-06,1.1157005893402704e-05,0.0005537877445791427,0.0010429187581891574,,,coarse_20260729,runtime/revision_20260729_coarse/unit_017.csv,6cda1f14f29a8cbe42ad3dcdc8a443ab35368b58,2026-07-29,1000,200,50000,1000,2026072001,2026072001,0-49999,STAGE09-1200,coarse-034,merged-025,
formal,CC-B-R12-H,4,4,7.0963016742589877,0.49019607843137253,0.19905358527674863,612,0,50000,50000,2314585527903299907,39,8,2.6000000000000001e-06,0.00016000000000000001,0.99983999999999995,5.6536179999998453,3120.1999999999998,335.31345600000037,490.5,20457.5,0.89468524042769004,0.89454209078922153,0.49011764705882349,MAX_FRAMES_REACHED,1.9020653425985923e-06,3.5540305148231785e-06,8.107813281404951e-05,0.0003157205578832246,,,coarse_20260729,runtime/revision_20260729_coarse/unit_018.csv,6cda1f14f29a8cbe42ad3dcdc8a443ab35368b58,2026-07-29,1000,200,50000,1000,2026072001,2026072001,0-49999,STAGE09-1200,coarse-036,merged-026,
formal,CC-B-R12-H,4.5,4.5,7.5963016742589877,0.49019607843137253,0.17740669461678774,612,0,50000,50000,2314585527903299907,4,1,2.6666666666666667e-07,2.0000000000000002e-05,0.99997999999999998,5.612109999999948,5379.8000000000002,326.21016799999865,470.19999999999999,18240,0.91965251064767928,0.91963411759746627,0.4901862745098039,MAX_FRAMES_REACHED,1.0370146364631062e-07,6.857289222290097e-07,3.530499822832098e-06,0.00011328970139120264,,,coarse_20260729,runtime/revision_20260729_coarse/unit_019.csv,6cda1f14f29a8cbe42ad3dcdc8a443ab35368b58,2026-07-29,1000,200,50000,1000,2026072001,2026072001,0-49999,STAGE09-1200,coarse-038,merged-027,
formal,CC-B-R12-H,5,5,8.0963016742589886,0.49019607843137253,0.15811388300841897,612,0,50000,50000,2314585527903299907,0,0,0,0,1,5.4877159999999199,1116.5,322.76229399999977,454.39999999999998,13983.799999999999,0.92947660112987118,0.92947660112987118,0.49019607843137253,MAX_FRAMES_REACHED,0.0,2.5609718912715457e-07,0.0,7.682327414500052e-05,2.5609718912715457e-07,7.682327414500052e-05,coarse_20260729,runtime/revision_20260729_coarse/unit_020.csv,6cda1f14f29a8cbe42ad3dcdc8a443ab35368b58,2026-07-29,1000,200,50000,1000,2026072001,2026072001,0-49999,STAGE09-1200,coarse-040,merged-028,
formal,CC-B-R12-H,5.5,5.5,8.5963016742589886,0.49019607843137253,0.14091914656322269,612,0,50000,50000,2314585527903299907,0,0,0,0,1,5.5351179999999349,1770,317.49322400000057,447.5,16267.1,0.94490205561048279,0.94490205561048279,0.49019607843137253,MAX_FRAMES_REACHED,0.0,2.5609718912715457e-07,0.0,7.682327414500052e-05,2.5609718912715457e-07,7.682327414500052e-05,coarse_20260729,runtime/revision_20260729_coarse/unit_021.csv,6cda1f14f29a8cbe42ad3dcdc8a443ab35368b58,2026-07-29,1000,200,50000,1000,2026072001,2026072001,0-49999,STAGE09-1200,coarse-042,merged-029,
formal,CC-B-R12-H,6,6,9.0963016742589886,0.49019607843137253,0.12559432157547901,612,0,50000,50000,2314585527903299907,0,0,0,0,1,5.5982539999998968,3748.0999999999999,315.72690600000027,445.19999999999999,4182,0.95018826175048809,0.95018826175048809,0.49019607843137253,MAX_FRAMES_REACHED,0.0,2.5609718912715457e-07,0.0,7.682327414500052e-05,2.5609718912715457e-07,7.682327414500052e-05,coarse_20260729,runtime/revision_20260729_coarse/unit_022.csv,6cda1f14f29a8cbe42ad3dcdc8a443ab35368b58,2026-07-29,1000,200,50000,1000,2026072001,2026072001,0-49999,STAGE09-1200,coarse-044,merged-030,
formal,CC-B-R12-H,6.5,6.5,9.5963016742589886,0.49019607843137253,0.11193605692841696,612,0,50000,50000,2314585527903299907,0,0,0,0,1,5.5252539999998662,737.79999999999995,312.93533200000257,441.69999999999999,5614.6999999999998,0.95866452050226636,0.95866452050226636,0.49019607843137253,MAX_FRAMES_REACHED,0.0,2.5609718912715457e-07,0.0,7.682327414500052e-05,2.5609718912715457e-07,7.682327414500052e-05,coarse_20260729,runtime/revision_20260729_coarse/unit_023.csv,6cda1f14f29a8cbe42ad3dcdc8a443ab35368b58,2026-07-29,1000,200,50000,1000,2026072001,2026072001,0-49999,STAGE09-1200,coarse-046,merged-031,
formal,CC-B-R12-H,7,7,10.096301674258989,0.49019607843137253,0.099763115748444001,612,0,50000,50000,2314585527903299907,0,0,0,0,1,5.5122699999998837,994.89999999999998,310.33531200000016,438.80000000000001,11300.299999999999,0.96669630686436303,0.96669630686436303,0.49019607843137253,MAX_FRAMES_REACHED,0.0,2.5609718912715457e-07,0.0,7.682327414500052e-05,2.5609718912715457e-07,7.682327414500052e-05,coarse_20260729,runtime/revision_20260729_coarse/unit_024.csv,6cda1f14f29a8cbe42ad3dcdc8a443ab35368b58,2026-07-29,1000,200,50000,1000,2026072001,2026072001,0-49999,STAGE09-1200,coarse-048,merged-032,
formal,CC-B-R12-H,7.5,7.5,10.596301674258989,0.49019607843137253,0.088913970501946132,612,0,50000,50000,2314585527903299907,0,0,0,0,1,5.5086819999998156,1122.5,311.63464000000056,437.10000000000002,14395.700000000001,0.96266576783633384,0.96266576783633384,0.49019607843137253,MAX_FRAMES_REACHED,0.0,2.5609718912715457e-07,0.0,7.682327414500052e-05,2.5609718912715457e-07,7.682327414500052e-05,coarse_20260729,runtime/revision_20260729_coarse/unit_025.csv,6cda1f14f29a8cbe42ad3dcdc8a443ab35368b58,2026-07-29,1000,200,50000,1000,2026072001,2026072001,0-49999,STAGE09-1200,coarse-050,merged-033,
formal,CC-B-R12-H,8,8,11.096301674258989,0.49019607843137253,0.079244659623055658,612,0,50000,50000,2314585527903299907,0,0,0,0,1,5.6803059999998622,7366.5,309.71337799999998,435.30000000000001,19089.299999999999,0.96863752524116031,0.96863752524116031,0.49019607843137253,MAX_FRAMES_REACHED,0.0,2.5609718912715457e-07,0.0,7.682327414500052e-05,2.5609718912715457e-07,7.682327414500052e-05,coarse_20260729,runtime/revision_20260729_coarse/unit_026.csv,6cda1f14f29a8cbe42ad3dcdc8a443ab35368b58,2026-07-29,1000,200,50000,1000,2026072001,2026072001,0-49999,STAGE09-1200,coarse-052,merged-034,
formal,CC-B-R12-H,8.5,8.5,11.596301674258989,0.49019607843137253,0.070626877231137725,612,0,50000,50000,2314585527903299907,0,0,0,0,1,5.4376539999998394,1011.4,303.84853600000025,420.80000000000001,7004.8000000000002,0.98733403145309129,0.98733403145309129,0.49019607843137253,MAX_FRAMES_REACHED,0.0,2.5609718912715457e-07,0.0,7.682327414500052e-05,2.5609718912715457e-07,7.682327414500052e-05,coarse_20260729,runtime/revision_20260729_coarse/unit_027.csv,6cda1f14f29a8cbe42ad3dcdc8a443ab35368b58,2026-07-29,1000,200,50000,1000,2026072001,2026072001,0-49999,STAGE09-1200,coarse-054,merged-035,
formal,CC-B-R12-H,9,9,12.096301674258989,0.49019607843137253,0.06294627058970835,612,0,50000,50000,2314585527903299907,0,0,0,0,1,5.3084739999999924,678.60000000000002,297.48734200000314,400.10000000000002,19754.400000000001,1.0084462686146722,1.0084462686146722,0.49019607843137253,MAX_FRAMES_REACHED,0.0,2.5609718912715457e-07,0.0,7.682327414500052e-05,2.5609718912715457e-07,7.682327414500052e-05,coarse_20260729,runtime/revision_20260729_coarse/unit_028.csv,6cda1f14f29a8cbe42ad3dcdc8a443ab35368b58,2026-07-29,1000,200,50000,1000,2026072001,2026072001,0-49999,STAGE09-1200,coarse-056,merged-036,
formal,CC-B-R12-H,9.5,9.5,12.596301674258989,0.49019607843137253,0.05610092271509818,612,0,50000,50000,2314585527903299907,0,0,0,0,1,5.2949720000000307,811.79999999999995,296.22091199999977,398.39999999999998,17224.799999999999,1.0127576678313657,1.0127576678313657,0.49019607843137253,MAX_FRAMES_REACHED,0.0,2.5609718912715457e-07,0.0,7.682327414500052e-05,2.5609718912715457e-07,7.682327414500052e-05,coarse_20260729,runtime/revision_20260729_coarse/unit_029.csv,6cda1f14f29a8cbe42ad3dcdc8a443ab35368b58,2026-07-29,1000,200,50000,1000,2026072001,2026072001,0-49999,STAGE09-1200,coarse-058,merged-037,
formal,CC-B-R12-H,10,10,13.096301674258989,0.49019607843137253,0.050000000000000003,612,0,50000,50000,2314585527903299907,0,0,0,0,1,5.2619660000000232,477.60000000000002,296.35145000000404,395.30000000000001,15150.9,1.0123115645291965,1.0123115645291965,0.49019607843137253,MAX_FRAMES_REACHED,0.0,2.5609718912715457e-07,0.0,7.682327414500052e-05,2.5609718912715457e-07,7.682327414500052e-05,coarse_20260729,runtime/revision_20260729_coarse/unit_030.csv,6cda1f14f29a8cbe42ad3dcdc8a443ab35368b58,2026-07-29,1000,200,50000,1000,2026072001,2026072001,0-49999,STAGE09-1200,coarse-060,merged-038,
formal,CC-B-R12-S,-5,-5,-1.9036983257410123,0.49019607843137253,1.5811388300841895,612,0,1000,1000,11397846946697916867,118759,1000,0.39586333333333334,1,0,4.7914999999999974,102.7,329.81250000000011,544.79999999999995,1738,0.90960773166571884,0,0,TARGET_ERRORS_REACHED,0.3941147191683744,0.39761461437558815,0.996173241514445,1.0,,,coarse_20260729,runtime/revision_20260729_coarse/unit_000.csv,6cda1f14f29a8cbe42ad3dcdc8a443ab35368b58,2026-07-29,1000,200,50000,1000,2026072001,2026072001,0-999,STAGE09-1200,coarse-001,merged-039,
formal,CC-B-R12-S,-4.5,-4.5,-1.4036983257410123,0.49019607843137253,1.4091914656322269,612,0,1000,1000,11397846946697916867,104841,1000,0.34947,1,0,5.2919999999999972,342,345.69240000000042,603.89999999999998,1832.5,0.86782353329144535,0,0,TARGET_ERRORS_REACHED,0.3477657524879174,0.3511781024946953,0.996173241514445,1.0,,,coarse_20260729,runtime/revision_20260729_coarse/unit_001.csv,6cda1f14f29a8cbe42ad3dcdc8a443ab35368b58,2026-07-29,1000,200,50000,1000,2026072001,2026072001,0-999,STAGE09-1200,coarse-003,merged-040,
formal,CC-B-R12-S,-4,-4,-0.90369832574101228,0.49019607843137253,1.2559432157547903,612,0,1000,1000,11397846946697916867,86816,1000,0.28938666666666668,1,0,4.8127999999999993,72.799999999999997,341.45939999999979,534.29999999999995,1359.9000000000001,0.8785817581826717,0,0,TARGET_ERRORS_REACHED,0.28776665236719495,0.29101207464672035,0.996173241514445,1.0,,,coarse_20260729,runtime/revision_20260729_coarse/unit_002.csv,6cda1f14f29a8cbe42ad3dcdc8a443ab35368b58,2026-07-29,1000,200,50000,1000,2026072001,2026072001,0-999,STAGE09-1200,coarse-005,merged-041,
formal,CC-B-R12-S,-3.5,-3.5,-0.40369832574101228,0.49019607843137253,1.1193605692841697,612,0,1000,1000,11397846946697916867,64994,996,0.21664666666666665,0.996,0.0040000000000000036,4.6279000000000021,64.5,338.69850000000019,494.39999999999998,1429,0.88574351525028849,0.0035429740610011572,0.0019607843137254919,TARGET_ERRORS_REACHED,0.215176147719865,0.2181244421216277,0.9897604437227377,0.9984434118595916,,,coarse_20260729,runtime/revision_20260729_coarse/unit_003.csv,6cda1f14f29a8cbe42ad3dcdc8a443ab35368b58,2026-07-29,1000,200,50000,1000,2026072001,2026072001,0-999,STAGE09-1200,coarse-007,merged-042,
formal,CC-B-R12-S,-3,-3,0.096301674258987724,0.49019607843137253,0.99763115748443987,612,0,1000,1000,11397846946697916867,42860,974,0.14286666666666667,0.97399999999999998,0.026000000000000023,5.1878999999999982,317.60000000000002,346.98839999999996,518.20000000000005,1447,0.86458221658130374,0.022479137631113918,0.012745098039215697,TARGET_ERRORS_REACHED,0.1416190294787327,0.14412344982411104,0.9621761711573101,0.9821960617983837,,,coarse_20260729,runtime/revision_20260729_coarse/unit_004.csv,6cda1f14f29a8cbe42ad3dcdc8a443ab35368b58,2026-07-29,1000,200,50000,1000,2026072001,2026072001,0-999,STAGE09-1200,coarse-009,merged-043,
formal,CC-B-R12-S,-2.5,-2.5,0.59630167425898772,0.49019607843137253,0.88913970501946138,612,0,1000,1000,11397846946697916867,24497,896,0.081656666666666669,0.89600000000000002,0.10399999999999998,4.7675999999999998,105.09999999999999,336.80869999999976,549.10000000000002,1347.0999999999999,0.89071333371139227,0.092634186705984778,0.050980392156862731,TARGET_ERRORS_REACHED,0.08068210587930856,0.082641940974759,0.8755402353777084,0.9134289719017319,,,coarse_20260729,runtime/revision_20260729_coarse/unit_005.csv,6cda1f14f29a8cbe42ad3dcdc8a443ab35368b58,2026-07-29,1000,200,50000,1000,2026072001,2026072001,0-999,STAGE09-1200,coarse-011,merged-044,
formal,CC-B-R12-S,-2,-2,1.0963016742589877,0.49019607843137253,0.79244659623055669,612,0,5000,5000,8320246021676229635,53049,3249,0.035366000000000002,0.64980000000000004,0.35019999999999996,8.211759999999952,4618.8999999999996,519.29414000000008,1061.9000000000001,9936.2000000000007,0.5777072701032212,0.20231308599014805,0.17166666666666663,TARGET_ERRORS_REACHED,0.035071606758256955,0.0356627730654853,0.6364671523835911,0.6629028441136698,,,dense_verified_legacy,archive/v01_20260729_before_two_level_grid_revision/stage09_two_level_dense_point_results.csv,6847b812e35d4905dc7fc8252a9a66ca2aee6fbe,2026-07-29,5000,200,50000,1000,2026072001,2026072001,0-4999,STAGE09-1200,dense-011,merged-045,dense_verified_legacy
formal,CC-B-R12-S,-1.8,-1.8,1.2963016742589877,0.49019607843137253,0.7567806242181041,612,0,5000,5000,8320246021676229635,36397,2675,0.024264666666666667,0.53500000000000003,0.46499999999999997,6.801499999999975,547.10000000000002,502.87155999999857,1033.4000000000001,7953.8999999999996,0.59657380504875013,0.27740681934766881,0.2279411764705882,TARGET_ERRORS_REACHED,0.024019643988328055,0.024512126029021735,0.5211533701823646,0.5487928906814815,,,dense_verified_legacy,archive/v01_20260729_before_two_level_grid_revision/stage09_two_level_dense_point_results.csv,6847b812e35d4905dc7fc8252a9a66ca2aee6fbe,2026-07-29,5000,200,50000,1000,2026072001,2026072001,0-4999,STAGE09-1200,dense-012,merged-046,dense_verified_legacy
formal,CC-B-R12-S,-1.6000000000000001,-1.6000000000000001,1.4963016742589876,0.49019607843137253,0.72271988537296372,612,0,5000,5000,8320246021676229635,25171,2135,0.016780666666666666,0.42699999999999999,0.57299999999999995,6.5054599999999771,844.29999999999995,494.59332000000074,903.70000000000005,13702.700000000001,0.606558940181399,0.34755827272394157,0.28088235294117642,TARGET_ERRORS_REACHED,0.01657634371271683,0.01698746463717187,0.4133506585066844,0.44076142597729406,,,dense_verified_legacy,archive/v01_20260729_before_two_level_grid_revision/stage09_two_level_dense_point_results.csv,6847b812e35d4905dc7fc8252a9a66ca2aee6fbe,2026-07-29,5000,200,50000,1000,2026072001,2026072001,0-4999,STAGE09-1200,dense-013,merged-047,dense_verified_legacy
formal,CC-B-R12-S,-1.5,-1.5,1.5963016742589877,0.49019607843137253,0.70626877231137719,612,0,1000,1000,11397846946697916867,4286,371,0.014286666666666666,0.371,0.629,4.7273999999999958,113.09999999999999,359.10640000000069,571.10000000000002,6342.8999999999996,0.83540699915122485,0.52547100246612044,0.30833333333333335,TARGET_ERRORS_REACHED,0.013868196084455624,0.014717576074724665,0.341606326344111,0.40138097734516226,,,coarse_20260729,runtime/revision_20260729_coarse/unit_007.csv,6cda1f14f29a8cbe42ad3dcdc8a443ab35368b58,2026-07-29,1000,200,50000,1000,2026072001,2026072001,0-999,STAGE09-1200,coarse-015,merged-048,
formal,CC-B-R12-S,-1.3999999999999999,-1.3999999999999999,1.6963016742589878,0.49019607843137253,0.69019213230144238,612,0,5000,5000,8320246021676229635,16634,1649,0.011089333333333333,0.32979999999999998,0.67020000000000002,6.2121000000000093,610.60000000000002,494.66607999999991,901.5,7235.8999999999996,0.60646972195869997,0.40645600765672074,0.3285294117647059,TARGET_ERRORS_REACHED,0.010922996506961569,0.011258174326882657,0.3169036241285847,0.34295770161351274,,,dense_verified_legacy,archive/v01_20260729_before_two_level_grid_revision/stage09_two_level_dense_point_results.csv,6847b812e35d4905dc7fc8252a9a66ca2aee6fbe,2026-07-29,5000,200,50000,1000,2026072001,2026072001,0-4999,STAGE09-1200,dense-014,merged-049,dense_verified_legacy
formal,CC-B-R12-S,-1.2,-1.2,1.8963016742589878,0.49019607843137253,0.65912836927820351,612,0,5000,5000,8320246021676229635,10708,1196,0.0071386666666666664,0.2392,0.76080000000000003,6.7505400000000009,992.29999999999995,488.56560000000212,903.60000000000002,5166.1999999999998,0.61404241313755759,0.46716346791505381,0.37294117647058822,TARGET_ERRORS_REACHED,0.007005195919234943,0.0072746618163218825,0.2275786657472823,0.25122176758725956,,,dense_verified_legacy,archive/v01_20260729_before_two_level_grid_revision/stage09_two_level_dense_point_results.csv,6847b812e35d4905dc7fc8252a9a66ca2aee6fbe,2026-07-29,5000,200,50000,1000,2026072001,2026072001,0-4999,STAGE09-1200,dense-015,merged-050,dense_verified_legacy
formal,CC-B-R12-S,-1,-1,2.0963016742589877,0.49019607843137253,0.62946270589708364,612,0,5000,5000,8320246021676229635,7334,887,0.0048893333333333332,0.1774,0.8226,6.6481599999999776,944.29999999999995,490.639219999999,900.79999999999995,4779,0.61144724630860248,0.50297650481345635,0.40323529411764703,TARGET_ERRORS_REACHED,0.004778968850158224,0.005002233739664261,0.16706033345006552,0.18823498784488538,,,dense_verified_legacy,archive/v01_20260729_before_two_level_grid_revision/stage09_two_level_dense_point_results.csv,6847b812e35d4905dc7fc8252a9a66ca2aee6fbe,2026-07-29,5000,200,50000,1000,2026072001,2026072001,0-4999,STAGE09-1200,dense-016,merged-051,dense_verified_legacy
formal,CC-B-R12-S,-0.80000000000000004,-0.80000000000000004,2.2963016742589879,0.49019607843137253,0.60113221730870647,612,0,5000,5000,8320246021676229635,4347,597,0.002898,0.11940000000000001,0.88060000000000005,7.0195399999999664,820.60000000000002,514.35931999999957,967.29999999999995,8262.5,0.58324985731764367,0.513609824353917,0.4316666666666667,TARGET_ERRORS_REACHED,0.0028132393929461625,0.002985306729683533,0.11070306335447491,0.12868131136610259,,,dense_verified_legacy,archive/v01_20260729_before_two_level_grid_revision/stage09_two_level_dense_point_results.csv,6847b812e35d4905dc7fc8252a9a66ca2aee6fbe,2026-07-29,5000,200,50000,1000,2026072001,2026072001,0-4999,STAGE09-1200,dense-017,merged-052,dense_verified_legacy
formal,CC-B-R12-S,-0.59999999999999998,-0.59999999999999998,2.4963016742589876,0.49019607843137253,0.5740768107484413,612,0,5000,5000,8320246021676229635,2742,405,0.001828,0.081000000000000003,0.91900000000000004,7.008079999999989,1635.7,513.53234000000111,1025.8,4997.3999999999996,0.58418910871319096,0.53686979090742248,0.45049019607843138,TARGET_ERRORS_REACHED,0.0017609053707050171,0.0018976462323918946,0.07375526540604449,0.0888880688239134,,,dense_verified_legacy,archive/v01_20260729_before_two_level_grid_revision/stage09_two_level_dense_point_results.csv,6847b812e35d4905dc7fc8252a9a66ca2aee6fbe,2026-07-29,5000,200,50000,1000,2026072001,2026072001,0-4999,STAGE09-1200,dense-018,merged-053,dense_verified_legacy
formal,CC-B-R12-S,-0.5,-0.5,2.5963016742589877,0.49019607843137253,0.56100922715098167,612,0,2846,2846,750413348327289540,1317,200,0.0015425158116654954,0.070274068868587489,0.92972593113141255,4.9719606465214232,356.19999999999999,344.71103302881232,560.5,2023.3,0.87029416309667351,0.80913505114328821,0.45574800545657473,TARGET_ERRORS_REACHED,0.0014614851056230758,0.0016280318662303687,0.061450925235730265,0.0802557151707889,,,coarse_20260729,runtime/revision_20260729_coarse/unit_009.csv,6cda1f14f29a8cbe42ad3dcdc8a443ab35368b58,2026-07-29,1000,200,50000,1000,2026072001,2026072001,0-2845,STAGE09-1200,coarse-019,merged-054,
formal,CC-B-R12-S,-0.40000000000000002,-0.40000000000000002,2.6963016742589878,0.49019607843137253,0.54823909807159255,612,0,5000,5000,8320246021676229635,1712,269,0.0011413333333333334,0.053800000000000001,0.94620000000000004,7.518640000000004,2005.0999999999999,552.94869999999901,1058.5,15698.200000000001,0.54254580940329644,0.51335684485739908,0.46382352941176469,TARGET_ERRORS_REACHED,0.001088562655820252,0.001196659131003284,0.04788174698389211,0.06040335023187689,,,dense_verified_legacy,archive/v01_20260729_before_two_level_grid_revision/stage09_two_level_dense_point_results.csv,6847b812e35d4905dc7fc8252a9a66ca2aee6fbe,2026-07-29,5000,200,50000,1000,2026072001,2026072001,0-4999,STAGE09-1200,dense-019,merged-055,dense_verified_legacy
formal,CC-B-R12-S,-0.20000000000000001,-0.20000000000000001,2.8963016742589875,0.49019607843137253,0.52356427402544969,612,0,6069,6069,1203348010774334217,1190,200,0.00065359477124183002,0.032954358213873783,0.96704564178612618,7.4494644916790289,3623.0999999999999,545.25191959136635,1040.5999999999999,13128.5,0.55020439033911528,0.53207275776903407,0.47404198126770891,TARGET_ERRORS_REACHED,0.0006175105809393293,0.0006917860792526242,0.028750232746561223,0.037749355882435755,,,dense_verified_legacy,archive/v01_20260729_before_two_level_grid_revision/stage09_two_level_dense_point_results.csv,6847b812e35d4905dc7fc8252a9a66ca2aee6fbe,2026-07-29,5000,200,50000,1000,2026072001,2026072001,0-6068,STAGE09-1200,dense-020,merged-056,dense_verified_legacy
formal,CC-B-R12-S,0,0,3.0963016742589877,0.49019607843137253,0.5,612,0,9672,9672,7898659074623232899,1035,200,0.00035669975186104221,0.020678246484698098,0.97932175351530193,6.7751964433415806,3916.4000000000001,520.31043217535273,966.20000000000005,10261.200000000001,0.57657886801488412,0.56465622806420412,0.48005968309573621,TARGET_ERRORS_REACHED,0.00033562400679843147,0.0003790984612342971,0.018026707646148256,0.023710381633311163,,,dense_verified_legacy,archive/v01_20260729_before_two_level_grid_revision/stage09_two_level_dense_point_results.csv,6847b812e35d4905dc7fc8252a9a66ca2aee6fbe,2026-07-29,5000,200,50000,1000,2026072001,2026072001,0-9671,STAGE09-1200,dense-021,merged-057,dense_verified_legacy
formal,CC-B-R12-S,0.5,0.5,3.5963016742589877,0.49019607843137253,0.44562546906687278,612,0,40863,40863,11693019513175807726,894,200,7.2926608423267997e-05,0.0048944032498837581,0.99510559675011623,5.4493894231944244,1035.4000000000001,423.7379634388048,680.29999999999995,8559,0.70798471197949497,0.70451954930431449,0.48779686115201776,TARGET_ERRORS_REACHED,6.830046247250655e-05,7.786606938010514e-05,0.004262720822075837,0.00561916494165815,,,coarse_20260729,runtime/revision_20260729_coarse/unit_011.csv,6cda1f14f29a8cbe42ad3dcdc8a443ab35368b58,2026-07-29,1000,200,50000,1000,2026072001,2026072001,0-40862,STAGE09-1200,coarse-023,merged-058,
formal,CC-B-R12-S,1,1,4.0963016742589877,0.49019607843137253,0.39716411736214075,612,0,50000,50000,2314585527903299907,190,45,1.2666666666666667e-05,0.00089999999999999998,0.99909999999999999,5.7487159999998498,3941.1999999999998,435.6753279999993,699.89999999999998,18117.099999999999,0.68858615744245333,0.68796642990075507,0.48975490196078431,MAX_FRAMES_REACHED,1.09890951555925e-05,1.4600328879072532e-05,0.0006727321294463088,0.0012039528628052306,,,coarse_20260729,runtime/revision_20260729_coarse/unit_012.csv,6cda1f14f29a8cbe42ad3dcdc8a443ab35368b58,2026-07-29,1000,200,50000,1000,2026072001,2026072001,0-49999,STAGE09-1200,coarse-025,merged-059,
formal,CC-B-R12-S,1.5,1.5,4.5963016742589877,0.49019607843137253,0.35397289219206896,612,0,50000,50000,2314585527903299907,8,4,5.3333333333333334e-07,8.0000000000000007e-05,0.99992000000000003,5.7137499999999335,1958.0999999999999,438.82933199999781,702.10000000000002,17191.900000000001,0.68363707282903663,0.6835823818632103,0.49015686274509801,MAX_FRAMES_REACHED,2.7025329288736554e-07,1.0525102897361208e-06,3.111086355358979e-05,0.00020570011886754752,,,coarse_20260729,runtime/revision_20260729_coarse/unit_013.csv,6cda1f14f29a8cbe42ad3dcdc8a443ab35368b58,2026-07-29,1000,200,50000,1000,2026072001,2026072001,0-49999,STAGE09-1200,coarse-027,merged-060,
formal,CC-B-R12-S,2,2,5.0963016742589877,0.49019607843137253,0.31547867224009662,612,0,50000,50000,2314585527903299907,0,0,0,0,1,5.84141399999982,1567.0999999999999,448.27408800000109,734.70000000000005,11681.799999999999,0.66923341774775813,0.66923341774775813,0.49019607843137253,MAX_FRAMES_REACHED,0.0,2.5609718912715457e-07,0.0,7.682327414500052e-05,2.5609718912715457e-07,7.682327414500052e-05,coarse_20260729,runtime/revision_20260729_coarse/unit_014.csv,6cda1f14f29a8cbe42ad3dcdc8a443ab35368b58,2026-07-29,1000,200,50000,1000,2026072001,2026072001,0-49999,STAGE09-1200,coarse-029,merged-061,
formal,CC-B-R12-S,2.5,2.5,5.5963016742589877,0.49019607843137253,0.28117066259517454,612,0,50000,50000,2314585527903299907,0,0,0,0,1,5.7748939999997999,1924.5999999999999,440.32649600000491,652.5,64885.599999999999,0.6813126230768467,0.6813126230768467,0.49019607843137253,MAX_FRAMES_REACHED,0.0,2.5609718912715457e-07,0.0,7.682327414500052e-05,2.5609718912715457e-07,7.682327414500052e-05,coarse_20260729,runtime/revision_20260729_coarse/unit_015.csv,6cda1f14f29a8cbe42ad3dcdc8a443ab35368b58,2026-07-29,1000,200,50000,1000,2026072001,2026072001,0-49999,STAGE09-1200,coarse-031,merged-062,
formal,CC-B-R12-S,3,3,6.0963016742589877,0.49019607843137253,0.25059361681363618,612,0,50000,50000,2314585527903299907,0,0,0,0,1,5.6442499999998441,3304.8000000000002,438.4126979999985,651.39999999999998,29212.200000000001,0.68428674937695588,0.68428674937695588,0.49019607843137253,MAX_FRAMES_REACHED,0.0,2.5609718912715457e-07,0.0,7.682327414500052e-05,2.5609718912715457e-07,7.682327414500052e-05,coarse_20260729,runtime/revision_20260729_coarse/unit_016.csv,6cda1f14f29a8cbe42ad3dcdc8a443ab35368b58,2026-07-29,1000,200,50000,1000,2026072001,2026072001,0-49999,STAGE09-1200,coarse-033,merged-063,
formal,CC-B-R12-S,3.5,3.5,6.5963016742589877,0.49019607843137253,0.22334179607548157,612,0,50000,50000,2314585527903299907,0,0,0,0,1,5.6393199999997989,1058.4000000000001,439.7710540000017,651.29999999999995,53673.199999999997,0.68217313820749748,0.68217313820749748,0.49019607843137253,MAX_FRAMES_REACHED,0.0,2.5609718912715457e-07,0.0,7.682327414500052e-05,2.5609718912715457e-07,7.682327414500052e-05,coarse_20260729,runtime/revision_20260729_coarse/unit_017.csv,6cda1f14f29a8cbe42ad3dcdc8a443ab35368b58,2026-07-29,1000,200,50000,1000,2026072001,2026072001,0-49999,STAGE09-1200,coarse-035,merged-064,
formal,CC-B-R12-S,4,4,7.0963016742589877,0.49019607843137253,0.19905358527674863,612,0,50000,50000,2314585527903299907,0,0,0,0,1,5.6536179999998453,3120.1999999999998,437.13799199999437,638.79999999999995,56906.900000000001,0.68628214772053919,0.68628214772053919,0.49019607843137253,MAX_FRAMES_REACHED,0.0,2.5609718912715457e-07,0.0,7.682327414500052e-05,2.5609718912715457e-07,7.682327414500052e-05,coarse_20260729,runtime/revision_20260729_coarse/unit_018.csv,6cda1f14f29a8cbe42ad3dcdc8a443ab35368b58,2026-07-29,1000,200,50000,1000,2026072001,2026072001,0-49999,STAGE09-1200,coarse-037,merged-065,
formal,CC-B-R12-S,4.5,4.5,7.5963016742589877,0.49019607843137253,0.17740669461678774,612,0,50000,50000,2314585527903299907,0,0,0,0,1,5.612109999999948,5379.8000000000002,429.13847200000373,617.89999999999998,10509.299999999999,0.69907505286544758,0.69907505286544758,0.49019607843137253,MAX_FRAMES_REACHED,0.0,2.5609718912715457e-07,0.0,7.682327414500052e-05,2.5609718912715457e-07,7.682327414500052e-05,coarse_20260729,runtime/revision_20260729_coarse/unit_019.csv,6cda1f14f29a8cbe42ad3dcdc8a443ab35368b58,2026-07-29,1000,200,50000,1000,2026072001,2026072001,0-49999,STAGE09-1200,coarse-039,merged-066,
formal,CC-B-R12-S,5,5,8.0963016742589886,0.49019607843137253,0.15811388300841897,612,0,50000,50000,2314585527903299907,0,0,0,0,1,5.4877159999999199,1116.5,428.91529400000087,602.39999999999998,12815.799999999999,0.69943880341091169,0.69943880341091169,0.49019607843137253,MAX_FRAMES_REACHED,0.0,2.5609718912715457e-07,0.0,7.682327414500052e-05,2.5609718912715457e-07,7.682327414500052e-05,coarse_20260729,runtime/revision_20260729_coarse/unit_020.csv,6cda1f14f29a8cbe42ad3dcdc8a443ab35368b58,2026-07-29,1000,200,50000,1000,2026072001,2026072001,0-49999,STAGE09-1200,coarse-041,merged-067,
formal,CC-B-R12-S,5.5,5.5,8.5963016742589886,0.49019607843137253,0.14091914656322269,612,0,50000,50000,2314585527903299907,0,0,0,0,1,5.5351179999999349,1770,425.24447600000269,594.79999999999995,14578.4,0.70547653627838802,0.70547653627838802,0.49019607843137253,MAX_FRAMES_REACHED,0.0,2.5609718912715457e-07,0.0,7.682327414500052e-05,2.5609718912715457e-07,7.682327414500052e-05,coarse_20260729,runtime/revision_20260729_coarse/unit_021.csv,6cda1f14f29a8cbe42ad3dcdc8a443ab35368b58,2026-07-29,1000,200,50000,1000,2026072001,2026072001,0-49999,STAGE09-1200,coarse-043,merged-068,
formal,CC-B-R12-S,6,6,9.0963016742589886,0.49019607843137253,0.12559432157547901,612,0,50000,50000,2314585527903299907,0,0,0,0,1,5.5982539999998968,3748.0999999999999,428.13693000000069,600.10000000000002,13303.9,0.70071040122607386,0.70071040122607386,0.49019607843137253,MAX_FRAMES_REACHED,0.0,2.5609718912715457e-07,0.0,7.682327414500052e-05,2.5609718912715457e-07,7.682327414500052e-05,coarse_20260729,runtime/revision_20260729_coarse/unit_022.csv,6cda1f14f29a8cbe42ad3dcdc8a443ab35368b58,2026-07-29,1000,200,50000,1000,2026072001,2026072001,0-49999,STAGE09-1200,coarse-045,merged-069,
formal,CC-B-R12-S,6.5,6.5,9.5963016742589886,0.49019607843137253,0.11193605692841696,612,0,50000,50000,2314585527903299907,0,0,0,0,1,5.5252539999998662,737.79999999999995,428.52455399999832,602,19860.200000000001,0.70007657017478908,0.70007657017478908,0.49019607843137253,MAX_FRAMES_REACHED,0.0,2.5609718912715457e-07,0.0,7.682327414500052e-05,2.5609718912715457e-07,7.682327414500052e-05,coarse_20260729,runtime/revision_20260729_coarse/unit_023.csv,6cda1f14f29a8cbe42ad3dcdc8a443ab35368b58,2026-07-29,1000,200,50000,1000,2026072001,2026072001,0-49999,STAGE09-1200,coarse-047,merged-070,
formal,CC-B-R12-S,7,7,10.096301674258989,0.49019607843137253,0.099763115748444001,612,0,50000,50000,2314585527903299907,0,0,0,0,1,5.5122699999998837,994.89999999999998,425.73806800000028,591,74398.800000000003,0.70465862122529244,0.70465862122529244,0.49019607843137253,MAX_FRAMES_REACHED,0.0,2.5609718912715457e-07,0.0,7.682327414500052e-05,2.5609718912715457e-07,7.682327414500052e-05,coarse_20260729,runtime/revision_20260729_coarse/unit_024.csv,6cda1f14f29a8cbe42ad3dcdc8a443ab35368b58,2026-07-29,1000,200,50000,1000,2026072001,2026072001,0-49999,STAGE09-1200,coarse-049,merged-071,
formal,CC-B-R12-S,7.5,7.5,10.596301674258989,0.49019607843137253,0.088913970501946132,612,0,50000,50000,2314585527903299907,0,0,0,0,1,5.5086819999998156,1122.5,426.41271800000169,594.39999999999998,15736.6,0.70354374373983564,0.70354374373983564,0.49019607843137253,MAX_FRAMES_REACHED,0.0,2.5609718912715457e-07,0.0,7.682327414500052e-05,2.5609718912715457e-07,7.682327414500052e-05,coarse_20260729,runtime/revision_20260729_coarse/unit_025.csv,6cda1f14f29a8cbe42ad3dcdc8a443ab35368b58,2026-07-29,1000,200,50000,1000,2026072001,2026072001,0-49999,STAGE09-1200,coarse-051,merged-072,
formal,CC-B-R12-S,8,8,11.096301674258989,0.49019607843137253,0.079244659623055658,612,0,50000,50000,2314585527903299907,0,0,0,0,1,5.6803059999998622,7366.5,424.44110199999852,589.89999999999998,17389.900000000001,0.70681184877331005,0.70681184877331005,0.49019607843137253,MAX_FRAMES_REACHED,0.0,2.5609718912715457e-07,0.0,7.682327414500052e-05,2.5609718912715457e-07,7.682327414500052e-05,coarse_20260729,runtime/revision_20260729_coarse/unit_026.csv,6cda1f14f29a8cbe42ad3dcdc8a443ab35368b58,2026-07-29,1000,200,50000,1000,2026072001,2026072001,0-49999,STAGE09-1200,coarse-053,merged-073,
formal,CC-B-R12-S,8.5,8.5,11.596301674258989,0.49019607843137253,0.070626877231137725,612,0,50000,50000,2314585527903299907,0,0,0,0,1,5.4376539999998394,1011.4,418.68321400000178,574.70000000000005,19441.900000000001,0.71653218941803265,0.71653218941803265,0.49019607843137253,MAX_FRAMES_REACHED,0.0,2.5609718912715457e-07,0.0,7.682327414500052e-05,2.5609718912715457e-07,7.682327414500052e-05,coarse_20260729,runtime/revision_20260729_coarse/unit_027.csv,6cda1f14f29a8cbe42ad3dcdc8a443ab35368b58,2026-07-29,1000,200,50000,1000,2026072001,2026072001,0-49999,STAGE09-1200,coarse-055,merged-074,
formal,CC-B-R12-S,9,9,12.096301674258989,0.49019607843137253,0.06294627058970835,612,0,50000,50000,2314585527903299907,0,0,0,0,1,5.3084739999999924,678.60000000000002,408.09292200000004,541.20000000000005,16449.200000000001,0.73512669254283214,0.73512669254283214,0.49019607843137253,MAX_FRAMES_REACHED,0.0,2.5609718912715457e-07,0.0,7.682327414500052e-05,2.5609718912715457e-07,7.682327414500052e-05,coarse_20260729,runtime/revision_20260729_coarse/unit_028.csv,6cda1f14f29a8cbe42ad3dcdc8a443ab35368b58,2026-07-29,1000,200,50000,1000,2026072001,2026072001,0-49999,STAGE09-1200,coarse-057,merged-075,
formal,CC-B-R12-S,9.5,9.5,12.596301674258989,0.49019607843137253,0.05610092271509818,612,0,50000,50000,2314585527903299907,0,0,0,0,1,5.2949720000000307,811.79999999999995,405.30545999999856,542.10000000000002,4140.3999999999996,0.74018247866683329,0.74018247866683329,0.49019607843137253,MAX_FRAMES_REACHED,0.0,2.5609718912715457e-07,0.0,7.682327414500052e-05,2.5609718912715457e-07,7.682327414500052e-05,coarse_20260729,runtime/revision_20260729_coarse/unit_029.csv,6cda1f14f29a8cbe42ad3dcdc8a443ab35368b58,2026-07-29,1000,200,50000,1000,2026072001,2026072001,0-49999,STAGE09-1200,coarse-059,merged-076,
formal,CC-B-R12-S,10,10,13.096301674258989,0.49019607843137253,0.050000000000000003,612,0,50000,50000,2314585527903299907,0,0,0,0,1,5.2619660000000232,477.60000000000002,405.12767000000053,535.5,5246.3999999999996,0.74050730723971436,0.74050730723971436,0.49019607843137253,MAX_FRAMES_REACHED,0.0,2.5609718912715457e-07,0.0,7.682327414500052e-05,2.5609718912715457e-07,7.682327414500052e-05,coarse_20260729,runtime/revision_20260729_coarse/unit_030.csv,6cda1f14f29a8cbe42ad3dcdc8a443ab35368b58,2026-07-29,1000,200,50000,1000,2026072001,2026072001,0-49999,STAGE09-1200,coarse-061,merged-077,
formal,CC-B-R23-H,-5,-5,-3.1530856918240122,0.65359477124183007,1.5811388300841895,459,0,1000,1000,11397846946697916867,145140,1000,0.48380000000000001,1,0,5.8518999999999952,251.80000000000001,328.92679999999967,458.89999999999998,1081.4000000000001,0.91205702910191655,0,0,TARGET_ERRORS_REACHED,0.4820119640882525,0.48558845078398777,0.996173241514445,1.0,,,coarse_20260729,runtime/revision_20260729_coarse/unit_031.csv,6cda1f14f29a8cbe42ad3dcdc8a443ab35368b58,2026-07-29,1000,200,50000,1000,2026072001,2026072001,0-999,STAGE09-2300,coarse-062,merged-078,
formal,CC-B-R23-H,-4.5,-4.5,-2.6530856918240122,0.65359477124183007,1.4091914656322269,459,0,1000,1000,11397846946697916867,144038,1000,0.48012666666666665,1,0,4.9905999999999979,29.600000000000001,296.61659999999989,376.5,1612.8,1.0114066441325269,0,0,TARGET_ERRORS_REACHED,0.47833915226376017,0.481914690013667,0.996173241514445,1.0,,,coarse_20260729,runtime/revision_20260729_coarse/unit_032.csv,6cda1f14f29a8cbe42ad3dcdc8a443ab35368b58,2026-07-29,1000,200,50000,1000,2026072001,2026072001,0-999,STAGE09-2300,coarse-064,merged-079,
formal,CC-B-R23-H,-4,-4,-2.1530856918240122,0.65359477124183007,1.2559432157547903,459,0,1000,1000,11397846946697916867,142223,1000,0.47407666666666665,1,0,5.5204999999999993,82.900000000000006,342.13219999999967,498.39999999999998,2196.1999999999998,0.87685403478538493,0,0,TARGET_ERRORS_REACHED,0.4722902222361519,0.4758637749781305,0.996173241514445,1.0,,,coarse_20260729,runtime/revision_20260729_coarse/unit_033.csv,6cda1f14f29a8cbe42ad3dcdc8a443ab35368b58,2026-07-29,1000,200,50000,1000,2026072001,2026072001,0-999,STAGE09-2300,coarse-066,merged-080,
formal,CC-B-R23-H,-3.5,-3.5,-1.6530856918240122,0.65359477124183007,1.1193605692841697,459,0,1000,1000,11397846946697916867,139278,1000,0.46426000000000001,1,0,5.202800000000015,109.7,310.25440000000015,419.5,1547.0999999999999,0.9669484139467478,0,0,TARGET_ERRORS_REACHED,0.4624758515625331,0.46604506371733523,0.996173241514445,1.0,,,coarse_20260729,runtime/revision_20260729_coarse/unit_034.csv,6cda1f14f29a8cbe42ad3dcdc8a443ab35368b58,2026-07-29,1000,200,50000,1000,2026072001,2026072001,0-999,STAGE09-2300,coarse-068,merged-081,
formal,CC-B-R23-H,-3,-3,-1.1530856918240122,0.65359477124183007,0.99763115748443987,459,0,1000,1000,11397846946697916867,136907,1000,0.45635666666666669,1,0,5.2835999999999901,208.40000000000001,294.75769999999989,367.60000000000002,554,1.0177851163854248,0,0,TARGET_ERRORS_REACHED,0.45457487161991006,0.45813957939289696,0.996173241514445,1.0,,,coarse_20260729,runtime/revision_20260729_coarse/unit_035.csv,6cda1f14f29a8cbe42ad3dcdc8a443ab35368b58,2026-07-29,1000,200,50000,1000,2026072001,2026072001,0-999,STAGE09-2300,coarse-070,merged-082,
formal,CC-B-R23-H,-2.5,-2.5,-0.65308569182401222,0.65359477124183007,0.88913970501946138,459,0,1000,1000,11397846946697916867,131532,1000,0.43844,1,0,5.4249000000000001,35.899999999999999,335.02040000000045,482,1112.9000000000001,0.89546785807670104,0,0,TARGET_ERRORS_REACHED,0.4366652178706061,0.44021635864390685,0.996173241514445,1.0,,,coarse_20260729,runtime/revision_20260729_coarse/unit_036.csv,6cda1f14f29a8cbe42ad3dcdc8a443ab35368b58,2026-07-29,1000,200,50000,1000,2026072001,2026072001,0-999,STAGE09-2300,coarse-072,merged-083,
formal,CC-B-R23-H,-2,-2,-0.15308569182401222,0.65359477124183007,0.79244659623055669,459,0,1000,1000,11397846946697916867,124810,1000,0.41603333333333331,1,0,4.9516000000000107,27,301.4772000000001,372.69999999999999,1044.8,0.9951001269747759,0,0,TARGET_ERRORS_REACHED,0.4142706348233115,0.4177981821791025,0.996173241514445,1.0,,,coarse_20260729,runtime/revision_20260729_coarse/unit_037.csv,6cda1f14f29a8cbe42ad3dcdc8a443ab35368b58,2026-07-29,1000,200,50000,1000,2026072001,2026072001,0-999,STAGE09-2300,coarse-074,merged-084,
formal,CC-B-R23-H,-1.5,-1.5,0.34691430817598778,0.65359477124183007,0.70626877231137719,459,0,1000,1000,11397846946697916867,115230,1000,0.3841,1,0,5.156399999999997,105.3,295.86579999999998,385.69999999999999,913.10000000000002,1.013973227050913,0,0,TARGET_ERRORS_REACHED,0.38236103187908294,0.3858419362500927,0.996173241514445,1.0,,,coarse_20260729,runtime/revision_20260729_coarse/unit_038.csv,6cda1f14f29a8cbe42ad3dcdc8a443ab35368b58,2026-07-29,1000,200,50000,1000,2026072001,2026072001,0-999,STAGE09-2300,coarse-076,merged-085,
formal,CC-B-R23-H,-1,-1,0.84691430817598778,0.65359477124183007,0.62946270589708364,459,0,1000,1000,11397846946697916867,100981,1000,0.33660333333333331,1,0,4.9561999999999884,70.400000000000006,291.91769999999985,365.60000000000002,683.39999999999998,1.0276869131265427,0,0,TARGET_ERRORS_REACHED,0.3349144751959344,0.33829637596092665,0.996173241514445,1.0,,,coarse_20260729,runtime/revision_20260729_coarse/unit_039.csv,6cda1f14f29a8cbe42ad3dcdc8a443ab35368b58,2026-07-29,1000,200,50000,1000,2026072001,2026072001,0-999,STAGE09-2300,coarse-078,merged-086,
formal,CC-B-R23-H,-0.5,-0.5,1.3469143081759878,0.65359477124183007,0.56100922715098167,459,0,1000,1000,11397846946697916867,82961,999,0.27653666666666665,0.999,0.0010000000000000009,5.0918000000000028,73.799999999999997,293.5030000000001,377.5,725.5,1.0221360599380582,0.0010221360599380592,0.00065359477124183067,TARGET_ERRORS_REACHED,0.2749389752621058,0.27814008083256786,0.9943574414020421,0.9998234536293739,,,coarse_20260729,runtime/revision_20260729_coarse/unit_040.csv,6cda1f14f29a8cbe42ad3dcdc8a443ab35368b58,2026-07-29,1000,200,50000,1000,2026072001,2026072001,0-999,STAGE09-2300,coarse-080,merged-087,
formal,CC-B-R23-H,0,0,1.8469143081759878,0.65359477124183007,0.5,459,0,1000,1000,11397846946697916867,63511,988,0.21170333333333333,0.98799999999999999,0.012000000000000011,5.1478000000000081,65.400000000000006,305.44900000000007,403.19999999999999,1926.4000000000001,0.98216068803630041,0.011785928256435615,0.0078431372549019676,TARGET_ERRORS_REACHED,0.2102452019849751,0.21316884778563955,0.9791427315245017,0.9931223521935965,,,coarse_20260729,runtime/revision_20260729_coarse/unit_041.csv,6cda1f14f29a8cbe42ad3dcdc8a443ab35368b58,2026-07-29,1000,200,50000,1000,2026072001,2026072001,0-999,STAGE09-2300,coarse-082,merged-088,
formal,CC-B-R23-H,0.5,0.5,2.3469143081759878,0.65359477124183007,0.44562546906687278,459,0,1000,1000,11397846946697916867,42550,947,0.14183333333333334,0.94699999999999995,0.053000000000000047,5.7433000000000183,828.89999999999998,299.22219999999982,383.89999999999998,1114,1.0025994060601124,0.053137768521186006,0.034640522875817023,TARGET_ERRORS_REACHED,0.14058949416936442,0.1430863449298568,0.9313253831625082,0.9592534947514054,,,coarse_20260729,runtime/revision_20260729_coarse/unit_042.csv,6cda1f14f29a8cbe42ad3dcdc8a443ab35368b58,2026-07-29,1000,200,50000,1000,2026072001,2026072001,0-999,STAGE09-2300,coarse-084,merged-089,
formal,CC-B-R23-H,1,1,2.8469143081759878,0.65359477124183007,0.39716411736214075,459,0,5000,5000,8320246021676229635,127254,4161,0.084835999999999995,0.83220000000000005,0.16779999999999995,6.0780999999999947,682.29999999999995,347.47442000000098,548.79999999999995,11771.299999999999,0.86337290670202183,0.1448739737445992,0.10967320261437906,TARGET_ERRORS_REACHED,0.0843911578580215,0.08528296858374586,0.8215878768611231,0.8423020619665811,,,dense_verified_legacy,archive/v01_20260729_before_two_level_grid_revision/stage09_two_level_dense_point_results.csv,6847b812e35d4905dc7fc8252a9a66ca2aee6fbe,2026-07-29,5000,200,50000,1000,2026072001,2026072001,0-4999,STAGE09-2300,dense-022,merged-090,dense_verified_legacy
formal,CC-B-R23-H,1.1000000000000001,1.1000000000000001,2.9469143081759879,0.65359477124183007,0.38812355831434586,459,0,5000,5000,8320246021676229635,111558,4002,0.074371999999999994,0.8004,0.1996,5.9598200000000077,247,340.79464000000019,534.5,1561.8,0.88029553516451975,0.17570698881883814,0.13045751633986929,TARGET_ERRORS_REACHED,0.07395320890476602,0.07479297113289753,0.7890923283764114,0.8112464362949984,,,dense_verified_legacy,archive/v01_20260729_before_two_level_grid_revision/stage09_two_level_dense_point_results.csv,6847b812e35d4905dc7fc8252a9a66ca2aee6fbe,2026-07-29,5000,200,50000,1000,2026072001,2026072001,0-4999,STAGE09-2300,dense-023,merged-091,dense_verified_legacy
formal,CC-B-R23-H,1.2,1.2,3.046914308175988,0.65359477124183007,0.37928878751459189,459,0,5000,5000,8320246021676229635,98556,3794,0.065703999999999999,0.75880000000000003,0.24119999999999997,5.7347000000000028,310.5,322.19975999999923,478.10000000000002,2231.1999999999998,0.93109939001816988,0.22458117287238255,0.15764705882352939,TARGET_ERRORS_REACHED,0.06530861352097522,0.06610161091359473,0.7467460983866742,0.7704565390865644,,,dense_verified_legacy,archive/v01_20260729_before_two_level_grid_revision/stage09_two_level_dense_point_results.csv,6847b812e35d4905dc7fc8252a9a66ca2aee6fbe,2026-07-29,5000,200,50000,1000,2026072001,2026072001,0-4999,STAGE09-2300,dense-024,merged-092,dense_verified_legacy
formal,CC-B-R23-H,1.3,1.3,3.1469143081759876,0.65359477124183007,0.3706551206504588,459,0,5000,5000,8320246021676229635,85674,3589,0.057116,0.71779999999999999,0.28220000000000001,5.8203199999999917,336.39999999999998,339.76748000000089,544.70000000000005,8782.7000000000007,0.88295677973653985,0.24917040324165154,0.18444444444444444,TARGET_ERRORS_REACHED,0.056745759816663105,0.05748850860505865,0.7051613836257465,0.7301042054069865,,,dense_verified_legacy,archive/v01_20260729_before_two_level_grid_revision/stage09_two_level_dense_point_results.csv,6847b812e35d4905dc7fc8252a9a66ca2aee6fbe,2026-07-29,5000,200,50000,1000,2026072001,2026072001,0-4999,STAGE09-2300,dense-025,merged-093,dense_verified_legacy
formal,CC-B-R23-H,1.3999999999999999,1.3999999999999999,3.2469143081759877,0.65359477124183007,0.36221798003749506,459,0,5000,5000,8320246021676229635,74836,3358,0.049890666666666666,0.67159999999999997,0.32840000000000003,5.5355799999999773,432.30000000000001,311.60228000000126,454.19999999999999,3068.0999999999999,0.96276574099521606,0.31617226934282899,0.214640522875817,TARGET_ERRORS_REACHED,0.049543401265382626,0.05024023749733831,0.6584553203388855,0.6844812043535707,,,dense_verified_legacy,archive/v01_20260729_before_two_level_grid_revision/stage09_two_level_dense_point_results.csv,6847b812e35d4905dc7fc8252a9a66ca2aee6fbe,2026-07-29,5000,200,50000,1000,2026072001,2026072001,0-4999,STAGE09-2300,dense-026,merged-094,dense_verified_legacy
formal,CC-B-R23-H,1.5,1.5,3.3469143081759878,0.65359477124183007,0.35397289219206896,459,0,5000,5000,8320246021676229635,63747,3112,0.042498000000000001,0.62239999999999995,0.37760000000000005,5.6848200000000224,273.39999999999998,323.19017999999977,485,2543.8000000000002,0.92824602529693268,0.35050569915212182,0.24679738562091508,TARGET_ERRORS_REACHED,0.04217635281880654,0.04282199047531686,0.6088735059800355,0.6357385605838145,,,dense_verified_legacy,archive/v01_20260729_before_two_level_grid_revision/stage09_two_level_dense_point_results.csv,6847b812e35d4905dc7fc8252a9a66ca2aee6fbe,2026-07-29,5000,200,50000,1000,2026072001,2026072001,0-4999,STAGE09-2300,dense-027,merged-095,dense_verified_legacy
formal,CC-B-R23-H,1.6000000000000001,1.6000000000000001,3.4469143081759879,0.65359477124183007,0.34591548545946826,459,0,5000,5000,8320246021676229635,53845,2846,0.035896666666666667,0.56920000000000004,0.43079999999999996,5.5822800000000203,226.30000000000001,315.31245999999879,467.19999999999999,2031.2,0.95143718710006309,0.40987914020270716,0.28156862745098038,TARGET_ERRORS_REACHED,0.03560014467315771,0.03619556576587932,0.5554263772106349,0.5828673728401692,,,dense_verified_legacy,archive/v01_20260729_before_two_level_grid_revision/stage09_two_level_dense_point_results.csv,6847b812e35d4905dc7fc8252a9a66ca2aee6fbe,2026-07-29,5000,200,50000,1000,2026072001,2026072001,0-4999,STAGE09-2300,dense-028,merged-096,dense_verified_legacy
formal,CC-B-R23-H,1.7,1.7,3.546914308175988,0.65359477124183007,0.33804148769599091,459,0,5000,5000,8320246021676229635,46023,2604,0.030682000000000001,0.52080000000000004,0.47919999999999996,5.6880200000000123,569.39999999999998,310.06877999999904,434.39999999999998,3741.0999999999999,0.9675272692723238,0.46363906743529754,0.31320261437908492,TARGET_ERRORS_REACHED,0.03040721975627754,0.03095918405859411,0.506942297707378,0.5346257658917076,,,dense_verified_legacy,archive/v01_20260729_before_two_level_grid_revision/stage09_two_level_dense_point_results.csv,6847b812e35d4905dc7fc8252a9a66ca2aee6fbe,2026-07-29,5000,200,50000,1000,2026072001,2026072001,0-4999,STAGE09-2300,dense-029,merged-097,dense_verified_legacy
formal,CC-B-R23-H,1.8,1.8,3.6469143081759876,0.65359477124183007,0.330346724003798,459,0,5000,5000,8320246021676229635,39203,2372,0.026135333333333333,0.47439999999999999,0.52560000000000007,5.8686199999999964,328.30000000000001,348.84618000000012,538.79999999999995,14868.1,0.85997788480871395,0.45200437625546014,0.34352941176470592,TARGET_ERRORS_REACHED,0.025881235525324592,0.02639185824393111,0.46058409205487477,0.48825521428471225,,,dense_verified_legacy,archive/v01_20260729_before_two_level_grid_revision/stage09_two_level_dense_point_results.csv,6847b812e35d4905dc7fc8252a9a66ca2aee6fbe,2026-07-29,5000,200,50000,1000,2026072001,2026072001,0-4999,STAGE09-2300,dense-030,merged-098,dense_verified_legacy
formal,CC-B-R23-H,1.8999999999999999,1.8999999999999999,3.7469143081759877,0.65359477124183007,0.32282711451732771,459,0,5000,5000,8320246021676229635,33188,2146,0.022125333333333334,0.42920000000000003,0.57079999999999997,6.2134799999999943,2468.5999999999999,334.45479999999992,495,3473.5999999999999,0.89698219310950256,0.51199743582690405,0.3730718954248366,TARGET_ERRORS_REACHED,0.021891163753071208,0.022361950555131724,0.41554011882883135,0.4429685877665889,,,dense_verified_legacy,archive/v01_20260729_before_two_level_grid_revision/stage09_two_level_dense_point_results.csv,6847b812e35d4905dc7fc8252a9a66ca2aee6fbe,2026-07-29,5000,200,50000,1000,2026072001,2026072001,0-4999,STAGE09-2300,dense-031,merged-099,dense_verified_legacy
formal,CC-B-R23-H,2,2,3.8469143081759878,0.65359477124183007,0.31547867224009662,459,0,5000,5000,8320246021676229635,27831,1926,0.018554000000000001,0.38519999999999999,0.61480000000000001,6.6032999999999999,908.10000000000002,392.35113999999965,785.70000000000005,4493.6000000000004,0.76462120130452604,0.47008911456202263,0.40183006535947713,TARGET_ERRORS_REACHED,0.018339279110020094,0.01877118682364257,0.371804227744888,0.3987720366216972,,,dense_verified_legacy,archive/v01_20260729_before_two_level_grid_revision/stage09_two_level_dense_point_results.csv,6847b812e35d4905dc7fc8252a9a66ca2aee6fbe,2026-07-29,5000,200,50000,1000,2026072001,2026072001,0-4999,STAGE09-2300,dense-032,merged-100,dense_verified_legacy
formal,CC-B-R23-H,2.1000000000000001,2.1000000000000001,3.9469143081759879,0.65359477124183007,0.3082975009307411,459,0,5000,5000,8320246021676229635,22601,1659,0.015067333333333334,0.33179999999999998,0.66820000000000002,6.1579000000000024,257.30000000000001,398.58628000000004,798.20000000000005,4634.1000000000004,0.75266012668574533,0.50292749665141501,0.43673202614379086,TARGET_ERRORS_REACHED,0.014873621213279418,0.015263529245519405,0.31888217685826237,0.3449760780760549,,,dense_verified_legacy,archive/v01_20260729_before_two_level_grid_revision/stage09_two_level_dense_point_results.csv,6847b812e35d4905dc7fc8252a9a66ca2aee6fbe,2026-07-29,5000,200,50000,1000,2026072001,2026072001,0-4999,STAGE09-2300,dense-033,merged-101,dense_verified_legacy
formal,CC-B-R23-H,2.2000000000000002,2.2000000000000002,4.046914308175988,0.65359477124183007,0.30127979303717889,459,0,5000,5000,8320246021676229635,18215,1420,0.012143333333333334,0.28399999999999997,0.71599999999999997,7.140979999999999,5542.3999999999996,357.99346000000037,597.89999999999998,16753.400000000001,0.83800413560627529,0.60001096109409313,0.46797385620915033,TARGET_ERRORS_REACHED,0.011969304130333073,0.012319861304994852,0.27167042119409224,0.2966612260461725,,,dense_verified_legacy,archive/v01_20260729_before_two_level_grid_revision/stage09_two_level_dense_point_results.csv,6847b812e35d4905dc7fc8252a9a66ca2aee6fbe,2026-07-29,5000,200,50000,1000,2026072001,2026072001,0-4999,STAGE09-2300,dense-034,merged-102,dense_verified_legacy
formal,CC-B-R23-H,2.2999999999999998,2.2999999999999998,4.1469143081759876,0.65359477124183007,0.29442182767779446,459,0,5000,5000,8320246021676229635,15226,1250,0.010150666666666667,0.25,0.75,6.844260000000018,909.60000000000002,383.9175400000002,734.70000000000005,9799,0.78141780133306715,0.58606335099980034,0.49019607843137258,TARGET_ERRORS_REACHED,0.009991505400385878,0.01031233690791183,0.23819271925874705,0.26219113171378156,,,dense_verified_legacy,archive/v01_20260729_before_two_level_grid_revision/stage09_two_level_dense_point_results.csv,6847b812e35d4905dc7fc8252a9a66ca2aee6fbe,2026-07-29,5000,200,50000,1000,2026072001,2026072001,0-4999,STAGE09-2300,dense-035,merged-103,dense_verified_legacy
formal,CC-B-R23-H,2.3999999999999999,2.3999999999999999,4.2469143081759881,0.65359477124183007,0.28771996866857846,459,0,5000,5000,8320246021676229635,12840,1083,0.0085599999999999999,0.21659999999999999,0.78339999999999999,5.8593999999999831,1285,329.86211999999972,494.80000000000001,9060.8999999999996,0.90947090256983809,0.71247950507321112,0.51202614379084965,TARGET_ERRORS_REACHED,0.008413827893892412,0.00870868922835843,0.20540203301981358,0.22823310044264483,,,dense_verified_legacy,archive/v01_20260729_before_two_level_grid_revision/stage09_two_level_dense_point_results.csv,6847b812e35d4905dc7fc8252a9a66ca2aee6fbe,2026-07-29,5000,200,50000,1000,2026072001,2026072001,0-4999,STAGE09-2300,dense-036,merged-104,dense_verified_legacy
formal,CC-B-R23-H,2.5,2.5,4.3469143081759878,0.65359477124183007,0.28117066259517454,459,0,5000,5000,8320246021676229635,10320,925,0.0068799999999999998,0.185,0.81499999999999995,6.5122000000000302,788.79999999999995,362.70918000000023,648.39999999999998,5851.3000000000002,0.82710892511736211,0.67409377397065007,0.5326797385620915,TARGET_ERRORS_REACHED,0.006748975981971969,0.007013549745124594,0.1744803791544644,0.19600327307092164,,,dense_verified_legacy,archive/v01_20260729_before_two_level_grid_revision/stage09_two_level_dense_point_results.csv,6847b812e35d4905dc7fc8252a9a66ca2aee6fbe,2026-07-29,5000,200,50000,1000,2026072001,2026072001,0-4999,STAGE09-2300,dense-037,merged-105,dense_verified_legacy
formal,CC-B-R23-H,2.6000000000000001,2.6000000000000001,4.4469143081759874,0.65359477124183007,0.27477043692881226,459,0,5000,5000,8320246021676229635,8662,800,0.0057746666666666667,0.16,0.83999999999999997,5.3817600000000123,240.80000000000001,318.02567999999974,494.80000000000001,3548.0999999999999,0.94332004887152587,0.79238884105208174,0.54901960784313719,TARGET_ERRORS_REACHED,0.005654668487693683,0.0058971962341783585,0.15009995217412261,0.17042208514851628,,,dense_verified_legacy,archive/v01_20260729_before_two_level_grid_revision/stage09_two_level_dense_point_results.csv,6847b812e35d4905dc7fc8252a9a66ca2aee6fbe,2026-07-29,5000,200,50000,1000,2026072001,2026072001,0-4999,STAGE09-2300,dense-038,merged-106,dense_verified_legacy
formal,CC-B-R23-H,2.7000000000000002,2.7000000000000002,4.546914308175988,0.65359477124183007,0.26851589818512633,459,0,5000,5000,8320246021676229635,6974,683,0.0046493333333333334,0.1366,0.86339999999999995,5.7093399999999876,314.19999999999999,354.79818000000029,604.20000000000005,4729.3000000000002,0.84555112430396273,0.73004884072404141,0.56431372549019609,TARGET_ERRORS_REACHED,0.004541730263961988,0.004759473555124173,0.12735947992501695,0.14639848584865062,,,dense_verified_legacy,archive/v01_20260729_before_two_level_grid_revision/stage09_two_level_dense_point_results.csv,6847b812e35d4905dc7fc8252a9a66ca2aee6fbe,2026-07-29,5000,200,50000,1000,2026072001,2026072001,0-4999,STAGE09-2300,dense-039,merged-107,dense_verified_legacy
formal,CC-B-R23-H,2.7999999999999998,2.7999999999999998,4.6469143081759876,0.65359477124183007,0.26240373012488633,459,0,5000,5000,8320246021676229635,5745,579,0.0038300000000000001,0.1158,0.88419999999999999,5.4787999999999979,168.5,324.7673400000009,504.30000000000001,5685,0.92373820594151856,0.8167693216934907,0.57790849673202616,TARGET_ERRORS_REACHED,0.0037324144769352204,0.003930126872053873,0.10722408446271625,0.12496581771186566,,,dense_verified_legacy,archive/v01_20260729_before_two_level_grid_revision/stage09_two_level_dense_point_results.csv,6847b812e35d4905dc7fc8252a9a66ca2aee6fbe,2026-07-29,5000,200,50000,1000,2026072001,2026072001,0-4999,STAGE09-2300,dense-040,merged-108,dense_verified_legacy
formal,CC-B-R23-H,2.8999999999999999,2.8999999999999999,4.7469143081759881,0.65359477124183007,0.25643069199568247,459,0,5000,5000,8320246021676229635,4736,492,0.0031573333333333332,0.098400000000000001,0.90159999999999996,5.8379000000000119,443,337.90583999999899,557.89999999999998,1486.0999999999999,0.88782129364796092,0.80045967835300158,0.58928104575163398,TARGET_ERRORS_REACHED,0.003068817576294443,0.0032483938847142264,0.09044976166527606,0.10696685653699382,,,dense_verified_legacy,archive/v01_20260729_before_two_level_grid_revision/stage09_two_level_dense_point_results.csv,6847b812e35d4905dc7fc8252a9a66ca2aee6fbe,2026-07-29,5000,200,50000,1000,2026072001,2026072001,0-4999,STAGE09-2300,dense-041,merged-109,dense_verified_legacy
formal,CC-B-R23-H,3,3,4.8469143081759878,0.65359477124183007,0.25059361681363618,459,0,5000,5000,8320246021676229635,3747,413,0.0024979999999999998,0.082600000000000007,0.91739999999999999,6.2648399999999986,594.5,365.2380999999998,673.89999999999998,2877.1999999999998,0.82138199711366411,0.75353584415207542,0.5996078431372549,TARGET_ERRORS_REACHED,0.002419380807537188,0.002579167363865298,0.0752865003877144,0.0905543771960193,,,dense_verified_legacy,archive/v01_20260729_before_two_level_grid_revision/stage09_two_level_dense_point_results.csv,6847b812e35d4905dc7fc8252a9a66ca2aee6fbe,2026-07-29,5000,200,50000,1000,2026072001,2026072001,0-4999,STAGE09-2300,dense-042,merged-110,dense_verified_legacy
formal,CC-B-R23-H,3.1000000000000001,3.1000000000000001,4.9469143081759874,0.65359477124183007,0.24488940968422312,459,0,5000,5000,8320246021676229635,3131,354,0.0020873333333333334,0.070800000000000002,0.92920000000000003,5.8726999999999929,186.80000000000001,335.26638000000042,528.10000000000002,2565.5,0.89481086651157693,0.83145825716255728,0.60732026143790852,TARGET_ERRORS_REACHED,0.0020155601468601473,0.002161656794615738,0.06401517037352825,0.0782438249761088,,,dense_verified_legacy,archive/v01_20260729_before_two_level_grid_revision/stage09_two_level_dense_point_results.csv,6847b812e35d4905dc7fc8252a9a66ca2aee6fbe,2026-07-29,5000,200,50000,1000,2026072001,2026072001,0-4999,STAGE09-2300,dense-043,merged-111,dense_verified_legacy
formal,CC-B-R23-H,3.2000000000000002,3.2000000000000002,5.046914308175988,0.65359477124183007,0.23931504616131916,459,0,5000,5000,8320246021676229635,2581,296,0.0017206666666666666,0.059200000000000003,0.94079999999999997,5.4861000000000004,387.69999999999999,317.07925999999952,476.19999999999999,1388.2,0.9461356759820887,0.89012444396394896,0.61490196078431369,TARGET_ERRORS_REACHED,0.0016556056121173333,0.0017882798740669439,0.05299073527956573,0.06608607075519665,,,dense_verified_legacy,archive/v01_20260729_before_two_level_grid_revision/stage09_two_level_dense_point_results.csv,6847b812e35d4905dc7fc8252a9a66ca2aee6fbe,2026-07-29,5000,200,50000,1000,2026072001,2026072001,0-4999,STAGE09-2300,dense-044,merged-112,dense_verified_legacy
formal,CC-B-R23-H,3.2999999999999998,3.2999999999999998,5.1469143081759876,0.65359477124183007,0.23386757064359914,459,0,5000,5000,8320246021676229635,2037,242,0.001358,0.048399999999999999,0.9516,5.8199599999999734,364.60000000000002,335.94331999999906,543.10000000000002,7765,0.89300778476559928,0.84978620798294424,0.62196078431372548,TARGET_ERRORS_REACHED,0.001300330421641774,0.001418223588763167,0.04279030408863613,0.05470308430813947,,,dense_verified_legacy,archive/v01_20260729_before_two_level_grid_revision/stage09_two_level_dense_point_results.csv,6847b812e35d4905dc7fc8252a9a66ca2aee6fbe,2026-07-29,5000,200,50000,1000,2026072001,2026072001,0-4999,STAGE09-2300,dense-045,merged-113,dense_verified_legacy
formal,CC-B-R23-H,3.3999999999999999,3.3999999999999999,5.2469143081759881,0.65359477124183007,0.22854409480743751,459,0,5382,5382,15335700757085079220,1578,200,0.00097733184689706432,0.03716090672612412,0.96283909327387585,5.9536046079524754,895.79999999999995,333.14986993682618,527.60000000000002,5213,0.90049562395713301,0.86703239006797905,0.62930659691102997,TARGET_ERRORS_REACHED,0.0009303070777878637,0.0010267311613666563,0.03242850869812892,0.04255354599256391,,,dense_verified_legacy,archive/v01_20260729_before_two_level_grid_revision/stage09_two_level_dense_point_results.csv,6847b812e35d4905dc7fc8252a9a66ca2aee6fbe,2026-07-29,5000,200,50000,1000,2026072001,2026072001,0-5381,STAGE09-2300,dense-046,merged-114,dense_verified_legacy
formal,CC-B-R23-H,3.5,3.5,5.3469143081759878,0.65359477124183007,0.22334179607548157,459,0,6364,6364,9316692084836445463,1476,200,0.00077309868007542431,0.031426775612822123,0.96857322438717786,6.222611565053433,658.60000000000002,342.57715273412947,571.29999999999995,11833.200000000001,0.87571514213858515,0.84819423886584522,0.63305439502429928,TARGET_ERRORS_REACHED,0.0007346653886545932,0.0008135409341245076,0.027414963085967692,0.0360039303384745,,,dense_verified_legacy,archive/v01_20260729_before_two_level_grid_revision/stage09_two_level_dense_point_results.csv,6847b812e35d4905dc7fc8252a9a66ca2aee6fbe,2026-07-29,5000,200,50000,1000,2026072001,2026072001,0-6363,STAGE09-2300,dense-047,merged-115,dense_verified_legacy
formal,CC-B-R23-H,3.6000000000000001,3.6000000000000001,5.4469143081759874,0.65359477124183007,0.21825791612008297,459,0,8104,8104,3482796605535059011,1320,200,0.00054294175715695954,0.024679170779861797,0.97532082922013819,6.0432996051332504,579.29999999999995,350.24313919052338,592.89999999999998,4457.8000000000002,0.85654782758444736,0.83540893746637113,0.63746459426152824,TARGET_ERRORS_REACHED,0.0005144386117330405,0.0005730232512896348,0.021519848095179286,0.02828890320709813,,,dense_verified_legacy,archive/v01_20260729_before_two_level_grid_revision/stage09_two_level_dense_point_results.csv,6847b812e35d4905dc7fc8252a9a66ca2aee6fbe,2026-07-29,5000,200,50000,1000,2026072001,2026072001,0-8103,STAGE09-2300,dense-048,merged-116,dense_verified_legacy
formal,CC-B-R23-H,3.7000000000000002,3.7000000000000002,5.546914308175988,0.65359477124183007,0.21328975940079634,459,0,10014,10014,14463161904851901124,1321,200,0.00043971772851341453,0.019972039145196723,0.98002796085480326,5.7418014779309257,598.29999999999995,324.69967046135406,500.60000000000002,9304,0.92393071903565782,0.90547793854762793,0.64054115088549235,TARGET_ERRORS_REACHED,0.00041664100307791817,0.00046407202388362506,0.017410307570623167,0.022901915424791912,,,dense_verified_legacy,archive/v01_20260729_before_two_level_grid_revision/stage09_two_level_dense_point_results.csv,6847b812e35d4905dc7fc8252a9a66ca2aee6fbe,2026-07-29,5000,200,50000,1000,2026072001,2026072001,0-10013,STAGE09-2300,dense-049,merged-117,dense_verified_legacy
formal,CC-B-R23-H,3.7999999999999998,3.7999999999999998,5.6469143081759876,0.65359477124183007,0.20843469173516771,459,0,12378,12378,2679421622655991048,1295,200,0.00034873700651693863,0.016157699143641947,0.98384230085635804,5.8891016319275913,820.20000000000005,332.15206818549171,536.89999999999998,3842.1999999999998,0.90320075873338757,0.88860711260746439,0.64303418356624709,TARGET_ERRORS_REACHED,0.000330256404166334,0.0003682513718695998,0.014081950925797166,0.018533670923649284,,,dense_verified_legacy,archive/v01_20260729_before_two_level_grid_revision/stage09_two_level_dense_point_results.csv,6847b812e35d4905dc7fc8252a9a66ca2aee6fbe,2026-07-29,5000,200,50000,1000,2026072001,2026072001,0-12377,STAGE09-2300,dense-050,merged-118,dense_verified_legacy
formal,CC-B-R23-H,3.8999999999999999,3.8999999999999999,5.7469143081759881,0.65359477124183007,0.20369013890205634,459,0,16790,16790,17517071081424271796,1282,200,0.0002545165773277745,0.011911852293031567,0.9880881477069684,5.7286360929123843,2682.4000000000001,328.38089338892007,526.10000000000002,6071.6000000000004,0.91357324996583478,0.90269090035337696,0.64580924686729957,TARGET_ERRORS_REACHED,0.00024096205812954496,0.00026883335589916344,0.010378886051120832,0.013668111165741832,,,dense_verified_legacy,archive/v01_20260729_before_two_level_grid_revision/stage09_two_level_dense_point_results.csv,6847b812e35d4905dc7fc8252a9a66ca2aee6fbe,2026-07-29,5000,200,50000,1000,2026072001,2026072001,0-16789,STAGE09-2300,dense-051,merged-119,dense_verified_legacy
formal,CC-B-R23-H,4,4,5.8469143081759878,0.65359477124183007,0.19905358527674863,459,0,22931,22931,11458571627795916526,1226,200,0.0001782158068408123,0.0087218176267934242,0.99127818237320653,6.2201692032619844,649.29999999999995,350.05378308839647,595.79999999999995,5160.3000000000002,0.85701116369378938,0.84953646861992616,0.64789423684523306,TARGET_ERRORS_REACHED,0.00016851606826359824,0.00018847375445949725,0.007597917514700006,0.01001029048385049,,,dense_verified_legacy,archive/v01_20260729_before_two_level_grid_revision/stage09_two_level_dense_point_results.csv,6847b812e35d4905dc7fc8252a9a66ca2aee6fbe,2026-07-29,5000,200,50000,1000,2026072001,2026072001,0-22930,STAGE09-2300,dense-052,merged-120,dense_verified_legacy
formal,CC-B-R23-H,4.5,4.5,6.3469143081759878,0.65359477124183007,0.17740669461678774,459,0,50000,50000,2314585527903299907,732,129,4.88e-05,0.0025799999999999998,0.99741999999999997,4.9704859999999593,511.19999999999999,280.31073400000179,365.19999999999999,4845.8000000000002,1.0702408563490762,1.0674796349396956,0.65190849673202611,MAX_FRAMES_REACHED,4.5390618085044305e-05,5.246545410899719e-05,0.0021719478760799556,0.003064478989970456,,,coarse_20260729,runtime/revision_20260729_coarse/unit_050.csv,6cda1f14f29a8cbe42ad3dcdc8a443ab35368b58,2026-07-29,1000,200,50000,1000,2026072001,2026072001,0-49999,STAGE09-2300,coarse-100,merged-121,
formal,CC-B-R23-H,5,5,6.8469143081759878,0.65359477124183007,0.15811388300841897,459,0,50000,50000,2314585527903299907,178,32,1.1866666666666666e-05,0.00064000000000000005,0.99936000000000003,5.0577999999999701,736.20000000000005,289.57651399999952,379.89999999999998,16489.599999999999,1.0359956194513775,1.0353325822549286,0.65317647058823536,MAX_FRAMES_REACHED,1.024674781213218e-05,1.3742676632288353e-05,0.0004534022342290128,0.000903322706125082,,,coarse_20260729,runtime/revision_20260729_coarse/unit_051.csv,6cda1f14f29a8cbe42ad3dcdc8a443ab35368b58,2026-07-29,1000,200,50000,1000,2026072001,2026072001,0-49999,STAGE09-2300,coarse-102,merged-122,
formal,CC-B-R23-H,5.5,5.5,7.3469143081759878,0.65359477124183007,0.14091914656322269,459,0,50000,50000,2314585527903299907,32,8,2.1333333333333334e-06,0.00016000000000000001,0.99983999999999995,5.0009119999999685,493.89999999999998,279.16925800000053,360.69999999999999,11729.299999999999,1.0746168906606453,1.0744449519581396,0.6534901960784314,MAX_FRAMES_REACHED,1.5112241931851212e-06,3.0115385699273595e-06,8.107813281404951e-05,0.0003157205578832246,,,coarse_20260729,runtime/revision_20260729_coarse/unit_052.csv,6cda1f14f29a8cbe42ad3dcdc8a443ab35368b58,2026-07-29,1000,200,50000,1000,2026072001,2026072001,0-49999,STAGE09-2300,coarse-104,merged-123,
formal,CC-B-R23-H,6,6,7.8469143081759878,0.65359477124183007,0.12559432157547901,459,0,50000,50000,2314585527903299907,5,1,3.3333333333333335e-07,2.0000000000000002e-05,0.99997999999999998,4.8534739999999266,417,271.29159200000225,350,2094.5,1.1058212227970468,1.1057991063725907,0.6535816993464052,MAX_FRAMES_REACHED,1.4238008397552723e-07,7.803836010868345e-07,3.530499822832098e-06,0.00011328970139120264,,,coarse_20260729,runtime/revision_20260729_coarse/unit_053.csv,6cda1f14f29a8cbe42ad3dcdc8a443ab35368b58,2026-07-29,1000,200,50000,1000,2026072001,2026072001,0-49999,STAGE09-2300,coarse-106,merged-124,
formal,CC-B-R23-H,6.5,6.5,8.3469143081759878,0.65359477124183007,0.11193605692841696,459,0,50000,50000,2314585527903299907,0,0,0,0,1,4.8488859999999407,670.89999999999998,266.59973200000229,341.30000000000001,16371.799999999999,1.1252824515217346,1.1252824515217346,0.65359477124183007,MAX_FRAMES_REACHED,0.0,2.5609718912715457e-07,0.0,7.682327414500052e-05,2.5609718912715457e-07,7.682327414500052e-05,coarse_20260729,runtime/revision_20260729_coarse/unit_054.csv,6cda1f14f29a8cbe42ad3dcdc8a443ab35368b58,2026-07-29,1000,200,50000,1000,2026072001,2026072001,0-49999,STAGE09-2300,coarse-108,merged-125,
formal,CC-B-R23-H,7,7,8.8469143081759878,0.65359477124183007,0.099763115748444001,459,0,50000,50000,2314585527903299907,0,0,0,0,1,4.8323439999999733,416.80000000000001,265.93752399999795,340.80000000000001,3137.6999999999998,1.1280845045395034,1.1280845045395034,0.65359477124183007,MAX_FRAMES_REACHED,0.0,2.5609718912715457e-07,0.0,7.682327414500052e-05,2.5609718912715457e-07,7.682327414500052e-05,coarse_20260729,runtime/revision_20260729_coarse/unit_055.csv,6cda1f14f29a8cbe42ad3dcdc8a443ab35368b58,2026-07-29,1000,200,50000,1000,2026072001,2026072001,0-49999,STAGE09-2300,coarse-110,merged-126,
formal,CC-B-R23-H,7.5,7.5,9.3469143081759878,0.65359477124183007,0.088913970501946132,459,0,50000,50000,2314585527903299907,0,0,0,0,1,4.8339059999999252,194.09999999999999,266.11318799999884,341,4669,1.127339844577719,1.127339844577719,0.65359477124183007,MAX_FRAMES_REACHED,0.0,2.5609718912715457e-07,0.0,7.682327414500052e-05,2.5609718912715457e-07,7.682327414500052e-05,coarse_20260729,runtime/revision_20260729_coarse/unit_056.csv,6cda1f14f29a8cbe42ad3dcdc8a443ab35368b58,2026-07-29,1000,200,50000,1000,2026072001,2026072001,0-49999,STAGE09-2300,coarse-112,merged-127,
formal,CC-B-R23-H,8,8,9.8469143081759878,0.65359477124183007,0.079244659623055658,459,0,50000,50000,2314585527903299907,0,0,0,0,1,4.8277939999999555,219.19999999999999,264.44032999999979,341.69999999999999,4156.3000000000002,1.1344714325534242,1.1344714325534242,0.65359477124183007,MAX_FRAMES_REACHED,0.0,2.5609718912715457e-07,0.0,7.682327414500052e-05,2.5609718912715457e-07,7.682327414500052e-05,coarse_20260729,runtime/revision_20260729_coarse/unit_057.csv,6cda1f14f29a8cbe42ad3dcdc8a443ab35368b58,2026-07-29,1000,200,50000,1000,2026072001,2026072001,0-49999,STAGE09-2300,coarse-114,merged-128,
formal,CC-B-R23-H,8.5,8.5,10.346914308175988,0.65359477124183007,0.070626877231137725,459,0,50000,50000,2314585527903299907,0,0,0,0,1,4.6706199999997642,183,257.96912599999757,327.80000000000001,2256.3000000000002,1.162929861614536,1.162929861614536,0.65359477124183007,MAX_FRAMES_REACHED,0.0,2.5609718912715457e-07,0.0,7.682327414500052e-05,2.5609718912715457e-07,7.682327414500052e-05,coarse_20260729,runtime/revision_20260729_coarse/unit_058.csv,6cda1f14f29a8cbe42ad3dcdc8a443ab35368b58,2026-07-29,1000,200,50000,1000,2026072001,2026072001,0-49999,STAGE09-2300,coarse-116,merged-129,
formal,CC-B-R23-H,9,9,10.846914308175988,0.65359477124183007,0.06294627058970835,459,0,50000,50000,2314585527903299907,0,0,0,0,1,4.7701459999998539,386.30000000000001,264.1180079999985,339.89999999999998,9290.2000000000007,1.1358559087724216,1.1358559087724216,0.65359477124183007,MAX_FRAMES_REACHED,0.0,2.5609718912715457e-07,0.0,7.682327414500052e-05,2.5609718912715457e-07,7.682327414500052e-05,coarse_20260729,runtime/revision_20260729_coarse/unit_059.csv,6cda1f14f29a8cbe42ad3dcdc8a443ab35368b58,2026-07-29,1000,200,50000,1000,2026072001,2026072001,0-49999,STAGE09-2300,coarse-118,merged-130,
formal,CC-B-R23-H,9.5,9.5,11.346914308175988,0.65359477124183007,0.05610092271509818,459,0,50000,50000,2314585527903299907,0,0,0,0,1,4.6691279999997883,438.19999999999999,257.91202999999831,329.80000000000001,4111.3000000000002,1.163187308478794,1.163187308478794,0.65359477124183007,MAX_FRAMES_REACHED,0.0,2.5609718912715457e-07,0.0,7.682327414500052e-05,2.5609718912715457e-07,7.682327414500052e-05,coarse_20260729,runtime/revision_20260729_coarse/unit_060.csv,6cda1f14f29a8cbe42ad3dcdc8a443ab35368b58,2026-07-29,1000,200,50000,1000,2026072001,2026072001,0-49999,STAGE09-2300,coarse-120,merged-131,
formal,CC-B-R23-H,10,10,11.846914308175988,0.65359477124183007,0.050000000000000003,459,0,50000,50000,2314585527903299907,0,0,0,0,1,4.6278159999998101,198.69999999999999,255.6555400000012,324.19999999999999,1509.8,1.1734539372782558,1.1734539372782558,0.65359477124183007,MAX_FRAMES_REACHED,0.0,2.5609718912715457e-07,0.0,7.682327414500052e-05,2.5609718912715457e-07,7.682327414500052e-05,coarse_20260729,runtime/revision_20260729_coarse/unit_061.csv,6cda1f14f29a8cbe42ad3dcdc8a443ab35368b58,2026-07-29,1000,200,50000,1000,2026072001,2026072001,0-49999,STAGE09-2300,coarse-122,merged-132,
formal,CC-B-R23-S,-5,-5,-3.1530856918240122,0.65359477124183007,1.5811388300841895,459,0,1000,1000,11397846946697916867,141573,1000,0.47191,1,0,5.8518999999999952,251.80000000000001,405.54380000000015,561.20000000000005,1327.3,0.73974746994036134,0,0,TARGET_ERRORS_REACHED,0.4701240026929468,0.47369671667503027,0.996173241514445,1.0,,,coarse_20260729,runtime/revision_20260729_coarse/unit_031.csv,6cda1f14f29a8cbe42ad3dcdc8a443ab35368b58,2026-07-29,1000,200,50000,1000,2026072001,2026072001,0-999,STAGE09-2300,coarse-063,merged-133,
formal,CC-B-R23-S,-4.5,-4.5,-2.6530856918240122,0.65359477124183007,1.4091914656322269,459,0,1000,1000,11397846946697916867,139286,1000,0.46428666666666668,1,0,4.9905999999999979,29.600000000000001,364.47189999999966,482.10000000000002,1404.9000000000001,0.82310872251057021,0,0,TARGET_ERRORS_REACHED,0.46250251105205936,0.46607173687822506,0.996173241514445,1.0,,,coarse_20260729,runtime/revision_20260729_coarse/unit_032.csv,6cda1f14f29a8cbe42ad3dcdc8a443ab35368b58,2026-07-29,1000,200,50000,1000,2026072001,2026072001,0-999,STAGE09-2300,coarse-065,merged-134,
formal,CC-B-R23-S,-4,-4,-2.1530856918240122,0.65359477124183007,1.2559432157547903,459,0,1000,1000,11397846946697916867,135206,1000,0.45068666666666668,1,0,5.5204999999999993,82.900000000000006,413.92380000000037,581.89999999999998,2260.1999999999998,0.72477108105404842,0,0,TARGET_ERRORS_REACHED,0.44890683845953916,0.45246775775855186,0.996173241514445,1.0,,,coarse_20260729,runtime/revision_20260729_coarse/unit_033.csv,6cda1f14f29a8cbe42ad3dcdc8a443ab35368b58,2026-07-29,1000,200,50000,1000,2026072001,2026072001,0-999,STAGE09-2300,coarse-067,merged-135,
formal,CC-B-R23-S,-3.5,-3.5,-1.6530856918240122,0.65359477124183007,1.1193605692841697,459,0,1000,1000,11397846946697916867,129194,1000,0.43064666666666668,1,0,5.202800000000015,109.7,375.51139999999947,501.10000000000002,1054.3,0.79891049912199852,0,0,TARGET_ERRORS_REACHED,0.4288756669209702,0.4324194425094477,0.996173241514445,1.0,,,coarse_20260729,runtime/revision_20260729_coarse/unit_034.csv,6cda1f14f29a8cbe42ad3dcdc8a443ab35368b58,2026-07-29,1000,200,50000,1000,2026072001,2026072001,0-999,STAGE09-2300,coarse-069,merged-136,
formal,CC-B-R23-S,-3,-3,-1.1530856918240122,0.65359477124183007,0.99763115748443987,459,0,1000,1000,11397846946697916867,121175,1000,0.40391666666666665,1,0,5.2835999999999901,208.40000000000001,369.4502,484,918.10000000000002,0.81201742481124661,0,0,TARGET_ERRORS_REACHED,0.40216206010770383,0.4056737338619104,0.996173241514445,1.0,,,coarse_20260729,runtime/revision_20260729_coarse/unit_035.csv,6cda1f14f29a8cbe42ad3dcdc8a443ab35368b58,2026-07-29,1000,200,50000,1000,2026072001,2026072001,0-999,STAGE09-2300,coarse-071,merged-137,
formal,CC-B-R23-S,-2.5,-2.5,-0.65308569182401222,0.65359477124183007,0.88913970501946138,459,0,1000,1000,11397846946697916867,108423,1000,0.36141000000000001,1,0,5.4249000000000001,35.899999999999999,409.16510000000005,543.60000000000002,1763,0.73320036337409999,0,0,TARGET_ERRORS_REACHED,0.359692694737512,0.36313085446889404,0.996173241514445,1.0,,,coarse_20260729,runtime/revision_20260729_coarse/unit_036.csv,6cda1f14f29a8cbe42ad3dcdc8a443ab35368b58,2026-07-29,1000,200,50000,1000,2026072001,2026072001,0-999,STAGE09-2300,coarse-073,merged-138,
formal,CC-B-R23-S,-2,-2,-0.15308569182401222,0.65359477124183007,0.79244659623055669,459,0,1000,1000,11397846946697916867,90826,999,0.30275333333333332,0.999,0.0010000000000000009,4.9516000000000107,27,371.65090000000004,472.19999999999999,966.60000000000002,0.80720913093443325,0.00080720913093443401,0.00065359477124183067,TARGET_ERRORS_REACHED,0.3011117792467269,0.3043999387882412,0.9943574414020421,0.9998234536293739,,,coarse_20260729,runtime/revision_20260729_coarse/unit_037.csv,6cda1f14f29a8cbe42ad3dcdc8a443ab35368b58,2026-07-29,1000,200,50000,1000,2026072001,2026072001,0-999,STAGE09-2300,coarse-075,merged-139,
formal,CC-B-R23-S,-1.5,-1.5,0.34691430817598778,0.65359477124183007,0.70626877231137719,459,0,1000,1000,11397846946697916867,68268,990,0.22756000000000001,0.98999999999999999,0.010000000000000009,5.156399999999997,105.3,368.95049999999998,493.30000000000001,2784.5,0.81311720677977128,0.0081311720677977196,0.0065359477124183069,TARGET_ERRORS_REACHED,0.22606322966203526,0.2290637473622323,0.9816905311296853,0.9945592455544707,,,coarse_20260729,runtime/revision_20260729_coarse/unit_038.csv,6cda1f14f29a8cbe42ad3dcdc8a443ab35368b58,2026-07-29,1000,200,50000,1000,2026072001,2026072001,0-999,STAGE09-2300,coarse-077,merged-140,
formal,CC-B-R23-S,-1,-1,0.84691430817598778,0.65359477124183007,0.62946270589708364,459,0,1000,1000,11397846946697916867,43812,922,0.14604,0.92200000000000004,0.077999999999999958,4.9561999999999884,70.400000000000006,365.04299999999995,462,1156.3,0.82182099095175098,0.064102037294236539,0.050980392156862717,TARGET_ERRORS_REACHED,0.1447808376836923,0.14730822701866322,0.9037173834289277,0.9370528324092638,,,coarse_20260729,runtime/revision_20260729_coarse/unit_039.csv,6cda1f14f29a8cbe42ad3dcdc8a443ab35368b58,2026-07-29,1000,200,50000,1000,2026072001,2026072001,0-999,STAGE09-2300,coarse-079,merged-141,
formal,CC-B-R23-S,-0.5,-0.5,1.3469143081759878,0.65359477124183007,0.56100922715098167,459,0,5000,5000,8320246021676229635,117423,3865,0.078282000000000004,0.77300000000000002,0.22699999999999998,7.1992000000000091,969.60000000000002,499.86991999999907,970.39999999999998,12310.299999999999,0.60015613662050427,0.13623544301285445,0.14836601307189543,TARGET_ERRORS_REACHED,0.07785321383653679,0.07871294617437277,0.7611820861848742,0.7843987485531247,,,dense_verified_legacy,archive/v01_20260729_before_two_level_grid_revision/stage09_two_level_dense_point_results.csv,6847b812e35d4905dc7fc8252a9a66ca2aee6fbe,2026-07-29,5000,200,50000,1000,2026072001,2026072001,0-4999,STAGE09-2300,dense-053,merged-142,dense_verified_legacy
formal,CC-B-R23-S,-0.40000000000000002,-0.40000000000000002,1.4469143081759879,0.65359477124183007,0.54823909807159255,459,0,5000,5000,8320246021676229635,101071,3620,0.067380666666666672,0.72399999999999998,0.27600000000000002,7.3778799999999825,943.89999999999998,542.70557999999949,1079.7,10017.799999999999,0.55278591386512055,0.1525689122267733,0.18039215686274512,TARGET_ERRORS_REACHED,0.06698060923448006,0.06778293994565061,0.7114411527711912,0.7362149167574232,,,dense_verified_legacy,archive/v01_20260729_before_two_level_grid_revision/stage09_two_level_dense_point_results.csv,6847b812e35d4905dc7fc8252a9a66ca2aee6fbe,2026-07-29,5000,200,50000,1000,2026072001,2026072001,0-4999,STAGE09-2300,dense-054,merged-143,dense_verified_legacy
formal,CC-B-R23-S,-0.29999999999999999,-0.29999999999999999,1.5469143081759877,0.65359477124183007,0.53575965261880321,459,0,5000,5000,8320246021676229635,85511,3341,0.057007333333333333,0.66820000000000002,0.33179999999999998,6.4828599999999987,766,495.29784000000114,942.20000000000005,4937.1000000000004,0.60569616051626496,0.2009699860592967,0.21686274509803921,TARGET_ERRORS_REACHED,0.05663742549440319,0.05737951015056851,0.6550239219239452,0.6811178231417377,,,dense_verified_legacy,archive/v01_20260729_before_two_level_grid_revision/stage09_two_level_dense_point_results.csv,6847b812e35d4905dc7fc8252a9a66ca2aee6fbe,2026-07-29,5000,200,50000,1000,2026072001,2026072001,0-4999,STAGE09-2300,dense-055,merged-144,dense_verified_legacy
formal,CC-B-R23-S,-0.20000000000000001,-0.20000000000000001,1.6469143081759878,0.65359477124183007,0.52356427402544969,459,0,5000,5000,8320246021676229635,72224,3053,0.048149333333333336,0.61060000000000003,0.38939999999999997,7.0494599999999892,1285.5,486.27180000000027,871.79999999999995,7748.8999999999996,0.61693892181286236,0.24023601615392859,0.25450980392156863,TARGET_ERRORS_REACHED,0.0478078932113655,0.048493087803679655,0.5970042857847931,0.6240258985449604,,,dense_verified_legacy,archive/v01_20260729_before_two_level_grid_revision/stage09_two_level_dense_point_results.csv,6847b812e35d4905dc7fc8252a9a66ca2aee6fbe,2026-07-29,5000,200,50000,1000,2026072001,2026072001,0-4999,STAGE09-2300,dense-056,merged-145,dense_verified_legacy
formal,CC-B-R23-S,-0.10000000000000001,-0.10000000000000001,1.7469143081759877,0.65359477124183007,0.51164649614037705,459,0,5000,5000,8320246021676229635,59614,2767,0.039742666666666669,0.5534,0.4466,6.2633399999999968,795.89999999999998,460.42500000000075,789.79999999999995,6590,0.65157191725036545,0.29099201824401322,0.2918954248366013,TARGET_ERRORS_REACHED,0.03943121777440751,0.04005647296567914,0.539584462301987,0.567133547130281,,,dense_verified_legacy,archive/v01_20260729_before_two_level_grid_revision/stage09_two_level_dense_point_results.csv,6847b812e35d4905dc7fc8252a9a66ca2aee6fbe,2026-07-29,5000,200,50000,1000,2026072001,2026072001,0-4999,STAGE09-2300,dense-057,merged-146,dense_verified_legacy
formal,CC-B-R23-S,0,0,1.8469143081759878,0.65359477124183007,0.5,459,0,5000,5000,8320246021676229635,49741,2493,0.033160666666666665,0.49859999999999999,0.50140000000000007,6.5817399999999919,578.39999999999998,506.65254000000124,953.10000000000002,5620.8000000000002,0.59212177244783826,0.29688985670534612,0.32771241830065362,TARGET_ERRORS_REACHED,0.032875316149221644,0.033448408303421266,0.48474741163092006,0.5124547379345262,,,dense_verified_legacy,archive/v01_20260729_before_two_level_grid_revision/stage09_two_level_dense_point_results.csv,6847b812e35d4905dc7fc8252a9a66ca2aee6fbe,2026-07-29,5000,200,50000,1000,2026072001,2026072001,0-4999,STAGE09-2300,dense-058,merged-147,dense_verified_legacy
formal,CC-B-R23-S,0.10000000000000001,0.10000000000000001,1.9469143081759879,0.65359477124183007,0.48861861047790534,459,0,5000,5000,8320246021676229635,41176,2227,0.027450666666666668,0.44540000000000002,0.55459999999999998,7.7724399999999543,1128.8,540.62493999999811,1065.7,10346.700000000001,0.55491335638344963,0.30775494745026116,0.36248366013071892,TARGET_ERRORS_REACHED,0.027190396639417767,0.027713357059456746,0.43167098333600123,0.45921284971639914,,,dense_verified_legacy,archive/v01_20260729_before_two_level_grid_revision/stage09_two_level_dense_point_results.csv,6847b812e35d4905dc7fc8252a9a66ca2aee6fbe,2026-07-29,5000,200,50000,1000,2026072001,2026072001,0-4999,STAGE09-2300,dense-059,merged-148,dense_verified_legacy
formal,CC-B-R23-S,0.20000000000000001,0.20000000000000001,2.046914308175988,0.65359477124183007,0.47749629301071794,459,0,5000,5000,8320246021676229635,33171,1933,0.022114000000000002,0.3866,0.61339999999999995,6.2257399999999903,501.5,472.64360000000028,874.70000000000005,6219.5,0.63472773142384631,0.38934199045538731,0.40091503267973855,TARGET_ERRORS_REACHED,0.021879889379190928,0.0223505583203939,0.37319406825691803,0.400180046544221,,,dense_verified_legacy,archive/v01_20260729_before_two_level_grid_revision/stage09_two_level_dense_point_results.csv,6847b812e35d4905dc7fc8252a9a66ca2aee6fbe,2026-07-29,5000,200,50000,1000,2026072001,2026072001,0-4999,STAGE09-2300,dense-060,merged-149,dense_verified_legacy
formal,CC-B-R23-S,0.29999999999999999,0.29999999999999999,2.1469143081759876,0.65359477124183007,0.4666271503984955,459,0,5000,5000,8320246021676229635,27035,1679,0.018023333333333332,0.33579999999999999,0.66420000000000001,7.3300800000000059,2258.5999999999999,497.30292000000048,929.70000000000005,4338,0.60325404886019918,0.4006813392529443,0.43411764705882355,TARGET_ERRORS_REACHED,0.017811666833348238,0.01823746848501966,0.32284007663968844,0.3490120366790684,,,dense_verified_legacy,archive/v01_20260729_before_two_level_grid_revision/stage09_two_level_dense_point_results.csv,6847b812e35d4905dc7fc8252a9a66ca2aee6fbe,2026-07-29,5000,200,50000,1000,2026072001,2026072001,0-4999,STAGE09-2300,dense-061,merged-150,dense_verified_legacy
formal,CC-B-R23-S,0.40000000000000002,0.40000000000000002,2.2469143081759877,0.65359477124183007,0.45600541967795483,459,0,5000,5000,8320246021676229635,21670,1442,0.014446666666666667,0.28839999999999999,0.71160000000000001,6.2893599999999923,750.5,469.96300000000036,831.70000000000005,9042.6000000000004,0.63834812527794693,0.45424852594778703,0.46509803921568627,TARGET_ERRORS_REACHED,0.014256953406312155,0.01463886689816578,0.27600942386116734,0.30111546760198094,,,dense_verified_legacy,archive/v01_20260729_before_two_level_grid_revision/stage09_two_level_dense_point_results.csv,6847b812e35d4905dc7fc8252a9a66ca2aee6fbe,2026-07-29,5000,200,50000,1000,2026072001,2026072001,0-4999,STAGE09-2300,dense-062,merged-151,dense_verified_legacy
formal,CC-B-R23-S,0.5,0.5,2.3469143081759878,0.65359477124183007,0.44562546906687278,459,0,5000,5000,8320246021676229635,17041,1211,0.011360666666666666,0.2422,0.75780000000000003,7.2858399999999852,1480.0999999999999,517.39907999999878,982.20000000000005,9881.7000000000007,0.57982321885845001,0.43939003525093345,0.49529411764705883,TARGET_ERRORS_REACHED,0.011192314645960256,0.01153152146479976,0.23052599122746006,0.25426983589541147,,,dense_verified_legacy,archive/v01_20260729_before_two_level_grid_revision/stage09_two_level_dense_point_results.csv,6847b812e35d4905dc7fc8252a9a66ca2aee6fbe,2026-07-29,5000,200,50000,1000,2026072001,2026072001,0-4999,STAGE09-2300,dense-063,merged-152,dense_verified_legacy
formal,CC-B-R23-S,0.59999999999999998,0.59999999999999998,2.4469143081759879,0.65359477124183007,0.43548179497804029,459,0,5000,5000,8320246021676229635,13168,1002,0.0087786666666666673,0.20039999999999999,0.79959999999999998,6.3702399999999999,1609.0999999999999,444.60615999999999,727.89999999999998,7027,0.67475448383351233,0.5395336852732765,0.52261437908496733,TARGET_ERRORS_REACHED,0.008630639408941177,0.008929209926647206,0.18953634141779555,0.2117236655876827,,,dense_verified_legacy,archive/v01_20260729_before_two_level_grid_revision/stage09_two_level_dense_point_results.csv,6847b812e35d4905dc7fc8252a9a66ca2aee6fbe,2026-07-29,5000,200,50000,1000,2026072001,2026072001,0-4999,STAGE09-2300,dense-064,merged-153,dense_verified_legacy
formal,CC-B-R23-S,0.69999999999999996,0.69999999999999996,2.546914308175988,0.65359477124183007,0.42556901910118822,459,0,5000,5000,8320246021676229635,10626,843,0.007084,0.1686,0.83140000000000003,6.1423199999999696,679.39999999999998,473.22069999999843,858.5,6420.8000000000002,0.63395367108835476,0.52706908214285819,0.5433986928104575,TARGET_ERRORS_REACHED,0.006951042523392438,0.007219482158830002,0.15847768231064177,0.17923115053854213,,,dense_verified_legacy,archive/v01_20260729_before_two_level_grid_revision/stage09_two_level_dense_point_results.csv,6847b812e35d4905dc7fc8252a9a66ca2aee6fbe,2026-07-29,5000,200,50000,1000,2026072001,2026072001,0-4999,STAGE09-2300,dense-065,merged-154,dense_verified_legacy
formal,CC-B-R23-S,0.80000000000000004,0.80000000000000004,2.6469143081759876,0.65359477124183007,0.41588188555133548,459,0,5000,5000,8320246021676229635,8215,689,0.005476666666666667,0.13780000000000001,0.86219999999999997,5.5665600000000088,316,410.34269999999987,609.29999999999995,1882.3,0.73109622761657533,0.63035116745101127,0.56352941176470583,TARGET_ERRORS_REACHED,0.0053598215341661,0.005596044714041672,0.12852354036373242,0.147632582925267,,,dense_verified_legacy,archive/v01_20260729_before_two_level_grid_revision/stage09_two_level_dense_point_results.csv,6847b812e35d4905dc7fc8252a9a66ca2aee6fbe,2026-07-29,5000,200,50000,1000,2026072001,2026072001,0-4999,STAGE09-2300,dense-066,merged-155,dense_verified_legacy
formal,CC-B-R23-S,0.90000000000000002,0.90000000000000002,2.7469143081759877,0.65359477124183007,0.40641525808204959,459,0,5000,5000,8320246021676229635,6349,564,0.0042326666666666667,0.1128,0.88719999999999999,6.2105799999999887,981.20000000000005,466.76355999999896,810.10000000000002,9877.7999999999993,0.64272369505451687,0.57022446225236734,0.57986928104575164,TARGET_ERRORS_REACHED,0.004130035172000005,0.004337837447891147,0.10432701914831809,0.12186748923793415,,,dense_verified_legacy,archive/v01_20260729_before_two_level_grid_revision/stage09_two_level_dense_point_results.csv,6847b812e35d4905dc7fc8252a9a66ca2aee6fbe,2026-07-29,5000,200,50000,1000,2026072001,2026072001,0-4999,STAGE09-2300,dense-067,merged-156,dense_verified_legacy
formal,CC-B-R23-S,1,1,2.8469143081759878,0.65359477124183007,0.39716411736214075,459,0,5000,5000,8320246021676229635,5005,466,0.0033366666666666666,0.093200000000000005,0.90680000000000005,6.0780999999999947,682.29999999999995,439.79450000000026,707.89999999999998,5349.1999999999998,0.6821367706963134,0.61856162366741707,0.59267973856209155,TARGET_ERRORS_REACHED,0.003245644533482617,0.003430232675659585,0.08545135145874014,0.10157325084375834,,,dense_verified_legacy,archive/v01_20260729_before_two_level_grid_revision/stage09_two_level_dense_point_results.csv,6847b812e35d4905dc7fc8252a9a66ca2aee6fbe,2026-07-29,5000,200,50000,1000,2026072001,2026072001,0-4999,STAGE09-2300,dense-068,merged-157,dense_verified_legacy
formal,CC-B-R23-S,1.1000000000000001,1.1000000000000001,2.9469143081759879,0.65359477124183007,0.38812355831434586,459,0,5000,5000,8320246021676229635,3812,378,0.0025413333333333334,0.075600000000000001,0.9244,5.9598200000000077,247,434.86496000000017,677.89999999999998,3658.9000000000001,0.68986933322933142,0.63771521163719391,0.6041830065359477,TARGET_ERRORS_REACHED,0.002462025972969445,0.0026231886431493222,0.06859391472633179,0.08325771068463271,,,dense_verified_legacy,archive/v01_20260729_before_two_level_grid_revision/stage09_two_level_dense_point_results.csv,6847b812e35d4905dc7fc8252a9a66ca2aee6fbe,2026-07-29,5000,200,50000,1000,2026072001,2026072001,0-4999,STAGE09-2300,dense-069,merged-158,dense_verified_legacy
formal,CC-B-R23-S,1.2,1.2,3.046914308175988,0.65359477124183007,0.37928878751459189,459,0,5000,5000,8320246021676229635,2957,300,0.0019713333333333332,0.059999999999999998,0.93999999999999995,5.7347000000000028,310.5,412.7860800000006,602,2636.9000000000001,0.72676869336291472,0.68316257176113981,0.61437908496732019,TARGET_ERRORS_REACHED,0.001901614457891306,0.0020436030777286887,0.05374897325570842,0.06692660445594185,,,dense_verified_legacy,archive/v01_20260729_before_two_level_grid_revision/stage09_two_level_dense_point_results.csv,6847b812e35d4905dc7fc8252a9a66ca2aee6fbe,2026-07-29,5000,200,50000,1000,2026072001,2026072001,0-4999,STAGE09-2300,dense-070,merged-159,dense_verified_legacy
formal,CC-B-R23-S,1.3,1.3,3.1469143081759876,0.65359477124183007,0.3706551206504588,459,0,5000,5000,8320246021676229635,2205,238,0.00147,0.047600000000000003,0.95240000000000002,5.8203199999999917,336.39999999999998,435.72145999999873,686.10000000000002,9226.2000000000007,0.6885132533981706,0.65574002253641772,0.62248366013071899,TARGET_ERRORS_REACHED,0.0014099520412728527,0.001532601395475707,0.04203767154178207,0.05385694517810564,,,dense_verified_legacy,archive/v01_20260729_before_two_level_grid_revision/stage09_two_level_dense_point_results.csv,6847b812e35d4905dc7fc8252a9a66ca2aee6fbe,2026-07-29,5000,200,50000,1000,2026072001,2026072001,0-4999,STAGE09-2300,dense-071,merged-160,dense_verified_legacy
formal,CC-B-R23-S,1.3999999999999999,1.3999999999999999,3.2469143081759877,0.65359477124183007,0.36221798003749506,459,0,5209,5209,2231336559401121409,1753,200,0.0011217764126191848,0.038395085429065078,0.96160491457093489,5.5314647725090991,432.30000000000001,402.68648492992895,577.70000000000005,5471.8999999999996,0.74499644568951129,0.71639224351291264,0.62849994416400978,TARGET_ERRORS_REACHED,0.0010705053724047277,0.0011755001506534195,0.03350805922220992,0.043962445494051976,,,dense_verified_legacy,archive/v01_20260729_before_two_level_grid_revision/stage09_two_level_dense_point_results.csv,6847b812e35d4905dc7fc8252a9a66ca2aee6fbe,2026-07-29,5000,200,50000,1000,2026072001,2026072001,0-5208,STAGE09-2300,dense-072,merged-161,dense_verified_legacy
formal,CC-B-R23-S,1.5,1.5,3.3469143081759878,0.65359477124183007,0.35397289219206896,459,0,6595,6595,1138277801907921406,1743,200,0.00088097043214556479,0.030326004548900682,0.96967399545109934,5.5757998483700213,273.39999999999998,406.99081122062091,608.89999999999998,2356.5999999999999,0.73711737889182094,0.71476355390647384,0.63377385323601265,TARGET_ERRORS_REACHED,0.0008405883108671821,0.0009232907303013761,0.02645292830920934,0.03474591414530635,,,dense_verified_legacy,archive/v01_20260729_before_two_level_grid_revision/stage09_two_level_dense_point_results.csv,6847b812e35d4905dc7fc8252a9a66ca2aee6fbe,2026-07-29,5000,200,50000,1000,2026072001,2026072001,0-6594,STAGE09-2300,dense-073,merged-162,dense_verified_legacy
formal,CC-B-R23-S,1.6000000000000001,1.6000000000000001,3.4469143081759879,0.65359477124183007,0.34591548545946826,459,0,9445,9445,5926894685659514009,1607,200,0.00056714310922886888,0.021175224986765485,0.9788247750132345,5.5499735309688312,241.59999999999999,409.80987824245744,611.79999999999995,3355.9000000000001,0.73204677565753995,0.71654552048215525,0.63975475491061085,TARGET_ERRORS_REACHED,0.0005400909082742301,0.0005955494998093524,0.018460518130716246,0.02427926754361101,,,dense_verified_legacy,archive/v01_20260729_before_two_level_grid_revision/stage09_two_level_dense_point_results.csv,6847b812e35d4905dc7fc8252a9a66ca2aee6fbe,2026-07-29,5000,200,50000,1000,2026072001,2026072001,0-9444,STAGE09-2300,dense-074,merged-163,dense_verified_legacy
formal,CC-B-R23-S,1.7,1.7,3.546914308175988,0.65359477124183007,0.33804148769599091,459,0,12378,12378,2679421622655991048,1497,200,0.00040313459363386654,0.016157699143641947,0.98384230085635804,5.5268137017289289,569.39999999999998,402.26381483276674,590.20000000000005,5555.8999999999996,0.74577923476591867,0.73372915826299545,0.64303418356624709,TARGET_ERRORS_REACHED,0.0003832275238767619,0.00042407531384610323,0.014081950925797166,0.018533670923649284,,,dense_verified_legacy,archive/v01_20260729_before_two_level_grid_revision/stage09_two_level_dense_point_results.csv,6847b812e35d4905dc7fc8252a9a66ca2aee6fbe,2026-07-29,5000,200,50000,1000,2026072001,2026072001,0-12377,STAGE09-2300,dense-075,merged-164,dense_verified_legacy
formal,CC-B-R23-S,1.8,1.8,3.6469143081759876,0.65359477124183007,0.330346724003798,459,0,15977,15977,16778614886351710865,1487,200,0.00031023763326448435,0.012517994617262315,0.98748200538273767,6.5475183075671746,5844.1999999999998,479.77398760718415,840.5,24139.700000000001,0.62529442560280191,0.61746699334890187,0.64541307541355408,TARGET_ERRORS_REACHED,0.0002948670989249354,0.00032640912569246484,0.010907423064789784,0.014362927051711251,,,dense_verified_legacy,archive/v01_20260729_before_two_level_grid_revision/stage09_two_level_dense_point_results.csv,6847b812e35d4905dc7fc8252a9a66ca2aee6fbe,2026-07-29,5000,200,50000,1000,2026072001,2026072001,0-15976,STAGE09-2300,dense-076,merged-165,dense_verified_legacy
formal,CC-B-R23-S,1.8999999999999999,1.8999999999999999,3.7469143081759877,0.65359477124183007,0.32282711451732771,459,0,21875,21875,8536950023097274766,1412,200,0.00021516190476190476,0.0091428571428571435,0.99085714285714288,6.368086857142905,2468.5999999999999,469.52538057142914,800.5,74110.600000000006,0.6389430953336096,0.63310132989055945,0.64761904761904765,TARGET_ERRORS_REACHED,0.00020422919072200313,0.00022667973171636835,0.007964904413987083,0.010493178002341275,,,dense_verified_legacy,archive/v01_20260729_before_two_level_grid_revision/stage09_two_level_dense_point_results.csv,6847b812e35d4905dc7fc8252a9a66ca2aee6fbe,2026-07-29,5000,200,50000,1000,2026072001,2026072001,0-21874,STAGE09-2300,dense-077,merged-166,dense_verified_legacy
formal,CC-B-R23-S,2,2,3.8469143081759878,0.65359477124183007,0.31547867224009662,459,0,27433,27433,17068221236337576401,1366,200,0.00016598014556677481,0.0072904895563737108,0.99270951044362632,6.1442532716071367,1070.9000000000001,465.36524988153133,791.20000000000005,12947.4,0.64465492444133166,0.63995507444722721,0.6488297453879911,TARGET_ERRORS_REACHED,0.0001574091433780134,0.0001750177611793238,0.006350481894504602,0.008368466692445911,,,dense_verified_legacy,archive/v01_20260729_before_two_level_grid_revision/stage09_two_level_dense_point_results.csv,6847b812e35d4905dc7fc8252a9a66ca2aee6fbe,2026-07-29,5000,200,50000,1000,2026072001,2026072001,0-27432,STAGE09-2300,dense-078,merged-167,dense_verified_legacy
formal,CC-B-R23-S,2.5,2.5,4.3469143081759878,0.65359477124183007,0.28117066259517454,459,0,50000,50000,2314585527903299907,420,77,2.8e-05,0.0015399999999999999,0.99846000000000001,5.0091580000000713,745.20000000000005,383.11051600000081,505.69999999999999,19480.5,0.78306386139502204,0.78185794304847367,0.65258823529411769,MAX_FRAMES_REACHED,2.544719918275766e-05,3.0808883664926904e-05,0.0012324725271233878,0.0019241141313372462,,,coarse_20260729,runtime/revision_20260729_coarse/unit_046.csv,6cda1f14f29a8cbe42ad3dcdc8a443ab35368b58,2026-07-29,1000,200,50000,1000,2026072001,2026072001,0-49999,STAGE09-2300,coarse-093,merged-168,
formal,CC-B-R23-S,3,3,4.8469143081759878,0.65359477124183007,0.25059361681363618,459,0,50000,50000,2314585527903299907,59,12,3.9333333333333335e-06,0.00024000000000000001,0.99975999999999998,5.0798560000000172,254.40000000000001,389.51244800000035,516.29999999999995,3835.1999999999998,0.7701936139406762,0.77000876747333047,0.653437908496732,MAX_FRAMES_REACHED,3.0495964410310523e-06,5.0731654001315474e-06,0.00013730032744479353,0.0004194860715286174,,,coarse_20260729,runtime/revision_20260729_coarse/unit_047.csv,6cda1f14f29a8cbe42ad3dcdc8a443ab35368b58,2026-07-29,1000,200,50000,1000,2026072001,2026072001,0-49999,STAGE09-2300,coarse-095,merged-169,
formal,CC-B-R23-S,3.5,3.5,5.3469143081759878,0.65359477124183007,0.22334179607548157,459,0,50000,50000,2314585527903299907,15,4,9.9999999999999995e-07,8.0000000000000007e-05,0.99992000000000003,5.1062540000000238,1265.7,385.64489999999807,508.69999999999999,14776.6,0.77791771653145547,0.777855483114133,0.65354248366013079,MAX_FRAMES_REACHED,6.060394209046589e-07,1.6500572560281173e-06,3.111086355358979e-05,0.00020570011886754752,,,coarse_20260729,runtime/revision_20260729_coarse/unit_048.csv,6cda1f14f29a8cbe42ad3dcdc8a443ab35368b58,2026-07-29,1000,200,50000,1000,2026072001,2026072001,0-49999,STAGE09-2300,coarse-097,merged-170,
formal,CC-B-R23-S,4,4,5.8469143081759878,0.65359477124183007,0.19905358527674863,459,0,50000,50000,2314585527903299907,3,1,1.9999999999999999e-07,2.0000000000000002e-05,0.99997999999999998,5.0432579999998843,394.30000000000001,382.04195200000169,502.19999999999999,12887,0.78525407597121344,0.78523837088969395,0.6535816993464052,MAX_FRAMES_REACHED,6.801805083585822e-08,5.880790358524207e-07,3.530499822832098e-06,0.00011328970139120264,,,coarse_20260729,runtime/revision_20260729_coarse/unit_049.csv,6cda1f14f29a8cbe42ad3dcdc8a443ab35368b58,2026-07-29,1000,200,50000,1000,2026072001,2026072001,0-49999,STAGE09-2300,coarse-099,merged-171,
formal,CC-B-R23-S,4.5,4.5,6.3469143081759878,0.65359477124183007,0.17740669461678774,459,0,50000,50000,2314585527903299907,3,1,1.9999999999999999e-07,2.0000000000000002e-05,0.99997999999999998,4.9704859999999593,511.19999999999999,375.07746999999938,490.89999999999998,12357.1,0.79983476480205673,0.79981876810676067,0.6535816993464052,MAX_FRAMES_REACHED,6.801805083585822e-08,5.880790358524207e-07,3.530499822832098e-06,0.00011328970139120264,,,coarse_20260729,runtime/revision_20260729_coarse/unit_050.csv,6cda1f14f29a8cbe42ad3dcdc8a443ab35368b58,2026-07-29,1000,200,50000,1000,2026072001,2026072001,0-49999,STAGE09-2300,coarse-101,merged-172,
formal,CC-B-R23-S,5,5,6.8469143081759878,0.65359477124183007,0.15811388300841897,459,0,50000,50000,2314585527903299907,0,0,0,0,1,5.0577999999999701,736.20000000000005,386.64550799999961,507.5,14231.200000000001,0.77590452699634183,0.77590452699634183,0.65359477124183007,MAX_FRAMES_REACHED,0.0,2.5609718912715457e-07,0.0,7.682327414500052e-05,2.5609718912715457e-07,7.682327414500052e-05,coarse_20260729,runtime/revision_20260729_coarse/unit_051.csv,6cda1f14f29a8cbe42ad3dcdc8a443ab35368b58,2026-07-29,1000,200,50000,1000,2026072001,2026072001,0-49999,STAGE09-2300,coarse-103,merged-173,
formal,CC-B-R23-S,5.5,5.5,7.3469143081759878,0.65359477124183007,0.14091914656322269,459,0,50000,50000,2314585527903299907,0,0,0,0,1,5.0009119999999685,493.89999999999998,377.08794200000045,491.89999999999998,6946.8999999999996,0.79557038713266426,0.79557038713266426,0.65359477124183007,MAX_FRAMES_REACHED,0.0,2.5609718912715457e-07,0.0,7.682327414500052e-05,2.5609718912715457e-07,7.682327414500052e-05,coarse_20260729,runtime/revision_20260729_coarse/unit_052.csv,6cda1f14f29a8cbe42ad3dcdc8a443ab35368b58,2026-07-29,1000,200,50000,1000,2026072001,2026072001,0-49999,STAGE09-2300,coarse-105,merged-174,
formal,CC-B-R23-S,6,6,7.8469143081759878,0.65359477124183007,0.12559432157547901,459,0,50000,50000,2314585527903299907,0,0,0,0,1,4.8534739999999266,417,368.10889000000378,476.10000000000002,16447.900000000001,0.81497624249171741,0.81497624249171741,0.65359477124183007,MAX_FRAMES_REACHED,0.0,2.5609718912715457e-07,0.0,7.682327414500052e-05,2.5609718912715457e-07,7.682327414500052e-05,coarse_20260729,runtime/revision_20260729_coarse/unit_053.csv,6cda1f14f29a8cbe42ad3dcdc8a443ab35368b58,2026-07-29,1000,200,50000,1000,2026072001,2026072001,0-49999,STAGE09-2300,coarse-107,merged-175,
formal,CC-B-R23-S,6.5,6.5,8.3469143081759878,0.65359477124183007,0.11193605692841696,459,0,50000,50000,2314585527903299907,0,0,0,0,1,4.8488859999999407,670.89999999999998,361.95649199999741,463.39999999999998,2529.0999999999999,0.82882889692720896,0.82882889692720896,0.65359477124183007,MAX_FRAMES_REACHED,0.0,2.5609718912715457e-07,0.0,7.682327414500052e-05,2.5609718912715457e-07,7.682327414500052e-05,coarse_20260729,runtime/revision_20260729_coarse/unit_054.csv,6cda1f14f29a8cbe42ad3dcdc8a443ab35368b58,2026-07-29,1000,200,50000,1000,2026072001,2026072001,0-49999,STAGE09-2300,coarse-109,merged-176,
formal,CC-B-R23-S,7,7,8.8469143081759878,0.65359477124183007,0.099763115748444001,459,0,50000,50000,2314585527903299907,0,0,0,0,1,4.8323439999999733,416.80000000000001,362.83312999999828,466.19999999999999,2584.1999999999998,0.82682637056875541,0.82682637056875541,0.65359477124183007,MAX_FRAMES_REACHED,0.0,2.5609718912715457e-07,0.0,7.682327414500052e-05,2.5609718912715457e-07,7.682327414500052e-05,coarse_20260729,runtime/revision_20260729_coarse/unit_055.csv,6cda1f14f29a8cbe42ad3dcdc8a443ab35368b58,2026-07-29,1000,200,50000,1000,2026072001,2026072001,0-49999,STAGE09-2300,coarse-111,merged-177,
formal,CC-B-R23-S,7.5,7.5,9.3469143081759878,0.65359477124183007,0.088913970501946132,459,0,50000,50000,2314585527903299907,0,0,0,0,1,4.8339059999999252,194.09999999999999,363.53097400000104,465.60000000000002,4754.3999999999996,0.82523917205470132,0.82523917205470132,0.65359477124183007,MAX_FRAMES_REACHED,0.0,2.5609718912715457e-07,0.0,7.682327414500052e-05,2.5609718912715457e-07,7.682327414500052e-05,coarse_20260729,runtime/revision_20260729_coarse/unit_056.csv,6cda1f14f29a8cbe42ad3dcdc8a443ab35368b58,2026-07-29,1000,200,50000,1000,2026072001,2026072001,0-49999,STAGE09-2300,coarse-113,merged-178,
formal,CC-B-R23-S,8,8,9.8469143081759878,0.65359477124183007,0.079244659623055658,459,0,50000,50000,2314585527903299907,0,0,0,0,1,4.8277939999999555,219.19999999999999,360.73564400000043,465.10000000000002,13580.700000000001,0.83163392636631062,0.83163392636631062,0.65359477124183007,MAX_FRAMES_REACHED,0.0,2.5609718912715457e-07,0.0,7.682327414500052e-05,2.5609718912715457e-07,7.682327414500052e-05,coarse_20260729,runtime/revision_20260729_coarse/unit_057.csv,6cda1f14f29a8cbe42ad3dcdc8a443ab35368b58,2026-07-29,1000,200,50000,1000,2026072001,2026072001,0-49999,STAGE09-2300,coarse-115,merged-179,
formal,CC-B-R23-S,8.5,8.5,10.346914308175988,0.65359477124183007,0.070626877231137725,459,0,50000,50000,2314585527903299907,0,0,0,0,1,4.6706199999997642,183,352.79564799999929,449,9946.7000000000007,0.85035062564037245,0.85035062564037245,0.65359477124183007,MAX_FRAMES_REACHED,0.0,2.5609718912715457e-07,0.0,7.682327414500052e-05,2.5609718912715457e-07,7.682327414500052e-05,coarse_20260729,runtime/revision_20260729_coarse/unit_058.csv,6cda1f14f29a8cbe42ad3dcdc8a443ab35368b58,2026-07-29,1000,200,50000,1000,2026072001,2026072001,0-49999,STAGE09-2300,coarse-117,merged-180,
formal,CC-B-R23-S,9,9,10.846914308175988,0.65359477124183007,0.06294627058970835,459,0,50000,50000,2314585527903299907,0,0,0,0,1,4.7701459999998539,386.30000000000001,359.84892999999852,463.69999999999999,5649.8999999999996,0.83368317921634849,0.83368317921634849,0.65359477124183007,MAX_FRAMES_REACHED,0.0,2.5609718912715457e-07,0.0,7.682327414500052e-05,2.5609718912715457e-07,7.682327414500052e-05,coarse_20260729,runtime/revision_20260729_coarse/unit_059.csv,6cda1f14f29a8cbe42ad3dcdc8a443ab35368b58,2026-07-29,1000,200,50000,1000,2026072001,2026072001,0-49999,STAGE09-2300,coarse-119,merged-181,
formal,CC-B-R23-S,9.5,9.5,11.346914308175988,0.65359477124183007,0.05610092271509818,459,0,50000,50000,2314585527903299907,0,0,0,0,1,4.6691279999997883,438.19999999999999,351.41565199999872,446.19999999999999,3896.8000000000002,0.85368992044782654,0.85368992044782654,0.65359477124183007,MAX_FRAMES_REACHED,0.0,2.5609718912715457e-07,0.0,7.682327414500052e-05,2.5609718912715457e-07,7.682327414500052e-05,coarse_20260729,runtime/revision_20260729_coarse/unit_060.csv,6cda1f14f29a8cbe42ad3dcdc8a443ab35368b58,2026-07-29,1000,200,50000,1000,2026072001,2026072001,0-49999,STAGE09-2300,coarse-121,merged-182,
formal,CC-B-R23-S,10,10,11.846914308175988,0.65359477124183007,0.050000000000000003,459,0,50000,50000,2314585527903299907,0,0,0,0,1,4.6278159999998101,198.69999999999999,346.82934000000114,437.89999999999998,2252.9000000000001,0.86497872411832,0.86497872411832,0.65359477124183007,MAX_FRAMES_REACHED,0.0,2.5609718912715457e-07,0.0,7.682327414500052e-05,2.5609718912715457e-07,7.682327414500052e-05,coarse_20260729,runtime/revision_20260729_coarse/unit_061.csv,6cda1f14f29a8cbe42ad3dcdc8a443ab35368b58,2026-07-29,1000,200,50000,1000,2026072001,2026072001,0-49999,STAGE09-2300,coarse-123,merged-183,
formal,CC-B-R34-H,-5,-5,-3.6646109162978253,0.73529411764705888,1.5811388300841895,408,0,1000,1000,11397846946697916867,146916,1000,0.48971999999999999,1,0,4.4806000000000035,35.299999999999997,264.1924000000003,319.39999999999998,553.20000000000005,1.1355360714388441,0,0,TARGET_ERRORS_REACHED,0.48793132713472476,0.491508936129882,0.996173241514445,1.0,,,coarse_20260729,runtime/revision_20260729_coarse/unit_062.csv,6cda1f14f29a8cbe42ad3dcdc8a443ab35368b58,2026-07-29,1000,200,50000,1000,2026072001,2026072001,0-999,STAGE09-3400,coarse-124,merged-184,
formal,CC-B-R34-H,-4.5,-4.5,-3.1646109162978253,0.73529411764705888,1.4091914656322269,408,0,1000,1000,11397846946697916867,146109,1000,0.48703000000000002,1,0,4.5507,53.5,263.36250000000018,326.30000000000001,580.39999999999998,1.1391143386017364,0,0,TARGET_ERRORS_REACHED,0.4852415854377381,0.4888187467161481,0.996173241514445,1.0,,,coarse_20260729,runtime/revision_20260729_coarse/unit_063.csv,6cda1f14f29a8cbe42ad3dcdc8a443ab35368b58,2026-07-29,1000,200,50000,1000,2026072001,2026072001,0-999,STAGE09-3400,coarse-126,merged-185,
formal,CC-B-R34-H,-4,-4,-2.6646109162978253,0.73529411764705888,1.2559432157547903,408,0,1000,1000,11397846946697916867,145650,1000,0.48549999999999999,1,0,4.4546000000000081,67.099999999999994,251.60800000000026,317.30000000000001,746.5,1.1923309274744829,0,0,TARGET_ERRORS_REACHED,0.483711755479429,0.48728861585683536,0.996173241514445,1.0,,,coarse_20260729,runtime/revision_20260729_coarse/unit_064.csv,6cda1f14f29a8cbe42ad3dcdc8a443ab35368b58,2026-07-29,1000,200,50000,1000,2026072001,2026072001,0-999,STAGE09-3400,coarse-128,merged-186,
formal,CC-B-R34-H,-3.5,-3.5,-2.1646109162978253,0.73529411764705888,1.1193605692841697,408,0,1000,1000,11397846946697916867,144164,1000,0.48054666666666668,1,0,4.6702000000000012,42.200000000000003,261.93669999999997,329.80000000000001,539.5,1.145314879510966,0,0,TARGET_ERRORS_REACHED,0.4787590877362046,0.4823347437852757,0.996173241514445,1.0,,,coarse_20260729,runtime/revision_20260729_coarse/unit_065.csv,6cda1f14f29a8cbe42ad3dcdc8a443ab35368b58,2026-07-29,1000,200,50000,1000,2026072001,2026072001,0-999,STAGE09-3400,coarse-130,merged-187,
formal,CC-B-R34-H,-3,-3,-1.6646109162978253,0.73529411764705888,0.99763115748443987,408,0,1000,1000,11397846946697916867,142344,1000,0.47448000000000001,1,0,4.6888999999999852,19.699999999999999,284.03600000000012,352.5,696.60000000000002,1.056204143136785,0,0,TARGET_ERRORS_REACHED,0.47269347606060386,0.4762671774912216,0.996173241514445,1.0,,,coarse_20260729,runtime/revision_20260729_coarse/unit_066.csv,6cda1f14f29a8cbe42ad3dcdc8a443ab35368b58,2026-07-29,1000,200,50000,1000,2026072001,2026072001,0-999,STAGE09-3400,coarse-132,merged-188,
formal,CC-B-R34-H,-2.5,-2.5,-1.1646109162978253,0.73529411764705888,0.88913970501946138,408,0,1000,1000,11397846946697916867,139941,1000,0.46647,1,0,4.6135000000000037,26.699999999999999,270.25490000000002,333.89999999999998,495.39999999999998,1.1100631292901626,0,0,TARGET_ERRORS_REACHED,0.4646852741506837,0.468255584532416,0.996173241514445,1.0,,,coarse_20260729,runtime/revision_20260729_coarse/unit_067.csv,6cda1f14f29a8cbe42ad3dcdc8a443ab35368b58,2026-07-29,1000,200,50000,1000,2026072001,2026072001,0-999,STAGE09-3400,coarse-134,merged-189,
formal,CC-B-R34-H,-2,-2,-0.66461091629782532,0.73529411764705888,0.79244659623055669,408,0,1000,1000,11397846946697916867,136430,1000,0.45476666666666665,1,0,4.6334999999999891,42.299999999999997,267.09150000000011,334.80000000000001,1102.9000000000001,1.1232105851365539,0,0,TARGET_ERRORS_REACHED,0.452985399655354,0.45654909207639494,0.996173241514445,1.0,,,coarse_20260729,runtime/revision_20260729_coarse/unit_068.csv,6cda1f14f29a8cbe42ad3dcdc8a443ab35368b58,2026-07-29,1000,200,50000,1000,2026072001,2026072001,0-999,STAGE09-3400,coarse-136,merged-190,
formal,CC-B-R34-H,-1.5,-1.5,-0.16461091629782532,0.73529411764705888,0.70626877231137719,408,0,1000,1000,11397846946697916867,131953,1000,0.43984333333333331,1,0,5.1458999999999957,374.80000000000001,304.19909999999976,374,13356.799999999999,0.98619621162587345,0,0,TARGET_ERRORS_REACHED,0.4380679174462766,0.4416202897963818,0.996173241514445,1.0,,,coarse_20260729,runtime/revision_20260729_coarse/unit_069.csv,6cda1f14f29a8cbe42ad3dcdc8a443ab35368b58,2026-07-29,1000,200,50000,1000,2026072001,2026072001,0-999,STAGE09-3400,coarse-138,merged-191,
formal,CC-B-R34-H,-1,-1,0.33538908370217468,0.73529411764705888,0.62946270589708364,408,0,1000,1000,11397846946697916867,125072,1000,0.41690666666666665,1,0,4.5879000000000012,35.5,265.32390000000026,332.19999999999999,974.10000000000002,1.1306934656093919,0,0,TARGET_ERRORS_REACHED,0.41514342745885924,0.4186720338446809,0.996173241514445,1.0,,,coarse_20260729,runtime/revision_20260729_coarse/unit_070.csv,6cda1f14f29a8cbe42ad3dcdc8a443ab35368b58,2026-07-29,1000,200,50000,1000,2026072001,2026072001,0-999,STAGE09-3400,coarse-140,merged-192,
formal,CC-B-R34-H,-0.5,-0.5,0.83538908370217468,0.73529411764705888,0.56100922715098167,408,0,1000,1000,11397846946697916867,114772,1000,0.38257333333333332,1,0,4.4592999999999989,28,261.78529999999978,331.69999999999999,661.79999999999995,1.1459772569353599,0,0,TARGET_ERRORS_REACHED,0.38083569558342584,0.3843139783094301,0.996173241514445,1.0,,,coarse_20260729,runtime/revision_20260729_coarse/unit_071.csv,6cda1f14f29a8cbe42ad3dcdc8a443ab35368b58,2026-07-29,1000,200,50000,1000,2026072001,2026072001,0-999,STAGE09-3400,coarse-142,merged-193,
formal,CC-B-R34-H,0,0,1.3353890837021747,0.73529411764705888,0.5,408,0,1000,1000,11397846946697916867,99866,999,0.33288666666666666,0.999,0.0010000000000000009,4.5761999999999983,23,273.67209999999972,333.10000000000002,653.10000000000002,1.0962023531079723,0.0010962023531079733,0.00073529411764705957,TARGET_ERRORS_REACHED,0.33120251347846347,0.3345750995266585,0.9943574414020421,0.9998234536293739,,,coarse_20260729,runtime/revision_20260729_coarse/unit_072.csv,6cda1f14f29a8cbe42ad3dcdc8a443ab35368b58,2026-07-29,1000,200,50000,1000,2026072001,2026072001,0-999,STAGE09-3400,coarse-144,merged-194,
formal,CC-B-R34-H,0.5,0.5,1.8353890837021747,0.73529411764705888,0.44562546906687278,408,0,1000,1000,11397846946697916867,82930,996,0.27643333333333331,0.996,0.0040000000000000036,4.4493000000000027,25.399999999999999,254.20769999999987,313.80000000000001,548.60000000000002,1.1801373443841401,0.0047205493775365646,0.0029411764705882383,TARGET_ERRORS_REACHED,0.2748358280366153,0.27803656403769617,0.9897604437227377,0.9984434118595916,,,coarse_20260729,runtime/revision_20260729_coarse/unit_073.csv,6cda1f14f29a8cbe42ad3dcdc8a443ab35368b58,2026-07-29,1000,200,50000,1000,2026072001,2026072001,0-999,STAGE09-3400,coarse-146,merged-195,
formal,CC-B-R34-H,1,1,2.3353890837021747,0.73529411764705888,0.39716411736214075,408,0,1000,1000,11397846946697916867,60685,979,0.20228333333333334,0.97899999999999998,0.021000000000000019,4.8616999999999955,109.09999999999999,280.76799999999952,345.69999999999999,690.79999999999995,1.0684978345110572,0.02243845452473222,0.01544117647058825,TARGET_ERRORS_REACHED,0.20084970263193108,0.20372458837920843,0.9681097049387625,0.9862242604320758,,,coarse_20260729,runtime/revision_20260729_coarse/unit_074.csv,6cda1f14f29a8cbe42ad3dcdc8a443ab35368b58,2026-07-29,1000,200,50000,1000,2026072001,2026072001,0-999,STAGE09-3400,coarse-148,merged-196,
formal,CC-B-R34-H,1.5,1.5,2.8353890837021747,0.73529411764705888,0.35397289219206896,408,0,1000,1000,11397846946697916867,40288,921,0.13429333333333332,0.92100000000000004,0.078999999999999959,4.8609999999999998,254.09999999999999,274.05410000000006,337.60000000000002,664.89999999999998,1.0946743726877282,0.086479275442330486,0.058088235294117621,TARGET_ERRORS_REACHED,0.1330779018745729,0.13551813031950577,0.9026250851159918,0.9361527842391708,,,coarse_20260729,runtime/revision_20260729_coarse/unit_075.csv,6cda1f14f29a8cbe42ad3dcdc8a443ab35368b58,2026-07-29,1000,200,50000,1000,2026072001,2026072001,0-999,STAGE09-3400,coarse-150,merged-197,
formal,CC-B-R34-H,2,2,3.3353890837021747,0.73529411764705888,0.31547867224009662,408,0,5000,5000,8320246021676229635,122376,3941,0.081584000000000004,0.78820000000000001,0.21179999999999999,6.6734799999999961,1435.8,384.41174000000063,677.89999999999998,6311.1000000000004,0.78041321006481101,0.16529151789172697,0.15573529411764706,TARGET_ERRORS_REACHED,0.08114701979618126,0.08202312330210891,0.776655776142076,0.7993017204567932,,,dense_verified_legacy,archive/v01_20260729_before_two_level_grid_revision/stage09_two_level_dense_point_results.csv,6847b812e35d4905dc7fc8252a9a66ca2aee6fbe,2026-07-29,5000,200,50000,1000,2026072001,2026072001,0-4999,STAGE09-3400,dense-079,merged-198,dense_verified_legacy
formal,CC-B-R34-H,2.1000000000000001,2.1000000000000001,3.4353890837021748,0.73529411764705888,0.3082975009307411,408,0,5000,5000,8320246021676229635,107461,3722,0.071640666666666672,0.74439999999999995,0.25560000000000005,6.6692800000000059,573.89999999999998,378.34698000000014,670.89999999999998,3178.3000000000002,0.79292294073551184,0.20267110365199686,0.18794117647058828,TARGET_ERRORS_REACHED,0.07122905718605088,0.07205447017464958,0.7321249914358698,0.7562997558533862,,,dense_verified_legacy,archive/v01_20260729_before_two_level_grid_revision/stage09_two_level_dense_point_results.csv,6847b812e35d4905dc7fc8252a9a66ca2aee6fbe,2026-07-29,5000,200,50000,1000,2026072001,2026072001,0-4999,STAGE09-3400,dense-080,merged-199,dense_verified_legacy
formal,CC-B-R34-H,2.2000000000000002,2.2000000000000002,3.5353890837021749,0.73529411764705888,0.30127979303717889,408,0,5000,5000,8320246021676229635,93855,3506,0.062570000000000001,0.70120000000000005,0.29879999999999995,6.3807200000000028,1003.9,357.67998000000028,583.70000000000005,5176.6999999999998,0.8387385841388153,0.25061508894067797,0.21970588235294117,TARGET_ERRORS_REACHED,0.062183544828167465,0.0629586956585373,0.688362018966173,0.7137290577711362,,,dense_verified_legacy,archive/v01_20260729_before_two_level_grid_revision/stage09_two_level_dense_point_results.csv,6847b812e35d4905dc7fc8252a9a66ca2aee6fbe,2026-07-29,5000,200,50000,1000,2026072001,2026072001,0-4999,STAGE09-3400,dense-081,merged-200,dense_verified_legacy
formal,CC-B-R34-H,2.2999999999999998,2.2999999999999998,3.6353890837021745,0.73529411764705888,0.29442182767779446,408,0,5000,5000,8320246021676229635,82649,3273,0.055099333333333333,0.65459999999999996,0.34540000000000004,6.1677599999999906,481.60000000000002,375.07849999999985,651,11782.5,0.79983256838235228,0.27626216911926449,0.25397058823529417,TARGET_ERRORS_REACHED,0.05473532357950787,0.05546562183811004,0.6413059345074777,0.6676566920511106,,,dense_verified_legacy,archive/v01_20260729_before_two_level_grid_revision/stage09_two_level_dense_point_results.csv,6847b812e35d4905dc7fc8252a9a66ca2aee6fbe,2026-07-29,5000,200,50000,1000,2026072001,2026072001,0-4999,STAGE09-3400,dense-082,merged-201,dense_verified_legacy
formal,CC-B-R34-H,2.3999999999999999,2.3999999999999999,3.7353890837021746,0.73529411764705888,0.28771996866857846,408,0,5000,5000,8320246021676229635,71373,3045,0.047581999999999999,0.60899999999999999,0.39100000000000001,6.7816000000000045,1802.3,370.9685000000004,644,5866.6000000000004,0.80869399962530419,0.31619935385349396,0.28750000000000003,TARGET_ERRORS_REACHED,0.047242484179245745,0.04792383307497548,0.5953955430800218,0.6224370978959556,,,dense_verified_legacy,archive/v01_20260729_before_two_level_grid_revision/stage09_two_level_dense_point_results.csv,6847b812e35d4905dc7fc8252a9a66ca2aee6fbe,2026-07-29,5000,200,50000,1000,2026072001,2026072001,0-4999,STAGE09-3400,dense-083,merged-202,dense_verified_legacy
formal,CC-B-R34-H,2.5,2.5,3.8353890837021747,0.73529411764705888,0.28117066259517454,408,0,5000,5000,8320246021676229635,62008,2818,0.041338666666666669,0.56359999999999999,0.43640000000000001,6.5563600000000122,745.10000000000002,381.11100000000027,687.29999999999995,7590.3999999999996,0.78717224115808726,0.34352196604138929,0.32088235294117651,TARGET_ERRORS_REACHED,0.041021263345999204,0.041658419219484,0.5498099025059843,0.5772924458066045,,,dense_verified_legacy,archive/v01_20260729_before_two_level_grid_revision/stage09_two_level_dense_point_results.csv,6847b812e35d4905dc7fc8252a9a66ca2aee6fbe,2026-07-29,5000,200,50000,1000,2026072001,2026072001,0-4999,STAGE09-3400,dense-084,merged-203,dense_verified_legacy
formal,CC-B-R34-H,2.6000000000000001,2.6000000000000001,3.9353890837021748,0.73529411764705888,0.27477043692881226,408,0,5000,5000,8320246021676229635,52733,2568,0.03515533333333333,0.51359999999999995,0.48640000000000005,5.9419199999999925,494.60000000000002,364.63903999999991,609.70000000000005,2686.0999999999999,0.8227314332551996,0.40017656913532912,0.35764705882352948,TARGET_ERRORS_REACHED,0.03486179011036966,0.035451257459059596,0.49974096361638204,0.5274381548907123,,,dense_verified_legacy,archive/v01_20260729_before_two_level_grid_revision/stage09_two_level_dense_point_results.csv,6847b812e35d4905dc7fc8252a9a66ca2aee6fbe,2026-07-29,5000,200,50000,1000,2026072001,2026072001,0-4999,STAGE09-3400,dense-085,merged-204,dense_verified_legacy
formal,CC-B-R34-H,2.7000000000000002,2.7000000000000002,4.0353890837021744,0.73529411764705888,0.26851589818512633,408,0,5000,5000,8320246021676229635,45015,2318,0.030009999999999998,0.46360000000000001,0.53639999999999999,6.0602199999999788,317.60000000000002,377.20815999999934,651.29999999999995,6429.8000000000002,0.7953168351395169,0.42660795036883686,0.39441176470588235,TARGET_ERRORS_REACHED,0.02973816584381683,0.030284241412993105,0.449810958688873,0.47744493001272725,,,dense_verified_legacy,archive/v01_20260729_before_two_level_grid_revision/stage09_two_level_dense_point_results.csv,6847b812e35d4905dc7fc8252a9a66ca2aee6fbe,2026-07-29,5000,200,50000,1000,2026072001,2026072001,0-4999,STAGE09-3400,dense-086,merged-205,dense_verified_legacy
formal,CC-B-R34-H,2.7999999999999998,2.7999999999999998,4.1353890837021741,0.73529411764705888,0.26240373012488633,408,0,5000,5000,8320246021676229635,38306,2083,0.025537333333333332,0.41660000000000003,0.58339999999999992,6.3683199999999944,611.79999999999995,374.82637999999986,659.89999999999998,15356.6,0.80037056089808867,0.46693618522794489,0.4289705882352941,TARGET_ERRORS_REACHED,0.025286097290620195,0.025790999541550827,0.4030042390563258,0.43032381362810984,,,dense_verified_legacy,archive/v01_20260729_before_two_level_grid_revision/stage09_two_level_dense_point_results.csv,6847b812e35d4905dc7fc8252a9a66ca2aee6fbe,2026-07-29,5000,200,50000,1000,2026072001,2026072001,0-4999,STAGE09-3400,dense-087,merged-206,dense_verified_legacy
formal,CC-B-R34-H,2.8999999999999999,2.8999999999999999,4.2353890837021746,0.73529411764705888,0.25643069199568247,408,0,5000,5000,8320246021676229635,32491,1854,0.021660666666666668,0.37080000000000002,0.62919999999999998,6.1722999999999981,436.10000000000002,354.32847999999899,599.5,2783.8000000000002,0.84667199204534971,0.53272601739493397,0.46264705882352941,TARGET_ERRORS_REACHED,0.021428927805172023,0.021894855549688636,0.35751560191590004,0.3842827722667028,,,dense_verified_legacy,archive/v01_20260729_before_two_level_grid_revision/stage09_two_level_dense_point_results.csv,6847b812e35d4905dc7fc8252a9a66ca2aee6fbe,2026-07-29,5000,200,50000,1000,2026072001,2026072001,0-4999,STAGE09-3400,dense-088,merged-207,dense_verified_legacy
formal,CC-B-R34-H,3,3,4.3353890837021751,0.73529411764705888,0.25059361681363618,408,0,5000,5000,8320246021676229635,26475,1622,0.017649999999999999,0.32440000000000002,0.67559999999999998,5.994799999999989,200.80000000000001,352.75598000000059,580.79999999999995,3473.8000000000002,0.85044624899058974,0.57456148581804245,0.49676470588235294,TARGET_ERRORS_REACHED,0.017440510871653568,0.0178619596922356,0.3115628659032052,0.33750675101989897,,,dense_verified_legacy,archive/v01_20260729_before_two_level_grid_revision/stage09_two_level_dense_point_results.csv,6847b812e35d4905dc7fc8252a9a66ca2aee6fbe,2026-07-29,5000,200,50000,1000,2026072001,2026072001,0-4999,STAGE09-3400,dense-089,merged-208,dense_verified_legacy
formal,CC-B-R34-H,3.1000000000000001,3.1000000000000001,4.4353890837021748,0.73529411764705888,0.24488940968422312,408,0,5000,5000,8320246021676229635,21460,1397,0.014306666666666667,0.27939999999999998,0.72060000000000002,6.161919999999971,750.5,344.50809999999933,553.20000000000005,11467.700000000001,0.87080681121866388,0.62750338816416917,0.52985294117647064,TARGET_ERRORS_REACHED,0.014117867743083419,0.014497953278464993,0.2671357536572877,0.2920029564408715,,,dense_verified_legacy,archive/v01_20260729_before_two_level_grid_revision/stage09_two_level_dense_point_results.csv,6847b812e35d4905dc7fc8252a9a66ca2aee6fbe,2026-07-29,5000,200,50000,1000,2026072001,2026072001,0-4999,STAGE09-3400,dense-090,merged-209,dense_verified_legacy
formal,CC-B-R34-H,3.2000000000000002,3.2000000000000002,4.5353890837021744,0.73529411764705888,0.23931504616131916,408,0,5000,5000,8320246021676229635,17992,1227,0.011994666666666667,0.24540000000000001,0.75459999999999994,5.922919999999996,573.29999999999995,335.2101799999989,539.29999999999995,2056.5,0.89496088692772091,0.67533748527565818,0.55485294117647055,TARGET_ERRORS_REACHED,0.01182170092174447,0.012170131941710675,0.23367067771150613,0.25752023611891706,,,dense_verified_legacy,archive/v01_20260729_before_two_level_grid_revision/stage09_two_level_dense_point_results.csv,6847b812e35d4905dc7fc8252a9a66ca2aee6fbe,2026-07-29,5000,200,50000,1000,2026072001,2026072001,0-4999,STAGE09-3400,dense-091,merged-210,dense_verified_legacy
formal,CC-B-R34-H,3.2999999999999998,3.2999999999999998,4.6353890837021741,0.73529411764705888,0.23386757064359914,408,0,5000,5000,8320246021676229635,14566,1048,0.0097106666666666661,0.20960000000000001,0.79039999999999999,5.9851799999999873,409.80000000000001,371.38676000000106,674.29999999999995,6995.5,0.80778323923017381,0.63847187228752933,0.58117647058823529,TARGET_ERRORS_REACHED,0.00955498671427071,0.00986885784767707,0.19854317001186916,0.2211027112778201,,,dense_verified_legacy,archive/v01_20260729_before_two_level_grid_revision/stage09_two_level_dense_point_results.csv,6847b812e35d4905dc7fc8252a9a66ca2aee6fbe,2026-07-29,5000,200,50000,1000,2026072001,2026072001,0-4999,STAGE09-3400,dense-092,merged-211,dense_verified_legacy
formal,CC-B-R34-H,3.3999999999999999,3.3999999999999999,4.7353890837021746,0.73529411764705888,0.22854409480743751,408,0,5000,5000,8320246021676229635,12111,906,0.0080739999999999996,0.1812,0.81879999999999997,6.0213200000000118,505.69999999999999,339.31997999999993,539.39999999999998,4018.4000000000001,0.88412123565491207,0.72391846775424196,0.60205882352941176,TARGET_ERRORS_REACHED,0.007932040119707991,0.008218479491801788,0.17076948244577778,0.1921200043143907,,,dense_verified_legacy,archive/v01_20260729_before_two_level_grid_revision/stage09_two_level_dense_point_results.csv,6847b812e35d4905dc7fc8252a9a66ca2aee6fbe,2026-07-29,5000,200,50000,1000,2026072001,2026072001,0-4999,STAGE09-3400,dense-093,merged-212,dense_verified_legacy
formal,CC-B-R34-H,3.5,3.5,4.8353890837021751,0.73529411764705888,0.22334179607548157,408,0,5000,5000,8320246021676229635,9673,763,0.0064486666666666668,0.15260000000000001,0.84739999999999993,6.3552400000000038,530,364.39050000000026,623,9444.8999999999996,0.82329259407146949,0.69765814421616323,0.62308823529411761,TARGET_ERRORS_REACHED,0.006321829444073703,0.006578031825616187,0.14289949570595864,0.1628339036054671,,,dense_verified_legacy,archive/v01_20260729_before_two_level_grid_revision/stage09_two_level_dense_point_results.csv,6847b812e35d4905dc7fc8252a9a66ca2aee6fbe,2026-07-29,5000,200,50000,1000,2026072001,2026072001,0-4999,STAGE09-3400,dense-094,merged-213,dense_verified_legacy
formal,CC-B-R34-H,3.6000000000000001,3.6000000000000001,4.9353890837021748,0.73529411764705888,0.21825791612008297,408,0,5000,5000,8320246021676229635,7859,640,0.0052393333333333337,0.128,0.872,5.771619999999988,394.89999999999998,318.86021999999969,495,1537.9000000000001,0.9408511353344744,0.82042219001166172,0.64117647058823535,TARGET_ERRORS_REACHED,0.005125062267051568,0.005356138530094727,0.11902440921753857,0.137546761029584,,,dense_verified_legacy,archive/v01_20260729_before_two_level_grid_revision/stage09_two_level_dense_point_results.csv,6847b812e35d4905dc7fc8252a9a66ca2aee6fbe,2026-07-29,5000,200,50000,1000,2026072001,2026072001,0-4999,STAGE09-3400,dense-095,merged-214,dense_verified_legacy
formal,CC-B-R34-H,3.7000000000000002,3.7000000000000002,5.0353890837021744,0.73529411764705888,0.21328975940079634,408,0,5000,5000,8320246021676229635,6459,537,0.0043059999999999999,0.1074,0.89260000000000006,6.5496400000000214,1571.0999999999999,357.27302000000134,608.79999999999995,2627.8000000000002,0.83969396849501499,0.74951083627865045,0.65632352941176475,TARGET_ERRORS_REACHED,0.004202476103754323,0.004412062807195151,0.09911729977017782,0.11628549979708104,,,dense_verified_legacy,archive/v01_20260729_before_two_level_grid_revision/stage09_two_level_dense_point_results.csv,6847b812e35d4905dc7fc8252a9a66ca2aee6fbe,2026-07-29,5000,200,50000,1000,2026072001,2026072001,0-4999,STAGE09-3400,dense-096,merged-215,dense_verified_legacy
formal,CC-B-R34-H,3.7999999999999998,3.7999999999999998,5.1353890837021741,0.73529411764705888,0.20843469173516771,408,0,5000,5000,8320246021676229635,5013,453,0.0033419999999999999,0.0906,0.90939999999999999,5.9357599999999966,438.5,336.16426000000024,544.5,9542.2000000000007,0.89242086591834535,0.81156753546614324,0.66867647058823532,TARGET_ERRORS_REACHED,0.00325090438239199,0.003435639466099908,0.08295496271923773,0.09887363163337505,,,dense_verified_legacy,archive/v01_20260729_before_two_level_grid_revision/stage09_two_level_dense_point_results.csv,6847b812e35d4905dc7fc8252a9a66ca2aee6fbe,2026-07-29,5000,200,50000,1000,2026072001,2026072001,0-4999,STAGE09-3400,dense-097,merged-216,dense_verified_legacy
formal,CC-B-R34-H,3.8999999999999999,3.8999999999999999,5.2353890837021746,0.73529411764705888,0.20369013890205634,408,0,5000,5000,8320246021676229635,3998,379,0.0026653333333333334,0.075800000000000006,0.92420000000000002,6.8725800000000028,1074.9000000000001,382.8448000000007,719.29999999999995,5953.5,0.78360735211761912,0.72420991482710362,0.67955882352941188,TARGET_ERRORS_REACHED,0.002584088767600056,0.0027491252133991467,0.06878488793016559,0.0834664304000209,,,dense_verified_legacy,archive/v01_20260729_before_two_level_grid_revision/stage09_two_level_dense_point_results.csv,6847b812e35d4905dc7fc8252a9a66ca2aee6fbe,2026-07-29,5000,200,50000,1000,2026072001,2026072001,0-4999,STAGE09-3400,dense-098,merged-217,dense_verified_legacy
formal,CC-B-R34-H,4,4,5.3353890837021751,0.73529411764705888,0.19905358527674863,408,0,5000,5000,8320246021676229635,3073,306,0.0020486666666666665,0.061199999999999997,0.93879999999999997,5.7909800000000384,296.10000000000002,326.09482000000014,522.60000000000002,3656.5,0.91997781504164911,0.86367517276110017,0.69029411764705884,TARGET_ERRORS_REACHED,0.0019775717198772143,0.0021223120863133734,0.05488694601595171,0.06818678921103043,,,dense_verified_legacy,archive/v01_20260729_before_two_level_grid_revision/stage09_two_level_dense_point_results.csv,6847b812e35d4905dc7fc8252a9a66ca2aee6fbe,2026-07-29,5000,200,50000,1000,2026072001,2026072001,0-4999,STAGE09-3400,dense-099,merged-218,dense_verified_legacy
formal,CC-B-R34-H,4.5,4.5,5.8353890837021751,0.73529411764705888,0.17740669461678774,408,0,8754,8754,16117693325347508168,1869,200,0.00071167466301119491,0.022846698652044778,0.97715330134795519,4.7502170436371971,871.39999999999998,262.0712474297456,328.5,1125.0999999999999,1.1447268746275652,1.1185736446840522,0.71849507452055539,TARGET_ERRORS_REACHED,0.000680143731526917,0.0007446662545639387,0.019919734427687175,0.026192251124866343,,,coarse_20260729,runtime/revision_20260729_coarse/unit_081.csv,6cda1f14f29a8cbe42ad3dcdc8a443ab35368b58,2026-07-29,1000,200,50000,1000,2026072001,2026072001,0-8753,STAGE09-3400,coarse-162,merged-219,
formal,CC-B-R34-H,5,5,6.3353890837021751,0.73529411764705888,0.15811388300841897,408,0,29996,29996,1576502232705031959,1686,200,0.00018735831444192559,0.0066675556740898789,0.99333244432591017,4.6505667422322468,190.5,266.76792905720748,336.19999999999999,2205.6999999999998,1.1245729614509472,1.117074808620897,0.73039150318081636,TARGET_ERRORS_REACHED,0.0001786267856375365,0.00019651656877893523,0.005807648099995596,0.007653805000515866,,,coarse_20260729,runtime/revision_20260729_coarse/unit_082.csv,6cda1f14f29a8cbe42ad3dcdc8a443ab35368b58,2026-07-29,1000,200,50000,1000,2026072001,2026072001,0-29995,STAGE09-3400,coarse-164,merged-220,
formal,CC-B-R34-H,5.5,5.5,6.8353890837021751,0.73529411764705888,0.14091914656322269,408,0,50000,50000,2314585527903299907,729,106,4.8600000000000002e-05,0.0021199999999999999,0.99787999999999999,4.7370339999999471,425.5,269.5684600000007,343.80000000000001,12944.1,1.1128898388186779,1.1105305123603824,0.73373529411764715,MAX_FRAMES_REACHED,4.51978645156536e-05,5.225820778082678e-05,0.0017533005834367633,0.002563196960025862,,,coarse_20260729,runtime/revision_20260729_coarse/unit_083.csv,6cda1f14f29a8cbe42ad3dcdc8a443ab35368b58,2026-07-29,1000,200,50000,1000,2026072001,2026072001,0-49999,STAGE09-3400,coarse-166,merged-221,
formal,CC-B-R34-H,6,6,7.3353890837021751,0.73529411764705888,0.12559432157547901,408,0,50000,50000,2314585527903299907,150,26,1.0000000000000001e-05,0.00051999999999999995,0.99948000000000004,5.4618840000000279,2253.0999999999999,303.05347800000033,423.10000000000002,17900.599999999999,0.98992429316386088,0.98940953253141573,0.73491176470588238,MAX_FRAMES_REACHED,8.52263578438085e-06,1.1733456282802522e-05,0.0003549024872305227,0.0007618408907093669,,,coarse_20260729,runtime/revision_20260729_coarse/unit_084.csv,6cda1f14f29a8cbe42ad3dcdc8a443ab35368b58,2026-07-29,1000,200,50000,1000,2026072001,2026072001,0-49999,STAGE09-3400,coarse-168,merged-222,
formal,CC-B-R34-H,6.5,6.5,7.8353890837021751,0.73529411764705888,0.11193605692841696,408,0,50000,50000,2314585527903299907,23,6,1.5333333333333334e-06,0.00012,0.99987999999999999,5.6647439999999598,1221.0999999999999,320.11704399999741,460.60000000000002,25208.200000000001,0.93715722303121862,0.93704476416445481,0.73520588235294126,MAX_FRAMES_REACHED,1.0217894022472197e-06,2.3009736681818883e-06,5.499819993250663e-05,0.00026180663662669906,,,coarse_20260729,runtime/revision_20260729_coarse/unit_085.csv,6cda1f14f29a8cbe42ad3dcdc8a443ab35368b58,2026-07-29,1000,200,50000,1000,2026072001,2026072001,0-49999,STAGE09-3400,coarse-170,merged-223,
formal,CC-B-R34-H,7,7,8.3353890837021751,0.73529411764705888,0.099763115748444001,408,0,50000,50000,2314585527903299907,5,2,3.3333333333333335e-07,4.0000000000000003e-05,0.99995999999999996,5.8331879999999066,4266.1000000000004,332.19393000000218,497.30000000000001,33294.199999999997,0.90308694081194685,0.90305081733431436,0.73526470588235293,MAX_FRAMES_REACHED,1.4238008397552723e-07,7.803836010868345e-07,1.0969511301390302e-05,0.0001458476169816786,,,coarse_20260729,runtime/revision_20260729_coarse/unit_086.csv,6cda1f14f29a8cbe42ad3dcdc8a443ab35368b58,2026-07-29,1000,200,50000,1000,2026072001,2026072001,0-49999,STAGE09-3400,coarse-172,merged-224,
formal,CC-B-R34-H,7.5,7.5,8.8353890837021751,0.73529411764705888,0.088913970501946132,408,0,50000,50000,2314585527903299907,0,0,0,0,1,5.6134299999999282,1835.5999999999999,317.00640400000049,456,5717.3999999999996,0.94635312162337115,0.94635312162337115,0.73529411764705888,MAX_FRAMES_REACHED,0.0,2.5609718912715457e-07,0.0,7.682327414500052e-05,2.5609718912715457e-07,7.682327414500052e-05,coarse_20260729,runtime/revision_20260729_coarse/unit_087.csv,6cda1f14f29a8cbe42ad3dcdc8a443ab35368b58,2026-07-29,1000,200,50000,1000,2026072001,2026072001,0-49999,STAGE09-3400,coarse-174,merged-225,
formal,CC-B-R34-H,8,8,9.3353890837021751,0.73529411764705888,0.079244659623055658,408,0,50000,50000,2314585527903299907,0,0,0,0,1,5.7579379999999931,4266.1000000000004,323.12188399999798,477.5,76062,0.9284422221306492,0.9284422221306492,0.73529411764705888,MAX_FRAMES_REACHED,0.0,2.5609718912715457e-07,0.0,7.682327414500052e-05,2.5609718912715457e-07,7.682327414500052e-05,coarse_20260729,runtime/revision_20260729_coarse/unit_088.csv,6cda1f14f29a8cbe42ad3dcdc8a443ab35368b58,2026-07-29,1000,200,50000,1000,2026072001,2026072001,0-49999,STAGE09-3400,coarse-176,merged-226,
formal,CC-B-R34-H,8.5,8.5,9.8353890837021751,0.73529411764705888,0.070626877231137725,408,0,50000,50000,2314585527903299907,0,0,0,0,1,5.5348339999998766,1796.5,319.69661799999722,451.19999999999999,70733.699999999997,0.93838965790999584,0.93838965790999584,0.73529411764705888,MAX_FRAMES_REACHED,0.0,2.5609718912715457e-07,0.0,7.682327414500052e-05,2.5609718912715457e-07,7.682327414500052e-05,coarse_20260729,runtime/revision_20260729_coarse/unit_089.csv,6cda1f14f29a8cbe42ad3dcdc8a443ab35368b58,2026-07-29,1000,200,50000,1000,2026072001,2026072001,0-49999,STAGE09-3400,coarse-178,merged-227,
formal,CC-B-R34-H,9,9,10.335389083702175,0.73529411764705888,0.06294627058970835,408,0,50000,50000,2314585527903299907,0,0,0,0,1,5.4087319999998842,831.60000000000002,304.04989200000182,418.69999999999999,13909.700000000001,0.98668017287109644,0.98668017287109644,0.73529411764705888,MAX_FRAMES_REACHED,0.0,2.5609718912715457e-07,0.0,7.682327414500052e-05,2.5609718912715457e-07,7.682327414500052e-05,coarse_20260729,runtime/revision_20260729_coarse/unit_090.csv,6cda1f14f29a8cbe42ad3dcdc8a443ab35368b58,2026-07-29,1000,200,50000,1000,2026072001,2026072001,0-49999,STAGE09-3400,coarse-180,merged-228,
formal,CC-B-R34-H,9.5,9.5,10.835389083702175,0.73529411764705888,0.05610092271509818,408,0,50000,50000,2314585527903299907,0,0,0,0,1,5.7055439999999038,6718.3999999999996,317.21671400000264,449,73192.699999999997,0.94572570346970275,0.94572570346970275,0.73529411764705888,MAX_FRAMES_REACHED,0.0,2.5609718912715457e-07,0.0,7.682327414500052e-05,2.5609718912715457e-07,7.682327414500052e-05,coarse_20260729,runtime/revision_20260729_coarse/unit_091.csv,6cda1f14f29a8cbe42ad3dcdc8a443ab35368b58,2026-07-29,1000,200,50000,1000,2026072001,2026072001,0-49999,STAGE09-3400,coarse-182,merged-229,
formal,CC-B-R34-H,10,10,11.335389083702175,0.73529411764705888,0.050000000000000003,408,0,50000,50000,2314585527903299907,0,0,0,0,1,5.1611260000001513,478.80000000000001,282.73932400000086,385.30000000000001,8561.7999999999993,1.0610480203312613,1.0610480203312613,0.73529411764705888,MAX_FRAMES_REACHED,0.0,2.5609718912715457e-07,0.0,7.682327414500052e-05,2.5609718912715457e-07,7.682327414500052e-05,coarse_20260729,runtime/revision_20260729_coarse/unit_092.csv,6cda1f14f29a8cbe42ad3dcdc8a443ab35368b58,2026-07-29,1000,200,50000,1000,2026072001,2026072001,0-49999,STAGE09-3400,coarse-184,merged-230,
formal,CC-B-R34-S,-5,-5,-3.6646109162978253,0.73529411764705888,1.5811388300841895,408,0,1000,1000,11397846946697916867,145195,1000,0.48398333333333332,1,0,4.4806000000000035,35.299999999999997,319.38120000000015,395.80000000000001,1069.3,0.9393164030944835,0,0,TARGET_ERRORS_REACHED,0.4821952739281339,0.48577180291571675,0.996173241514445,1.0,,,coarse_20260729,runtime/revision_20260729_coarse/unit_062.csv,6cda1f14f29a8cbe42ad3dcdc8a443ab35368b58,2026-07-29,1000,200,50000,1000,2026072001,2026072001,0-999,STAGE09-3400,coarse-125,merged-231,
formal,CC-B-R34-S,-4.5,-4.5,-3.1646109162978253,0.73529411764705888,1.4091914656322269,408,0,1000,1000,11397846946697916867,143820,1000,0.47939999999999999,1,0,4.5507,53.5,322.91079999999982,400.60000000000002,897.60000000000002,0.9290491367894792,0,0,TARGET_ERRORS_REACHED,0.4776126002287757,0.48118792732481375,0.996173241514445,1.0,,,coarse_20260729,runtime/revision_20260729_coarse/unit_063.csv,6cda1f14f29a8cbe42ad3dcdc8a443ab35368b58,2026-07-29,1000,200,50000,1000,2026072001,2026072001,0-999,STAGE09-3400,coarse-127,merged-232,
formal,CC-B-R34-S,-4,-4,-2.6646109162978253,0.73529411764705888,1.2559432157547903,408,0,1000,1000,11397846946697916867,142391,1000,0.47463666666666665,1,0,4.4546000000000081,67.099999999999994,300.64749999999992,398,994,0.99784631503671273,0,0,TARGET_ERRORS_REACHED,0.47285011215883205,0.47642387071418774,0.996173241514445,1.0,,,coarse_20260729,runtime/revision_20260729_coarse/unit_064.csv,6cda1f14f29a8cbe42ad3dcdc8a443ab35368b58,2026-07-29,1000,200,50000,1000,2026072001,2026072001,0-999,STAGE09-3400,coarse-129,merged-233,
formal,CC-B-R34-S,-3.5,-3.5,-2.1646109162978253,0.73529411764705888,1.1193605692841697,408,0,1000,1000,11397846946697916867,140155,1000,0.46718333333333334,1,0,4.6702000000000012,42.200000000000003,314.97859999999991,406.39999999999998,659.10000000000002,0.95244565821297089,0,0,TARGET_ERRORS_REACHED,0.4653984286238274,0.46896907845790214,0.996173241514445,1.0,,,coarse_20260729,runtime/revision_20260729_coarse/unit_065.csv,6cda1f14f29a8cbe42ad3dcdc8a443ab35368b58,2026-07-29,1000,200,50000,1000,2026072001,2026072001,0-999,STAGE09-3400,coarse-131,merged-234,
formal,CC-B-R34-S,-3,-3,-1.6646109162978253,0.73529411764705888,0.99763115748443987,408,0,1000,1000,11397846946697916867,136482,1000,0.45494000000000001,1,0,4.6888999999999852,19.699999999999999,345.19379999999978,442.69999999999999,723.39999999999998,0.86907702282022503,0,0,TARGET_ERRORS_REACHED,0.45315867453578407,0.4567224794236694,0.996173241514445,1.0,,,coarse_20260729,runtime/revision_20260729_coarse/unit_066.csv,6cda1f14f29a8cbe42ad3dcdc8a443ab35368b58,2026-07-29,1000,200,50000,1000,2026072001,2026072001,0-999,STAGE09-3400,coarse-133,merged-235,
formal,CC-B-R34-S,-2.5,-2.5,-1.1646109162978253,0.73529411764705888,0.88913970501946138,408,0,1000,1000,11397846946697916867,131266,1000,0.43755333333333335,1,0,4.6135000000000037,26.699999999999999,330.44840000000011,427.39999999999998,710.20000000000005,0.9078573235639813,0,0,TARGET_ERRORS_REACHED,0.43577895906349634,0.43932930682468246,0.996173241514445,1.0,,,coarse_20260729,runtime/revision_20260729_coarse/unit_067.csv,6cda1f14f29a8cbe42ad3dcdc8a443ab35368b58,2026-07-29,1000,200,50000,1000,2026072001,2026072001,0-999,STAGE09-3400,coarse-135,merged-236,
formal,CC-B-R34-S,-2,-2,-0.66461091629782532,0.73529411764705888,0.79244659623055669,408,0,1000,1000,11397846946697916867,123306,1000,0.41102,1,0,4.6334999999999891,42.299999999999997,323.01039999999989,424.69999999999999,684.10000000000002,0.92876266522687845,0,0,TARGET_ERRORS_REACHED,0.4092605157361966,0.41278176298799707,0.996173241514445,1.0,,,coarse_20260729,runtime/revision_20260729_coarse/unit_068.csv,6cda1f14f29a8cbe42ad3dcdc8a443ab35368b58,2026-07-29,1000,200,50000,1000,2026072001,2026072001,0-999,STAGE09-3400,coarse-137,merged-237,
formal,CC-B-R34-S,-1.5,-1.5,-0.16461091629782532,0.73529411764705888,0.70626877231137719,408,0,1000,1000,11397846946697916867,112734,1000,0.37578,1,0,5.1458999999999957,374.80000000000001,354.45550000000009,474.10000000000002,1580.0999999999999,0.84636858505510548,0,0,TARGET_ERRORS_REACHED,0.37404850291267133,0.37751467828669194,0.996173241514445,1.0,,,coarse_20260729,runtime/revision_20260729_coarse/unit_069.csv,6cda1f14f29a8cbe42ad3dcdc8a443ab35368b58,2026-07-29,1000,200,50000,1000,2026072001,2026072001,0-999,STAGE09-3400,coarse-139,merged-238,
formal,CC-B-R34-S,-1,-1,0.33538908370217468,0.73529411764705888,0.62946270589708364,408,0,1000,1000,11397846946697916867,94899,999,0.31633,0.999,0.0010000000000000009,4.5879000000000012,35.5,326.50639999999993,421,748,0.91881813036436677,0.00091881813036436759,0.00073529411764705957,TARGET_ERRORS_REACHED,0.3146682551017585,0.3179964485762889,0.9943574414020421,0.9998234536293739,,,coarse_20260729,runtime/revision_20260729_coarse/unit_070.csv,6cda1f14f29a8cbe42ad3dcdc8a443ab35368b58,2026-07-29,1000,200,50000,1000,2026072001,2026072001,0-999,STAGE09-3400,coarse-141,merged-239,
formal,CC-B-R34-S,-0.5,-0.5,0.83538908370217468,0.73529411764705888,0.56100922715098167,408,0,1000,1000,11397846946697916867,70932,986,0.23644000000000001,0.98599999999999999,0.014000000000000012,4.4592999999999989,28,322.68359999999996,407.80000000000001,907.79999999999995,0.92970327590246304,0.013015845862634495,0.010294117647058834,TARGET_ERRORS_REACHED,0.23492293996546437,0.23796380964735298,0.9766379658824644,0.9916424248695761,,,coarse_20260729,runtime/revision_20260729_coarse/unit_071.csv,6cda1f14f29a8cbe42ad3dcdc8a443ab35368b58,2026-07-29,1000,200,50000,1000,2026072001,2026072001,0-999,STAGE09-3400,coarse-143,merged-240,
formal,CC-B-R34-S,0,0,1.3353890837021747,0.73529411764705888,0.5,408,0,1000,1000,11397846946697916867,45553,916,0.15184333333333333,0.91600000000000004,0.083999999999999964,4.5761999999999983,23,337.64470000000034,421.89999999999998,628.60000000000002,0.88850794933253707,0.074634667743933084,0.061764705882352916,TARGET_ERRORS_REACHED,0.15056361935005252,0.15313196339909924,0.8971749506177824,0.9316411863222358,,,coarse_20260729,runtime/revision_20260729_coarse/unit_072.csv,6cda1f14f29a8cbe42ad3dcdc8a443ab35368b58,2026-07-29,1000,200,50000,1000,2026072001,2026072001,0-999,STAGE09-3400,coarse-145,merged-241,
formal,CC-B-R34-S,0.5,0.5,1.8353890837021747,0.73529411764705888,0.44562546906687278,408,0,5000,5000,8320246021676229635,121204,3644,0.080802666666666662,0.7288,0.2712,5.808820000000023,239.59999999999999,418.63290000000126,682.20000000000005,2540.8000000000002,0.71661830687458894,0.19434688482438853,0.19941176470588237,TARGET_ERRORS_REACHED,0.08036760571342887,0.08123987472013079,0.716304951581253,0.7409437480086889,,,dense_verified_legacy,archive/v01_20260729_before_two_level_grid_revision/stage09_two_level_dense_point_results.csv,6847b812e35d4905dc7fc8252a9a66ca2aee6fbe,2026-07-29,5000,200,50000,1000,2026072001,2026072001,0-4999,STAGE09-3400,dense-100,merged-242,dense_verified_legacy
formal,CC-B-R34-S,0.59999999999999998,0.59999999999999998,1.9353890837021748,0.73529411764705888,0.43548179497804029,408,0,5000,5000,8320246021676229635,104252,3400,0.069501333333333332,0.68000000000000005,0.31999999999999995,6.6021999999999945,1628.2,456.24917999999991,769.70000000000005,7839.1000000000004,0.65753542833764667,0.21041133706804691,0.23529411764705879,TARGET_ERRORS_REACHED,0.06909546999709698,0.06990940165445661,0.6669362173885257,0.6927874099112538,,,dense_verified_legacy,archive/v01_20260729_before_two_level_grid_revision/stage09_two_level_dense_point_results.csv,6847b812e35d4905dc7fc8252a9a66ca2aee6fbe,2026-07-29,5000,200,50000,1000,2026072001,2026072001,0-4999,STAGE09-3400,dense-101,merged-243,dense_verified_legacy
formal,CC-B-R34-S,0.69999999999999996,0.69999999999999996,2.0353890837021744,0.73529411764705888,0.42556901910118822,408,0,5000,5000,8320246021676229635,87550,3118,0.058366666666666664,0.62360000000000004,0.37639999999999996,6.1358599999999903,287.30000000000001,445.07061999999956,760.29999999999995,3105.6999999999998,0.67405033385488422,0.25371254566297841,0.27676470588235291,TARGET_ERRORS_REACHED,0.05799262842338734,0.05874296692583816,0.6100810166107454,0.6369292074684366,,,dense_verified_legacy,archive/v01_20260729_before_two_level_grid_revision/stage09_two_level_dense_point_results.csv,6847b812e35d4905dc7fc8252a9a66ca2aee6fbe,2026-07-29,5000,200,50000,1000,2026072001,2026072001,0-4999,STAGE09-3400,dense-102,merged-244,dense_verified_legacy
formal,CC-B-R34-S,0.80000000000000004,0.80000000000000004,2.135389083702175,0.73529411764705888,0.41588188555133548,408,0,5000,5000,8320246021676229635,72928,2822,0.048618666666666664,0.56440000000000001,0.43559999999999999,6.308439999999953,650.70000000000005,459.54428000000098,780.60000000000002,9672.7000000000007,0.65282065963262426,0.2843686793359711,0.32029411764705884,TARGET_ERRORS_REACHED,0.04827564457267142,0.04896400070514699,0.5506121469044448,0.5780889730850319,,,dense_verified_legacy,archive/v01_20260729_before_two_level_grid_revision/stage09_two_level_dense_point_results.csv,6847b812e35d4905dc7fc8252a9a66ca2aee6fbe,2026-07-29,5000,200,50000,1000,2026072001,2026072001,0-4999,STAGE09-3400,dense-103,merged-245,dense_verified_legacy
formal,CC-B-R34-S,0.90000000000000002,0.90000000000000002,2.2353890837021746,0.73529411764705888,0.40641525808204959,408,0,5000,5000,8320246021676229635,61058,2526,0.040705333333333336,0.50519999999999998,0.49480000000000002,6.0143400000000193,776.10000000000002,415.74885999999952,651.29999999999995,4817.8999999999996,0.72158947110522531,0.35704247030286551,0.36382352941176477,TARGET_ERRORS_REACHED,0.04039027701241641,0.041022742130290384,0.49134303918719263,0.5190489767125789,,,dense_verified_legacy,archive/v01_20260729_before_two_level_grid_revision/stage09_two_level_dense_point_results.csv,6847b812e35d4905dc7fc8252a9a66ca2aee6fbe,2026-07-29,5000,200,50000,1000,2026072001,2026072001,0-4999,STAGE09-3400,dense-104,merged-246,dense_verified_legacy
formal,CC-B-R34-S,1,1,2.3353890837021747,0.73529411764705888,0.39716411736214075,408,0,5000,5000,8320246021676229635,50528,2268,0.033685333333333331,0.4536,0.5464,6.5414599999999821,1096.5999999999999,450.48854000000006,753.5,6068.6999999999998,0.6659436886008242,0.36387163145149032,0.40176470588235297,TARGET_ERRORS_REACHED,0.03339780192401221,0.03397525317465706,0.4398416399447641,0.4674296027957373,,,dense_verified_legacy,archive/v01_20260729_before_two_level_grid_revision/stage09_two_level_dense_point_results.csv,6847b812e35d4905dc7fc8252a9a66ca2aee6fbe,2026-07-29,5000,200,50000,1000,2026072001,2026072001,0-4999,STAGE09-3400,dense-105,merged-247,dense_verified_legacy
formal,CC-B-R34-S,1.1000000000000001,1.1000000000000001,2.4353890837021748,0.73529411764705888,0.38812355831434586,408,0,5000,5000,8320246021676229635,41670,2004,0.027779999999999999,0.40079999999999999,0.59919999999999995,6.5448599999999999,715.60000000000002,444.0868799999987,750.5,4188.1999999999998,0.67554348824716659,0.40478565815770218,0.44058823529411767,TARGET_ERRORS_REACHED,0.02751820985745995,0.028044208821258295,0.387297621224767,0.41445469084113234,,,dense_verified_legacy,archive/v01_20260729_before_two_level_grid_revision/stage09_two_level_dense_point_results.csv,6847b812e35d4905dc7fc8252a9a66ca2aee6fbe,2026-07-29,5000,200,50000,1000,2026072001,2026072001,0-4999,STAGE09-3400,dense-106,merged-248,dense_verified_legacy
formal,CC-B-R34-S,1.2,1.2,2.5353890837021744,0.73529411764705888,0.37928878751459189,408,0,5000,5000,8320246021676229635,33200,1730,0.022133333333333335,0.34599999999999997,0.65400000000000003,5.9497999999999927,323.10000000000002,464.24381999999906,802.60000000000002,14307.799999999999,0.64621215636214735,0.42262275026084439,0.48088235294117654,TARGET_ERRORS_REACHED,0.02189912214435591,0.022369992122871565,0.3329374581269995,0.3592989940720781,,,dense_verified_legacy,archive/v01_20260729_before_two_level_grid_revision/stage09_two_level_dense_point_results.csv,6847b812e35d4905dc7fc8252a9a66ca2aee6fbe,2026-07-29,5000,200,50000,1000,2026072001,2026072001,0-4999,STAGE09-3400,dense-107,merged-249,dense_verified_legacy
formal,CC-B-R34-S,1.3,1.3,2.635389083702175,0.73529411764705888,0.3706551206504588,408,0,5000,5000,8320246021676229635,27044,1476,0.018029333333333335,0.29520000000000002,0.70479999999999998,6.3626599999999893,568.70000000000005,427.95689999999877,696.10000000000002,6571.5,0.70100517131515083,0.49406844474291828,0.51823529411764713,TARGET_ERRORS_REACHED,0.017817632035190552,0.01824350325244576,0.28271798279053617,0.3079964679261593,,,dense_verified_legacy,archive/v01_20260729_before_two_level_grid_revision/stage09_two_level_dense_point_results.csv,6847b812e35d4905dc7fc8252a9a66ca2aee6fbe,2026-07-29,5000,200,50000,1000,2026072001,2026072001,0-4999,STAGE09-3400,dense-108,merged-250,dense_verified_legacy
formal,CC-B-R34-S,1.3999999999999999,1.3999999999999999,2.7353890837021746,0.73529411764705888,0.36221798003749506,408,0,5000,5000,8320246021676229635,21604,1275,0.014402666666666666,0.255,0.745,6.711659999999986,561,488.22712000000018,887.5,9535.6000000000004,0.61446811885419206,0.45777874854637307,0.54779411764705888,TARGET_ERRORS_REACHED,0.014213240268837097,0.014594580261005845,0.24311002613371455,0.2672661478193636,,,dense_verified_legacy,archive/v01_20260729_before_two_level_grid_revision/stage09_two_level_dense_point_results.csv,6847b812e35d4905dc7fc8252a9a66ca2aee6fbe,2026-07-29,5000,200,50000,1000,2026072001,2026072001,0-4999,STAGE09-3400,dense-109,merged-251,dense_verified_legacy
formal,CC-B-R34-S,1.5,1.5,2.8353890837021747,0.73529411764705888,0.35397289219206896,408,0,5000,5000,8320246021676229635,17267,1079,0.011511333333333333,0.21579999999999999,0.78420000000000001,6.2571000000000048,631.70000000000005,425.98228000000034,709.39999999999998,2608.1999999999998,0.70425464646088043,0.5522764937546224,0.57661764705882357,TARGET_ERRORS_REACHED,0.01134187305209622,0.011683295620292711,0.20461791425394327,0.22741844753162727,,,dense_verified_legacy,archive/v01_20260729_before_two_level_grid_revision/stage09_two_level_dense_point_results.csv,6847b812e35d4905dc7fc8252a9a66ca2aee6fbe,2026-07-29,5000,200,50000,1000,2026072001,2026072001,0-4999,STAGE09-3400,dense-110,merged-252,dense_verified_legacy
formal,CC-B-R34-S,1.6000000000000001,1.6000000000000001,2.9353890837021748,0.73529411764705888,0.34591548545946826,408,0,5000,5000,8320246021676229635,13721,903,0.0091473333333333337,0.18060000000000001,0.81940000000000002,5.9071999999999862,252.30000000000001,448.46759999999989,742.20000000000005,13617.1,0.66894464616841898,0.54813324307040256,0.60250000000000004,TARGET_ERRORS_REACHED,0.0089962312611956,0.009300949519440525,0.17018371005026756,0.19150669795223502,,,dense_verified_legacy,archive/v01_20260729_before_two_level_grid_revision/stage09_two_level_dense_point_results.csv,6847b812e35d4905dc7fc8252a9a66ca2aee6fbe,2026-07-29,5000,200,50000,1000,2026072001,2026072001,0-4999,STAGE09-3400,dense-111,merged-253,dense_verified_legacy
formal,CC-B-R34-S,1.7,1.7,3.0353890837021744,0.73529411764705888,0.33804148769599091,408,0,5000,5000,8320246021676229635,10404,738,0.0069360000000000003,0.14760000000000001,0.85240000000000005,6.1517199999999974,527.5,463.99687999999907,768.89999999999998,7259.6999999999998,0.6465560716701384,0.55112439549162595,0.626764705882353,TARGET_ERRORS_REACHED,0.006804442347595938,0.007070083092672436,0.13803890413732042,0.1577021721935559,,,dense_verified_legacy,archive/v01_20260729_before_two_level_grid_revision/stage09_two_level_dense_point_results.csv,6847b812e35d4905dc7fc8252a9a66ca2aee6fbe,2026-07-29,5000,200,50000,1000,2026072001,2026072001,0-4999,STAGE09-3400,dense-112,merged-254,dense_verified_legacy
formal,CC-B-R34-S,1.8,1.8,3.135389083702175,0.73529411764705888,0.330346724003798,408,0,5000,5000,8320246021676229635,7607,604,0.0050713333333333331,0.1208,0.87919999999999998,5.7371800000000057,158.09999999999999,440.85605999999933,733.79999999999995,3870.3000000000002,0.68049421845307168,0.59829051686394064,0.64647058823529413,TARGET_ERRORS_REACHED,0.004958920334777575,0.005186281322853291,0.11205671478998741,0.13012551036514394,,,dense_verified_legacy,archive/v01_20260729_before_two_level_grid_revision/stage09_two_level_dense_point_results.csv,6847b812e35d4905dc7fc8252a9a66ca2aee6fbe,2026-07-29,5000,200,50000,1000,2026072001,2026072001,0-4999,STAGE09-3400,dense-113,merged-255,dense_verified_legacy
formal,CC-B-R34-S,1.8999999999999999,1.8999999999999999,3.2353890837021746,0.73529411764705888,0.32282711451732771,408,0,5000,5000,8320246021676229635,5507,483,0.0036713333333333333,0.096600000000000005,0.90339999999999998,6.7833199999999865,871.5,484.91792000000055,871.5,5971.6999999999998,0.61866140150069038,0.55889871011572367,0.66426470588235298,TARGET_ERRORS_REACHED,0.003575809491867286,0.003769399336468347,0.08871871668658597,0.10510066524268614,,,dense_verified_legacy,archive/v01_20260729_before_two_level_grid_revision/stage09_two_level_dense_point_results.csv,6847b812e35d4905dc7fc8252a9a66ca2aee6fbe,2026-07-29,5000,200,50000,1000,2026072001,2026072001,0-4999,STAGE09-3400,dense-114,merged-256,dense_verified_legacy
formal,CC-B-R34-S,2,2,3.3353890837021747,0.73529411764705888,0.31547867224009662,408,0,5000,5000,8320246021676229635,4198,381,0.0027986666666666668,0.076200000000000004,0.92379999999999995,6.6734799999999961,1435.8,485.22275999999891,829.20000000000005,14306,0.6182727290038923,0.5711603470537957,0.67926470588235299,TARGET_ERRORS_REACHED,0.002715389094595896,0.0028844908701457094,0.06916687894715805,0.08388382522147238,,,dense_verified_legacy,archive/v01_20260729_before_two_level_grid_revision/stage09_two_level_dense_point_results.csv,6847b812e35d4905dc7fc8252a9a66ca2aee6fbe,2026-07-29,5000,200,50000,1000,2026072001,2026072001,0-4999,STAGE09-3400,dense-115,merged-257,dense_verified_legacy
formal,CC-B-R34-S,2.1000000000000001,2.1000000000000001,3.4353890837021748,0.73529411764705888,0.3082975009307411,408,0,5000,5000,8320246021676229635,3210,304,0.00214,0.0608,0.93920000000000003,6.6692800000000059,573.89999999999998,469.9759999999996,802.29999999999995,3743.8000000000002,0.63833046793878889,0.59951997548811053,0.69058823529411772,TARGET_ERRORS_REACHED,0.002067313089036855,0.0022152369160172796,0.05450754066849115,0.06776680872004703,,,dense_verified_legacy,archive/v01_20260729_before_two_level_grid_revision/stage09_two_level_dense_point_results.csv,6847b812e35d4905dc7fc8252a9a66ca2aee6fbe,2026-07-29,5000,200,50000,1000,2026072001,2026072001,0-4999,STAGE09-3400,dense-116,merged-258,dense_verified_legacy
formal,CC-B-R34-S,2.2000000000000002,2.2000000000000002,3.5353890837021749,0.73529411764705888,0.30127979303717889,408,0,5000,5000,8320246021676229635,2388,242,0.0015920000000000001,0.048399999999999999,0.9516,6.3807200000000028,1003.9,456.56499999999909,743.39999999999998,10762.6,0.65708059093447946,0.62527789033325065,0.69970588235294118,TARGET_ERRORS_REACHED,0.0015294626426105753,0.0016570901692622832,0.04279030408863613,0.05470308430813947,,,dense_verified_legacy,archive/v01_20260729_before_two_level_grid_revision/stage09_two_level_dense_point_results.csv,6847b812e35d4905dc7fc8252a9a66ca2aee6fbe,2026-07-29,5000,200,50000,1000,2026072001,2026072001,0-4999,STAGE09-3400,dense-117,merged-259,dense_verified_legacy
formal,CC-B-R34-S,2.2999999999999998,2.2999999999999998,3.6353890837021745,0.73529411764705888,0.29442182767779446,408,0,5409,5409,9920971847443714169,1927,200,0.0011875269612374438,0.036975411351451284,0.96302458864854867,6.1495100757995891,481.60000000000002,467.48593085598202,785.20000000000005,3666.0999999999999,0.6417305424586579,0.61800229167445908,0.70810631518275646,TARGET_ERRORS_REACHED,0.0011357048668434028,0.0012417107528500044,0.03226626802741527,0.04234176582929403,,,dense_verified_legacy,archive/v01_20260729_before_two_level_grid_revision/stage09_two_level_dense_point_results.csv,6847b812e35d4905dc7fc8252a9a66ca2aee6fbe,2026-07-29,5000,200,50000,1000,2026072001,2026072001,0-5408,STAGE09-3400,dense-118,merged-260,dense_verified_legacy
formal,CC-B-R34-S,2.3999999999999999,2.3999999999999999,3.7353890837021746,0.73529411764705888,0.28771996866857846,408,0,6518,6518,13942364909116807028,1849,200,0.00094558658075074155,0.030684258975145751,0.96931574102485429,6.6441853329241916,1802.3,469.50707272169427,799,4449.1999999999998,0.63896801013225302,0.61936175023252149,0.71273216251827531,TARGET_ERRORS_REACHED,0.0009034758968141788,0.0009896580841740918,0.02676601558997355,0.035155369860834146,,,dense_verified_legacy,archive/v01_20260729_before_two_level_grid_revision/stage09_two_level_dense_point_results.csv,6847b812e35d4905dc7fc8252a9a66ca2aee6fbe,2026-07-29,5000,200,50000,1000,2026072001,2026072001,0-6517,STAGE09-3400,dense-119,merged-261,dense_verified_legacy
formal,CC-B-R34-S,2.5,2.5,3.8353890837021747,0.73529411764705888,0.28117066259517454,408,0,7780,7780,7198298446507537767,1820,200,0.00077977720651242505,0.02570694087403599,0.97429305912596398,6.4842930591259682,745.10000000000002,475.05759640102769,815.10000000000002,10962.6,0.63150237418106681,0.61526837998618078,0.71639195523967947,TARGET_ERRORS_REACHED,0.000744778700788385,0.0008164190119553895,0.02241745401510263,0.02946457119791846,,,dense_verified_legacy,archive/v01_20260729_before_two_level_grid_revision/stage09_two_level_dense_point_results.csv,6847b812e35d4905dc7fc8252a9a66ca2aee6fbe,2026-07-29,5000,200,50000,1000,2026072001,2026072001,0-7779,STAGE09-3400,dense-120,merged-262,dense_verified_legacy
formal,CC-B-R34-S,2.6000000000000001,2.6000000000000001,3.9353890837021748,0.73529411764705888,0.27477043692881226,408,0,10513,10513,17490663887066872073,1781,200,0.00056469767589333844,0.019024065442785124,0.98097593455721488,6.0026253210310809,494.60000000000002,462.42193474745409,763.39999999999998,7931.5,0.64875815236541756,0.63641613481827752,0.72130583423324623,TARGET_ERRORS_REACHED,0.0005390803501337135,0.0005915316272978288,0.016582969901531155,0.02181653059507317,,,dense_verified_legacy,archive/v01_20260729_before_two_level_grid_revision/stage09_two_level_dense_point_results.csv,6847b812e35d4905dc7fc8252a9a66ca2aee6fbe,2026-07-29,5000,200,50000,1000,2026072001,2026072001,0-10512,STAGE09-3400,dense-121,merged-263,dense_verified_legacy
formal,CC-B-R34-S,2.7000000000000002,2.7000000000000002,4.0353890837021744,0.73529411764705888,0.26851589818512633,408,0,13231,13231,15560791580392731998,1696,200,0.0004272793691582899,0.015116015418335727,0.98488398458166426,6.1903937722016096,906.5,465.76760637895921,784.60000000000002,8984.6000000000004,0.64409803492412288,0.63436183909729005,0.72417940042769435,TARGET_ERRORS_REACHED,0.0004074263216913044,0.00044809938116661426,0.01317325702380921,0.01734025234290434,,,dense_verified_legacy,archive/v01_20260729_before_two_level_grid_revision/stage09_two_level_dense_point_results.csv,6847b812e35d4905dc7fc8252a9a66ca2aee6fbe,2026-07-29,5000,200,50000,1000,2026072001,2026072001,0-13230,STAGE09-3400,dense-122,merged-264,dense_verified_legacy
formal,CC-B-R34-S,2.7999999999999998,2.7999999999999998,4.1353890837021741,0.73529411764705888,0.26240373012488633,408,0,16427,16427,3423840919294903078,1565,200,0.00031756660782045816,0.012175077616119802,0.9878249223838802,6.1426675595056999,676.10000000000002,472.04857247214773,815.39999999999998,10321.200000000001,0.63552781958195814,0.62779021905134447,0.72634185469402957,TARGET_ERRORS_REACHED,0.0003022202789822929,0.00033369194195276996,0.010608405456864386,0.013969852438984081,,,dense_verified_legacy,archive/v01_20260729_before_two_level_grid_revision/stage09_two_level_dense_point_results.csv,6847b812e35d4905dc7fc8252a9a66ca2aee6fbe,2026-07-29,5000,200,50000,1000,2026072001,2026072001,0-16426,STAGE09-3400,dense-123,merged-265,dense_verified_legacy
formal,CC-B-R34-S,2.8999999999999999,2.8999999999999999,4.2353890837021746,0.73529411764705888,0.25643069199568247,408,0,23589,23589,405285096102083673,1526,200,0.00021563723204318398,0.0084785281275170637,0.99152147187248296,6.2913307049897353,938.10000000000002,463.72986137606637,784.89999999999998,15068.4,0.64692836279678789,0.64144336247632683,0.72905990578859048,TARGET_ERRORS_REACHED,0.00020508711334264078,0.00022672994828399793,0.007385869808884494,0.009731248513873077,,,dense_verified_legacy,archive/v01_20260729_before_two_level_grid_revision/stage09_two_level_dense_point_results.csv,6847b812e35d4905dc7fc8252a9a66ca2aee6fbe,2026-07-29,5000,200,50000,1000,2026072001,2026072001,0-23588,STAGE09-3400,dense-124,merged-266,dense_verified_legacy
formal,CC-B-R34-S,3,3,4.3353890837021751,0.73529411764705888,0.25059361681363618,408,0,33887,33887,1848914446283346606,1503,200,0.00014784430607607638,0.0059019683064301942,0.99409803169356981,6.0424912208222432,981.29999999999995,446.00540325198455,746.10000000000002,15435.6,0.67263759096323261,0.66866770521965402,0.73095443506880142,TARGET_ERRORS_REACHED,0.00014055700642166615,0.0001555093633262142,0.005140560002896251,0.006775386649280694,,,dense_verified_legacy,archive/v01_20260729_before_two_level_grid_revision/stage09_two_level_dense_point_results.csv,6847b812e35d4905dc7fc8252a9a66ca2aee6fbe,2026-07-29,5000,200,50000,1000,2026072001,2026072001,0-33886,STAGE09-3400,dense-125,merged-267,dense_verified_legacy
formal,CC-B-R34-S,3.5,3.5,4.8353890837021751,0.73529411764705888,0.22334179607548157,408,0,50000,50000,2314585527903299907,461,73,3.0733333333333333e-05,0.0014599999999999999,0.99853999999999998,4.5867479999996101,182.19999999999999,342.34200600000128,433.10000000000002,1802.3,0.87631665043172902,0.87503722812209872,0.73422058823529412,MAX_FRAMES_REACHED,2.805301638539283e-05,3.3669731728960436e-05,0.001161453703925569,0.001835145246258928,,,coarse_20260729,runtime/revision_20260729_coarse/unit_079.csv,6cda1f14f29a8cbe42ad3dcdc8a443ab35368b58,2026-07-29,1000,200,50000,1000,2026072001,2026072001,0-49999,STAGE09-3400,coarse-159,merged-268,
formal,CC-B-R34-S,4,4,5.3353890837021751,0.73529411764705888,0.19905358527674863,408,0,50000,50000,2314585527903299907,89,16,5.933333333333333e-06,0.00032000000000000003,0.99968000000000001,4.5914019999995208,525.5,341.38893199999956,430.89999999999998,10873.700000000001,0.87876311116026573,0.87848190696469441,0.73505882352941188,MAX_FRAMES_REACHED,4.8220672814929835e-06,7.300693535280859e-06,0.00019698957251332964,0.000519784534736218,,,coarse_20260729,runtime/revision_20260729_coarse/unit_080.csv,6cda1f14f29a8cbe42ad3dcdc8a443ab35368b58,2026-07-29,1000,200,50000,1000,2026072001,2026072001,0-49999,STAGE09-3400,coarse-161,merged-269,
formal,CC-B-R34-S,4.5,4.5,5.8353890837021751,0.73529411764705888,0.17740669461678774,408,0,50000,50000,2314585527903299907,25,5,1.6666666666666667e-06,0.0001,0.99990000000000001,4.7777359999998952,871.39999999999998,353.88287199999894,460.80000000000001,10471.700000000001,0.84773811827773593,0.84765334446590812,0.73522058823529413,MAX_FRAMES_REACHED,1.1289639272114893e-06,2.4604657415917013e-06,4.2714755136032695e-05,0.0002340931543541388,,,coarse_20260729,runtime/revision_20260729_coarse/unit_081.csv,6cda1f14f29a8cbe42ad3dcdc8a443ab35368b58,2026-07-29,1000,200,50000,1000,2026072001,2026072001,0-49999,STAGE09-3400,coarse-163,merged-270,
formal,CC-B-R34-S,5,5,6.3353890837021751,0.73529411764705888,0.15811388300841897,408,0,50000,50000,2314585527903299907,0,0,0,0,1,4.8682199999999911,2557.3000000000002,361.00838400000231,468.80000000000001,11982.4,0.8310056311600732,0.8310056311600732,0.73529411764705888,MAX_FRAMES_REACHED,0.0,2.5609718912715457e-07,0.0,7.682327414500052e-05,2.5609718912715457e-07,7.682327414500052e-05,coarse_20260729,runtime/revision_20260729_coarse/unit_082.csv,6cda1f14f29a8cbe42ad3dcdc8a443ab35368b58,2026-07-29,1000,200,50000,1000,2026072001,2026072001,0-49999,STAGE09-3400,coarse-165,merged-271,
formal,CC-B-R34-S,5.5,5.5,6.8353890837021751,0.73529411764705888,0.14091914656322269,408,0,50000,50000,2314585527903299907,0,0,0,0,1,4.7370339999999471,425.5,353.74273799999895,450.69999999999999,4610.8999999999996,0.84807394689188187,0.84807394689188187,0.73529411764705888,MAX_FRAMES_REACHED,0.0,2.5609718912715457e-07,0.0,7.682327414500052e-05,2.5609718912715457e-07,7.682327414500052e-05,coarse_20260729,runtime/revision_20260729_coarse/unit_083.csv,6cda1f14f29a8cbe42ad3dcdc8a443ab35368b58,2026-07-29,1000,200,50000,1000,2026072001,2026072001,0-49999,STAGE09-3400,coarse-167,merged-272,
formal,CC-B-R34-S,6,6,7.3353890837021751,0.73529411764705888,0.12559432157547901,408,0,50000,50000,2314585527903299907,0,0,0,0,1,5.4618840000000279,2253.0999999999999,398.58492999999299,560.60000000000002,11193.9,0.75266267593209124,0.75266267593209124,0.73529411764705888,MAX_FRAMES_REACHED,0.0,2.5609718912715457e-07,0.0,7.682327414500052e-05,2.5609718912715457e-07,7.682327414500052e-05,coarse_20260729,runtime/revision_20260729_coarse/unit_084.csv,6cda1f14f29a8cbe42ad3dcdc8a443ab35368b58,2026-07-29,1000,200,50000,1000,2026072001,2026072001,0-49999,STAGE09-3400,coarse-169,merged-273,
formal,CC-B-R34-S,6.5,6.5,7.8353890837021751,0.73529411764705888,0.11193605692841696,408,0,50000,50000,2314585527903299907,0,0,0,0,1,5.6647439999999598,1221.0999999999999,424.15753199999989,615.29999999999995,18140.400000000001,0.70728438697158413,0.70728438697158413,0.73529411764705888,MAX_FRAMES_REACHED,0.0,2.5609718912715457e-07,0.0,7.682327414500052e-05,2.5609718912715457e-07,7.682327414500052e-05,coarse_20260729,runtime/revision_20260729_coarse/unit_085.csv,6cda1f14f29a8cbe42ad3dcdc8a443ab35368b58,2026-07-29,1000,200,50000,1000,2026072001,2026072001,0-49999,STAGE09-3400,coarse-171,merged-274,
formal,CC-B-R34-S,7,7,8.3353890837021751,0.73529411764705888,0.099763115748444001,408,0,50000,50000,2314585527903299907,0,0,0,0,1,5.8331879999999066,4266.1000000000004,441.64991000000367,662.20000000000005,33936.099999999999,0.67927105430633394,0.67927105430633394,0.73529411764705888,MAX_FRAMES_REACHED,0.0,2.5609718912715457e-07,0.0,7.682327414500052e-05,2.5609718912715457e-07,7.682327414500052e-05,coarse_20260729,runtime/revision_20260729_coarse/unit_086.csv,6cda1f14f29a8cbe42ad3dcdc8a443ab35368b58,2026-07-29,1000,200,50000,1000,2026072001,2026072001,0-49999,STAGE09-3400,coarse-173,merged-275,
formal,CC-B-R34-S,7.5,7.5,8.8353890837021751,0.73529411764705888,0.088913970501946132,408,0,50000,50000,2314585527903299907,0,0,0,0,1,5.6134299999999282,1835.5999999999999,424.1327239999959,613,26721.599999999999,0.70732575683078602,0.70732575683078602,0.73529411764705888,MAX_FRAMES_REACHED,0.0,2.5609718912715457e-07,0.0,7.682327414500052e-05,2.5609718912715457e-07,7.682327414500052e-05,coarse_20260729,runtime/revision_20260729_coarse/unit_087.csv,6cda1f14f29a8cbe42ad3dcdc8a443ab35368b58,2026-07-29,1000,200,50000,1000,2026072001,2026072001,0-49999,STAGE09-3400,coarse-175,merged-276,
formal,CC-B-R34-S,8,8,9.3353890837021751,0.73529411764705888,0.079244659623055658,408,0,50000,50000,2314585527903299907,0,0,0,0,1,5.7579379999999931,4266.1000000000004,428.25603999999964,626.20000000000005,38117.300000000003,0.70051551403688372,0.70051551403688372,0.73529411764705888,MAX_FRAMES_REACHED,0.0,2.5609718912715457e-07,0.0,7.682327414500052e-05,2.5609718912715457e-07,7.682327414500052e-05,coarse_20260729,runtime/revision_20260729_coarse/unit_088.csv,6cda1f14f29a8cbe42ad3dcdc8a443ab35368b58,2026-07-29,1000,200,50000,1000,2026072001,2026072001,0-49999,STAGE09-3400,coarse-177,merged-277,
formal,CC-B-R34-S,8.5,8.5,9.8353890837021751,0.73529411764705888,0.070626877231137725,408,0,50000,50000,2314585527903299907,0,0,0,0,1,5.5348339999998766,1796.5,418.53127800000163,596.29999999999995,17282.900000000001,0.71679230626103607,0.71679230626103607,0.73529411764705888,MAX_FRAMES_REACHED,0.0,2.5609718912715457e-07,0.0,7.682327414500052e-05,2.5609718912715457e-07,7.682327414500052e-05,coarse_20260729,runtime/revision_20260729_coarse/unit_089.csv,6cda1f14f29a8cbe42ad3dcdc8a443ab35368b58,2026-07-29,1000,200,50000,1000,2026072001,2026072001,0-49999,STAGE09-3400,coarse-179,merged-278,
formal,CC-B-R34-S,9,9,10.335389083702175,0.73529411764705888,0.06294627058970835,408,0,50000,50000,2314585527903299907,0,0,0,0,1,5.4087319999998842,831.60000000000002,403.38033799999789,559.10000000000002,30513.599999999999,0.74371497998001468,0.74371497998001468,0.73529411764705888,MAX_FRAMES_REACHED,0.0,2.5609718912715457e-07,0.0,7.682327414500052e-05,2.5609718912715457e-07,7.682327414500052e-05,coarse_20260729,runtime/revision_20260729_coarse/unit_090.csv,6cda1f14f29a8cbe42ad3dcdc8a443ab35368b58,2026-07-29,1000,200,50000,1000,2026072001,2026072001,0-49999,STAGE09-3400,coarse-181,merged-279,
formal,CC-B-R34-S,9.5,9.5,10.835389083702175,0.73529411764705888,0.05610092271509818,408,0,50000,50000,2314585527903299907,0,0,0,0,1,5.7055439999999038,6718.3999999999996,420.03750199999956,602,33384.900000000001,0.71422194106849135,0.71422194106849135,0.73529411764705888,MAX_FRAMES_REACHED,0.0,2.5609718912715457e-07,0.0,7.682327414500052e-05,2.5609718912715457e-07,7.682327414500052e-05,coarse_20260729,runtime/revision_20260729_coarse/unit_091.csv,6cda1f14f29a8cbe42ad3dcdc8a443ab35368b58,2026-07-29,1000,200,50000,1000,2026072001,2026072001,0-49999,STAGE09-3400,coarse-183,merged-280,
formal,CC-B-R34-S,10,10,11.335389083702175,0.73529411764705888,0.050000000000000003,408,0,50000,50000,2314585527903299907,0,0,0,0,1,5.1611260000001513,478.80000000000001,374.05149600000158,511.30000000000001,21886.799999999999,0.80202860624302574,0.80202860624302574,0.73529411764705888,MAX_FRAMES_REACHED,0.0,2.5609718912715457e-07,0.0,7.682327414500052e-05,2.5609718912715457e-07,7.682327414500052e-05,coarse_20260729,runtime/revision_20260729_coarse/unit_092.csv,6cda1f14f29a8cbe42ad3dcdc8a443ab35368b58,2026-07-29,1000,200,50000,1000,2026072001,2026072001,0-49999,STAGE09-3400,coarse-185,merged-281,
