stage,mode,caseName,payloadLength,encodedLength,organization,correctionCapabilityT,burstLength,relativeStartInSubblock,interleaverMode,payloadCount,legalStartCountPerPayload,totalPatterns,processedFrames,processedBits,bitErrors,frameErrors,BER,FER,trueSuccessRate,reportedSuccessRate,decoderFailureRate,miscorrectionRate,explicitFailureWithWrongPayloadPatterns,averageTouchedSubblocks,averageMaximumSubblockErrorWeight,fractionAllSubblocksWithinGuaranteedRegion,averageSubblocksWithOneError,averageSubblocksWithMoreThanOneError,minimumFailingStart,maximumSuccessfulStart,allStartsGuaranteedCorrect,theoreticalGuaranteedRegion,ferWilson95Low,ferWilson95High,masterSeed,caseSeed,lengthSeed,randomStartSeed,stopReason,runtimeSeconds,configHash,permutationHash,inversePermutationHash,errorWeightConserved,pairedFrameCount
s2-07b,formal,BCH-S200,200,285,SEGMENTED,1,1,0,NONE,100,19,1900,1900,380000,0,0,0,0,1,1,0,0,0,1,1,1,1,0,,270,true,true,2.1684043449710089e-19,0.002017740922121561,2026072607,4017947825915577414,9621336497066466428,9621336497066466428,EXHAUSTIVE_GROUPED_BY_R,0.012395646666666668,a4fc32eba59cd09a,,,true,0
s2-07b,formal,BCH-S200,200,285,SEGMENTED,1,1,1,NONE,100,19,1900,1900,380000,0,0,0,0,1,1,0,0,0,1,1,1,1,0,,271,true,true,2.1684043449710089e-19,0.002017740922121561,2026072607,4017947825915577414,9621336497066466428,9621336497066466428,EXHAUSTIVE_GROUPED_BY_R,0.012395646666666668,a4fc32eba59cd09a,,,true,0
s2-07b,formal,BCH-S200,200,285,SEGMENTED,1,1,2,NONE,100,19,1900,1900,380000,0,0,0,0,1,1,0,0,0,1,1,1,1,0,,272,true,true,2.1684043449710089e-19,0.002017740922121561,2026072607,4017947825915577414,9621336497066466428,9621336497066466428,EXHAUSTIVE_GROUPED_BY_R,0.012395646666666668,a4fc32eba59cd09a,,,true,0
s2-07b,formal,BCH-S200,200,285,SEGMENTED,1,1,3,NONE,100,19,1900,1900,380000,0,0,0,0,1,1,0,0,0,1,1,1,1,0,,273,true,true,2.1684043449710089e-19,0.002017740922121561,2026072607,4017947825915577414,9621336497066466428,9621336497066466428,EXHAUSTIVE_GROUPED_BY_R,0.012395646666666668,a4fc32eba59cd09a,,,true,0
s2-07b,formal,BCH-S200,200,285,SEGMENTED,1,1,4,NONE,100,19,1900,1900,380000,0,0,0,0,1,1,0,0,0,1,1,1,1,0,,274,true,true,2.1684043449710089e-19,0.002017740922121561,2026072607,4017947825915577414,9621336497066466428,9621336497066466428,EXHAUSTIVE_GROUPED_BY_R,0.012395646666666668,a4fc32eba59cd09a,,,true,0
s2-07b,formal,BCH-S200,200,285,SEGMENTED,1,1,5,NONE,100,19,1900,1900,380000,0,0,0,0,1,1,0,0,0,1,1,1,1,0,,275,true,true,2.1684043449710089e-19,0.002017740922121561,2026072607,4017947825915577414,9621336497066466428,9621336497066466428,EXHAUSTIVE_GROUPED_BY_R,0.012395646666666668,a4fc32eba59cd09a,,,true,0
s2-07b,formal,BCH-S200,200,285,SEGMENTED,1,1,6,NONE,100,19,1900,1900,380000,0,0,0,0,1,1,0,0,0,1,1,1,1,0,,276,true,true,2.1684043449710089e-19,0.002017740922121561,2026072607,4017947825915577414,9621336497066466428,9621336497066466428,EXHAUSTIVE_GROUPED_BY_R,0.012395646666666668,a4fc32eba59cd09a,,,true,0
s2-07b,formal,BCH-S200,200,285,SEGMENTED,1,1,7,NONE,100,19,1900,1900,380000,0,0,0,0,1,1,0,0,0,1,1,1,1,0,,277,true,true,2.1684043449710089e-19,0.002017740922121561,2026072607,4017947825915577414,9621336497066466428,9621336497066466428,EXHAUSTIVE_GROUPED_BY_R,0.012395646666666668,a4fc32eba59cd09a,,,true,0
s2-07b,formal,BCH-S200,200,285,SEGMENTED,1,1,8,NONE,100,19,1900,1900,380000,0,0,0,0,1,1,0,0,0,1,1,1,1,0,,278,true,true,2.1684043449710089e-19,0.002017740922121561,2026072607,4017947825915577414,9621336497066466428,9621336497066466428,EXHAUSTIVE_GROUPED_BY_R,0.012395646666666668,a4fc32eba59cd09a,,,true,0
s2-07b,formal,BCH-S200,200,285,SEGMENTED,1,1,9,NONE,100,19,1900,1900,380000,0,0,0,0,1,1,0,0,0,1,1,1,1,0,,279,true,true,2.1684043449710089e-19,0.002017740922121561,2026072607,4017947825915577414,9621336497066466428,9621336497066466428,EXHAUSTIVE_GROUPED_BY_R,0.012395646666666668,a4fc32eba59cd09a,,,true,0
s2-07b,formal,BCH-S200,200,285,SEGMENTED,1,1,10,NONE,100,19,1900,1900,380000,0,0,0,0,1,1,0,0,0,1,1,1,1,0,,280,true,true,2.1684043449710089e-19,0.002017740922121561,2026072607,4017947825915577414,9621336497066466428,9621336497066466428,EXHAUSTIVE_GROUPED_BY_R,0.012395646666666668,a4fc32eba59cd09a,,,true,0
s2-07b,formal,BCH-S200,200,285,SEGMENTED,1,1,11,NONE,100,19,1900,1900,380000,0,0,0,0,1,1,0,0,0,1,1,1,1,0,,281,true,true,2.1684043449710089e-19,0.002017740922121561,2026072607,4017947825915577414,9621336497066466428,9621336497066466428,EXHAUSTIVE_GROUPED_BY_R,0.012395646666666668,a4fc32eba59cd09a,,,true,0
s2-07b,formal,BCH-S200,200,285,SEGMENTED,1,1,12,NONE,100,19,1900,1900,380000,0,0,0,0,1,1,0,0,0,1,1,1,1,0,,282,true,true,2.1684043449710089e-19,0.002017740922121561,2026072607,4017947825915577414,9621336497066466428,9621336497066466428,EXHAUSTIVE_GROUPED_BY_R,0.012395646666666668,a4fc32eba59cd09a,,,true,0
s2-07b,formal,BCH-S200,200,285,SEGMENTED,1,1,13,NONE,100,19,1900,1900,380000,0,0,0,0,1,1,0,0,0,1,1,1,1,0,,283,true,true,2.1684043449710089e-19,0.002017740922121561,2026072607,4017947825915577414,9621336497066466428,9621336497066466428,EXHAUSTIVE_GROUPED_BY_R,0.012395646666666668,a4fc32eba59cd09a,,,true,0
s2-07b,formal,BCH-S200,200,285,SEGMENTED,1,1,14,NONE,100,19,1900,1900,380000,0,0,0,0,1,1,0,0,0,1,1,1,1,0,,284,true,true,2.1684043449710089e-19,0.002017740922121561,2026072607,4017947825915577414,9621336497066466428,9621336497066466428,EXHAUSTIVE_GROUPED_BY_R,0.012395646666666668,a4fc32eba59cd09a,,,true,0
s2-07b,formal,BCH-S200,200,285,SEGMENTED,1,2,0,NONE,100,19,1900,1900,380000,3800,1900,0.01,1,0,1,0,1,0,1,2,0,0,1,0,0,false,false,0.99798225907787841,1,2026072607,4017947825915577414,5640354087230502487,5640354087230502487,EXHAUSTIVE_GROUPED_BY_R,0.012173986666666666,ba81f6913420ec54,,,true,0
s2-07b,formal,BCH-S200,200,285,SEGMENTED,1,2,1,NONE,100,19,1900,1900,380000,3700,1900,0.0097368421052631583,1,0,1,0,1,0,1,2,0,0,1,1,0,false,false,0.99798225907787841,1,2026072607,4017947825915577414,5640354087230502487,5640354087230502487,EXHAUSTIVE_GROUPED_BY_R,0.012173986666666666,ba81f6913420ec54,,,true,0
s2-07b,formal,BCH-S200,200,285,SEGMENTED,1,2,2,NONE,100,19,1900,1900,380000,3600,1800,0.0094736842105263164,0.94736842105263153,0.052631578947368418,1,0,0.94736842105263153,0,1,2,0,0,1,2,272,false,false,0.93639487859322312,0.95653661637119447,2026072607,4017947825915577414,5640354087230502487,5640354087230502487,EXHAUSTIVE_GROUPED_BY_R,0.012173986666666666,ba81f6913420ec54,,,true,0
s2-07b,formal,BCH-S200,200,285,SEGMENTED,1,2,3,NONE,100,19,1900,1900,380000,5500,1900,0.014473684210526316,1,0,1,0,1,0,1,2,0,0,1,3,0,false,false,0.99798225907787841,1,2026072607,4017947825915577414,5640354087230502487,5640354087230502487,EXHAUSTIVE_GROUPED_BY_R,0.012173986666666666,ba81f6913420ec54,,,true,0
s2-07b,formal,BCH-S200,200,285,SEGMENTED,1,2,4,NONE,100,19,1900,1900,380000,5500,1900,0.014473684210526316,1,0,1,0,1,0,1,2,0,0,1,4,0,false,false,0.99798225907787841,1,2026072607,4017947825915577414,5640354087230502487,5640354087230502487,EXHAUSTIVE_GROUPED_BY_R,0.012173986666666666,ba81f6913420ec54,,,true,0
s2-07b,formal,BCH-S200,200,285,SEGMENTED,1,2,5,NONE,100,19,1900,1900,380000,5400,1800,0.014210526315789474,0.94736842105263153,0.052631578947368418,1,0,0.94736842105263153,0,1,2,0,0,1,5,275,false,false,0.93639487859322312,0.95653661637119447,2026072607,4017947825915577414,5640354087230502487,5640354087230502487,EXHAUSTIVE_GROUPED_BY_R,0.012173986666666666,ba81f6913420ec54,,,true,0
s2-07b,formal,BCH-S200,200,285,SEGMENTED,1,2,6,NONE,100,19,1900,1900,380000,5400,1800,0.014210526315789474,0.94736842105263153,0.052631578947368418,1,0,0.94736842105263153,0,1,2,0,0,1,6,276,false,false,0.93639487859322312,0.95653661637119447,2026072607,4017947825915577414,5640354087230502487,5640354087230502487,EXHAUSTIVE_GROUPED_BY_R,0.012173986666666666,ba81f6913420ec54,,,true,0
s2-07b,formal,BCH-S200,200,285,SEGMENTED,1,2,7,NONE,100,19,1900,1900,380000,5400,1800,0.014210526315789474,0.94736842105263153,0.052631578947368418,1,0,0.94736842105263153,0,1,2,0,0,1,7,277,false,false,0.93639487859322312,0.95653661637119447,2026072607,4017947825915577414,5640354087230502487,5640354087230502487,EXHAUSTIVE_GROUPED_BY_R,0.012173986666666666,ba81f6913420ec54,,,true,0
s2-07b,formal,BCH-S200,200,285,SEGMENTED,1,2,8,NONE,100,19,1900,1900,380000,5400,1800,0.014210526315789474,0.94736842105263153,0.052631578947368418,1,0,0.94736842105263153,0,1,2,0,0,1,8,278,false,false,0.93639487859322312,0.95653661637119447,2026072607,4017947825915577414,5640354087230502487,5640354087230502487,EXHAUSTIVE_GROUPED_BY_R,0.012173986666666666,ba81f6913420ec54,,,true,0
s2-07b,formal,BCH-S200,200,285,SEGMENTED,1,2,9,NONE,100,19,1900,1900,380000,5400,1800,0.014210526315789474,0.94736842105263153,0.052631578947368418,1,0,0.94736842105263153,0,1,2,0,0,1,9,279,false,false,0.93639487859322312,0.95653661637119447,2026072607,4017947825915577414,5640354087230502487,5640354087230502487,EXHAUSTIVE_GROUPED_BY_R,0.012173986666666666,ba81f6913420ec54,,,true,0
s2-07b,formal,BCH-S200,200,285,SEGMENTED,1,2,10,NONE,100,19,1900,1900,380000,3600,1800,0.0094736842105263164,0.94736842105263153,0.052631578947368418,1,0,0.94736842105263153,0,1,2,0,0,1,10,280,false,false,0.93639487859322312,0.95653661637119447,2026072607,4017947825915577414,5640354087230502487,5640354087230502487,EXHAUSTIVE_GROUPED_BY_R,0.012173986666666666,ba81f6913420ec54,,,true,0
s2-07b,formal,BCH-S200,200,285,SEGMENTED,1,2,11,NONE,100,19,1900,1900,380000,1800,1800,0.0047368421052631582,0.94736842105263153,0.052631578947368418,1,0,0.94736842105263153,0,1,2,0,0,1,11,281,false,false,0.93639487859322312,0.95653661637119447,2026072607,4017947825915577414,5640354087230502487,5640354087230502487,EXHAUSTIVE_GROUPED_BY_R,0.012173986666666666,ba81f6913420ec54,,,true,0
s2-07b,formal,BCH-S200,200,285,SEGMENTED,1,2,12,NONE,100,19,1900,1900,380000,1800,1800,0.0047368421052631582,0.94736842105263153,0.052631578947368418,1,0,0.94736842105263153,0,1,2,0,0,1,12,282,false,false,0.93639487859322312,0.95653661637119447,2026072607,4017947825915577414,5640354087230502487,5640354087230502487,EXHAUSTIVE_GROUPED_BY_R,0.012173986666666666,ba81f6913420ec54,,,true,0
s2-07b,formal,BCH-S200,200,285,SEGMENTED,1,2,13,NONE,100,19,1900,1900,380000,1800,1800,0.0047368421052631582,0.94736842105263153,0.052631578947368418,1,0,0.94736842105263153,0,1,2,0,0,1,13,283,false,false,0.93639487859322312,0.95653661637119447,2026072607,4017947825915577414,5640354087230502487,5640354087230502487,EXHAUSTIVE_GROUPED_BY_R,0.012173986666666666,ba81f6913420ec54,,,true,0
s2-07b,formal,BCH-S200,200,285,SEGMENTED,1,2,14,NONE,100,18,1800,1800,360000,0,0,0,0,1,1,0,0,0,2,1,1,2,0,,269,true,true,2.1684043449710089e-19,0.0021295989189679529,2026072607,4017947825915577414,5640354087230502487,5640354087230502487,EXHAUSTIVE_GROUPED_BY_R,0.012173986666666666,ba81f6913420ec54,,,true,0
s2-07b,formal,BCH-S200,200,285,SEGMENTED,1,3,0,NONE,100,19,1900,1900,380000,7400,1900,0.019473684210526317,1,0,1,0,1,0,1,3,0,0,1,0,0,false,false,0.99798225907787841,1,2026072607,4017947825915577414,16030843550405113190,16030843550405113190,EXHAUSTIVE_GROUPED_BY_R,0.012189146666666668,51b485d5500cf03a,,,true,0
s2-07b,formal,BCH-S200,200,285,SEGMENTED,1,3,1,NONE,100,19,1900,1900,380000,7300,1900,0.019210526315789473,1,0,1,0,1,0,1,3,0,0,1,1,0,false,false,0.99798225907787841,1,2026072607,4017947825915577414,16030843550405113190,16030843550405113190,EXHAUSTIVE_GROUPED_BY_R,0.012189146666666668,51b485d5500cf03a,,,true,0
s2-07b,formal,BCH-S200,200,285,SEGMENTED,1,3,2,NONE,100,19,1900,1900,380000,7200,1800,0.018947368421052633,0.94736842105263153,0.052631578947368418,1,0,0.94736842105263153,0,1,3,0,0,1,2,272,false,false,0.93639487859322312,0.95653661637119447,2026072607,4017947825915577414,16030843550405113190,16030843550405113190,EXHAUSTIVE_GROUPED_BY_R,0.012189146666666668,51b485d5500cf03a,,,true,0
s2-07b,formal,BCH-S200,200,285,SEGMENTED,1,3,3,NONE,100,19,1900,1900,380000,7200,1800,0.018947368421052633,0.94736842105263153,0.052631578947368418,1,0,0.94736842105263153,0,1,3,0,0,1,3,273,false,false,0.93639487859322312,0.95653661637119447,2026072607,4017947825915577414,16030843550405113190,16030843550405113190,EXHAUSTIVE_GROUPED_BY_R,0.012189146666666668,51b485d5500cf03a,,,true,0
s2-07b,formal,BCH-S200,200,285,SEGMENTED,1,3,4,NONE,100,19,1900,1900,380000,5400,1800,0.014210526315789474,0.94736842105263153,0.052631578947368418,1,0,0.94736842105263153,0,1,3,0,0,1,4,274,false,false,0.93639487859322312,0.95653661637119447,2026072607,4017947825915577414,16030843550405113190,16030843550405113190,EXHAUSTIVE_GROUPED_BY_R,0.012189146666666668,51b485d5500cf03a,,,true,0
s2-07b,formal,BCH-S200,200,285,SEGMENTED,1,3,5,NONE,100,19,1900,1900,380000,5400,1800,0.014210526315789474,0.94736842105263153,0.052631578947368418,1,0,0.94736842105263153,0,1,3,0,0,1,5,275,false,false,0.93639487859322312,0.95653661637119447,2026072607,4017947825915577414,16030843550405113190,16030843550405113190,EXHAUSTIVE_GROUPED_BY_R,0.012189146666666668,51b485d5500cf03a,,,true,0
s2-07b,formal,BCH-S200,200,285,SEGMENTED,1,3,6,NONE,100,19,1900,1900,380000,5400,1800,0.014210526315789474,0.94736842105263153,0.052631578947368418,1,0,0.94736842105263153,0,1,3,0,0,1,6,276,false,false,0.93639487859322312,0.95653661637119447,2026072607,4017947825915577414,16030843550405113190,16030843550405113190,EXHAUSTIVE_GROUPED_BY_R,0.012189146666666668,51b485d5500cf03a,,,true,0
s2-07b,formal,BCH-S200,200,285,SEGMENTED,1,3,7,NONE,100,19,1900,1900,380000,5400,1800,0.014210526315789474,0.94736842105263153,0.052631578947368418,1,0,0.94736842105263153,0,1,3,0,0,1,7,277,false,false,0.93639487859322312,0.95653661637119447,2026072607,4017947825915577414,16030843550405113190,16030843550405113190,EXHAUSTIVE_GROUPED_BY_R,0.012189146666666668,51b485d5500cf03a,,,true,0
s2-07b,formal,BCH-S200,200,285,SEGMENTED,1,3,8,NONE,100,19,1900,1900,380000,7300,1900,0.019210526315789473,1,0,1,0,1,0,1,3,0,0,1,8,0,false,false,0.99798225907787841,1,2026072607,4017947825915577414,16030843550405113190,16030843550405113190,EXHAUSTIVE_GROUPED_BY_R,0.012189146666666668,51b485d5500cf03a,,,true,0
s2-07b,formal,BCH-S200,200,285,SEGMENTED,1,3,9,NONE,100,19,1900,1900,380000,5500,1900,0.014473684210526316,1,0,1,0,1,0,1,3,0,0,1,9,0,false,false,0.99798225907787841,1,2026072607,4017947825915577414,16030843550405113190,16030843550405113190,EXHAUSTIVE_GROUPED_BY_R,0.012189146666666668,51b485d5500cf03a,,,true,0
s2-07b,formal,BCH-S200,200,285,SEGMENTED,1,3,10,NONE,100,19,1900,1900,380000,3600,1800,0.0094736842105263164,0.94736842105263153,0.052631578947368418,1,0,0.94736842105263153,0,1,3,0,0,1,10,280,false,false,0.93639487859322312,0.95653661637119447,2026072607,4017947825915577414,16030843550405113190,16030843550405113190,EXHAUSTIVE_GROUPED_BY_R,0.012189146666666668,51b485d5500cf03a,,,true,0
s2-07b,formal,BCH-S200,200,285,SEGMENTED,1,3,11,NONE,100,19,1900,1900,380000,1800,1800,0.0047368421052631582,0.94736842105263153,0.052631578947368418,1,0,0.94736842105263153,0,1,3,0,0,1,11,281,false,false,0.93639487859322312,0.95653661637119447,2026072607,4017947825915577414,16030843550405113190,16030843550405113190,EXHAUSTIVE_GROUPED_BY_R,0.012189146666666668,51b485d5500cf03a,,,true,0
s2-07b,formal,BCH-S200,200,285,SEGMENTED,1,3,12,NONE,100,19,1900,1900,380000,1800,1800,0.0047368421052631582,0.94736842105263153,0.052631578947368418,1,0,0.94736842105263153,0,1,3,0,0,1,12,282,false,false,0.93639487859322312,0.95653661637119447,2026072607,4017947825915577414,16030843550405113190,16030843550405113190,EXHAUSTIVE_GROUPED_BY_R,0.012189146666666668,51b485d5500cf03a,,,true,0
s2-07b,formal,BCH-S200,200,285,SEGMENTED,1,3,13,NONE,100,18,1800,1800,360000,1800,1800,0.0050000000000000001,1,0,1,0,1,0,2,2,0,1,1,13,0,false,false,0.99787040108103198,1,2026072607,4017947825915577414,16030843550405113190,16030843550405113190,EXHAUSTIVE_GROUPED_BY_R,0.012189146666666668,51b485d5500cf03a,,,true,0
s2-07b,formal,BCH-S200,200,285,SEGMENTED,1,3,14,NONE,100,18,1800,1800,360000,3600,1800,0.01,1,0,1,0,1,0,2,2,0,1,1,14,0,false,false,0.99787040108103198,1,2026072607,4017947825915577414,16030843550405113190,16030843550405113190,EXHAUSTIVE_GROUPED_BY_R,0.012189146666666668,51b485d5500cf03a,,,true,0
s2-07b,formal,BCH-S200,200,285,SEGMENTED,1,4,0,NONE,100,19,1900,1900,380000,9200,1900,0.024210526315789474,1,0,1,0,1,0,1,4,0,0,1,0,0,false,false,0.99798225907787841,1,2026072607,4017947825915577414,1735388984397293476,1735388984397293476,EXHAUSTIVE_GROUPED_BY_R,0.012590686666666667,58f579949d6218a6,,,true,0
s2-07b,formal,BCH-S200,200,285,SEGMENTED,1,4,1,NONE,100,19,1900,1900,380000,9100,1900,0.02394736842105263,1,0,1,0,1,0,1,4,0,0,1,1,0,false,false,0.99798225907787841,1,2026072607,4017947825915577414,1735388984397293476,1735388984397293476,EXHAUSTIVE_GROUPED_BY_R,0.012590686666666667,58f579949d6218a6,,,true,0
s2-07b,formal,BCH-S200,200,285,SEGMENTED,1,4,2,NONE,100,19,1900,1900,380000,9000,1800,0.02368421052631579,0.94736842105263153,0.052631578947368418,1,0,0.94736842105263153,0,1,4,0,0,1,2,272,false,false,0.93639487859322312,0.95653661637119447,2026072607,4017947825915577414,1735388984397293476,1735388984397293476,EXHAUSTIVE_GROUPED_BY_R,0.012590686666666667,58f579949d6218a6,,,true,0
s2-07b,formal,BCH-S200,200,285,SEGMENTED,1,4,3,NONE,100,19,1900,1900,380000,9000,1800,0.02368421052631579,0.94736842105263153,0.052631578947368418,1,0,0.94736842105263153,0,1,4,0,0,1,3,273,false,false,0.93639487859322312,0.95653661637119447,2026072607,4017947825915577414,1735388984397293476,1735388984397293476,EXHAUSTIVE_GROUPED_BY_R,0.012590686666666667,58f579949d6218a6,,,true,0
s2-07b,formal,BCH-S200,200,285,SEGMENTED,1,4,4,NONE,100,19,1900,1900,380000,9000,1800,0.02368421052631579,0.94736842105263153,0.052631578947368418,1,0,0.94736842105263153,0,1,4,0,0,1,4,274,false,false,0.93639487859322312,0.95653661637119447,2026072607,4017947825915577414,1735388984397293476,1735388984397293476,EXHAUSTIVE_GROUPED_BY_R,0.012590686666666667,58f579949d6218a6,,,true,0
s2-07b,formal,BCH-S200,200,285,SEGMENTED,1,4,5,NONE,100,19,1900,1900,380000,7200,1800,0.018947368421052633,0.94736842105263153,0.052631578947368418,1,0,0.94736842105263153,0,1,4,0,0,1,5,275,false,false,0.93639487859322312,0.95653661637119447,2026072607,4017947825915577414,1735388984397293476,1735388984397293476,EXHAUSTIVE_GROUPED_BY_R,0.012590686666666667,58f579949d6218a6,,,true,0
s2-07b,formal,BCH-S200,200,285,SEGMENTED,1,4,6,NONE,100,19,1900,1900,380000,7200,1800,0.018947368421052633,0.94736842105263153,0.052631578947368418,1,0,0.94736842105263153,0,1,4,0,0,1,6,276,false,false,0.93639487859322312,0.95653661637119447,2026072607,4017947825915577414,1735388984397293476,1735388984397293476,EXHAUSTIVE_GROUPED_BY_R,0.012590686666666667,58f579949d6218a6,,,true,0
s2-07b,formal,BCH-S200,200,285,SEGMENTED,1,4,7,NONE,100,19,1900,1900,380000,7200,1800,0.018947368421052633,0.94736842105263153,0.052631578947368418,1,0,0.94736842105263153,0,1,4,0,0,1,7,277,false,false,0.93639487859322312,0.95653661637119447,2026072607,4017947825915577414,1735388984397293476,1735388984397293476,EXHAUSTIVE_GROUPED_BY_R,0.012590686666666667,58f579949d6218a6,,,true,0
s2-07b,formal,BCH-S200,200,285,SEGMENTED,1,4,8,NONE,100,19,1900,1900,380000,5400,1800,0.014210526315789474,0.94736842105263153,0.052631578947368418,1,0,0.94736842105263153,0,1,4,0,0,1,8,278,false,false,0.93639487859322312,0.95653661637119447,2026072607,4017947825915577414,1735388984397293476,1735388984397293476,EXHAUSTIVE_GROUPED_BY_R,0.012590686666666667,58f579949d6218a6,,,true,0
s2-07b,formal,BCH-S200,200,285,SEGMENTED,1,4,9,NONE,100,19,1900,1900,380000,5500,1900,0.014473684210526316,1,0,1,0,1,0,1,4,0,0,1,9,0,false,false,0.99798225907787841,1,2026072607,4017947825915577414,1735388984397293476,1735388984397293476,EXHAUSTIVE_GROUPED_BY_R,0.012590686666666667,58f579949d6218a6,,,true,0
s2-07b,formal,BCH-S200,200,285,SEGMENTED,1,4,10,NONE,100,19,1900,1900,380000,3700,1900,0.0097368421052631583,1,0,1,0,1,0,1,4,0,0,1,10,0,false,false,0.99798225907787841,1,2026072607,4017947825915577414,1735388984397293476,1735388984397293476,EXHAUSTIVE_GROUPED_BY_R,0.012590686666666667,58f579949d6218a6,,,true,0
s2-07b,formal,BCH-S200,200,285,SEGMENTED,1,4,11,NONE,100,19,1900,1900,380000,1800,1800,0.0047368421052631582,0.94736842105263153,0.052631578947368418,1,0,0.94736842105263153,0,1,4,0,0,1,11,281,false,false,0.93639487859322312,0.95653661637119447,2026072607,4017947825915577414,1735388984397293476,1735388984397293476,EXHAUSTIVE_GROUPED_BY_R,0.012590686666666667,58f579949d6218a6,,,true,0
s2-07b,formal,BCH-S200,200,285,SEGMENTED,1,4,12,NONE,100,18,1800,1800,360000,1800,1800,0.0050000000000000001,1,0,1,0,1,0,2,3,0,1,1,12,0,false,false,0.99787040108103198,1,2026072607,4017947825915577414,1735388984397293476,1735388984397293476,EXHAUSTIVE_GROUPED_BY_R,0.012590686666666667,58f579949d6218a6,,,true,0
s2-07b,formal,BCH-S200,200,285,SEGMENTED,1,4,13,NONE,100,18,1800,1800,360000,5400,1800,0.014999999999999999,1,0,1,0,1,0,2,2,0,0,2,13,0,false,false,0.99787040108103198,1,2026072607,4017947825915577414,1735388984397293476,1735388984397293476,EXHAUSTIVE_GROUPED_BY_R,0.012590686666666667,58f579949d6218a6,,,true,0
s2-07b,formal,BCH-S200,200,285,SEGMENTED,1,4,14,NONE,100,18,1800,1800,360000,7000,1800,0.019444444444444445,1,0,1,0,1,0,2,3,0,1,1,14,0,false,false,0.99787040108103198,1,2026072607,4017947825915577414,1735388984397293476,1735388984397293476,EXHAUSTIVE_GROUPED_BY_R,0.012590686666666667,58f579949d6218a6,,,true,0
s2-07b,formal,BCH-S200,200,285,SEGMENTED,1,5,0,NONE,100,19,1900,1900,380000,9200,1900,0.024210526315789474,1,0,1,0,1,0,1,5,0,0,1,0,0,false,false,0.99798225907787841,1,2026072607,4017947825915577414,11725738326003446633,11725738326003446633,EXHAUSTIVE_GROUPED_BY_R,0.013552733333333334,ed64c16fcab996a8,,,true,0
s2-07b,formal,BCH-S200,200,285,SEGMENTED,1,5,1,NONE,100,19,1900,1900,380000,9100,1900,0.02394736842105263,1,0,1,0,1,0,1,5,0,0,1,1,0,false,false,0.99798225907787841,1,2026072607,4017947825915577414,11725738326003446633,11725738326003446633,EXHAUSTIVE_GROUPED_BY_R,0.013552733333333334,ed64c16fcab996a8,,,true,0
s2-07b,formal,BCH-S200,200,285,SEGMENTED,1,5,2,NONE,100,19,1900,1900,380000,10900,1900,0.028684210526315788,1,0,1,0,1,0,1,5,0,0,1,2,0,false,false,0.99798225907787841,1,2026072607,4017947825915577414,11725738326003446633,11725738326003446633,EXHAUSTIVE_GROUPED_BY_R,0.013552733333333334,ed64c16fcab996a8,,,true,0
s2-07b,formal,BCH-S200,200,285,SEGMENTED,1,5,3,NONE,100,19,1900,1900,380000,10900,1900,0.028684210526315788,1,0,1,0,1,0,1,5,0,0,1,3,0,false,false,0.99798225907787841,1,2026072607,4017947825915577414,11725738326003446633,11725738326003446633,EXHAUSTIVE_GROUPED_BY_R,0.013552733333333334,ed64c16fcab996a8,,,true,0
s2-07b,formal,BCH-S200,200,285,SEGMENTED,1,5,4,NONE,100,19,1900,1900,380000,10800,1800,0.028421052631578948,0.94736842105263153,0.052631578947368418,1,0,0.94736842105263153,0,1,5,0,0,1,4,274,false,false,0.93639487859322312,0.95653661637119447,2026072607,4017947825915577414,11725738326003446633,11725738326003446633,EXHAUSTIVE_GROUPED_BY_R,0.013552733333333334,ed64c16fcab996a8,,,true,0
s2-07b,formal,BCH-S200,200,285,SEGMENTED,1,5,5,NONE,100,19,1900,1900,380000,10800,1800,0.028421052631578948,0.94736842105263153,0.052631578947368418,1,0,0.94736842105263153,0,1,5,0,0,1,5,275,false,false,0.93639487859322312,0.95653661637119447,2026072607,4017947825915577414,11725738326003446633,11725738326003446633,EXHAUSTIVE_GROUPED_BY_R,0.013552733333333334,ed64c16fcab996a8,,,true,0
s2-07b,formal,BCH-S200,200,285,SEGMENTED,1,5,6,NONE,100,19,1900,1900,380000,10800,1800,0.028421052631578948,0.94736842105263153,0.052631578947368418,1,0,0.94736842105263153,0,1,5,0,0,1,6,276,false,false,0.93639487859322312,0.95653661637119447,2026072607,4017947825915577414,11725738326003446633,11725738326003446633,EXHAUSTIVE_GROUPED_BY_R,0.013552733333333334,ed64c16fcab996a8,,,true,0
s2-07b,formal,BCH-S200,200,285,SEGMENTED,1,5,7,NONE,100,19,1900,1900,380000,9000,1800,0.02368421052631579,0.94736842105263153,0.052631578947368418,1,0,0.94736842105263153,0,1,5,0,0,1,7,277,false,false,0.93639487859322312,0.95653661637119447,2026072607,4017947825915577414,11725738326003446633,11725738326003446633,EXHAUSTIVE_GROUPED_BY_R,0.013552733333333334,ed64c16fcab996a8,,,true,0
s2-07b,formal,BCH-S200,200,285,SEGMENTED,1,5,8,NONE,100,19,1900,1900,380000,7200,1800,0.018947368421052633,0.94736842105263153,0.052631578947368418,1,0,0.94736842105263153,0,1,5,0,0,1,8,278,false,false,0.93639487859322312,0.95653661637119447,2026072607,4017947825915577414,11725738326003446633,11725738326003446633,EXHAUSTIVE_GROUPED_BY_R,0.013552733333333334,ed64c16fcab996a8,,,true,0
s2-07b,formal,BCH-S200,200,285,SEGMENTED,1,5,9,NONE,100,19,1900,1900,380000,5400,1800,0.014210526315789474,0.94736842105263153,0.052631578947368418,1,0,0.94736842105263153,0,1,5,0,0,1,9,279,false,false,0.93639487859322312,0.95653661637119447,2026072607,4017947825915577414,11725738326003446633,11725738326003446633,EXHAUSTIVE_GROUPED_BY_R,0.013552733333333334,ed64c16fcab996a8,,,true,0
s2-07b,formal,BCH-S200,200,285,SEGMENTED,1,5,10,NONE,100,19,1900,1900,380000,3600,1800,0.0094736842105263164,0.94736842105263153,0.052631578947368418,1,0,0.94736842105263153,0,1,5,0,0,1,10,280,false,false,0.93639487859322312,0.95653661637119447,2026072607,4017947825915577414,11725738326003446633,11725738326003446633,EXHAUSTIVE_GROUPED_BY_R,0.013552733333333334,ed64c16fcab996a8,,,true,0
s2-07b,formal,BCH-S200,200,285,SEGMENTED,1,5,11,NONE,100,18,1800,1800,360000,1800,1800,0.0050000000000000001,1,0,1,0,1,0,2,4,0,1,1,11,0,false,false,0.99787040108103198,1,2026072607,4017947825915577414,11725738326003446633,11725738326003446633,EXHAUSTIVE_GROUPED_BY_R,0.013552733333333334,ed64c16fcab996a8,,,true,0
s2-07b,formal,BCH-S200,200,285,SEGMENTED,1,5,12,NONE,100,18,1800,1800,360000,5400,1800,0.014999999999999999,1,0,1,0,1,0,2,3,0,0,2,12,0,false,false,0.99787040108103198,1,2026072607,4017947825915577414,11725738326003446633,11725738326003446633,EXHAUSTIVE_GROUPED_BY_R,0.013552733333333334,ed64c16fcab996a8,,,true,0
s2-07b,formal,BCH-S200,200,285,SEGMENTED,1,5,13,NONE,100,18,1800,1800,360000,8800,1800,0.024444444444444446,1,0,1,0,1,0,2,3,0,0,2,13,0,false,false,0.99787040108103198,1,2026072607,4017947825915577414,11725738326003446633,11725738326003446633,EXHAUSTIVE_GROUPED_BY_R,0.013552733333333334,ed64c16fcab996a8,,,true,0
s2-07b,formal,BCH-S200,200,285,SEGMENTED,1,5,14,NONE,100,18,1800,1800,360000,8700,1800,0.024166666666666666,1,0,1,0,1,0,2,4,0,1,1,14,0,false,false,0.99787040108103198,1,2026072607,4017947825915577414,11725738326003446633,11725738326003446633,EXHAUSTIVE_GROUPED_BY_R,0.013552733333333334,ed64c16fcab996a8,,,true,0
s2-07b,formal,BCH-S200,200,285,SEGMENTED,1,6,0,NONE,100,19,1900,1900,380000,11000,1900,0.028947368421052631,1,0,1,0,1,0,1,6,0,0,1,0,0,false,false,0.99798225907787841,1,2026072607,4017947825915577414,3413198687404197003,3413198687404197003,EXHAUSTIVE_GROUPED_BY_R,0.011595506666666667,e3c52da59ef63d04,,,true,0
s2-07b,formal,BCH-S200,200,285,SEGMENTED,1,6,1,NONE,100,19,1900,1900,380000,10900,1900,0.028684210526315788,1,0,1,0,1,0,1,6,0,0,1,1,0,false,false,0.99798225907787841,1,2026072607,4017947825915577414,3413198687404197003,3413198687404197003,EXHAUSTIVE_GROUPED_BY_R,0.011595506666666667,e3c52da59ef63d04,,,true,0
s2-07b,formal,BCH-S200,200,285,SEGMENTED,1,6,2,NONE,100,19,1900,1900,380000,10800,1800,0.028421052631578948,0.94736842105263153,0.052631578947368418,1,0,0.94736842105263153,0,1,6,0,0,1,2,272,false,false,0.93639487859322312,0.95653661637119447,2026072607,4017947825915577414,3413198687404197003,3413198687404197003,EXHAUSTIVE_GROUPED_BY_R,0.011595506666666667,e3c52da59ef63d04,,,true,0
s2-07b,formal,BCH-S200,200,285,SEGMENTED,1,6,3,NONE,100,19,1900,1900,380000,10800,1800,0.028421052631578948,0.94736842105263153,0.052631578947368418,1,0,0.94736842105263153,0,1,6,0,0,1,3,273,false,false,0.93639487859322312,0.95653661637119447,2026072607,4017947825915577414,3413198687404197003,3413198687404197003,EXHAUSTIVE_GROUPED_BY_R,0.011595506666666667,e3c52da59ef63d04,,,true,0
s2-07b,formal,BCH-S200,200,285,SEGMENTED,1,6,4,NONE,100,19,1900,1900,380000,12700,1900,0.033421052631578949,1,0,1,0,1,0,1,6,0,0,1,4,0,false,false,0.99798225907787841,1,2026072607,4017947825915577414,3413198687404197003,3413198687404197003,EXHAUSTIVE_GROUPED_BY_R,0.011595506666666667,e3c52da59ef63d04,,,true,0
s2-07b,formal,BCH-S200,200,285,SEGMENTED,1,6,5,NONE,100,19,1900,1900,380000,12700,1900,0.033421052631578949,1,0,1,0,1,0,1,6,0,0,1,5,0,false,false,0.99798225907787841,1,2026072607,4017947825915577414,3413198687404197003,3413198687404197003,EXHAUSTIVE_GROUPED_BY_R,0.011595506666666667,e3c52da59ef63d04,,,true,0
s2-07b,formal,BCH-S200,200,285,SEGMENTED,1,6,6,NONE,100,19,1900,1900,380000,10800,1800,0.028421052631578948,0.94736842105263153,0.052631578947368418,1,0,0.94736842105263153,0,1,6,0,0,1,6,276,false,false,0.93639487859322312,0.95653661637119447,2026072607,4017947825915577414,3413198687404197003,3413198687404197003,EXHAUSTIVE_GROUPED_BY_R,0.011595506666666667,e3c52da59ef63d04,,,true,0
s2-07b,formal,BCH-S200,200,285,SEGMENTED,1,6,7,NONE,100,19,1900,1900,380000,9000,1800,0.02368421052631579,0.94736842105263153,0.052631578947368418,1,0,0.94736842105263153,0,1,6,0,0,1,7,277,false,false,0.93639487859322312,0.95653661637119447,2026072607,4017947825915577414,3413198687404197003,3413198687404197003,EXHAUSTIVE_GROUPED_BY_R,0.011595506666666667,e3c52da59ef63d04,,,true,0
s2-07b,formal,BCH-S200,200,285,SEGMENTED,1,6,8,NONE,100,19,1900,1900,380000,7200,1800,0.018947368421052633,0.94736842105263153,0.052631578947368418,1,0,0.94736842105263153,0,1,6,0,0,1,8,278,false,false,0.93639487859322312,0.95653661637119447,2026072607,4017947825915577414,3413198687404197003,3413198687404197003,EXHAUSTIVE_GROUPED_BY_R,0.011595506666666667,e3c52da59ef63d04,,,true,0
s2-07b,formal,BCH-S200,200,285,SEGMENTED,1,6,9,NONE,100,19,1900,1900,380000,5400,1800,0.014210526315789474,0.94736842105263153,0.052631578947368418,1,0,0.94736842105263153,0,1,6,0,0,1,9,279,false,false,0.93639487859322312,0.95653661637119447,2026072607,4017947825915577414,3413198687404197003,3413198687404197003,EXHAUSTIVE_GROUPED_BY_R,0.011595506666666667,e3c52da59ef63d04,,,true,0
s2-07b,formal,BCH-S200,200,285,SEGMENTED,1,6,10,NONE,100,18,1800,1800,360000,3600,1800,0.01,1,0,1,0,1,0,2,5,0,1,1,10,0,false,false,0.99787040108103198,1,2026072607,4017947825915577414,3413198687404197003,3413198687404197003,EXHAUSTIVE_GROUPED_BY_R,0.011595506666666667,e3c52da59ef63d04,,,true,0
s2-07b,formal,BCH-S200,200,285,SEGMENTED,1,6,11,NONE,100,18,1800,1800,360000,5400,1800,0.014999999999999999,1,0,1,0,1,0,2,4,0,0,2,11,0,false,false,0.99787040108103198,1,2026072607,4017947825915577414,3413198687404197003,3413198687404197003,EXHAUSTIVE_GROUPED_BY_R,0.011595506666666667,e3c52da59ef63d04,,,true,0
s2-07b,formal,BCH-S200,200,285,SEGMENTED,1,6,12,NONE,100,18,1800,1800,360000,8800,1800,0.024444444444444446,1,0,1,0,1,0,2,3,0,0,2,12,0,false,false,0.99787040108103198,1,2026072607,4017947825915577414,3413198687404197003,3413198687404197003,EXHAUSTIVE_GROUPED_BY_R,0.011595506666666667,e3c52da59ef63d04,,,true,0
s2-07b,formal,BCH-S200,200,285,SEGMENTED,1,6,13,NONE,100,18,1800,1800,360000,10500,1800,0.029166666666666667,1,0,1,0,1,0,2,4,0,0,2,13,0,false,false,0.99787040108103198,1,2026072607,4017947825915577414,3413198687404197003,3413198687404197003,EXHAUSTIVE_GROUPED_BY_R,0.011595506666666667,e3c52da59ef63d04,,,true,0
s2-07b,formal,BCH-S200,200,285,SEGMENTED,1,6,14,NONE,100,18,1800,1800,360000,8700,1800,0.024166666666666666,1,0,1,0,1,0,2,5,0,1,1,14,0,false,false,0.99787040108103198,1,2026072607,4017947825915577414,3413198687404197003,3413198687404197003,EXHAUSTIVE_GROUPED_BY_R,0.011595506666666667,e3c52da59ef63d04,,,true,0
s2-07b,formal,BCH-S200,200,285,SEGMENTED,1,7,0,NONE,100,19,1900,1900,380000,10900,1900,0.028684210526315788,1,0,1,0,1,0,1,7,0,0,1,0,0,false,false,0.99798225907787841,1,2026072607,4017947825915577414,578442061327463775,578442061327463775,EXHAUSTIVE_GROUPED_BY_R,0.011327800000000001,37c29e4279c04446,,,true,0
s2-07b,formal,BCH-S200,200,285,SEGMENTED,1,7,1,NONE,100,19,1900,1900,380000,10900,1900,0.028684210526315788,1,0,1,0,1,0,1,7,0,0,1,1,0,false,false,0.99798225907787841,1,2026072607,4017947825915577414,578442061327463775,578442061327463775,EXHAUSTIVE_GROUPED_BY_R,0.011327800000000001,37c29e4279c04446,,,true,0
s2-07b,formal,BCH-S200,200,285,SEGMENTED,1,7,2,NONE,100,19,1900,1900,380000,10800,1800,0.028421052631578948,0.94736842105263153,0.052631578947368418,1,0,0.94736842105263153,0,1,7,0,0,1,2,272,false,false,0.93639487859322312,0.95653661637119447,2026072607,4017947825915577414,578442061327463775,578442061327463775,EXHAUSTIVE_GROUPED_BY_R,0.011327800000000001,37c29e4279c04446,,,true,0
s2-07b,formal,BCH-S200,200,285,SEGMENTED,1,7,3,NONE,100,19,1900,1900,380000,10800,1800,0.028421052631578948,0.94736842105263153,0.052631578947368418,1,0,0.94736842105263153,0,1,7,0,0,1,3,273,false,false,0.93639487859322312,0.95653661637119447,2026072607,4017947825915577414,578442061327463775,578442061327463775,EXHAUSTIVE_GROUPED_BY_R,0.011327800000000001,37c29e4279c04446,,,true,0
s2-07b,formal,BCH-S200,200,285,SEGMENTED,1,7,4,NONE,100,19,1900,1900,380000,10800,1800,0.028421052631578948,0.94736842105263153,0.052631578947368418,1,0,0.94736842105263153,0,1,7,0,0,1,4,274,false,false,0.93639487859322312,0.95653661637119447,2026072607,4017947825915577414,578442061327463775,578442061327463775,EXHAUSTIVE_GROUPED_BY_R,0.011327800000000001,37c29e4279c04446,,,true,0
s2-07b,formal,BCH-S200,200,285,SEGMENTED,1,7,5,NONE,100,19,1900,1900,380000,9000,1800,0.02368421052631579,0.94736842105263153,0.052631578947368418,1,0,0.94736842105263153,0,1,7,0,0,1,5,275,false,false,0.93639487859322312,0.95653661637119447,2026072607,4017947825915577414,578442061327463775,578442061327463775,EXHAUSTIVE_GROUPED_BY_R,0.011327800000000001,37c29e4279c04446,,,true,0
s2-07b,formal,BCH-S200,200,285,SEGMENTED,1,7,6,NONE,100,19,1900,1900,380000,7200,1800,0.018947368421052633,0.94736842105263153,0.052631578947368418,1,0,0.94736842105263153,0,1,7,0,0,1,6,276,false,false,0.93639487859322312,0.95653661637119447,2026072607,4017947825915577414,578442061327463775,578442061327463775,EXHAUSTIVE_GROUPED_BY_R,0.011327800000000001,37c29e4279c04446,,,true,0
s2-07b,formal,BCH-S200,200,285,SEGMENTED,1,7,7,NONE,100,19,1900,1900,380000,5400,1800,0.014210526315789474,0.94736842105263153,0.052631578947368418,1,0,0.94736842105263153,0,1,7,0,0,1,7,277,false,false,0.93639487859322312,0.95653661637119447,2026072607,4017947825915577414,578442061327463775,578442061327463775,EXHAUSTIVE_GROUPED_BY_R,0.011327800000000001,37c29e4279c04446,,,true,0
s2-07b,formal,BCH-S200,200,285,SEGMENTED,1,7,8,NONE,100,19,1900,1900,380000,3600,1800,0.0094736842105263164,0.94736842105263153,0.052631578947368418,1,0,0.94736842105263153,0,1,7,0,0,1,8,278,false,false,0.93639487859322312,0.95653661637119447,2026072607,4017947825915577414,578442061327463775,578442061327463775,EXHAUSTIVE_GROUPED_BY_R,0.011327800000000001,37c29e4279c04446,,,true,0
s2-07b,formal,BCH-S200,200,285,SEGMENTED,1,7,9,NONE,100,18,1800,1800,360000,5400,1800,0.014999999999999999,1,0,1,0,1,0,2,6,0,1,1,9,0,false,false,0.99787040108103198,1,2026072607,4017947825915577414,578442061327463775,578442061327463775,EXHAUSTIVE_GROUPED_BY_R,0.011327800000000001,37c29e4279c04446,,,true,0
s2-07b,formal,BCH-S200,200,285,SEGMENTED,1,7,10,NONE,100,18,1800,1800,360000,7200,1800,0.02,1,0,1,0,1,0,2,5,0,0,2,10,0,false,false,0.99787040108103198,1,2026072607,4017947825915577414,578442061327463775,578442061327463775,EXHAUSTIVE_GROUPED_BY_R,0.011327800000000001,37c29e4279c04446,,,true,0
s2-07b,formal,BCH-S200,200,285,SEGMENTED,1,7,11,NONE,100,18,1800,1800,360000,8800,1800,0.024444444444444446,1,0,1,0,1,0,2,4,0,0,2,11,0,false,false,0.99787040108103198,1,2026072607,4017947825915577414,578442061327463775,578442061327463775,EXHAUSTIVE_GROUPED_BY_R,0.011327800000000001,37c29e4279c04446,,,true,0
s2-07b,formal,BCH-S200,200,285,SEGMENTED,1,7,12,NONE,100,18,1800,1800,360000,10500,1800,0.029166666666666667,1,0,1,0,1,0,2,4,0,0,2,12,0,false,false,0.99787040108103198,1,2026072607,4017947825915577414,578442061327463775,578442061327463775,EXHAUSTIVE_GROUPED_BY_R,0.011327800000000001,37c29e4279c04446,,,true,0
s2-07b,formal,BCH-S200,200,285,SEGMENTED,1,7,13,NONE,100,18,1800,1800,360000,10500,1800,0.029166666666666667,1,0,1,0,1,0,2,5,0,0,2,13,0,false,false,0.99787040108103198,1,2026072607,4017947825915577414,578442061327463775,578442061327463775,EXHAUSTIVE_GROUPED_BY_R,0.011327800000000001,37c29e4279c04446,,,true,0
s2-07b,formal,BCH-S200,200,285,SEGMENTED,1,7,14,NONE,100,18,1800,1800,360000,10400,1800,0.028888888888888888,1,0,1,0,1,0,2,6,0,1,1,14,0,false,false,0.99787040108103198,1,2026072607,4017947825915577414,578442061327463775,578442061327463775,EXHAUSTIVE_GROUPED_BY_R,0.011327800000000001,37c29e4279c04446,,,true,0
s2-07b,formal,BCH-S200,200,285,SEGMENTED,1,8,0,NONE,100,19,1900,1900,380000,16400,1900,0.043157894736842103,1,0,1,0,1,0,1,8,0,0,1,0,0,false,false,0.99798225907787841,1,2026072607,4017947825915577414,17252338351945625033,17252338351945625033,EXHAUSTIVE_GROUPED_BY_R,0.011501293333333332,c88a402039d26ebf,,,true,0
s2-07b,formal,BCH-S200,200,285,SEGMENTED,1,8,1,NONE,100,19,1900,1900,380000,16300,1900,0.042894736842105263,1,0,1,0,1,0,1,8,0,0,1,1,0,false,false,0.99798225907787841,1,2026072607,4017947825915577414,17252338351945625033,17252338351945625033,EXHAUSTIVE_GROUPED_BY_R,0.011501293333333332,c88a402039d26ebf,,,true,0
s2-07b,formal,BCH-S200,200,285,SEGMENTED,1,8,2,NONE,100,19,1900,1900,380000,14400,1800,0.037894736842105266,0.94736842105263153,0.052631578947368418,1,0,0.94736842105263153,0,1,8,0,0,1,2,272,false,false,0.93639487859322312,0.95653661637119447,2026072607,4017947825915577414,17252338351945625033,17252338351945625033,EXHAUSTIVE_GROUPED_BY_R,0.011501293333333332,c88a402039d26ebf,,,true,0
s2-07b,formal,BCH-S200,200,285,SEGMENTED,1,8,3,NONE,100,19,1900,1900,380000,14400,1800,0.037894736842105266,0.94736842105263153,0.052631578947368418,1,0,0.94736842105263153,0,1,8,0,0,1,3,273,false,false,0.93639487859322312,0.95653661637119447,2026072607,4017947825915577414,17252338351945625033,17252338351945625033,EXHAUSTIVE_GROUPED_BY_R,0.011501293333333332,c88a402039d26ebf,,,true,0
s2-07b,formal,BCH-S200,200,285,SEGMENTED,1,8,4,NONE,100,19,1900,1900,380000,12600,1800,0.033157894736842108,0.94736842105263153,0.052631578947368418,1,0,0.94736842105263153,0,1,8,0,0,1,4,274,false,false,0.93639487859322312,0.95653661637119447,2026072607,4017947825915577414,17252338351945625033,17252338351945625033,EXHAUSTIVE_GROUPED_BY_R,0.011501293333333332,c88a402039d26ebf,,,true,0
s2-07b,formal,BCH-S200,200,285,SEGMENTED,1,8,5,NONE,100,19,1900,1900,380000,10800,1800,0.028421052631578948,0.94736842105263153,0.052631578947368418,1,0,0.94736842105263153,0,1,8,0,0,1,5,275,false,false,0.93639487859322312,0.95653661637119447,2026072607,4017947825915577414,17252338351945625033,17252338351945625033,EXHAUSTIVE_GROUPED_BY_R,0.011501293333333332,c88a402039d26ebf,,,true,0
s2-07b,formal,BCH-S200,200,285,SEGMENTED,1,8,6,NONE,100,19,1900,1900,380000,10900,1900,0.028684210526315788,1,0,1,0,1,0,1,8,0,0,1,6,0,false,false,0.99798225907787841,1,2026072607,4017947825915577414,17252338351945625033,17252338351945625033,EXHAUSTIVE_GROUPED_BY_R,0.011501293333333332,c88a402039d26ebf,,,true,0
s2-07b,formal,BCH-S200,200,285,SEGMENTED,1,8,7,NONE,100,19,1900,1900,380000,9100,1900,0.02394736842105263,1,0,1,0,1,0,1,8,0,0,1,7,0,false,false,0.99798225907787841,1,2026072607,4017947825915577414,17252338351945625033,17252338351945625033,EXHAUSTIVE_GROUPED_BY_R,0.011501293333333332,c88a402039d26ebf,,,true,0
s2-07b,formal,BCH-S200,200,285,SEGMENTED,1,8,8,NONE,100,18,1800,1800,360000,3600,1800,0.01,1,0,1,0,1,0,2,7,0,1,1,8,0,false,false,0.99787040108103198,1,2026072607,4017947825915577414,17252338351945625033,17252338351945625033,EXHAUSTIVE_GROUPED_BY_R,0.011501293333333332,c88a402039d26ebf,,,true,0
s2-07b,formal,BCH-S200,200,285,SEGMENTED,1,8,9,NONE,100,18,1800,1800,360000,9000,1800,0.025000000000000001,1,0,1,0,1,0,2,6,0,0,2,9,0,false,false,0.99787040108103198,1,2026072607,4017947825915577414,17252338351945625033,17252338351945625033,EXHAUSTIVE_GROUPED_BY_R,0.011501293333333332,c88a402039d26ebf,,,true,0
s2-07b,formal,BCH-S200,200,285,SEGMENTED,1,8,10,NONE,100,18,1800,1800,360000,10600,1800,0.029444444444444443,1,0,1,0,1,0,2,5,0,0,2,10,0,false,false,0.99787040108103198,1,2026072607,4017947825915577414,17252338351945625033,17252338351945625033,EXHAUSTIVE_GROUPED_BY_R,0.011501293333333332,c88a402039d26ebf,,,true,0
s2-07b,formal,BCH-S200,200,285,SEGMENTED,1,8,11,NONE,100,18,1800,1800,360000,10500,1800,0.029166666666666667,1,0,1,0,1,0,2,4,0,0,2,11,0,false,false,0.99787040108103198,1,2026072607,4017947825915577414,17252338351945625033,17252338351945625033,EXHAUSTIVE_GROUPED_BY_R,0.011501293333333332,c88a402039d26ebf,,,true,0
s2-07b,formal,BCH-S200,200,285,SEGMENTED,1,8,12,NONE,100,18,1800,1800,360000,10500,1800,0.029166666666666667,1,0,1,0,1,0,2,5,0,0,2,12,0,false,false,0.99787040108103198,1,2026072607,4017947825915577414,17252338351945625033,17252338351945625033,EXHAUSTIVE_GROUPED_BY_R,0.011501293333333332,c88a402039d26ebf,,,true,0
s2-07b,formal,BCH-S200,200,285,SEGMENTED,1,8,13,NONE,100,18,1800,1800,360000,12200,1800,0.033888888888888892,1,0,1,0,1,0,2,6,0,0,2,13,0,false,false,0.99787040108103198,1,2026072607,4017947825915577414,17252338351945625033,17252338351945625033,EXHAUSTIVE_GROUPED_BY_R,0.011501293333333332,c88a402039d26ebf,,,true,0
s2-07b,formal,BCH-S200,200,285,SEGMENTED,1,8,14,NONE,100,18,1800,1800,360000,10300,1800,0.028611111111111111,1,0,1,0,1,0,2,7,0,1,1,14,0,false,false,0.99787040108103198,1,2026072607,4017947825915577414,17252338351945625033,17252338351945625033,EXHAUSTIVE_GROUPED_BY_R,0.011501293333333332,c88a402039d26ebf,,,true,0
s2-07b,formal,BCH-S200,200,285,SEGMENTED,1,9,0,NONE,100,19,1900,1900,380000,14600,1900,0.038421052631578946,1,0,1,0,1,0,1,9,0,0,1,0,0,false,false,0.99798225907787841,1,2026072607,4017947825915577414,7180172080264513663,7180172080264513663,EXHAUSTIVE_GROUPED_BY_R,0.011614306666666666,c363f2dfe657e60a,,,true,0
s2-07b,formal,BCH-S200,200,285,SEGMENTED,1,9,1,NONE,100,19,1900,1900,380000,14500,1900,0.038157894736842106,1,0,1,0,1,0,1,9,0,0,1,1,0,false,false,0.99798225907787841,1,2026072607,4017947825915577414,7180172080264513663,7180172080264513663,EXHAUSTIVE_GROUPED_BY_R,0.011614306666666666,c363f2dfe657e60a,,,true,0
s2-07b,formal,BCH-S200,200,285,SEGMENTED,1,9,2,NONE,100,19,1900,1900,380000,14400,1800,0.037894736842105266,0.94736842105263153,0.052631578947368418,1,0,0.94736842105263153,0,1,9,0,0,1,2,272,false,false,0.93639487859322312,0.95653661637119447,2026072607,4017947825915577414,7180172080264513663,7180172080264513663,EXHAUSTIVE_GROUPED_BY_R,0.011614306666666666,c363f2dfe657e60a,,,true,0
s2-07b,formal,BCH-S200,200,285,SEGMENTED,1,9,3,NONE,100,19,1900,1900,380000,12600,1800,0.033157894736842108,0.94736842105263153,0.052631578947368418,1,0,0.94736842105263153,0,1,9,0,0,1,3,273,false,false,0.93639487859322312,0.95653661637119447,2026072607,4017947825915577414,7180172080264513663,7180172080264513663,EXHAUSTIVE_GROUPED_BY_R,0.011614306666666666,c363f2dfe657e60a,,,true,0
s2-07b,formal,BCH-S200,200,285,SEGMENTED,1,9,4,NONE,100,19,1900,1900,380000,10800,1800,0.028421052631578948,0.94736842105263153,0.052631578947368418,1,0,0.94736842105263153,0,1,9,0,0,1,4,274,false,false,0.93639487859322312,0.95653661637119447,2026072607,4017947825915577414,7180172080264513663,7180172080264513663,EXHAUSTIVE_GROUPED_BY_R,0.011614306666666666,c363f2dfe657e60a,,,true,0
s2-07b,formal,BCH-S200,200,285,SEGMENTED,1,9,5,NONE,100,19,1900,1900,380000,9000,1800,0.02368421052631579,0.94736842105263153,0.052631578947368418,1,0,0.94736842105263153,0,1,9,0,0,1,5,275,false,false,0.93639487859322312,0.95653661637119447,2026072607,4017947825915577414,7180172080264513663,7180172080264513663,EXHAUSTIVE_GROUPED_BY_R,0.011614306666666666,c363f2dfe657e60a,,,true,0
s2-07b,formal,BCH-S200,200,285,SEGMENTED,1,9,6,NONE,100,19,1900,1900,380000,9000,1800,0.02368421052631579,0.94736842105263153,0.052631578947368418,1,0,0.94736842105263153,0,1,9,0,0,1,6,276,false,false,0.93639487859322312,0.95653661637119447,2026072607,4017947825915577414,7180172080264513663,7180172080264513663,EXHAUSTIVE_GROUPED_BY_R,0.011614306666666666,c363f2dfe657e60a,,,true,0
s2-07b,formal,BCH-S200,200,285,SEGMENTED,1,9,7,NONE,100,18,1800,1800,360000,9000,1800,0.025000000000000001,1,0,1,0,1,0,2,8,0,1,1,7,0,false,false,0.99787040108103198,1,2026072607,4017947825915577414,7180172080264513663,7180172080264513663,EXHAUSTIVE_GROUPED_BY_R,0.011614306666666666,c363f2dfe657e60a,,,true,0
s2-07b,formal,BCH-S200,200,285,SEGMENTED,1,9,8,NONE,100,18,1800,1800,360000,7200,1800,0.02,1,0,1,0,1,0,2,7,0,0,2,8,0,false,false,0.99787040108103198,1,2026072607,4017947825915577414,7180172080264513663,7180172080264513663,EXHAUSTIVE_GROUPED_BY_R,0.011614306666666666,c363f2dfe657e60a,,,true,0
s2-07b,formal,BCH-S200,200,285,SEGMENTED,1,9,9,NONE,100,18,1800,1800,360000,12400,1800,0.034444444444444444,1,0,1,0,1,0,2,6,0,0,2,9,0,false,false,0.99787040108103198,1,2026072607,4017947825915577414,7180172080264513663,7180172080264513663,EXHAUSTIVE_GROUPED_BY_R,0.011614306666666666,c363f2dfe657e60a,,,true,0
s2-07b,formal,BCH-S200,200,285,SEGMENTED,1,9,10,NONE,100,18,1800,1800,360000,12300,1800,0.034166666666666665,1,0,1,0,1,0,2,5,0,0,2,10,0,false,false,0.99787040108103198,1,2026072607,4017947825915577414,7180172080264513663,7180172080264513663,EXHAUSTIVE_GROUPED_BY_R,0.011614306666666666,c363f2dfe657e60a,,,true,0
s2-07b,formal,BCH-S200,200,285,SEGMENTED,1,9,11,NONE,100,18,1800,1800,360000,10500,1800,0.029166666666666667,1,0,1,0,1,0,2,5,0,0,2,11,0,false,false,0.99787040108103198,1,2026072607,4017947825915577414,7180172080264513663,7180172080264513663,EXHAUSTIVE_GROUPED_BY_R,0.011614306666666666,c363f2dfe657e60a,,,true,0
s2-07b,formal,BCH-S200,200,285,SEGMENTED,1,9,12,NONE,100,18,1800,1800,360000,12200,1800,0.033888888888888892,1,0,1,0,1,0,2,6,0,0,2,12,0,false,false,0.99787040108103198,1,2026072607,4017947825915577414,7180172080264513663,7180172080264513663,EXHAUSTIVE_GROUPED_BY_R,0.011614306666666666,c363f2dfe657e60a,,,true,0
s2-07b,formal,BCH-S200,200,285,SEGMENTED,1,9,13,NONE,100,18,1800,1800,360000,12100,1800,0.033611111111111112,1,0,1,0,1,0,2,7,0,0,2,13,0,false,false,0.99787040108103198,1,2026072607,4017947825915577414,7180172080264513663,7180172080264513663,EXHAUSTIVE_GROUPED_BY_R,0.011614306666666666,c363f2dfe657e60a,,,true,0
s2-07b,formal,BCH-S200,200,285,SEGMENTED,1,9,14,NONE,100,18,1800,1800,360000,15500,1800,0.043055555555555555,1,0,1,0,1,0,2,8,0,1,1,14,0,false,false,0.99787040108103198,1,2026072607,4017947825915577414,7180172080264513663,7180172080264513663,EXHAUSTIVE_GROUPED_BY_R,0.011614306666666666,c363f2dfe657e60a,,,true,0
s2-07b,formal,BCH-S200,200,285,SEGMENTED,1,10,0,NONE,100,19,1900,1900,380000,16400,1900,0.043157894736842103,1,0,1,0,1,0,1,10,0,0,1,0,0,false,false,0.99798225907787841,1,2026072607,4017947825915577414,6418771243946054147,6418771243946054147,EXHAUSTIVE_GROUPED_BY_R,0.011411040000000001,f2b80feacd60ede6,,,true,0
s2-07b,formal,BCH-S200,200,285,SEGMENTED,1,10,1,NONE,100,19,1900,1900,380000,16300,1900,0.042894736842105263,1,0,1,0,1,0,1,10,0,0,1,1,0,false,false,0.99798225907787841,1,2026072607,4017947825915577414,6418771243946054147,6418771243946054147,EXHAUSTIVE_GROUPED_BY_R,0.011411040000000001,f2b80feacd60ede6,,,true,0
s2-07b,formal,BCH-S200,200,285,SEGMENTED,1,10,2,NONE,100,19,1900,1900,380000,14400,1800,0.037894736842105266,0.94736842105263153,0.052631578947368418,1,0,0.94736842105263153,0,1,10,0,0,1,2,272,false,false,0.93639487859322312,0.95653661637119447,2026072607,4017947825915577414,6418771243946054147,6418771243946054147,EXHAUSTIVE_GROUPED_BY_R,0.011411040000000001,f2b80feacd60ede6,,,true,0
s2-07b,formal,BCH-S200,200,285,SEGMENTED,1,10,3,NONE,100,19,1900,1900,380000,14400,1800,0.037894736842105266,0.94736842105263153,0.052631578947368418,1,0,0.94736842105263153,0,1,10,0,0,1,3,273,false,false,0.93639487859322312,0.95653661637119447,2026072607,4017947825915577414,6418771243946054147,6418771243946054147,EXHAUSTIVE_GROUPED_BY_R,0.011411040000000001,f2b80feacd60ede6,,,true,0
s2-07b,formal,BCH-S200,200,285,SEGMENTED,1,10,4,NONE,100,19,1900,1900,380000,12600,1800,0.033157894736842108,0.94736842105263153,0.052631578947368418,1,0,0.94736842105263153,0,1,10,0,0,1,4,274,false,false,0.93639487859322312,0.95653661637119447,2026072607,4017947825915577414,6418771243946054147,6418771243946054147,EXHAUSTIVE_GROUPED_BY_R,0.011411040000000001,f2b80feacd60ede6,,,true,0
s2-07b,formal,BCH-S200,200,285,SEGMENTED,1,10,5,NONE,100,19,1900,1900,380000,10800,1800,0.028421052631578948,0.94736842105263153,0.052631578947368418,1,0,0.94736842105263153,0,1,10,0,0,1,5,275,false,false,0.93639487859322312,0.95653661637119447,2026072607,4017947825915577414,6418771243946054147,6418771243946054147,EXHAUSTIVE_GROUPED_BY_R,0.011411040000000001,f2b80feacd60ede6,,,true,0
s2-07b,formal,BCH-S200,200,285,SEGMENTED,1,10,6,NONE,100,18,1800,1800,360000,9000,1800,0.025000000000000001,1,0,1,0,1,0,2,9,0,1,1,6,0,false,false,0.99787040108103198,1,2026072607,4017947825915577414,6418771243946054147,6418771243946054147,EXHAUSTIVE_GROUPED_BY_R,0.011411040000000001,f2b80feacd60ede6,,,true,0
s2-07b,formal,BCH-S200,200,285,SEGMENTED,1,10,7,NONE,100,18,1800,1800,360000,12600,1800,0.035000000000000003,1,0,1,0,1,0,2,8,0,0,2,7,0,false,false,0.99787040108103198,1,2026072607,4017947825915577414,6418771243946054147,6418771243946054147,EXHAUSTIVE_GROUPED_BY_R,0.011411040000000001,f2b80feacd60ede6,,,true,0
s2-07b,formal,BCH-S200,200,285,SEGMENTED,1,10,8,NONE,100,18,1800,1800,360000,10600,1800,0.029444444444444443,1,0,1,0,1,0,2,7,0,0,2,8,0,false,false,0.99787040108103198,1,2026072607,4017947825915577414,6418771243946054147,6418771243946054147,EXHAUSTIVE_GROUPED_BY_R,0.011411040000000001,f2b80feacd60ede6,,,true,0
s2-07b,formal,BCH-S200,200,285,SEGMENTED,1,10,9,NONE,100,18,1800,1800,360000,14100,1800,0.039166666666666669,1,0,1,0,1,0,2,6,0,0,2,9,0,false,false,0.99787040108103198,1,2026072607,4017947825915577414,6418771243946054147,6418771243946054147,EXHAUSTIVE_GROUPED_BY_R,0.011411040000000001,f2b80feacd60ede6,,,true,0
s2-07b,formal,BCH-S200,200,285,SEGMENTED,1,10,10,NONE,100,18,1800,1800,360000,12300,1800,0.034166666666666665,1,0,1,0,1,0,2,5,0,0,2,10,0,false,false,0.99787040108103198,1,2026072607,4017947825915577414,6418771243946054147,6418771243946054147,EXHAUSTIVE_GROUPED_BY_R,0.011411040000000001,f2b80feacd60ede6,,,true,0
s2-07b,formal,BCH-S200,200,285,SEGMENTED,1,10,11,NONE,100,18,1800,1800,360000,12200,1800,0.033888888888888892,1,0,1,0,1,0,2,6,0,0,2,11,0,false,false,0.99787040108103198,1,2026072607,4017947825915577414,6418771243946054147,6418771243946054147,EXHAUSTIVE_GROUPED_BY_R,0.011411040000000001,f2b80feacd60ede6,,,true,0
s2-07b,formal,BCH-S200,200,285,SEGMENTED,1,10,12,NONE,100,18,1800,1800,360000,12100,1800,0.033611111111111112,1,0,1,0,1,0,2,7,0,0,2,12,0,false,false,0.99787040108103198,1,2026072607,4017947825915577414,6418771243946054147,6418771243946054147,EXHAUSTIVE_GROUPED_BY_R,0.011411040000000001,f2b80feacd60ede6,,,true,0
s2-07b,formal,BCH-S200,200,285,SEGMENTED,1,10,13,NONE,100,18,1800,1800,360000,17300,1800,0.048055555555555553,1,0,1,0,1,0,2,8,0,0,2,13,0,false,false,0.99787040108103198,1,2026072607,4017947825915577414,6418771243946054147,6418771243946054147,EXHAUSTIVE_GROUPED_BY_R,0.011411040000000001,f2b80feacd60ede6,,,true,0
s2-07b,formal,BCH-S200,200,285,SEGMENTED,1,10,14,NONE,100,18,1800,1800,360000,13800,1800,0.03833333333333333,1,0,1,0,1,0,2,9,0,1,1,14,0,false,false,0.99787040108103198,1,2026072607,4017947825915577414,6418771243946054147,6418771243946054147,EXHAUSTIVE_GROUPED_BY_R,0.011411040000000001,f2b80feacd60ede6,,,true,0
s2-07b,formal,BCH-S200,200,285,SEGMENTED,1,11,0,NONE,100,19,1900,1900,380000,18200,1900,0.047894736842105261,1,0,1,0,1,0,1,11,0,0,1,0,0,false,false,0.99798225907787841,1,2026072607,4017947825915577414,14600472746167648424,14600472746167648424,EXHAUSTIVE_GROUPED_BY_R,0.011688866666666665,3775debd6a375b8d,,,true,0
s2-07b,formal,BCH-S200,200,285,SEGMENTED,1,11,1,NONE,100,19,1900,1900,380000,16300,1900,0.042894736842105263,1,0,1,0,1,0,1,11,0,0,1,1,0,false,false,0.99798225907787841,1,2026072607,4017947825915577414,14600472746167648424,14600472746167648424,EXHAUSTIVE_GROUPED_BY_R,0.011688866666666665,3775debd6a375b8d,,,true,0
s2-07b,formal,BCH-S200,200,285,SEGMENTED,1,11,2,NONE,100,19,1900,1900,380000,14400,1800,0.037894736842105266,0.94736842105263153,0.052631578947368418,1,0,0.94736842105263153,0,1,11,0,0,1,2,272,false,false,0.93639487859322312,0.95653661637119447,2026072607,4017947825915577414,14600472746167648424,14600472746167648424,EXHAUSTIVE_GROUPED_BY_R,0.011688866666666665,3775debd6a375b8d,,,true,0
s2-07b,formal,BCH-S200,200,285,SEGMENTED,1,11,3,NONE,100,19,1900,1900,380000,12600,1800,0.033157894736842108,0.94736842105263153,0.052631578947368418,1,0,0.94736842105263153,0,1,11,0,0,1,3,273,false,false,0.93639487859322312,0.95653661637119447,2026072607,4017947825915577414,14600472746167648424,14600472746167648424,EXHAUSTIVE_GROUPED_BY_R,0.011688866666666665,3775debd6a375b8d,,,true,0
s2-07b,formal,BCH-S200,200,285,SEGMENTED,1,11,4,NONE,100,19,1900,1900,380000,10800,1800,0.028421052631578948,0.94736842105263153,0.052631578947368418,1,0,0.94736842105263153,0,1,11,0,0,1,4,274,false,false,0.93639487859322312,0.95653661637119447,2026072607,4017947825915577414,14600472746167648424,14600472746167648424,EXHAUSTIVE_GROUPED_BY_R,0.011688866666666665,3775debd6a375b8d,,,true,0
s2-07b,formal,BCH-S200,200,285,SEGMENTED,1,11,5,NONE,100,18,1800,1800,360000,10800,1800,0.029999999999999999,1,0,1,0,1,0,2,10,0,1,1,5,0,false,false,0.99787040108103198,1,2026072607,4017947825915577414,14600472746167648424,14600472746167648424,EXHAUSTIVE_GROUPED_BY_R,0.011688866666666665,3775debd6a375b8d,,,true,0
s2-07b,formal,BCH-S200,200,285,SEGMENTED,1,11,6,NONE,100,18,1800,1800,360000,12600,1800,0.035000000000000003,1,0,1,0,1,0,2,9,0,0,2,6,0,false,false,0.99787040108103198,1,2026072607,4017947825915577414,14600472746167648424,14600472746167648424,EXHAUSTIVE_GROUPED_BY_R,0.011688866666666665,3775debd6a375b8d,,,true,0
s2-07b,formal,BCH-S200,200,285,SEGMENTED,1,11,7,NONE,100,18,1800,1800,360000,16000,1800,0.044444444444444446,1,0,1,0,1,0,2,8,0,0,2,7,0,false,false,0.99787040108103198,1,2026072607,4017947825915577414,14600472746167648424,14600472746167648424,EXHAUSTIVE_GROUPED_BY_R,0.011688866666666665,3775debd6a375b8d,,,true,0
s2-07b,formal,BCH-S200,200,285,SEGMENTED,1,11,8,NONE,100,18,1800,1800,360000,12300,1800,0.034166666666666665,1,0,1,0,1,0,2,7,0,0,2,8,0,false,false,0.99787040108103198,1,2026072607,4017947825915577414,14600472746167648424,14600472746167648424,EXHAUSTIVE_GROUPED_BY_R,0.011688866666666665,3775debd6a375b8d,,,true,0
s2-07b,formal,BCH-S200,200,285,SEGMENTED,1,11,9,NONE,100,18,1800,1800,360000,14100,1800,0.039166666666666669,1,0,1,0,1,0,2,6,0,0,2,9,0,false,false,0.99787040108103198,1,2026072607,4017947825915577414,14600472746167648424,14600472746167648424,EXHAUSTIVE_GROUPED_BY_R,0.011688866666666665,3775debd6a375b8d,,,true,0
s2-07b,formal,BCH-S200,200,285,SEGMENTED,1,11,10,NONE,100,18,1800,1800,360000,14000,1800,0.03888888888888889,1,0,1,0,1,0,2,6,0,0,2,10,0,false,false,0.99787040108103198,1,2026072607,4017947825915577414,14600472746167648424,14600472746167648424,EXHAUSTIVE_GROUPED_BY_R,0.011688866666666665,3775debd6a375b8d,,,true,0
s2-07b,formal,BCH-S200,200,285,SEGMENTED,1,11,11,NONE,100,18,1800,1800,360000,12100,1800,0.033611111111111112,1,0,1,0,1,0,2,7,0,0,2,11,0,false,false,0.99787040108103198,1,2026072607,4017947825915577414,14600472746167648424,14600472746167648424,EXHAUSTIVE_GROUPED_BY_R,0.011688866666666665,3775debd6a375b8d,,,true,0
s2-07b,formal,BCH-S200,200,285,SEGMENTED,1,11,12,NONE,100,18,1800,1800,360000,17300,1800,0.048055555555555553,1,0,1,0,1,0,2,8,0,0,2,12,0,false,false,0.99787040108103198,1,2026072607,4017947825915577414,14600472746167648424,14600472746167648424,EXHAUSTIVE_GROUPED_BY_R,0.011688866666666665,3775debd6a375b8d,,,true,0
s2-07b,formal,BCH-S200,200,285,SEGMENTED,1,11,13,NONE,100,18,1800,1800,360000,15600,1800,0.043333333333333335,1,0,1,0,1,0,2,9,0,0,2,13,0,false,false,0.99787040108103198,1,2026072607,4017947825915577414,14600472746167648424,14600472746167648424,EXHAUSTIVE_GROUPED_BY_R,0.011688866666666665,3775debd6a375b8d,,,true,0
s2-07b,formal,BCH-S200,200,285,SEGMENTED,1,11,14,NONE,100,18,1800,1800,360000,15500,1800,0.043055555555555555,1,0,1,0,1,0,2,10,0,1,1,14,0,false,false,0.99787040108103198,1,2026072607,4017947825915577414,14600472746167648424,14600472746167648424,EXHAUSTIVE_GROUPED_BY_R,0.011688866666666665,3775debd6a375b8d,,,true,0
s2-07b,formal,BCH-S200,200,285,SEGMENTED,1,12,0,NONE,100,19,1900,1900,380000,18200,1900,0.047894736842105261,1,0,1,0,1,0,1,12,0,0,1,0,0,false,false,0.99798225907787841,1,2026072607,4017947825915577414,11557029430521675905,11557029430521675905,EXHAUSTIVE_GROUPED_BY_R,0.01157762,73306189f9405f07,,,true,0
s2-07b,formal,BCH-S200,200,285,SEGMENTED,1,12,1,NONE,100,19,1900,1900,380000,16300,1900,0.042894736842105263,1,0,1,0,1,0,1,12,0,0,1,1,0,false,false,0.99798225907787841,1,2026072607,4017947825915577414,11557029430521675905,11557029430521675905,EXHAUSTIVE_GROUPED_BY_R,0.01157762,73306189f9405f07,,,true,0
s2-07b,formal,BCH-S200,200,285,SEGMENTED,1,12,2,NONE,100,19,1900,1900,380000,14400,1800,0.037894736842105266,0.94736842105263153,0.052631578947368418,1,0,0.94736842105263153,0,1,12,0,0,1,2,272,false,false,0.93639487859322312,0.95653661637119447,2026072607,4017947825915577414,11557029430521675905,11557029430521675905,EXHAUSTIVE_GROUPED_BY_R,0.01157762,73306189f9405f07,,,true,0
s2-07b,formal,BCH-S200,200,285,SEGMENTED,1,12,3,NONE,100,19,1900,1900,380000,12600,1800,0.033157894736842108,0.94736842105263153,0.052631578947368418,1,0,0.94736842105263153,0,1,12,0,0,1,3,273,false,false,0.93639487859322312,0.95653661637119447,2026072607,4017947825915577414,11557029430521675905,11557029430521675905,EXHAUSTIVE_GROUPED_BY_R,0.01157762,73306189f9405f07,,,true,0
s2-07b,formal,BCH-S200,200,285,SEGMENTED,1,12,4,NONE,100,18,1800,1800,360000,10800,1800,0.029999999999999999,1,0,1,0,1,0,2,11,0,1,1,4,0,false,false,0.99787040108103198,1,2026072607,4017947825915577414,11557029430521675905,11557029430521675905,EXHAUSTIVE_GROUPED_BY_R,0.01157762,73306189f9405f07,,,true,0
s2-07b,formal,BCH-S200,200,285,SEGMENTED,1,12,5,NONE,100,18,1800,1800,360000,14400,1800,0.040000000000000001,1,0,1,0,1,0,2,10,0,0,2,5,0,false,false,0.99787040108103198,1,2026072607,4017947825915577414,11557029430521675905,11557029430521675905,EXHAUSTIVE_GROUPED_BY_R,0.01157762,73306189f9405f07,,,true,0
s2-07b,formal,BCH-S200,200,285,SEGMENTED,1,12,6,NONE,100,18,1800,1800,360000,16000,1800,0.044444444444444446,1,0,1,0,1,0,2,9,0,0,2,6,0,false,false,0.99787040108103198,1,2026072607,4017947825915577414,11557029430521675905,11557029430521675905,EXHAUSTIVE_GROUPED_BY_R,0.01157762,73306189f9405f07,,,true,0
s2-07b,formal,BCH-S200,200,285,SEGMENTED,1,12,7,NONE,100,18,1800,1800,360000,17700,1800,0.049166666666666664,1,0,1,0,1,0,2,8,0,0,2,7,0,false,false,0.99787040108103198,1,2026072607,4017947825915577414,11557029430521675905,11557029430521675905,EXHAUSTIVE_GROUPED_BY_R,0.01157762,73306189f9405f07,,,true,0
s2-07b,formal,BCH-S200,200,285,SEGMENTED,1,12,8,NONE,100,18,1800,1800,360000,12300,1800,0.034166666666666665,1,0,1,0,1,0,2,7,0,0,2,8,0,false,false,0.99787040108103198,1,2026072607,4017947825915577414,11557029430521675905,11557029430521675905,EXHAUSTIVE_GROUPED_BY_R,0.01157762,73306189f9405f07,,,true,0
s2-07b,formal,BCH-S200,200,285,SEGMENTED,1,12,9,NONE,100,18,1800,1800,360000,15800,1800,0.043888888888888887,1,0,1,0,1,0,2,6,0,0,2,9,0,false,false,0.99787040108103198,1,2026072607,4017947825915577414,11557029430521675905,11557029430521675905,EXHAUSTIVE_GROUPED_BY_R,0.01157762,73306189f9405f07,,,true,0
s2-07b,formal,BCH-S200,200,285,SEGMENTED,1,12,10,NONE,100,18,1800,1800,360000,13900,1800,0.03861111111111111,1,0,1,0,1,0,2,7,0,0,2,10,0,false,false,0.99787040108103198,1,2026072607,4017947825915577414,11557029430521675905,11557029430521675905,EXHAUSTIVE_GROUPED_BY_R,0.01157762,73306189f9405f07,,,true,0
s2-07b,formal,BCH-S200,200,285,SEGMENTED,1,12,11,NONE,100,18,1800,1800,360000,17300,1800,0.048055555555555553,1,0,1,0,1,0,2,8,0,0,2,11,0,false,false,0.99787040108103198,1,2026072607,4017947825915577414,11557029430521675905,11557029430521675905,EXHAUSTIVE_GROUPED_BY_R,0.01157762,73306189f9405f07,,,true,0
s2-07b,formal,BCH-S200,200,285,SEGMENTED,1,12,12,NONE,100,18,1800,1800,360000,15600,1800,0.043333333333333335,1,0,1,0,1,0,2,9,0,0,2,12,0,false,false,0.99787040108103198,1,2026072607,4017947825915577414,11557029430521675905,11557029430521675905,EXHAUSTIVE_GROUPED_BY_R,0.01157762,73306189f9405f07,,,true,0
s2-07b,formal,BCH-S200,200,285,SEGMENTED,1,12,13,NONE,100,18,1800,1800,360000,17300,1800,0.048055555555555553,1,0,1,0,1,0,2,10,0,0,2,13,0,false,false,0.99787040108103198,1,2026072607,4017947825915577414,11557029430521675905,11557029430521675905,EXHAUSTIVE_GROUPED_BY_R,0.01157762,73306189f9405f07,,,true,0
s2-07b,formal,BCH-S200,200,285,SEGMENTED,1,12,14,NONE,100,18,1800,1800,360000,17200,1800,0.04777777777777778,1,0,1,0,1,0,2,11,0,1,1,14,0,false,false,0.99787040108103198,1,2026072607,4017947825915577414,11557029430521675905,11557029430521675905,EXHAUSTIVE_GROUPED_BY_R,0.01157762,73306189f9405f07,,,true,0
s2-07b,formal,BCH-S200,200,285,SEGMENTED,1,13,0,NONE,100,19,1900,1900,380000,18200,1900,0.047894736842105261,1,0,1,0,1,0,1,13,0,0,1,0,0,false,false,0.99798225907787841,1,2026072607,4017947825915577414,9040976471269520663,9040976471269520663,EXHAUSTIVE_GROUPED_BY_R,0.011567073333333334,2bfcfc33f637bb0c,,,true,0
s2-07b,formal,BCH-S200,200,285,SEGMENTED,1,13,1,NONE,100,19,1900,1900,380000,18100,1900,0.047631578947368421,1,0,1,0,1,0,1,13,0,0,1,1,0,false,false,0.99798225907787841,1,2026072607,4017947825915577414,9040976471269520663,9040976471269520663,EXHAUSTIVE_GROUPED_BY_R,0.011567073333333334,2bfcfc33f637bb0c,,,true,0
s2-07b,formal,BCH-S200,200,285,SEGMENTED,1,13,2,NONE,100,19,1900,1900,380000,16200,1800,0.042631578947368423,0.94736842105263153,0.052631578947368418,1,0,0.94736842105263153,0,1,13,0,0,1,2,272,false,false,0.93639487859322312,0.95653661637119447,2026072607,4017947825915577414,9040976471269520663,9040976471269520663,EXHAUSTIVE_GROUPED_BY_R,0.011567073333333334,2bfcfc33f637bb0c,,,true,0
s2-07b,formal,BCH-S200,200,285,SEGMENTED,1,13,3,NONE,100,18,1800,1800,360000,12600,1800,0.035000000000000003,1,0,1,0,1,0,2,12,0,1,1,3,0,false,false,0.99787040108103198,1,2026072607,4017947825915577414,9040976471269520663,9040976471269520663,EXHAUSTIVE_GROUPED_BY_R,0.011567073333333334,2bfcfc33f637bb0c,,,true,0
s2-07b,formal,BCH-S200,200,285,SEGMENTED,1,13,4,NONE,100,18,1800,1800,360000,14400,1800,0.040000000000000001,1,0,1,0,1,0,2,11,0,0,2,4,0,false,false,0.99787040108103198,1,2026072607,4017947825915577414,9040976471269520663,9040976471269520663,EXHAUSTIVE_GROUPED_BY_R,0.011567073333333334,2bfcfc33f637bb0c,,,true,0
s2-07b,formal,BCH-S200,200,285,SEGMENTED,1,13,5,NONE,100,18,1800,1800,360000,17800,1800,0.049444444444444444,1,0,1,0,1,0,2,10,0,0,2,5,0,false,false,0.99787040108103198,1,2026072607,4017947825915577414,9040976471269520663,9040976471269520663,EXHAUSTIVE_GROUPED_BY_R,0.011567073333333334,2bfcfc33f637bb0c,,,true,0
s2-07b,formal,BCH-S200,200,285,SEGMENTED,1,13,6,NONE,100,18,1800,1800,360000,17700,1800,0.049166666666666664,1,0,1,0,1,0,2,9,0,0,2,6,0,false,false,0.99787040108103198,1,2026072607,4017947825915577414,9040976471269520663,9040976471269520663,EXHAUSTIVE_GROUPED_BY_R,0.011567073333333334,2bfcfc33f637bb0c,,,true,0
s2-07b,formal,BCH-S200,200,285,SEGMENTED,1,13,7,NONE,100,18,1800,1800,360000,17700,1800,0.049166666666666664,1,0,1,0,1,0,2,8,0,0,2,7,0,false,false,0.99787040108103198,1,2026072607,4017947825915577414,9040976471269520663,9040976471269520663,EXHAUSTIVE_GROUPED_BY_R,0.011567073333333334,2bfcfc33f637bb0c,,,true,0
s2-07b,formal,BCH-S200,200,285,SEGMENTED,1,13,8,NONE,100,18,1800,1800,360000,14000,1800,0.03888888888888889,1,0,1,0,1,0,2,7,0,0,2,8,0,false,false,0.99787040108103198,1,2026072607,4017947825915577414,9040976471269520663,9040976471269520663,EXHAUSTIVE_GROUPED_BY_R,0.011567073333333334,2bfcfc33f637bb0c,,,true,0
s2-07b,formal,BCH-S200,200,285,SEGMENTED,1,13,9,NONE,100,18,1800,1800,360000,15700,1800,0.043611111111111114,1,0,1,0,1,0,2,7,0,0,2,9,0,false,false,0.99787040108103198,1,2026072607,4017947825915577414,9040976471269520663,9040976471269520663,EXHAUSTIVE_GROUPED_BY_R,0.011567073333333334,2bfcfc33f637bb0c,,,true,0
s2-07b,formal,BCH-S200,200,285,SEGMENTED,1,13,10,NONE,100,18,1800,1800,360000,19100,1800,0.053055555555555557,1,0,1,0,1,0,2,8,0,0,2,10,0,false,false,0.99787040108103198,1,2026072607,4017947825915577414,9040976471269520663,9040976471269520663,EXHAUSTIVE_GROUPED_BY_R,0.011567073333333334,2bfcfc33f637bb0c,,,true,0
s2-07b,formal,BCH-S200,200,285,SEGMENTED,1,13,11,NONE,100,18,1800,1800,360000,15600,1800,0.043333333333333335,1,0,1,0,1,0,2,9,0,0,2,11,0,false,false,0.99787040108103198,1,2026072607,4017947825915577414,9040976471269520663,9040976471269520663,EXHAUSTIVE_GROUPED_BY_R,0.011567073333333334,2bfcfc33f637bb0c,,,true,0
s2-07b,formal,BCH-S200,200,285,SEGMENTED,1,13,12,NONE,100,18,1800,1800,360000,17300,1800,0.048055555555555553,1,0,1,0,1,0,2,10,0,0,2,12,0,false,false,0.99787040108103198,1,2026072607,4017947825915577414,9040976471269520663,9040976471269520663,EXHAUSTIVE_GROUPED_BY_R,0.011567073333333334,2bfcfc33f637bb0c,,,true,0
s2-07b,formal,BCH-S200,200,285,SEGMENTED,1,13,13,NONE,100,18,1800,1800,360000,19000,1800,0.052777777777777778,1,0,1,0,1,0,2,11,0,0,2,13,0,false,false,0.99787040108103198,1,2026072607,4017947825915577414,9040976471269520663,9040976471269520663,EXHAUSTIVE_GROUPED_BY_R,0.011567073333333334,2bfcfc33f637bb0c,,,true,0
s2-07b,formal,BCH-S200,200,285,SEGMENTED,1,13,14,NONE,100,18,1800,1800,360000,17200,1800,0.04777777777777778,1,0,1,0,1,0,2,12,0,1,1,14,0,false,false,0.99787040108103198,1,2026072607,4017947825915577414,9040976471269520663,9040976471269520663,EXHAUSTIVE_GROUPED_BY_R,0.011567073333333334,2bfcfc33f637bb0c,,,true,0
s2-07b,formal,BCH-S200,200,285,SEGMENTED,1,14,0,NONE,100,19,1900,1900,380000,20000,1900,0.052631578947368418,1,0,1,0,1,0,1,14,0,0,1,0,0,false,false,0.99798225907787841,1,2026072607,4017947825915577414,6497595084431888241,6497595084431888241,EXHAUSTIVE_GROUPED_BY_R,0.011358226666666667,05dfd8a088b81c31,,,true,0
s2-07b,formal,BCH-S200,200,285,SEGMENTED,1,14,1,NONE,100,19,1900,1900,380000,20000,1900,0.052631578947368418,1,0,1,0,1,0,1,14,0,0,1,1,0,false,false,0.99798225907787841,1,2026072607,4017947825915577414,6497595084431888241,6497595084431888241,EXHAUSTIVE_GROUPED_BY_R,0.011358226666666667,05dfd8a088b81c31,,,true,0
s2-07b,formal,BCH-S200,200,285,SEGMENTED,1,14,2,NONE,100,18,1800,1800,360000,16200,1800,0.044999999999999998,1,0,1,0,1,0,2,13,0,1,1,2,0,false,false,0.99787040108103198,1,2026072607,4017947825915577414,6497595084431888241,6497595084431888241,EXHAUSTIVE_GROUPED_BY_R,0.011358226666666667,05dfd8a088b81c31,,,true,0
s2-07b,formal,BCH-S200,200,285,SEGMENTED,1,14,3,NONE,100,18,1800,1800,360000,16200,1800,0.044999999999999998,1,0,1,0,1,0,2,12,0,0,2,3,0,false,false,0.99787040108103198,1,2026072607,4017947825915577414,6497595084431888241,6497595084431888241,EXHAUSTIVE_GROUPED_BY_R,0.011358226666666667,05dfd8a088b81c31,,,true,0
s2-07b,formal,BCH-S200,200,285,SEGMENTED,1,14,4,NONE,100,18,1800,1800,360000,17800,1800,0.049444444444444444,1,0,1,0,1,0,2,11,0,0,2,4,0,false,false,0.99787040108103198,1,2026072607,4017947825915577414,6497595084431888241,6497595084431888241,EXHAUSTIVE_GROUPED_BY_R,0.011358226666666667,05dfd8a088b81c31,,,true,0
s2-07b,formal,BCH-S200,200,285,SEGMENTED,1,14,5,NONE,100,18,1800,1800,360000,19500,1800,0.054166666666666669,1,0,1,0,1,0,2,10,0,0,2,5,0,false,false,0.99787040108103198,1,2026072607,4017947825915577414,6497595084431888241,6497595084431888241,EXHAUSTIVE_GROUPED_BY_R,0.011358226666666667,05dfd8a088b81c31,,,true,0
s2-07b,formal,BCH-S200,200,285,SEGMENTED,1,14,6,NONE,100,18,1800,1800,360000,17700,1800,0.049166666666666664,1,0,1,0,1,0,2,9,0,0,2,6,0,false,false,0.99787040108103198,1,2026072607,4017947825915577414,6497595084431888241,6497595084431888241,EXHAUSTIVE_GROUPED_BY_R,0.011358226666666667,05dfd8a088b81c31,,,true,0
s2-07b,formal,BCH-S200,200,285,SEGMENTED,1,14,7,NONE,100,18,1800,1800,360000,19400,1800,0.053888888888888889,1,0,1,0,1,0,2,8,0,0,2,7,0,false,false,0.99787040108103198,1,2026072607,4017947825915577414,6497595084431888241,6497595084431888241,EXHAUSTIVE_GROUPED_BY_R,0.011358226666666667,05dfd8a088b81c31,,,true,0
s2-07b,formal,BCH-S200,200,285,SEGMENTED,1,14,8,NONE,100,18,1800,1800,360000,13900,1800,0.03861111111111111,1,0,1,0,1,0,2,7,0,0,2,8,0,false,false,0.99787040108103198,1,2026072607,4017947825915577414,6497595084431888241,6497595084431888241,EXHAUSTIVE_GROUPED_BY_R,0.011358226666666667,05dfd8a088b81c31,,,true,0
s2-07b,formal,BCH-S200,200,285,SEGMENTED,1,14,9,NONE,100,18,1800,1800,360000,20900,1800,0.058055555555555555,1,0,1,0,1,0,2,8,0,0,2,9,0,false,false,0.99787040108103198,1,2026072607,4017947825915577414,6497595084431888241,6497595084431888241,EXHAUSTIVE_GROUPED_BY_R,0.011358226666666667,05dfd8a088b81c31,,,true,0
s2-07b,formal,BCH-S200,200,285,SEGMENTED,1,14,10,NONE,100,18,1800,1800,360000,17400,1800,0.048333333333333332,1,0,1,0,1,0,2,9,0,0,2,10,0,false,false,0.99787040108103198,1,2026072607,4017947825915577414,6497595084431888241,6497595084431888241,EXHAUSTIVE_GROUPED_BY_R,0.011358226666666667,05dfd8a088b81c31,,,true,0
s2-07b,formal,BCH-S200,200,285,SEGMENTED,1,14,11,NONE,100,18,1800,1800,360000,17300,1800,0.048055555555555553,1,0,1,0,1,0,2,10,0,0,2,11,0,false,false,0.99787040108103198,1,2026072607,4017947825915577414,6497595084431888241,6497595084431888241,EXHAUSTIVE_GROUPED_BY_R,0.011358226666666667,05dfd8a088b81c31,,,true,0
s2-07b,formal,BCH-S200,200,285,SEGMENTED,1,14,12,NONE,100,18,1800,1800,360000,19000,1800,0.052777777777777778,1,0,1,0,1,0,2,11,0,0,2,12,0,false,false,0.99787040108103198,1,2026072607,4017947825915577414,6497595084431888241,6497595084431888241,EXHAUSTIVE_GROUPED_BY_R,0.011358226666666667,05dfd8a088b81c31,,,true,0
s2-07b,formal,BCH-S200,200,285,SEGMENTED,1,14,13,NONE,100,18,1800,1800,360000,19000,1800,0.052777777777777778,1,0,1,0,1,0,2,12,0,0,2,13,0,false,false,0.99787040108103198,1,2026072607,4017947825915577414,6497595084431888241,6497595084431888241,EXHAUSTIVE_GROUPED_BY_R,0.011358226666666667,05dfd8a088b81c31,,,true,0
s2-07b,formal,BCH-S200,200,285,SEGMENTED,1,14,14,NONE,100,18,1800,1800,360000,17200,1800,0.04777777777777778,1,0,1,0,1,0,2,13,0,1,1,14,0,false,false,0.99787040108103198,1,2026072607,4017947825915577414,6497595084431888241,6497595084431888241,EXHAUSTIVE_GROUPED_BY_R,0.011358226666666667,05dfd8a088b81c31,,,true,0
s2-07b,formal,BCH-S200,200,285,SEGMENTED,1,15,0,NONE,100,19,1900,1900,380000,20000,1900,0.052631578947368418,1,0,1,0,1,0,1,15,0,0,1,0,0,false,false,0.99798225907787841,1,2026072607,4017947825915577414,2459639486198168758,2459639486198168758,EXHAUSTIVE_GROUPED_BY_R,0.011248306666666668,10fe5c5daea5c15a,,,true,0
s2-07b,formal,BCH-S200,200,285,SEGMENTED,1,15,1,NONE,100,18,1800,1800,360000,19800,1800,0.055,1,0,1,0,1,0,2,14,0,1,1,1,0,false,false,0.99787040108103198,1,2026072607,4017947825915577414,2459639486198168758,2459639486198168758,EXHAUSTIVE_GROUPED_BY_R,0.011248306666666668,10fe5c5daea5c15a,,,true,0
s2-07b,formal,BCH-S200,200,285,SEGMENTED,1,15,2,NONE,100,18,1800,1800,360000,19800,1800,0.055,1,0,1,0,1,0,2,13,0,0,2,2,0,false,false,0.99787040108103198,1,2026072607,4017947825915577414,2459639486198168758,2459639486198168758,EXHAUSTIVE_GROUPED_BY_R,0.011248306666666668,10fe5c5daea5c15a,,,true,0
s2-07b,formal,BCH-S200,200,285,SEGMENTED,1,15,3,NONE,100,18,1800,1800,360000,19600,1800,0.054444444444444441,1,0,1,0,1,0,2,12,0,0,2,3,0,false,false,0.99787040108103198,1,2026072607,4017947825915577414,2459639486198168758,2459639486198168758,EXHAUSTIVE_GROUPED_BY_R,0.011248306666666668,10fe5c5daea5c15a,,,true,0
s2-07b,formal,BCH-S200,200,285,SEGMENTED,1,15,4,NONE,100,18,1800,1800,360000,19500,1800,0.054166666666666669,1,0,1,0,1,0,2,11,0,0,2,4,0,false,false,0.99787040108103198,1,2026072607,4017947825915577414,2459639486198168758,2459639486198168758,EXHAUSTIVE_GROUPED_BY_R,0.011248306666666668,10fe5c5daea5c15a,,,true,0
s2-07b,formal,BCH-S200,200,285,SEGMENTED,1,15,5,NONE,100,18,1800,1800,360000,19500,1800,0.054166666666666669,1,0,1,0,1,0,2,10,0,0,2,5,0,false,false,0.99787040108103198,1,2026072607,4017947825915577414,2459639486198168758,2459639486198168758,EXHAUSTIVE_GROUPED_BY_R,0.011248306666666668,10fe5c5daea5c15a,,,true,0
s2-07b,formal,BCH-S200,200,285,SEGMENTED,1,15,6,NONE,100,18,1800,1800,360000,19400,1800,0.053888888888888889,1,0,1,0,1,0,2,9,0,0,2,6,0,false,false,0.99787040108103198,1,2026072607,4017947825915577414,2459639486198168758,2459639486198168758,EXHAUSTIVE_GROUPED_BY_R,0.011248306666666668,10fe5c5daea5c15a,,,true,0
s2-07b,formal,BCH-S200,200,285,SEGMENTED,1,15,7,NONE,100,18,1800,1800,360000,19300,1800,0.053611111111111109,1,0,1,0,1,0,2,8,0,0,2,7,0,false,false,0.99787040108103198,1,2026072607,4017947825915577414,2459639486198168758,2459639486198168758,EXHAUSTIVE_GROUPED_BY_R,0.011248306666666668,10fe5c5daea5c15a,,,true,0
s2-07b,formal,BCH-S200,200,285,SEGMENTED,1,15,8,NONE,100,18,1800,1800,360000,19100,1800,0.053055555555555557,1,0,1,0,1,0,2,8,0,0,2,8,0,false,false,0.99787040108103198,1,2026072607,4017947825915577414,2459639486198168758,2459639486198168758,EXHAUSTIVE_GROUPED_BY_R,0.011248306666666668,10fe5c5daea5c15a,,,true,0
s2-07b,formal,BCH-S200,200,285,SEGMENTED,1,15,9,NONE,100,18,1800,1800,360000,19200,1800,0.053333333333333337,1,0,1,0,1,0,2,9,0,0,2,9,0,false,false,0.99787040108103198,1,2026072607,4017947825915577414,2459639486198168758,2459639486198168758,EXHAUSTIVE_GROUPED_BY_R,0.011248306666666668,10fe5c5daea5c15a,,,true,0
s2-07b,formal,BCH-S200,200,285,SEGMENTED,1,15,10,NONE,100,18,1800,1800,360000,19100,1800,0.053055555555555557,1,0,1,0,1,0,2,10,0,0,2,10,0,false,false,0.99787040108103198,1,2026072607,4017947825915577414,2459639486198168758,2459639486198168758,EXHAUSTIVE_GROUPED_BY_R,0.011248306666666668,10fe5c5daea5c15a,,,true,0
s2-07b,formal,BCH-S200,200,285,SEGMENTED,1,15,11,NONE,100,18,1800,1800,360000,19000,1800,0.052777777777777778,1,0,1,0,1,0,2,11,0,0,2,11,0,false,false,0.99787040108103198,1,2026072607,4017947825915577414,2459639486198168758,2459639486198168758,EXHAUSTIVE_GROUPED_BY_R,0.011248306666666668,10fe5c5daea5c15a,,,true,0
s2-07b,formal,BCH-S200,200,285,SEGMENTED,1,15,12,NONE,100,18,1800,1800,360000,19000,1800,0.052777777777777778,1,0,1,0,1,0,2,12,0,0,2,12,0,false,false,0.99787040108103198,1,2026072607,4017947825915577414,2459639486198168758,2459639486198168758,EXHAUSTIVE_GROUPED_BY_R,0.011248306666666668,10fe5c5daea5c15a,,,true,0
s2-07b,formal,BCH-S200,200,285,SEGMENTED,1,15,13,NONE,100,18,1800,1800,360000,19000,1800,0.052777777777777778,1,0,1,0,1,0,2,13,0,0,2,13,0,false,false,0.99787040108103198,1,2026072607,4017947825915577414,2459639486198168758,2459639486198168758,EXHAUSTIVE_GROUPED_BY_R,0.011248306666666668,10fe5c5daea5c15a,,,true,0
s2-07b,formal,BCH-S200,200,285,SEGMENTED,1,15,14,NONE,100,18,1800,1800,360000,18900,1800,0.052499999999999998,1,0,1,0,1,0,2,14,0,1,1,14,0,false,false,0.99787040108103198,1,2026072607,4017947825915577414,2459639486198168758,2459639486198168758,EXHAUSTIVE_GROUPED_BY_R,0.011248306666666668,10fe5c5daea5c15a,,,true,0
s2-07b,formal,BCH-S200,200,285,SEGMENTED,1,16,0,NONE,100,18,1800,1800,360000,19800,1800,0.055,1,0,1,0,1,0,2,15,0,1,1,0,0,false,false,0.99787040108103198,1,2026072607,4017947825915577414,13444753107843355724,13444753107843355724,EXHAUSTIVE_GROUPED_BY_R,0.011499480000000001,2be90e66446f5564,,,true,0
s2-07b,formal,BCH-S200,200,285,SEGMENTED,1,16,1,NONE,100,18,1800,1800,360000,23400,1800,0.065000000000000002,1,0,1,0,1,0,2,14,0,0,2,1,0,false,false,0.99787040108103198,1,2026072607,4017947825915577414,13444753107843355724,13444753107843355724,EXHAUSTIVE_GROUPED_BY_R,0.011499480000000001,2be90e66446f5564,,,true,0
s2-07b,formal,BCH-S200,200,285,SEGMENTED,1,16,2,NONE,100,18,1800,1800,360000,23200,1800,0.064444444444444443,1,0,1,0,1,0,2,13,0,0,2,2,0,false,false,0.99787040108103198,1,2026072607,4017947825915577414,13444753107843355724,13444753107843355724,EXHAUSTIVE_GROUPED_BY_R,0.011499480000000001,2be90e66446f5564,,,true,0
s2-07b,formal,BCH-S200,200,285,SEGMENTED,1,16,3,NONE,100,18,1800,1800,360000,21300,1800,0.059166666666666666,1,0,1,0,1,0,2,12,0,0,2,3,0,false,false,0.99787040108103198,1,2026072607,4017947825915577414,13444753107843355724,13444753107843355724,EXHAUSTIVE_GROUPED_BY_R,0.011499480000000001,2be90e66446f5564,,,true,0
s2-07b,formal,BCH-S200,200,285,SEGMENTED,1,16,4,NONE,100,18,1800,1800,360000,19500,1800,0.054166666666666669,1,0,1,0,1,0,2,11,0,0,2,4,0,false,false,0.99787040108103198,1,2026072607,4017947825915577414,13444753107843355724,13444753107843355724,EXHAUSTIVE_GROUPED_BY_R,0.011499480000000001,2be90e66446f5564,,,true,0
s2-07b,formal,BCH-S200,200,285,SEGMENTED,1,16,5,NONE,100,18,1800,1800,360000,21200,1800,0.058888888888888886,1,0,1,0,1,0,2,10,0,0,2,5,0,false,false,0.99787040108103198,1,2026072607,4017947825915577414,13444753107843355724,13444753107843355724,EXHAUSTIVE_GROUPED_BY_R,0.011499480000000001,2be90e66446f5564,,,true,0
s2-07b,formal,BCH-S200,200,285,SEGMENTED,1,16,6,NONE,100,18,1800,1800,360000,19300,1800,0.053611111111111109,1,0,1,0,1,0,2,9,0,0,2,6,0,false,false,0.99787040108103198,1,2026072607,4017947825915577414,13444753107843355724,13444753107843355724,EXHAUSTIVE_GROUPED_BY_R,0.011499480000000001,2be90e66446f5564,,,true,0
s2-07b,formal,BCH-S200,200,285,SEGMENTED,1,16,7,NONE,100,18,1800,1800,360000,24500,1800,0.06805555555555555,1,0,1,0,1,0,2,8,0,0,2,7,0,false,false,0.99787040108103198,1,2026072607,4017947825915577414,13444753107843355724,13444753107843355724,EXHAUSTIVE_GROUPED_BY_R,0.011499480000000001,2be90e66446f5564,,,true,0
s2-07b,formal,BCH-S200,200,285,SEGMENTED,1,16,8,NONE,100,18,1800,1800,360000,17400,1800,0.048333333333333332,1,0,1,0,1,0,2,9,0,0,2,8,0,false,false,0.99787040108103198,1,2026072607,4017947825915577414,13444753107843355724,13444753107843355724,EXHAUSTIVE_GROUPED_BY_R,0.011499480000000001,2be90e66446f5564,,,true,0
s2-07b,formal,BCH-S200,200,285,SEGMENTED,1,16,9,NONE,100,18,1800,1800,360000,20900,1800,0.058055555555555555,1,0,1,0,1,0,2,10,0,0,2,9,0,false,false,0.99787040108103198,1,2026072607,4017947825915577414,13444753107843355724,13444753107843355724,EXHAUSTIVE_GROUPED_BY_R,0.011499480000000001,2be90e66446f5564,,,true,0
s2-07b,formal,BCH-S200,200,285,SEGMENTED,1,16,10,NONE,100,18,1800,1800,360000,20800,1800,0.057777777777777775,1,0,1,0,1,0,2,11,0,0,2,10,0,false,false,0.99787040108103198,1,2026072607,4017947825915577414,13444753107843355724,13444753107843355724,EXHAUSTIVE_GROUPED_BY_R,0.011499480000000001,2be90e66446f5564,,,true,0
s2-07b,formal,BCH-S200,200,285,SEGMENTED,1,16,11,NONE,100,18,1800,1800,360000,19000,1800,0.052777777777777778,1,0,1,0,1,0,2,12,0,0,2,11,0,false,false,0.99787040108103198,1,2026072607,4017947825915577414,13444753107843355724,13444753107843355724,EXHAUSTIVE_GROUPED_BY_R,0.011499480000000001,2be90e66446f5564,,,true,0
s2-07b,formal,BCH-S200,200,285,SEGMENTED,1,16,12,NONE,100,18,1800,1800,360000,19000,1800,0.052777777777777778,1,0,1,0,1,0,2,13,0,0,2,12,0,false,false,0.99787040108103198,1,2026072607,4017947825915577414,13444753107843355724,13444753107843355724,EXHAUSTIVE_GROUPED_BY_R,0.011499480000000001,2be90e66446f5564,,,true,0
s2-07b,formal,BCH-S200,200,285,SEGMENTED,1,16,13,NONE,100,18,1800,1800,360000,20700,1800,0.057500000000000002,1,0,1,0,1,0,2,14,0,0,2,13,0,false,false,0.99787040108103198,1,2026072607,4017947825915577414,13444753107843355724,13444753107843355724,EXHAUSTIVE_GROUPED_BY_R,0.011499480000000001,2be90e66446f5564,,,true,0
s2-07b,formal,BCH-S200,200,285,SEGMENTED,1,16,14,NONE,100,18,1800,1800,360000,18900,1800,0.052499999999999998,1,0,1,0,1,0,2,15,0,1,1,14,0,false,false,0.99787040108103198,1,2026072607,4017947825915577414,13444753107843355724,13444753107843355724,EXHAUSTIVE_GROUPED_BY_R,0.011499480000000001,2be90e66446f5564,,,true,0
s2-07b,formal,BCH-S200,200,285,SEGMENTED,1,17,0,NONE,100,18,1800,1800,360000,23400,1800,0.065000000000000002,1,0,1,0,1,0,2,15,0,0,2,0,0,false,false,0.99787040108103198,1,2026072607,4017947825915577414,14648268934729853250,14648268934729853250,EXHAUSTIVE_GROUPED_BY_R,0.011691553333333334,ec01134e055bb335,,,true,0
s2-07b,formal,BCH-S200,200,285,SEGMENTED,1,17,1,NONE,100,18,1800,1800,360000,26800,1800,0.074444444444444438,1,0,1,0,1,0,2,14,0,0,2,1,0,false,false,0.99787040108103198,1,2026072607,4017947825915577414,14648268934729853250,14648268934729853250,EXHAUSTIVE_GROUPED_BY_R,0.011691553333333334,ec01134e055bb335,,,true,0
s2-07b,formal,BCH-S200,200,285,SEGMENTED,1,17,2,NONE,100,18,1800,1800,360000,24900,1800,0.069166666666666668,1,0,1,0,1,0,2,13,0,0,2,2,0,false,false,0.99787040108103198,1,2026072607,4017947825915577414,14648268934729853250,14648268934729853250,EXHAUSTIVE_GROUPED_BY_R,0.011691553333333334,ec01134e055bb335,,,true,0
s2-07b,formal,BCH-S200,200,285,SEGMENTED,1,17,3,NONE,100,18,1800,1800,360000,21300,1800,0.059166666666666666,1,0,1,0,1,0,2,12,0,0,2,3,0,false,false,0.99787040108103198,1,2026072607,4017947825915577414,14648268934729853250,14648268934729853250,EXHAUSTIVE_GROUPED_BY_R,0.011691553333333334,ec01134e055bb335,,,true,0
s2-07b,formal,BCH-S200,200,285,SEGMENTED,1,17,4,NONE,100,18,1800,1800,360000,21200,1800,0.058888888888888886,1,0,1,0,1,0,2,11,0,0,2,4,0,false,false,0.99787040108103198,1,2026072607,4017947825915577414,14648268934729853250,14648268934729853250,EXHAUSTIVE_GROUPED_BY_R,0.011691553333333334,ec01134e055bb335,,,true,0
s2-07b,formal,BCH-S200,200,285,SEGMENTED,1,17,5,NONE,100,18,1800,1800,360000,21100,1800,0.058611111111111114,1,0,1,0,1,0,2,10,0,0,2,5,0,false,false,0.99787040108103198,1,2026072607,4017947825915577414,14648268934729853250,14648268934729853250,EXHAUSTIVE_GROUPED_BY_R,0.011691553333333334,ec01134e055bb335,,,true,0
s2-07b,formal,BCH-S200,200,285,SEGMENTED,1,17,6,NONE,100,18,1800,1800,360000,24500,1800,0.06805555555555555,1,0,1,0,1,0,2,9,0,0,2,6,0,false,false,0.99787040108103198,1,2026072607,4017947825915577414,14648268934729853250,14648268934729853250,EXHAUSTIVE_GROUPED_BY_R,0.011691553333333334,ec01134e055bb335,,,true,0
s2-07b,formal,BCH-S200,200,285,SEGMENTED,1,17,7,NONE,100,18,1800,1800,360000,22800,1800,0.063333333333333339,1,0,1,0,1,0,2,9,0,0,2,7,0,false,false,0.99787040108103198,1,2026072607,4017947825915577414,14648268934729853250,14648268934729853250,EXHAUSTIVE_GROUPED_BY_R,0.011691553333333334,ec01134e055bb335,,,true,0
s2-07b,formal,BCH-S200,200,285,SEGMENTED,1,17,8,NONE,100,18,1800,1800,360000,19100,1800,0.053055555555555557,1,0,1,0,1,0,2,10,0,0,2,8,0,false,false,0.99787040108103198,1,2026072607,4017947825915577414,14648268934729853250,14648268934729853250,EXHAUSTIVE_GROUPED_BY_R,0.011691553333333334,ec01134e055bb335,,,true,0
s2-07b,formal,BCH-S200,200,285,SEGMENTED,1,17,9,NONE,100,18,1800,1800,360000,22600,1800,0.06277777777777778,1,0,1,0,1,0,2,11,0,0,2,9,0,false,false,0.99787040108103198,1,2026072607,4017947825915577414,14648268934729853250,14648268934729853250,EXHAUSTIVE_GROUPED_BY_R,0.011691553333333334,ec01134e055bb335,,,true,0
s2-07b,formal,BCH-S200,200,285,SEGMENTED,1,17,10,NONE,100,18,1800,1800,360000,20800,1800,0.057777777777777775,1,0,1,0,1,0,2,12,0,0,2,10,0,false,false,0.99787040108103198,1,2026072607,4017947825915577414,14648268934729853250,14648268934729853250,EXHAUSTIVE_GROUPED_BY_R,0.011691553333333334,ec01134e055bb335,,,true,0
s2-07b,formal,BCH-S200,200,285,SEGMENTED,1,17,11,NONE,100,18,1800,1800,360000,19000,1800,0.052777777777777778,1,0,1,0,1,0,2,13,0,0,2,11,0,false,false,0.99787040108103198,1,2026072607,4017947825915577414,14648268934729853250,14648268934729853250,EXHAUSTIVE_GROUPED_BY_R,0.011691553333333334,ec01134e055bb335,,,true,0
s2-07b,formal,BCH-S200,200,285,SEGMENTED,1,17,12,NONE,100,18,1800,1800,360000,20700,1800,0.057500000000000002,1,0,1,0,1,0,2,14,0,0,2,12,0,false,false,0.99787040108103198,1,2026072607,4017947825915577414,14648268934729853250,14648268934729853250,EXHAUSTIVE_GROUPED_BY_R,0.011691553333333334,ec01134e055bb335,,,true,0
s2-07b,formal,BCH-S200,200,285,SEGMENTED,1,17,13,NONE,100,18,1800,1800,360000,20700,1800,0.057500000000000002,1,0,1,0,1,0,2,15,0,0,2,13,0,false,false,0.99787040108103198,1,2026072607,4017947825915577414,14648268934729853250,14648268934729853250,EXHAUSTIVE_GROUPED_BY_R,0.011691553333333334,ec01134e055bb335,,,true,0
s2-07b,formal,BCH-S200,200,285,SEGMENTED,1,17,14,NONE,100,17,1700,1700,340000,18700,1700,0.055,1,0,1,0,1,0,3,15,0,2,1,14,0,false,false,0.99774541298968455,1,2026072607,4017947825915577414,14648268934729853250,14648268934729853250,EXHAUSTIVE_GROUPED_BY_R,0.011691553333333334,ec01134e055bb335,,,true,0
s2-07b,formal,BCH-S200,200,285,SEGMENTED,1,18,0,NONE,100,18,1800,1800,360000,26800,1800,0.074444444444444438,1,0,1,0,1,0,2,15,0,0,2,0,0,false,false,0.99787040108103198,1,2026072607,4017947825915577414,1128042961755240235,1128042961755240235,EXHAUSTIVE_GROUPED_BY_R,0.011205546666666667,b06607f9a9f0404e,,,true,0
s2-07b,formal,BCH-S200,200,285,SEGMENTED,1,18,1,NONE,100,18,1800,1800,360000,28500,1800,0.079166666666666663,1,0,1,0,1,0,2,14,0,0,2,1,0,false,false,0.99787040108103198,1,2026072607,4017947825915577414,1128042961755240235,1128042961755240235,EXHAUSTIVE_GROUPED_BY_R,0.011205546666666667,b06607f9a9f0404e,,,true,0
s2-07b,formal,BCH-S200,200,285,SEGMENTED,1,18,2,NONE,100,18,1800,1800,360000,24900,1800,0.069166666666666668,1,0,1,0,1,0,2,13,0,0,2,2,0,false,false,0.99787040108103198,1,2026072607,4017947825915577414,1128042961755240235,1128042961755240235,EXHAUSTIVE_GROUPED_BY_R,0.011205546666666667,b06607f9a9f0404e,,,true,0
s2-07b,formal,BCH-S200,200,285,SEGMENTED,1,18,3,NONE,100,18,1800,1800,360000,23000,1800,0.063888888888888884,1,0,1,0,1,0,2,12,0,0,2,3,0,false,false,0.99787040108103198,1,2026072607,4017947825915577414,1128042961755240235,1128042961755240235,EXHAUSTIVE_GROUPED_BY_R,0.011205546666666667,b06607f9a9f0404e,,,true,0
s2-07b,formal,BCH-S200,200,285,SEGMENTED,1,18,4,NONE,100,18,1800,1800,360000,21100,1800,0.058611111111111114,1,0,1,0,1,0,2,11,0,0,2,4,0,false,false,0.99787040108103198,1,2026072607,4017947825915577414,1128042961755240235,1128042961755240235,EXHAUSTIVE_GROUPED_BY_R,0.011205546666666667,b06607f9a9f0404e,,,true,0
s2-07b,formal,BCH-S200,200,285,SEGMENTED,1,18,5,NONE,100,18,1800,1800,360000,26300,1800,0.073055555555555554,1,0,1,0,1,0,2,10,0,0,2,5,0,false,false,0.99787040108103198,1,2026072607,4017947825915577414,1128042961755240235,1128042961755240235,EXHAUSTIVE_GROUPED_BY_R,0.011205546666666667,b06607f9a9f0404e,,,true,0
s2-07b,formal,BCH-S200,200,285,SEGMENTED,1,18,6,NONE,100,18,1800,1800,360000,22800,1800,0.063333333333333339,1,0,1,0,1,0,2,9,0,0,2,6,0,false,false,0.99787040108103198,1,2026072607,4017947825915577414,1128042961755240235,1128042961755240235,EXHAUSTIVE_GROUPED_BY_R,0.011205546666666667,b06607f9a9f0404e,,,true,0
s2-07b,formal,BCH-S200,200,285,SEGMENTED,1,18,7,NONE,100,18,1800,1800,360000,24500,1800,0.06805555555555555,1,0,1,0,1,0,2,10,0,0,2,7,0,false,false,0.99787040108103198,1,2026072607,4017947825915577414,1128042961755240235,1128042961755240235,EXHAUSTIVE_GROUPED_BY_R,0.011205546666666667,b06607f9a9f0404e,,,true,0
s2-07b,formal,BCH-S200,200,285,SEGMENTED,1,18,8,NONE,100,18,1800,1800,360000,20800,1800,0.057777777777777775,1,0,1,0,1,0,2,11,0,0,2,8,0,false,false,0.99787040108103198,1,2026072607,4017947825915577414,1128042961755240235,1128042961755240235,EXHAUSTIVE_GROUPED_BY_R,0.011205546666666667,b06607f9a9f0404e,,,true,0
s2-07b,formal,BCH-S200,200,285,SEGMENTED,1,18,9,NONE,100,18,1800,1800,360000,22600,1800,0.06277777777777778,1,0,1,0,1,0,2,12,0,0,2,9,0,false,false,0.99787040108103198,1,2026072607,4017947825915577414,1128042961755240235,1128042961755240235,EXHAUSTIVE_GROUPED_BY_R,0.011205546666666667,b06607f9a9f0404e,,,true,0
s2-07b,formal,BCH-S200,200,285,SEGMENTED,1,18,10,NONE,100,18,1800,1800,360000,20800,1800,0.057777777777777775,1,0,1,0,1,0,2,13,0,0,2,10,0,false,false,0.99787040108103198,1,2026072607,4017947825915577414,1128042961755240235,1128042961755240235,EXHAUSTIVE_GROUPED_BY_R,0.011205546666666667,b06607f9a9f0404e,,,true,0
s2-07b,formal,BCH-S200,200,285,SEGMENTED,1,18,11,NONE,100,18,1800,1800,360000,20700,1800,0.057500000000000002,1,0,1,0,1,0,2,14,0,0,2,11,0,false,false,0.99787040108103198,1,2026072607,4017947825915577414,1128042961755240235,1128042961755240235,EXHAUSTIVE_GROUPED_BY_R,0.011205546666666667,b06607f9a9f0404e,,,true,0
s2-07b,formal,BCH-S200,200,285,SEGMENTED,1,18,12,NONE,100,18,1800,1800,360000,20700,1800,0.057500000000000002,1,0,1,0,1,0,2,15,0,0,2,12,0,false,false,0.99787040108103198,1,2026072607,4017947825915577414,1128042961755240235,1128042961755240235,EXHAUSTIVE_GROUPED_BY_R,0.011205546666666667,b06607f9a9f0404e,,,true,0
s2-07b,formal,BCH-S200,200,285,SEGMENTED,1,18,13,NONE,100,17,1700,1700,340000,20400,1700,0.059999999999999998,1,0,1,0,1,0,3,15,0,1,2,13,0,false,false,0.99774541298968455,1,2026072607,4017947825915577414,1128042961755240235,1128042961755240235,EXHAUSTIVE_GROUPED_BY_R,0.011205546666666667,b06607f9a9f0404e,,,true,0
s2-07b,formal,BCH-S200,200,285,SEGMENTED,1,18,14,NONE,100,17,1700,1700,340000,22100,1700,0.065000000000000002,1,0,1,0,1,0,3,15,0,1,2,14,0,false,false,0.99774541298968455,1,2026072607,4017947825915577414,1128042961755240235,1128042961755240235,EXHAUSTIVE_GROUPED_BY_R,0.011205546666666667,b06607f9a9f0404e,,,true,0
s2-07b,formal,BCH-S200,200,285,SEGMENTED,1,19,0,NONE,100,18,1800,1800,360000,28500,1800,0.079166666666666663,1,0,1,0,1,0,2,15,0,0,2,0,0,false,false,0.99787040108103198,1,2026072607,4017947825915577414,16847999186951001930,16847999186951001930,EXHAUSTIVE_GROUPED_BY_R,0.011311006666666668,c6c4ff50e29fded7,,,true,0
s2-07b,formal,BCH-S200,200,285,SEGMENTED,1,19,1,NONE,100,18,1800,1800,360000,28500,1800,0.079166666666666663,1,0,1,0,1,0,2,14,0,0,2,1,0,false,false,0.99787040108103198,1,2026072607,4017947825915577414,16847999186951001930,16847999186951001930,EXHAUSTIVE_GROUPED_BY_R,0.011311006666666668,c6c4ff50e29fded7,,,true,0
s2-07b,formal,BCH-S200,200,285,SEGMENTED,1,19,2,NONE,100,18,1800,1800,360000,26600,1800,0.073888888888888893,1,0,1,0,1,0,2,13,0,0,2,2,0,false,false,0.99787040108103198,1,2026072607,4017947825915577414,16847999186951001930,16847999186951001930,EXHAUSTIVE_GROUPED_BY_R,0.011311006666666668,c6c4ff50e29fded7,,,true,0
s2-07b,formal,BCH-S200,200,285,SEGMENTED,1,19,3,NONE,100,18,1800,1800,360000,22900,1800,0.063611111111111104,1,0,1,0,1,0,2,12,0,0,2,3,0,false,false,0.99787040108103198,1,2026072607,4017947825915577414,16847999186951001930,16847999186951001930,EXHAUSTIVE_GROUPED_BY_R,0.011311006666666668,c6c4ff50e29fded7,,,true,0
s2-07b,formal,BCH-S200,200,285,SEGMENTED,1,19,4,NONE,100,18,1800,1800,360000,26300,1800,0.073055555555555554,1,0,1,0,1,0,2,11,0,0,2,4,0,false,false,0.99787040108103198,1,2026072607,4017947825915577414,16847999186951001930,16847999186951001930,EXHAUSTIVE_GROUPED_BY_R,0.011311006666666668,c6c4ff50e29fded7,,,true,0
s2-07b,formal,BCH-S200,200,285,SEGMENTED,1,19,5,NONE,100,18,1800,1800,360000,24600,1800,0.068333333333333329,1,0,1,0,1,0,2,10,0,0,2,5,0,false,false,0.99787040108103198,1,2026072607,4017947825915577414,16847999186951001930,16847999186951001930,EXHAUSTIVE_GROUPED_BY_R,0.011311006666666668,c6c4ff50e29fded7,,,true,0
s2-07b,formal,BCH-S200,200,285,SEGMENTED,1,19,6,NONE,100,18,1800,1800,360000,24500,1800,0.06805555555555555,1,0,1,0,1,0,2,10,0,0,2,6,0,false,false,0.99787040108103198,1,2026072607,4017947825915577414,16847999186951001930,16847999186951001930,EXHAUSTIVE_GROUPED_BY_R,0.011311006666666668,c6c4ff50e29fded7,,,true,0
s2-07b,formal,BCH-S200,200,285,SEGMENTED,1,19,7,NONE,100,18,1800,1800,360000,26200,1800,0.072777777777777775,1,0,1,0,1,0,2,11,0,0,2,7,0,false,false,0.99787040108103198,1,2026072607,4017947825915577414,16847999186951001930,16847999186951001930,EXHAUSTIVE_GROUPED_BY_R,0.011311006666666668,c6c4ff50e29fded7,,,true,0
s2-07b,formal,BCH-S200,200,285,SEGMENTED,1,19,8,NONE,100,18,1800,1800,360000,20800,1800,0.057777777777777775,1,0,1,0,1,0,2,12,0,0,2,8,0,false,false,0.99787040108103198,1,2026072607,4017947825915577414,16847999186951001930,16847999186951001930,EXHAUSTIVE_GROUPED_BY_R,0.011311006666666668,c6c4ff50e29fded7,,,true,0
s2-07b,formal,BCH-S200,200,285,SEGMENTED,1,19,9,NONE,100,18,1800,1800,360000,22600,1800,0.06277777777777778,1,0,1,0,1,0,2,13,0,0,2,9,0,false,false,0.99787040108103198,1,2026072607,4017947825915577414,16847999186951001930,16847999186951001930,EXHAUSTIVE_GROUPED_BY_R,0.011311006666666668,c6c4ff50e29fded7,,,true,0
s2-07b,formal,BCH-S200,200,285,SEGMENTED,1,19,10,NONE,100,18,1800,1800,360000,22500,1800,0.0625,1,0,1,0,1,0,2,14,0,0,2,10,0,false,false,0.99787040108103198,1,2026072607,4017947825915577414,16847999186951001930,16847999186951001930,EXHAUSTIVE_GROUPED_BY_R,0.011311006666666668,c6c4ff50e29fded7,,,true,0
s2-07b,formal,BCH-S200,200,285,SEGMENTED,1,19,11,NONE,100,18,1800,1800,360000,20700,1800,0.057500000000000002,1,0,1,0,1,0,2,15,0,0,2,11,0,false,false,0.99787040108103198,1,2026072607,4017947825915577414,16847999186951001930,16847999186951001930,EXHAUSTIVE_GROUPED_BY_R,0.011311006666666668,c6c4ff50e29fded7,,,true,0
s2-07b,formal,BCH-S200,200,285,SEGMENTED,1,19,12,NONE,100,17,1700,1700,340000,20400,1700,0.059999999999999998,1,0,1,0,1,0,3,15,0,1,2,12,0,false,false,0.99774541298968455,1,2026072607,4017947825915577414,16847999186951001930,16847999186951001930,EXHAUSTIVE_GROUPED_BY_R,0.011311006666666668,c6c4ff50e29fded7,,,true,0
s2-07b,formal,BCH-S200,200,285,SEGMENTED,1,19,13,NONE,100,17,1700,1700,340000,23800,1700,0.070000000000000007,1,0,1,0,1,0,3,15,0,0,3,13,0,false,false,0.99774541298968455,1,2026072607,4017947825915577414,16847999186951001930,16847999186951001930,EXHAUSTIVE_GROUPED_BY_R,0.011311006666666668,c6c4ff50e29fded7,,,true,0
s2-07b,formal,BCH-S200,200,285,SEGMENTED,1,19,14,NONE,100,17,1700,1700,340000,25300,1700,0.074411764705882358,1,0,1,0,1,0,3,15,0,1,2,14,0,false,false,0.99774541298968455,1,2026072607,4017947825915577414,16847999186951001930,16847999186951001930,EXHAUSTIVE_GROUPED_BY_R,0.011311006666666668,c6c4ff50e29fded7,,,true,0
s2-07b,formal,BCH-S200,200,285,SEGMENTED,1,20,0,NONE,100,18,1800,1800,360000,28500,1800,0.079166666666666663,1,0,1,0,1,0,2,15,0,0,2,0,0,false,false,0.99787040108103198,1,2026072607,4017947825915577414,4505438467468810773,4505438467468810773,EXHAUSTIVE_GROUPED_BY_R,0.0113323,99318c1a107cda1f,,,true,0
s2-07b,formal,BCH-S200,200,285,SEGMENTED,1,20,1,NONE,100,18,1800,1800,360000,30200,1800,0.083888888888888888,1,0,1,0,1,0,2,14,0,0,2,1,0,false,false,0.99787040108103198,1,2026072607,4017947825915577414,4505438467468810773,4505438467468810773,EXHAUSTIVE_GROUPED_BY_R,0.0113323,99318c1a107cda1f,,,true,0
s2-07b,formal,BCH-S200,200,285,SEGMENTED,1,20,2,NONE,100,18,1800,1800,360000,26500,1800,0.073611111111111113,1,0,1,0,1,0,2,13,0,0,2,2,0,false,false,0.99787040108103198,1,2026072607,4017947825915577414,4505438467468810773,4505438467468810773,EXHAUSTIVE_GROUPED_BY_R,0.0113323,99318c1a107cda1f,,,true,0
s2-07b,formal,BCH-S200,200,285,SEGMENTED,1,20,3,NONE,100,18,1800,1800,360000,28100,1800,0.078055555555555559,1,0,1,0,1,0,2,12,0,0,2,3,0,false,false,0.99787040108103198,1,2026072607,4017947825915577414,4505438467468810773,4505438467468810773,EXHAUSTIVE_GROUPED_BY_R,0.0113323,99318c1a107cda1f,,,true,0
s2-07b,formal,BCH-S200,200,285,SEGMENTED,1,20,4,NONE,100,18,1800,1800,360000,24600,1800,0.068333333333333329,1,0,1,0,1,0,2,11,0,0,2,4,0,false,false,0.99787040108103198,1,2026072607,4017947825915577414,4505438467468810773,4505438467468810773,EXHAUSTIVE_GROUPED_BY_R,0.0113323,99318c1a107cda1f,,,true,0
s2-07b,formal,BCH-S200,200,285,SEGMENTED,1,20,5,NONE,100,18,1800,1800,360000,26300,1800,0.073055555555555554,1,0,1,0,1,0,2,10,0,0,2,5,0,false,false,0.99787040108103198,1,2026072607,4017947825915577414,4505438467468810773,4505438467468810773,EXHAUSTIVE_GROUPED_BY_R,0.0113323,99318c1a107cda1f,,,true,0
s2-07b,formal,BCH-S200,200,285,SEGMENTED,1,20,6,NONE,100,18,1800,1800,360000,26200,1800,0.072777777777777775,1,0,1,0,1,0,2,11,0,0,2,6,0,false,false,0.99787040108103198,1,2026072607,4017947825915577414,4505438467468810773,4505438467468810773,EXHAUSTIVE_GROUPED_BY_R,0.0113323,99318c1a107cda1f,,,true,0
s2-07b,formal,BCH-S200,200,285,SEGMENTED,1,20,7,NONE,100,18,1800,1800,360000,26200,1800,0.072777777777777775,1,0,1,0,1,0,2,12,0,0,2,7,0,false,false,0.99787040108103198,1,2026072607,4017947825915577414,4505438467468810773,4505438467468810773,EXHAUSTIVE_GROUPED_BY_R,0.0113323,99318c1a107cda1f,,,true,0
s2-07b,formal,BCH-S200,200,285,SEGMENTED,1,20,8,NONE,100,18,1800,1800,360000,20800,1800,0.057777777777777775,1,0,1,0,1,0,2,13,0,0,2,8,0,false,false,0.99787040108103198,1,2026072607,4017947825915577414,4505438467468810773,4505438467468810773,EXHAUSTIVE_GROUPED_BY_R,0.0113323,99318c1a107cda1f,,,true,0
s2-07b,formal,BCH-S200,200,285,SEGMENTED,1,20,9,NONE,100,18,1800,1800,360000,24300,1800,0.067500000000000004,1,0,1,0,1,0,2,14,0,0,2,9,0,false,false,0.99787040108103198,1,2026072607,4017947825915577414,4505438467468810773,4505438467468810773,EXHAUSTIVE_GROUPED_BY_R,0.0113323,99318c1a107cda1f,,,true,0
s2-07b,formal,BCH-S200,200,285,SEGMENTED,1,20,10,NONE,100,18,1800,1800,360000,22500,1800,0.0625,1,0,1,0,1,0,2,15,0,0,2,10,0,false,false,0.99787040108103198,1,2026072607,4017947825915577414,4505438467468810773,4505438467468810773,EXHAUSTIVE_GROUPED_BY_R,0.0113323,99318c1a107cda1f,,,true,0
s2-07b,formal,BCH-S200,200,285,SEGMENTED,1,20,11,NONE,100,17,1700,1700,340000,20400,1700,0.059999999999999998,1,0,1,0,1,0,3,15,0,1,2,11,0,false,false,0.99774541298968455,1,2026072607,4017947825915577414,4505438467468810773,4505438467468810773,EXHAUSTIVE_GROUPED_BY_R,0.0113323,99318c1a107cda1f,,,true,0
s2-07b,formal,BCH-S200,200,285,SEGMENTED,1,20,12,NONE,100,17,1700,1700,340000,23800,1700,0.070000000000000007,1,0,1,0,1,0,3,15,0,0,3,12,0,false,false,0.99774541298968455,1,2026072607,4017947825915577414,4505438467468810773,4505438467468810773,EXHAUSTIVE_GROUPED_BY_R,0.0113323,99318c1a107cda1f,,,true,0
s2-07b,formal,BCH-S200,200,285,SEGMENTED,1,20,13,NONE,100,17,1700,1700,340000,27000,1700,0.079411764705882348,1,0,1,0,1,0,3,15,0,0,3,13,0,false,false,0.99774541298968455,1,2026072607,4017947825915577414,4505438467468810773,4505438467468810773,EXHAUSTIVE_GROUPED_BY_R,0.0113323,99318c1a107cda1f,,,true,0
s2-07b,formal,BCH-S200,200,285,SEGMENTED,1,20,14,NONE,100,17,1700,1700,340000,26900,1700,0.079117647058823529,1,0,1,0,1,0,3,15,0,1,2,14,0,false,false,0.99774541298968455,1,2026072607,4017947825915577414,4505438467468810773,4505438467468810773,EXHAUSTIVE_GROUPED_BY_R,0.0113323,99318c1a107cda1f,,,true,0
s2-07b,formal,BCH-S200,200,285,SEGMENTED,1,21,0,NONE,100,18,1800,1800,360000,30200,1800,0.083888888888888888,1,0,1,0,1,0,2,15,0,0,2,0,0,false,false,0.99787040108103198,1,2026072607,4017947825915577414,16685222875482826997,16685222875482826997,EXHAUSTIVE_GROUPED_BY_R,0.011318633333333333,b4b4cc51630e4ec7,,,true,0
s2-07b,formal,BCH-S200,200,285,SEGMENTED,1,21,1,NONE,100,18,1800,1800,360000,30100,1800,0.083611111111111108,1,0,1,0,1,0,2,14,0,0,2,1,0,false,false,0.99787040108103198,1,2026072607,4017947825915577414,16685222875482826997,16685222875482826997,EXHAUSTIVE_GROUPED_BY_R,0.011318633333333333,b4b4cc51630e4ec7,,,true,0
s2-07b,formal,BCH-S200,200,285,SEGMENTED,1,21,2,NONE,100,18,1800,1800,360000,31700,1800,0.088055555555555554,1,0,1,0,1,0,2,13,0,0,2,2,0,false,false,0.99787040108103198,1,2026072607,4017947825915577414,16685222875482826997,16685222875482826997,EXHAUSTIVE_GROUPED_BY_R,0.011318633333333333,b4b4cc51630e4ec7,,,true,0
s2-07b,formal,BCH-S200,200,285,SEGMENTED,1,21,3,NONE,100,18,1800,1800,360000,26400,1800,0.073333333333333334,1,0,1,0,1,0,2,12,0,0,2,3,0,false,false,0.99787040108103198,1,2026072607,4017947825915577414,16685222875482826997,16685222875482826997,EXHAUSTIVE_GROUPED_BY_R,0.011318633333333333,b4b4cc51630e4ec7,,,true,0
s2-07b,formal,BCH-S200,200,285,SEGMENTED,1,21,4,NONE,100,18,1800,1800,360000,26300,1800,0.073055555555555554,1,0,1,0,1,0,2,11,0,0,2,4,0,false,false,0.99787040108103198,1,2026072607,4017947825915577414,16685222875482826997,16685222875482826997,EXHAUSTIVE_GROUPED_BY_R,0.011318633333333333,b4b4cc51630e4ec7,,,true,0
s2-07b,formal,BCH-S200,200,285,SEGMENTED,1,21,5,NONE,100,18,1800,1800,360000,28000,1800,0.077777777777777779,1,0,1,0,1,0,2,11,0,0,2,5,0,false,false,0.99787040108103198,1,2026072607,4017947825915577414,16685222875482826997,16685222875482826997,EXHAUSTIVE_GROUPED_BY_R,0.011318633333333333,b4b4cc51630e4ec7,,,true,0
s2-07b,formal,BCH-S200,200,285,SEGMENTED,1,21,6,NONE,100,18,1800,1800,360000,26200,1800,0.072777777777777775,1,0,1,0,1,0,2,12,0,0,2,6,0,false,false,0.99787040108103198,1,2026072607,4017947825915577414,16685222875482826997,16685222875482826997,EXHAUSTIVE_GROUPED_BY_R,0.011318633333333333,b4b4cc51630e4ec7,,,true,0
s2-07b,formal,BCH-S200,200,285,SEGMENTED,1,21,7,NONE,100,18,1800,1800,360000,26200,1800,0.072777777777777775,1,0,1,0,1,0,2,13,0,0,2,7,0,false,false,0.99787040108103198,1,2026072607,4017947825915577414,16685222875482826997,16685222875482826997,EXHAUSTIVE_GROUPED_BY_R,0.011318633333333333,b4b4cc51630e4ec7,,,true,0
s2-07b,formal,BCH-S200,200,285,SEGMENTED,1,21,8,NONE,100,18,1800,1800,360000,22500,1800,0.0625,1,0,1,0,1,0,2,14,0,0,2,8,0,false,false,0.99787040108103198,1,2026072607,4017947825915577414,16685222875482826997,16685222875482826997,EXHAUSTIVE_GROUPED_BY_R,0.011318633333333333,b4b4cc51630e4ec7,,,true,0
s2-07b,formal,BCH-S200,200,285,SEGMENTED,1,21,9,NONE,100,18,1800,1800,360000,24300,1800,0.067500000000000004,1,0,1,0,1,0,2,15,0,0,2,9,0,false,false,0.99787040108103198,1,2026072607,4017947825915577414,16685222875482826997,16685222875482826997,EXHAUSTIVE_GROUPED_BY_R,0.011318633333333333,b4b4cc51630e4ec7,,,true,0
s2-07b,formal,BCH-S200,200,285,SEGMENTED,1,21,10,NONE,100,17,1700,1700,340000,22100,1700,0.065000000000000002,1,0,1,0,1,0,3,15,0,1,2,10,0,false,false,0.99774541298968455,1,2026072607,4017947825915577414,16685222875482826997,16685222875482826997,EXHAUSTIVE_GROUPED_BY_R,0.011318633333333333,b4b4cc51630e4ec7,,,true,0
s2-07b,formal,BCH-S200,200,285,SEGMENTED,1,21,11,NONE,100,17,1700,1700,340000,23800,1700,0.070000000000000007,1,0,1,0,1,0,3,15,0,0,3,11,0,false,false,0.99774541298968455,1,2026072607,4017947825915577414,16685222875482826997,16685222875482826997,EXHAUSTIVE_GROUPED_BY_R,0.011318633333333333,b4b4cc51630e4ec7,,,true,0
s2-07b,formal,BCH-S200,200,285,SEGMENTED,1,21,12,NONE,100,17,1700,1700,340000,27000,1700,0.079411764705882348,1,0,1,0,1,0,3,15,0,0,3,12,0,false,false,0.99774541298968455,1,2026072607,4017947825915577414,16685222875482826997,16685222875482826997,EXHAUSTIVE_GROUPED_BY_R,0.011318633333333333,b4b4cc51630e4ec7,,,true,0
s2-07b,formal,BCH-S200,200,285,SEGMENTED,1,21,13,NONE,100,17,1700,1700,340000,28600,1700,0.084117647058823533,1,0,1,0,1,0,3,15,0,0,3,13,0,false,false,0.99774541298968455,1,2026072607,4017947825915577414,16685222875482826997,16685222875482826997,EXHAUSTIVE_GROUPED_BY_R,0.011318633333333333,b4b4cc51630e4ec7,,,true,0
s2-07b,formal,BCH-S200,200,285,SEGMENTED,1,21,14,NONE,100,17,1700,1700,340000,26900,1700,0.079117647058823529,1,0,1,0,1,0,3,15,0,1,2,14,0,false,false,0.99774541298968455,1,2026072607,4017947825915577414,16685222875482826997,16685222875482826997,EXHAUSTIVE_GROUPED_BY_R,0.011318633333333333,b4b4cc51630e4ec7,,,true,0
s2-07b,formal,BCH-S200,200,285,SEGMENTED,1,22,0,NONE,100,18,1800,1800,360000,30100,1800,0.083611111111111108,1,0,1,0,1,0,2,15,0,0,2,0,0,false,false,0.99787040108103198,1,2026072607,4017947825915577414,12788309044484753256,12788309044484753256,EXHAUSTIVE_GROUPED_BY_R,0.011071993333333334,df218e2f35914430,,,true,0
s2-07b,formal,BCH-S200,200,285,SEGMENTED,1,22,1,NONE,100,18,1800,1800,360000,35300,1800,0.098055555555555562,1,0,1,0,1,0,2,14,0,0,2,1,0,false,false,0.99787040108103198,1,2026072607,4017947825915577414,12788309044484753256,12788309044484753256,EXHAUSTIVE_GROUPED_BY_R,0.011071993333333334,df218e2f35914430,,,true,0
s2-07b,formal,BCH-S200,200,285,SEGMENTED,1,22,2,NONE,100,18,1800,1800,360000,30000,1800,0.083333333333333329,1,0,1,0,1,0,2,13,0,0,2,2,0,false,false,0.99787040108103198,1,2026072607,4017947825915577414,12788309044484753256,12788309044484753256,EXHAUSTIVE_GROUPED_BY_R,0.011071993333333334,df218e2f35914430,,,true,0
s2-07b,formal,BCH-S200,200,285,SEGMENTED,1,22,3,NONE,100,18,1800,1800,360000,28100,1800,0.078055555555555559,1,0,1,0,1,0,2,12,0,0,2,3,0,false,false,0.99787040108103198,1,2026072607,4017947825915577414,12788309044484753256,12788309044484753256,EXHAUSTIVE_GROUPED_BY_R,0.011071993333333334,df218e2f35914430,,,true,0
s2-07b,formal,BCH-S200,200,285,SEGMENTED,1,22,4,NONE,100,18,1800,1800,360000,28000,1800,0.077777777777777779,1,0,1,0,1,0,2,11,0,0,2,4,0,false,false,0.99787040108103198,1,2026072607,4017947825915577414,12788309044484753256,12788309044484753256,EXHAUSTIVE_GROUPED_BY_R,0.011071993333333334,df218e2f35914430,,,true,0
s2-07b,formal,BCH-S200,200,285,SEGMENTED,1,22,5,NONE,100,18,1800,1800,360000,28000,1800,0.077777777777777779,1,0,1,0,1,0,2,12,0,0,2,5,0,false,false,0.99787040108103198,1,2026072607,4017947825915577414,12788309044484753256,12788309044484753256,EXHAUSTIVE_GROUPED_BY_R,0.011071993333333334,df218e2f35914430,,,true,0
s2-07b,formal,BCH-S200,200,285,SEGMENTED,1,22,6,NONE,100,18,1800,1800,360000,26200,1800,0.072777777777777775,1,0,1,0,1,0,2,13,0,0,2,6,0,false,false,0.99787040108103198,1,2026072607,4017947825915577414,12788309044484753256,12788309044484753256,EXHAUSTIVE_GROUPED_BY_R,0.011071993333333334,df218e2f35914430,,,true,0
s2-07b,formal,BCH-S200,200,285,SEGMENTED,1,22,7,NONE,100,18,1800,1800,360000,27900,1800,0.077499999999999999,1,0,1,0,1,0,2,14,0,0,2,7,0,false,false,0.99787040108103198,1,2026072607,4017947825915577414,12788309044484753256,12788309044484753256,EXHAUSTIVE_GROUPED_BY_R,0.011071993333333334,df218e2f35914430,,,true,0
s2-07b,formal,BCH-S200,200,285,SEGMENTED,1,22,8,NONE,100,18,1800,1800,360000,22500,1800,0.0625,1,0,1,0,1,0,2,15,0,0,2,8,0,false,false,0.99787040108103198,1,2026072607,4017947825915577414,12788309044484753256,12788309044484753256,EXHAUSTIVE_GROUPED_BY_R,0.011071993333333334,df218e2f35914430,,,true,0
s2-07b,formal,BCH-S200,200,285,SEGMENTED,1,22,9,NONE,100,17,1700,1700,340000,23800,1700,0.070000000000000007,1,0,1,0,1,0,3,15,0,1,2,9,0,false,false,0.99774541298968455,1,2026072607,4017947825915577414,12788309044484753256,12788309044484753256,EXHAUSTIVE_GROUPED_BY_R,0.011071993333333334,df218e2f35914430,,,true,0
s2-07b,formal,BCH-S200,200,285,SEGMENTED,1,22,10,NONE,100,17,1700,1700,340000,25500,1700,0.074999999999999997,1,0,1,0,1,0,3,15,0,0,3,10,0,false,false,0.99774541298968455,1,2026072607,4017947825915577414,12788309044484753256,12788309044484753256,EXHAUSTIVE_GROUPED_BY_R,0.011071993333333334,df218e2f35914430,,,true,0
s2-07b,formal,BCH-S200,200,285,SEGMENTED,1,22,11,NONE,100,17,1700,1700,340000,27000,1700,0.079411764705882348,1,0,1,0,1,0,3,15,0,0,3,11,0,false,false,0.99774541298968455,1,2026072607,4017947825915577414,12788309044484753256,12788309044484753256,EXHAUSTIVE_GROUPED_BY_R,0.011071993333333334,df218e2f35914430,,,true,0
s2-07b,formal,BCH-S200,200,285,SEGMENTED,1,22,12,NONE,100,17,1700,1700,340000,28600,1700,0.084117647058823533,1,0,1,0,1,0,3,15,0,0,3,12,0,false,false,0.99774541298968455,1,2026072607,4017947825915577414,12788309044484753256,12788309044484753256,EXHAUSTIVE_GROUPED_BY_R,0.011071993333333334,df218e2f35914430,,,true,0
s2-07b,formal,BCH-S200,200,285,SEGMENTED,1,22,13,NONE,100,17,1700,1700,340000,28600,1700,0.084117647058823533,1,0,1,0,1,0,3,15,0,0,3,13,0,false,false,0.99774541298968455,1,2026072607,4017947825915577414,12788309044484753256,12788309044484753256,EXHAUSTIVE_GROUPED_BY_R,0.011071993333333334,df218e2f35914430,,,true,0
s2-07b,formal,BCH-S200,200,285,SEGMENTED,1,22,14,NONE,100,17,1700,1700,340000,28500,1700,0.0838235294117647,1,0,1,0,1,0,3,15,0,1,2,14,0,false,false,0.99774541298968455,1,2026072607,4017947825915577414,12788309044484753256,12788309044484753256,EXHAUSTIVE_GROUPED_BY_R,0.011071993333333334,df218e2f35914430,,,true,0
s2-07b,formal,BCH-S200,200,285,SEGMENTED,1,23,0,NONE,100,18,1800,1800,360000,35300,1800,0.098055555555555562,1,0,1,0,1,0,2,15,0,0,2,0,0,false,false,0.99787040108103198,1,2026072607,4017947825915577414,13740447012808603300,13740447012808603300,EXHAUSTIVE_GROUPED_BY_R,0.01080152,34c4dcbced1d724c,,,true,0
s2-07b,formal,BCH-S200,200,285,SEGMENTED,1,23,1,NONE,100,18,1800,1800,360000,33600,1800,0.093333333333333338,1,0,1,0,1,0,2,14,0,0,2,1,0,false,false,0.99787040108103198,1,2026072607,4017947825915577414,13740447012808603300,13740447012808603300,EXHAUSTIVE_GROUPED_BY_R,0.01080152,34c4dcbced1d724c,,,true,0
s2-07b,formal,BCH-S200,200,285,SEGMENTED,1,23,2,NONE,100,18,1800,1800,360000,31700,1800,0.088055555555555554,1,0,1,0,1,0,2,13,0,0,2,2,0,false,false,0.99787040108103198,1,2026072607,4017947825915577414,13740447012808603300,13740447012808603300,EXHAUSTIVE_GROUPED_BY_R,0.01080152,34c4dcbced1d724c,,,true,0
s2-07b,formal,BCH-S200,200,285,SEGMENTED,1,23,3,NONE,100,18,1800,1800,360000,29800,1800,0.082777777777777783,1,0,1,0,1,0,2,12,0,0,2,3,0,false,false,0.99787040108103198,1,2026072607,4017947825915577414,13740447012808603300,13740447012808603300,EXHAUSTIVE_GROUPED_BY_R,0.01080152,34c4dcbced1d724c,,,true,0
s2-07b,formal,BCH-S200,200,285,SEGMENTED,1,23,4,NONE,100,18,1800,1800,360000,28000,1800,0.077777777777777779,1,0,1,0,1,0,2,12,0,0,2,4,0,false,false,0.99787040108103198,1,2026072607,4017947825915577414,13740447012808603300,13740447012808603300,EXHAUSTIVE_GROUPED_BY_R,0.01080152,34c4dcbced1d724c,,,true,0
s2-07b,formal,BCH-S200,200,285,SEGMENTED,1,23,5,NONE,100,18,1800,1800,360000,28000,1800,0.077777777777777779,1,0,1,0,1,0,2,13,0,0,2,5,0,false,false,0.99787040108103198,1,2026072607,4017947825915577414,13740447012808603300,13740447012808603300,EXHAUSTIVE_GROUPED_BY_R,0.01080152,34c4dcbced1d724c,,,true,0
s2-07b,formal,BCH-S200,200,285,SEGMENTED,1,23,6,NONE,100,18,1800,1800,360000,27900,1800,0.077499999999999999,1,0,1,0,1,0,2,14,0,0,2,6,0,false,false,0.99787040108103198,1,2026072607,4017947825915577414,13740447012808603300,13740447012808603300,EXHAUSTIVE_GROUPED_BY_R,0.01080152,34c4dcbced1d724c,,,true,0
s2-07b,formal,BCH-S200,200,285,SEGMENTED,1,23,7,NONE,100,18,1800,1800,360000,27900,1800,0.077499999999999999,1,0,1,0,1,0,2,15,0,0,2,7,0,false,false,0.99787040108103198,1,2026072607,4017947825915577414,13740447012808603300,13740447012808603300,EXHAUSTIVE_GROUPED_BY_R,0.01080152,34c4dcbced1d724c,,,true,0
s2-07b,formal,BCH-S200,200,285,SEGMENTED,1,23,8,NONE,100,17,1700,1700,340000,22100,1700,0.065000000000000002,1,0,1,0,1,0,3,15,0,1,2,8,0,false,false,0.99774541298968455,1,2026072607,4017947825915577414,13740447012808603300,13740447012808603300,EXHAUSTIVE_GROUPED_BY_R,0.01080152,34c4dcbced1d724c,,,true,0
s2-07b,formal,BCH-S200,200,285,SEGMENTED,1,23,9,NONE,100,17,1700,1700,340000,27200,1700,0.080000000000000002,1,0,1,0,1,0,3,15,0,0,3,9,0,false,false,0.99774541298968455,1,2026072607,4017947825915577414,13740447012808603300,13740447012808603300,EXHAUSTIVE_GROUPED_BY_R,0.01080152,34c4dcbced1d724c,,,true,0
s2-07b,formal,BCH-S200,200,285,SEGMENTED,1,23,10,NONE,100,17,1700,1700,340000,28700,1700,0.084411764705882353,1,0,1,0,1,0,3,15,0,0,3,10,0,false,false,0.99774541298968455,1,2026072607,4017947825915577414,13740447012808603300,13740447012808603300,EXHAUSTIVE_GROUPED_BY_R,0.01080152,34c4dcbced1d724c,,,true,0
s2-07b,formal,BCH-S200,200,285,SEGMENTED,1,23,11,NONE,100,17,1700,1700,340000,28600,1700,0.084117647058823533,1,0,1,0,1,0,3,15,0,0,3,11,0,false,false,0.99774541298968455,1,2026072607,4017947825915577414,13740447012808603300,13740447012808603300,EXHAUSTIVE_GROUPED_BY_R,0.01080152,34c4dcbced1d724c,,,true,0
s2-07b,formal,BCH-S200,200,285,SEGMENTED,1,23,12,NONE,100,17,1700,1700,340000,28600,1700,0.084117647058823533,1,0,1,0,1,0,3,15,0,0,3,12,0,false,false,0.99774541298968455,1,2026072607,4017947825915577414,13740447012808603300,13740447012808603300,EXHAUSTIVE_GROUPED_BY_R,0.01080152,34c4dcbced1d724c,,,true,0
s2-07b,formal,BCH-S200,200,285,SEGMENTED,1,23,13,NONE,100,17,1700,1700,340000,30200,1700,0.088823529411764704,1,0,1,0,1,0,3,15,0,0,3,13,0,false,false,0.99774541298968455,1,2026072607,4017947825915577414,13740447012808603300,13740447012808603300,EXHAUSTIVE_GROUPED_BY_R,0.01080152,34c4dcbced1d724c,,,true,0
s2-07b,formal,BCH-S200,200,285,SEGMENTED,1,23,14,NONE,100,17,1700,1700,340000,28400,1700,0.08352941176470588,1,0,1,0,1,0,3,15,0,1,2,14,0,false,false,0.99774541298968455,1,2026072607,4017947825915577414,13740447012808603300,13740447012808603300,EXHAUSTIVE_GROUPED_BY_R,0.01080152,34c4dcbced1d724c,,,true,0
s2-07b,formal,BCH-S200,200,285,SEGMENTED,1,24,0,NONE,100,18,1800,1800,360000,33600,1800,0.093333333333333338,1,0,1,0,1,0,2,15,0,0,2,0,0,false,false,0.99787040108103198,1,2026072607,4017947825915577414,13570371751912539011,13570371751912539011,EXHAUSTIVE_GROUPED_BY_R,0.010850660000000002,ae8db48a17d9caeb,,,true,0
s2-07b,formal,BCH-S200,200,285,SEGMENTED,1,24,1,NONE,100,18,1800,1800,360000,35300,1800,0.098055555555555562,1,0,1,0,1,0,2,14,0,0,2,1,0,false,false,0.99787040108103198,1,2026072607,4017947825915577414,13570371751912539011,13570371751912539011,EXHAUSTIVE_GROUPED_BY_R,0.010850660000000002,ae8db48a17d9caeb,,,true,0
s2-07b,formal,BCH-S200,200,285,SEGMENTED,1,24,2,NONE,100,18,1800,1800,360000,33400,1800,0.092777777777777778,1,0,1,0,1,0,2,13,0,0,2,2,0,false,false,0.99787040108103198,1,2026072607,4017947825915577414,13570371751912539011,13570371751912539011,EXHAUSTIVE_GROUPED_BY_R,0.010850660000000002,ae8db48a17d9caeb,,,true,0
s2-07b,formal,BCH-S200,200,285,SEGMENTED,1,24,3,NONE,100,18,1800,1800,360000,29800,1800,0.082777777777777783,1,0,1,0,1,0,2,12,0,0,2,3,0,false,false,0.99787040108103198,1,2026072607,4017947825915577414,13570371751912539011,13570371751912539011,EXHAUSTIVE_GROUPED_BY_R,0.010850660000000002,ae8db48a17d9caeb,,,true,0
s2-07b,formal,BCH-S200,200,285,SEGMENTED,1,24,4,NONE,100,18,1800,1800,360000,28000,1800,0.077777777777777779,1,0,1,0,1,0,2,13,0,0,2,4,0,false,false,0.99787040108103198,1,2026072607,4017947825915577414,13570371751912539011,13570371751912539011,EXHAUSTIVE_GROUPED_BY_R,0.010850660000000002,ae8db48a17d9caeb,,,true,0
s2-07b,formal,BCH-S200,200,285,SEGMENTED,1,24,5,NONE,100,18,1800,1800,360000,29700,1800,0.082500000000000004,1,0,1,0,1,0,2,14,0,0,2,5,0,false,false,0.99787040108103198,1,2026072607,4017947825915577414,13570371751912539011,13570371751912539011,EXHAUSTIVE_GROUPED_BY_R,0.010850660000000002,ae8db48a17d9caeb,,,true,0
s2-07b,formal,BCH-S200,200,285,SEGMENTED,1,24,6,NONE,100,18,1800,1800,360000,27900,1800,0.077499999999999999,1,0,1,0,1,0,2,15,0,0,2,6,0,false,false,0.99787040108103198,1,2026072607,4017947825915577414,13570371751912539011,13570371751912539011,EXHAUSTIVE_GROUPED_BY_R,0.010850660000000002,ae8db48a17d9caeb,,,true,0
s2-07b,formal,BCH-S200,200,285,SEGMENTED,1,24,7,NONE,100,17,1700,1700,340000,27200,1700,0.080000000000000002,1,0,1,0,1,0,3,15,0,1,2,7,0,false,false,0.99774541298968455,1,2026072607,4017947825915577414,13570371751912539011,13570371751912539011,EXHAUSTIVE_GROUPED_BY_R,0.010850660000000002,ae8db48a17d9caeb,,,true,0
s2-07b,formal,BCH-S200,200,285,SEGMENTED,1,24,8,NONE,100,17,1700,1700,340000,25500,1700,0.074999999999999997,1,0,1,0,1,0,3,15,0,0,3,8,0,false,false,0.99774541298968455,1,2026072607,4017947825915577414,13570371751912539011,13570371751912539011,EXHAUSTIVE_GROUPED_BY_R,0.010850660000000002,ae8db48a17d9caeb,,,true,0
s2-07b,formal,BCH-S200,200,285,SEGMENTED,1,24,9,NONE,100,17,1700,1700,340000,30400,1700,0.089411764705882357,1,0,1,0,1,0,3,15,0,0,3,9,0,false,false,0.99774541298968455,1,2026072607,4017947825915577414,13570371751912539011,13570371751912539011,EXHAUSTIVE_GROUPED_BY_R,0.010850660000000002,ae8db48a17d9caeb,,,true,0
s2-07b,formal,BCH-S200,200,285,SEGMENTED,1,24,10,NONE,100,17,1700,1700,340000,30300,1700,0.089117647058823524,1,0,1,0,1,0,3,15,0,0,3,10,0,false,false,0.99774541298968455,1,2026072607,4017947825915577414,13570371751912539011,13570371751912539011,EXHAUSTIVE_GROUPED_BY_R,0.010850660000000002,ae8db48a17d9caeb,,,true,0
s2-07b,formal,BCH-S200,200,285,SEGMENTED,1,24,11,NONE,100,17,1700,1700,340000,28600,1700,0.084117647058823533,1,0,1,0,1,0,3,15,0,0,3,11,0,false,false,0.99774541298968455,1,2026072607,4017947825915577414,13570371751912539011,13570371751912539011,EXHAUSTIVE_GROUPED_BY_R,0.010850660000000002,ae8db48a17d9caeb,,,true,0
s2-07b,formal,BCH-S200,200,285,SEGMENTED,1,24,12,NONE,100,17,1700,1700,340000,30200,1700,0.088823529411764704,1,0,1,0,1,0,3,15,0,0,3,12,0,false,false,0.99774541298968455,1,2026072607,4017947825915577414,13570371751912539011,13570371751912539011,EXHAUSTIVE_GROUPED_BY_R,0.010850660000000002,ae8db48a17d9caeb,,,true,0
s2-07b,formal,BCH-S200,200,285,SEGMENTED,1,24,13,NONE,100,17,1700,1700,340000,30100,1700,0.088529411764705884,1,0,1,0,1,0,3,15,0,0,3,13,0,false,false,0.99774541298968455,1,2026072607,4017947825915577414,13570371751912539011,13570371751912539011,EXHAUSTIVE_GROUPED_BY_R,0.010850660000000002,ae8db48a17d9caeb,,,true,0
s2-07b,formal,BCH-S200,200,285,SEGMENTED,1,24,14,NONE,100,17,1700,1700,340000,33300,1700,0.09794117647058824,1,0,1,0,1,0,3,15,0,1,2,14,0,false,false,0.99774541298968455,1,2026072607,4017947825915577414,13570371751912539011,13570371751912539011,EXHAUSTIVE_GROUPED_BY_R,0.010850660000000002,ae8db48a17d9caeb,,,true,0
s2-07b,formal,BCH-S200,200,285,SEGMENTED,1,25,0,NONE,100,18,1800,1800,360000,35300,1800,0.098055555555555562,1,0,1,0,1,0,2,15,0,0,2,0,0,false,false,0.99787040108103198,1,2026072607,4017947825915577414,6210781106370100180,6210781106370100180,EXHAUSTIVE_GROUPED_BY_R,0.012011300000000001,7ca6b53e77ffa13a,,,true,0
s2-07b,formal,BCH-S200,200,285,SEGMENTED,1,25,1,NONE,100,18,1800,1800,360000,37000,1800,0.10277777777777777,1,0,1,0,1,0,2,14,0,0,2,1,0,false,false,0.99787040108103198,1,2026072607,4017947825915577414,6210781106370100180,6210781106370100180,EXHAUSTIVE_GROUPED_BY_R,0.012011300000000001,7ca6b53e77ffa13a,,,true,0
s2-07b,formal,BCH-S200,200,285,SEGMENTED,1,25,2,NONE,100,18,1800,1800,360000,33400,1800,0.092777777777777778,1,0,1,0,1,0,2,13,0,0,2,2,0,false,false,0.99787040108103198,1,2026072607,4017947825915577414,6210781106370100180,6210781106370100180,EXHAUSTIVE_GROUPED_BY_R,0.012011300000000001,7ca6b53e77ffa13a,,,true,0
s2-07b,formal,BCH-S200,200,285,SEGMENTED,1,25,3,NONE,100,18,1800,1800,360000,29800,1800,0.082777777777777783,1,0,1,0,1,0,2,13,0,0,2,3,0,false,false,0.99787040108103198,1,2026072607,4017947825915577414,6210781106370100180,6210781106370100180,EXHAUSTIVE_GROUPED_BY_R,0.012011300000000001,7ca6b53e77ffa13a,,,true,0
s2-07b,formal,BCH-S200,200,285,SEGMENTED,1,25,4,NONE,100,18,1800,1800,360000,29700,1800,0.082500000000000004,1,0,1,0,1,0,2,14,0,0,2,4,0,false,false,0.99787040108103198,1,2026072607,4017947825915577414,6210781106370100180,6210781106370100180,EXHAUSTIVE_GROUPED_BY_R,0.012011300000000001,7ca6b53e77ffa13a,,,true,0
s2-07b,formal,BCH-S200,200,285,SEGMENTED,1,25,5,NONE,100,18,1800,1800,360000,29700,1800,0.082500000000000004,1,0,1,0,1,0,2,15,0,0,2,5,0,false,false,0.99787040108103198,1,2026072607,4017947825915577414,6210781106370100180,6210781106370100180,EXHAUSTIVE_GROUPED_BY_R,0.012011300000000001,7ca6b53e77ffa13a,,,true,0
s2-07b,formal,BCH-S200,200,285,SEGMENTED,1,25,6,NONE,100,17,1700,1700,340000,27200,1700,0.080000000000000002,1,0,1,0,1,0,3,15,0,1,2,6,0,false,false,0.99774541298968455,1,2026072607,4017947825915577414,6210781106370100180,6210781106370100180,EXHAUSTIVE_GROUPED_BY_R,0.012011300000000001,7ca6b53e77ffa13a,,,true,0
s2-07b,formal,BCH-S200,200,285,SEGMENTED,1,25,7,NONE,100,17,1700,1700,340000,30600,1700,0.089999999999999997,1,0,1,0,1,0,3,15,0,0,3,7,0,false,false,0.99774541298968455,1,2026072607,4017947825915577414,6210781106370100180,6210781106370100180,EXHAUSTIVE_GROUPED_BY_R,0.012011300000000001,7ca6b53e77ffa13a,,,true,0
s2-07b,formal,BCH-S200,200,285,SEGMENTED,1,25,8,NONE,100,17,1700,1700,340000,28700,1700,0.084411764705882353,1,0,1,0,1,0,3,15,0,0,3,8,0,false,false,0.99774541298968455,1,2026072607,4017947825915577414,6210781106370100180,6210781106370100180,EXHAUSTIVE_GROUPED_BY_R,0.012011300000000001,7ca6b53e77ffa13a,,,true,0
s2-07b,formal,BCH-S200,200,285,SEGMENTED,1,25,9,NONE,100,17,1700,1700,340000,32000,1700,0.094117647058823528,1,0,1,0,1,0,3,15,0,0,3,9,0,false,false,0.99774541298968455,1,2026072607,4017947825915577414,6210781106370100180,6210781106370100180,EXHAUSTIVE_GROUPED_BY_R,0.012011300000000001,7ca6b53e77ffa13a,,,true,0
s2-07b,formal,BCH-S200,200,285,SEGMENTED,1,25,10,NONE,100,17,1700,1700,340000,30300,1700,0.089117647058823524,1,0,1,0,1,0,3,15,0,0,3,10,0,false,false,0.99774541298968455,1,2026072607,4017947825915577414,6210781106370100180,6210781106370100180,EXHAUSTIVE_GROUPED_BY_R,0.012011300000000001,7ca6b53e77ffa13a,,,true,0
s2-07b,formal,BCH-S200,200,285,SEGMENTED,1,25,11,NONE,100,17,1700,1700,340000,30200,1700,0.088823529411764704,1,0,1,0,1,0,3,15,0,0,3,11,0,false,false,0.99774541298968455,1,2026072607,4017947825915577414,6210781106370100180,6210781106370100180,EXHAUSTIVE_GROUPED_BY_R,0.012011300000000001,7ca6b53e77ffa13a,,,true,0
s2-07b,formal,BCH-S200,200,285,SEGMENTED,1,25,12,NONE,100,17,1700,1700,340000,30100,1700,0.088529411764705884,1,0,1,0,1,0,3,15,0,0,3,12,0,false,false,0.99774541298968455,1,2026072607,4017947825915577414,6210781106370100180,6210781106370100180,EXHAUSTIVE_GROUPED_BY_R,0.012011300000000001,7ca6b53e77ffa13a,,,true,0
s2-07b,formal,BCH-S200,200,285,SEGMENTED,1,25,13,NONE,100,17,1700,1700,340000,35000,1700,0.10294117647058823,1,0,1,0,1,0,3,15,0,0,3,13,0,false,false,0.99774541298968455,1,2026072607,4017947825915577414,6210781106370100180,6210781106370100180,EXHAUSTIVE_GROUPED_BY_R,0.012011300000000001,7ca6b53e77ffa13a,,,true,0
s2-07b,formal,BCH-S200,200,285,SEGMENTED,1,25,14,NONE,100,17,1700,1700,340000,31700,1700,0.093235294117647055,1,0,1,0,1,0,3,15,0,1,2,14,0,false,false,0.99774541298968455,1,2026072607,4017947825915577414,6210781106370100180,6210781106370100180,EXHAUSTIVE_GROUPED_BY_R,0.012011300000000001,7ca6b53e77ffa13a,,,true,0
s2-07b,formal,BCH-S200,200,285,SEGMENTED,1,26,0,NONE,100,18,1800,1800,360000,37000,1800,0.10277777777777777,1,0,1,0,1,0,2,15,0,0,2,0,0,false,false,0.99787040108103198,1,2026072607,4017947825915577414,4458853196323289160,4458853196323289160,EXHAUSTIVE_GROUPED_BY_R,0.011675406666666667,28722973e08797c9,,,true,0
s2-07b,formal,BCH-S200,200,285,SEGMENTED,1,26,1,NONE,100,18,1800,1800,360000,37000,1800,0.10277777777777777,1,0,1,0,1,0,2,14,0,0,2,1,0,false,false,0.99787040108103198,1,2026072607,4017947825915577414,4458853196323289160,4458853196323289160,EXHAUSTIVE_GROUPED_BY_R,0.011675406666666667,28722973e08797c9,,,true,0
s2-07b,formal,BCH-S200,200,285,SEGMENTED,1,26,2,NONE,100,18,1800,1800,360000,33400,1800,0.092777777777777778,1,0,1,0,1,0,2,13,0,0,2,2,0,false,false,0.99787040108103198,1,2026072607,4017947825915577414,4458853196323289160,4458853196323289160,EXHAUSTIVE_GROUPED_BY_R,0.011675406666666667,28722973e08797c9,,,true,0
s2-07b,formal,BCH-S200,200,285,SEGMENTED,1,26,3,NONE,100,18,1800,1800,360000,31500,1800,0.087499999999999994,1,0,1,0,1,0,2,14,0,0,2,3,0,false,false,0.99787040108103198,1,2026072607,4017947825915577414,4458853196323289160,4458853196323289160,EXHAUSTIVE_GROUPED_BY_R,0.011675406666666667,28722973e08797c9,,,true,0
s2-07b,formal,BCH-S200,200,285,SEGMENTED,1,26,4,NONE,100,18,1800,1800,360000,29700,1800,0.082500000000000004,1,0,1,0,1,0,2,15,0,0,2,4,0,false,false,0.99787040108103198,1,2026072607,4017947825915577414,4458853196323289160,4458853196323289160,EXHAUSTIVE_GROUPED_BY_R,0.011675406666666667,28722973e08797c9,,,true,0
s2-07b,formal,BCH-S200,200,285,SEGMENTED,1,26,5,NONE,100,17,1700,1700,340000,28900,1700,0.085000000000000006,1,0,1,0,1,0,3,15,0,1,2,5,0,false,false,0.99774541298968455,1,2026072607,4017947825915577414,4458853196323289160,4458853196323289160,EXHAUSTIVE_GROUPED_BY_R,0.011675406666666667,28722973e08797c9,,,true,0
s2-07b,formal,BCH-S200,200,285,SEGMENTED,1,26,6,NONE,100,17,1700,1700,340000,30600,1700,0.089999999999999997,1,0,1,0,1,0,3,15,0,0,3,6,0,false,false,0.99774541298968455,1,2026072607,4017947825915577414,4458853196323289160,4458853196323289160,EXHAUSTIVE_GROUPED_BY_R,0.011675406666666667,28722973e08797c9,,,true,0
s2-07b,formal,BCH-S200,200,285,SEGMENTED,1,26,7,NONE,100,17,1700,1700,340000,33800,1700,0.099411764705882352,1,0,1,0,1,0,3,15,0,0,3,7,0,false,false,0.99774541298968455,1,2026072607,4017947825915577414,4458853196323289160,4458853196323289160,EXHAUSTIVE_GROUPED_BY_R,0.011675406666666667,28722973e08797c9,,,true,0
s2-07b,formal,BCH-S200,200,285,SEGMENTED,1,26,8,NONE,100,17,1700,1700,340000,30300,1700,0.089117647058823524,1,0,1,0,1,0,3,15,0,0,3,8,0,false,false,0.99774541298968455,1,2026072607,4017947825915577414,4458853196323289160,4458853196323289160,EXHAUSTIVE_GROUPED_BY_R,0.011675406666666667,28722973e08797c9,,,true,0
s2-07b,formal,BCH-S200,200,285,SEGMENTED,1,26,9,NONE,100,17,1700,1700,340000,32000,1700,0.094117647058823528,1,0,1,0,1,0,3,15,0,0,3,9,0,false,false,0.99774541298968455,1,2026072607,4017947825915577414,4458853196323289160,4458853196323289160,EXHAUSTIVE_GROUPED_BY_R,0.011675406666666667,28722973e08797c9,,,true,0
s2-07b,formal,BCH-S200,200,285,SEGMENTED,1,26,10,NONE,100,17,1700,1700,340000,31900,1700,0.093823529411764708,1,0,1,0,1,0,3,15,0,0,3,10,0,false,false,0.99774541298968455,1,2026072607,4017947825915577414,4458853196323289160,4458853196323289160,EXHAUSTIVE_GROUPED_BY_R,0.011675406666666667,28722973e08797c9,,,true,0
s2-07b,formal,BCH-S200,200,285,SEGMENTED,1,26,11,NONE,100,17,1700,1700,340000,30100,1700,0.088529411764705884,1,0,1,0,1,0,3,15,0,0,3,11,0,false,false,0.99774541298968455,1,2026072607,4017947825915577414,4458853196323289160,4458853196323289160,EXHAUSTIVE_GROUPED_BY_R,0.011675406666666667,28722973e08797c9,,,true,0
s2-07b,formal,BCH-S200,200,285,SEGMENTED,1,26,12,NONE,100,17,1700,1700,340000,35000,1700,0.10294117647058823,1,0,1,0,1,0,3,15,0,0,3,12,0,false,false,0.99774541298968455,1,2026072607,4017947825915577414,4458853196323289160,4458853196323289160,EXHAUSTIVE_GROUPED_BY_R,0.011675406666666667,28722973e08797c9,,,true,0
s2-07b,formal,BCH-S200,200,285,SEGMENTED,1,26,13,NONE,100,17,1700,1700,340000,33400,1700,0.09823529411764706,1,0,1,0,1,0,3,15,0,0,3,13,0,false,false,0.99774541298968455,1,2026072607,4017947825915577414,4458853196323289160,4458853196323289160,EXHAUSTIVE_GROUPED_BY_R,0.011675406666666667,28722973e08797c9,,,true,0
s2-07b,formal,BCH-S200,200,285,SEGMENTED,1,26,14,NONE,100,17,1700,1700,340000,33300,1700,0.09794117647058824,1,0,1,0,1,0,3,15,0,1,2,14,0,false,false,0.99774541298968455,1,2026072607,4017947825915577414,4458853196323289160,4458853196323289160,EXHAUSTIVE_GROUPED_BY_R,0.011675406666666667,28722973e08797c9,,,true,0
s2-07b,formal,BCH-S200,200,285,SEGMENTED,1,27,0,NONE,100,18,1800,1800,360000,37000,1800,0.10277777777777777,1,0,1,0,1,0,2,15,0,0,2,0,0,false,false,0.99787040108103198,1,2026072607,4017947825915577414,17364629354612930581,17364629354612930581,EXHAUSTIVE_GROUPED_BY_R,0.011675280000000001,4700495e1b32f21c,,,true,0
s2-07b,formal,BCH-S200,200,285,SEGMENTED,1,27,1,NONE,100,18,1800,1800,360000,37000,1800,0.10277777777777777,1,0,1,0,1,0,2,14,0,0,2,1,0,false,false,0.99787040108103198,1,2026072607,4017947825915577414,17364629354612930581,17364629354612930581,EXHAUSTIVE_GROUPED_BY_R,0.011675280000000001,4700495e1b32f21c,,,true,0
s2-07b,formal,BCH-S200,200,285,SEGMENTED,1,27,2,NONE,100,18,1800,1800,360000,35100,1800,0.097500000000000003,1,0,1,0,1,0,2,14,0,0,2,2,0,false,false,0.99787040108103198,1,2026072607,4017947825915577414,17364629354612930581,17364629354612930581,EXHAUSTIVE_GROUPED_BY_R,0.011675280000000001,4700495e1b32f21c,,,true,0
s2-07b,formal,BCH-S200,200,285,SEGMENTED,1,27,3,NONE,100,18,1800,1800,360000,31500,1800,0.087499999999999994,1,0,1,0,1,0,2,15,0,0,2,3,0,false,false,0.99787040108103198,1,2026072607,4017947825915577414,17364629354612930581,17364629354612930581,EXHAUSTIVE_GROUPED_BY_R,0.011675280000000001,4700495e1b32f21c,,,true,0
s2-07b,formal,BCH-S200,200,285,SEGMENTED,1,27,4,NONE,100,17,1700,1700,340000,28900,1700,0.085000000000000006,1,0,1,0,1,0,3,15,0,1,2,4,0,false,false,0.99774541298968455,1,2026072607,4017947825915577414,17364629354612930581,17364629354612930581,EXHAUSTIVE_GROUPED_BY_R,0.011675280000000001,4700495e1b32f21c,,,true,0
s2-07b,formal,BCH-S200,200,285,SEGMENTED,1,27,5,NONE,100,17,1700,1700,340000,32300,1700,0.095000000000000001,1,0,1,0,1,0,3,15,0,0,3,5,0,false,false,0.99774541298968455,1,2026072607,4017947825915577414,17364629354612930581,17364629354612930581,EXHAUSTIVE_GROUPED_BY_R,0.011675280000000001,4700495e1b32f21c,,,true,0
s2-07b,formal,BCH-S200,200,285,SEGMENTED,1,27,6,NONE,100,17,1700,1700,340000,33800,1700,0.099411764705882352,1,0,1,0,1,0,3,15,0,0,3,6,0,false,false,0.99774541298968455,1,2026072607,4017947825915577414,17364629354612930581,17364629354612930581,EXHAUSTIVE_GROUPED_BY_R,0.011675280000000001,4700495e1b32f21c,,,true,0
s2-07b,formal,BCH-S200,200,285,SEGMENTED,1,27,7,NONE,100,17,1700,1700,340000,35400,1700,0.10411764705882352,1,0,1,0,1,0,3,15,0,0,3,7,0,false,false,0.99774541298968455,1,2026072607,4017947825915577414,17364629354612930581,17364629354612930581,EXHAUSTIVE_GROUPED_BY_R,0.011675280000000001,4700495e1b32f21c,,,true,0
s2-07b,formal,BCH-S200,200,285,SEGMENTED,1,27,8,NONE,100,17,1700,1700,340000,30300,1700,0.089117647058823524,1,0,1,0,1,0,3,15,0,0,3,8,0,false,false,0.99774541298968455,1,2026072607,4017947825915577414,17364629354612930581,17364629354612930581,EXHAUSTIVE_GROUPED_BY_R,0.011675280000000001,4700495e1b32f21c,,,true,0
s2-07b,formal,BCH-S200,200,285,SEGMENTED,1,27,9,NONE,100,17,1700,1700,340000,33600,1700,0.098823529411764699,1,0,1,0,1,0,3,15,0,0,3,9,0,false,false,0.99774541298968455,1,2026072607,4017947825915577414,17364629354612930581,17364629354612930581,EXHAUSTIVE_GROUPED_BY_R,0.011675280000000001,4700495e1b32f21c,,,true,0
s2-07b,formal,BCH-S200,200,285,SEGMENTED,1,27,10,NONE,100,17,1700,1700,340000,31800,1700,0.093529411764705889,1,0,1,0,1,0,3,15,0,0,3,10,0,false,false,0.99774541298968455,1,2026072607,4017947825915577414,17364629354612930581,17364629354612930581,EXHAUSTIVE_GROUPED_BY_R,0.011675280000000001,4700495e1b32f21c,,,true,0
s2-07b,formal,BCH-S200,200,285,SEGMENTED,1,27,11,NONE,100,17,1700,1700,340000,35000,1700,0.10294117647058823,1,0,1,0,1,0,3,15,0,0,3,11,0,false,false,0.99774541298968455,1,2026072607,4017947825915577414,17364629354612930581,17364629354612930581,EXHAUSTIVE_GROUPED_BY_R,0.011675280000000001,4700495e1b32f21c,,,true,0
s2-07b,formal,BCH-S200,200,285,SEGMENTED,1,27,12,NONE,100,17,1700,1700,340000,33400,1700,0.09823529411764706,1,0,1,0,1,0,3,15,0,0,3,12,0,false,false,0.99774541298968455,1,2026072607,4017947825915577414,17364629354612930581,17364629354612930581,EXHAUSTIVE_GROUPED_BY_R,0.011675280000000001,4700495e1b32f21c,,,true,0
s2-07b,formal,BCH-S200,200,285,SEGMENTED,1,27,13,NONE,100,17,1700,1700,340000,35000,1700,0.10294117647058823,1,0,1,0,1,0,3,15,0,0,3,13,0,false,false,0.99774541298968455,1,2026072607,4017947825915577414,17364629354612930581,17364629354612930581,EXHAUSTIVE_GROUPED_BY_R,0.011675280000000001,4700495e1b32f21c,,,true,0
s2-07b,formal,BCH-S200,200,285,SEGMENTED,1,27,14,NONE,100,17,1700,1700,340000,34900,1700,0.10264705882352941,1,0,1,0,1,0,3,15,0,1,2,14,0,false,false,0.99774541298968455,1,2026072607,4017947825915577414,17364629354612930581,17364629354612930581,EXHAUSTIVE_GROUPED_BY_R,0.011675280000000001,4700495e1b32f21c,,,true,0
s2-07b,formal,BCH-S200,200,285,SEGMENTED,1,28,0,NONE,100,18,1800,1800,360000,37000,1800,0.10277777777777777,1,0,1,0,1,0,2,15,0,0,2,0,0,false,false,0.99787040108103198,1,2026072607,4017947825915577414,2441686258686618187,2441686258686618187,EXHAUSTIVE_GROUPED_BY_R,0.012433046666666666,538a12882af7d354,,,true,0
s2-07b,formal,BCH-S200,200,285,SEGMENTED,1,28,1,NONE,100,18,1800,1800,360000,38700,1800,0.1075,1,0,1,0,1,0,2,14,0,0,2,1,0,false,false,0.99787040108103198,1,2026072607,4017947825915577414,2441686258686618187,2441686258686618187,EXHAUSTIVE_GROUPED_BY_R,0.012433046666666666,538a12882af7d354,,,true,0
s2-07b,formal,BCH-S200,200,285,SEGMENTED,1,28,2,NONE,100,18,1800,1800,360000,35100,1800,0.097500000000000003,1,0,1,0,1,0,2,15,0,0,2,2,0,false,false,0.99787040108103198,1,2026072607,4017947825915577414,2441686258686618187,2441686258686618187,EXHAUSTIVE_GROUPED_BY_R,0.012433046666666666,538a12882af7d354,,,true,0
s2-07b,formal,BCH-S200,200,285,SEGMENTED,1,28,3,NONE,100,17,1700,1700,340000,30600,1700,0.089999999999999997,1,0,1,0,1,0,3,15,0,1,2,3,0,false,false,0.99774541298968455,1,2026072607,4017947825915577414,2441686258686618187,2441686258686618187,EXHAUSTIVE_GROUPED_BY_R,0.012433046666666666,538a12882af7d354,,,true,0
s2-07b,formal,BCH-S200,200,285,SEGMENTED,1,28,4,NONE,100,17,1700,1700,340000,32300,1700,0.095000000000000001,1,0,1,0,1,0,3,15,0,0,3,4,0,false,false,0.99774541298968455,1,2026072607,4017947825915577414,2441686258686618187,2441686258686618187,EXHAUSTIVE_GROUPED_BY_R,0.012433046666666666,538a12882af7d354,,,true,0
s2-07b,formal,BCH-S200,200,285,SEGMENTED,1,28,5,NONE,100,17,1700,1700,340000,35500,1700,0.10441176470588236,1,0,1,0,1,0,3,15,0,0,3,5,0,false,false,0.99774541298968455,1,2026072607,4017947825915577414,2441686258686618187,2441686258686618187,EXHAUSTIVE_GROUPED_BY_R,0.012433046666666666,538a12882af7d354,,,true,0
s2-07b,formal,BCH-S200,200,285,SEGMENTED,1,28,6,NONE,100,17,1700,1700,340000,35400,1700,0.10411764705882352,1,0,1,0,1,0,3,15,0,0,3,6,0,false,false,0.99774541298968455,1,2026072607,4017947825915577414,2441686258686618187,2441686258686618187,EXHAUSTIVE_GROUPED_BY_R,0.012433046666666666,538a12882af7d354,,,true,0
s2-07b,formal,BCH-S200,200,285,SEGMENTED,1,28,7,NONE,100,17,1700,1700,340000,35400,1700,0.10411764705882352,1,0,1,0,1,0,3,15,0,0,3,7,0,false,false,0.99774541298968455,1,2026072607,4017947825915577414,2441686258686618187,2441686258686618187,EXHAUSTIVE_GROUPED_BY_R,0.012433046666666666,538a12882af7d354,,,true,0
s2-07b,formal,BCH-S200,200,285,SEGMENTED,1,28,8,NONE,100,17,1700,1700,340000,31900,1700,0.093823529411764708,1,0,1,0,1,0,3,15,0,0,3,8,0,false,false,0.99774541298968455,1,2026072607,4017947825915577414,2441686258686618187,2441686258686618187,EXHAUSTIVE_GROUPED_BY_R,0.012433046666666666,538a12882af7d354,,,true,0
s2-07b,formal,BCH-S200,200,285,SEGMENTED,1,28,9,NONE,100,17,1700,1700,340000,33500,1700,0.098529411764705879,1,0,1,0,1,0,3,15,0,0,3,9,0,false,false,0.99774541298968455,1,2026072607,4017947825915577414,2441686258686618187,2441686258686618187,EXHAUSTIVE_GROUPED_BY_R,0.012433046666666666,538a12882af7d354,,,true,0
s2-07b,formal,BCH-S200,200,285,SEGMENTED,1,28,10,NONE,100,17,1700,1700,340000,36700,1700,0.10794117647058823,1,0,1,0,1,0,3,15,0,0,3,10,0,false,false,0.99774541298968455,1,2026072607,4017947825915577414,2441686258686618187,2441686258686618187,EXHAUSTIVE_GROUPED_BY_R,0.012433046666666666,538a12882af7d354,,,true,0
s2-07b,formal,BCH-S200,200,285,SEGMENTED,1,28,11,NONE,100,17,1700,1700,340000,33400,1700,0.09823529411764706,1,0,1,0,1,0,3,15,0,0,3,11,0,false,false,0.99774541298968455,1,2026072607,4017947825915577414,2441686258686618187,2441686258686618187,EXHAUSTIVE_GROUPED_BY_R,0.012433046666666666,538a12882af7d354,,,true,0
s2-07b,formal,BCH-S200,200,285,SEGMENTED,1,28,12,NONE,100,17,1700,1700,340000,35000,1700,0.10294117647058823,1,0,1,0,1,0,3,15,0,0,3,12,0,false,false,0.99774541298968455,1,2026072607,4017947825915577414,2441686258686618187,2441686258686618187,EXHAUSTIVE_GROUPED_BY_R,0.012433046666666666,538a12882af7d354,,,true,0
s2-07b,formal,BCH-S200,200,285,SEGMENTED,1,28,13,NONE,100,17,1700,1700,340000,36600,1700,0.10764705882352942,1,0,1,0,1,0,3,15,0,0,3,13,0,false,false,0.99774541298968455,1,2026072607,4017947825915577414,2441686258686618187,2441686258686618187,EXHAUSTIVE_GROUPED_BY_R,0.012433046666666666,538a12882af7d354,,,true,0
s2-07b,formal,BCH-S200,200,285,SEGMENTED,1,28,14,NONE,100,17,1700,1700,340000,34900,1700,0.10264705882352941,1,0,1,0,1,0,3,15,0,1,2,14,0,false,false,0.99774541298968455,1,2026072607,4017947825915577414,2441686258686618187,2441686258686618187,EXHAUSTIVE_GROUPED_BY_R,0.012433046666666666,538a12882af7d354,,,true,0
s2-07b,formal,BCH-S200,200,285,SEGMENTED,1,29,0,NONE,100,18,1800,1800,360000,38700,1800,0.1075,1,0,1,0,1,0,2,15,0,0,2,0,0,false,false,0.99787040108103198,1,2026072607,4017947825915577414,18067399469375152267,18067399469375152267,EXHAUSTIVE_GROUPED_BY_R,0.012521260000000001,408f14e566e3abd7,,,true,0
s2-07b,formal,BCH-S200,200,285,SEGMENTED,1,29,1,NONE,100,18,1800,1800,360000,38700,1800,0.1075,1,0,1,0,1,0,2,15,0,0,2,1,0,false,false,0.99787040108103198,1,2026072607,4017947825915577414,18067399469375152267,18067399469375152267,EXHAUSTIVE_GROUPED_BY_R,0.012521260000000001,408f14e566e3abd7,,,true,0
s2-07b,formal,BCH-S200,200,285,SEGMENTED,1,29,2,NONE,100,17,1700,1700,340000,34000,1700,0.10000000000000001,1,0,1,0,1,0,3,15,0,1,2,2,0,false,false,0.99774541298968455,1,2026072607,4017947825915577414,18067399469375152267,18067399469375152267,EXHAUSTIVE_GROUPED_BY_R,0.012521260000000001,408f14e566e3abd7,,,true,0
s2-07b,formal,BCH-S200,200,285,SEGMENTED,1,29,3,NONE,100,17,1700,1700,340000,34000,1700,0.10000000000000001,1,0,1,0,1,0,3,15,0,0,3,3,0,false,false,0.99774541298968455,1,2026072607,4017947825915577414,18067399469375152267,18067399469375152267,EXHAUSTIVE_GROUPED_BY_R,0.012521260000000001,408f14e566e3abd7,,,true,0
s2-07b,formal,BCH-S200,200,285,SEGMENTED,1,29,4,NONE,100,17,1700,1700,340000,35500,1700,0.10441176470588236,1,0,1,0,1,0,3,15,0,0,3,4,0,false,false,0.99774541298968455,1,2026072607,4017947825915577414,18067399469375152267,18067399469375152267,EXHAUSTIVE_GROUPED_BY_R,0.012521260000000001,408f14e566e3abd7,,,true,0
s2-07b,formal,BCH-S200,200,285,SEGMENTED,1,29,5,NONE,100,17,1700,1700,340000,37100,1700,0.10911764705882353,1,0,1,0,1,0,3,15,0,0,3,5,0,false,false,0.99774541298968455,1,2026072607,4017947825915577414,18067399469375152267,18067399469375152267,EXHAUSTIVE_GROUPED_BY_R,0.012521260000000001,408f14e566e3abd7,,,true,0
s2-07b,formal,BCH-S200,200,285,SEGMENTED,1,29,6,NONE,100,17,1700,1700,340000,35400,1700,0.10411764705882352,1,0,1,0,1,0,3,15,0,0,3,6,0,false,false,0.99774541298968455,1,2026072607,4017947825915577414,18067399469375152267,18067399469375152267,EXHAUSTIVE_GROUPED_BY_R,0.012521260000000001,408f14e566e3abd7,,,true,0
s2-07b,formal,BCH-S200,200,285,SEGMENTED,1,29,7,NONE,100,17,1700,1700,340000,37000,1700,0.10882352941176471,1,0,1,0,1,0,3,15,0,0,3,7,0,false,false,0.99774541298968455,1,2026072607,4017947825915577414,18067399469375152267,18067399469375152267,EXHAUSTIVE_GROUPED_BY_R,0.012521260000000001,408f14e566e3abd7,,,true,0
s2-07b,formal,BCH-S200,200,285,SEGMENTED,1,29,8,NONE,100,17,1700,1700,340000,31800,1700,0.093529411764705889,1,0,1,0,1,0,3,15,0,0,3,8,0,false,false,0.99774541298968455,1,2026072607,4017947825915577414,18067399469375152267,18067399469375152267,EXHAUSTIVE_GROUPED_BY_R,0.012521260000000001,408f14e566e3abd7,,,true,0
s2-07b,formal,BCH-S200,200,285,SEGMENTED,1,29,9,NONE,100,17,1700,1700,340000,38400,1700,0.11294117647058824,1,0,1,0,1,0,3,15,0,0,3,9,0,false,false,0.99774541298968455,1,2026072607,4017947825915577414,18067399469375152267,18067399469375152267,EXHAUSTIVE_GROUPED_BY_R,0.012521260000000001,408f14e566e3abd7,,,true,0
s2-07b,formal,BCH-S200,200,285,SEGMENTED,1,29,10,NONE,100,17,1700,1700,340000,35100,1700,0.10323529411764706,1,0,1,0,1,0,3,15,0,0,3,10,0,false,false,0.99774541298968455,1,2026072607,4017947825915577414,18067399469375152267,18067399469375152267,EXHAUSTIVE_GROUPED_BY_R,0.012521260000000001,408f14e566e3abd7,,,true,0
s2-07b,formal,BCH-S200,200,285,SEGMENTED,1,29,11,NONE,100,17,1700,1700,340000,35000,1700,0.10294117647058823,1,0,1,0,1,0,3,15,0,0,3,11,0,false,false,0.99774541298968455,1,2026072607,4017947825915577414,18067399469375152267,18067399469375152267,EXHAUSTIVE_GROUPED_BY_R,0.012521260000000001,408f14e566e3abd7,,,true,0
s2-07b,formal,BCH-S200,200,285,SEGMENTED,1,29,12,NONE,100,17,1700,1700,340000,36600,1700,0.10764705882352942,1,0,1,0,1,0,3,15,0,0,3,12,0,false,false,0.99774541298968455,1,2026072607,4017947825915577414,18067399469375152267,18067399469375152267,EXHAUSTIVE_GROUPED_BY_R,0.012521260000000001,408f14e566e3abd7,,,true,0
s2-07b,formal,BCH-S200,200,285,SEGMENTED,1,29,13,NONE,100,17,1700,1700,340000,36600,1700,0.10764705882352942,1,0,1,0,1,0,3,15,0,0,3,13,0,false,false,0.99774541298968455,1,2026072607,4017947825915577414,18067399469375152267,18067399469375152267,EXHAUSTIVE_GROUPED_BY_R,0.012521260000000001,408f14e566e3abd7,,,true,0
s2-07b,formal,BCH-S200,200,285,SEGMENTED,1,29,14,NONE,100,17,1700,1700,340000,34900,1700,0.10264705882352941,1,0,1,0,1,0,3,15,0,1,2,14,0,false,false,0.99774541298968455,1,2026072607,4017947825915577414,18067399469375152267,18067399469375152267,EXHAUSTIVE_GROUPED_BY_R,0.012521260000000001,408f14e566e3abd7,,,true,0
s2-07b,formal,BCH-S200,200,285,SEGMENTED,1,30,0,NONE,100,18,1800,1800,360000,38700,1800,0.1075,1,0,1,0,1,0,2,15,0,0,2,0,0,false,false,0.99787040108103198,1,2026072607,4017947825915577414,7734322170232722805,7734322170232722805,EXHAUSTIVE_GROUPED_BY_R,0.011162399999999999,7bd595607fbbc23b,,,true,0
s2-07b,formal,BCH-S200,200,285,SEGMENTED,1,30,1,NONE,100,17,1700,1700,340000,37400,1700,0.11,1,0,1,0,1,0,3,15,0,1,2,1,0,false,false,0.99774541298968455,1,2026072607,4017947825915577414,7734322170232722805,7734322170232722805,EXHAUSTIVE_GROUPED_BY_R,0.011162399999999999,7bd595607fbbc23b,,,true,0
s2-07b,formal,BCH-S200,200,285,SEGMENTED,1,30,2,NONE,100,17,1700,1700,340000,37400,1700,0.11,1,0,1,0,1,0,3,15,0,0,3,2,0,false,false,0.99774541298968455,1,2026072607,4017947825915577414,7734322170232722805,7734322170232722805,EXHAUSTIVE_GROUPED_BY_R,0.011162399999999999,7bd595607fbbc23b,,,true,0
s2-07b,formal,BCH-S200,200,285,SEGMENTED,1,30,3,NONE,100,17,1700,1700,340000,37200,1700,0.10941176470588235,1,0,1,0,1,0,3,15,0,0,3,3,0,false,false,0.99774541298968455,1,2026072607,4017947825915577414,7734322170232722805,7734322170232722805,EXHAUSTIVE_GROUPED_BY_R,0.011162399999999999,7bd595607fbbc23b,,,true,0
s2-07b,formal,BCH-S200,200,285,SEGMENTED,1,30,4,NONE,100,17,1700,1700,340000,37100,1700,0.10911764705882353,1,0,1,0,1,0,3,15,0,0,3,4,0,false,false,0.99774541298968455,1,2026072607,4017947825915577414,7734322170232722805,7734322170232722805,EXHAUSTIVE_GROUPED_BY_R,0.011162399999999999,7bd595607fbbc23b,,,true,0
s2-07b,formal,BCH-S200,200,285,SEGMENTED,1,30,5,NONE,100,17,1700,1700,340000,37100,1700,0.10911764705882353,1,0,1,0,1,0,3,15,0,0,3,5,0,false,false,0.99774541298968455,1,2026072607,4017947825915577414,7734322170232722805,7734322170232722805,EXHAUSTIVE_GROUPED_BY_R,0.011162399999999999,7bd595607fbbc23b,,,true,0
s2-07b,formal,BCH-S200,200,285,SEGMENTED,1,30,6,NONE,100,17,1700,1700,340000,37000,1700,0.10882352941176471,1,0,1,0,1,0,3,15,0,0,3,6,0,false,false,0.99774541298968455,1,2026072607,4017947825915577414,7734322170232722805,7734322170232722805,EXHAUSTIVE_GROUPED_BY_R,0.011162399999999999,7bd595607fbbc23b,,,true,0
s2-07b,formal,BCH-S200,200,285,SEGMENTED,1,30,7,NONE,100,17,1700,1700,340000,36900,1700,0.10852941176470589,1,0,1,0,1,0,3,15,0,0,3,7,0,false,false,0.99774541298968455,1,2026072607,4017947825915577414,7734322170232722805,7734322170232722805,EXHAUSTIVE_GROUPED_BY_R,0.011162399999999999,7bd595607fbbc23b,,,true,0
s2-07b,formal,BCH-S200,200,285,SEGMENTED,1,30,8,NONE,100,17,1700,1700,340000,36700,1700,0.10794117647058823,1,0,1,0,1,0,3,15,0,0,3,8,0,false,false,0.99774541298968455,1,2026072607,4017947825915577414,7734322170232722805,7734322170232722805,EXHAUSTIVE_GROUPED_BY_R,0.011162399999999999,7bd595607fbbc23b,,,true,0
s2-07b,formal,BCH-S200,200,285,SEGMENTED,1,30,9,NONE,100,17,1700,1700,340000,36800,1700,0.10823529411764705,1,0,1,0,1,0,3,15,0,0,3,9,0,false,false,0.99774541298968455,1,2026072607,4017947825915577414,7734322170232722805,7734322170232722805,EXHAUSTIVE_GROUPED_BY_R,0.011162399999999999,7bd595607fbbc23b,,,true,0
s2-07b,formal,BCH-S200,200,285,SEGMENTED,1,30,10,NONE,100,17,1700,1700,340000,36700,1700,0.10794117647058823,1,0,1,0,1,0,3,15,0,0,3,10,0,false,false,0.99774541298968455,1,2026072607,4017947825915577414,7734322170232722805,7734322170232722805,EXHAUSTIVE_GROUPED_BY_R,0.011162399999999999,7bd595607fbbc23b,,,true,0
s2-07b,formal,BCH-S200,200,285,SEGMENTED,1,30,11,NONE,100,17,1700,1700,340000,36600,1700,0.10764705882352942,1,0,1,0,1,0,3,15,0,0,3,11,0,false,false,0.99774541298968455,1,2026072607,4017947825915577414,7734322170232722805,7734322170232722805,EXHAUSTIVE_GROUPED_BY_R,0.011162399999999999,7bd595607fbbc23b,,,true,0
s2-07b,formal,BCH-S200,200,285,SEGMENTED,1,30,12,NONE,100,17,1700,1700,340000,36600,1700,0.10764705882352942,1,0,1,0,1,0,3,15,0,0,3,12,0,false,false,0.99774541298968455,1,2026072607,4017947825915577414,7734322170232722805,7734322170232722805,EXHAUSTIVE_GROUPED_BY_R,0.011162399999999999,7bd595607fbbc23b,,,true,0
s2-07b,formal,BCH-S200,200,285,SEGMENTED,1,30,13,NONE,100,17,1700,1700,340000,36600,1700,0.10764705882352942,1,0,1,0,1,0,3,15,0,0,3,13,0,false,false,0.99774541298968455,1,2026072607,4017947825915577414,7734322170232722805,7734322170232722805,EXHAUSTIVE_GROUPED_BY_R,0.011162399999999999,7bd595607fbbc23b,,,true,0
s2-07b,formal,BCH-S200,200,285,SEGMENTED,1,30,14,NONE,100,17,1700,1700,340000,36500,1700,0.10735294117647058,1,0,1,0,1,0,3,15,0,1,2,14,0,false,false,0.99774541298968455,1,2026072607,4017947825915577414,7734322170232722805,7734322170232722805,EXHAUSTIVE_GROUPED_BY_R,0.011162399999999999,7bd595607fbbc23b,,,true,0
s2-07b,formal,BCH-S300,300,420,SEGMENTED,1,1,0,NONE,100,28,2800,2800,840000,0,0,0,0,1,1,0,0,0,1,1,1,1,0,,405,true,true,0,0.0013700699119806356,2026072607,10005808911069659570,10848967929944152390,10848967929944152390,EXHAUSTIVE_GROUPED_BY_R,0.030135433333333333,fd28e2e0c102bdfc,,,true,0
s2-07b,formal,BCH-S300,300,420,SEGMENTED,1,1,1,NONE,100,28,2800,2800,840000,0,0,0,0,1,1,0,0,0,1,1,1,1,0,,406,true,true,0,0.0013700699119806356,2026072607,10005808911069659570,10848967929944152390,10848967929944152390,EXHAUSTIVE_GROUPED_BY_R,0.030135433333333333,fd28e2e0c102bdfc,,,true,0
s2-07b,formal,BCH-S300,300,420,SEGMENTED,1,1,2,NONE,100,28,2800,2800,840000,0,0,0,0,1,1,0,0,0,1,1,1,1,0,,407,true,true,0,0.0013700699119806356,2026072607,10005808911069659570,10848967929944152390,10848967929944152390,EXHAUSTIVE_GROUPED_BY_R,0.030135433333333333,fd28e2e0c102bdfc,,,true,0
s2-07b,formal,BCH-S300,300,420,SEGMENTED,1,1,3,NONE,100,28,2800,2800,840000,0,0,0,0,1,1,0,0,0,1,1,1,1,0,,408,true,true,0,0.0013700699119806356,2026072607,10005808911069659570,10848967929944152390,10848967929944152390,EXHAUSTIVE_GROUPED_BY_R,0.030135433333333333,fd28e2e0c102bdfc,,,true,0
s2-07b,formal,BCH-S300,300,420,SEGMENTED,1,1,4,NONE,100,28,2800,2800,840000,0,0,0,0,1,1,0,0,0,1,1,1,1,0,,409,true,true,0,0.0013700699119806356,2026072607,10005808911069659570,10848967929944152390,10848967929944152390,EXHAUSTIVE_GROUPED_BY_R,0.030135433333333333,fd28e2e0c102bdfc,,,true,0
s2-07b,formal,BCH-S300,300,420,SEGMENTED,1,1,5,NONE,100,28,2800,2800,840000,0,0,0,0,1,1,0,0,0,1,1,1,1,0,,410,true,true,0,0.0013700699119806356,2026072607,10005808911069659570,10848967929944152390,10848967929944152390,EXHAUSTIVE_GROUPED_BY_R,0.030135433333333333,fd28e2e0c102bdfc,,,true,0
s2-07b,formal,BCH-S300,300,420,SEGMENTED,1,1,6,NONE,100,28,2800,2800,840000,0,0,0,0,1,1,0,0,0,1,1,1,1,0,,411,true,true,0,0.0013700699119806356,2026072607,10005808911069659570,10848967929944152390,10848967929944152390,EXHAUSTIVE_GROUPED_BY_R,0.030135433333333333,fd28e2e0c102bdfc,,,true,0
s2-07b,formal,BCH-S300,300,420,SEGMENTED,1,1,7,NONE,100,28,2800,2800,840000,0,0,0,0,1,1,0,0,0,1,1,1,1,0,,412,true,true,0,0.0013700699119806356,2026072607,10005808911069659570,10848967929944152390,10848967929944152390,EXHAUSTIVE_GROUPED_BY_R,0.030135433333333333,fd28e2e0c102bdfc,,,true,0
s2-07b,formal,BCH-S300,300,420,SEGMENTED,1,1,8,NONE,100,28,2800,2800,840000,0,0,0,0,1,1,0,0,0,1,1,1,1,0,,413,true,true,0,0.0013700699119806356,2026072607,10005808911069659570,10848967929944152390,10848967929944152390,EXHAUSTIVE_GROUPED_BY_R,0.030135433333333333,fd28e2e0c102bdfc,,,true,0
s2-07b,formal,BCH-S300,300,420,SEGMENTED,1,1,9,NONE,100,28,2800,2800,840000,0,0,0,0,1,1,0,0,0,1,1,1,1,0,,414,true,true,0,0.0013700699119806356,2026072607,10005808911069659570,10848967929944152390,10848967929944152390,EXHAUSTIVE_GROUPED_BY_R,0.030135433333333333,fd28e2e0c102bdfc,,,true,0
s2-07b,formal,BCH-S300,300,420,SEGMENTED,1,1,10,NONE,100,28,2800,2800,840000,0,0,0,0,1,1,0,0,0,1,1,1,1,0,,415,true,true,0,0.0013700699119806356,2026072607,10005808911069659570,10848967929944152390,10848967929944152390,EXHAUSTIVE_GROUPED_BY_R,0.030135433333333333,fd28e2e0c102bdfc,,,true,0
s2-07b,formal,BCH-S300,300,420,SEGMENTED,1,1,11,NONE,100,28,2800,2800,840000,0,0,0,0,1,1,0,0,0,1,1,1,1,0,,416,true,true,0,0.0013700699119806356,2026072607,10005808911069659570,10848967929944152390,10848967929944152390,EXHAUSTIVE_GROUPED_BY_R,0.030135433333333333,fd28e2e0c102bdfc,,,true,0
s2-07b,formal,BCH-S300,300,420,SEGMENTED,1,1,12,NONE,100,28,2800,2800,840000,0,0,0,0,1,1,0,0,0,1,1,1,1,0,,417,true,true,0,0.0013700699119806356,2026072607,10005808911069659570,10848967929944152390,10848967929944152390,EXHAUSTIVE_GROUPED_BY_R,0.030135433333333333,fd28e2e0c102bdfc,,,true,0
s2-07b,formal,BCH-S300,300,420,SEGMENTED,1,1,13,NONE,100,28,2800,2800,840000,0,0,0,0,1,1,0,0,0,1,1,1,1,0,,418,true,true,0,0.0013700699119806356,2026072607,10005808911069659570,10848967929944152390,10848967929944152390,EXHAUSTIVE_GROUPED_BY_R,0.030135433333333333,fd28e2e0c102bdfc,,,true,0
s2-07b,formal,BCH-S300,300,420,SEGMENTED,1,1,14,NONE,100,28,2800,2800,840000,0,0,0,0,1,1,0,0,0,1,1,1,1,0,,419,true,true,0,0.0013700699119806356,2026072607,10005808911069659570,10848967929944152390,10848967929944152390,EXHAUSTIVE_GROUPED_BY_R,0.030135433333333333,fd28e2e0c102bdfc,,,true,0
s2-07b,formal,BCH-S300,300,420,SEGMENTED,1,2,0,NONE,100,28,2800,2800,840000,5600,2800,0.0066666666666666671,1,0,1,0,1,0,1,2,0,0,1,0,0,false,false,0.99862993008801926,1,2026072607,10005808911069659570,13533003870586228306,13533003870586228306,EXHAUSTIVE_GROUPED_BY_R,0.028501160000000001,29ec59531d14acbb,,,true,0
s2-07b,formal,BCH-S300,300,420,SEGMENTED,1,2,1,NONE,100,28,2800,2800,840000,5600,2800,0.0066666666666666671,1,0,1,0,1,0,1,2,0,0,1,1,0,false,false,0.99862993008801926,1,2026072607,10005808911069659570,13533003870586228306,13533003870586228306,EXHAUSTIVE_GROUPED_BY_R,0.028501160000000001,29ec59531d14acbb,,,true,0
s2-07b,formal,BCH-S300,300,420,SEGMENTED,1,2,2,NONE,100,28,2800,2800,840000,5500,2800,0.0065476190476190478,1,0,1,0,1,0,1,2,0,0,1,2,0,false,false,0.99862993008801926,1,2026072607,10005808911069659570,13533003870586228306,13533003870586228306,EXHAUSTIVE_GROUPED_BY_R,0.028501160000000001,29ec59531d14acbb,,,true,0
s2-07b,formal,BCH-S300,300,420,SEGMENTED,1,2,3,NONE,100,28,2800,2800,840000,8200,2800,0.0097619047619047616,1,0,1,0,1,0,1,2,0,0,1,3,0,false,false,0.99862993008801926,1,2026072607,10005808911069659570,13533003870586228306,13533003870586228306,EXHAUSTIVE_GROUPED_BY_R,0.028501160000000001,29ec59531d14acbb,,,true,0
s2-07b,formal,BCH-S300,300,420,SEGMENTED,1,2,4,NONE,100,28,2800,2800,840000,8200,2800,0.0097619047619047616,1,0,1,0,1,0,1,2,0,0,1,4,0,false,false,0.99862993008801926,1,2026072607,10005808911069659570,13533003870586228306,13533003870586228306,EXHAUSTIVE_GROUPED_BY_R,0.028501160000000001,29ec59531d14acbb,,,true,0
s2-07b,formal,BCH-S300,300,420,SEGMENTED,1,2,5,NONE,100,28,2800,2800,840000,8200,2800,0.0097619047619047616,1,0,1,0,1,0,1,2,0,0,1,5,0,false,false,0.99862993008801926,1,2026072607,10005808911069659570,13533003870586228306,13533003870586228306,EXHAUSTIVE_GROUPED_BY_R,0.028501160000000001,29ec59531d14acbb,,,true,0
s2-07b,formal,BCH-S300,300,420,SEGMENTED,1,2,6,NONE,100,28,2800,2800,840000,8100,2700,0.0096428571428571423,0.9642857142857143,0.035714285714285712,1,0,0.9642857142857143,0,1,2,0,0,1,6,411,false,false,0.95675119331233349,0.97054802748368452,2026072607,10005808911069659570,13533003870586228306,13533003870586228306,EXHAUSTIVE_GROUPED_BY_R,0.028501160000000001,29ec59531d14acbb,,,true,0
s2-07b,formal,BCH-S300,300,420,SEGMENTED,1,2,7,NONE,100,28,2800,2800,840000,8100,2700,0.0096428571428571423,0.9642857142857143,0.035714285714285712,1,0,0.9642857142857143,0,1,2,0,0,1,7,412,false,false,0.95675119331233349,0.97054802748368452,2026072607,10005808911069659570,13533003870586228306,13533003870586228306,EXHAUSTIVE_GROUPED_BY_R,0.028501160000000001,29ec59531d14acbb,,,true,0
s2-07b,formal,BCH-S300,300,420,SEGMENTED,1,2,8,NONE,100,28,2800,2800,840000,8100,2700,0.0096428571428571423,0.9642857142857143,0.035714285714285712,1,0,0.9642857142857143,0,1,2,0,0,1,8,413,false,false,0.95675119331233349,0.97054802748368452,2026072607,10005808911069659570,13533003870586228306,13533003870586228306,EXHAUSTIVE_GROUPED_BY_R,0.028501160000000001,29ec59531d14acbb,,,true,0
s2-07b,formal,BCH-S300,300,420,SEGMENTED,1,2,9,NONE,100,28,2800,2800,840000,8100,2700,0.0096428571428571423,0.9642857142857143,0.035714285714285712,1,0,0.9642857142857143,0,1,2,0,0,1,9,414,false,false,0.95675119331233349,0.97054802748368452,2026072607,10005808911069659570,13533003870586228306,13533003870586228306,EXHAUSTIVE_GROUPED_BY_R,0.028501160000000001,29ec59531d14acbb,,,true,0
s2-07b,formal,BCH-S300,300,420,SEGMENTED,1,2,10,NONE,100,28,2800,2800,840000,5400,2700,0.0064285714285714285,0.9642857142857143,0.035714285714285712,1,0,0.9642857142857143,0,1,2,0,0,1,10,415,false,false,0.95675119331233349,0.97054802748368452,2026072607,10005808911069659570,13533003870586228306,13533003870586228306,EXHAUSTIVE_GROUPED_BY_R,0.028501160000000001,29ec59531d14acbb,,,true,0
s2-07b,formal,BCH-S300,300,420,SEGMENTED,1,2,11,NONE,100,28,2800,2800,840000,2700,2700,0.0032142857142857142,0.9642857142857143,0.035714285714285712,1,0,0.9642857142857143,0,1,2,0,0,1,11,416,false,false,0.95675119331233349,0.97054802748368452,2026072607,10005808911069659570,13533003870586228306,13533003870586228306,EXHAUSTIVE_GROUPED_BY_R,0.028501160000000001,29ec59531d14acbb,,,true,0
s2-07b,formal,BCH-S300,300,420,SEGMENTED,1,2,12,NONE,100,28,2800,2800,840000,2700,2700,0.0032142857142857142,0.9642857142857143,0.035714285714285712,1,0,0.9642857142857143,0,1,2,0,0,1,12,417,false,false,0.95675119331233349,0.97054802748368452,2026072607,10005808911069659570,13533003870586228306,13533003870586228306,EXHAUSTIVE_GROUPED_BY_R,0.028501160000000001,29ec59531d14acbb,,,true,0
s2-07b,formal,BCH-S300,300,420,SEGMENTED,1,2,13,NONE,100,28,2800,2800,840000,2700,2700,0.0032142857142857142,0.9642857142857143,0.035714285714285712,1,0,0.9642857142857143,0,1,2,0,0,1,13,418,false,false,0.95675119331233349,0.97054802748368452,2026072607,10005808911069659570,13533003870586228306,13533003870586228306,EXHAUSTIVE_GROUPED_BY_R,0.028501160000000001,29ec59531d14acbb,,,true,0
s2-07b,formal,BCH-S300,300,420,SEGMENTED,1,2,14,NONE,100,27,2700,2700,810000,0,0,0,0,1,1,0,0,0,2,1,1,2,0,,404,true,true,1.0842021724855044e-19,0.001420741148916924,2026072607,10005808911069659570,13533003870586228306,13533003870586228306,EXHAUSTIVE_GROUPED_BY_R,0.028501160000000001,29ec59531d14acbb,,,true,0
s2-07b,formal,BCH-S300,300,420,SEGMENTED,1,3,0,NONE,100,28,2800,2800,840000,11100,2800,0.013214285714285715,1,0,1,0,1,0,1,3,0,0,1,0,0,false,false,0.99862993008801926,1,2026072607,10005808911069659570,18142870433938997793,18142870433938997793,EXHAUSTIVE_GROUPED_BY_R,0.029045453333333335,6bfd801ffdf059bb,,,true,0
s2-07b,formal,BCH-S300,300,420,SEGMENTED,1,3,1,NONE,100,28,2800,2800,840000,11000,2800,0.013095238095238096,1,0,1,0,1,0,1,3,0,0,1,1,0,false,false,0.99862993008801926,1,2026072607,10005808911069659570,18142870433938997793,18142870433938997793,EXHAUSTIVE_GROUPED_BY_R,0.029045453333333335,6bfd801ffdf059bb,,,true,0
s2-07b,formal,BCH-S300,300,420,SEGMENTED,1,3,2,NONE,100,28,2800,2800,840000,10900,2800,0.012976190476190476,1,0,1,0,1,0,1,3,0,0,1,2,0,false,false,0.99862993008801926,1,2026072607,10005808911069659570,18142870433938997793,18142870433938997793,EXHAUSTIVE_GROUPED_BY_R,0.029045453333333335,6bfd801ffdf059bb,,,true,0
s2-07b,formal,BCH-S300,300,420,SEGMENTED,1,3,3,NONE,100,28,2800,2800,840000,10800,2700,0.012857142857142857,0.9642857142857143,0.035714285714285712,1,0,0.9642857142857143,0,1,3,0,0,1,3,408,false,false,0.95675119331233349,0.97054802748368452,2026072607,10005808911069659570,18142870433938997793,18142870433938997793,EXHAUSTIVE_GROUPED_BY_R,0.029045453333333335,6bfd801ffdf059bb,,,true,0
s2-07b,formal,BCH-S300,300,420,SEGMENTED,1,3,4,NONE,100,28,2800,2800,840000,8100,2700,0.0096428571428571423,0.9642857142857143,0.035714285714285712,1,0,0.9642857142857143,0,1,3,0,0,1,4,409,false,false,0.95675119331233349,0.97054802748368452,2026072607,10005808911069659570,18142870433938997793,18142870433938997793,EXHAUSTIVE_GROUPED_BY_R,0.029045453333333335,6bfd801ffdf059bb,,,true,0
s2-07b,formal,BCH-S300,300,420,SEGMENTED,1,3,5,NONE,100,28,2800,2800,840000,8100,2700,0.0096428571428571423,0.9642857142857143,0.035714285714285712,1,0,0.9642857142857143,0,1,3,0,0,1,5,410,false,false,0.95675119331233349,0.97054802748368452,2026072607,10005808911069659570,18142870433938997793,18142870433938997793,EXHAUSTIVE_GROUPED_BY_R,0.029045453333333335,6bfd801ffdf059bb,,,true,0
s2-07b,formal,BCH-S300,300,420,SEGMENTED,1,3,6,NONE,100,28,2800,2800,840000,8100,2700,0.0096428571428571423,0.9642857142857143,0.035714285714285712,1,0,0.9642857142857143,0,1,3,0,0,1,6,411,false,false,0.95675119331233349,0.97054802748368452,2026072607,10005808911069659570,18142870433938997793,18142870433938997793,EXHAUSTIVE_GROUPED_BY_R,0.029045453333333335,6bfd801ffdf059bb,,,true,0
s2-07b,formal,BCH-S300,300,420,SEGMENTED,1,3,7,NONE,100,28,2800,2800,840000,8100,2700,0.0096428571428571423,0.9642857142857143,0.035714285714285712,1,0,0.9642857142857143,0,1,3,0,0,1,7,412,false,false,0.95675119331233349,0.97054802748368452,2026072607,10005808911069659570,18142870433938997793,18142870433938997793,EXHAUSTIVE_GROUPED_BY_R,0.029045453333333335,6bfd801ffdf059bb,,,true,0
s2-07b,formal,BCH-S300,300,420,SEGMENTED,1,3,8,NONE,100,28,2800,2800,840000,10900,2800,0.012976190476190476,1,0,1,0,1,0,1,3,0,0,1,8,0,false,false,0.99862993008801926,1,2026072607,10005808911069659570,18142870433938997793,18142870433938997793,EXHAUSTIVE_GROUPED_BY_R,0.029045453333333335,6bfd801ffdf059bb,,,true,0
s2-07b,formal,BCH-S300,300,420,SEGMENTED,1,3,9,NONE,100,28,2800,2800,840000,8200,2800,0.0097619047619047616,1,0,1,0,1,0,1,3,0,0,1,9,0,false,false,0.99862993008801926,1,2026072607,10005808911069659570,18142870433938997793,18142870433938997793,EXHAUSTIVE_GROUPED_BY_R,0.029045453333333335,6bfd801ffdf059bb,,,true,0
s2-07b,formal,BCH-S300,300,420,SEGMENTED,1,3,10,NONE,100,28,2800,2800,840000,5500,2800,0.0065476190476190478,1,0,1,0,1,0,1,3,0,0,1,10,0,false,false,0.99862993008801926,1,2026072607,10005808911069659570,18142870433938997793,18142870433938997793,EXHAUSTIVE_GROUPED_BY_R,0.029045453333333335,6bfd801ffdf059bb,,,true,0
s2-07b,formal,BCH-S300,300,420,SEGMENTED,1,3,11,NONE,100,28,2800,2800,840000,2700,2700,0.0032142857142857142,0.9642857142857143,0.035714285714285712,1,0,0.9642857142857143,0,1,3,0,0,1,11,416,false,false,0.95675119331233349,0.97054802748368452,2026072607,10005808911069659570,18142870433938997793,18142870433938997793,EXHAUSTIVE_GROUPED_BY_R,0.029045453333333335,6bfd801ffdf059bb,,,true,0
s2-07b,formal,BCH-S300,300,420,SEGMENTED,1,3,12,NONE,100,28,2800,2800,840000,2700,2700,0.0032142857142857142,0.9642857142857143,0.035714285714285712,1,0,0.9642857142857143,0,1,3,0,0,1,12,417,false,false,0.95675119331233349,0.97054802748368452,2026072607,10005808911069659570,18142870433938997793,18142870433938997793,EXHAUSTIVE_GROUPED_BY_R,0.029045453333333335,6bfd801ffdf059bb,,,true,0
s2-07b,formal,BCH-S300,300,420,SEGMENTED,1,3,13,NONE,100,27,2700,2700,810000,2700,2700,0.0033333333333333335,1,0,1,0,1,0,2,2,0,1,1,13,0,false,false,0.9985792588510829,0.99999999999999978,2026072607,10005808911069659570,18142870433938997793,18142870433938997793,EXHAUSTIVE_GROUPED_BY_R,0.029045453333333335,6bfd801ffdf059bb,,,true,0
s2-07b,formal,BCH-S300,300,420,SEGMENTED,1,3,14,NONE,100,27,2700,2700,810000,5400,2700,0.0066666666666666671,1,0,1,0,1,0,2,2,0,1,1,14,0,false,false,0.9985792588510829,0.99999999999999978,2026072607,10005808911069659570,18142870433938997793,18142870433938997793,EXHAUSTIVE_GROUPED_BY_R,0.029045453333333335,6bfd801ffdf059bb,,,true,0
s2-07b,formal,BCH-S300,300,420,SEGMENTED,1,4,0,NONE,100,28,2800,2800,840000,13800,2800,0.016428571428571428,1,0,1,0,1,0,1,4,0,0,1,0,0,false,false,0.99862993008801926,1,2026072607,10005808911069659570,17786800579348279966,17786800579348279966,EXHAUSTIVE_GROUPED_BY_R,0.031215506666666667,fecf58e86d92d453,,,true,0
s2-07b,formal,BCH-S300,300,420,SEGMENTED,1,4,1,NONE,100,28,2800,2800,840000,13700,2800,0.016309523809523808,1,0,1,0,1,0,1,4,0,0,1,1,0,false,false,0.99862993008801926,1,2026072607,10005808911069659570,17786800579348279966,17786800579348279966,EXHAUSTIVE_GROUPED_BY_R,0.031215506666666667,fecf58e86d92d453,,,true,0
s2-07b,formal,BCH-S300,300,420,SEGMENTED,1,4,2,NONE,100,28,2800,2800,840000,13600,2800,0.016190476190476189,1,0,1,0,1,0,1,4,0,0,1,2,0,false,false,0.99862993008801926,1,2026072607,10005808911069659570,17786800579348279966,17786800579348279966,EXHAUSTIVE_GROUPED_BY_R,0.031215506666666667,fecf58e86d92d453,,,true,0
s2-07b,formal,BCH-S300,300,420,SEGMENTED,1,4,3,NONE,100,28,2800,2800,840000,13500,2700,0.01607142857142857,0.9642857142857143,0.035714285714285712,1,0,0.9642857142857143,0,1,4,0,0,1,3,408,false,false,0.95675119331233349,0.97054802748368452,2026072607,10005808911069659570,17786800579348279966,17786800579348279966,EXHAUSTIVE_GROUPED_BY_R,0.031215506666666667,fecf58e86d92d453,,,true,0
s2-07b,formal,BCH-S300,300,420,SEGMENTED,1,4,4,NONE,100,28,2800,2800,840000,13500,2700,0.01607142857142857,0.9642857142857143,0.035714285714285712,1,0,0.9642857142857143,0,1,4,0,0,1,4,409,false,false,0.95675119331233349,0.97054802748368452,2026072607,10005808911069659570,17786800579348279966,17786800579348279966,EXHAUSTIVE_GROUPED_BY_R,0.031215506666666667,fecf58e86d92d453,,,true,0
s2-07b,formal,BCH-S300,300,420,SEGMENTED,1,4,5,NONE,100,28,2800,2800,840000,10800,2700,0.012857142857142857,0.9642857142857143,0.035714285714285712,1,0,0.9642857142857143,0,1,4,0,0,1,5,410,false,false,0.95675119331233349,0.97054802748368452,2026072607,10005808911069659570,17786800579348279966,17786800579348279966,EXHAUSTIVE_GROUPED_BY_R,0.031215506666666667,fecf58e86d92d453,,,true,0
s2-07b,formal,BCH-S300,300,420,SEGMENTED,1,4,6,NONE,100,28,2800,2800,840000,10800,2700,0.012857142857142857,0.9642857142857143,0.035714285714285712,1,0,0.9642857142857143,0,1,4,0,0,1,6,411,false,false,0.95675119331233349,0.97054802748368452,2026072607,10005808911069659570,17786800579348279966,17786800579348279966,EXHAUSTIVE_GROUPED_BY_R,0.031215506666666667,fecf58e86d92d453,,,true,0
s2-07b,formal,BCH-S300,300,420,SEGMENTED,1,4,7,NONE,100,28,2800,2800,840000,10800,2700,0.012857142857142857,0.9642857142857143,0.035714285714285712,1,0,0.9642857142857143,0,1,4,0,0,1,7,412,false,false,0.95675119331233349,0.97054802748368452,2026072607,10005808911069659570,17786800579348279966,17786800579348279966,EXHAUSTIVE_GROUPED_BY_R,0.031215506666666667,fecf58e86d92d453,,,true,0
s2-07b,formal,BCH-S300,300,420,SEGMENTED,1,4,8,NONE,100,28,2800,2800,840000,8100,2700,0.0096428571428571423,0.9642857142857143,0.035714285714285712,1,0,0.9642857142857143,0,1,4,0,0,1,8,413,false,false,0.95675119331233349,0.97054802748368452,2026072607,10005808911069659570,17786800579348279966,17786800579348279966,EXHAUSTIVE_GROUPED_BY_R,0.031215506666666667,fecf58e86d92d453,,,true,0
s2-07b,formal,BCH-S300,300,420,SEGMENTED,1,4,9,NONE,100,28,2800,2800,840000,8200,2800,0.0097619047619047616,1,0,1,0,1,0,1,4,0,0,1,9,0,false,false,0.99862993008801926,1,2026072607,10005808911069659570,17786800579348279966,17786800579348279966,EXHAUSTIVE_GROUPED_BY_R,0.031215506666666667,fecf58e86d92d453,,,true,0
s2-07b,formal,BCH-S300,300,420,SEGMENTED,1,4,10,NONE,100,28,2800,2800,840000,5500,2800,0.0065476190476190478,1,0,1,0,1,0,1,4,0,0,1,10,0,false,false,0.99862993008801926,1,2026072607,10005808911069659570,17786800579348279966,17786800579348279966,EXHAUSTIVE_GROUPED_BY_R,0.031215506666666667,fecf58e86d92d453,,,true,0
s2-07b,formal,BCH-S300,300,420,SEGMENTED,1,4,11,NONE,100,28,2800,2800,840000,2800,2800,0.0033333333333333335,1,0,1,0,1,0,1,4,0,0,1,11,0,false,false,0.99862993008801926,1,2026072607,10005808911069659570,17786800579348279966,17786800579348279966,EXHAUSTIVE_GROUPED_BY_R,0.031215506666666667,fecf58e86d92d453,,,true,0
s2-07b,formal,BCH-S300,300,420,SEGMENTED,1,4,12,NONE,100,27,2700,2700,810000,2700,2700,0.0033333333333333335,1,0,1,0,1,0,2,3,0,1,1,12,0,false,false,0.9985792588510829,0.99999999999999978,2026072607,10005808911069659570,17786800579348279966,17786800579348279966,EXHAUSTIVE_GROUPED_BY_R,0.031215506666666667,fecf58e86d92d453,,,true,0
s2-07b,formal,BCH-S300,300,420,SEGMENTED,1,4,13,NONE,100,27,2700,2700,810000,8100,2700,0.01,1,0,1,0,1,0,2,2,0,0,2,13,0,false,false,0.9985792588510829,0.99999999999999978,2026072607,10005808911069659570,17786800579348279966,17786800579348279966,EXHAUSTIVE_GROUPED_BY_R,0.031215506666666667,fecf58e86d92d453,,,true,0
s2-07b,formal,BCH-S300,300,420,SEGMENTED,1,4,14,NONE,100,27,2700,2700,810000,10700,2700,0.013209876543209877,1,0,1,0,1,0,2,3,0,1,1,14,0,false,false,0.9985792588510829,0.99999999999999978,2026072607,10005808911069659570,17786800579348279966,17786800579348279966,EXHAUSTIVE_GROUPED_BY_R,0.031215506666666667,fecf58e86d92d453,,,true,0
s2-07b,formal,BCH-S300,300,420,SEGMENTED,1,5,0,NONE,100,28,2800,2800,840000,13800,2800,0.016428571428571428,1,0,1,0,1,0,1,5,0,0,1,0,0,false,false,0.99862993008801926,1,2026072607,10005808911069659570,3922052907045332478,3922052907045332478,EXHAUSTIVE_GROUPED_BY_R,0.029337606666666668,39df3825000beae4,,,true,0
s2-07b,formal,BCH-S300,300,420,SEGMENTED,1,5,1,NONE,100,28,2800,2800,840000,13700,2800,0.016309523809523808,1,0,1,0,1,0,1,5,0,0,1,1,0,false,false,0.99862993008801926,1,2026072607,10005808911069659570,3922052907045332478,3922052907045332478,EXHAUSTIVE_GROUPED_BY_R,0.029337606666666668,39df3825000beae4,,,true,0
s2-07b,formal,BCH-S300,300,420,SEGMENTED,1,5,2,NONE,100,28,2800,2800,840000,16400,2800,0.019523809523809523,1,0,1,0,1,0,1,5,0,0,1,2,0,false,false,0.99862993008801926,1,2026072607,10005808911069659570,3922052907045332478,3922052907045332478,EXHAUSTIVE_GROUPED_BY_R,0.029337606666666668,39df3825000beae4,,,true,0
s2-07b,formal,BCH-S300,300,420,SEGMENTED,1,5,3,NONE,100,28,2800,2800,840000,16300,2800,0.019404761904761904,1,0,1,0,1,0,1,5,0,0,1,3,0,false,false,0.99862993008801926,1,2026072607,10005808911069659570,3922052907045332478,3922052907045332478,EXHAUSTIVE_GROUPED_BY_R,0.029337606666666668,39df3825000beae4,,,true,0
s2-07b,formal,BCH-S300,300,420,SEGMENTED,1,5,4,NONE,100,28,2800,2800,840000,16300,2800,0.019404761904761904,1,0,1,0,1,0,1,5,0,0,1,4,0,false,false,0.99862993008801926,1,2026072607,10005808911069659570,3922052907045332478,3922052907045332478,EXHAUSTIVE_GROUPED_BY_R,0.029337606666666668,39df3825000beae4,,,true,0
s2-07b,formal,BCH-S300,300,420,SEGMENTED,1,5,5,NONE,100,28,2800,2800,840000,16200,2700,0.019285714285714285,0.9642857142857143,0.035714285714285712,1,0,0.9642857142857143,0,1,5,0,0,1,5,410,false,false,0.95675119331233349,0.97054802748368452,2026072607,10005808911069659570,3922052907045332478,3922052907045332478,EXHAUSTIVE_GROUPED_BY_R,0.029337606666666668,39df3825000beae4,,,true,0
s2-07b,formal,BCH-S300,300,420,SEGMENTED,1,5,6,NONE,100,28,2800,2800,840000,16200,2700,0.019285714285714285,0.9642857142857143,0.035714285714285712,1,0,0.9642857142857143,0,1,5,0,0,1,6,411,false,false,0.95675119331233349,0.97054802748368452,2026072607,10005808911069659570,3922052907045332478,3922052907045332478,EXHAUSTIVE_GROUPED_BY_R,0.029337606666666668,39df3825000beae4,,,true,0
s2-07b,formal,BCH-S300,300,420,SEGMENTED,1,5,7,NONE,100,28,2800,2800,840000,13500,2700,0.01607142857142857,0.9642857142857143,0.035714285714285712,1,0,0.9642857142857143,0,1,5,0,0,1,7,412,false,false,0.95675119331233349,0.97054802748368452,2026072607,10005808911069659570,3922052907045332478,3922052907045332478,EXHAUSTIVE_GROUPED_BY_R,0.029337606666666668,39df3825000beae4,,,true,0
s2-07b,formal,BCH-S300,300,420,SEGMENTED,1,5,8,NONE,100,28,2800,2800,840000,10800,2700,0.012857142857142857,0.9642857142857143,0.035714285714285712,1,0,0.9642857142857143,0,1,5,0,0,1,8,413,false,false,0.95675119331233349,0.97054802748368452,2026072607,10005808911069659570,3922052907045332478,3922052907045332478,EXHAUSTIVE_GROUPED_BY_R,0.029337606666666668,39df3825000beae4,,,true,0
s2-07b,formal,BCH-S300,300,420,SEGMENTED,1,5,9,NONE,100,28,2800,2800,840000,8100,2700,0.0096428571428571423,0.9642857142857143,0.035714285714285712,1,0,0.9642857142857143,0,1,5,0,0,1,9,414,false,false,0.95675119331233349,0.97054802748368452,2026072607,10005808911069659570,3922052907045332478,3922052907045332478,EXHAUSTIVE_GROUPED_BY_R,0.029337606666666668,39df3825000beae4,,,true,0
s2-07b,formal,BCH-S300,300,420,SEGMENTED,1,5,10,NONE,100,28,2800,2800,840000,5400,2700,0.0064285714285714285,0.9642857142857143,0.035714285714285712,1,0,0.9642857142857143,0,1,5,0,0,1,10,415,false,false,0.95675119331233349,0.97054802748368452,2026072607,10005808911069659570,3922052907045332478,3922052907045332478,EXHAUSTIVE_GROUPED_BY_R,0.029337606666666668,39df3825000beae4,,,true,0
s2-07b,formal,BCH-S300,300,420,SEGMENTED,1,5,11,NONE,100,27,2700,2700,810000,2700,2700,0.0033333333333333335,1,0,1,0,1,0,2,4,0,1,1,11,0,false,false,0.9985792588510829,0.99999999999999978,2026072607,10005808911069659570,3922052907045332478,3922052907045332478,EXHAUSTIVE_GROUPED_BY_R,0.029337606666666668,39df3825000beae4,,,true,0
s2-07b,formal,BCH-S300,300,420,SEGMENTED,1,5,12,NONE,100,27,2700,2700,810000,8100,2700,0.01,1,0,1,0,1,0,2,3,0,0,2,12,0,false,false,0.9985792588510829,0.99999999999999978,2026072607,10005808911069659570,3922052907045332478,3922052907045332478,EXHAUSTIVE_GROUPED_BY_R,0.029337606666666668,39df3825000beae4,,,true,0
s2-07b,formal,BCH-S300,300,420,SEGMENTED,1,5,13,NONE,100,27,2700,2700,810000,13400,2700,0.016543209876543209,1,0,1,0,1,0,2,3,0,0,2,13,0,false,false,0.9985792588510829,0.99999999999999978,2026072607,10005808911069659570,3922052907045332478,3922052907045332478,EXHAUSTIVE_GROUPED_BY_R,0.029337606666666668,39df3825000beae4,,,true,0
s2-07b,formal,BCH-S300,300,420,SEGMENTED,1,5,14,NONE,100,27,2700,2700,810000,13300,2700,0.016419753086419752,1,0,1,0,1,0,2,4,0,1,1,14,0,false,false,0.9985792588510829,0.99999999999999978,2026072607,10005808911069659570,3922052907045332478,3922052907045332478,EXHAUSTIVE_GROUPED_BY_R,0.029337606666666668,39df3825000beae4,,,true,0
s2-07b,formal,BCH-S300,300,420,SEGMENTED,1,6,0,NONE,100,28,2800,2800,840000,16500,2800,0.019642857142857142,1,0,1,0,1,0,1,6,0,0,1,0,0,false,false,0.99862993008801926,1,2026072607,10005808911069659570,11550230368595441278,11550230368595441278,EXHAUSTIVE_GROUPED_BY_R,0.028919406666666665,2604a9d36a2c2882,,,true,0
s2-07b,formal,BCH-S300,300,420,SEGMENTED,1,6,1,NONE,100,28,2800,2800,840000,16400,2800,0.019523809523809523,1,0,1,0,1,0,1,6,0,0,1,1,0,false,false,0.99862993008801926,1,2026072607,10005808911069659570,11550230368595441278,11550230368595441278,EXHAUSTIVE_GROUPED_BY_R,0.028919406666666665,2604a9d36a2c2882,,,true,0
s2-07b,formal,BCH-S300,300,420,SEGMENTED,1,6,2,NONE,100,28,2800,2800,840000,16300,2800,0.019404761904761904,1,0,1,0,1,0,1,6,0,0,1,2,0,false,false,0.99862993008801926,1,2026072607,10005808911069659570,11550230368595441278,11550230368595441278,EXHAUSTIVE_GROUPED_BY_R,0.028919406666666665,2604a9d36a2c2882,,,true,0
s2-07b,formal,BCH-S300,300,420,SEGMENTED,1,6,3,NONE,100,28,2800,2800,840000,16200,2700,0.019285714285714285,0.9642857142857143,0.035714285714285712,1,0,0.9642857142857143,0,1,6,0,0,1,3,408,false,false,0.95675119331233349,0.97054802748368452,2026072607,10005808911069659570,11550230368595441278,11550230368595441278,EXHAUSTIVE_GROUPED_BY_R,0.028919406666666665,2604a9d36a2c2882,,,true,0
s2-07b,formal,BCH-S300,300,420,SEGMENTED,1,6,4,NONE,100,28,2800,2800,840000,19000,2800,0.022619047619047618,1,0,1,0,1,0,1,6,0,0,1,4,0,false,false,0.99862993008801926,1,2026072607,10005808911069659570,11550230368595441278,11550230368595441278,EXHAUSTIVE_GROUPED_BY_R,0.028919406666666665,2604a9d36a2c2882,,,true,0
s2-07b,formal,BCH-S300,300,420,SEGMENTED,1,6,5,NONE,100,28,2800,2800,840000,19000,2800,0.022619047619047618,1,0,1,0,1,0,1,6,0,0,1,5,0,false,false,0.99862993008801926,1,2026072607,10005808911069659570,11550230368595441278,11550230368595441278,EXHAUSTIVE_GROUPED_BY_R,0.028919406666666665,2604a9d36a2c2882,,,true,0
s2-07b,formal,BCH-S300,300,420,SEGMENTED,1,6,6,NONE,100,28,2800,2800,840000,16300,2800,0.019404761904761904,1,0,1,0,1,0,1,6,0,0,1,6,0,false,false,0.99862993008801926,1,2026072607,10005808911069659570,11550230368595441278,11550230368595441278,EXHAUSTIVE_GROUPED_BY_R,0.028919406666666665,2604a9d36a2c2882,,,true,0
s2-07b,formal,BCH-S300,300,420,SEGMENTED,1,6,7,NONE,100,28,2800,2800,840000,13500,2700,0.01607142857142857,0.9642857142857143,0.035714285714285712,1,0,0.9642857142857143,0,1,6,0,0,1,7,412,false,false,0.95675119331233349,0.97054802748368452,2026072607,10005808911069659570,11550230368595441278,11550230368595441278,EXHAUSTIVE_GROUPED_BY_R,0.028919406666666665,2604a9d36a2c2882,,,true,0
s2-07b,formal,BCH-S300,300,420,SEGMENTED,1,6,8,NONE,100,28,2800,2800,840000,10800,2700,0.012857142857142857,0.9642857142857143,0.035714285714285712,1,0,0.9642857142857143,0,1,6,0,0,1,8,413,false,false,0.95675119331233349,0.97054802748368452,2026072607,10005808911069659570,11550230368595441278,11550230368595441278,EXHAUSTIVE_GROUPED_BY_R,0.028919406666666665,2604a9d36a2c2882,,,true,0
s2-07b,formal,BCH-S300,300,420,SEGMENTED,1,6,9,NONE,100,28,2800,2800,840000,8100,2700,0.0096428571428571423,0.9642857142857143,0.035714285714285712,1,0,0.9642857142857143,0,1,6,0,0,1,9,414,false,false,0.95675119331233349,0.97054802748368452,2026072607,10005808911069659570,11550230368595441278,11550230368595441278,EXHAUSTIVE_GROUPED_BY_R,0.028919406666666665,2604a9d36a2c2882,,,true,0
s2-07b,formal,BCH-S300,300,420,SEGMENTED,1,6,10,NONE,100,27,2700,2700,810000,5400,2700,0.0066666666666666671,1,0,1,0,1,0,2,5,0,1,1,10,0,false,false,0.9985792588510829,0.99999999999999978,2026072607,10005808911069659570,11550230368595441278,11550230368595441278,EXHAUSTIVE_GROUPED_BY_R,0.028919406666666665,2604a9d36a2c2882,,,true,0
s2-07b,formal,BCH-S300,300,420,SEGMENTED,1,6,11,NONE,100,27,2700,2700,810000,8100,2700,0.01,1,0,1,0,1,0,2,4,0,0,2,11,0,false,false,0.9985792588510829,0.99999999999999978,2026072607,10005808911069659570,11550230368595441278,11550230368595441278,EXHAUSTIVE_GROUPED_BY_R,0.028919406666666665,2604a9d36a2c2882,,,true,0
s2-07b,formal,BCH-S300,300,420,SEGMENTED,1,6,12,NONE,100,27,2700,2700,810000,13400,2700,0.016543209876543209,1,0,1,0,1,0,2,3,0,0,2,12,0,false,false,0.9985792588510829,0.99999999999999978,2026072607,10005808911069659570,11550230368595441278,11550230368595441278,EXHAUSTIVE_GROUPED_BY_R,0.028919406666666665,2604a9d36a2c2882,,,true,0
s2-07b,formal,BCH-S300,300,420,SEGMENTED,1,6,13,NONE,100,27,2700,2700,810000,16000,2700,0.019753086419753086,1,0,1,0,1,0,2,4,0,0,2,13,0,false,false,0.9985792588510829,0.99999999999999978,2026072607,10005808911069659570,11550230368595441278,11550230368595441278,EXHAUSTIVE_GROUPED_BY_R,0.028919406666666665,2604a9d36a2c2882,,,true,0
s2-07b,formal,BCH-S300,300,420,SEGMENTED,1,6,14,NONE,100,27,2700,2700,810000,13300,2700,0.016419753086419752,1,0,1,0,1,0,2,5,0,1,1,14,0,false,false,0.9985792588510829,0.99999999999999978,2026072607,10005808911069659570,11550230368595441278,11550230368595441278,EXHAUSTIVE_GROUPED_BY_R,0.028919406666666665,2604a9d36a2c2882,,,true,0
s2-07b,formal,BCH-S300,300,420,SEGMENTED,1,7,0,NONE,100,28,2800,2800,840000,16400,2800,0.019523809523809523,1,0,1,0,1,0,1,7,0,0,1,0,0,false,false,0.99862993008801926,1,2026072607,10005808911069659570,4958808046588775833,4958808046588775833,EXHAUSTIVE_GROUPED_BY_R,0.027831826666666667,8adbc6310abec1b2,,,true,0
s2-07b,formal,BCH-S300,300,420,SEGMENTED,1,7,1,NONE,100,28,2800,2800,840000,16300,2800,0.019404761904761904,1,0,1,0,1,0,1,7,0,0,1,1,0,false,false,0.99862993008801926,1,2026072607,10005808911069659570,4958808046588775833,4958808046588775833,EXHAUSTIVE_GROUPED_BY_R,0.027831826666666667,8adbc6310abec1b2,,,true,0
s2-07b,formal,BCH-S300,300,420,SEGMENTED,1,7,2,NONE,100,28,2800,2800,840000,16300,2800,0.019404761904761904,1,0,1,0,1,0,1,7,0,0,1,2,0,false,false,0.99862993008801926,1,2026072607,10005808911069659570,4958808046588775833,4958808046588775833,EXHAUSTIVE_GROUPED_BY_R,0.027831826666666667,8adbc6310abec1b2,,,true,0
s2-07b,formal,BCH-S300,300,420,SEGMENTED,1,7,3,NONE,100,28,2800,2800,840000,16200,2700,0.019285714285714285,0.9642857142857143,0.035714285714285712,1,0,0.9642857142857143,0,1,7,0,0,1,3,408,false,false,0.95675119331233349,0.97054802748368452,2026072607,10005808911069659570,4958808046588775833,4958808046588775833,EXHAUSTIVE_GROUPED_BY_R,0.027831826666666667,8adbc6310abec1b2,,,true,0
s2-07b,formal,BCH-S300,300,420,SEGMENTED,1,7,4,NONE,100,28,2800,2800,840000,16200,2700,0.019285714285714285,0.9642857142857143,0.035714285714285712,1,0,0.9642857142857143,0,1,7,0,0,1,4,409,false,false,0.95675119331233349,0.97054802748368452,2026072607,10005808911069659570,4958808046588775833,4958808046588775833,EXHAUSTIVE_GROUPED_BY_R,0.027831826666666667,8adbc6310abec1b2,,,true,0
s2-07b,formal,BCH-S300,300,420,SEGMENTED,1,7,5,NONE,100,28,2800,2800,840000,13500,2700,0.01607142857142857,0.9642857142857143,0.035714285714285712,1,0,0.9642857142857143,0,1,7,0,0,1,5,410,false,false,0.95675119331233349,0.97054802748368452,2026072607,10005808911069659570,4958808046588775833,4958808046588775833,EXHAUSTIVE_GROUPED_BY_R,0.027831826666666667,8adbc6310abec1b2,,,true,0
s2-07b,formal,BCH-S300,300,420,SEGMENTED,1,7,6,NONE,100,28,2800,2800,840000,10800,2700,0.012857142857142857,0.9642857142857143,0.035714285714285712,1,0,0.9642857142857143,0,1,7,0,0,1,6,411,false,false,0.95675119331233349,0.97054802748368452,2026072607,10005808911069659570,4958808046588775833,4958808046588775833,EXHAUSTIVE_GROUPED_BY_R,0.027831826666666667,8adbc6310abec1b2,,,true,0
s2-07b,formal,BCH-S300,300,420,SEGMENTED,1,7,7,NONE,100,28,2800,2800,840000,8100,2700,0.0096428571428571423,0.9642857142857143,0.035714285714285712,1,0,0.9642857142857143,0,1,7,0,0,1,7,412,false,false,0.95675119331233349,0.97054802748368452,2026072607,10005808911069659570,4958808046588775833,4958808046588775833,EXHAUSTIVE_GROUPED_BY_R,0.027831826666666667,8adbc6310abec1b2,,,true,0
s2-07b,formal,BCH-S300,300,420,SEGMENTED,1,7,8,NONE,100,28,2800,2800,840000,5400,2700,0.0064285714285714285,0.9642857142857143,0.035714285714285712,1,0,0.9642857142857143,0,1,7,0,0,1,8,413,false,false,0.95675119331233349,0.97054802748368452,2026072607,10005808911069659570,4958808046588775833,4958808046588775833,EXHAUSTIVE_GROUPED_BY_R,0.027831826666666667,8adbc6310abec1b2,,,true,0
s2-07b,formal,BCH-S300,300,420,SEGMENTED,1,7,9,NONE,100,27,2700,2700,810000,8100,2700,0.01,1,0,1,0,1,0,2,6,0,1,1,9,0,false,false,0.9985792588510829,0.99999999999999978,2026072607,10005808911069659570,4958808046588775833,4958808046588775833,EXHAUSTIVE_GROUPED_BY_R,0.027831826666666667,8adbc6310abec1b2,,,true,0
s2-07b,formal,BCH-S300,300,420,SEGMENTED,1,7,10,NONE,100,27,2700,2700,810000,10800,2700,0.013333333333333334,1,0,1,0,1,0,2,5,0,0,2,10,0,false,false,0.9985792588510829,0.99999999999999978,2026072607,10005808911069659570,4958808046588775833,4958808046588775833,EXHAUSTIVE_GROUPED_BY_R,0.027831826666666667,8adbc6310abec1b2,,,true,0
s2-07b,formal,BCH-S300,300,420,SEGMENTED,1,7,11,NONE,100,27,2700,2700,810000,13400,2700,0.016543209876543209,1,0,1,0,1,0,2,4,0,0,2,11,0,false,false,0.9985792588510829,0.99999999999999978,2026072607,10005808911069659570,4958808046588775833,4958808046588775833,EXHAUSTIVE_GROUPED_BY_R,0.027831826666666667,8adbc6310abec1b2,,,true,0
s2-07b,formal,BCH-S300,300,420,SEGMENTED,1,7,12,NONE,100,27,2700,2700,810000,16000,2700,0.019753086419753086,1,0,1,0,1,0,2,4,0,0,2,12,0,false,false,0.9985792588510829,0.99999999999999978,2026072607,10005808911069659570,4958808046588775833,4958808046588775833,EXHAUSTIVE_GROUPED_BY_R,0.027831826666666667,8adbc6310abec1b2,,,true,0
s2-07b,formal,BCH-S300,300,420,SEGMENTED,1,7,13,NONE,100,27,2700,2700,810000,16000,2700,0.019753086419753086,1,0,1,0,1,0,2,5,0,0,2,13,0,false,false,0.9985792588510829,0.99999999999999978,2026072607,10005808911069659570,4958808046588775833,4958808046588775833,EXHAUSTIVE_GROUPED_BY_R,0.027831826666666667,8adbc6310abec1b2,,,true,0
s2-07b,formal,BCH-S300,300,420,SEGMENTED,1,7,14,NONE,100,27,2700,2700,810000,15900,2700,0.019629629629629629,1,0,1,0,1,0,2,6,0,1,1,14,0,false,false,0.9985792588510829,0.99999999999999978,2026072607,10005808911069659570,4958808046588775833,4958808046588775833,EXHAUSTIVE_GROUPED_BY_R,0.027831826666666667,8adbc6310abec1b2,,,true,0
s2-07b,formal,BCH-S300,300,420,SEGMENTED,1,8,0,NONE,100,28,2800,2800,840000,24600,2800,0.029285714285714286,1,0,1,0,1,0,1,8,0,0,1,0,0,false,false,0.99862993008801926,1,2026072607,10005808911069659570,13693728842573621080,13693728842573621080,EXHAUSTIVE_GROUPED_BY_R,0.026540379999999999,cad4f706f58b4a6f,,,true,0
s2-07b,formal,BCH-S300,300,420,SEGMENTED,1,8,1,NONE,100,28,2800,2800,840000,24500,2800,0.029166666666666667,1,0,1,0,1,0,1,8,0,0,1,1,0,false,false,0.99862993008801926,1,2026072607,10005808911069659570,13693728842573621080,13693728842573621080,EXHAUSTIVE_GROUPED_BY_R,0.026540379999999999,cad4f706f58b4a6f,,,true,0
s2-07b,formal,BCH-S300,300,420,SEGMENTED,1,8,2,NONE,100,28,2800,2800,840000,21700,2800,0.025833333333333333,1,0,1,0,1,0,1,8,0,0,1,2,0,false,false,0.99862993008801926,1,2026072607,10005808911069659570,13693728842573621080,13693728842573621080,EXHAUSTIVE_GROUPED_BY_R,0.026540379999999999,cad4f706f58b4a6f,,,true,0
s2-07b,formal,BCH-S300,300,420,SEGMENTED,1,8,3,NONE,100,28,2800,2800,840000,21600,2700,0.025714285714285714,0.9642857142857143,0.035714285714285712,1,0,0.9642857142857143,0,1,8,0,0,1,3,408,false,false,0.95675119331233349,0.97054802748368452,2026072607,10005808911069659570,13693728842573621080,13693728842573621080,EXHAUSTIVE_GROUPED_BY_R,0.026540379999999999,cad4f706f58b4a6f,,,true,0
s2-07b,formal,BCH-S300,300,420,SEGMENTED,1,8,4,NONE,100,28,2800,2800,840000,18900,2700,0.022499999999999999,0.9642857142857143,0.035714285714285712,1,0,0.9642857142857143,0,1,8,0,0,1,4,409,false,false,0.95675119331233349,0.97054802748368452,2026072607,10005808911069659570,13693728842573621080,13693728842573621080,EXHAUSTIVE_GROUPED_BY_R,0.026540379999999999,cad4f706f58b4a6f,,,true,0
s2-07b,formal,BCH-S300,300,420,SEGMENTED,1,8,5,NONE,100,28,2800,2800,840000,16200,2700,0.019285714285714285,0.9642857142857143,0.035714285714285712,1,0,0.9642857142857143,0,1,8,0,0,1,5,410,false,false,0.95675119331233349,0.97054802748368452,2026072607,10005808911069659570,13693728842573621080,13693728842573621080,EXHAUSTIVE_GROUPED_BY_R,0.026540379999999999,cad4f706f58b4a6f,,,true,0
s2-07b,formal,BCH-S300,300,420,SEGMENTED,1,8,6,NONE,100,28,2800,2800,840000,16300,2800,0.019404761904761904,1,0,1,0,1,0,1,8,0,0,1,6,0,false,false,0.99862993008801926,1,2026072607,10005808911069659570,13693728842573621080,13693728842573621080,EXHAUSTIVE_GROUPED_BY_R,0.026540379999999999,cad4f706f58b4a6f,,,true,0
s2-07b,formal,BCH-S300,300,420,SEGMENTED,1,8,7,NONE,100,28,2800,2800,840000,13600,2800,0.016190476190476189,1,0,1,0,1,0,1,8,0,0,1,7,0,false,false,0.99862993008801926,1,2026072607,10005808911069659570,13693728842573621080,13693728842573621080,EXHAUSTIVE_GROUPED_BY_R,0.026540379999999999,cad4f706f58b4a6f,,,true,0
s2-07b,formal,BCH-S300,300,420,SEGMENTED,1,8,8,NONE,100,27,2700,2700,810000,5400,2700,0.0066666666666666671,1,0,1,0,1,0,2,7,0,1,1,8,0,false,false,0.9985792588510829,0.99999999999999978,2026072607,10005808911069659570,13693728842573621080,13693728842573621080,EXHAUSTIVE_GROUPED_BY_R,0.026540379999999999,cad4f706f58b4a6f,,,true,0
s2-07b,formal,BCH-S300,300,420,SEGMENTED,1,8,9,NONE,100,27,2700,2700,810000,13500,2700,0.016666666666666666,1,0,1,0,1,0,2,6,0,0,2,9,0,false,false,0.9985792588510829,0.99999999999999978,2026072607,10005808911069659570,13693728842573621080,13693728842573621080,EXHAUSTIVE_GROUPED_BY_R,0.026540379999999999,cad4f706f58b4a6f,,,true,0
s2-07b,formal,BCH-S300,300,420,SEGMENTED,1,8,10,NONE,100,27,2700,2700,810000,16100,2700,0.019876543209876543,1,0,1,0,1,0,2,5,0,0,2,10,0,false,false,0.9985792588510829,0.99999999999999978,2026072607,10005808911069659570,13693728842573621080,13693728842573621080,EXHAUSTIVE_GROUPED_BY_R,0.026540379999999999,cad4f706f58b4a6f,,,true,0
s2-07b,formal,BCH-S300,300,420,SEGMENTED,1,8,11,NONE,100,27,2700,2700,810000,16000,2700,0.019753086419753086,1,0,1,0,1,0,2,4,0,0,2,11,0,false,false,0.9985792588510829,0.99999999999999978,2026072607,10005808911069659570,13693728842573621080,13693728842573621080,EXHAUSTIVE_GROUPED_BY_R,0.026540379999999999,cad4f706f58b4a6f,,,true,0
s2-07b,formal,BCH-S300,300,420,SEGMENTED,1,8,12,NONE,100,27,2700,2700,810000,16000,2700,0.019753086419753086,1,0,1,0,1,0,2,5,0,0,2,12,0,false,false,0.9985792588510829,0.99999999999999978,2026072607,10005808911069659570,13693728842573621080,13693728842573621080,EXHAUSTIVE_GROUPED_BY_R,0.026540379999999999,cad4f706f58b4a6f,,,true,0
s2-07b,formal,BCH-S300,300,420,SEGMENTED,1,8,13,NONE,100,27,2700,2700,810000,18600,2700,0.022962962962962963,1,0,1,0,1,0,2,6,0,0,2,13,0,false,false,0.9985792588510829,0.99999999999999978,2026072607,10005808911069659570,13693728842573621080,13693728842573621080,EXHAUSTIVE_GROUPED_BY_R,0.026540379999999999,cad4f706f58b4a6f,,,true,0
s2-07b,formal,BCH-S300,300,420,SEGMENTED,1,8,14,NONE,100,27,2700,2700,810000,15800,2700,0.019506172839506172,1,0,1,0,1,0,2,7,0,1,1,14,0,false,false,0.9985792588510829,0.99999999999999978,2026072607,10005808911069659570,13693728842573621080,13693728842573621080,EXHAUSTIVE_GROUPED_BY_R,0.026540379999999999,cad4f706f58b4a6f,,,true,0
s2-07b,formal,BCH-S300,300,420,SEGMENTED,1,9,0,NONE,100,28,2800,2800,840000,21900,2800,0.026071428571428572,1,0,1,0,1,0,1,9,0,0,1,0,0,false,false,0.99862993008801926,1,2026072607,10005808911069659570,1077535610364462312,1077535610364462312,EXHAUSTIVE_GROUPED_BY_R,0.026255773333333333,173c4aeb27d804a7,,,true,0
s2-07b,formal,BCH-S300,300,420,SEGMENTED,1,9,1,NONE,100,28,2800,2800,840000,21800,2800,0.025952380952380952,1,0,1,0,1,0,1,9,0,0,1,1,0,false,false,0.99862993008801926,1,2026072607,10005808911069659570,1077535610364462312,1077535610364462312,EXHAUSTIVE_GROUPED_BY_R,0.026255773333333333,173c4aeb27d804a7,,,true,0
s2-07b,formal,BCH-S300,300,420,SEGMENTED,1,9,2,NONE,100,28,2800,2800,840000,21700,2800,0.025833333333333333,1,0,1,0,1,0,1,9,0,0,1,2,0,false,false,0.99862993008801926,1,2026072607,10005808911069659570,1077535610364462312,1077535610364462312,EXHAUSTIVE_GROUPED_BY_R,0.026255773333333333,173c4aeb27d804a7,,,true,0
s2-07b,formal,BCH-S300,300,420,SEGMENTED,1,9,3,NONE,100,28,2800,2800,840000,18900,2700,0.022499999999999999,0.9642857142857143,0.035714285714285712,1,0,0.9642857142857143,0,1,9,0,0,1,3,408,false,false,0.95675119331233349,0.97054802748368452,2026072607,10005808911069659570,1077535610364462312,1077535610364462312,EXHAUSTIVE_GROUPED_BY_R,0.026255773333333333,173c4aeb27d804a7,,,true,0
s2-07b,formal,BCH-S300,300,420,SEGMENTED,1,9,4,NONE,100,28,2800,2800,840000,16200,2700,0.019285714285714285,0.9642857142857143,0.035714285714285712,1,0,0.9642857142857143,0,1,9,0,0,1,4,409,false,false,0.95675119331233349,0.97054802748368452,2026072607,10005808911069659570,1077535610364462312,1077535610364462312,EXHAUSTIVE_GROUPED_BY_R,0.026255773333333333,173c4aeb27d804a7,,,true,0
s2-07b,formal,BCH-S300,300,420,SEGMENTED,1,9,5,NONE,100,28,2800,2800,840000,13500,2700,0.01607142857142857,0.9642857142857143,0.035714285714285712,1,0,0.9642857142857143,0,1,9,0,0,1,5,410,false,false,0.95675119331233349,0.97054802748368452,2026072607,10005808911069659570,1077535610364462312,1077535610364462312,EXHAUSTIVE_GROUPED_BY_R,0.026255773333333333,173c4aeb27d804a7,,,true,0
s2-07b,formal,BCH-S300,300,420,SEGMENTED,1,9,6,NONE,100,28,2800,2800,840000,13500,2700,0.01607142857142857,0.9642857142857143,0.035714285714285712,1,0,0.9642857142857143,0,1,9,0,0,1,6,411,false,false,0.95675119331233349,0.97054802748368452,2026072607,10005808911069659570,1077535610364462312,1077535610364462312,EXHAUSTIVE_GROUPED_BY_R,0.026255773333333333,173c4aeb27d804a7,,,true,0
s2-07b,formal,BCH-S300,300,420,SEGMENTED,1,9,7,NONE,100,27,2700,2700,810000,13500,2700,0.016666666666666666,1,0,1,0,1,0,2,8,0,1,1,7,0,false,false,0.9985792588510829,0.99999999999999978,2026072607,10005808911069659570,1077535610364462312,1077535610364462312,EXHAUSTIVE_GROUPED_BY_R,0.026255773333333333,173c4aeb27d804a7,,,true,0
s2-07b,formal,BCH-S300,300,420,SEGMENTED,1,9,8,NONE,100,27,2700,2700,810000,10800,2700,0.013333333333333334,1,0,1,0,1,0,2,7,0,0,2,8,0,false,false,0.9985792588510829,0.99999999999999978,2026072607,10005808911069659570,1077535610364462312,1077535610364462312,EXHAUSTIVE_GROUPED_BY_R,0.026255773333333333,173c4aeb27d804a7,,,true,0
s2-07b,formal,BCH-S300,300,420,SEGMENTED,1,9,9,NONE,100,27,2700,2700,810000,18800,2700,0.023209876543209877,1,0,1,0,1,0,2,6,0,0,2,9,0,false,false,0.9985792588510829,0.99999999999999978,2026072607,10005808911069659570,1077535610364462312,1077535610364462312,EXHAUSTIVE_GROUPED_BY_R,0.026255773333333333,173c4aeb27d804a7,,,true,0
s2-07b,formal,BCH-S300,300,420,SEGMENTED,1,9,10,NONE,100,27,2700,2700,810000,18700,2700,0.02308641975308642,1,0,1,0,1,0,2,5,0,0,2,10,0,false,false,0.9985792588510829,0.99999999999999978,2026072607,10005808911069659570,1077535610364462312,1077535610364462312,EXHAUSTIVE_GROUPED_BY_R,0.026255773333333333,173c4aeb27d804a7,,,true,0
s2-07b,formal,BCH-S300,300,420,SEGMENTED,1,9,11,NONE,100,27,2700,2700,810000,16000,2700,0.019753086419753086,1,0,1,0,1,0,2,5,0,0,2,11,0,false,false,0.9985792588510829,0.99999999999999978,2026072607,10005808911069659570,1077535610364462312,1077535610364462312,EXHAUSTIVE_GROUPED_BY_R,0.026255773333333333,173c4aeb27d804a7,,,true,0
s2-07b,formal,BCH-S300,300,420,SEGMENTED,1,9,12,NONE,100,27,2700,2700,810000,18600,2700,0.022962962962962963,1,0,1,0,1,0,2,6,0,0,2,12,0,false,false,0.9985792588510829,0.99999999999999978,2026072607,10005808911069659570,1077535610364462312,1077535610364462312,EXHAUSTIVE_GROUPED_BY_R,0.026255773333333333,173c4aeb27d804a7,,,true,0
s2-07b,formal,BCH-S300,300,420,SEGMENTED,1,9,13,NONE,100,27,2700,2700,810000,18500,2700,0.022839506172839506,1,0,1,0,1,0,2,7,0,0,2,13,0,false,false,0.9985792588510829,0.99999999999999978,2026072607,10005808911069659570,1077535610364462312,1077535610364462312,EXHAUSTIVE_GROUPED_BY_R,0.026255773333333333,173c4aeb27d804a7,,,true,0
s2-07b,formal,BCH-S300,300,420,SEGMENTED,1,9,14,NONE,100,27,2700,2700,810000,23700,2700,0.029259259259259259,1,0,1,0,1,0,2,8,0,1,1,14,0,false,false,0.9985792588510829,0.99999999999999978,2026072607,10005808911069659570,1077535610364462312,1077535610364462312,EXHAUSTIVE_GROUPED_BY_R,0.026255773333333333,173c4aeb27d804a7,,,true,0
s2-07b,formal,BCH-S300,300,420,SEGMENTED,1,10,0,NONE,100,28,2800,2800,840000,24600,2800,0.029285714285714286,1,0,1,0,1,0,1,10,0,0,1,0,0,false,false,0.99862993008801926,1,2026072607,10005808911069659570,9322268736733304657,9322268736733304657,EXHAUSTIVE_GROUPED_BY_R,0.027052746666666669,211474b11d2f8eac,,,true,0
s2-07b,formal,BCH-S300,300,420,SEGMENTED,1,10,1,NONE,100,28,2800,2800,840000,24500,2800,0.029166666666666667,1,0,1,0,1,0,1,10,0,0,1,1,0,false,false,0.99862993008801926,1,2026072607,10005808911069659570,9322268736733304657,9322268736733304657,EXHAUSTIVE_GROUPED_BY_R,0.027052746666666669,211474b11d2f8eac,,,true,0
s2-07b,formal,BCH-S300,300,420,SEGMENTED,1,10,2,NONE,100,28,2800,2800,840000,21700,2800,0.025833333333333333,1,0,1,0,1,0,1,10,0,0,1,2,0,false,false,0.99862993008801926,1,2026072607,10005808911069659570,9322268736733304657,9322268736733304657,EXHAUSTIVE_GROUPED_BY_R,0.027052746666666669,211474b11d2f8eac,,,true,0
s2-07b,formal,BCH-S300,300,420,SEGMENTED,1,10,3,NONE,100,28,2800,2800,840000,21600,2700,0.025714285714285714,0.9642857142857143,0.035714285714285712,1,0,0.9642857142857143,0,1,10,0,0,1,3,408,false,false,0.95675119331233349,0.97054802748368452,2026072607,10005808911069659570,9322268736733304657,9322268736733304657,EXHAUSTIVE_GROUPED_BY_R,0.027052746666666669,211474b11d2f8eac,,,true,0
s2-07b,formal,BCH-S300,300,420,SEGMENTED,1,10,4,NONE,100,28,2800,2800,840000,18900,2700,0.022499999999999999,0.9642857142857143,0.035714285714285712,1,0,0.9642857142857143,0,1,10,0,0,1,4,409,false,false,0.95675119331233349,0.97054802748368452,2026072607,10005808911069659570,9322268736733304657,9322268736733304657,EXHAUSTIVE_GROUPED_BY_R,0.027052746666666669,211474b11d2f8eac,,,true,0
s2-07b,formal,BCH-S300,300,420,SEGMENTED,1,10,5,NONE,100,28,2800,2800,840000,16200,2700,0.019285714285714285,0.9642857142857143,0.035714285714285712,1,0,0.9642857142857143,0,1,10,0,0,1,5,410,false,false,0.95675119331233349,0.97054802748368452,2026072607,10005808911069659570,9322268736733304657,9322268736733304657,EXHAUSTIVE_GROUPED_BY_R,0.027052746666666669,211474b11d2f8eac,,,true,0
s2-07b,formal,BCH-S300,300,420,SEGMENTED,1,10,6,NONE,100,27,2700,2700,810000,13500,2700,0.016666666666666666,1,0,1,0,1,0,2,9,0,1,1,6,0,false,false,0.9985792588510829,0.99999999999999978,2026072607,10005808911069659570,9322268736733304657,9322268736733304657,EXHAUSTIVE_GROUPED_BY_R,0.027052746666666669,211474b11d2f8eac,,,true,0
s2-07b,formal,BCH-S300,300,420,SEGMENTED,1,10,7,NONE,100,27,2700,2700,810000,18900,2700,0.023333333333333334,1,0,1,0,1,0,2,8,0,0,2,7,0,false,false,0.9985792588510829,0.99999999999999978,2026072607,10005808911069659570,9322268736733304657,9322268736733304657,EXHAUSTIVE_GROUPED_BY_R,0.027052746666666669,211474b11d2f8eac,,,true,0
s2-07b,formal,BCH-S300,300,420,SEGMENTED,1,10,8,NONE,100,27,2700,2700,810000,16100,2700,0.019876543209876543,1,0,1,0,1,0,2,7,0,0,2,8,0,false,false,0.9985792588510829,0.99999999999999978,2026072607,10005808911069659570,9322268736733304657,9322268736733304657,EXHAUSTIVE_GROUPED_BY_R,0.027052746666666669,211474b11d2f8eac,,,true,0
s2-07b,formal,BCH-S300,300,420,SEGMENTED,1,10,9,NONE,100,27,2700,2700,810000,21400,2700,0.026419753086419754,1,0,1,0,1,0,2,6,0,0,2,9,0,false,false,0.9985792588510829,0.99999999999999978,2026072607,10005808911069659570,9322268736733304657,9322268736733304657,EXHAUSTIVE_GROUPED_BY_R,0.027052746666666669,211474b11d2f8eac,,,true,0
s2-07b,formal,BCH-S300,300,420,SEGMENTED,1,10,10,NONE,100,27,2700,2700,810000,18700,2700,0.02308641975308642,1,0,1,0,1,0,2,5,0,0,2,10,0,false,false,0.9985792588510829,0.99999999999999978,2026072607,10005808911069659570,9322268736733304657,9322268736733304657,EXHAUSTIVE_GROUPED_BY_R,0.027052746666666669,211474b11d2f8eac,,,true,0
s2-07b,formal,BCH-S300,300,420,SEGMENTED,1,10,11,NONE,100,27,2700,2700,810000,18600,2700,0.022962962962962963,1,0,1,0,1,0,2,6,0,0,2,11,0,false,false,0.9985792588510829,0.99999999999999978,2026072607,10005808911069659570,9322268736733304657,9322268736733304657,EXHAUSTIVE_GROUPED_BY_R,0.027052746666666669,211474b11d2f8eac,,,true,0
s2-07b,formal,BCH-S300,300,420,SEGMENTED,1,10,12,NONE,100,27,2700,2700,810000,18500,2700,0.022839506172839506,1,0,1,0,1,0,2,7,0,0,2,12,0,false,false,0.9985792588510829,0.99999999999999978,2026072607,10005808911069659570,9322268736733304657,9322268736733304657,EXHAUSTIVE_GROUPED_BY_R,0.027052746666666669,211474b11d2f8eac,,,true,0
s2-07b,formal,BCH-S300,300,420,SEGMENTED,1,10,13,NONE,100,27,2700,2700,810000,26400,2700,0.03259259259259259,1,0,1,0,1,0,2,8,0,0,2,13,0,false,false,0.9985792588510829,0.99999999999999978,2026072607,10005808911069659570,9322268736733304657,9322268736733304657,EXHAUSTIVE_GROUPED_BY_R,0.027052746666666669,211474b11d2f8eac,,,true,0
s2-07b,formal,BCH-S300,300,420,SEGMENTED,1,10,14,NONE,100,27,2700,2700,810000,21100,2700,0.026049382716049382,1,0,1,0,1,0,2,9,0,1,1,14,0,false,false,0.9985792588510829,0.99999999999999978,2026072607,10005808911069659570,9322268736733304657,9322268736733304657,EXHAUSTIVE_GROUPED_BY_R,0.027052746666666669,211474b11d2f8eac,,,true,0
s2-07b,formal,BCH-S300,300,420,SEGMENTED,1,11,0,NONE,100,28,2800,2800,840000,27200,2800,0.032380952380952378,1,0,1,0,1,0,1,11,0,0,1,0,0,false,false,0.99862993008801926,1,2026072607,10005808911069659570,15332883568349115657,15332883568349115657,EXHAUSTIVE_GROUPED_BY_R,0.03005118,4a5d4da02f5a2def,,,true,0
s2-07b,formal,BCH-S300,300,420,SEGMENTED,1,11,1,NONE,100,28,2800,2800,840000,24500,2800,0.029166666666666667,1,0,1,0,1,0,1,11,0,0,1,1,0,false,false,0.99862993008801926,1,2026072607,10005808911069659570,15332883568349115657,15332883568349115657,EXHAUSTIVE_GROUPED_BY_R,0.03005118,4a5d4da02f5a2def,,,true,0
s2-07b,formal,BCH-S300,300,420,SEGMENTED,1,11,2,NONE,100,28,2800,2800,840000,21700,2800,0.025833333333333333,1,0,1,0,1,0,1,11,0,0,1,2,0,false,false,0.99862993008801926,1,2026072607,10005808911069659570,15332883568349115657,15332883568349115657,EXHAUSTIVE_GROUPED_BY_R,0.03005118,4a5d4da02f5a2def,,,true,0
s2-07b,formal,BCH-S300,300,420,SEGMENTED,1,11,3,NONE,100,28,2800,2800,840000,18900,2700,0.022499999999999999,0.9642857142857143,0.035714285714285712,1,0,0.9642857142857143,0,1,11,0,0,1,3,408,false,false,0.95675119331233349,0.97054802748368452,2026072607,10005808911069659570,15332883568349115657,15332883568349115657,EXHAUSTIVE_GROUPED_BY_R,0.03005118,4a5d4da02f5a2def,,,true,0
s2-07b,formal,BCH-S300,300,420,SEGMENTED,1,11,4,NONE,100,28,2800,2800,840000,16200,2700,0.019285714285714285,0.9642857142857143,0.035714285714285712,1,0,0.9642857142857143,0,1,11,0,0,1,4,409,false,false,0.95675119331233349,0.97054802748368452,2026072607,10005808911069659570,15332883568349115657,15332883568349115657,EXHAUSTIVE_GROUPED_BY_R,0.03005118,4a5d4da02f5a2def,,,true,0
s2-07b,formal,BCH-S300,300,420,SEGMENTED,1,11,5,NONE,100,27,2700,2700,810000,16200,2700,0.02,1,0,1,0,1,0,2,10,0,1,1,5,0,false,false,0.9985792588510829,0.99999999999999978,2026072607,10005808911069659570,15332883568349115657,15332883568349115657,EXHAUSTIVE_GROUPED_BY_R,0.03005118,4a5d4da02f5a2def,,,true,0
s2-07b,formal,BCH-S300,300,420,SEGMENTED,1,11,6,NONE,100,27,2700,2700,810000,18900,2700,0.023333333333333334,1,0,1,0,1,0,2,9,0,0,2,6,0,false,false,0.9985792588510829,0.99999999999999978,2026072607,10005808911069659570,15332883568349115657,15332883568349115657,EXHAUSTIVE_GROUPED_BY_R,0.03005118,4a5d4da02f5a2def,,,true,0
s2-07b,formal,BCH-S300,300,420,SEGMENTED,1,11,7,NONE,100,27,2700,2700,810000,24200,2700,0.029876543209876542,1,0,1,0,1,0,2,8,0,0,2,7,0,false,false,0.9985792588510829,0.99999999999999978,2026072607,10005808911069659570,15332883568349115657,15332883568349115657,EXHAUSTIVE_GROUPED_BY_R,0.03005118,4a5d4da02f5a2def,,,true,0
s2-07b,formal,BCH-S300,300,420,SEGMENTED,1,11,8,NONE,100,27,2700,2700,810000,18700,2700,0.02308641975308642,1,0,1,0,1,0,2,7,0,0,2,8,0,false,false,0.9985792588510829,0.99999999999999978,2026072607,10005808911069659570,15332883568349115657,15332883568349115657,EXHAUSTIVE_GROUPED_BY_R,0.03005118,4a5d4da02f5a2def,,,true,0
s2-07b,formal,BCH-S300,300,420,SEGMENTED,1,11,9,NONE,100,27,2700,2700,810000,21400,2700,0.026419753086419754,1,0,1,0,1,0,2,6,0,0,2,9,0,false,false,0.9985792588510829,0.99999999999999978,2026072607,10005808911069659570,15332883568349115657,15332883568349115657,EXHAUSTIVE_GROUPED_BY_R,0.03005118,4a5d4da02f5a2def,,,true,0
s2-07b,formal,BCH-S300,300,420,SEGMENTED,1,11,10,NONE,100,27,2700,2700,810000,21300,2700,0.026296296296296297,1,0,1,0,1,0,2,6,0,0,2,10,0,false,false,0.9985792588510829,0.99999999999999978,2026072607,10005808911069659570,15332883568349115657,15332883568349115657,EXHAUSTIVE_GROUPED_BY_R,0.03005118,4a5d4da02f5a2def,,,true,0
s2-07b,formal,BCH-S300,300,420,SEGMENTED,1,11,11,NONE,100,27,2700,2700,810000,18500,2700,0.022839506172839506,1,0,1,0,1,0,2,7,0,0,2,11,0,false,false,0.9985792588510829,0.99999999999999978,2026072607,10005808911069659570,15332883568349115657,15332883568349115657,EXHAUSTIVE_GROUPED_BY_R,0.03005118,4a5d4da02f5a2def,,,true,0
s2-07b,formal,BCH-S300,300,420,SEGMENTED,1,11,12,NONE,100,27,2700,2700,810000,26400,2700,0.03259259259259259,1,0,1,0,1,0,2,8,0,0,2,12,0,false,false,0.9985792588510829,0.99999999999999978,2026072607,10005808911069659570,15332883568349115657,15332883568349115657,EXHAUSTIVE_GROUPED_BY_R,0.03005118,4a5d4da02f5a2def,,,true,0
s2-07b,formal,BCH-S300,300,420,SEGMENTED,1,11,13,NONE,100,27,2700,2700,810000,23800,2700,0.029382716049382716,1,0,1,0,1,0,2,9,0,0,2,13,0,false,false,0.9985792588510829,0.99999999999999978,2026072607,10005808911069659570,15332883568349115657,15332883568349115657,EXHAUSTIVE_GROUPED_BY_R,0.03005118,4a5d4da02f5a2def,,,true,0
s2-07b,formal,BCH-S300,300,420,SEGMENTED,1,11,14,NONE,100,27,2700,2700,810000,23700,2700,0.029259259259259259,1,0,1,0,1,0,2,10,0,1,1,14,0,false,false,0.9985792588510829,0.99999999999999978,2026072607,10005808911069659570,15332883568349115657,15332883568349115657,EXHAUSTIVE_GROUPED_BY_R,0.03005118,4a5d4da02f5a2def,,,true,0
s2-07b,formal,BCH-S300,300,420,SEGMENTED,1,12,0,NONE,100,28,2800,2800,840000,27300,2800,0.032500000000000001,1,0,1,0,1,0,1,12,0,0,1,0,0,false,false,0.99862993008801926,1,2026072607,10005808911069659570,9936353396393369976,9936353396393369976,EXHAUSTIVE_GROUPED_BY_R,0.029060920000000001,392c5b79ad66eb41,,,true,0
s2-07b,formal,BCH-S300,300,420,SEGMENTED,1,12,1,NONE,100,28,2800,2800,840000,24500,2800,0.029166666666666667,1,0,1,0,1,0,1,12,0,0,1,1,0,false,false,0.99862993008801926,1,2026072607,10005808911069659570,9936353396393369976,9936353396393369976,EXHAUSTIVE_GROUPED_BY_R,0.029060920000000001,392c5b79ad66eb41,,,true,0
s2-07b,formal,BCH-S300,300,420,SEGMENTED,1,12,2,NONE,100,28,2800,2800,840000,21700,2800,0.025833333333333333,1,0,1,0,1,0,1,12,0,0,1,2,0,false,false,0.99862993008801926,1,2026072607,10005808911069659570,9936353396393369976,9936353396393369976,EXHAUSTIVE_GROUPED_BY_R,0.029060920000000001,392c5b79ad66eb41,,,true,0
s2-07b,formal,BCH-S300,300,420,SEGMENTED,1,12,3,NONE,100,28,2800,2800,840000,18900,2700,0.022499999999999999,0.9642857142857143,0.035714285714285712,1,0,0.9642857142857143,0,1,12,0,0,1,3,408,false,false,0.95675119331233349,0.97054802748368452,2026072607,10005808911069659570,9936353396393369976,9936353396393369976,EXHAUSTIVE_GROUPED_BY_R,0.029060920000000001,392c5b79ad66eb41,,,true,0
s2-07b,formal,BCH-S300,300,420,SEGMENTED,1,12,4,NONE,100,27,2700,2700,810000,16200,2700,0.02,1,0,1,0,1,0,2,11,0,1,1,4,0,false,false,0.9985792588510829,0.99999999999999978,2026072607,10005808911069659570,9936353396393369976,9936353396393369976,EXHAUSTIVE_GROUPED_BY_R,0.029060920000000001,392c5b79ad66eb41,,,true,0
s2-07b,formal,BCH-S300,300,420,SEGMENTED,1,12,5,NONE,100,27,2700,2700,810000,21600,2700,0.026666666666666668,1,0,1,0,1,0,2,10,0,0,2,5,0,false,false,0.9985792588510829,0.99999999999999978,2026072607,10005808911069659570,9936353396393369976,9936353396393369976,EXHAUSTIVE_GROUPED_BY_R,0.029060920000000001,392c5b79ad66eb41,,,true,0
s2-07b,formal,BCH-S300,300,420,SEGMENTED,1,12,6,NONE,100,27,2700,2700,810000,24200,2700,0.029876543209876542,1,0,1,0,1,0,2,9,0,0,2,6,0,false,false,0.9985792588510829,0.99999999999999978,2026072607,10005808911069659570,9936353396393369976,9936353396393369976,EXHAUSTIVE_GROUPED_BY_R,0.029060920000000001,392c5b79ad66eb41,,,true,0
s2-07b,formal,BCH-S300,300,420,SEGMENTED,1,12,7,NONE,100,27,2700,2700,810000,26800,2700,0.033086419753086418,1,0,1,0,1,0,2,8,0,0,2,7,0,false,false,0.9985792588510829,0.99999999999999978,2026072607,10005808911069659570,9936353396393369976,9936353396393369976,EXHAUSTIVE_GROUPED_BY_R,0.029060920000000001,392c5b79ad66eb41,,,true,0
s2-07b,formal,BCH-S300,300,420,SEGMENTED,1,12,8,NONE,100,27,2700,2700,810000,18700,2700,0.02308641975308642,1,0,1,0,1,0,2,7,0,0,2,8,0,false,false,0.9985792588510829,0.99999999999999978,2026072607,10005808911069659570,9936353396393369976,9936353396393369976,EXHAUSTIVE_GROUPED_BY_R,0.029060920000000001,392c5b79ad66eb41,,,true,0
s2-07b,formal,BCH-S300,300,420,SEGMENTED,1,12,9,NONE,100,27,2700,2700,810000,24000,2700,0.029629629629629631,1,0,1,0,1,0,2,6,0,0,2,9,0,false,false,0.9985792588510829,0.99999999999999978,2026072607,10005808911069659570,9936353396393369976,9936353396393369976,EXHAUSTIVE_GROUPED_BY_R,0.029060920000000001,392c5b79ad66eb41,,,true,0
s2-07b,formal,BCH-S300,300,420,SEGMENTED,1,12,10,NONE,100,27,2700,2700,810000,21200,2700,0.02617283950617284,1,0,1,0,1,0,2,7,0,0,2,10,0,false,false,0.9985792588510829,0.99999999999999978,2026072607,10005808911069659570,9936353396393369976,9936353396393369976,EXHAUSTIVE_GROUPED_BY_R,0.029060920000000001,392c5b79ad66eb41,,,true,0
s2-07b,formal,BCH-S300,300,420,SEGMENTED,1,12,11,NONE,100,27,2700,2700,810000,26400,2700,0.03259259259259259,1,0,1,0,1,0,2,8,0,0,2,11,0,false,false,0.9985792588510829,0.99999999999999978,2026072607,10005808911069659570,9936353396393369976,9936353396393369976,EXHAUSTIVE_GROUPED_BY_R,0.029060920000000001,392c5b79ad66eb41,,,true,0
s2-07b,formal,BCH-S300,300,420,SEGMENTED,1,12,12,NONE,100,27,2700,2700,810000,23800,2700,0.029382716049382716,1,0,1,0,1,0,2,9,0,0,2,12,0,false,false,0.9985792588510829,0.99999999999999978,2026072607,10005808911069659570,9936353396393369976,9936353396393369976,EXHAUSTIVE_GROUPED_BY_R,0.029060920000000001,392c5b79ad66eb41,,,true,0
s2-07b,formal,BCH-S300,300,420,SEGMENTED,1,12,13,NONE,100,27,2700,2700,810000,26400,2700,0.03259259259259259,1,0,1,0,1,0,2,10,0,0,2,13,0,false,false,0.9985792588510829,0.99999999999999978,2026072607,10005808911069659570,9936353396393369976,9936353396393369976,EXHAUSTIVE_GROUPED_BY_R,0.029060920000000001,392c5b79ad66eb41,,,true,0
s2-07b,formal,BCH-S300,300,420,SEGMENTED,1,12,14,NONE,100,27,2700,2700,810000,26200,2700,0.032345679012345682,1,0,1,0,1,0,2,11,0,1,1,14,0,false,false,0.9985792588510829,0.99999999999999978,2026072607,10005808911069659570,9936353396393369976,9936353396393369976,EXHAUSTIVE_GROUPED_BY_R,0.029060920000000001,392c5b79ad66eb41,,,true,0
s2-07b,formal,BCH-S300,300,420,SEGMENTED,1,13,0,NONE,100,28,2800,2800,840000,27300,2800,0.032500000000000001,1,0,1,0,1,0,1,13,0,0,1,0,0,false,false,0.99862993008801926,1,2026072607,10005808911069659570,568125826331953805,568125826331953805,EXHAUSTIVE_GROUPED_BY_R,0.026786213333333333,f6bbaee0392ac5d2,,,true,0
s2-07b,formal,BCH-S300,300,420,SEGMENTED,1,13,1,NONE,100,28,2800,2800,840000,27200,2800,0.032380952380952378,1,0,1,0,1,0,1,13,0,0,1,1,0,false,false,0.99862993008801926,1,2026072607,10005808911069659570,568125826331953805,568125826331953805,EXHAUSTIVE_GROUPED_BY_R,0.026786213333333333,f6bbaee0392ac5d2,,,true,0
s2-07b,formal,BCH-S300,300,420,SEGMENTED,1,13,2,NONE,100,28,2800,2800,840000,24400,2800,0.029047619047619048,1,0,1,0,1,0,1,13,0,0,1,2,0,false,false,0.99862993008801926,1,2026072607,10005808911069659570,568125826331953805,568125826331953805,EXHAUSTIVE_GROUPED_BY_R,0.026786213333333333,f6bbaee0392ac5d2,,,true,0
s2-07b,formal,BCH-S300,300,420,SEGMENTED,1,13,3,NONE,100,27,2700,2700,810000,18900,2700,0.023333333333333334,1,0,1,0,1,0,2,12,0,1,1,3,0,false,false,0.9985792588510829,0.99999999999999978,2026072607,10005808911069659570,568125826331953805,568125826331953805,EXHAUSTIVE_GROUPED_BY_R,0.026786213333333333,f6bbaee0392ac5d2,,,true,0
s2-07b,formal,BCH-S300,300,420,SEGMENTED,1,13,4,NONE,100,27,2700,2700,810000,21600,2700,0.026666666666666668,1,0,1,0,1,0,2,11,0,0,2,4,0,false,false,0.9985792588510829,0.99999999999999978,2026072607,10005808911069659570,568125826331953805,568125826331953805,EXHAUSTIVE_GROUPED_BY_R,0.026786213333333333,f6bbaee0392ac5d2,,,true,0
s2-07b,formal,BCH-S300,300,420,SEGMENTED,1,13,5,NONE,100,27,2700,2700,810000,26900,2700,0.033209876543209879,1,0,1,0,1,0,2,10,0,0,2,5,0,false,false,0.9985792588510829,0.99999999999999978,2026072607,10005808911069659570,568125826331953805,568125826331953805,EXHAUSTIVE_GROUPED_BY_R,0.026786213333333333,f6bbaee0392ac5d2,,,true,0
s2-07b,formal,BCH-S300,300,420,SEGMENTED,1,13,6,NONE,100,27,2700,2700,810000,26800,2700,0.033086419753086418,1,0,1,0,1,0,2,9,0,0,2,6,0,false,false,0.9985792588510829,0.99999999999999978,2026072607,10005808911069659570,568125826331953805,568125826331953805,EXHAUSTIVE_GROUPED_BY_R,0.026786213333333333,f6bbaee0392ac5d2,,,true,0
s2-07b,formal,BCH-S300,300,420,SEGMENTED,1,13,7,NONE,100,27,2700,2700,810000,26800,2700,0.033086419753086418,1,0,1,0,1,0,2,8,0,0,2,7,0,false,false,0.9985792588510829,0.99999999999999978,2026072607,10005808911069659570,568125826331953805,568125826331953805,EXHAUSTIVE_GROUPED_BY_R,0.026786213333333333,f6bbaee0392ac5d2,,,true,0
s2-07b,formal,BCH-S300,300,420,SEGMENTED,1,13,8,NONE,100,27,2700,2700,810000,21300,2700,0.026296296296296297,1,0,1,0,1,0,2,7,0,0,2,8,0,false,false,0.9985792588510829,0.99999999999999978,2026072607,10005808911069659570,568125826331953805,568125826331953805,EXHAUSTIVE_GROUPED_BY_R,0.026786213333333333,f6bbaee0392ac5d2,,,true,0
s2-07b,formal,BCH-S300,300,420,SEGMENTED,1,13,9,NONE,100,27,2700,2700,810000,23900,2700,0.029506172839506174,1,0,1,0,1,0,2,7,0,0,2,9,0,false,false,0.9985792588510829,0.99999999999999978,2026072607,10005808911069659570,568125826331953805,568125826331953805,EXHAUSTIVE_GROUPED_BY_R,0.026786213333333333,f6bbaee0392ac5d2,,,true,0
s2-07b,formal,BCH-S300,300,420,SEGMENTED,1,13,10,NONE,100,27,2700,2700,810000,29100,2700,0.035925925925925924,1,0,1,0,1,0,2,8,0,0,2,10,0,false,false,0.9985792588510829,0.99999999999999978,2026072607,10005808911069659570,568125826331953805,568125826331953805,EXHAUSTIVE_GROUPED_BY_R,0.026786213333333333,f6bbaee0392ac5d2,,,true,0
s2-07b,formal,BCH-S300,300,420,SEGMENTED,1,13,11,NONE,100,27,2700,2700,810000,23800,2700,0.029382716049382716,1,0,1,0,1,0,2,9,0,0,2,11,0,false,false,0.9985792588510829,0.99999999999999978,2026072607,10005808911069659570,568125826331953805,568125826331953805,EXHAUSTIVE_GROUPED_BY_R,0.026786213333333333,f6bbaee0392ac5d2,,,true,0
s2-07b,formal,BCH-S300,300,420,SEGMENTED,1,13,12,NONE,100,27,2700,2700,810000,26400,2700,0.03259259259259259,1,0,1,0,1,0,2,10,0,0,2,12,0,false,false,0.9985792588510829,0.99999999999999978,2026072607,10005808911069659570,568125826331953805,568125826331953805,EXHAUSTIVE_GROUPED_BY_R,0.026786213333333333,f6bbaee0392ac5d2,,,true,0
s2-07b,formal,BCH-S300,300,420,SEGMENTED,1,13,13,NONE,100,27,2700,2700,810000,28900,2700,0.035679012345679009,1,0,1,0,1,0,2,11,0,0,2,13,0,false,false,0.9985792588510829,0.99999999999999978,2026072607,10005808911069659570,568125826331953805,568125826331953805,EXHAUSTIVE_GROUPED_BY_R,0.026786213333333333,f6bbaee0392ac5d2,,,true,0
s2-07b,formal,BCH-S300,300,420,SEGMENTED,1,13,14,NONE,100,27,2700,2700,810000,26300,2700,0.032469135802469136,1,0,1,0,1,0,2,12,0,1,1,14,0,false,false,0.9985792588510829,0.99999999999999978,2026072607,10005808911069659570,568125826331953805,568125826331953805,EXHAUSTIVE_GROUPED_BY_R,0.026786213333333333,f6bbaee0392ac5d2,,,true,0
s2-07b,formal,BCH-S300,300,420,SEGMENTED,1,14,0,NONE,100,28,2800,2800,840000,30000,2800,0.035714285714285712,1,0,1,0,1,0,1,14,0,0,1,0,0,false,false,0.99862993008801926,1,2026072607,10005808911069659570,12480292504368282952,12480292504368282952,EXHAUSTIVE_GROUPED_BY_R,0.029696300000000002,cabea65e803be3a5,,,true,0
s2-07b,formal,BCH-S300,300,420,SEGMENTED,1,14,1,NONE,100,28,2800,2800,840000,30000,2800,0.035714285714285712,1,0,1,0,1,0,1,14,0,0,1,1,0,false,false,0.99862993008801926,1,2026072607,10005808911069659570,12480292504368282952,12480292504368282952,EXHAUSTIVE_GROUPED_BY_R,0.029696300000000002,cabea65e803be3a5,,,true,0
s2-07b,formal,BCH-S300,300,420,SEGMENTED,1,14,2,NONE,100,27,2700,2700,810000,24300,2700,0.029999999999999999,1,0,1,0,1,0,2,13,0,1,1,2,0,false,false,0.9985792588510829,0.99999999999999978,2026072607,10005808911069659570,12480292504368282952,12480292504368282952,EXHAUSTIVE_GROUPED_BY_R,0.029696300000000002,cabea65e803be3a5,,,true,0
s2-07b,formal,BCH-S300,300,420,SEGMENTED,1,14,3,NONE,100,27,2700,2700,810000,24300,2700,0.029999999999999999,1,0,1,0,1,0,2,12,0,0,2,3,0,false,false,0.9985792588510829,0.99999999999999978,2026072607,10005808911069659570,12480292504368282952,12480292504368282952,EXHAUSTIVE_GROUPED_BY_R,0.029696300000000002,cabea65e803be3a5,,,true,0
s2-07b,formal,BCH-S300,300,420,SEGMENTED,1,14,4,NONE,100,27,2700,2700,810000,26900,2700,0.033209876543209879,1,0,1,0,1,0,2,11,0,0,2,4,0,false,false,0.9985792588510829,0.99999999999999978,2026072607,10005808911069659570,12480292504368282952,12480292504368282952,EXHAUSTIVE_GROUPED_BY_R,0.029696300000000002,cabea65e803be3a5,,,true,0
s2-07b,formal,BCH-S300,300,420,SEGMENTED,1,14,5,NONE,100,27,2700,2700,810000,29500,2700,0.036419753086419752,1,0,1,0,1,0,2,10,0,0,2,5,0,false,false,0.9985792588510829,0.99999999999999978,2026072607,10005808911069659570,12480292504368282952,12480292504368282952,EXHAUSTIVE_GROUPED_BY_R,0.029696300000000002,cabea65e803be3a5,,,true,0
s2-07b,formal,BCH-S300,300,420,SEGMENTED,1,14,6,NONE,100,27,2700,2700,810000,26800,2700,0.033086419753086418,1,0,1,0,1,0,2,9,0,0,2,6,0,false,false,0.9985792588510829,0.99999999999999978,2026072607,10005808911069659570,12480292504368282952,12480292504368282952,EXHAUSTIVE_GROUPED_BY_R,0.029696300000000002,cabea65e803be3a5,,,true,0
s2-07b,formal,BCH-S300,300,420,SEGMENTED,1,14,7,NONE,100,27,2700,2700,810000,29400,2700,0.036296296296296299,1,0,1,0,1,0,2,8,0,0,2,7,0,false,false,0.9985792588510829,0.99999999999999978,2026072607,10005808911069659570,12480292504368282952,12480292504368282952,EXHAUSTIVE_GROUPED_BY_R,0.029696300000000002,cabea65e803be3a5,,,true,0
s2-07b,formal,BCH-S300,300,420,SEGMENTED,1,14,8,NONE,100,27,2700,2700,810000,21200,2700,0.02617283950617284,1,0,1,0,1,0,2,7,0,0,2,8,0,false,false,0.9985792588510829,0.99999999999999978,2026072607,10005808911069659570,12480292504368282952,12480292504368282952,EXHAUSTIVE_GROUPED_BY_R,0.029696300000000002,cabea65e803be3a5,,,true,0
s2-07b,formal,BCH-S300,300,420,SEGMENTED,1,14,9,NONE,100,27,2700,2700,810000,31800,2700,0.039259259259259258,1,0,1,0,1,0,2,8,0,0,2,9,0,false,false,0.9985792588510829,0.99999999999999978,2026072607,10005808911069659570,12480292504368282952,12480292504368282952,EXHAUSTIVE_GROUPED_BY_R,0.029696300000000002,cabea65e803be3a5,,,true,0
s2-07b,formal,BCH-S300,300,420,SEGMENTED,1,14,10,NONE,100,27,2700,2700,810000,26500,2700,0.03271604938271605,1,0,1,0,1,0,2,9,0,0,2,10,0,false,false,0.9985792588510829,0.99999999999999978,2026072607,10005808911069659570,12480292504368282952,12480292504368282952,EXHAUSTIVE_GROUPED_BY_R,0.029696300000000002,cabea65e803be3a5,,,true,0
s2-07b,formal,BCH-S300,300,420,SEGMENTED,1,14,11,NONE,100,27,2700,2700,810000,26400,2700,0.03259259259259259,1,0,1,0,1,0,2,10,0,0,2,11,0,false,false,0.9985792588510829,0.99999999999999978,2026072607,10005808911069659570,12480292504368282952,12480292504368282952,EXHAUSTIVE_GROUPED_BY_R,0.029696300000000002,cabea65e803be3a5,,,true,0
s2-07b,formal,BCH-S300,300,420,SEGMENTED,1,14,12,NONE,100,27,2700,2700,810000,28900,2700,0.035679012345679009,1,0,1,0,1,0,2,11,0,0,2,12,0,false,false,0.9985792588510829,0.99999999999999978,2026072607,10005808911069659570,12480292504368282952,12480292504368282952,EXHAUSTIVE_GROUPED_BY_R,0.029696300000000002,cabea65e803be3a5,,,true,0
s2-07b,formal,BCH-S300,300,420,SEGMENTED,1,14,13,NONE,100,27,2700,2700,810000,29000,2700,0.03580246913580247,1,0,1,0,1,0,2,12,0,0,2,13,0,false,false,0.9985792588510829,0.99999999999999978,2026072607,10005808911069659570,12480292504368282952,12480292504368282952,EXHAUSTIVE_GROUPED_BY_R,0.029696300000000002,cabea65e803be3a5,,,true,0
s2-07b,formal,BCH-S300,300,420,SEGMENTED,1,14,14,NONE,100,27,2700,2700,810000,26300,2700,0.032469135802469136,1,0,1,0,1,0,2,13,0,1,1,14,0,false,false,0.9985792588510829,0.99999999999999978,2026072607,10005808911069659570,12480292504368282952,12480292504368282952,EXHAUSTIVE_GROUPED_BY_R,0.029696300000000002,cabea65e803be3a5,,,true,0
s2-07b,formal,BCH-S300,300,420,SEGMENTED,1,15,0,NONE,100,28,2800,2800,840000,30000,2800,0.035714285714285712,1,0,1,0,1,0,1,15,0,0,1,0,0,false,false,0.99862993008801926,1,2026072607,10005808911069659570,7153744158337532346,7153744158337532346,EXHAUSTIVE_GROUPED_BY_R,0.026730326666666668,6f887ef0e6262a8d,,,true,0
s2-07b,formal,BCH-S300,300,420,SEGMENTED,1,15,1,NONE,100,27,2700,2700,810000,29700,2700,0.036666666666666667,1,0,1,0,1,0,2,14,0,1,1,1,0,false,false,0.9985792588510829,0.99999999999999978,2026072607,10005808911069659570,7153744158337532346,7153744158337532346,EXHAUSTIVE_GROUPED_BY_R,0.026730326666666668,6f887ef0e6262a8d,,,true,0
s2-07b,formal,BCH-S300,300,420,SEGMENTED,1,15,2,NONE,100,27,2700,2700,810000,29700,2700,0.036666666666666667,1,0,1,0,1,0,2,13,0,0,2,2,0,false,false,0.9985792588510829,0.99999999999999978,2026072607,10005808911069659570,7153744158337532346,7153744158337532346,EXHAUSTIVE_GROUPED_BY_R,0.026730326666666668,6f887ef0e6262a8d,,,true,0
s2-07b,formal,BCH-S300,300,420,SEGMENTED,1,15,3,NONE,100,27,2700,2700,810000,29600,2700,0.036543209876543213,1,0,1,0,1,0,2,12,0,0,2,3,0,false,false,0.9985792588510829,0.99999999999999978,2026072607,10005808911069659570,7153744158337532346,7153744158337532346,EXHAUSTIVE_GROUPED_BY_R,0.026730326666666668,6f887ef0e6262a8d,,,true,0
s2-07b,formal,BCH-S300,300,420,SEGMENTED,1,15,4,NONE,100,27,2700,2700,810000,29500,2700,0.036419753086419752,1,0,1,0,1,0,2,11,0,0,2,4,0,false,false,0.9985792588510829,0.99999999999999978,2026072607,10005808911069659570,7153744158337532346,7153744158337532346,EXHAUSTIVE_GROUPED_BY_R,0.026730326666666668,6f887ef0e6262a8d,,,true,0
s2-07b,formal,BCH-S300,300,420,SEGMENTED,1,15,5,NONE,100,27,2700,2700,810000,29500,2700,0.036419753086419752,1,0,1,0,1,0,2,10,0,0,2,5,0,false,false,0.9985792588510829,0.99999999999999978,2026072607,10005808911069659570,7153744158337532346,7153744158337532346,EXHAUSTIVE_GROUPED_BY_R,0.026730326666666668,6f887ef0e6262a8d,,,true,0
s2-07b,formal,BCH-S300,300,420,SEGMENTED,1,15,6,NONE,100,27,2700,2700,810000,29400,2700,0.036296296296296299,1,0,1,0,1,0,2,9,0,0,2,6,0,false,false,0.9985792588510829,0.99999999999999978,2026072607,10005808911069659570,7153744158337532346,7153744158337532346,EXHAUSTIVE_GROUPED_BY_R,0.026730326666666668,6f887ef0e6262a8d,,,true,0
s2-07b,formal,BCH-S300,300,420,SEGMENTED,1,15,7,NONE,100,27,2700,2700,810000,29300,2700,0.036172839506172838,1,0,1,0,1,0,2,8,0,0,2,7,0,false,false,0.9985792588510829,0.99999999999999978,2026072607,10005808911069659570,7153744158337532346,7153744158337532346,EXHAUSTIVE_GROUPED_BY_R,0.026730326666666668,6f887ef0e6262a8d,,,true,0
s2-07b,formal,BCH-S300,300,420,SEGMENTED,1,15,8,NONE,100,27,2700,2700,810000,29100,2700,0.035925925925925924,1,0,1,0,1,0,2,8,0,0,2,8,0,false,false,0.9985792588510829,0.99999999999999978,2026072607,10005808911069659570,7153744158337532346,7153744158337532346,EXHAUSTIVE_GROUPED_BY_R,0.026730326666666668,6f887ef0e6262a8d,,,true,0
s2-07b,formal,BCH-S300,300,420,SEGMENTED,1,15,9,NONE,100,27,2700,2700,810000,29200,2700,0.036049382716049384,1,0,1,0,1,0,2,9,0,0,2,9,0,false,false,0.9985792588510829,0.99999999999999978,2026072607,10005808911069659570,7153744158337532346,7153744158337532346,EXHAUSTIVE_GROUPED_BY_R,0.026730326666666668,6f887ef0e6262a8d,,,true,0
s2-07b,formal,BCH-S300,300,420,SEGMENTED,1,15,10,NONE,100,27,2700,2700,810000,29100,2700,0.035925925925925924,1,0,1,0,1,0,2,10,0,0,2,10,0,false,false,0.9985792588510829,0.99999999999999978,2026072607,10005808911069659570,7153744158337532346,7153744158337532346,EXHAUSTIVE_GROUPED_BY_R,0.026730326666666668,6f887ef0e6262a8d,,,true,0
s2-07b,formal,BCH-S300,300,420,SEGMENTED,1,15,11,NONE,100,27,2700,2700,810000,28900,2700,0.035679012345679009,1,0,1,0,1,0,2,11,0,0,2,11,0,false,false,0.9985792588510829,0.99999999999999978,2026072607,10005808911069659570,7153744158337532346,7153744158337532346,EXHAUSTIVE_GROUPED_BY_R,0.026730326666666668,6f887ef0e6262a8d,,,true,0
s2-07b,formal,BCH-S300,300,420,SEGMENTED,1,15,12,NONE,100,27,2700,2700,810000,29000,2700,0.03580246913580247,1,0,1,0,1,0,2,12,0,0,2,12,0,false,false,0.9985792588510829,0.99999999999999978,2026072607,10005808911069659570,7153744158337532346,7153744158337532346,EXHAUSTIVE_GROUPED_BY_R,0.026730326666666668,6f887ef0e6262a8d,,,true,0
s2-07b,formal,BCH-S300,300,420,SEGMENTED,1,15,13,NONE,100,27,2700,2700,810000,29000,2700,0.03580246913580247,1,0,1,0,1,0,2,13,0,0,2,13,0,false,false,0.9985792588510829,0.99999999999999978,2026072607,10005808911069659570,7153744158337532346,7153744158337532346,EXHAUSTIVE_GROUPED_BY_R,0.026730326666666668,6f887ef0e6262a8d,,,true,0
s2-07b,formal,BCH-S300,300,420,SEGMENTED,1,15,14,NONE,100,27,2700,2700,810000,28900,2700,0.035679012345679009,1,0,1,0,1,0,2,14,0,1,1,14,0,false,false,0.9985792588510829,0.99999999999999978,2026072607,10005808911069659570,7153744158337532346,7153744158337532346,EXHAUSTIVE_GROUPED_BY_R,0.026730326666666668,6f887ef0e6262a8d,,,true,0
s2-07b,formal,BCH-S300,300,420,SEGMENTED,1,16,0,NONE,100,27,2700,2700,810000,29700,2700,0.036666666666666667,1,0,1,0,1,0,2,15,0,1,1,0,0,false,false,0.9985792588510829,0.99999999999999978,2026072607,10005808911069659570,13012080238363114636,13012080238363114636,EXHAUSTIVE_GROUPED_BY_R,0.026404293333333332,ea26d0b0dfcbda6b,,,true,0
s2-07b,formal,BCH-S300,300,420,SEGMENTED,1,16,1,NONE,100,27,2700,2700,810000,35100,2700,0.043333333333333335,1,0,1,0,1,0,2,14,0,0,2,1,0,false,false,0.9985792588510829,0.99999999999999978,2026072607,10005808911069659570,13012080238363114636,13012080238363114636,EXHAUSTIVE_GROUPED_BY_R,0.026404293333333332,ea26d0b0dfcbda6b,,,true,0
s2-07b,formal,BCH-S300,300,420,SEGMENTED,1,16,2,NONE,100,27,2700,2700,810000,35000,2700,0.043209876543209874,1,0,1,0,1,0,2,13,0,0,2,2,0,false,false,0.9985792588510829,0.99999999999999978,2026072607,10005808911069659570,13012080238363114636,13012080238363114636,EXHAUSTIVE_GROUPED_BY_R,0.026404293333333332,ea26d0b0dfcbda6b,,,true,0
s2-07b,formal,BCH-S300,300,420,SEGMENTED,1,16,3,NONE,100,27,2700,2700,810000,32200,2700,0.039753086419753086,1,0,1,0,1,0,2,12,0,0,2,3,0,false,false,0.9985792588510829,0.99999999999999978,2026072607,10005808911069659570,13012080238363114636,13012080238363114636,EXHAUSTIVE_GROUPED_BY_R,0.026404293333333332,ea26d0b0dfcbda6b,,,true,0
s2-07b,formal,BCH-S300,300,420,SEGMENTED,1,16,4,NONE,100,27,2700,2700,810000,29500,2700,0.036419753086419752,1,0,1,0,1,0,2,11,0,0,2,4,0,false,false,0.9985792588510829,0.99999999999999978,2026072607,10005808911069659570,13012080238363114636,13012080238363114636,EXHAUSTIVE_GROUPED_BY_R,0.026404293333333332,ea26d0b0dfcbda6b,,,true,0
s2-07b,formal,BCH-S300,300,420,SEGMENTED,1,16,5,NONE,100,27,2700,2700,810000,32100,2700,0.039629629629629633,1,0,1,0,1,0,2,10,0,0,2,5,0,false,false,0.9985792588510829,0.99999999999999978,2026072607,10005808911069659570,13012080238363114636,13012080238363114636,EXHAUSTIVE_GROUPED_BY_R,0.026404293333333332,ea26d0b0dfcbda6b,,,true,0
s2-07b,formal,BCH-S300,300,420,SEGMENTED,1,16,6,NONE,100,27,2700,2700,810000,29300,2700,0.036172839506172838,1,0,1,0,1,0,2,9,0,0,2,6,0,false,false,0.9985792588510829,0.99999999999999978,2026072607,10005808911069659570,13012080238363114636,13012080238363114636,EXHAUSTIVE_GROUPED_BY_R,0.026404293333333332,ea26d0b0dfcbda6b,,,true,0
s2-07b,formal,BCH-S300,300,420,SEGMENTED,1,16,7,NONE,100,27,2700,2700,810000,37200,2700,0.045925925925925926,1,0,1,0,1,0,2,8,0,0,2,7,0,false,false,0.9985792588510829,0.99999999999999978,2026072607,10005808911069659570,13012080238363114636,13012080238363114636,EXHAUSTIVE_GROUPED_BY_R,0.026404293333333332,ea26d0b0dfcbda6b,,,true,0
s2-07b,formal,BCH-S300,300,420,SEGMENTED,1,16,8,NONE,100,27,2700,2700,810000,26500,2700,0.03271604938271605,1,0,1,0,1,0,2,9,0,0,2,8,0,false,false,0.9985792588510829,0.99999999999999978,2026072607,10005808911069659570,13012080238363114636,13012080238363114636,EXHAUSTIVE_GROUPED_BY_R,0.026404293333333332,ea26d0b0dfcbda6b,,,true,0
s2-07b,formal,BCH-S300,300,420,SEGMENTED,1,16,9,NONE,100,27,2700,2700,810000,31800,2700,0.039259259259259258,1,0,1,0,1,0,2,10,0,0,2,9,0,false,false,0.9985792588510829,0.99999999999999978,2026072607,10005808911069659570,13012080238363114636,13012080238363114636,EXHAUSTIVE_GROUPED_BY_R,0.026404293333333332,ea26d0b0dfcbda6b,,,true,0
s2-07b,formal,BCH-S300,300,420,SEGMENTED,1,16,10,NONE,100,27,2700,2700,810000,31600,2700,0.039012345679012343,1,0,1,0,1,0,2,11,0,0,2,10,0,false,false,0.9985792588510829,0.99999999999999978,2026072607,10005808911069659570,13012080238363114636,13012080238363114636,EXHAUSTIVE_GROUPED_BY_R,0.026404293333333332,ea26d0b0dfcbda6b,,,true,0
s2-07b,formal,BCH-S300,300,420,SEGMENTED,1,16,11,NONE,100,27,2700,2700,810000,29000,2700,0.03580246913580247,1,0,1,0,1,0,2,12,0,0,2,11,0,false,false,0.9985792588510829,0.99999999999999978,2026072607,10005808911069659570,13012080238363114636,13012080238363114636,EXHAUSTIVE_GROUPED_BY_R,0.026404293333333332,ea26d0b0dfcbda6b,,,true,0
s2-07b,formal,BCH-S300,300,420,SEGMENTED,1,16,12,NONE,100,27,2700,2700,810000,29000,2700,0.03580246913580247,1,0,1,0,1,0,2,13,0,0,2,12,0,false,false,0.9985792588510829,0.99999999999999978,2026072607,10005808911069659570,13012080238363114636,13012080238363114636,EXHAUSTIVE_GROUPED_BY_R,0.026404293333333332,ea26d0b0dfcbda6b,,,true,0
s2-07b,formal,BCH-S300,300,420,SEGMENTED,1,16,13,NONE,100,27,2700,2700,810000,31600,2700,0.039012345679012343,1,0,1,0,1,0,2,14,0,0,2,13,0,false,false,0.9985792588510829,0.99999999999999978,2026072607,10005808911069659570,13012080238363114636,13012080238363114636,EXHAUSTIVE_GROUPED_BY_R,0.026404293333333332,ea26d0b0dfcbda6b,,,true,0
s2-07b,formal,BCH-S300,300,420,SEGMENTED,1,16,14,NONE,100,27,2700,2700,810000,28900,2700,0.035679012345679009,1,0,1,0,1,0,2,15,0,1,1,14,0,false,false,0.9985792588510829,0.99999999999999978,2026072607,10005808911069659570,13012080238363114636,13012080238363114636,EXHAUSTIVE_GROUPED_BY_R,0.026404293333333332,ea26d0b0dfcbda6b,,,true,0
s2-07b,formal,BCH-S300,300,420,SEGMENTED,1,17,0,NONE,100,27,2700,2700,810000,35100,2700,0.043333333333333335,1,0,1,0,1,0,2,15,0,0,2,0,0,false,false,0.9985792588510829,0.99999999999999978,2026072607,10005808911069659570,15383346833692189589,15383346833692189589,EXHAUSTIVE_GROUPED_BY_R,0.026775953333333331,36591dd91375466c,,,true,0
s2-07b,formal,BCH-S300,300,420,SEGMENTED,1,17,1,NONE,100,27,2700,2700,810000,40400,2700,0.049876543209876542,1,0,1,0,1,0,2,14,0,0,2,1,0,false,false,0.9985792588510829,0.99999999999999978,2026072607,10005808911069659570,15383346833692189589,15383346833692189589,EXHAUSTIVE_GROUPED_BY_R,0.026775953333333331,36591dd91375466c,,,true,0
s2-07b,formal,BCH-S300,300,420,SEGMENTED,1,17,2,NONE,100,27,2700,2700,810000,37600,2700,0.046419753086419754,1,0,1,0,1,0,2,13,0,0,2,2,0,false,false,0.9985792588510829,0.99999999999999978,2026072607,10005808911069659570,15383346833692189589,15383346833692189589,EXHAUSTIVE_GROUPED_BY_R,0.026775953333333331,36591dd91375466c,,,true,0
s2-07b,formal,BCH-S300,300,420,SEGMENTED,1,17,3,NONE,100,27,2700,2700,810000,32200,2700,0.039753086419753086,1,0,1,0,1,0,2,12,0,0,2,3,0,false,false,0.9985792588510829,0.99999999999999978,2026072607,10005808911069659570,15383346833692189589,15383346833692189589,EXHAUSTIVE_GROUPED_BY_R,0.026775953333333331,36591dd91375466c,,,true,0
s2-07b,formal,BCH-S300,300,420,SEGMENTED,1,17,4,NONE,100,27,2700,2700,810000,32100,2700,0.039629629629629633,1,0,1,0,1,0,2,11,0,0,2,4,0,false,false,0.9985792588510829,0.99999999999999978,2026072607,10005808911069659570,15383346833692189589,15383346833692189589,EXHAUSTIVE_GROUPED_BY_R,0.026775953333333331,36591dd91375466c,,,true,0
s2-07b,formal,BCH-S300,300,420,SEGMENTED,1,17,5,NONE,100,27,2700,2700,810000,32000,2700,0.039506172839506172,1,0,1,0,1,0,2,10,0,0,2,5,0,false,false,0.9985792588510829,0.99999999999999978,2026072607,10005808911069659570,15383346833692189589,15383346833692189589,EXHAUSTIVE_GROUPED_BY_R,0.026775953333333331,36591dd91375466c,,,true,0
s2-07b,formal,BCH-S300,300,420,SEGMENTED,1,17,6,NONE,100,27,2700,2700,810000,37200,2700,0.045925925925925926,1,0,1,0,1,0,2,9,0,0,2,6,0,false,false,0.9985792588510829,0.99999999999999978,2026072607,10005808911069659570,15383346833692189589,15383346833692189589,EXHAUSTIVE_GROUPED_BY_R,0.026775953333333331,36591dd91375466c,,,true,0
s2-07b,formal,BCH-S300,300,420,SEGMENTED,1,17,7,NONE,100,27,2700,2700,810000,34600,2700,0.042716049382716052,1,0,1,0,1,0,2,9,0,0,2,7,0,false,false,0.9985792588510829,0.99999999999999978,2026072607,10005808911069659570,15383346833692189589,15383346833692189589,EXHAUSTIVE_GROUPED_BY_R,0.026775953333333331,36591dd91375466c,,,true,0
s2-07b,formal,BCH-S300,300,420,SEGMENTED,1,17,8,NONE,100,27,2700,2700,810000,29100,2700,0.035925925925925924,1,0,1,0,1,0,2,10,0,0,2,8,0,false,false,0.9985792588510829,0.99999999999999978,2026072607,10005808911069659570,15383346833692189589,15383346833692189589,EXHAUSTIVE_GROUPED_BY_R,0.026775953333333331,36591dd91375466c,,,true,0
s2-07b,formal,BCH-S300,300,420,SEGMENTED,1,17,9,NONE,100,27,2700,2700,810000,34300,2700,0.042345679012345677,1,0,1,0,1,0,2,11,0,0,2,9,0,false,false,0.9985792588510829,0.99999999999999978,2026072607,10005808911069659570,15383346833692189589,15383346833692189589,EXHAUSTIVE_GROUPED_BY_R,0.026775953333333331,36591dd91375466c,,,true,0
s2-07b,formal,BCH-S300,300,420,SEGMENTED,1,17,10,NONE,100,27,2700,2700,810000,31700,2700,0.039135802469135804,1,0,1,0,1,0,2,12,0,0,2,10,0,false,false,0.9985792588510829,0.99999999999999978,2026072607,10005808911069659570,15383346833692189589,15383346833692189589,EXHAUSTIVE_GROUPED_BY_R,0.026775953333333331,36591dd91375466c,,,true,0
s2-07b,formal,BCH-S300,300,420,SEGMENTED,1,17,11,NONE,100,27,2700,2700,810000,29000,2700,0.03580246913580247,1,0,1,0,1,0,2,13,0,0,2,11,0,false,false,0.9985792588510829,0.99999999999999978,2026072607,10005808911069659570,15383346833692189589,15383346833692189589,EXHAUSTIVE_GROUPED_BY_R,0.026775953333333331,36591dd91375466c,,,true,0
s2-07b,formal,BCH-S300,300,420,SEGMENTED,1,17,12,NONE,100,27,2700,2700,810000,31600,2700,0.039012345679012343,1,0,1,0,1,0,2,14,0,0,2,12,0,false,false,0.9985792588510829,0.99999999999999978,2026072607,10005808911069659570,15383346833692189589,15383346833692189589,EXHAUSTIVE_GROUPED_BY_R,0.026775953333333331,36591dd91375466c,,,true,0
s2-07b,formal,BCH-S300,300,420,SEGMENTED,1,17,13,NONE,100,27,2700,2700,810000,31600,2700,0.039012345679012343,1,0,1,0,1,0,2,15,0,0,2,13,0,false,false,0.9985792588510829,0.99999999999999978,2026072607,10005808911069659570,15383346833692189589,15383346833692189589,EXHAUSTIVE_GROUPED_BY_R,0.026775953333333331,36591dd91375466c,,,true,0
s2-07b,formal,BCH-S300,300,420,SEGMENTED,1,17,14,NONE,100,26,2600,2600,780000,28600,2600,0.036666666666666667,1,0,1,0,1,0,3,15,0,2,1,14,0,false,false,0.9985246955771131,0.99999999999999989,2026072607,10005808911069659570,15383346833692189589,15383346833692189589,EXHAUSTIVE_GROUPED_BY_R,0.026775953333333331,36591dd91375466c,,,true,0
s2-07b,formal,BCH-S300,300,420,SEGMENTED,1,18,0,NONE,100,27,2700,2700,810000,40400,2700,0.049876543209876542,1,0,1,0,1,0,2,15,0,0,2,0,0,false,false,0.9985792588510829,0.99999999999999978,2026072607,10005808911069659570,12595887830436951153,12595887830436951153,EXHAUSTIVE_GROUPED_BY_R,0.027807986666666666,6004d0369b5e7d5d,,,true,0
s2-07b,formal,BCH-S300,300,420,SEGMENTED,1,18,1,NONE,100,27,2700,2700,810000,43000,2700,0.053086419753086422,1,0,1,0,1,0,2,14,0,0,2,1,0,false,false,0.9985792588510829,0.99999999999999978,2026072607,10005808911069659570,12595887830436951153,12595887830436951153,EXHAUSTIVE_GROUPED_BY_R,0.027807986666666666,6004d0369b5e7d5d,,,true,0
s2-07b,formal,BCH-S300,300,420,SEGMENTED,1,18,2,NONE,100,27,2700,2700,810000,37600,2700,0.046419753086419754,1,0,1,0,1,0,2,13,0,0,2,2,0,false,false,0.9985792588510829,0.99999999999999978,2026072607,10005808911069659570,12595887830436951153,12595887830436951153,EXHAUSTIVE_GROUPED_BY_R,0.027807986666666666,6004d0369b5e7d5d,,,true,0
s2-07b,formal,BCH-S300,300,420,SEGMENTED,1,18,3,NONE,100,27,2700,2700,810000,34800,2700,0.04296296296296296,1,0,1,0,1,0,2,12,0,0,2,3,0,false,false,0.9985792588510829,0.99999999999999978,2026072607,10005808911069659570,12595887830436951153,12595887830436951153,EXHAUSTIVE_GROUPED_BY_R,0.027807986666666666,6004d0369b5e7d5d,,,true,0
s2-07b,formal,BCH-S300,300,420,SEGMENTED,1,18,4,NONE,100,27,2700,2700,810000,32000,2700,0.039506172839506172,1,0,1,0,1,0,2,11,0,0,2,4,0,false,false,0.9985792588510829,0.99999999999999978,2026072607,10005808911069659570,12595887830436951153,12595887830436951153,EXHAUSTIVE_GROUPED_BY_R,0.027807986666666666,6004d0369b5e7d5d,,,true,0
s2-07b,formal,BCH-S300,300,420,SEGMENTED,1,18,5,NONE,100,27,2700,2700,810000,39900,2700,0.04925925925925926,1,0,1,0,1,0,2,10,0,0,2,5,0,false,false,0.9985792588510829,0.99999999999999978,2026072607,10005808911069659570,12595887830436951153,12595887830436951153,EXHAUSTIVE_GROUPED_BY_R,0.027807986666666666,6004d0369b5e7d5d,,,true,0
s2-07b,formal,BCH-S300,300,420,SEGMENTED,1,18,6,NONE,100,27,2700,2700,810000,34600,2700,0.042716049382716052,1,0,1,0,1,0,2,9,0,0,2,6,0,false,false,0.9985792588510829,0.99999999999999978,2026072607,10005808911069659570,12595887830436951153,12595887830436951153,EXHAUSTIVE_GROUPED_BY_R,0.027807986666666666,6004d0369b5e7d5d,,,true,0
s2-07b,formal,BCH-S300,300,420,SEGMENTED,1,18,7,NONE,100,27,2700,2700,810000,37200,2700,0.045925925925925926,1,0,1,0,1,0,2,10,0,0,2,7,0,false,false,0.9985792588510829,0.99999999999999978,2026072607,10005808911069659570,12595887830436951153,12595887830436951153,EXHAUSTIVE_GROUPED_BY_R,0.027807986666666666,6004d0369b5e7d5d,,,true,0
s2-07b,formal,BCH-S300,300,420,SEGMENTED,1,18,8,NONE,100,27,2700,2700,810000,31600,2700,0.039012345679012343,1,0,1,0,1,0,2,11,0,0,2,8,0,false,false,0.9985792588510829,0.99999999999999978,2026072607,10005808911069659570,12595887830436951153,12595887830436951153,EXHAUSTIVE_GROUPED_BY_R,0.027807986666666666,6004d0369b5e7d5d,,,true,0
s2-07b,formal,BCH-S300,300,420,SEGMENTED,1,18,9,NONE,100,27,2700,2700,810000,34400,2700,0.042469135802469138,1,0,1,0,1,0,2,12,0,0,2,9,0,false,false,0.9985792588510829,0.99999999999999978,2026072607,10005808911069659570,12595887830436951153,12595887830436951153,EXHAUSTIVE_GROUPED_BY_R,0.027807986666666666,6004d0369b5e7d5d,,,true,0
s2-07b,formal,BCH-S300,300,420,SEGMENTED,1,18,10,NONE,100,27,2700,2700,810000,31700,2700,0.039135802469135804,1,0,1,0,1,0,2,13,0,0,2,10,0,false,false,0.9985792588510829,0.99999999999999978,2026072607,10005808911069659570,12595887830436951153,12595887830436951153,EXHAUSTIVE_GROUPED_BY_R,0.027807986666666666,6004d0369b5e7d5d,,,true,0
s2-07b,formal,BCH-S300,300,420,SEGMENTED,1,18,11,NONE,100,27,2700,2700,810000,31600,2700,0.039012345679012343,1,0,1,0,1,0,2,14,0,0,2,11,0,false,false,0.9985792588510829,0.99999999999999978,2026072607,10005808911069659570,12595887830436951153,12595887830436951153,EXHAUSTIVE_GROUPED_BY_R,0.027807986666666666,6004d0369b5e7d5d,,,true,0
s2-07b,formal,BCH-S300,300,420,SEGMENTED,1,18,12,NONE,100,27,2700,2700,810000,31600,2700,0.039012345679012343,1,0,1,0,1,0,2,15,0,0,2,12,0,false,false,0.9985792588510829,0.99999999999999978,2026072607,10005808911069659570,12595887830436951153,12595887830436951153,EXHAUSTIVE_GROUPED_BY_R,0.027807986666666666,6004d0369b5e7d5d,,,true,0
s2-07b,formal,BCH-S300,300,420,SEGMENTED,1,18,13,NONE,100,26,2600,2600,780000,31200,2600,0.040000000000000001,1,0,1,0,1,0,3,15,0,1,2,13,0,false,false,0.9985246955771131,0.99999999999999989,2026072607,10005808911069659570,12595887830436951153,12595887830436951153,EXHAUSTIVE_GROUPED_BY_R,0.027807986666666666,6004d0369b5e7d5d,,,true,0
s2-07b,formal,BCH-S300,300,420,SEGMENTED,1,18,14,NONE,100,26,2600,2600,780000,33800,2600,0.043333333333333335,1,0,1,0,1,0,3,15,0,1,2,14,0,false,false,0.9985246955771131,0.99999999999999989,2026072607,10005808911069659570,12595887830436951153,12595887830436951153,EXHAUSTIVE_GROUPED_BY_R,0.027807986666666666,6004d0369b5e7d5d,,,true,0
s2-07b,formal,BCH-S300,300,420,SEGMENTED,1,19,0,NONE,100,27,2700,2700,810000,43000,2700,0.053086419753086422,1,0,1,0,1,0,2,15,0,0,2,0,0,false,false,0.9985792588510829,0.99999999999999978,2026072607,10005808911069659570,14846543798863526297,14846543798863526297,EXHAUSTIVE_GROUPED_BY_R,0.028010319999999998,8416fa16a28472fe,,,true,0
s2-07b,formal,BCH-S300,300,420,SEGMENTED,1,19,1,NONE,100,27,2700,2700,810000,43000,2700,0.053086419753086422,1,0,1,0,1,0,2,14,0,0,2,1,0,false,false,0.9985792588510829,0.99999999999999978,2026072607,10005808911069659570,14846543798863526297,14846543798863526297,EXHAUSTIVE_GROUPED_BY_R,0.028010319999999998,8416fa16a28472fe,,,true,0
s2-07b,formal,BCH-S300,300,420,SEGMENTED,1,19,2,NONE,100,27,2700,2700,810000,40200,2700,0.049629629629629628,1,0,1,0,1,0,2,13,0,0,2,2,0,false,false,0.9985792588510829,0.99999999999999978,2026072607,10005808911069659570,14846543798863526297,14846543798863526297,EXHAUSTIVE_GROUPED_BY_R,0.028010319999999998,8416fa16a28472fe,,,true,0
s2-07b,formal,BCH-S300,300,420,SEGMENTED,1,19,3,NONE,100,27,2700,2700,810000,34700,2700,0.042839506172839506,1,0,1,0,1,0,2,12,0,0,2,3,0,false,false,0.9985792588510829,0.99999999999999978,2026072607,10005808911069659570,14846543798863526297,14846543798863526297,EXHAUSTIVE_GROUPED_BY_R,0.028010319999999998,8416fa16a28472fe,,,true,0
s2-07b,formal,BCH-S300,300,420,SEGMENTED,1,19,4,NONE,100,27,2700,2700,810000,39900,2700,0.04925925925925926,1,0,1,0,1,0,2,11,0,0,2,4,0,false,false,0.9985792588510829,0.99999999999999978,2026072607,10005808911069659570,14846543798863526297,14846543798863526297,EXHAUSTIVE_GROUPED_BY_R,0.028010319999999998,8416fa16a28472fe,,,true,0
s2-07b,formal,BCH-S300,300,420,SEGMENTED,1,19,5,NONE,100,27,2700,2700,810000,37300,2700,0.046049382716049379,1,0,1,0,1,0,2,10,0,0,2,5,0,false,false,0.9985792588510829,0.99999999999999978,2026072607,10005808911069659570,14846543798863526297,14846543798863526297,EXHAUSTIVE_GROUPED_BY_R,0.028010319999999998,8416fa16a28472fe,,,true,0
s2-07b,formal,BCH-S300,300,420,SEGMENTED,1,19,6,NONE,100,27,2700,2700,810000,37200,2700,0.045925925925925926,1,0,1,0,1,0,2,10,0,0,2,6,0,false,false,0.9985792588510829,0.99999999999999978,2026072607,10005808911069659570,14846543798863526297,14846543798863526297,EXHAUSTIVE_GROUPED_BY_R,0.028010319999999998,8416fa16a28472fe,,,true,0
s2-07b,formal,BCH-S300,300,420,SEGMENTED,1,19,7,NONE,100,27,2700,2700,810000,39700,2700,0.049012345679012345,1,0,1,0,1,0,2,11,0,0,2,7,0,false,false,0.9985792588510829,0.99999999999999978,2026072607,10005808911069659570,14846543798863526297,14846543798863526297,EXHAUSTIVE_GROUPED_BY_R,0.028010319999999998,8416fa16a28472fe,,,true,0
s2-07b,formal,BCH-S300,300,420,SEGMENTED,1,19,8,NONE,100,27,2700,2700,810000,31700,2700,0.039135802469135804,1,0,1,0,1,0,2,12,0,0,2,8,0,false,false,0.9985792588510829,0.99999999999999978,2026072607,10005808911069659570,14846543798863526297,14846543798863526297,EXHAUSTIVE_GROUPED_BY_R,0.028010319999999998,8416fa16a28472fe,,,true,0
s2-07b,formal,BCH-S300,300,420,SEGMENTED,1,19,9,NONE,100,27,2700,2700,810000,34400,2700,0.042469135802469138,1,0,1,0,1,0,2,13,0,0,2,9,0,false,false,0.9985792588510829,0.99999999999999978,2026072607,10005808911069659570,14846543798863526297,14846543798863526297,EXHAUSTIVE_GROUPED_BY_R,0.028010319999999998,8416fa16a28472fe,,,true,0
s2-07b,formal,BCH-S300,300,420,SEGMENTED,1,19,10,NONE,100,27,2700,2700,810000,34300,2700,0.042345679012345677,1,0,1,0,1,0,2,14,0,0,2,10,0,false,false,0.9985792588510829,0.99999999999999978,2026072607,10005808911069659570,14846543798863526297,14846543798863526297,EXHAUSTIVE_GROUPED_BY_R,0.028010319999999998,8416fa16a28472fe,,,true,0
s2-07b,formal,BCH-S300,300,420,SEGMENTED,1,19,11,NONE,100,27,2700,2700,810000,31600,2700,0.039012345679012343,1,0,1,0,1,0,2,15,0,0,2,11,0,false,false,0.9985792588510829,0.99999999999999978,2026072607,10005808911069659570,14846543798863526297,14846543798863526297,EXHAUSTIVE_GROUPED_BY_R,0.028010319999999998,8416fa16a28472fe,,,true,0
s2-07b,formal,BCH-S300,300,420,SEGMENTED,1,19,12,NONE,100,26,2600,2600,780000,31200,2600,0.040000000000000001,1,0,1,0,1,0,3,15,0,1,2,12,0,false,false,0.9985246955771131,0.99999999999999989,2026072607,10005808911069659570,14846543798863526297,14846543798863526297,EXHAUSTIVE_GROUPED_BY_R,0.028010319999999998,8416fa16a28472fe,,,true,0
s2-07b,formal,BCH-S300,300,420,SEGMENTED,1,19,13,NONE,100,26,2600,2600,780000,36400,2600,0.046666666666666669,1,0,1,0,1,0,3,15,0,0,3,13,0,false,false,0.9985246955771131,0.99999999999999989,2026072607,10005808911069659570,14846543798863526297,14846543798863526297,EXHAUSTIVE_GROUPED_BY_R,0.028010319999999998,8416fa16a28472fe,,,true,0
s2-07b,formal,BCH-S300,300,420,SEGMENTED,1,19,14,NONE,100,26,2600,2600,780000,38900,2600,0.049871794871794869,1,0,1,0,1,0,3,15,0,1,2,14,0,false,false,0.9985246955771131,0.99999999999999989,2026072607,10005808911069659570,14846543798863526297,14846543798863526297,EXHAUSTIVE_GROUPED_BY_R,0.028010319999999998,8416fa16a28472fe,,,true,0
s2-07b,formal,BCH-S300,300,420,SEGMENTED,1,20,0,NONE,100,27,2700,2700,810000,43000,2700,0.053086419753086422,1,0,1,0,1,0,2,15,0,0,2,0,0,false,false,0.9985792588510829,0.99999999999999978,2026072607,10005808911069659570,1854904982085590202,1854904982085590202,EXHAUSTIVE_GROUPED_BY_R,0.026717659999999997,9308ebd127cab90f,,,true,0
s2-07b,formal,BCH-S300,300,420,SEGMENTED,1,20,1,NONE,100,27,2700,2700,810000,45600,2700,0.056296296296296296,1,0,1,0,1,0,2,14,0,0,2,1,0,false,false,0.9985792588510829,0.99999999999999978,2026072607,10005808911069659570,1854904982085590202,1854904982085590202,EXHAUSTIVE_GROUPED_BY_R,0.026717659999999997,9308ebd127cab90f,,,true,0
s2-07b,formal,BCH-S300,300,420,SEGMENTED,1,20,2,NONE,100,27,2700,2700,810000,40100,2700,0.049506172839506174,1,0,1,0,1,0,2,13,0,0,2,2,0,false,false,0.9985792588510829,0.99999999999999978,2026072607,10005808911069659570,1854904982085590202,1854904982085590202,EXHAUSTIVE_GROUPED_BY_R,0.026717659999999997,9308ebd127cab90f,,,true,0
s2-07b,formal,BCH-S300,300,420,SEGMENTED,1,20,3,NONE,100,27,2700,2700,810000,42600,2700,0.052592592592592594,1,0,1,0,1,0,2,12,0,0,2,3,0,false,false,0.9985792588510829,0.99999999999999978,2026072607,10005808911069659570,1854904982085590202,1854904982085590202,EXHAUSTIVE_GROUPED_BY_R,0.026717659999999997,9308ebd127cab90f,,,true,0
s2-07b,formal,BCH-S300,300,420,SEGMENTED,1,20,4,NONE,100,27,2700,2700,810000,37300,2700,0.046049382716049379,1,0,1,0,1,0,2,11,0,0,2,4,0,false,false,0.9985792588510829,0.99999999999999978,2026072607,10005808911069659570,1854904982085590202,1854904982085590202,EXHAUSTIVE_GROUPED_BY_R,0.026717659999999997,9308ebd127cab90f,,,true,0
s2-07b,formal,BCH-S300,300,420,SEGMENTED,1,20,5,NONE,100,27,2700,2700,810000,39900,2700,0.04925925925925926,1,0,1,0,1,0,2,10,0,0,2,5,0,false,false,0.9985792588510829,0.99999999999999978,2026072607,10005808911069659570,1854904982085590202,1854904982085590202,EXHAUSTIVE_GROUPED_BY_R,0.026717659999999997,9308ebd127cab90f,,,true,0
s2-07b,formal,BCH-S300,300,420,SEGMENTED,1,20,6,NONE,100,27,2700,2700,810000,39700,2700,0.049012345679012345,1,0,1,0,1,0,2,11,0,0,2,6,0,false,false,0.9985792588510829,0.99999999999999978,2026072607,10005808911069659570,1854904982085590202,1854904982085590202,EXHAUSTIVE_GROUPED_BY_R,0.026717659999999997,9308ebd127cab90f,,,true,0
s2-07b,formal,BCH-S300,300,420,SEGMENTED,1,20,7,NONE,100,27,2700,2700,810000,39800,2700,0.049135802469135806,1,0,1,0,1,0,2,12,0,0,2,7,0,false,false,0.9985792588510829,0.99999999999999978,2026072607,10005808911069659570,1854904982085590202,1854904982085590202,EXHAUSTIVE_GROUPED_BY_R,0.026717659999999997,9308ebd127cab90f,,,true,0
s2-07b,formal,BCH-S300,300,420,SEGMENTED,1,20,8,NONE,100,27,2700,2700,810000,31700,2700,0.039135802469135804,1,0,1,0,1,0,2,13,0,0,2,8,0,false,false,0.9985792588510829,0.99999999999999978,2026072607,10005808911069659570,1854904982085590202,1854904982085590202,EXHAUSTIVE_GROUPED_BY_R,0.026717659999999997,9308ebd127cab90f,,,true,0
s2-07b,formal,BCH-S300,300,420,SEGMENTED,1,20,9,NONE,100,27,2700,2700,810000,37000,2700,0.045679012345679011,1,0,1,0,1,0,2,14,0,0,2,9,0,false,false,0.9985792588510829,0.99999999999999978,2026072607,10005808911069659570,1854904982085590202,1854904982085590202,EXHAUSTIVE_GROUPED_BY_R,0.026717659999999997,9308ebd127cab90f,,,true,0
s2-07b,formal,BCH-S300,300,420,SEGMENTED,1,20,10,NONE,100,27,2700,2700,810000,34300,2700,0.042345679012345677,1,0,1,0,1,0,2,15,0,0,2,10,0,false,false,0.9985792588510829,0.99999999999999978,2026072607,10005808911069659570,1854904982085590202,1854904982085590202,EXHAUSTIVE_GROUPED_BY_R,0.026717659999999997,9308ebd127cab90f,,,true,0
s2-07b,formal,BCH-S300,300,420,SEGMENTED,1,20,11,NONE,100,26,2600,2600,780000,31200,2600,0.040000000000000001,1,0,1,0,1,0,3,15,0,1,2,11,0,false,false,0.9985246955771131,0.99999999999999989,2026072607,10005808911069659570,1854904982085590202,1854904982085590202,EXHAUSTIVE_GROUPED_BY_R,0.026717659999999997,9308ebd127cab90f,,,true,0
s2-07b,formal,BCH-S300,300,420,SEGMENTED,1,20,12,NONE,100,26,2600,2600,780000,36400,2600,0.046666666666666669,1,0,1,0,1,0,3,15,0,0,3,12,0,false,false,0.9985246955771131,0.99999999999999989,2026072607,10005808911069659570,1854904982085590202,1854904982085590202,EXHAUSTIVE_GROUPED_BY_R,0.026717659999999997,9308ebd127cab90f,,,true,0
s2-07b,formal,BCH-S300,300,420,SEGMENTED,1,20,13,NONE,100,26,2600,2600,780000,41500,2600,0.053205128205128203,1,0,1,0,1,0,3,15,0,0,3,13,0,false,false,0.9985246955771131,0.99999999999999989,2026072607,10005808911069659570,1854904982085590202,1854904982085590202,EXHAUSTIVE_GROUPED_BY_R,0.026717659999999997,9308ebd127cab90f,,,true,0
s2-07b,formal,BCH-S300,300,420,SEGMENTED,1,20,14,NONE,100,26,2600,2600,780000,41400,2600,0.053076923076923077,1,0,1,0,1,0,3,15,0,1,2,14,0,false,false,0.9985246955771131,0.99999999999999989,2026072607,10005808911069659570,1854904982085590202,1854904982085590202,EXHAUSTIVE_GROUPED_BY_R,0.026717659999999997,9308ebd127cab90f,,,true,0
s2-07b,formal,BCH-S300,300,420,SEGMENTED,1,21,0,NONE,100,27,2700,2700,810000,45600,2700,0.056296296296296296,1,0,1,0,1,0,2,15,0,0,2,0,0,false,false,0.9985792588510829,0.99999999999999978,2026072607,10005808911069659570,14337885963671678849,14337885963671678849,EXHAUSTIVE_GROUPED_BY_R,0.026705826666666665,1c76f7afc06310dd,,,true,0
s2-07b,formal,BCH-S300,300,420,SEGMENTED,1,21,1,NONE,100,27,2700,2700,810000,45500,2700,0.056172839506172842,1,0,1,0,1,0,2,14,0,0,2,1,0,false,false,0.9985792588510829,0.99999999999999978,2026072607,10005808911069659570,14337885963671678849,14337885963671678849,EXHAUSTIVE_GROUPED_BY_R,0.026705826666666665,1c76f7afc06310dd,,,true,0
s2-07b,formal,BCH-S300,300,420,SEGMENTED,1,21,2,NONE,100,27,2700,2700,810000,48000,2700,0.059259259259259262,1,0,1,0,1,0,2,13,0,0,2,2,0,false,false,0.9985792588510829,0.99999999999999978,2026072607,10005808911069659570,14337885963671678849,14337885963671678849,EXHAUSTIVE_GROUPED_BY_R,0.026705826666666665,1c76f7afc06310dd,,,true,0
s2-07b,formal,BCH-S300,300,420,SEGMENTED,1,21,3,NONE,100,27,2700,2700,810000,40000,2700,0.049382716049382713,1,0,1,0,1,0,2,12,0,0,2,3,0,false,false,0.9985792588510829,0.99999999999999978,2026072607,10005808911069659570,14337885963671678849,14337885963671678849,EXHAUSTIVE_GROUPED_BY_R,0.026705826666666665,1c76f7afc06310dd,,,true,0
s2-07b,formal,BCH-S300,300,420,SEGMENTED,1,21,4,NONE,100,27,2700,2700,810000,39900,2700,0.04925925925925926,1,0,1,0,1,0,2,11,0,0,2,4,0,false,false,0.9985792588510829,0.99999999999999978,2026072607,10005808911069659570,14337885963671678849,14337885963671678849,EXHAUSTIVE_GROUPED_BY_R,0.026705826666666665,1c76f7afc06310dd,,,true,0
s2-07b,formal,BCH-S300,300,420,SEGMENTED,1,21,5,NONE,100,27,2700,2700,810000,42400,2700,0.052345679012345679,1,0,1,0,1,0,2,11,0,0,2,5,0,false,false,0.9985792588510829,0.99999999999999978,2026072607,10005808911069659570,14337885963671678849,14337885963671678849,EXHAUSTIVE_GROUPED_BY_R,0.026705826666666665,1c76f7afc06310dd,,,true,0
s2-07b,formal,BCH-S300,300,420,SEGMENTED,1,21,6,NONE,100,27,2700,2700,810000,39800,2700,0.049135802469135806,1,0,1,0,1,0,2,12,0,0,2,6,0,false,false,0.9985792588510829,0.99999999999999978,2026072607,10005808911069659570,14337885963671678849,14337885963671678849,EXHAUSTIVE_GROUPED_BY_R,0.026705826666666665,1c76f7afc06310dd,,,true,0
s2-07b,formal,BCH-S300,300,420,SEGMENTED,1,21,7,NONE,100,27,2700,2700,810000,39800,2700,0.049135802469135806,1,0,1,0,1,0,2,13,0,0,2,7,0,false,false,0.9985792588510829,0.99999999999999978,2026072607,10005808911069659570,14337885963671678849,14337885963671678849,EXHAUSTIVE_GROUPED_BY_R,0.026705826666666665,1c76f7afc06310dd,,,true,0
s2-07b,formal,BCH-S300,300,420,SEGMENTED,1,21,8,NONE,100,27,2700,2700,810000,34300,2700,0.042345679012345677,1,0,1,0,1,0,2,14,0,0,2,8,0,false,false,0.9985792588510829,0.99999999999999978,2026072607,10005808911069659570,14337885963671678849,14337885963671678849,EXHAUSTIVE_GROUPED_BY_R,0.026705826666666665,1c76f7afc06310dd,,,true,0
s2-07b,formal,BCH-S300,300,420,SEGMENTED,1,21,9,NONE,100,27,2700,2700,810000,37000,2700,0.045679012345679011,1,0,1,0,1,0,2,15,0,0,2,9,0,false,false,0.9985792588510829,0.99999999999999978,2026072607,10005808911069659570,14337885963671678849,14337885963671678849,EXHAUSTIVE_GROUPED_BY_R,0.026705826666666665,1c76f7afc06310dd,,,true,0
s2-07b,formal,BCH-S300,300,420,SEGMENTED,1,21,10,NONE,100,26,2600,2600,780000,33800,2600,0.043333333333333335,1,0,1,0,1,0,3,15,0,1,2,10,0,false,false,0.9985246955771131,0.99999999999999989,2026072607,10005808911069659570,14337885963671678849,14337885963671678849,EXHAUSTIVE_GROUPED_BY_R,0.026705826666666665,1c76f7afc06310dd,,,true,0
s2-07b,formal,BCH-S300,300,420,SEGMENTED,1,21,11,NONE,100,26,2600,2600,780000,36400,2600,0.046666666666666669,1,0,1,0,1,0,3,15,0,0,3,11,0,false,false,0.9985246955771131,0.99999999999999989,2026072607,10005808911069659570,14337885963671678849,14337885963671678849,EXHAUSTIVE_GROUPED_BY_R,0.026705826666666665,1c76f7afc06310dd,,,true,0
s2-07b,formal,BCH-S300,300,420,SEGMENTED,1,21,12,NONE,100,26,2600,2600,780000,41500,2600,0.053205128205128203,1,0,1,0,1,0,3,15,0,0,3,12,0,false,false,0.9985246955771131,0.99999999999999989,2026072607,10005808911069659570,14337885963671678849,14337885963671678849,EXHAUSTIVE_GROUPED_BY_R,0.026705826666666665,1c76f7afc06310dd,,,true,0
s2-07b,formal,BCH-S300,300,420,SEGMENTED,1,21,13,NONE,100,26,2600,2600,780000,44000,2600,0.056410256410256411,1,0,1,0,1,0,3,15,0,0,3,13,0,false,false,0.9985246955771131,0.99999999999999989,2026072607,10005808911069659570,14337885963671678849,14337885963671678849,EXHAUSTIVE_GROUPED_BY_R,0.026705826666666665,1c76f7afc06310dd,,,true,0
s2-07b,formal,BCH-S300,300,420,SEGMENTED,1,21,14,NONE,100,26,2600,2600,780000,41400,2600,0.053076923076923077,1,0,1,0,1,0,3,15,0,1,2,14,0,false,false,0.9985246955771131,0.99999999999999989,2026072607,10005808911069659570,14337885963671678849,14337885963671678849,EXHAUSTIVE_GROUPED_BY_R,0.026705826666666665,1c76f7afc06310dd,,,true,0
s2-07b,formal,BCH-S300,300,420,SEGMENTED,1,22,0,NONE,100,27,2700,2700,810000,45500,2700,0.056172839506172842,1,0,1,0,1,0,2,15,0,0,2,0,0,false,false,0.9985792588510829,0.99999999999999978,2026072607,10005808911069659570,5601236450870155005,5601236450870155005,EXHAUSTIVE_GROUPED_BY_R,0.025960019999999997,76085818e257c185,,,true,0
s2-07b,formal,BCH-S300,300,420,SEGMENTED,1,22,1,NONE,100,27,2700,2700,810000,53400,2700,0.065925925925925929,1,0,1,0,1,0,2,14,0,0,2,1,0,false,false,0.9985792588510829,0.99999999999999978,2026072607,10005808911069659570,5601236450870155005,5601236450870155005,EXHAUSTIVE_GROUPED_BY_R,0.025960019999999997,76085818e257c185,,,true,0
s2-07b,formal,BCH-S300,300,420,SEGMENTED,1,22,2,NONE,100,27,2700,2700,810000,45400,2700,0.056049382716049381,1,0,1,0,1,0,2,13,0,0,2,2,0,false,false,0.9985792588510829,0.99999999999999978,2026072607,10005808911069659570,5601236450870155005,5601236450870155005,EXHAUSTIVE_GROUPED_BY_R,0.025960019999999997,76085818e257c185,,,true,0
s2-07b,formal,BCH-S300,300,420,SEGMENTED,1,22,3,NONE,100,27,2700,2700,810000,42600,2700,0.052592592592592594,1,0,1,0,1,0,2,12,0,0,2,3,0,false,false,0.9985792588510829,0.99999999999999978,2026072607,10005808911069659570,5601236450870155005,5601236450870155005,EXHAUSTIVE_GROUPED_BY_R,0.025960019999999997,76085818e257c185,,,true,0
s2-07b,formal,BCH-S300,300,420,SEGMENTED,1,22,4,NONE,100,27,2700,2700,810000,42400,2700,0.052345679012345679,1,0,1,0,1,0,2,11,0,0,2,4,0,false,false,0.9985792588510829,0.99999999999999978,2026072607,10005808911069659570,5601236450870155005,5601236450870155005,EXHAUSTIVE_GROUPED_BY_R,0.025960019999999997,76085818e257c185,,,true,0
s2-07b,formal,BCH-S300,300,420,SEGMENTED,1,22,5,NONE,100,27,2700,2700,810000,42500,2700,0.052469135802469133,1,0,1,0,1,0,2,12,0,0,2,5,0,false,false,0.9985792588510829,0.99999999999999978,2026072607,10005808911069659570,5601236450870155005,5601236450870155005,EXHAUSTIVE_GROUPED_BY_R,0.025960019999999997,76085818e257c185,,,true,0
s2-07b,formal,BCH-S300,300,420,SEGMENTED,1,22,6,NONE,100,27,2700,2700,810000,39800,2700,0.049135802469135806,1,0,1,0,1,0,2,13,0,0,2,6,0,false,false,0.9985792588510829,0.99999999999999978,2026072607,10005808911069659570,5601236450870155005,5601236450870155005,EXHAUSTIVE_GROUPED_BY_R,0.025960019999999997,76085818e257c185,,,true,0
s2-07b,formal,BCH-S300,300,420,SEGMENTED,1,22,7,NONE,100,27,2700,2700,810000,42400,2700,0.052345679012345679,1,0,1,0,1,0,2,14,0,0,2,7,0,false,false,0.9985792588510829,0.99999999999999978,2026072607,10005808911069659570,5601236450870155005,5601236450870155005,EXHAUSTIVE_GROUPED_BY_R,0.025960019999999997,76085818e257c185,,,true,0
s2-07b,formal,BCH-S300,300,420,SEGMENTED,1,22,8,NONE,100,27,2700,2700,810000,34300,2700,0.042345679012345677,1,0,1,0,1,0,2,15,0,0,2,8,0,false,false,0.9985792588510829,0.99999999999999978,2026072607,10005808911069659570,5601236450870155005,5601236450870155005,EXHAUSTIVE_GROUPED_BY_R,0.025960019999999997,76085818e257c185,,,true,0
s2-07b,formal,BCH-S300,300,420,SEGMENTED,1,22,9,NONE,100,26,2600,2600,780000,36400,2600,0.046666666666666669,1,0,1,0,1,0,3,15,0,1,2,9,0,false,false,0.9985246955771131,0.99999999999999989,2026072607,10005808911069659570,5601236450870155005,5601236450870155005,EXHAUSTIVE_GROUPED_BY_R,0.025960019999999997,76085818e257c185,,,true,0
s2-07b,formal,BCH-S300,300,420,SEGMENTED,1,22,10,NONE,100,26,2600,2600,780000,39000,2600,0.050000000000000003,1,0,1,0,1,0,3,15,0,0,3,10,0,false,false,0.9985246955771131,0.99999999999999989,2026072607,10005808911069659570,5601236450870155005,5601236450870155005,EXHAUSTIVE_GROUPED_BY_R,0.025960019999999997,76085818e257c185,,,true,0
s2-07b,formal,BCH-S300,300,420,SEGMENTED,1,22,11,NONE,100,26,2600,2600,780000,41500,2600,0.053205128205128203,1,0,1,0,1,0,3,15,0,0,3,11,0,false,false,0.9985246955771131,0.99999999999999989,2026072607,10005808911069659570,5601236450870155005,5601236450870155005,EXHAUSTIVE_GROUPED_BY_R,0.025960019999999997,76085818e257c185,,,true,0
s2-07b,formal,BCH-S300,300,420,SEGMENTED,1,22,12,NONE,100,26,2600,2600,780000,44000,2600,0.056410256410256411,1,0,1,0,1,0,3,15,0,0,3,12,0,false,false,0.9985246955771131,0.99999999999999989,2026072607,10005808911069659570,5601236450870155005,5601236450870155005,EXHAUSTIVE_GROUPED_BY_R,0.025960019999999997,76085818e257c185,,,true,0
s2-07b,formal,BCH-S300,300,420,SEGMENTED,1,22,13,NONE,100,26,2600,2600,780000,44000,2600,0.056410256410256411,1,0,1,0,1,0,3,15,0,0,3,13,0,false,false,0.9985246955771131,0.99999999999999989,2026072607,10005808911069659570,5601236450870155005,5601236450870155005,EXHAUSTIVE_GROUPED_BY_R,0.025960019999999997,76085818e257c185,,,true,0
s2-07b,formal,BCH-S300,300,420,SEGMENTED,1,22,14,NONE,100,26,2600,2600,780000,43900,2600,0.056282051282051285,1,0,1,0,1,0,3,15,0,1,2,14,0,false,false,0.9985246955771131,0.99999999999999989,2026072607,10005808911069659570,5601236450870155005,5601236450870155005,EXHAUSTIVE_GROUPED_BY_R,0.025960019999999997,76085818e257c185,,,true,0
s2-07b,formal,BCH-S300,300,420,SEGMENTED,1,23,0,NONE,100,27,2700,2700,810000,53400,2700,0.065925925925925929,1,0,1,0,1,0,2,15,0,0,2,0,0,false,false,0.9985792588510829,0.99999999999999978,2026072607,10005808911069659570,2434939610171538647,2434939610171538647,EXHAUSTIVE_GROUPED_BY_R,0.025422613333333333,c74e54c5ff50a5a0,,,true,0
s2-07b,formal,BCH-S300,300,420,SEGMENTED,1,23,1,NONE,100,27,2700,2700,810000,50800,2700,0.062716049382716049,1,0,1,0,1,0,2,14,0,0,2,1,0,false,false,0.9985792588510829,0.99999999999999978,2026072607,10005808911069659570,2434939610171538647,2434939610171538647,EXHAUSTIVE_GROUPED_BY_R,0.025422613333333333,c74e54c5ff50a5a0,,,true,0
s2-07b,formal,BCH-S300,300,420,SEGMENTED,1,23,2,NONE,100,27,2700,2700,810000,48000,2700,0.059259259259259262,1,0,1,0,1,0,2,13,0,0,2,2,0,false,false,0.9985792588510829,0.99999999999999978,2026072607,10005808911069659570,2434939610171538647,2434939610171538647,EXHAUSTIVE_GROUPED_BY_R,0.025422613333333333,c74e54c5ff50a5a0,,,true,0
s2-07b,formal,BCH-S300,300,420,SEGMENTED,1,23,3,NONE,100,27,2700,2700,810000,45100,2700,0.055679012345679013,1,0,1,0,1,0,2,12,0,0,2,3,0,false,false,0.9985792588510829,0.99999999999999978,2026072607,10005808911069659570,2434939610171538647,2434939610171538647,EXHAUSTIVE_GROUPED_BY_R,0.025422613333333333,c74e54c5ff50a5a0,,,true,0
s2-07b,formal,BCH-S300,300,420,SEGMENTED,1,23,4,NONE,100,27,2700,2700,810000,42500,2700,0.052469135802469133,1,0,1,0,1,0,2,12,0,0,2,4,0,false,false,0.9985792588510829,0.99999999999999978,2026072607,10005808911069659570,2434939610171538647,2434939610171538647,EXHAUSTIVE_GROUPED_BY_R,0.025422613333333333,c74e54c5ff50a5a0,,,true,0
s2-07b,formal,BCH-S300,300,420,SEGMENTED,1,23,5,NONE,100,27,2700,2700,810000,42500,2700,0.052469135802469133,1,0,1,0,1,0,2,13,0,0,2,5,0,false,false,0.9985792588510829,0.99999999999999978,2026072607,10005808911069659570,2434939610171538647,2434939610171538647,EXHAUSTIVE_GROUPED_BY_R,0.025422613333333333,c74e54c5ff50a5a0,,,true,0
s2-07b,formal,BCH-S300,300,420,SEGMENTED,1,23,6,NONE,100,27,2700,2700,810000,42400,2700,0.052345679012345679,1,0,1,0,1,0,2,14,0,0,2,6,0,false,false,0.9985792588510829,0.99999999999999978,2026072607,10005808911069659570,2434939610171538647,2434939610171538647,EXHAUSTIVE_GROUPED_BY_R,0.025422613333333333,c74e54c5ff50a5a0,,,true,0
s2-07b,formal,BCH-S300,300,420,SEGMENTED,1,23,7,NONE,100,27,2700,2700,810000,42400,2700,0.052345679012345679,1,0,1,0,1,0,2,15,0,0,2,7,0,false,false,0.9985792588510829,0.99999999999999978,2026072607,10005808911069659570,2434939610171538647,2434939610171538647,EXHAUSTIVE_GROUPED_BY_R,0.025422613333333333,c74e54c5ff50a5a0,,,true,0
s2-07b,formal,BCH-S300,300,420,SEGMENTED,1,23,8,NONE,100,26,2600,2600,780000,33800,2600,0.043333333333333335,1,0,1,0,1,0,3,15,0,1,2,8,0,false,false,0.9985246955771131,0.99999999999999989,2026072607,10005808911069659570,2434939610171538647,2434939610171538647,EXHAUSTIVE_GROUPED_BY_R,0.025422613333333333,c74e54c5ff50a5a0,,,true,0
s2-07b,formal,BCH-S300,300,420,SEGMENTED,1,23,9,NONE,100,26,2600,2600,780000,41600,2600,0.053333333333333337,1,0,1,0,1,0,3,15,0,0,3,9,0,false,false,0.9985246955771131,0.99999999999999989,2026072607,10005808911069659570,2434939610171538647,2434939610171538647,EXHAUSTIVE_GROUPED_BY_R,0.025422613333333333,c74e54c5ff50a5a0,,,true,0
s2-07b,formal,BCH-S300,300,420,SEGMENTED,1,23,10,NONE,100,26,2600,2600,780000,44100,2600,0.056538461538461537,1,0,1,0,1,0,3,15,0,0,3,10,0,false,false,0.9985246955771131,0.99999999999999989,2026072607,10005808911069659570,2434939610171538647,2434939610171538647,EXHAUSTIVE_GROUPED_BY_R,0.025422613333333333,c74e54c5ff50a5a0,,,true,0
s2-07b,formal,BCH-S300,300,420,SEGMENTED,1,23,11,NONE,100,26,2600,2600,780000,44000,2600,0.056410256410256411,1,0,1,0,1,0,3,15,0,0,3,11,0,false,false,0.9985246955771131,0.99999999999999989,2026072607,10005808911069659570,2434939610171538647,2434939610171538647,EXHAUSTIVE_GROUPED_BY_R,0.025422613333333333,c74e54c5ff50a5a0,,,true,0
s2-07b,formal,BCH-S300,300,420,SEGMENTED,1,23,12,NONE,100,26,2600,2600,780000,44000,2600,0.056410256410256411,1,0,1,0,1,0,3,15,0,0,3,12,0,false,false,0.9985246955771131,0.99999999999999989,2026072607,10005808911069659570,2434939610171538647,2434939610171538647,EXHAUSTIVE_GROUPED_BY_R,0.025422613333333333,c74e54c5ff50a5a0,,,true,0
s2-07b,formal,BCH-S300,300,420,SEGMENTED,1,23,13,NONE,100,26,2600,2600,780000,46500,2600,0.059615384615384619,1,0,1,0,1,0,3,15,0,0,3,13,0,false,false,0.9985246955771131,0.99999999999999989,2026072607,10005808911069659570,2434939610171538647,2434939610171538647,EXHAUSTIVE_GROUPED_BY_R,0.025422613333333333,c74e54c5ff50a5a0,,,true,0
s2-07b,formal,BCH-S300,300,420,SEGMENTED,1,23,14,NONE,100,26,2600,2600,780000,43800,2600,0.056153846153846151,1,0,1,0,1,0,3,15,0,1,2,14,0,false,false,0.9985246955771131,0.99999999999999989,2026072607,10005808911069659570,2434939610171538647,2434939610171538647,EXHAUSTIVE_GROUPED_BY_R,0.025422613333333333,c74e54c5ff50a5a0,,,true,0
s2-07b,formal,BCH-S300,300,420,SEGMENTED,1,24,0,NONE,100,27,2700,2700,810000,50800,2700,0.062716049382716049,1,0,1,0,1,0,2,15,0,0,2,0,0,false,false,0.9985792588510829,0.99999999999999978,2026072607,10005808911069659570,11487366702018243304,11487366702018243304,EXHAUSTIVE_GROUPED_BY_R,0.026499733333333334,2db5f061e8212dec,,,true,0
s2-07b,formal,BCH-S300,300,420,SEGMENTED,1,24,1,NONE,100,27,2700,2700,810000,53400,2700,0.065925925925925929,1,0,1,0,1,0,2,14,0,0,2,1,0,false,false,0.9985792588510829,0.99999999999999978,2026072607,10005808911069659570,11487366702018243304,11487366702018243304,EXHAUSTIVE_GROUPED_BY_R,0.026499733333333334,2db5f061e8212dec,,,true,0
s2-07b,formal,BCH-S300,300,420,SEGMENTED,1,24,2,NONE,100,27,2700,2700,810000,50500,2700,0.062345679012345681,1,0,1,0,1,0,2,13,0,0,2,2,0,false,false,0.9985792588510829,0.99999999999999978,2026072607,10005808911069659570,11487366702018243304,11487366702018243304,EXHAUSTIVE_GROUPED_BY_R,0.026499733333333334,2db5f061e8212dec,,,true,0
s2-07b,formal,BCH-S300,300,420,SEGMENTED,1,24,3,NONE,100,27,2700,2700,810000,45200,2700,0.055802469135802467,1,0,1,0,1,0,2,12,0,0,2,3,0,false,false,0.9985792588510829,0.99999999999999978,2026072607,10005808911069659570,11487366702018243304,11487366702018243304,EXHAUSTIVE_GROUPED_BY_R,0.026499733333333334,2db5f061e8212dec,,,true,0
s2-07b,formal,BCH-S300,300,420,SEGMENTED,1,24,4,NONE,100,27,2700,2700,810000,42500,2700,0.052469135802469133,1,0,1,0,1,0,2,13,0,0,2,4,0,false,false,0.9985792588510829,0.99999999999999978,2026072607,10005808911069659570,11487366702018243304,11487366702018243304,EXHAUSTIVE_GROUPED_BY_R,0.026499733333333334,2db5f061e8212dec,,,true,0
s2-07b,formal,BCH-S300,300,420,SEGMENTED,1,24,5,NONE,100,27,2700,2700,810000,45100,2700,0.055679012345679013,1,0,1,0,1,0,2,14,0,0,2,5,0,false,false,0.9985792588510829,0.99999999999999978,2026072607,10005808911069659570,11487366702018243304,11487366702018243304,EXHAUSTIVE_GROUPED_BY_R,0.026499733333333334,2db5f061e8212dec,,,true,0
s2-07b,formal,BCH-S300,300,420,SEGMENTED,1,24,6,NONE,100,27,2700,2700,810000,42400,2700,0.052345679012345679,1,0,1,0,1,0,2,15,0,0,2,6,0,false,false,0.9985792588510829,0.99999999999999978,2026072607,10005808911069659570,11487366702018243304,11487366702018243304,EXHAUSTIVE_GROUPED_BY_R,0.026499733333333334,2db5f061e8212dec,,,true,0
s2-07b,formal,BCH-S300,300,420,SEGMENTED,1,24,7,NONE,100,26,2600,2600,780000,41600,2600,0.053333333333333337,1,0,1,0,1,0,3,15,0,1,2,7,0,false,false,0.9985246955771131,0.99999999999999989,2026072607,10005808911069659570,11487366702018243304,11487366702018243304,EXHAUSTIVE_GROUPED_BY_R,0.026499733333333334,2db5f061e8212dec,,,true,0
s2-07b,formal,BCH-S300,300,420,SEGMENTED,1,24,8,NONE,100,26,2600,2600,780000,39000,2600,0.050000000000000003,1,0,1,0,1,0,3,15,0,0,3,8,0,false,false,0.9985246955771131,0.99999999999999989,2026072607,10005808911069659570,11487366702018243304,11487366702018243304,EXHAUSTIVE_GROUPED_BY_R,0.026499733333333334,2db5f061e8212dec,,,true,0
s2-07b,formal,BCH-S300,300,420,SEGMENTED,1,24,9,NONE,100,26,2600,2600,780000,46700,2600,0.059871794871794871,1,0,1,0,1,0,3,15,0,0,3,9,0,false,false,0.9985246955771131,0.99999999999999989,2026072607,10005808911069659570,11487366702018243304,11487366702018243304,EXHAUSTIVE_GROUPED_BY_R,0.026499733333333334,2db5f061e8212dec,,,true,0
s2-07b,formal,BCH-S300,300,420,SEGMENTED,1,24,10,NONE,100,26,2600,2600,780000,46600,2600,0.059743589743589745,1,0,1,0,1,0,3,15,0,0,3,10,0,false,false,0.9985246955771131,0.99999999999999989,2026072607,10005808911069659570,11487366702018243304,11487366702018243304,EXHAUSTIVE_GROUPED_BY_R,0.026499733333333334,2db5f061e8212dec,,,true,0
s2-07b,formal,BCH-S300,300,420,SEGMENTED,1,24,11,NONE,100,26,2600,2600,780000,44000,2600,0.056410256410256411,1,0,1,0,1,0,3,15,0,0,3,11,0,false,false,0.9985246955771131,0.99999999999999989,2026072607,10005808911069659570,11487366702018243304,11487366702018243304,EXHAUSTIVE_GROUPED_BY_R,0.026499733333333334,2db5f061e8212dec,,,true,0
s2-07b,formal,BCH-S300,300,420,SEGMENTED,1,24,12,NONE,100,26,2600,2600,780000,46500,2600,0.059615384615384619,1,0,1,0,1,0,3,15,0,0,3,12,0,false,false,0.9985246955771131,0.99999999999999989,2026072607,10005808911069659570,11487366702018243304,11487366702018243304,EXHAUSTIVE_GROUPED_BY_R,0.026499733333333334,2db5f061e8212dec,,,true,0
s2-07b,formal,BCH-S300,300,420,SEGMENTED,1,24,13,NONE,100,26,2600,2600,780000,46400,2600,0.059487179487179485,1,0,1,0,1,0,3,15,0,0,3,13,0,false,false,0.9985246955771131,0.99999999999999989,2026072607,10005808911069659570,11487366702018243304,11487366702018243304,EXHAUSTIVE_GROUPED_BY_R,0.026499733333333334,2db5f061e8212dec,,,true,0
s2-07b,formal,BCH-S300,300,420,SEGMENTED,1,24,14,NONE,100,26,2600,2600,780000,51400,2600,0.065897435897435894,1,0,1,0,1,0,3,15,0,1,2,14,0,false,false,0.9985246955771131,0.99999999999999989,2026072607,10005808911069659570,11487366702018243304,11487366702018243304,EXHAUSTIVE_GROUPED_BY_R,0.026499733333333334,2db5f061e8212dec,,,true,0
s2-07b,formal,BCH-S300,300,420,SEGMENTED,1,25,0,NONE,100,27,2700,2700,810000,53400,2700,0.065925925925925929,1,0,1,0,1,0,2,15,0,0,2,0,0,false,false,0.9985792588510829,0.99999999999999978,2026072607,10005808911069659570,13190804214753277864,13190804214753277864,EXHAUSTIVE_GROUPED_BY_R,0.028166086666666666,d0995c4dd7a9010a,,,true,0
s2-07b,formal,BCH-S300,300,420,SEGMENTED,1,25,1,NONE,100,27,2700,2700,810000,55900,2700,0.069012345679012349,1,0,1,0,1,0,2,14,0,0,2,1,0,false,false,0.9985792588510829,0.99999999999999978,2026072607,10005808911069659570,13190804214753277864,13190804214753277864,EXHAUSTIVE_GROUPED_BY_R,0.028166086666666666,d0995c4dd7a9010a,,,true,0
s2-07b,formal,BCH-S300,300,420,SEGMENTED,1,25,2,NONE,100,27,2700,2700,810000,50600,2700,0.062469135802469135,1,0,1,0,1,0,2,13,0,0,2,2,0,false,false,0.9985792588510829,0.99999999999999978,2026072607,10005808911069659570,13190804214753277864,13190804214753277864,EXHAUSTIVE_GROUPED_BY_R,0.028166086666666666,d0995c4dd7a9010a,,,true,0
s2-07b,formal,BCH-S300,300,420,SEGMENTED,1,25,3,NONE,100,27,2700,2700,810000,45200,2700,0.055802469135802467,1,0,1,0,1,0,2,13,0,0,2,3,0,false,false,0.9985792588510829,0.99999999999999978,2026072607,10005808911069659570,13190804214753277864,13190804214753277864,EXHAUSTIVE_GROUPED_BY_R,0.028166086666666666,d0995c4dd7a9010a,,,true,0
s2-07b,formal,BCH-S300,300,420,SEGMENTED,1,25,4,NONE,100,27,2700,2700,810000,45100,2700,0.055679012345679013,1,0,1,0,1,0,2,14,0,0,2,4,0,false,false,0.9985792588510829,0.99999999999999978,2026072607,10005808911069659570,13190804214753277864,13190804214753277864,EXHAUSTIVE_GROUPED_BY_R,0.028166086666666666,d0995c4dd7a9010a,,,true,0
s2-07b,formal,BCH-S300,300,420,SEGMENTED,1,25,5,NONE,100,27,2700,2700,810000,45100,2700,0.055679012345679013,1,0,1,0,1,0,2,15,0,0,2,5,0,false,false,0.9985792588510829,0.99999999999999978,2026072607,10005808911069659570,13190804214753277864,13190804214753277864,EXHAUSTIVE_GROUPED_BY_R,0.028166086666666666,d0995c4dd7a9010a,,,true,0
s2-07b,formal,BCH-S300,300,420,SEGMENTED,1,25,6,NONE,100,26,2600,2600,780000,41600,2600,0.053333333333333337,1,0,1,0,1,0,3,15,0,1,2,6,0,false,false,0.9985246955771131,0.99999999999999989,2026072607,10005808911069659570,13190804214753277864,13190804214753277864,EXHAUSTIVE_GROUPED_BY_R,0.028166086666666666,d0995c4dd7a9010a,,,true,0
s2-07b,formal,BCH-S300,300,420,SEGMENTED,1,25,7,NONE,100,26,2600,2600,780000,46800,2600,0.059999999999999998,1,0,1,0,1,0,3,15,0,0,3,7,0,false,false,0.9985246955771131,0.99999999999999989,2026072607,10005808911069659570,13190804214753277864,13190804214753277864,EXHAUSTIVE_GROUPED_BY_R,0.028166086666666666,d0995c4dd7a9010a,,,true,0
s2-07b,formal,BCH-S300,300,420,SEGMENTED,1,25,8,NONE,100,26,2600,2600,780000,44100,2600,0.056538461538461537,1,0,1,0,1,0,3,15,0,0,3,8,0,false,false,0.9985246955771131,0.99999999999999989,2026072607,10005808911069659570,13190804214753277864,13190804214753277864,EXHAUSTIVE_GROUPED_BY_R,0.028166086666666666,d0995c4dd7a9010a,,,true,0
s2-07b,formal,BCH-S300,300,420,SEGMENTED,1,25,9,NONE,100,26,2600,2600,780000,49200,2600,0.063076923076923072,1,0,1,0,1,0,3,15,0,0,3,9,0,false,false,0.9985246955771131,0.99999999999999989,2026072607,10005808911069659570,13190804214753277864,13190804214753277864,EXHAUSTIVE_GROUPED_BY_R,0.028166086666666666,d0995c4dd7a9010a,,,true,0
s2-07b,formal,BCH-S300,300,420,SEGMENTED,1,25,10,NONE,100,26,2600,2600,780000,46600,2600,0.059743589743589745,1,0,1,0,1,0,3,15,0,0,3,10,0,false,false,0.9985246955771131,0.99999999999999989,2026072607,10005808911069659570,13190804214753277864,13190804214753277864,EXHAUSTIVE_GROUPED_BY_R,0.028166086666666666,d0995c4dd7a9010a,,,true,0
s2-07b,formal,BCH-S300,300,420,SEGMENTED,1,25,11,NONE,100,26,2600,2600,780000,46500,2600,0.059615384615384619,1,0,1,0,1,0,3,15,0,0,3,11,0,false,false,0.9985246955771131,0.99999999999999989,2026072607,10005808911069659570,13190804214753277864,13190804214753277864,EXHAUSTIVE_GROUPED_BY_R,0.028166086666666666,d0995c4dd7a9010a,,,true,0
s2-07b,formal,BCH-S300,300,420,SEGMENTED,1,25,12,NONE,100,26,2600,2600,780000,46400,2600,0.059487179487179485,1,0,1,0,1,0,3,15,0,0,3,12,0,false,false,0.9985246955771131,0.99999999999999989,2026072607,10005808911069659570,13190804214753277864,13190804214753277864,EXHAUSTIVE_GROUPED_BY_R,0.028166086666666666,d0995c4dd7a9010a,,,true,0
s2-07b,formal,BCH-S300,300,420,SEGMENTED,1,25,13,NONE,100,26,2600,2600,780000,54000,2600,0.069230769230769235,1,0,1,0,1,0,3,15,0,0,3,13,0,false,false,0.9985246955771131,0.99999999999999989,2026072607,10005808911069659570,13190804214753277864,13190804214753277864,EXHAUSTIVE_GROUPED_BY_R,0.028166086666666666,d0995c4dd7a9010a,,,true,0
s2-07b,formal,BCH-S300,300,420,SEGMENTED,1,25,14,NONE,100,26,2600,2600,780000,48900,2600,0.062692307692307686,1,0,1,0,1,0,3,15,0,1,2,14,0,false,false,0.9985246955771131,0.99999999999999989,2026072607,10005808911069659570,13190804214753277864,13190804214753277864,EXHAUSTIVE_GROUPED_BY_R,0.028166086666666666,d0995c4dd7a9010a,,,true,0
s2-07b,formal,BCH-S300,300,420,SEGMENTED,1,26,0,NONE,100,27,2700,2700,810000,55900,2700,0.069012345679012349,1,0,1,0,1,0,2,15,0,0,2,0,0,false,false,0.9985792588510829,0.99999999999999978,2026072607,10005808911069659570,13264869540255875875,13264869540255875875,EXHAUSTIVE_GROUPED_BY_R,0.026907073333333333,d3ff2c6a10a39e92,,,true,0
s2-07b,formal,BCH-S300,300,420,SEGMENTED,1,26,1,NONE,100,27,2700,2700,810000,56000,2700,0.069135802469135796,1,0,1,0,1,0,2,14,0,0,2,1,0,false,false,0.9985792588510829,0.99999999999999978,2026072607,10005808911069659570,13264869540255875875,13264869540255875875,EXHAUSTIVE_GROUPED_BY_R,0.026907073333333333,d3ff2c6a10a39e92,,,true,0
s2-07b,formal,BCH-S300,300,420,SEGMENTED,1,26,2,NONE,100,27,2700,2700,810000,50600,2700,0.062469135802469135,1,0,1,0,1,0,2,13,0,0,2,2,0,false,false,0.9985792588510829,0.99999999999999978,2026072607,10005808911069659570,13264869540255875875,13264869540255875875,EXHAUSTIVE_GROUPED_BY_R,0.026907073333333333,d3ff2c6a10a39e92,,,true,0
s2-07b,formal,BCH-S300,300,420,SEGMENTED,1,26,3,NONE,100,27,2700,2700,810000,47800,2700,0.059012345679012347,1,0,1,0,1,0,2,14,0,0,2,3,0,false,false,0.9985792588510829,0.99999999999999978,2026072607,10005808911069659570,13264869540255875875,13264869540255875875,EXHAUSTIVE_GROUPED_BY_R,0.026907073333333333,d3ff2c6a10a39e92,,,true,0
s2-07b,formal,BCH-S300,300,420,SEGMENTED,1,26,4,NONE,100,27,2700,2700,810000,45100,2700,0.055679012345679013,1,0,1,0,1,0,2,15,0,0,2,4,0,false,false,0.9985792588510829,0.99999999999999978,2026072607,10005808911069659570,13264869540255875875,13264869540255875875,EXHAUSTIVE_GROUPED_BY_R,0.026907073333333333,d3ff2c6a10a39e92,,,true,0
s2-07b,formal,BCH-S300,300,420,SEGMENTED,1,26,5,NONE,100,26,2600,2600,780000,44200,2600,0.056666666666666664,1,0,1,0,1,0,3,15,0,1,2,5,0,false,false,0.9985246955771131,0.99999999999999989,2026072607,10005808911069659570,13264869540255875875,13264869540255875875,EXHAUSTIVE_GROUPED_BY_R,0.026907073333333333,d3ff2c6a10a39e92,,,true,0
s2-07b,formal,BCH-S300,300,420,SEGMENTED,1,26,6,NONE,100,26,2600,2600,780000,46800,2600,0.059999999999999998,1,0,1,0,1,0,3,15,0,0,3,6,0,false,false,0.9985246955771131,0.99999999999999989,2026072607,10005808911069659570,13264869540255875875,13264869540255875875,EXHAUSTIVE_GROUPED_BY_R,0.026907073333333333,d3ff2c6a10a39e92,,,true,0
s2-07b,formal,BCH-S300,300,420,SEGMENTED,1,26,7,NONE,100,26,2600,2600,780000,51900,2600,0.066538461538461532,1,0,1,0,1,0,3,15,0,0,3,7,0,false,false,0.9985246955771131,0.99999999999999989,2026072607,10005808911069659570,13264869540255875875,13264869540255875875,EXHAUSTIVE_GROUPED_BY_R,0.026907073333333333,d3ff2c6a10a39e92,,,true,0
s2-07b,formal,BCH-S300,300,420,SEGMENTED,1,26,8,NONE,100,26,2600,2600,780000,46600,2600,0.059743589743589745,1,0,1,0,1,0,3,15,0,0,3,8,0,false,false,0.9985246955771131,0.99999999999999989,2026072607,10005808911069659570,13264869540255875875,13264869540255875875,EXHAUSTIVE_GROUPED_BY_R,0.026907073333333333,d3ff2c6a10a39e92,,,true,0
s2-07b,formal,BCH-S300,300,420,SEGMENTED,1,26,9,NONE,100,26,2600,2600,780000,49200,2600,0.063076923076923072,1,0,1,0,1,0,3,15,0,0,3,9,0,false,false,0.9985246955771131,0.99999999999999989,2026072607,10005808911069659570,13264869540255875875,13264869540255875875,EXHAUSTIVE_GROUPED_BY_R,0.026907073333333333,d3ff2c6a10a39e92,,,true,0
s2-07b,formal,BCH-S300,300,420,SEGMENTED,1,26,10,NONE,100,26,2600,2600,780000,49100,2600,0.062948717948717953,1,0,1,0,1,0,3,15,0,0,3,10,0,false,false,0.9985246955771131,0.99999999999999989,2026072607,10005808911069659570,13264869540255875875,13264869540255875875,EXHAUSTIVE_GROUPED_BY_R,0.026907073333333333,d3ff2c6a10a39e92,,,true,0
s2-07b,formal,BCH-S300,300,420,SEGMENTED,1,26,11,NONE,100,26,2600,2600,780000,46400,2600,0.059487179487179485,1,0,1,0,1,0,3,15,0,0,3,11,0,false,false,0.9985246955771131,0.99999999999999989,2026072607,10005808911069659570,13264869540255875875,13264869540255875875,EXHAUSTIVE_GROUPED_BY_R,0.026907073333333333,d3ff2c6a10a39e92,,,true,0
s2-07b,formal,BCH-S300,300,420,SEGMENTED,1,26,12,NONE,100,26,2600,2600,780000,54000,2600,0.069230769230769235,1,0,1,0,1,0,3,15,0,0,3,12,0,false,false,0.9985246955771131,0.99999999999999989,2026072607,10005808911069659570,13264869540255875875,13264869540255875875,EXHAUSTIVE_GROUPED_BY_R,0.026907073333333333,d3ff2c6a10a39e92,,,true,0
s2-07b,formal,BCH-S300,300,420,SEGMENTED,1,26,13,NONE,100,26,2600,2600,780000,51500,2600,0.066025641025641027,1,0,1,0,1,0,3,15,0,0,3,13,0,false,false,0.9985246955771131,0.99999999999999989,2026072607,10005808911069659570,13264869540255875875,13264869540255875875,EXHAUSTIVE_GROUPED_BY_R,0.026907073333333333,d3ff2c6a10a39e92,,,true,0
s2-07b,formal,BCH-S300,300,420,SEGMENTED,1,26,14,NONE,100,26,2600,2600,780000,51400,2600,0.065897435897435894,1,0,1,0,1,0,3,15,0,1,2,14,0,false,false,0.9985246955771131,0.99999999999999989,2026072607,10005808911069659570,13264869540255875875,13264869540255875875,EXHAUSTIVE_GROUPED_BY_R,0.026907073333333333,d3ff2c6a10a39e92,,,true,0
s2-07b,formal,BCH-S300,300,420,SEGMENTED,1,27,0,NONE,100,27,2700,2700,810000,56000,2700,0.069135802469135796,1,0,1,0,1,0,2,15,0,0,2,0,0,false,false,0.9985792588510829,0.99999999999999978,2026072607,10005808911069659570,8635780724249552868,8635780724249552868,EXHAUSTIVE_GROUPED_BY_R,0.025369340000000001,6c08bccb28738448,,,true,0
s2-07b,formal,BCH-S300,300,420,SEGMENTED,1,27,1,NONE,100,27,2700,2700,810000,56000,2700,0.069135802469135796,1,0,1,0,1,0,2,14,0,0,2,1,0,false,false,0.9985792588510829,0.99999999999999978,2026072607,10005808911069659570,8635780724249552868,8635780724249552868,EXHAUSTIVE_GROUPED_BY_R,0.025369340000000001,6c08bccb28738448,,,true,0
s2-07b,formal,BCH-S300,300,420,SEGMENTED,1,27,2,NONE,100,27,2700,2700,810000,53200,2700,0.065679012345679008,1,0,1,0,1,0,2,14,0,0,2,2,0,false,false,0.9985792588510829,0.99999999999999978,2026072607,10005808911069659570,8635780724249552868,8635780724249552868,EXHAUSTIVE_GROUPED_BY_R,0.025369340000000001,6c08bccb28738448,,,true,0
s2-07b,formal,BCH-S300,300,420,SEGMENTED,1,27,3,NONE,100,27,2700,2700,810000,47800,2700,0.059012345679012347,1,0,1,0,1,0,2,15,0,0,2,3,0,false,false,0.9985792588510829,0.99999999999999978,2026072607,10005808911069659570,8635780724249552868,8635780724249552868,EXHAUSTIVE_GROUPED_BY_R,0.025369340000000001,6c08bccb28738448,,,true,0
s2-07b,formal,BCH-S300,300,420,SEGMENTED,1,27,4,NONE,100,26,2600,2600,780000,44200,2600,0.056666666666666664,1,0,1,0,1,0,3,15,0,1,2,4,0,false,false,0.9985246955771131,0.99999999999999989,2026072607,10005808911069659570,8635780724249552868,8635780724249552868,EXHAUSTIVE_GROUPED_BY_R,0.025369340000000001,6c08bccb28738448,,,true,0
s2-07b,formal,BCH-S300,300,420,SEGMENTED,1,27,5,NONE,100,26,2600,2600,780000,49400,2600,0.063333333333333339,1,0,1,0,1,0,3,15,0,0,3,5,0,false,false,0.9985246955771131,0.99999999999999989,2026072607,10005808911069659570,8635780724249552868,8635780724249552868,EXHAUSTIVE_GROUPED_BY_R,0.025369340000000001,6c08bccb28738448,,,true,0
s2-07b,formal,BCH-S300,300,420,SEGMENTED,1,27,6,NONE,100,26,2600,2600,780000,51900,2600,0.066538461538461532,1,0,1,0,1,0,3,15,0,0,3,6,0,false,false,0.9985246955771131,0.99999999999999989,2026072607,10005808911069659570,8635780724249552868,8635780724249552868,EXHAUSTIVE_GROUPED_BY_R,0.025369340000000001,6c08bccb28738448,,,true,0
s2-07b,formal,BCH-S300,300,420,SEGMENTED,1,27,7,NONE,100,26,2600,2600,780000,54400,2600,0.06974358974358974,1,0,1,0,1,0,3,15,0,0,3,7,0,false,false,0.9985246955771131,0.99999999999999989,2026072607,10005808911069659570,8635780724249552868,8635780724249552868,EXHAUSTIVE_GROUPED_BY_R,0.025369340000000001,6c08bccb28738448,,,true,0
s2-07b,formal,BCH-S300,300,420,SEGMENTED,1,27,8,NONE,100,26,2600,2600,780000,46600,2600,0.059743589743589745,1,0,1,0,1,0,3,15,0,0,3,8,0,false,false,0.9985246955771131,0.99999999999999989,2026072607,10005808911069659570,8635780724249552868,8635780724249552868,EXHAUSTIVE_GROUPED_BY_R,0.025369340000000001,6c08bccb28738448,,,true,0
s2-07b,formal,BCH-S300,300,420,SEGMENTED,1,27,9,NONE,100,26,2600,2600,780000,51700,2600,0.06628205128205128,1,0,1,0,1,0,3,15,0,0,3,9,0,false,false,0.9985246955771131,0.99999999999999989,2026072607,10005808911069659570,8635780724249552868,8635780724249552868,EXHAUSTIVE_GROUPED_BY_R,0.025369340000000001,6c08bccb28738448,,,true,0
s2-07b,formal,BCH-S300,300,420,SEGMENTED,1,27,10,NONE,100,26,2600,2600,780000,49000,2600,0.062820512820512819,1,0,1,0,1,0,3,15,0,0,3,10,0,false,false,0.9985246955771131,0.99999999999999989,2026072607,10005808911069659570,8635780724249552868,8635780724249552868,EXHAUSTIVE_GROUPED_BY_R,0.025369340000000001,6c08bccb28738448,,,true,0
s2-07b,formal,BCH-S300,300,420,SEGMENTED,1,27,11,NONE,100,26,2600,2600,780000,54000,2600,0.069230769230769235,1,0,1,0,1,0,3,15,0,0,3,11,0,false,false,0.9985246955771131,0.99999999999999989,2026072607,10005808911069659570,8635780724249552868,8635780724249552868,EXHAUSTIVE_GROUPED_BY_R,0.025369340000000001,6c08bccb28738448,,,true,0
s2-07b,formal,BCH-S300,300,420,SEGMENTED,1,27,12,NONE,100,26,2600,2600,780000,51500,2600,0.066025641025641027,1,0,1,0,1,0,3,15,0,0,3,12,0,false,false,0.9985246955771131,0.99999999999999989,2026072607,10005808911069659570,8635780724249552868,8635780724249552868,EXHAUSTIVE_GROUPED_BY_R,0.025369340000000001,6c08bccb28738448,,,true,0
s2-07b,formal,BCH-S300,300,420,SEGMENTED,1,27,13,NONE,100,26,2600,2600,780000,54000,2600,0.069230769230769235,1,0,1,0,1,0,3,15,0,0,3,13,0,false,false,0.9985246955771131,0.99999999999999989,2026072607,10005808911069659570,8635780724249552868,8635780724249552868,EXHAUSTIVE_GROUPED_BY_R,0.025369340000000001,6c08bccb28738448,,,true,0
s2-07b,formal,BCH-S300,300,420,SEGMENTED,1,27,14,NONE,100,26,2600,2600,780000,53800,2600,0.068974358974358968,1,0,1,0,1,0,3,15,0,1,2,14,0,false,false,0.9985246955771131,0.99999999999999989,2026072607,10005808911069659570,8635780724249552868,8635780724249552868,EXHAUSTIVE_GROUPED_BY_R,0.025369340000000001,6c08bccb28738448,,,true,0
s2-07b,formal,BCH-S300,300,420,SEGMENTED,1,28,0,NONE,100,27,2700,2700,810000,56000,2700,0.069135802469135796,1,0,1,0,1,0,2,15,0,0,2,0,0,false,false,0.9985792588510829,0.99999999999999978,2026072607,10005808911069659570,499839465572491057,499839465572491057,EXHAUSTIVE_GROUPED_BY_R,0.026656080000000002,e8591dddb86c6204,,,true,0
s2-07b,formal,BCH-S300,300,420,SEGMENTED,1,28,1,NONE,100,27,2700,2700,810000,58600,2700,0.072345679012345676,1,0,1,0,1,0,2,14,0,0,2,1,0,false,false,0.9985792588510829,0.99999999999999978,2026072607,10005808911069659570,499839465572491057,499839465572491057,EXHAUSTIVE_GROUPED_BY_R,0.026656080000000002,e8591dddb86c6204,,,true,0
s2-07b,formal,BCH-S300,300,420,SEGMENTED,1,28,2,NONE,100,27,2700,2700,810000,53200,2700,0.065679012345679008,1,0,1,0,1,0,2,15,0,0,2,2,0,false,false,0.9985792588510829,0.99999999999999978,2026072607,10005808911069659570,499839465572491057,499839465572491057,EXHAUSTIVE_GROUPED_BY_R,0.026656080000000002,e8591dddb86c6204,,,true,0
s2-07b,formal,BCH-S300,300,420,SEGMENTED,1,28,3,NONE,100,26,2600,2600,780000,46800,2600,0.059999999999999998,1,0,1,0,1,0,3,15,0,1,2,3,0,false,false,0.9985246955771131,0.99999999999999989,2026072607,10005808911069659570,499839465572491057,499839465572491057,EXHAUSTIVE_GROUPED_BY_R,0.026656080000000002,e8591dddb86c6204,,,true,0
s2-07b,formal,BCH-S300,300,420,SEGMENTED,1,28,4,NONE,100,26,2600,2600,780000,49400,2600,0.063333333333333339,1,0,1,0,1,0,3,15,0,0,3,4,0,false,false,0.9985246955771131,0.99999999999999989,2026072607,10005808911069659570,499839465572491057,499839465572491057,EXHAUSTIVE_GROUPED_BY_R,0.026656080000000002,e8591dddb86c6204,,,true,0
s2-07b,formal,BCH-S300,300,420,SEGMENTED,1,28,5,NONE,100,26,2600,2600,780000,54500,2600,0.069871794871794873,1,0,1,0,1,0,3,15,0,0,3,5,0,false,false,0.9985246955771131,0.99999999999999989,2026072607,10005808911069659570,499839465572491057,499839465572491057,EXHAUSTIVE_GROUPED_BY_R,0.026656080000000002,e8591dddb86c6204,,,true,0
s2-07b,formal,BCH-S300,300,420,SEGMENTED,1,28,6,NONE,100,26,2600,2600,780000,54400,2600,0.06974358974358974,1,0,1,0,1,0,3,15,0,0,3,6,0,false,false,0.9985246955771131,0.99999999999999989,2026072607,10005808911069659570,499839465572491057,499839465572491057,EXHAUSTIVE_GROUPED_BY_R,0.026656080000000002,e8591dddb86c6204,,,true,0
s2-07b,formal,BCH-S300,300,420,SEGMENTED,1,28,7,NONE,100,26,2600,2600,780000,54400,2600,0.06974358974358974,1,0,1,0,1,0,3,15,0,0,3,7,0,false,false,0.9985246955771131,0.99999999999999989,2026072607,10005808911069659570,499839465572491057,499839465572491057,EXHAUSTIVE_GROUPED_BY_R,0.026656080000000002,e8591dddb86c6204,,,true,0
s2-07b,formal,BCH-S300,300,420,SEGMENTED,1,28,8,NONE,100,26,2600,2600,780000,49100,2600,0.062948717948717953,1,0,1,0,1,0,3,15,0,0,3,8,0,false,false,0.9985246955771131,0.99999999999999989,2026072607,10005808911069659570,499839465572491057,499839465572491057,EXHAUSTIVE_GROUPED_BY_R,0.026656080000000002,e8591dddb86c6204,,,true,0
s2-07b,formal,BCH-S300,300,420,SEGMENTED,1,28,9,NONE,100,26,2600,2600,780000,51600,2600,0.06615384615384616,1,0,1,0,1,0,3,15,0,0,3,9,0,false,false,0.9985246955771131,0.99999999999999989,2026072607,10005808911069659570,499839465572491057,499839465572491057,EXHAUSTIVE_GROUPED_BY_R,0.026656080000000002,e8591dddb86c6204,,,true,0
s2-07b,formal,BCH-S300,300,420,SEGMENTED,1,28,10,NONE,100,26,2600,2600,780000,56600,2600,0.072564102564102562,1,0,1,0,1,0,3,15,0,0,3,10,0,false,false,0.9985246955771131,0.99999999999999989,2026072607,10005808911069659570,499839465572491057,499839465572491057,EXHAUSTIVE_GROUPED_BY_R,0.026656080000000002,e8591dddb86c6204,,,true,0
s2-07b,formal,BCH-S300,300,420,SEGMENTED,1,28,11,NONE,100,26,2600,2600,780000,51500,2600,0.066025641025641027,1,0,1,0,1,0,3,15,0,0,3,11,0,false,false,0.9985246955771131,0.99999999999999989,2026072607,10005808911069659570,499839465572491057,499839465572491057,EXHAUSTIVE_GROUPED_BY_R,0.026656080000000002,e8591dddb86c6204,,,true,0
s2-07b,formal,BCH-S300,300,420,SEGMENTED,1,28,12,NONE,100,26,2600,2600,780000,54000,2600,0.069230769230769235,1,0,1,0,1,0,3,15,0,0,3,12,0,false,false,0.9985246955771131,0.99999999999999989,2026072607,10005808911069659570,499839465572491057,499839465572491057,EXHAUSTIVE_GROUPED_BY_R,0.026656080000000002,e8591dddb86c6204,,,true,0
s2-07b,formal,BCH-S300,300,420,SEGMENTED,1,28,13,NONE,100,26,2600,2600,780000,56400,2600,0.072307692307692309,1,0,1,0,1,0,3,15,0,0,3,13,0,false,false,0.9985246955771131,0.99999999999999989,2026072607,10005808911069659570,499839465572491057,499839465572491057,EXHAUSTIVE_GROUPED_BY_R,0.026656080000000002,e8591dddb86c6204,,,true,0
s2-07b,formal,BCH-S300,300,420,SEGMENTED,1,28,14,NONE,100,26,2600,2600,780000,53900,2600,0.069102564102564101,1,0,1,0,1,0,3,15,0,1,2,14,0,false,false,0.9985246955771131,0.99999999999999989,2026072607,10005808911069659570,499839465572491057,499839465572491057,EXHAUSTIVE_GROUPED_BY_R,0.026656080000000002,e8591dddb86c6204,,,true,0
s2-07b,formal,BCH-S300,300,420,SEGMENTED,1,29,0,NONE,100,27,2700,2700,810000,58600,2700,0.072345679012345676,1,0,1,0,1,0,2,15,0,0,2,0,0,false,false,0.9985792588510829,0.99999999999999978,2026072607,10005808911069659570,7895473000134931628,7895473000134931628,EXHAUSTIVE_GROUPED_BY_R,0.025925980000000001,586bd34b75dc20b4,,,true,0
s2-07b,formal,BCH-S300,300,420,SEGMENTED,1,29,1,NONE,100,27,2700,2700,810000,58600,2700,0.072345679012345676,1,0,1,0,1,0,2,15,0,0,2,1,0,false,false,0.9985792588510829,0.99999999999999978,2026072607,10005808911069659570,7895473000134931628,7895473000134931628,EXHAUSTIVE_GROUPED_BY_R,0.025925980000000001,586bd34b75dc20b4,,,true,0
s2-07b,formal,BCH-S300,300,420,SEGMENTED,1,29,2,NONE,100,26,2600,2600,780000,52000,2600,0.066666666666666666,1,0,1,0,1,0,3,15,0,1,2,2,0,false,false,0.9985246955771131,0.99999999999999989,2026072607,10005808911069659570,7895473000134931628,7895473000134931628,EXHAUSTIVE_GROUPED_BY_R,0.025925980000000001,586bd34b75dc20b4,,,true,0
s2-07b,formal,BCH-S300,300,420,SEGMENTED,1,29,3,NONE,100,26,2600,2600,780000,52000,2600,0.066666666666666666,1,0,1,0,1,0,3,15,0,0,3,3,0,false,false,0.9985246955771131,0.99999999999999989,2026072607,10005808911069659570,7895473000134931628,7895473000134931628,EXHAUSTIVE_GROUPED_BY_R,0.025925980000000001,586bd34b75dc20b4,,,true,0
s2-07b,formal,BCH-S300,300,420,SEGMENTED,1,29,4,NONE,100,26,2600,2600,780000,54500,2600,0.069871794871794873,1,0,1,0,1,0,3,15,0,0,3,4,0,false,false,0.9985246955771131,0.99999999999999989,2026072607,10005808911069659570,7895473000134931628,7895473000134931628,EXHAUSTIVE_GROUPED_BY_R,0.025925980000000001,586bd34b75dc20b4,,,true,0
s2-07b,formal,BCH-S300,300,420,SEGMENTED,1,29,5,NONE,100,26,2600,2600,780000,57000,2600,0.073076923076923081,1,0,1,0,1,0,3,15,0,0,3,5,0,false,false,0.9985246955771131,0.99999999999999989,2026072607,10005808911069659570,7895473000134931628,7895473000134931628,EXHAUSTIVE_GROUPED_BY_R,0.025925980000000001,586bd34b75dc20b4,,,true,0
s2-07b,formal,BCH-S300,300,420,SEGMENTED,1,29,6,NONE,100,26,2600,2600,780000,54400,2600,0.06974358974358974,1,0,1,0,1,0,3,15,0,0,3,6,0,false,false,0.9985246955771131,0.99999999999999989,2026072607,10005808911069659570,7895473000134931628,7895473000134931628,EXHAUSTIVE_GROUPED_BY_R,0.025925980000000001,586bd34b75dc20b4,,,true,0
s2-07b,formal,BCH-S300,300,420,SEGMENTED,1,29,7,NONE,100,26,2600,2600,780000,56900,2600,0.072948717948717948,1,0,1,0,1,0,3,15,0,0,3,7,0,false,false,0.9985246955771131,0.99999999999999989,2026072607,10005808911069659570,7895473000134931628,7895473000134931628,EXHAUSTIVE_GROUPED_BY_R,0.025925980000000001,586bd34b75dc20b4,,,true,0
s2-07b,formal,BCH-S300,300,420,SEGMENTED,1,29,8,NONE,100,26,2600,2600,780000,49000,2600,0.062820512820512819,1,0,1,0,1,0,3,15,0,0,3,8,0,false,false,0.9985246955771131,0.99999999999999989,2026072607,10005808911069659570,7895473000134931628,7895473000134931628,EXHAUSTIVE_GROUPED_BY_R,0.025925980000000001,586bd34b75dc20b4,,,true,0
s2-07b,formal,BCH-S300,300,420,SEGMENTED,1,29,9,NONE,100,26,2600,2600,780000,59200,2600,0.075897435897435903,1,0,1,0,1,0,3,15,0,0,3,9,0,false,false,0.9985246955771131,0.99999999999999989,2026072607,10005808911069659570,7895473000134931628,7895473000134931628,EXHAUSTIVE_GROUPED_BY_R,0.025925980000000001,586bd34b75dc20b4,,,true,0
s2-07b,formal,BCH-S300,300,420,SEGMENTED,1,29,10,NONE,100,26,2600,2600,780000,54100,2600,0.069358974358974354,1,0,1,0,1,0,3,15,0,0,3,10,0,false,false,0.9985246955771131,0.99999999999999989,2026072607,10005808911069659570,7895473000134931628,7895473000134931628,EXHAUSTIVE_GROUPED_BY_R,0.025925980000000001,586bd34b75dc20b4,,,true,0
s2-07b,formal,BCH-S300,300,420,SEGMENTED,1,29,11,NONE,100,26,2600,2600,780000,54000,2600,0.069230769230769235,1,0,1,0,1,0,3,15,0,0,3,11,0,false,false,0.9985246955771131,0.99999999999999989,2026072607,10005808911069659570,7895473000134931628,7895473000134931628,EXHAUSTIVE_GROUPED_BY_R,0.025925980000000001,586bd34b75dc20b4,,,true,0
s2-07b,formal,BCH-S300,300,420,SEGMENTED,1,29,12,NONE,100,26,2600,2600,780000,56400,2600,0.072307692307692309,1,0,1,0,1,0,3,15,0,0,3,12,0,false,false,0.9985246955771131,0.99999999999999989,2026072607,10005808911069659570,7895473000134931628,7895473000134931628,EXHAUSTIVE_GROUPED_BY_R,0.025925980000000001,586bd34b75dc20b4,,,true,0
s2-07b,formal,BCH-S300,300,420,SEGMENTED,1,29,13,NONE,100,26,2600,2600,780000,56500,2600,0.072435897435897442,1,0,1,0,1,0,3,15,0,0,3,13,0,false,false,0.9985246955771131,0.99999999999999989,2026072607,10005808911069659570,7895473000134931628,7895473000134931628,EXHAUSTIVE_GROUPED_BY_R,0.025925980000000001,586bd34b75dc20b4,,,true,0
s2-07b,formal,BCH-S300,300,420,SEGMENTED,1,29,14,NONE,100,26,2600,2600,780000,53900,2600,0.069102564102564101,1,0,1,0,1,0,3,15,0,1,2,14,0,false,false,0.9985246955771131,0.99999999999999989,2026072607,10005808911069659570,7895473000134931628,7895473000134931628,EXHAUSTIVE_GROUPED_BY_R,0.025925980000000001,586bd34b75dc20b4,,,true,0
s2-07b,formal,BCH-S300,300,420,SEGMENTED,1,30,0,NONE,100,27,2700,2700,810000,58600,2700,0.072345679012345676,1,0,1,0,1,0,2,15,0,0,2,0,0,false,false,0.9985792588510829,0.99999999999999978,2026072607,10005808911069659570,14161951804318349618,14161951804318349618,EXHAUSTIVE_GROUPED_BY_R,0.025036600000000003,4a6fbd9d24b2eff7,,,true,0
s2-07b,formal,BCH-S300,300,420,SEGMENTED,1,30,1,NONE,100,26,2600,2600,780000,57200,2600,0.073333333333333334,1,0,1,0,1,0,3,15,0,1,2,1,0,false,false,0.9985246955771131,0.99999999999999989,2026072607,10005808911069659570,14161951804318349618,14161951804318349618,EXHAUSTIVE_GROUPED_BY_R,0.025036600000000003,4a6fbd9d24b2eff7,,,true,0
s2-07b,formal,BCH-S300,300,420,SEGMENTED,1,30,2,NONE,100,26,2600,2600,780000,57200,2600,0.073333333333333334,1,0,1,0,1,0,3,15,0,0,3,2,0,false,false,0.9985246955771131,0.99999999999999989,2026072607,10005808911069659570,14161951804318349618,14161951804318349618,EXHAUSTIVE_GROUPED_BY_R,0.025036600000000003,4a6fbd9d24b2eff7,,,true,0
s2-07b,formal,BCH-S300,300,420,SEGMENTED,1,30,3,NONE,100,26,2600,2600,780000,57100,2600,0.0732051282051282,1,0,1,0,1,0,3,15,0,0,3,3,0,false,false,0.9985246955771131,0.99999999999999989,2026072607,10005808911069659570,14161951804318349618,14161951804318349618,EXHAUSTIVE_GROUPED_BY_R,0.025036600000000003,4a6fbd9d24b2eff7,,,true,0
s2-07b,formal,BCH-S300,300,420,SEGMENTED,1,30,4,NONE,100,26,2600,2600,780000,57000,2600,0.073076923076923081,1,0,1,0,1,0,3,15,0,0,3,4,0,false,false,0.9985246955771131,0.99999999999999989,2026072607,10005808911069659570,14161951804318349618,14161951804318349618,EXHAUSTIVE_GROUPED_BY_R,0.025036600000000003,4a6fbd9d24b2eff7,,,true,0
s2-07b,formal,BCH-S300,300,420,SEGMENTED,1,30,5,NONE,100,26,2600,2600,780000,57000,2600,0.073076923076923081,1,0,1,0,1,0,3,15,0,0,3,5,0,false,false,0.9985246955771131,0.99999999999999989,2026072607,10005808911069659570,14161951804318349618,14161951804318349618,EXHAUSTIVE_GROUPED_BY_R,0.025036600000000003,4a6fbd9d24b2eff7,,,true,0
s2-07b,formal,BCH-S300,300,420,SEGMENTED,1,30,6,NONE,100,26,2600,2600,780000,56900,2600,0.072948717948717948,1,0,1,0,1,0,3,15,0,0,3,6,0,false,false,0.9985246955771131,0.99999999999999989,2026072607,10005808911069659570,14161951804318349618,14161951804318349618,EXHAUSTIVE_GROUPED_BY_R,0.025036600000000003,4a6fbd9d24b2eff7,,,true,0
s2-07b,formal,BCH-S300,300,420,SEGMENTED,1,30,7,NONE,100,26,2600,2600,780000,56800,2600,0.072820512820512814,1,0,1,0,1,0,3,15,0,0,3,7,0,false,false,0.9985246955771131,0.99999999999999989,2026072607,10005808911069659570,14161951804318349618,14161951804318349618,EXHAUSTIVE_GROUPED_BY_R,0.025036600000000003,4a6fbd9d24b2eff7,,,true,0
s2-07b,formal,BCH-S300,300,420,SEGMENTED,1,30,8,NONE,100,26,2600,2600,780000,56600,2600,0.072564102564102562,1,0,1,0,1,0,3,15,0,0,3,8,0,false,false,0.9985246955771131,0.99999999999999989,2026072607,10005808911069659570,14161951804318349618,14161951804318349618,EXHAUSTIVE_GROUPED_BY_R,0.025036600000000003,4a6fbd9d24b2eff7,,,true,0
s2-07b,formal,BCH-S300,300,420,SEGMENTED,1,30,9,NONE,100,26,2600,2600,780000,56700,2600,0.072692307692307695,1,0,1,0,1,0,3,15,0,0,3,9,0,false,false,0.9985246955771131,0.99999999999999989,2026072607,10005808911069659570,14161951804318349618,14161951804318349618,EXHAUSTIVE_GROUPED_BY_R,0.025036600000000003,4a6fbd9d24b2eff7,,,true,0
s2-07b,formal,BCH-S300,300,420,SEGMENTED,1,30,10,NONE,100,26,2600,2600,780000,56600,2600,0.072564102564102562,1,0,1,0,1,0,3,15,0,0,3,10,0,false,false,0.9985246955771131,0.99999999999999989,2026072607,10005808911069659570,14161951804318349618,14161951804318349618,EXHAUSTIVE_GROUPED_BY_R,0.025036600000000003,4a6fbd9d24b2eff7,,,true,0
s2-07b,formal,BCH-S300,300,420,SEGMENTED,1,30,11,NONE,100,26,2600,2600,780000,56400,2600,0.072307692307692309,1,0,1,0,1,0,3,15,0,0,3,11,0,false,false,0.9985246955771131,0.99999999999999989,2026072607,10005808911069659570,14161951804318349618,14161951804318349618,EXHAUSTIVE_GROUPED_BY_R,0.025036600000000003,4a6fbd9d24b2eff7,,,true,0
s2-07b,formal,BCH-S300,300,420,SEGMENTED,1,30,12,NONE,100,26,2600,2600,780000,56500,2600,0.072435897435897442,1,0,1,0,1,0,3,15,0,0,3,12,0,false,false,0.9985246955771131,0.99999999999999989,2026072607,10005808911069659570,14161951804318349618,14161951804318349618,EXHAUSTIVE_GROUPED_BY_R,0.025036600000000003,4a6fbd9d24b2eff7,,,true,0
s2-07b,formal,BCH-S300,300,420,SEGMENTED,1,30,13,NONE,100,26,2600,2600,780000,56500,2600,0.072435897435897442,1,0,1,0,1,0,3,15,0,0,3,13,0,false,false,0.9985246955771131,0.99999999999999989,2026072607,10005808911069659570,14161951804318349618,14161951804318349618,EXHAUSTIVE_GROUPED_BY_R,0.025036600000000003,4a6fbd9d24b2eff7,,,true,0
s2-07b,formal,BCH-S300,300,420,SEGMENTED,1,30,14,NONE,100,26,2600,2600,780000,56400,2600,0.072307692307692309,1,0,1,0,1,0,3,15,0,1,2,14,0,false,false,0.9985246955771131,0.99999999999999989,2026072607,10005808911069659570,14161951804318349618,14161951804318349618,EXHAUSTIVE_GROUPED_BY_R,0.025036600000000003,4a6fbd9d24b2eff7,,,true,0
