channelType,profileId,caseName,payloadGroup,payloadLength,encodedLength,frameRate,sourcePayloadEbN0Db,snrDb,processedFrames,decodedBitErrors,decodedFrameErrors,BER,FER,trueSuccessRate,miscorrectionRate,decoderFailureRate,channelHardBER,avgDecodeTimeUs,avgTotalReceiverTimeUs,xSemantic,bandwidthConvention,seriesLabel,visualStyleKey,plotted,omissionReason
AWGN,AWGN,BCH-B200,200,200,248,0.80645161290322576,3.5,2.565783148377649,5000,19910,2771,0.019910000000000001,0.55420000000000003,0.44579999999999997,0.00059999999999999995,0.55359999999999998,,49.02721999999995,49.02721999999995,NORMALIZED_WAVEFORM_SNR_PS_OVER_PN,Bn_EQUALS_Rs,BCH-B200 / AWGN,BCH-B200|AWGN|#d62728|-|s,true,
AWGN,AWGN,BCH-B200,200,200,248,0.80645161290322576,3.7,2.765783148377649,5000,16460,2355,0.016459999999999999,0.47099999999999997,0.52900000000000003,0.0011999999999999999,0.4698,,50.190680000000029,50.190680000000029,NORMALIZED_WAVEFORM_SNR_PS_OVER_PN,Bn_EQUALS_Rs,BCH-B200 / AWGN,BCH-B200|AWGN|#d62728|-|s,true,
AWGN,AWGN,BCH-B200,200,200,248,0.80645161290322576,3.9,2.965783148377649,5000,11990,1783,0.011990000000000001,0.35659999999999997,0.64339999999999997,0.00020000000000000001,0.35639999999999999,,50.602340000000076,50.602340000000076,NORMALIZED_WAVEFORM_SNR_PS_OVER_PN,Bn_EQUALS_Rs,BCH-B200 / AWGN,BCH-B200|AWGN|#d62728|-|s,true,
AWGN,AWGN,BCH-B200,200,200,248,0.80645161290322576,4.1,3.1657831483776486,5000,8577,1311,0.0085769999999999996,0.26219999999999999,0.73780000000000001,0,0.26219999999999999,,52.290019999999878,52.290019999999878,NORMALIZED_WAVEFORM_SNR_PS_OVER_PN,Bn_EQUALS_Rs,BCH-B200 / AWGN,BCH-B200|AWGN|#d62728|-|s,false,ZERO_OBSERVATION_ON_LOG_AXIS
AWGN,AWGN,BCH-B200,200,200,248,0.80645161290322576,4.3,3.365783148377649,5000,5885,927,0.0058849999999999996,0.18540000000000001,0.81459999999999999,0.00040000000000000002,0.185,,48.212239999999923,48.212239999999923,NORMALIZED_WAVEFORM_SNR_PS_OVER_PN,Bn_EQUALS_Rs,BCH-B200 / AWGN,BCH-B200|AWGN|#d62728|-|s,true,
AWGN,AWGN,BCH-B200,200,200,248,0.80645161290322576,4.5,3.565783148377649,5000,4133,651,0.0041330000000000004,0.13020000000000001,0.86980000000000002,0.00020000000000000001,0.13,,49.633220000000087,49.633220000000087,NORMALIZED_WAVEFORM_SNR_PS_OVER_PN,Bn_EQUALS_Rs,BCH-B200 / AWGN,BCH-B200|AWGN|#d62728|-|s,true,
AWGN,AWGN,BCH-B200,200,200,248,0.80645161290322576,4.7,3.765783148377649,5000,2187,356,0.0021870000000000001,0.071199999999999999,0.92879999999999996,0,0.071199999999999999,,47.845359999999978,47.845359999999978,NORMALIZED_WAVEFORM_SNR_PS_OVER_PN,Bn_EQUALS_Rs,BCH-B200 / AWGN,BCH-B200|AWGN|#d62728|-|s,false,ZERO_OBSERVATION_ON_LOG_AXIS
AWGN,AWGN,BCH-B200,200,200,248,0.80645161290322576,4.9,3.9657831483776493,5000,1291,207,0.001291,0.041399999999999999,0.95860000000000001,0,0.041399999999999999,,44.348739999999935,44.348739999999935,NORMALIZED_WAVEFORM_SNR_PS_OVER_PN,Bn_EQUALS_Rs,BCH-B200 / AWGN,BCH-B200|AWGN|#d62728|-|s,false,ZERO_OBSERVATION_ON_LOG_AXIS
AWGN,AWGN,BCH-B200,200,200,248,0.80645161290322576,5.1,4.165783148377649,9354,1182,200,0.00063181526619627963,0.021381227282446014,0.97861877271755404,0,0.021381227282446014,,44.397787042976248,44.397787042976248,NORMALIZED_WAVEFORM_SNR_PS_OVER_PN,Bn_EQUALS_Rs,BCH-B200 / AWGN,BCH-B200|AWGN|#d62728|-|s,false,ZERO_OBSERVATION_ON_LOG_AXIS
AWGN,AWGN,BCH-B200,200,200,248,0.80645161290322576,5.3,4.365783148377649,16373,1194,200,0.00036462468698466986,0.012215232394796311,0.98778476760520373,0,0.012215232394796311,,43.74611250229021,43.74611250229021,NORMALIZED_WAVEFORM_SNR_PS_OVER_PN,Bn_EQUALS_Rs,BCH-B200 / AWGN,BCH-B200|AWGN|#d62728|-|s,false,ZERO_OBSERVATION_ON_LOG_AXIS
AWGN,AWGN,BCH-B200,200,200,248,0.80645161290322576,5.5,4.565783148377649,37581,1192,200,0.00015859077725446368,0.0053218381629014664,0.99467816183709856,2.6609190814507331e-05,0.0052952289720869586,,46.547547963066357,46.547547963066357,NORMALIZED_WAVEFORM_SNR_PS_OVER_PN,Bn_EQUALS_Rs,BCH-B200 / AWGN,BCH-B200|AWGN|#d62728|-|s,true,
AWGN,AWGN,BCH-B200,200,200,248,0.80645161290322576,5.7,4.76578314837765,50000,601,100,6.0099999999999997e-05,0.002,0.998,0,0.002,,48.808570000000131,48.808570000000131,NORMALIZED_WAVEFORM_SNR_PS_OVER_PN,Bn_EQUALS_Rs,BCH-B200 / AWGN,BCH-B200|AWGN|#d62728|-|s,false,ZERO_OBSERVATION_ON_LOG_AXIS
AWGN,AWGN,BCH-B200,200,200,248,0.80645161290322576,5.9,4.96578314837765,50000,214,39,2.1399999999999998e-05,0.00077999999999999999,0.99922,0,0.00077999999999999999,,48.54762800000028,48.54762800000028,NORMALIZED_WAVEFORM_SNR_PS_OVER_PN,Bn_EQUALS_Rs,BCH-B200 / AWGN,BCH-B200|AWGN|#d62728|-|s,false,ZERO_OBSERVATION_ON_LOG_AXIS
AWGN,AWGN,BCH-B200,200,200,248,0.80645161290322576,6.0,5.065783148377649,50000,128,22,1.2799999999999999e-05,0.00044000000000000002,0.99956,0,0.00044000000000000002,,47.522343999999485,47.522343999999485,NORMALIZED_WAVEFORM_SNR_PS_OVER_PN,Bn_EQUALS_Rs,BCH-B200 / AWGN,BCH-B200|AWGN|#d62728|-|s,false,ZERO_OBSERVATION_ON_LOG_AXIS
BLOCKAGE_H,BLOCKAGE_H,BCH-B200,200,200,248,0.80645161290322576,3.5,2.565783148377649,5000,82755,5000,0.082754999999999995,1,0,0.00080000000000000004,0.99919999999999998,0.07962338709677419,59.845700000000072,94.048140000000402,NORMALIZED_WAVEFORM_SNR_PS_OVER_PN,Bn_EQUALS_Rs,BCH-B200 / BLOCKAGE_H,BCH-B200|BLOCKAGE_H|#d62728|--|s,true,
BLOCKAGE_H,BLOCKAGE_H,BCH-B200,200,200,248,0.80645161290322576,3.7,2.765783148377649,5000,80185,4998,0.080185000000000006,0.99960000000000004,0.00040000000000000002,0.001,0.999,0.077214516129032254,62.330399999999884,95.311000000000064,NORMALIZED_WAVEFORM_SNR_PS_OVER_PN,Bn_EQUALS_Rs,BCH-B200 / BLOCKAGE_H,BCH-B200|BLOCKAGE_H|#d62728|--|s,true,
BLOCKAGE_H,BLOCKAGE_H,BCH-B200,200,200,248,0.80645161290322576,3.9,2.965783148377649,5000,77635,4997,0.077634999999999996,0.99939999999999996,0.00059999999999999995,0.0014,0.99839999999999995,0.074497580645161293,54.785119999999949,91.179240000000007,NORMALIZED_WAVEFORM_SNR_PS_OVER_PN,Bn_EQUALS_Rs,BCH-B200 / BLOCKAGE_H,BCH-B200|BLOCKAGE_H|#d62728|--|s,true,
BLOCKAGE_H,BLOCKAGE_H,BCH-B200,200,200,248,0.80645161290322576,4.1,3.1657831483776486,5000,75063,4990,0.075063000000000005,0.998,0.002,0.001,0.999,0.072155645161290319,57.975739999999959,88.862860000000097,NORMALIZED_WAVEFORM_SNR_PS_OVER_PN,Bn_EQUALS_Rs,BCH-B200 / BLOCKAGE_H,BCH-B200|BLOCKAGE_H|#d62728|--|s,true,
BLOCKAGE_H,BLOCKAGE_H,BCH-B200,200,200,248,0.80645161290322576,4.3,3.365783148377649,5000,73675,4985,0.073675000000000004,0.997,0.0030000000000000001,0.001,0.99880000000000002,0.070482258064516135,53.120879999999978,87.05829999999996,NORMALIZED_WAVEFORM_SNR_PS_OVER_PN,Bn_EQUALS_Rs,BCH-B200 / BLOCKAGE_H,BCH-B200|BLOCKAGE_H|#d62728|--|s,true,
BLOCKAGE_H,BLOCKAGE_H,BCH-B200,200,200,248,0.80645161290322576,4.5,3.565783148377649,5000,71133,4974,0.071133000000000002,0.99480000000000002,0.0051999999999999998,0.002,0.99719999999999998,0.067985483870967742,51.065560000000083,78.430119999999917,NORMALIZED_WAVEFORM_SNR_PS_OVER_PN,Bn_EQUALS_Rs,BCH-B200 / BLOCKAGE_H,BCH-B200|BLOCKAGE_H|#d62728|--|s,true,
BLOCKAGE_H,BLOCKAGE_H,BCH-B200,200,200,248,0.80645161290322576,4.7,3.765783148377649,5000,69150,4971,0.069150000000000003,0.99419999999999997,0.0057999999999999996,0.00080000000000000004,0.998,0.06616129032258064,48.250699999999952,78.517800000000221,NORMALIZED_WAVEFORM_SNR_PS_OVER_PN,Bn_EQUALS_Rs,BCH-B200 / BLOCKAGE_H,BCH-B200|BLOCKAGE_H|#d62728|--|s,true,
BLOCKAGE_H,BLOCKAGE_H,BCH-B200,200,200,248,0.80645161290322576,4.9,3.9657831483776493,5000,67240,4954,0.067239999999999994,0.99080000000000001,0.0091999999999999998,0.0011999999999999999,0.99760000000000004,0.064220161290322583,51.773220000000109,82.84653999999999,NORMALIZED_WAVEFORM_SNR_PS_OVER_PN,Bn_EQUALS_Rs,BCH-B200 / BLOCKAGE_H,BCH-B200|BLOCKAGE_H|#d62728|--|s,true,
BLOCKAGE_H,BLOCKAGE_H,BCH-B200,200,200,248,0.80645161290322576,5.1,4.165783148377649,5000,65588,4956,0.065587999999999994,0.99119999999999997,0.0088000000000000005,0.0011999999999999999,0.99739999999999995,0.062461290322580645,50.37570000000013,78.76103999999988,NORMALIZED_WAVEFORM_SNR_PS_OVER_PN,Bn_EQUALS_Rs,BCH-B200 / BLOCKAGE_H,BCH-B200|BLOCKAGE_H|#d62728|--|s,true,
BLOCKAGE_H,BLOCKAGE_H,BCH-B200,200,200,248,0.80645161290322576,5.3,4.365783148377649,5000,63865,4914,0.063865000000000005,0.98280000000000001,0.0172,0.00059999999999999995,0.99760000000000004,0.060880645161290325,52.364260000000073,83.864640000000136,NORMALIZED_WAVEFORM_SNR_PS_OVER_PN,Bn_EQUALS_Rs,BCH-B200 / BLOCKAGE_H,BCH-B200|BLOCKAGE_H|#d62728|--|s,true,
BLOCKAGE_H,BLOCKAGE_H,BCH-B200,200,200,248,0.80645161290322576,5.5,4.565783148377649,5000,62386,4906,0.062385999999999997,0.98119999999999996,0.018800000000000001,0.00059999999999999995,0.99639999999999995,0.059461290322580643,51.783199999999887,78.592580000000297,NORMALIZED_WAVEFORM_SNR_PS_OVER_PN,Bn_EQUALS_Rs,BCH-B200 / BLOCKAGE_H,BCH-B200|BLOCKAGE_H|#d62728|--|s,true,
BLOCKAGE_H,BLOCKAGE_H,BCH-B200,200,200,248,0.80645161290322576,5.7,4.76578314837765,5000,61437,4885,0.061436999999999999,0.97699999999999998,0.023,0.00059999999999999995,0.99580000000000002,0.05844274193548387,60.773120000000098,98.720059999999947,NORMALIZED_WAVEFORM_SNR_PS_OVER_PN,Bn_EQUALS_Rs,BCH-B200 / BLOCKAGE_H,BCH-B200|BLOCKAGE_H|#d62728|--|s,true,
BLOCKAGE_H,BLOCKAGE_H,BCH-B200,200,200,248,0.80645161290322576,5.9,4.96578314837765,5000,60128,4850,0.060128000000000001,0.96999999999999997,0.029999999999999999,0.00080000000000000004,0.99560000000000004,0.057085483870967742,47.077239999999946,74.492179999999834,NORMALIZED_WAVEFORM_SNR_PS_OVER_PN,Bn_EQUALS_Rs,BCH-B200 / BLOCKAGE_H,BCH-B200|BLOCKAGE_H|#d62728|--|s,true,
BLOCKAGE_H,BLOCKAGE_H,BCH-B200,200,200,248,0.80645161290322576,6.1,5.165783148377649,5000,59067,4818,0.059067000000000001,0.96360000000000001,0.036400000000000002,0.00080000000000000004,0.99399999999999999,0.056053225806451612,60.895840000000192,99.094579999999681,NORMALIZED_WAVEFORM_SNR_PS_OVER_PN,Bn_EQUALS_Rs,BCH-B200 / BLOCKAGE_H,BCH-B200|BLOCKAGE_H|#d62728|--|s,true,
BLOCKAGE_H,BLOCKAGE_H,BCH-B200,200,200,248,0.80645161290322576,6.3,5.365783148377649,5000,57580,4792,0.057579999999999999,0.95840000000000003,0.041599999999999998,0.00080000000000000004,0.99360000000000004,0.054695161290322578,39.92019999999998,63.730159999999913,NORMALIZED_WAVEFORM_SNR_PS_OVER_PN,Bn_EQUALS_Rs,BCH-B200 / BLOCKAGE_H,BCH-B200|BLOCKAGE_H|#d62728|--|s,true,
BLOCKAGE_M,BLOCKAGE_M,BCH-B200,200,200,248,0.80645161290322576,3.5,2.565783148377649,5000,46680,4813,0.046679999999999999,0.96260000000000001,0.037400000000000003,0.00059999999999999995,0.96199999999999997,0.047217741935483871,54.920579999999909,87.288140000000183,NORMALIZED_WAVEFORM_SNR_PS_OVER_PN,Bn_EQUALS_Rs,BCH-B200 / BLOCKAGE_M,BCH-B200|BLOCKAGE_M|#d62728|-.|s,true,
BLOCKAGE_M,BLOCKAGE_M,BCH-B200,200,200,248,0.80645161290322576,3.7,2.765783148377649,5000,43443,4694,0.043443000000000002,0.93879999999999997,0.061199999999999997,0.0011999999999999999,0.93799999999999994,0.044641935483870965,50.729539999999893,80.122780000000034,NORMALIZED_WAVEFORM_SNR_PS_OVER_PN,Bn_EQUALS_Rs,BCH-B200 / BLOCKAGE_M,BCH-B200|BLOCKAGE_M|#d62728|-.|s,true,
BLOCKAGE_M,BLOCKAGE_M,BCH-B200,200,200,248,0.80645161290322576,3.9,2.965783148377649,5000,39996,4556,0.039995999999999997,0.91120000000000001,0.088800000000000004,0.00059999999999999995,0.91159999999999997,0.041709677419354836,47.058899999999902,75.232339999999823,NORMALIZED_WAVEFORM_SNR_PS_OVER_PN,Bn_EQUALS_Rs,BCH-B200 / BLOCKAGE_M,BCH-B200|BLOCKAGE_M|#d62728|-.|s,true,
BLOCKAGE_M,BLOCKAGE_M,BCH-B200,200,200,248,0.80645161290322576,4.1,3.1657831483776486,5000,36596,4345,0.036595999999999997,0.86899999999999999,0.13100000000000001,0.00080000000000000004,0.86860000000000004,0.039238709677419353,55.91833999999983,87.852160000000197,NORMALIZED_WAVEFORM_SNR_PS_OVER_PN,Bn_EQUALS_Rs,BCH-B200 / BLOCKAGE_M,BCH-B200|BLOCKAGE_M|#d62728|-.|s,true,
BLOCKAGE_M,BLOCKAGE_M,BCH-B200,200,200,248,0.80645161290322576,4.3,3.365783148377649,5000,33454,4121,0.033453999999999998,0.82420000000000004,0.17580000000000001,0,0.8256,0.036808870967741936,46.306780000000089,73.28875999999994,NORMALIZED_WAVEFORM_SNR_PS_OVER_PN,Bn_EQUALS_Rs,BCH-B200 / BLOCKAGE_M,BCH-B200|BLOCKAGE_M|#d62728|-.|s,false,ZERO_OBSERVATION_ON_LOG_AXIS
BLOCKAGE_M,BLOCKAGE_M,BCH-B200,200,200,248,0.80645161290322576,4.5,3.565783148377649,5000,30319,3887,0.030318999999999999,0.77739999999999998,0.22259999999999999,0.0011999999999999999,0.77759999999999996,0.034596774193548389,68.783939999999902,106.12493999999981,NORMALIZED_WAVEFORM_SNR_PS_OVER_PN,Bn_EQUALS_Rs,BCH-B200 / BLOCKAGE_M,BCH-B200|BLOCKAGE_M|#d62728|-.|s,true,
BLOCKAGE_M,BLOCKAGE_M,BCH-B200,200,200,248,0.80645161290322576,4.7,3.765783148377649,5000,26778,3555,0.026778,0.71099999999999997,0.28899999999999998,0.0018,0.71120000000000005,0.032459677419354842,53.845699999999987,83.131420000000048,NORMALIZED_WAVEFORM_SNR_PS_OVER_PN,Bn_EQUALS_Rs,BCH-B200 / BLOCKAGE_M,BCH-B200|BLOCKAGE_M|#d62728|-.|s,true,
BLOCKAGE_M,BLOCKAGE_M,BCH-B200,200,200,248,0.80645161290322576,4.9,3.9657831483776493,5000,23814,3261,0.023813999999999998,0.6522,0.3478,0.00020000000000000001,0.65480000000000005,0.030408064516129034,53.555779999999992,87.723640000000032,NORMALIZED_WAVEFORM_SNR_PS_OVER_PN,Bn_EQUALS_Rs,BCH-B200 / BLOCKAGE_M,BCH-B200|BLOCKAGE_M|#d62728|-.|s,true,
BLOCKAGE_M,BLOCKAGE_M,BCH-B200,200,200,248,0.80645161290322576,5.1,4.165783148377649,5000,20973,2911,0.020972999999999999,0.58220000000000005,0.4178,0.00059999999999999995,0.58540000000000003,0.02874516129032258,50.444359999999925,79.918400000000332,NORMALIZED_WAVEFORM_SNR_PS_OVER_PN,Bn_EQUALS_Rs,BCH-B200 / BLOCKAGE_M,BCH-B200|BLOCKAGE_M|#d62728|-.|s,true,
BLOCKAGE_M,BLOCKAGE_M,BCH-B200,200,200,248,0.80645161290322576,5.3,4.365783148377649,5000,18301,2612,0.018301000000000001,0.52239999999999998,0.47760000000000002,0.001,0.52500000000000002,0.027240322580645161,55.416280000000157,85.854179999999872,NORMALIZED_WAVEFORM_SNR_PS_OVER_PN,Bn_EQUALS_Rs,BCH-B200 / BLOCKAGE_M,BCH-B200|BLOCKAGE_M|#d62728|-.|s,true,
BLOCKAGE_M,BLOCKAGE_M,BCH-B200,200,200,248,0.80645161290322576,5.5,4.565783148377649,5000,14906,2157,0.014906000000000001,0.43140000000000001,0.56859999999999999,0.00020000000000000001,0.43580000000000002,0.025298387096774195,52.170619999999957,82.992459999999994,NORMALIZED_WAVEFORM_SNR_PS_OVER_PN,Bn_EQUALS_Rs,BCH-B200 / BLOCKAGE_M,BCH-B200|BLOCKAGE_M|#d62728|-.|s,true,
BLOCKAGE_M,BLOCKAGE_M,BCH-B200,200,200,248,0.80645161290322576,5.7,4.76578314837765,5000,12636,1858,0.012636,0.37159999999999999,0.62839999999999996,0.00020000000000000001,0.37759999999999999,0.023881451612903226,44.672800000000109,72.402180000000058,NORMALIZED_WAVEFORM_SNR_PS_OVER_PN,Bn_EQUALS_Rs,BCH-B200 / BLOCKAGE_M,BCH-B200|BLOCKAGE_M|#d62728|-.|s,true,
BLOCKAGE_M,BLOCKAGE_M,BCH-B200,200,200,248,0.80645161290322576,5.9,4.96578314837765,5000,11155,1649,0.011155,0.32979999999999998,0.67020000000000002,0.00020000000000000001,0.33700000000000002,0.022815322580645163,55.77070000000019,89.77702000000005,NORMALIZED_WAVEFORM_SNR_PS_OVER_PN,Bn_EQUALS_Rs,BCH-B200 / BLOCKAGE_M,BCH-B200|BLOCKAGE_M|#d62728|-.|s,true,
BLOCKAGE_M,BLOCKAGE_M,BCH-B200,200,200,248,0.80645161290322576,6.1,5.165783148377649,5000,9556,1422,0.0095560000000000003,0.28439999999999999,0.71560000000000001,0.00020000000000000001,0.2908,0.021810483870967741,48.743460000000098,78.295500000000189,NORMALIZED_WAVEFORM_SNR_PS_OVER_PN,Bn_EQUALS_Rs,BCH-B200 / BLOCKAGE_M,BCH-B200|BLOCKAGE_M|#d62728|-.|s,true,
BLOCKAGE_M,BLOCKAGE_M,BCH-B200,200,200,248,0.80645161290322576,6.3,5.365783148377649,5000,7499,1129,0.0074989999999999996,0.2258,0.7742,0,0.2334,0.020576612903225808,53.459499999999991,86.09957999999979,NORMALIZED_WAVEFORM_SNR_PS_OVER_PN,Bn_EQUALS_Rs,BCH-B200 / BLOCKAGE_M,BCH-B200|BLOCKAGE_M|#d62728|-.|s,false,ZERO_OBSERVATION_ON_LOG_AXIS
CFO_30_NO_COMPENSATION,CFO_30,BCH-B200,200,200,248,0.80645161290322576,3.5,2.565783148377649,20000,1777814,18904,0.4444535,0.9452,0.0548,0.00085,0.94435,0.46081189516129034,39.12565500000004,88.97002499999994,NORMALIZED_WAVEFORM_SNR_PS_OVER_PN,Bn_EQUALS_Rs,BCH-B200 / CFO_30_NO_COMPENSATION,BCH-B200|CFO_30_NO_COMPENSATION|#d62728|:|s,true,
CFO_30_NO_COMPENSATION,CFO_30,BCH-B200,200,200,248,0.80645161290322576,3.7,2.765783148377649,20000,1775476,18413,0.443869,0.92065,0.07935,0.001,0.91965,0.4606727822580645,36.977879999999985,85.26670999999983,NORMALIZED_WAVEFORM_SNR_PS_OVER_PN,Bn_EQUALS_Rs,BCH-B200 / CFO_30_NO_COMPENSATION,BCH-B200|CFO_30_NO_COMPENSATION|#d62728|:|s,true,
CFO_30_NO_COMPENSATION,CFO_30,BCH-B200,200,200,248,0.80645161290322576,3.9,2.965783148377649,20000,1770672,17934,0.442668,0.8967,0.1033,0.0007,0.896,0.46001512096774194,36.992285,84.85701000000002,NORMALIZED_WAVEFORM_SNR_PS_OVER_PN,Bn_EQUALS_Rs,BCH-B200 / CFO_30_NO_COMPENSATION,BCH-B200|CFO_30_NO_COMPENSATION|#d62728|:|s,true,
CFO_30_NO_COMPENSATION,CFO_30,BCH-B200,200,200,248,0.80645161290322576,4.1,3.1657831483776486,20000,1771928,17407,0.442982,0.87035,0.12965,0.0012,0.86915,0.4605524193548387,38.457735000000035,87.84070500000003,NORMALIZED_WAVEFORM_SNR_PS_OVER_PN,Bn_EQUALS_Rs,BCH-B200 / CFO_30_NO_COMPENSATION,BCH-B200|CFO_30_NO_COMPENSATION|#d62728|:|s,true,
CFO_30_NO_COMPENSATION,CFO_30,BCH-B200,200,200,248,0.80645161290322576,4.3,3.365783148377649,20000,1767499,16837,0.44187475,0.84185,0.15815,0.00085,0.841,0.45991995967741933,39.437065000000004,90.01540000000003,NORMALIZED_WAVEFORM_SNR_PS_OVER_PN,Bn_EQUALS_Rs,BCH-B200 / CFO_30_NO_COMPENSATION,BCH-B200|CFO_30_NO_COMPENSATION|#d62728|:|s,true,
CFO_30_NO_COMPENSATION,CFO_30,BCH-B200,200,200,248,0.80645161290322576,4.5,3.565783148377649,20000,1766268,16447,0.441567,0.82235,0.17765,0.00075,0.8216,0.45990181451612905,50.517134999999904,110.35039500000009,NORMALIZED_WAVEFORM_SNR_PS_OVER_PN,Bn_EQUALS_Rs,BCH-B200 / CFO_30_NO_COMPENSATION,BCH-B200|CFO_30_NO_COMPENSATION|#d62728|:|s,true,
CFO_30_NO_COMPENSATION,CFO_30,BCH-B200,200,200,248,0.80645161290322576,4.7,3.765783148377649,20000,1764183,15957,0.44104575,0.79785,0.20215,0.0008,0.79705,0.4595518145161291,45.916365,103.60591500000008,NORMALIZED_WAVEFORM_SNR_PS_OVER_PN,Bn_EQUALS_Rs,BCH-B200 / CFO_30_NO_COMPENSATION,BCH-B200|CFO_30_NO_COMPENSATION|#d62728|:|s,true,
CFO_30_NO_COMPENSATION,CFO_30,BCH-B200,200,200,248,0.80645161290322576,4.9,3.9657831483776493,20000,1763744,15652,0.440936,0.7826,0.2174,0.00095,0.78165,0.45953588709677423,45.21522999999991,103.64924500000001,NORMALIZED_WAVEFORM_SNR_PS_OVER_PN,Bn_EQUALS_Rs,BCH-B200 / CFO_30_NO_COMPENSATION,BCH-B200|CFO_30_NO_COMPENSATION|#d62728|:|s,true,
CFO_30_NO_COMPENSATION,CFO_30,BCH-B200,200,200,248,0.80645161290322576,5.1,4.165783148377649,20000,1764701,15397,0.44117525,0.76985,0.23015,0.0013,0.76855,0.45957741935483865,44.67158999999994,101.28841500000009,NORMALIZED_WAVEFORM_SNR_PS_OVER_PN,Bn_EQUALS_Rs,BCH-B200 / CFO_30_NO_COMPENSATION,BCH-B200|CFO_30_NO_COMPENSATION|#d62728|:|s,true,
CFO_30_NO_COMPENSATION,CFO_30,BCH-B200,200,200,248,0.80645161290322576,5.3,4.365783148377649,20000,1763829,15220,0.44095725,0.761,0.239,0.00065,0.76035,0.4592542338709678,41.15143000000002,94.68126500000007,NORMALIZED_WAVEFORM_SNR_PS_OVER_PN,Bn_EQUALS_Rs,BCH-B200 / CFO_30_NO_COMPENSATION,BCH-B200|CFO_30_NO_COMPENSATION|#d62728|:|s,true,
CFO_30_NO_COMPENSATION,CFO_30,BCH-B200,200,200,248,0.80645161290322576,5.5,4.565783148377649,23288,1764787,15200,0.37890480075575406,0.6526966678117485,0.34730333218825143,0.000644108553761594,0.652052559257987,0.39602200634966367,41.4064153211955,96.34232222603909,NORMALIZED_WAVEFORM_SNR_PS_OVER_PN,Bn_EQUALS_Rs,BCH-B200 / CFO_30_NO_COMPENSATION,BCH-B200|CFO_30_NO_COMPENSATION|#d62728|:|s,true,
CFO_30_NO_COMPENSATION,CFO_30,BCH-B200,200,200,248,0.80645161290322576,5.7,4.76578314837765,30870,1767081,15200,0.28621331389698734,0.49238743116294137,0.5076125688370586,0.0005183025591188856,0.49193391642371237,0.30109891114663995,34.918098477486176,83.43034661483652,NORMALIZED_WAVEFORM_SNR_PS_OVER_PN,Bn_EQUALS_Rs,BCH-B200 / CFO_30_NO_COMPENSATION,BCH-B200|CFO_30_NO_COMPENSATION|#d62728|:|s,true,
CFO_30_NO_COMPENSATION,CFO_30,BCH-B200,200,200,248,0.80645161290322576,5.9,4.96578314837765,49977,1767886,15200,0.17686996018168358,0.30413990435600374,0.6958600956439962,0.000260119655041319,0.30387978470096244,0.18904034565577582,32.362612801888915,79.28966324509274,NORMALIZED_WAVEFORM_SNR_PS_OVER_PN,Bn_EQUALS_Rs,BCH-B200 / CFO_30_NO_COMPENSATION,BCH-B200|CFO_30_NO_COMPENSATION|#d62728|:|s,true,
CFO_30_NO_COMPENSATION,CFO_30,BCH-B200,200,200,248,0.80645161290322576,6.1,5.165783148377649,65000,1766996,15150,0.13592276923076924,0.23307692307692307,0.7669230769230769,0.00027692307692307695,0.2328,0.14637183622828784,39.755970769230736,97.51210461538375,NORMALIZED_WAVEFORM_SNR_PS_OVER_PN,Bn_EQUALS_Rs,BCH-B200 / CFO_30_NO_COMPENSATION,BCH-B200|CFO_30_NO_COMPENSATION|#d62728|:|s,true,
CFO_30_NO_COMPENSATION,CFO_30,BCH-B200,200,200,248,0.80645161290322576,6.3,5.365783148377649,65000,1767872,15050,0.13599015384615384,0.23153846153846153,0.7684615384615384,0.00027692307692307695,0.23126153846153846,0.1456701612903226,40.92038153846166,99.43726153846106,NORMALIZED_WAVEFORM_SNR_PS_OVER_PN,Bn_EQUALS_Rs,BCH-B200 / CFO_30_NO_COMPENSATION,BCH-B200|CFO_30_NO_COMPENSATION|#d62728|:|s,true,
CFO_60_NO_COMPENSATION,CFO_60,BCH-B200,200,200,248,0.80645161290322576,3.5,2.565783148377649,20000,2034894,19989,0.5087235,0.99945,0.00055,0.00115,0.9983,0.5391969758064515,42.063895000000024,95.74902499999999,NORMALIZED_WAVEFORM_SNR_PS_OVER_PN,Bn_EQUALS_Rs,BCH-B200 / CFO_60_NO_COMPENSATION,BCH-B200|CFO_60_NO_COMPENSATION|#d62728|-|s,true,
CFO_60_NO_COMPENSATION,CFO_60,BCH-B200,200,200,248,0.80645161290322576,3.7,2.765783148377649,20000,2035604,19971,0.508901,0.99855,0.00145,0.00085,0.9977,0.5394397177419356,47.24145999999996,105.04621000000006,NORMALIZED_WAVEFORM_SNR_PS_OVER_PN,Bn_EQUALS_Rs,BCH-B200 / CFO_60_NO_COMPENSATION,BCH-B200|CFO_60_NO_COMPENSATION|#d62728|-|s,true,
CFO_60_NO_COMPENSATION,CFO_60,BCH-B200,200,200,248,0.80645161290322576,3.9,2.965783148377649,20000,2034103,19960,0.50852575,0.998,0.002,0.0011,0.9969,0.5393691532258065,37.087075,85.06565499999996,NORMALIZED_WAVEFORM_SNR_PS_OVER_PN,Bn_EQUALS_Rs,BCH-B200 / CFO_60_NO_COMPENSATION,BCH-B200|CFO_60_NO_COMPENSATION|#d62728|-|s,true,
CFO_60_NO_COMPENSATION,CFO_60,BCH-B200,200,200,248,0.80645161290322576,4.1,3.1657831483776486,20000,2037163,19923,0.50929075,0.99615,0.00385,0.0009,0.99525,0.5401324596774193,36.07915499999995,82.95936499999996,NORMALIZED_WAVEFORM_SNR_PS_OVER_PN,Bn_EQUALS_Rs,BCH-B200 / CFO_60_NO_COMPENSATION,BCH-B200|CFO_60_NO_COMPENSATION|#d62728|-|s,true,
CFO_60_NO_COMPENSATION,CFO_60,BCH-B200,200,200,248,0.80645161290322576,4.3,3.365783148377649,20000,2035080,19868,0.50877,0.9934,0.0066,0.001,0.99245,0.5398221774193548,36.21930999999995,82.98076499999996,NORMALIZED_WAVEFORM_SNR_PS_OVER_PN,Bn_EQUALS_Rs,BCH-B200 / CFO_60_NO_COMPENSATION,BCH-B200|CFO_60_NO_COMPENSATION|#d62728|-|s,true,
CFO_60_NO_COMPENSATION,CFO_60,BCH-B200,200,200,248,0.80645161290322576,4.5,3.565783148377649,20000,2035487,19778,0.50887175,0.9889,0.0111,0.00115,0.9879,0.5401804435483871,35.84784000000001,82.52212999999989,NORMALIZED_WAVEFORM_SNR_PS_OVER_PN,Bn_EQUALS_Rs,BCH-B200 / CFO_60_NO_COMPENSATION,BCH-B200|CFO_60_NO_COMPENSATION|#d62728|-|s,true,
CFO_60_NO_COMPENSATION,CFO_60,BCH-B200,200,200,248,0.80645161290322576,4.7,3.765783148377649,20000,2034258,19634,0.5085645,0.9817,0.0183,0.0013,0.98045,0.5402439516129032,52.59221999999993,117.25183500000001,NORMALIZED_WAVEFORM_SNR_PS_OVER_PN,Bn_EQUALS_Rs,BCH-B200 / CFO_60_NO_COMPENSATION,BCH-B200|CFO_60_NO_COMPENSATION|#d62728|-|s,true,
CFO_60_NO_COMPENSATION,CFO_60,BCH-B200,200,200,248,0.80645161290322576,4.9,3.9657831483776493,20000,2034304,19459,0.508576,0.97295,0.02705,0.0006,0.97245,0.540523185483871,58.03249500000004,125.72615999999982,NORMALIZED_WAVEFORM_SNR_PS_OVER_PN,Bn_EQUALS_Rs,BCH-B200 / CFO_60_NO_COMPENSATION,BCH-B200|CFO_60_NO_COMPENSATION|#d62728|-|s,true,
CFO_60_NO_COMPENSATION,CFO_60,BCH-B200,200,200,248,0.80645161290322576,5.1,4.165783148377649,20000,2034963,19178,0.50874075,0.9589,0.0411,0.0006,0.95855,0.5407681451612903,50.64281999999999,118.14385999999989,NORMALIZED_WAVEFORM_SNR_PS_OVER_PN,Bn_EQUALS_Rs,BCH-B200 / CFO_60_NO_COMPENSATION,BCH-B200|CFO_60_NO_COMPENSATION|#d62728|-|s,true,
CFO_60_NO_COMPENSATION,CFO_60,BCH-B200,200,200,248,0.80645161290322576,5.3,4.365783148377649,20000,2033640,18849,0.50841,0.94245,0.05755,0.00115,0.9416,0.540729435483871,45.493444999999994,101.49591500000002,NORMALIZED_WAVEFORM_SNR_PS_OVER_PN,Bn_EQUALS_Rs,BCH-B200 / CFO_60_NO_COMPENSATION,BCH-B200|CFO_60_NO_COMPENSATION|#d62728|-|s,true,
CFO_60_NO_COMPENSATION,CFO_60,BCH-B200,200,200,248,0.80645161290322576,5.5,4.565783148377649,20000,2031974,18407,0.5079935,0.92035,0.07965,0.0014,0.91965,0.5409129032258064,53.07002000000004,119.22480000000004,NORMALIZED_WAVEFORM_SNR_PS_OVER_PN,Bn_EQUALS_Rs,BCH-B200 / CFO_60_NO_COMPENSATION,BCH-B200|CFO_60_NO_COMPENSATION|#d62728|-|s,true,
CFO_60_NO_COMPENSATION,CFO_60,BCH-B200,200,200,248,0.80645161290322576,5.7,4.76578314837765,20000,2033583,17981,0.50839575,0.89905,0.10095,0.00095,0.8983,0.5414252016129032,58.03111999999992,135.62825500000005,NORMALIZED_WAVEFORM_SNR_PS_OVER_PN,Bn_EQUALS_Rs,BCH-B200 / CFO_60_NO_COMPENSATION,BCH-B200|CFO_60_NO_COMPENSATION|#d62728|-|s,true,
CFO_60_NO_COMPENSATION,CFO_60,BCH-B200,200,200,248,0.80645161290322576,5.9,4.96578314837765,20000,2031163,17539,0.50779075,0.87695,0.12305,0.0015,0.8761,0.5412862903225807,47.34928499999996,104.85467499999993,NORMALIZED_WAVEFORM_SNR_PS_OVER_PN,Bn_EQUALS_Rs,BCH-B200 / CFO_60_NO_COMPENSATION,BCH-B200|CFO_60_NO_COMPENSATION|#d62728|-|s,true,
CFO_60_NO_COMPENSATION,CFO_60,BCH-B200,200,200,248,0.80645161290322576,6.1,5.165783148377649,20000,2029506,17085,0.5073765,0.85425,0.14575,0.001,0.85405,0.5411173387096775,43.734444999999965,98.0318449999999,NORMALIZED_WAVEFORM_SNR_PS_OVER_PN,Bn_EQUALS_Rs,BCH-B200 / CFO_60_NO_COMPENSATION,BCH-B200|CFO_60_NO_COMPENSATION|#d62728|-|s,true,
CFO_60_NO_COMPENSATION,CFO_60,BCH-B200,200,200,248,0.80645161290322576,6.3,5.365783148377649,20000,2029839,16670,0.50745975,0.8335,0.1665,0.0007,0.83345,0.5413520161290323,42.158754999999914,97.57898500000026,NORMALIZED_WAVEFORM_SNR_PS_OVER_PN,Bn_EQUALS_Rs,BCH-B200 / CFO_60_NO_COMPENSATION,BCH-B200|CFO_60_NO_COMPENSATION|#d62728|-|s,true,
MULTIPATH_MMSE,FIXED_MULTIPATH_MMSE,BCH-B200,200,200,248,0.80645161290322576,6.0,5.065783148377649,5000,20951,2799,0.020951000000000001,0.55979999999999996,0.44019999999999998,0.00059999999999999995,0.55920000000000003,0.028793548387096773,33.566379999999981,46.870019999999954,NORMALIZED_WAVEFORM_SNR_PS_OVER_PN,Bn_EQUALS_Rs,BCH-B200 / MULTIPATH_MMSE,BCH-B200|MULTIPATH_MMSE|#d62728|--|s,true,
MULTIPATH_MMSE,FIXED_MULTIPATH_MMSE,BCH-B200,200,200,248,0.80645161290322576,6.2,5.26578314837765,5000,17600,2394,0.017600000000000001,0.4788,0.5212,0.00020000000000000001,0.47860000000000003,0.026593548387096773,32.946660000000037,46.31189999999998,NORMALIZED_WAVEFORM_SNR_PS_OVER_PN,Bn_EQUALS_Rs,BCH-B200 / MULTIPATH_MMSE,BCH-B200|MULTIPATH_MMSE|#d62728|--|s,true,
MULTIPATH_MMSE,FIXED_MULTIPATH_MMSE,BCH-B200,200,200,248,0.80645161290322576,6.4,5.46578314837765,5000,14651,2021,0.014651000000000001,0.4042,0.5958,0.00020000000000000001,0.40400000000000003,0.024658870967741935,32.539799999999978,45.724199999999968,NORMALIZED_WAVEFORM_SNR_PS_OVER_PN,Bn_EQUALS_Rs,BCH-B200 / MULTIPATH_MMSE,BCH-B200|MULTIPATH_MMSE|#d62728|--|s,true,
MULTIPATH_MMSE,FIXED_MULTIPATH_MMSE,BCH-B200,200,200,248,0.80645161290322576,6.6,5.665783148377649,5000,11714,1661,0.011714,0.3322,0.66779999999999995,0.00020000000000000001,0.33200000000000002,0.022622580645161289,34.808400000000098,49.280580000000121,NORMALIZED_WAVEFORM_SNR_PS_OVER_PN,Bn_EQUALS_Rs,BCH-B200 / MULTIPATH_MMSE,BCH-B200|MULTIPATH_MMSE|#d62728|--|s,true,
MULTIPATH_MMSE,FIXED_MULTIPATH_MMSE,BCH-B200,200,200,248,0.80645161290322576,6.8,5.865783148377649,5000,9593,1385,0.0095930000000000008,0.27700000000000002,0.72299999999999998,0.00059999999999999995,0.27660000000000001,0.020834677419354838,33.964259999999896,47.930719999999887,NORMALIZED_WAVEFORM_SNR_PS_OVER_PN,Bn_EQUALS_Rs,BCH-B200 / MULTIPATH_MMSE,BCH-B200|MULTIPATH_MMSE|#d62728|--|s,true,
MULTIPATH_MMSE,FIXED_MULTIPATH_MMSE,BCH-B200,200,200,248,0.80645161290322576,7.0,6.065783148377649,5000,7657,1107,0.0076569999999999997,0.22140000000000001,0.77859999999999996,0.00040000000000000002,0.221,0.019058870967741934,29.54153999999992,42.148880000000013,NORMALIZED_WAVEFORM_SNR_PS_OVER_PN,Bn_EQUALS_Rs,BCH-B200 / MULTIPATH_MMSE,BCH-B200|MULTIPATH_MMSE|#d62728|--|s,true,
MULTIPATH_MMSE,FIXED_MULTIPATH_MMSE,BCH-B200,200,200,248,0.80645161290322576,7.2,6.26578314837765,5000,6162,912,0.0061619999999999999,0.18240000000000001,0.81759999999999999,0.00040000000000000002,0.182,0.017533064516129033,29.708559999999899,42.652359999999902,NORMALIZED_WAVEFORM_SNR_PS_OVER_PN,Bn_EQUALS_Rs,BCH-B200 / MULTIPATH_MMSE,BCH-B200|MULTIPATH_MMSE|#d62728|--|s,true,
MULTIPATH_MMSE,FIXED_MULTIPATH_MMSE,BCH-B200,200,200,248,0.80645161290322576,7.4,6.46578314837765,5000,4470,671,0.00447,0.13420000000000001,0.86580000000000001,0.00040000000000000002,0.13400000000000001,0.015975,28.664960000000043,41.367480000000114,NORMALIZED_WAVEFORM_SNR_PS_OVER_PN,Bn_EQUALS_Rs,BCH-B200 / MULTIPATH_MMSE,BCH-B200|MULTIPATH_MMSE|#d62728|--|s,true,
MULTIPATH_MMSE,FIXED_MULTIPATH_MMSE,BCH-B200,200,200,248,0.80645161290322576,7.6,6.665783148377649,5000,3506,532,0.003506,0.10639999999999999,0.89359999999999995,0,0.10639999999999999,0.014546774193548388,31.455800000000011,45.758720000000075,NORMALIZED_WAVEFORM_SNR_PS_OVER_PN,Bn_EQUALS_Rs,BCH-B200 / MULTIPATH_MMSE,BCH-B200|MULTIPATH_MMSE|#d62728|--|s,false,ZERO_OBSERVATION_ON_LOG_AXIS
MULTIPATH_MMSE,FIXED_MULTIPATH_MMSE,BCH-B200,200,200,248,0.80645161290322576,7.8,6.865783148377649,5000,2455,375,0.0024550000000000002,0.074999999999999997,0.92500000000000004,0,0.075200000000000003,0.013094354838709677,34.253320000000059,49.61387999999986,NORMALIZED_WAVEFORM_SNR_PS_OVER_PN,Bn_EQUALS_Rs,BCH-B200 / MULTIPATH_MMSE,BCH-B200|MULTIPATH_MMSE|#d62728|--|s,false,ZERO_OBSERVATION_ON_LOG_AXIS
MULTIPATH_MMSE,FIXED_MULTIPATH_MMSE,BCH-B200,200,200,248,0.80645161290322576,8.0,7.065783148377649,5000,1898,286,0.0018979999999999999,0.057200000000000001,0.94279999999999997,0.00020000000000000001,0.057000000000000002,0.011933870967741936,30.079300000000053,45.023300000000084,NORMALIZED_WAVEFORM_SNR_PS_OVER_PN,Bn_EQUALS_Rs,BCH-B200 / MULTIPATH_MMSE,BCH-B200|MULTIPATH_MMSE|#d62728|--|s,true,
MULTIPATH_MMSE,FIXED_MULTIPATH_MMSE,BCH-B200,200,200,248,0.80645161290322576,8.2,7.265783148377649,5000,1485,235,0.001485,0.047,0.95299999999999996,0,0.047,0.011018548387096774,26.888960000000008,39.758519999999919,NORMALIZED_WAVEFORM_SNR_PS_OVER_PN,Bn_EQUALS_Rs,BCH-B200 / MULTIPATH_MMSE,BCH-B200|MULTIPATH_MMSE|#d62728|--|s,false,ZERO_OBSERVATION_ON_LOG_AXIS
MULTIPATH_MMSE,FIXED_MULTIPATH_MMSE,BCH-B200,200,200,248,0.80645161290322576,8.4,7.46578314837765,6634,1277,200,0.00096246608381067231,0.030147723846849564,0.96985227615315039,0.00015073861923424781,0.029996985227615316,0.009788285178017447,26.026032559541655,38.732423876997316,NORMALIZED_WAVEFORM_SNR_PS_OVER_PN,Bn_EQUALS_Rs,BCH-B200 / MULTIPATH_MMSE,BCH-B200|MULTIPATH_MMSE|#d62728|--|s,true,
MULTIPATH_MMSE,FIXED_MULTIPATH_MMSE,BCH-B200,200,200,248,0.80645161290322576,8.6,7.665783148377649,9232,1331,200,0.00072086221837088383,0.021663778162911613,0.97833622183708835,0,0.021663778162911613,0.0087646579918376471,26.24626299826684,39.461871750433268,NORMALIZED_WAVEFORM_SNR_PS_OVER_PN,Bn_EQUALS_Rs,BCH-B200 / MULTIPATH_MMSE,BCH-B200|MULTIPATH_MMSE|#d62728|--|s,false,ZERO_OBSERVATION_ON_LOG_AXIS
MULTIPATH_MMSE,FIXED_MULTIPATH_MMSE,BCH-B200,200,200,248,0.80645161290322576,8.8,7.86578314837765,13383,1301,200,0.00048606441007248001,0.01494433236195173,0.9850556676380483,0,0.01494433236195173,0.0078994053601945651,26.94706717477392,40.634827766569636,NORMALIZED_WAVEFORM_SNR_PS_OVER_PN,Bn_EQUALS_Rs,BCH-B200 / MULTIPATH_MMSE,BCH-B200|MULTIPATH_MMSE|#d62728|--|s,false,ZERO_OBSERVATION_ON_LOG_AXIS
MULTIPATH_MMSE,FIXED_MULTIPATH_MMSE,BCH-B200,200,200,248,0.80645161290322576,9.0,8.06578314837765,16085,1280,200,0.00039788622940627915,0.012433944668946224,0.98756605533105379,0,0.012558284115635686,0.0071560359782205417,25.850898352502337,39.347248989741793,NORMALIZED_WAVEFORM_SNR_PS_OVER_PN,Bn_EQUALS_Rs,BCH-B200 / MULTIPATH_MMSE,BCH-B200|MULTIPATH_MMSE|#d62728|--|s,false,ZERO_OBSERVATION_ON_LOG_AXIS
MULTIPATH_MMSE,FIXED_MULTIPATH_MMSE,BCH-B200,200,200,248,0.80645161290322576,9.2,8.265783148377649,26290,1258,200,0.00023925446937999239,0.0076074553062000757,0.99239254469379989,0,0.0076074553062000757,0.0063289120111903211,24.271293267401916,37.182225180676909,NORMALIZED_WAVEFORM_SNR_PS_OVER_PN,Bn_EQUALS_Rs,BCH-B200 / MULTIPATH_MMSE,BCH-B200|MULTIPATH_MMSE|#d62728|--|s,false,ZERO_OBSERVATION_ON_LOG_AXIS
MULTIPATH_MMSE,FIXED_MULTIPATH_MMSE,BCH-B200,200,200,248,0.80645161290322576,9.4,8.46578314837765,31468,1266,200,0.00020115673064700649,0.006355662895640015,0.99364433710435995,3.1778314478200079e-05,0.006355662895640015,0.0056629468953611865,24.324666327698033,37.320296809457282,NORMALIZED_WAVEFORM_SNR_PS_OVER_PN,Bn_EQUALS_Rs,BCH-B200 / MULTIPATH_MMSE,BCH-B200|MULTIPATH_MMSE|#d62728|--|s,true,
MULTIPATH_MMSE,FIXED_MULTIPATH_MMSE,BCH-B200,200,200,248,0.80645161290322576,9.6,8.665783148377649,42734,1191,200,0.00013935040014976366,0.0046801141947863528,0.99531988580521369,2.3400570973931763e-05,0.0046567136238124208,0.0050242346881005833,23.907336079000377,36.971395142041715,NORMALIZED_WAVEFORM_SNR_PS_OVER_PN,Bn_EQUALS_Rs,BCH-B200 / MULTIPATH_MMSE,BCH-B200|MULTIPATH_MMSE|#d62728|--|s,true,
MULTIPATH_MMSE,FIXED_MULTIPATH_MMSE,BCH-B200,200,200,248,0.80645161290322576,9.8,8.86578314837765,50000,1077,168,0.0001077,0.0033600000000000001,0.99663999999999997,2.0000000000000002e-05,0.0033400000000000001,0.0044732258064516129,24.213506000000137,37.582005999999858,NORMALIZED_WAVEFORM_SNR_PS_OVER_PN,Bn_EQUALS_Rs,BCH-B200 / MULTIPATH_MMSE,BCH-B200|MULTIPATH_MMSE|#d62728|--|s,true,
MULTIPATH_MMSE,FIXED_MULTIPATH_MMSE,BCH-B200,200,200,248,0.80645161290322576,10.0,9.06578314837765,50000,616,94,6.1600000000000007e-05,0.0018799999999999999,0.99812000000000001,0,0.0019,0.003908064516129032,26.334202000000076,41.268527999999939,NORMALIZED_WAVEFORM_SNR_PS_OVER_PN,Bn_EQUALS_Rs,BCH-B200 / MULTIPATH_MMSE,BCH-B200|MULTIPATH_MMSE|#d62728|--|s,false,ZERO_OBSERVATION_ON_LOG_AXIS
MULTIPATH_MMSE,FIXED_MULTIPATH_MMSE,BCH-B200,200,200,248,0.80645161290322576,10.2,9.265783148377649,50000,477,74,4.7700000000000001e-05,0.00148,0.99851999999999996,0,0.0015200000000000001,0.0034452419354838709,27.719283999999735,43.477998000000028,NORMALIZED_WAVEFORM_SNR_PS_OVER_PN,Bn_EQUALS_Rs,BCH-B200 / MULTIPATH_MMSE,BCH-B200|MULTIPATH_MMSE|#d62728|--|s,false,ZERO_OBSERVATION_ON_LOG_AXIS
MULTIPATH_MMSE,FIXED_MULTIPATH_MMSE,BCH-B200,200,200,248,0.80645161290322576,10.4,9.46578314837765,50000,419,67,4.1900000000000002e-05,0.00134,0.99865999999999999,0,0.0013799999999999999,0.0030170967741935482,24.586543999999705,38.780922000000047,NORMALIZED_WAVEFORM_SNR_PS_OVER_PN,Bn_EQUALS_Rs,BCH-B200 / MULTIPATH_MMSE,BCH-B200|MULTIPATH_MMSE|#d62728|--|s,false,ZERO_OBSERVATION_ON_LOG_AXIS
MULTIPATH_MMSE,FIXED_MULTIPATH_MMSE,BCH-B200,200,200,248,0.80645161290322576,10.6,9.665783148377649,50000,167,27,1.6699999999999999e-05,0.00054000000000000001,0.99946000000000002,0,0.00058,0.0026101612903225808,26.03493400000005,41.167303999999717,NORMALIZED_WAVEFORM_SNR_PS_OVER_PN,Bn_EQUALS_Rs,BCH-B200 / MULTIPATH_MMSE,BCH-B200|MULTIPATH_MMSE|#d62728|--|s,false,ZERO_OBSERVATION_ON_LOG_AXIS
AWGN,AWGN,BCH-B300,300,300,390,0.76923076923076927,4.0,2.8605664769316324,5000,17786,1799,0.011857333333333333,0.35980000000000001,0.64019999999999999,0,0.35980000000000001,,154.68108000000058,154.68108000000058,NORMALIZED_WAVEFORM_SNR_PS_OVER_PN,Bn_EQUALS_Rs,BCH-B300 / AWGN,BCH-B300|AWGN|#9467bd|-|D,false,ZERO_OBSERVATION_ON_LOG_AXIS
AWGN,AWGN,BCH-B300,300,300,390,0.76923076923076927,4.2,3.0605664769316325,5000,11584,1212,0.0077226666666666667,0.2424,0.75760000000000005,0,0.2424,,161.75601999999992,161.75601999999992,NORMALIZED_WAVEFORM_SNR_PS_OVER_PN,Bn_EQUALS_Rs,BCH-B300 / AWGN,BCH-B300|AWGN|#9467bd|-|D,false,ZERO_OBSERVATION_ON_LOG_AXIS
AWGN,AWGN,BCH-B300,300,300,390,0.76923076923076927,4.4,3.2605664769316327,5000,7035,740,0.0046899999999999997,0.14799999999999999,0.85199999999999998,0,0.14799999999999999,,135.6986999999998,135.6986999999998,NORMALIZED_WAVEFORM_SNR_PS_OVER_PN,Bn_EQUALS_Rs,BCH-B300 / AWGN,BCH-B300|AWGN|#9467bd|-|D,false,ZERO_OBSERVATION_ON_LOG_AXIS
AWGN,AWGN,BCH-B300,300,300,390,0.76923076923076927,4.6,3.460566476931632,5000,4007,431,0.0026713333333333333,0.086199999999999999,0.91379999999999995,0,0.086199999999999999,,126.25744000000017,126.25744000000017,NORMALIZED_WAVEFORM_SNR_PS_OVER_PN,Bn_EQUALS_Rs,BCH-B300 / AWGN,BCH-B300|AWGN|#9467bd|-|D,false,ZERO_OBSERVATION_ON_LOG_AXIS
AWGN,AWGN,BCH-B300,300,300,390,0.76923076923076927,4.8,3.660566476931632,5000,2136,238,0.0014239999999999999,0.047600000000000003,0.95240000000000002,0,0.047600000000000003,,126.19012000000023,126.19012000000023,NORMALIZED_WAVEFORM_SNR_PS_OVER_PN,Bn_EQUALS_Rs,BCH-B300 / AWGN,BCH-B300|AWGN|#9467bd|-|D,false,ZERO_OBSERVATION_ON_LOG_AXIS
AWGN,AWGN,BCH-B300,300,300,390,0.76923076923076927,5.0,3.8605664769316324,9580,1787,200,0.0006217814892136395,0.020876826722338204,0.97912317327766174,0,0.020876826722338204,,116.77448851774514,116.77448851774514,NORMALIZED_WAVEFORM_SNR_PS_OVER_PN,Bn_EQUALS_Rs,BCH-B300 / AWGN,BCH-B300|AWGN|#9467bd|-|D,false,ZERO_OBSERVATION_ON_LOG_AXIS
AWGN,AWGN,BCH-B300,300,300,390,0.76923076923076927,5.2,4.0605664769316325,24419,1779,200,0.00024284368729268193,0.0081903435849133878,0.99180965641508656,0,0.0081903435849133878,,128.12779393095488,128.12779393095488,NORMALIZED_WAVEFORM_SNR_PS_OVER_PN,Bn_EQUALS_Rs,BCH-B300 / AWGN,BCH-B300|AWGN|#9467bd|-|D,false,ZERO_OBSERVATION_ON_LOG_AXIS
AWGN,AWGN,BCH-B300,300,300,390,0.76923076923076927,5.4,4.260566476931633,50000,1411,159,9.4066666666666672e-05,0.0031800000000000001,0.99682000000000004,0,0.0031800000000000001,,128.10267600000034,128.10267600000034,NORMALIZED_WAVEFORM_SNR_PS_OVER_PN,Bn_EQUALS_Rs,BCH-B300 / AWGN,BCH-B300|AWGN|#9467bd|-|D,false,ZERO_OBSERVATION_ON_LOG_AXIS
AWGN,AWGN,BCH-B300,300,300,390,0.76923076923076927,5.5,4.360566476931632,50000,759,88,5.0599999999999997e-05,0.0017600000000000001,0.99824000000000002,0,0.0017600000000000001,,122.70082600000011,122.70082600000011,NORMALIZED_WAVEFORM_SNR_PS_OVER_PN,Bn_EQUALS_Rs,BCH-B300 / AWGN,BCH-B300|AWGN|#9467bd|-|D,false,ZERO_OBSERVATION_ON_LOG_AXIS
BLOCKAGE_H,BLOCKAGE_H,BCH-B300,300,300,390,0.76923076923076927,3.6,2.460566476931633,5000,94721,4996,0.063147333333333333,0.99919999999999998,0.00080000000000000004,0,0.99919999999999998,0.062580512820512815,97.887380000000078,131.25071999999983,NORMALIZED_WAVEFORM_SNR_PS_OVER_PN,Bn_EQUALS_Rs,BCH-B300 / BLOCKAGE_H,BCH-B300|BLOCKAGE_H|#9467bd|--|D,false,ZERO_OBSERVATION_ON_LOG_AXIS
BLOCKAGE_H,BLOCKAGE_H,BCH-B300,300,300,390,0.76923076923076927,3.8,2.660566476931632,5000,90232,4996,0.060154666666666669,0.99919999999999998,0.00080000000000000004,0,0.99939999999999996,0.059784615384615387,114.07491999999995,151.60120000000018,NORMALIZED_WAVEFORM_SNR_PS_OVER_PN,Bn_EQUALS_Rs,BCH-B300 / BLOCKAGE_H,BCH-B300|BLOCKAGE_H|#9467bd|--|D,false,ZERO_OBSERVATION_ON_LOG_AXIS
BLOCKAGE_H,BLOCKAGE_H,BCH-B300,300,300,390,0.76923076923076927,4.0,2.8605664769316324,5000,86720,4991,0.057813333333333335,0.99819999999999998,0.0018,0,0.99860000000000004,0.057341025641025639,98.870719999999949,132.07162000000017,NORMALIZED_WAVEFORM_SNR_PS_OVER_PN,Bn_EQUALS_Rs,BCH-B300 / BLOCKAGE_H,BCH-B300|BLOCKAGE_H|#9467bd|--|D,false,ZERO_OBSERVATION_ON_LOG_AXIS
BLOCKAGE_H,BLOCKAGE_H,BCH-B300,300,300,390,0.76923076923076927,4.2,3.0605664769316325,5000,82792,4989,0.05519466666666667,0.99780000000000002,0.0022000000000000001,0,0.99780000000000002,0.054594871794871797,93.901540000000182,125.72312000000018,NORMALIZED_WAVEFORM_SNR_PS_OVER_PN,Bn_EQUALS_Rs,BCH-B300 / BLOCKAGE_H,BCH-B300|BLOCKAGE_H|#9467bd|--|D,false,ZERO_OBSERVATION_ON_LOG_AXIS
BLOCKAGE_H,BLOCKAGE_H,BCH-B300,300,300,390,0.76923076923076927,4.4,3.2605664769316327,5000,79631,4987,0.053087333333333334,0.99739999999999995,0.0025999999999999999,0,0.99760000000000004,0.052627692307692306,94.460459999999983,126.17589999999993,NORMALIZED_WAVEFORM_SNR_PS_OVER_PN,Bn_EQUALS_Rs,BCH-B300 / BLOCKAGE_H,BCH-B300|BLOCKAGE_H|#9467bd|--|D,false,ZERO_OBSERVATION_ON_LOG_AXIS
BLOCKAGE_H,BLOCKAGE_H,BCH-B300,300,300,390,0.76923076923076927,4.6,3.460566476931632,5000,76294,4969,0.050862666666666667,0.99380000000000002,0.0061999999999999998,0,0.99519999999999997,0.050398974358974356,93.390660000000096,124.90960000000003,NORMALIZED_WAVEFORM_SNR_PS_OVER_PN,Bn_EQUALS_Rs,BCH-B300 / BLOCKAGE_H,BCH-B300|BLOCKAGE_H|#9467bd|--|D,false,ZERO_OBSERVATION_ON_LOG_AXIS
BLOCKAGE_H,BLOCKAGE_H,BCH-B300,300,300,390,0.76923076923076927,4.8,3.660566476931632,5000,73259,4951,0.048839333333333332,0.99019999999999997,0.0097999999999999997,0,0.99199999999999999,0.048492307692307696,111.12818000000024,149.0084199999998,NORMALIZED_WAVEFORM_SNR_PS_OVER_PN,Bn_EQUALS_Rs,BCH-B300 / BLOCKAGE_H,BCH-B300|BLOCKAGE_H|#9467bd|--|D,false,ZERO_OBSERVATION_ON_LOG_AXIS
BLOCKAGE_H,BLOCKAGE_H,BCH-B300,300,300,390,0.76923076923076927,5.0,3.8605664769316324,5000,69917,4909,0.046611333333333331,0.98180000000000001,0.018200000000000001,0,0.98499999999999999,0.046463076923076926,96.965519999999941,129.32226000000003,NORMALIZED_WAVEFORM_SNR_PS_OVER_PN,Bn_EQUALS_Rs,BCH-B300 / BLOCKAGE_H,BCH-B300|BLOCKAGE_H|#9467bd|--|D,false,ZERO_OBSERVATION_ON_LOG_AXIS
BLOCKAGE_H,BLOCKAGE_H,BCH-B300,300,300,390,0.76923076923076927,5.2,4.0605664769316325,5000,66980,4881,0.044653333333333337,0.97619999999999996,0.023800000000000002,0,0.97919999999999996,0.044573846153846151,95.175540000000055,126.93370000000034,NORMALIZED_WAVEFORM_SNR_PS_OVER_PN,Bn_EQUALS_Rs,BCH-B300 / BLOCKAGE_H,BCH-B300|BLOCKAGE_H|#9467bd|--|D,false,ZERO_OBSERVATION_ON_LOG_AXIS
BLOCKAGE_H,BLOCKAGE_H,BCH-B300,300,300,390,0.76923076923076927,5.4,4.260566476931633,5000,65067,4853,0.043378,0.97060000000000002,0.029399999999999999,0,0.97660000000000002,0.043405641025641026,96.064680000000251,128.25016000000011,NORMALIZED_WAVEFORM_SNR_PS_OVER_PN,Bn_EQUALS_Rs,BCH-B300 / BLOCKAGE_H,BCH-B300|BLOCKAGE_H|#9467bd|--|D,false,ZERO_OBSERVATION_ON_LOG_AXIS
BLOCKAGE_H,BLOCKAGE_H,BCH-B300,300,300,390,0.76923076923076927,5.6,4.460566476931632,5000,61695,4770,0.04113,0.95399999999999996,0.045999999999999999,0,0.96260000000000001,0.04150923076923077,98.184420000000031,131.4258200000001,NORMALIZED_WAVEFORM_SNR_PS_OVER_PN,Bn_EQUALS_Rs,BCH-B300 / BLOCKAGE_H,BCH-B300|BLOCKAGE_H|#9467bd|--|D,false,ZERO_OBSERVATION_ON_LOG_AXIS
BLOCKAGE_H,BLOCKAGE_H,BCH-B300,300,300,390,0.76923076923076927,5.8,4.660566476931632,5000,59872,4697,0.039914666666666668,0.93940000000000001,0.060600000000000001,0,0.95320000000000005,0.040490769230769233,94.952339999999978,126.47162000000026,NORMALIZED_WAVEFORM_SNR_PS_OVER_PN,Bn_EQUALS_Rs,BCH-B300 / BLOCKAGE_H,BCH-B300|BLOCKAGE_H|#9467bd|--|D,false,ZERO_OBSERVATION_ON_LOG_AXIS
BLOCKAGE_H,BLOCKAGE_H,BCH-B300,300,300,390,0.76923076923076927,6.0,4.860566476931632,5000,57557,4612,0.038371333333333334,0.9224,0.077600000000000002,0,0.93979999999999997,0.039102564102564102,96.291160000000104,128.30103999999983,NORMALIZED_WAVEFORM_SNR_PS_OVER_PN,Bn_EQUALS_Rs,BCH-B300 / BLOCKAGE_H,BCH-B300|BLOCKAGE_H|#9467bd|--|D,false,ZERO_OBSERVATION_ON_LOG_AXIS
BLOCKAGE_H,BLOCKAGE_H,BCH-B300,300,300,390,0.76923076923076927,6.2,5.0605664769316325,5000,55004,4438,0.036669333333333332,0.88759999999999994,0.1124,0,0.91639999999999999,0.038156923076923074,94.565280000000243,126.30005999999987,NORMALIZED_WAVEFORM_SNR_PS_OVER_PN,Bn_EQUALS_Rs,BCH-B300 / BLOCKAGE_H,BCH-B300|BLOCKAGE_H|#9467bd|--|D,false,ZERO_OBSERVATION_ON_LOG_AXIS
BLOCKAGE_M,BLOCKAGE_M,BCH-B300,300,300,390,0.76923076923076927,3.6,2.460566476931633,5000,61289,4754,0.040859333333333331,0.95079999999999998,0.049200000000000001,0,0.95079999999999998,0.042059487179487182,106.90702000000016,143.02065999999979,NORMALIZED_WAVEFORM_SNR_PS_OVER_PN,Bn_EQUALS_Rs,BCH-B300 / BLOCKAGE_M,BCH-B300|BLOCKAGE_M|#9467bd|-.|D,false,ZERO_OBSERVATION_ON_LOG_AXIS
BLOCKAGE_M,BLOCKAGE_M,BCH-B300,300,300,390,0.76923076923076927,3.8,2.660566476931632,5000,55036,4516,0.03669066666666667,0.9032,0.096799999999999997,0,0.9032,0.039004102564102562,96.976920000000106,129.27243999999988,NORMALIZED_WAVEFORM_SNR_PS_OVER_PN,Bn_EQUALS_Rs,BCH-B300 / BLOCKAGE_M,BCH-B300|BLOCKAGE_M|#9467bd|-.|D,false,ZERO_OBSERVATION_ON_LOG_AXIS
BLOCKAGE_M,BLOCKAGE_M,BCH-B300,300,300,390,0.76923076923076927,4.0,2.8605664769316324,5000,49137,4239,0.032758000000000002,0.8478,0.1522,0,0.8478,0.036261025641025638,100.54449999999984,133.69522000000009,NORMALIZED_WAVEFORM_SNR_PS_OVER_PN,Bn_EQUALS_Rs,BCH-B300 / BLOCKAGE_M,BCH-B300|BLOCKAGE_M|#9467bd|-.|D,false,ZERO_OBSERVATION_ON_LOG_AXIS
BLOCKAGE_M,BLOCKAGE_M,BCH-B300,300,300,390,0.76923076923076927,4.2,3.0605664769316325,5000,43352,3898,0.028901333333333334,0.77959999999999996,0.22040000000000001,0,0.77959999999999996,0.033766666666666667,97.912420000000125,130.62986000000026,NORMALIZED_WAVEFORM_SNR_PS_OVER_PN,Bn_EQUALS_Rs,BCH-B300 / BLOCKAGE_M,BCH-B300|BLOCKAGE_M|#9467bd|-.|D,false,ZERO_OBSERVATION_ON_LOG_AXIS
BLOCKAGE_M,BLOCKAGE_M,BCH-B300,300,300,390,0.76923076923076927,4.4,3.2605664769316327,5000,37074,3515,0.024715999999999998,0.70299999999999996,0.29699999999999999,0,0.70299999999999996,0.031489230769230769,94.613119999999938,126.79642000000008,NORMALIZED_WAVEFORM_SNR_PS_OVER_PN,Bn_EQUALS_Rs,BCH-B300 / BLOCKAGE_M,BCH-B300|BLOCKAGE_M|#9467bd|-.|D,false,ZERO_OBSERVATION_ON_LOG_AXIS
BLOCKAGE_M,BLOCKAGE_M,BCH-B300,300,300,390,0.76923076923076927,4.6,3.460566476931632,5000,30362,2945,0.020241333333333333,0.58899999999999997,0.41099999999999998,0,0.58899999999999997,0.029197948717948719,94.466019999999929,127.0270800000002,NORMALIZED_WAVEFORM_SNR_PS_OVER_PN,Bn_EQUALS_Rs,BCH-B300 / BLOCKAGE_M,BCH-B300|BLOCKAGE_M|#9467bd|-.|D,false,ZERO_OBSERVATION_ON_LOG_AXIS
BLOCKAGE_M,BLOCKAGE_M,BCH-B300,300,300,390,0.76923076923076927,4.8,3.660566476931632,5000,24858,2478,0.016572,0.49559999999999998,0.50439999999999996,0,0.49559999999999998,0.02716974358974359,94.72818000000008,127.72801999999982,NORMALIZED_WAVEFORM_SNR_PS_OVER_PN,Bn_EQUALS_Rs,BCH-B300 / BLOCKAGE_M,BCH-B300|BLOCKAGE_M|#9467bd|-.|D,false,ZERO_OBSERVATION_ON_LOG_AXIS
BLOCKAGE_M,BLOCKAGE_M,BCH-B300,300,300,390,0.76923076923076927,5.0,3.8605664769316324,5000,18657,1907,0.012437999999999999,0.38140000000000002,0.61860000000000004,0,0.38140000000000002,0.02502871794871795,115.60127999999986,154.67106000000021,NORMALIZED_WAVEFORM_SNR_PS_OVER_PN,Bn_EQUALS_Rs,BCH-B300 / BLOCKAGE_M,BCH-B300|BLOCKAGE_M|#9467bd|-.|D,false,ZERO_OBSERVATION_ON_LOG_AXIS
BLOCKAGE_M,BLOCKAGE_M,BCH-B300,300,300,390,0.76923076923076927,5.2,4.0605664769316325,5000,13536,1422,0.0090240000000000008,0.28439999999999999,0.71560000000000001,0,0.28460000000000002,0.023226153846153848,92.587380000000024,125.4513199999996,NORMALIZED_WAVEFORM_SNR_PS_OVER_PN,Bn_EQUALS_Rs,BCH-B300 / BLOCKAGE_M,BCH-B300|BLOCKAGE_M|#9467bd|-.|D,false,ZERO_OBSERVATION_ON_LOG_AXIS
BLOCKAGE_M,BLOCKAGE_M,BCH-B300,300,300,390,0.76923076923076927,5.4,4.260566476931633,5000,10267,1088,0.0068446666666666664,0.21759999999999999,0.78239999999999998,0,0.21779999999999999,0.02175076923076923,106.37721999999995,145.92564000000016,NORMALIZED_WAVEFORM_SNR_PS_OVER_PN,Bn_EQUALS_Rs,BCH-B300 / BLOCKAGE_M,BCH-B300|BLOCKAGE_M|#9467bd|-.|D,false,ZERO_OBSERVATION_ON_LOG_AXIS
BLOCKAGE_M,BLOCKAGE_M,BCH-B300,300,300,390,0.76923076923076927,5.6,4.460566476931632,5000,6738,724,0.0044920000000000003,0.14480000000000001,0.85519999999999996,0,0.14480000000000001,0.02002102564102564,86.854219999999856,119.4124800000004,NORMALIZED_WAVEFORM_SNR_PS_OVER_PN,Bn_EQUALS_Rs,BCH-B300 / BLOCKAGE_M,BCH-B300|BLOCKAGE_M|#9467bd|-.|D,false,ZERO_OBSERVATION_ON_LOG_AXIS
BLOCKAGE_M,BLOCKAGE_M,BCH-B300,300,300,390,0.76923076923076927,5.8,4.660566476931632,5000,4433,504,0.0029553333333333332,0.1008,0.8992,0,0.1008,0.018672307692307693,77.914180000000187,109.0765,NORMALIZED_WAVEFORM_SNR_PS_OVER_PN,Bn_EQUALS_Rs,BCH-B300 / BLOCKAGE_M,BCH-B300|BLOCKAGE_M|#9467bd|-.|D,false,ZERO_OBSERVATION_ON_LOG_AXIS
BLOCKAGE_M,BLOCKAGE_M,BCH-B300,300,300,390,0.76923076923076927,6.0,4.860566476931632,5000,2802,314,0.0018680000000000001,0.062799999999999995,0.93720000000000003,0,0.062799999999999995,0.017279487179487178,81.412959999999984,114.01660000000003,NORMALIZED_WAVEFORM_SNR_PS_OVER_PN,Bn_EQUALS_Rs,BCH-B300 / BLOCKAGE_M,BCH-B300|BLOCKAGE_M|#9467bd|-.|D,false,ZERO_OBSERVATION_ON_LOG_AXIS
BLOCKAGE_M,BLOCKAGE_M,BCH-B300,300,300,390,0.76923076923076927,6.2,5.0605664769316325,5234,1691,200,0.00107693287479302,0.038211692777990067,0.96178830722200992,0,0.038211692777990067,0.016124844458814652,97.212858234619645,135.53437141765409,NORMALIZED_WAVEFORM_SNR_PS_OVER_PN,Bn_EQUALS_Rs,BCH-B300 / BLOCKAGE_M,BCH-B300|BLOCKAGE_M|#9467bd|-.|D,false,ZERO_OBSERVATION_ON_LOG_AXIS
CFO_30_NO_COMPENSATION,CFO_30,BCH-B300,300,300,390,0.76923076923076927,3.6,2.460566476931633,20000,2651578,19274,0.44192966666666667,0.9637,0.0363,0.0,0.9637,0.4607602564102564,131.3301299999999,230.56422499999948,NORMALIZED_WAVEFORM_SNR_PS_OVER_PN,Bn_EQUALS_Rs,BCH-B300 / CFO_30_NO_COMPENSATION,BCH-B300|CFO_30_NO_COMPENSATION|#9467bd|:|D,false,ZERO_OBSERVATION_ON_LOG_AXIS
CFO_30_NO_COMPENSATION,CFO_30,BCH-B300,300,300,390,0.76923076923076927,3.8,2.660566476931632,20000,2647651,18817,0.44127516666666666,0.94085,0.05915,0.0,0.94085,0.4605915384615384,118.92044000000004,204.86902500000002,NORMALIZED_WAVEFORM_SNR_PS_OVER_PN,Bn_EQUALS_Rs,BCH-B300 / CFO_30_NO_COMPENSATION,BCH-B300|CFO_30_NO_COMPENSATION|#9467bd|:|D,false,ZERO_OBSERVATION_ON_LOG_AXIS
CFO_30_NO_COMPENSATION,CFO_30,BCH-B300,300,300,390,0.76923076923076927,4.0,2.8605664769316324,20000,2644492,18268,0.4407486666666667,0.9134,0.0866,0.0,0.9134,0.460758717948718,99.51482000000014,171.65844999999976,NORMALIZED_WAVEFORM_SNR_PS_OVER_PN,Bn_EQUALS_Rs,BCH-B300 / CFO_30_NO_COMPENSATION,BCH-B300|CFO_30_NO_COMPENSATION|#9467bd|:|D,false,ZERO_OBSERVATION_ON_LOG_AXIS
CFO_30_NO_COMPENSATION,CFO_30,BCH-B300,300,300,390,0.76923076923076927,4.2,3.0605664769316325,20000,2636275,17586,0.43937916666666665,0.8793,0.1207,0.0,0.8793,0.46004384615384614,99.62972500000006,172.68689000000006,NORMALIZED_WAVEFORM_SNR_PS_OVER_PN,Bn_EQUALS_Rs,BCH-B300 / CFO_30_NO_COMPENSATION,BCH-B300|CFO_30_NO_COMPENSATION|#9467bd|:|D,false,ZERO_OBSERVATION_ON_LOG_AXIS
CFO_30_NO_COMPENSATION,CFO_30,BCH-B300,300,300,390,0.76923076923076927,4.4,3.2605664769316327,20000,2633602,16979,0.43893366666666667,0.84895,0.15105,0.0,0.84895,0.46017743589743587,130.86849500000005,224.01927500000048,NORMALIZED_WAVEFORM_SNR_PS_OVER_PN,Bn_EQUALS_Rs,BCH-B300 / CFO_30_NO_COMPENSATION,BCH-B300|CFO_30_NO_COMPENSATION|#9467bd|:|D,false,ZERO_OBSERVATION_ON_LOG_AXIS
CFO_30_NO_COMPENSATION,CFO_30,BCH-B300,300,300,390,0.76923076923076927,4.6,3.460566476931632,20000,2629011,16310,0.4381685,0.8155,0.1845,0.0,0.8155,0.4598967948717949,144.60727,252.57267499999995,NORMALIZED_WAVEFORM_SNR_PS_OVER_PN,Bn_EQUALS_Rs,BCH-B300 / CFO_30_NO_COMPENSATION,BCH-B300|CFO_30_NO_COMPENSATION|#9467bd|:|D,false,ZERO_OBSERVATION_ON_LOG_AXIS
CFO_30_NO_COMPENSATION,CFO_30,BCH-B300,300,300,390,0.76923076923076927,4.8,3.660566476931632,20000,2625963,15825,0.4376605,0.79125,0.20875,0.0,0.79125,0.4595132051282051,120.57757000000004,211.03396500000008,NORMALIZED_WAVEFORM_SNR_PS_OVER_PN,Bn_EQUALS_Rs,BCH-B300 / CFO_30_NO_COMPENSATION,BCH-B300|CFO_30_NO_COMPENSATION|#9467bd|:|D,false,ZERO_OBSERVATION_ON_LOG_AXIS
CFO_30_NO_COMPENSATION,CFO_30,BCH-B300,300,300,390,0.76923076923076927,5.0,3.8605664769316324,20000,2624992,15487,0.43749866666666665,0.77435,0.22565,0.0,0.77435,0.45945641025641015,140.50791000000012,246.70771999999974,NORMALIZED_WAVEFORM_SNR_PS_OVER_PN,Bn_EQUALS_Rs,BCH-B300 / CFO_30_NO_COMPENSATION,BCH-B300|CFO_30_NO_COMPENSATION|#9467bd|:|D,false,ZERO_OBSERVATION_ON_LOG_AXIS
CFO_30_NO_COMPENSATION,CFO_30,BCH-B300,300,300,390,0.76923076923076927,5.2,4.0605664769316325,20000,2626161,15267,0.4376935,0.76335,0.23665,0.0,0.76335,0.4595308974358974,131.71298999999988,230.00087499999995,NORMALIZED_WAVEFORM_SNR_PS_OVER_PN,Bn_EQUALS_Rs,BCH-B300 / CFO_30_NO_COMPENSATION,BCH-B300|CFO_30_NO_COMPENSATION|#9467bd|:|D,false,ZERO_OBSERVATION_ON_LOG_AXIS
CFO_30_NO_COMPENSATION,CFO_30,BCH-B300,300,300,390,0.76923076923076927,5.4,4.260566476931633,23129,2627384,15200,0.37865652067390143,0.6571836222923603,0.3428163777076398,0.0,0.6571836222923603,0.3992646594185787,105.37494055082368,186.91311340741066,NORMALIZED_WAVEFORM_SNR_PS_OVER_PN,Bn_EQUALS_Rs,BCH-B300 / CFO_30_NO_COMPENSATION,BCH-B300|CFO_30_NO_COMPENSATION|#9467bd|:|D,false,ZERO_OBSERVATION_ON_LOG_AXIS
CFO_30_NO_COMPENSATION,CFO_30,BCH-B300,300,300,390,0.76923076923076927,5.6,4.460566476931632,35638,2629141,15200,0.24591176085451857,0.42651102755485715,0.5734889724451429,0.0,0.42651102755485715,0.263183996914846,96.28965149559494,174.52477692350905,NORMALIZED_WAVEFORM_SNR_PS_OVER_PN,Bn_EQUALS_Rs,BCH-B300 / CFO_30_NO_COMPENSATION,BCH-B300|CFO_30_NO_COMPENSATION|#9467bd|:|D,false,ZERO_OBSERVATION_ON_LOG_AXIS
CFO_30_NO_COMPENSATION,CFO_30,BCH-B300,300,300,390,0.76923076923076927,5.8,4.660566476931632,65000,2630690,15194,0.13490717948717948,0.23375384615384615,0.7662461538461538,0.0,0.23375384615384615,0.148718067061144,83.4105800000003,156.50190153846097,NORMALIZED_WAVEFORM_SNR_PS_OVER_PN,Bn_EQUALS_Rs,BCH-B300 / CFO_30_NO_COMPENSATION,BCH-B300|CFO_30_NO_COMPENSATION|#9467bd|:|D,false,ZERO_OBSERVATION_ON_LOG_AXIS
CFO_30_NO_COMPENSATION,CFO_30,BCH-B300,300,300,390,0.76923076923076927,6.0,4.860566476931632,65000,2631885,15068,0.13496846153846154,0.23181538461538462,0.7681846153846154,0.0,0.23181538461538462,0.1478208678500986,81.68488307692346,154.51717692307653,NORMALIZED_WAVEFORM_SNR_PS_OVER_PN,Bn_EQUALS_Rs,BCH-B300 / CFO_30_NO_COMPENSATION,BCH-B300|CFO_30_NO_COMPENSATION|#9467bd|:|D,false,ZERO_OBSERVATION_ON_LOG_AXIS
CFO_30_NO_COMPENSATION,CFO_30,BCH-B300,300,300,390,0.76923076923076927,6.2,5.0605664769316325,65000,2631830,15015,0.13496564102564101,0.231,0.769,0.0,0.231,0.14682520710059171,74.37071692307693,142.87041384615281,NORMALIZED_WAVEFORM_SNR_PS_OVER_PN,Bn_EQUALS_Rs,BCH-B300 / CFO_30_NO_COMPENSATION,BCH-B300|CFO_30_NO_COMPENSATION|#9467bd|:|D,false,ZERO_OBSERVATION_ON_LOG_AXIS
CFO_60_NO_COMPENSATION,CFO_60,BCH-B300,300,300,390,0.76923076923076927,3.6,2.460566476931633,20000,3016626,19999,0.502771,0.99995,5e-05,0.0,0.99995,0.5387867948717949,107.01273499999996,184.47083999999992,NORMALIZED_WAVEFORM_SNR_PS_OVER_PN,Bn_EQUALS_Rs,BCH-B300 / CFO_60_NO_COMPENSATION,BCH-B300|CFO_60_NO_COMPENSATION|#9467bd|-|D,false,ZERO_OBSERVATION_ON_LOG_AXIS
CFO_60_NO_COMPENSATION,CFO_60,BCH-B300,300,300,390,0.76923076923076927,3.8,2.660566476931632,20000,3018099,19997,0.5030165,0.99985,0.00015,0.0,0.99985,0.5392217948717949,103.95506500000015,178.98361500000001,NORMALIZED_WAVEFORM_SNR_PS_OVER_PN,Bn_EQUALS_Rs,BCH-B300 / CFO_60_NO_COMPENSATION,BCH-B300|CFO_60_NO_COMPENSATION|#9467bd|-|D,false,ZERO_OBSERVATION_ON_LOG_AXIS
CFO_60_NO_COMPENSATION,CFO_60,BCH-B300,300,300,390,0.76923076923076927,4.0,2.8605664769316324,20000,3019575,19991,0.5032625,0.99955,0.00045,0.0,0.99955,0.5397151282051281,98.36466499999985,168.96093499999995,NORMALIZED_WAVEFORM_SNR_PS_OVER_PN,Bn_EQUALS_Rs,BCH-B300 / CFO_60_NO_COMPENSATION,BCH-B300|CFO_60_NO_COMPENSATION|#9467bd|-|D,false,ZERO_OBSERVATION_ON_LOG_AXIS
CFO_60_NO_COMPENSATION,CFO_60,BCH-B300,300,300,390,0.76923076923076927,4.2,3.0605664769316325,20000,3017426,19988,0.5029043333333333,0.9994,0.0006,0.0,0.9994,0.5395889743589743,100.75284500000004,172.98708000000013,NORMALIZED_WAVEFORM_SNR_PS_OVER_PN,Bn_EQUALS_Rs,BCH-B300 / CFO_60_NO_COMPENSATION,BCH-B300|CFO_60_NO_COMPENSATION|#9467bd|-|D,false,ZERO_OBSERVATION_ON_LOG_AXIS
CFO_60_NO_COMPENSATION,CFO_60,BCH-B300,300,300,390,0.76923076923076927,4.4,3.2605664769316327,20000,3017710,19964,0.5029516666666667,0.9982,0.0018,0.0,0.9982,0.5398944871794873,98.62509999999995,169.8434500000002,NORMALIZED_WAVEFORM_SNR_PS_OVER_PN,Bn_EQUALS_Rs,BCH-B300 / CFO_60_NO_COMPENSATION,BCH-B300|CFO_60_NO_COMPENSATION|#9467bd|-|D,false,ZERO_OBSERVATION_ON_LOG_AXIS
CFO_60_NO_COMPENSATION,CFO_60,BCH-B300,300,300,390,0.76923076923076927,4.6,3.460566476931632,20000,3017457,19936,0.5029095,0.9968,0.0032,0.0,0.9968,0.5400891025641026,97.46007999999996,167.76076500000005,NORMALIZED_WAVEFORM_SNR_PS_OVER_PN,Bn_EQUALS_Rs,BCH-B300 / CFO_60_NO_COMPENSATION,BCH-B300|CFO_60_NO_COMPENSATION|#9467bd|-|D,false,ZERO_OBSERVATION_ON_LOG_AXIS
CFO_60_NO_COMPENSATION,CFO_60,BCH-B300,300,300,390,0.76923076923076927,4.8,3.660566476931632,20000,3016139,19870,0.5026898333333333,0.9935,0.0065,0.0,0.9935,0.540016282051282,97.81111999999999,168.60091000000006,NORMALIZED_WAVEFORM_SNR_PS_OVER_PN,Bn_EQUALS_Rs,BCH-B300 / CFO_60_NO_COMPENSATION,BCH-B300|CFO_60_NO_COMPENSATION|#9467bd|-|D,false,ZERO_OBSERVATION_ON_LOG_AXIS
CFO_60_NO_COMPENSATION,CFO_60,BCH-B300,300,300,390,0.76923076923076927,5.0,3.8605664769316324,20000,3015683,19740,0.5026138333333333,0.987,0.013,0.0,0.98705,0.5402539743589743,97.56821500000007,168.42186999999984,NORMALIZED_WAVEFORM_SNR_PS_OVER_PN,Bn_EQUALS_Rs,BCH-B300 / CFO_60_NO_COMPENSATION,BCH-B300|CFO_60_NO_COMPENSATION|#9467bd|-|D,false,ZERO_OBSERVATION_ON_LOG_AXIS
CFO_60_NO_COMPENSATION,CFO_60,BCH-B300,300,300,390,0.76923076923076927,5.2,4.0605664769316325,20000,3017509,19543,0.5029181666666667,0.97715,0.02285,0.0,0.97715,0.5408323076923077,94.94126999999993,164.07011499999976,NORMALIZED_WAVEFORM_SNR_PS_OVER_PN,Bn_EQUALS_Rs,BCH-B300 / CFO_60_NO_COMPENSATION,BCH-B300|CFO_60_NO_COMPENSATION|#9467bd|-|D,false,ZERO_OBSERVATION_ON_LOG_AXIS
CFO_60_NO_COMPENSATION,CFO_60,BCH-B300,300,300,390,0.76923076923076927,5.4,4.260566476931633,20000,3014730,19258,0.502455,0.9629,0.0371,0.0,0.963,0.5407367948717949,94.32292000000007,163.22499999999988,NORMALIZED_WAVEFORM_SNR_PS_OVER_PN,Bn_EQUALS_Rs,BCH-B300 / CFO_60_NO_COMPENSATION,BCH-B300|CFO_60_NO_COMPENSATION|#9467bd|-|D,false,ZERO_OBSERVATION_ON_LOG_AXIS
CFO_60_NO_COMPENSATION,CFO_60,BCH-B300,300,300,390,0.76923076923076927,5.6,4.460566476931632,20000,3013613,18802,0.5022688333333334,0.9401,0.0599,0.0,0.94015,0.5409601282051283,97.60116499999994,167.91552499999992,NORMALIZED_WAVEFORM_SNR_PS_OVER_PN,Bn_EQUALS_Rs,BCH-B300 / CFO_60_NO_COMPENSATION,BCH-B300|CFO_60_NO_COMPENSATION|#9467bd|-|D,false,ZERO_OBSERVATION_ON_LOG_AXIS
CFO_60_NO_COMPENSATION,CFO_60,BCH-B300,300,300,390,0.76923076923076927,5.8,4.660566476931632,20000,3011126,18248,0.5018543333333333,0.9124,0.0876,0.0,0.9126,0.540807435897436,97.52966,168.24394999999984,NORMALIZED_WAVEFORM_SNR_PS_OVER_PN,Bn_EQUALS_Rs,BCH-B300 / CFO_60_NO_COMPENSATION,BCH-B300|CFO_60_NO_COMPENSATION|#9467bd|-|D,false,ZERO_OBSERVATION_ON_LOG_AXIS
CFO_60_NO_COMPENSATION,CFO_60,BCH-B300,300,300,390,0.76923076923076927,6.0,4.860566476931632,20000,3010726,17737,0.5017876666666666,0.88685,0.11315,0.0,0.88695,0.5412676923076923,100.31296000000006,173.21674500000026,NORMALIZED_WAVEFORM_SNR_PS_OVER_PN,Bn_EQUALS_Rs,BCH-B300 / CFO_60_NO_COMPENSATION,BCH-B300|CFO_60_NO_COMPENSATION|#9467bd|-|D,false,ZERO_OBSERVATION_ON_LOG_AXIS
CFO_60_NO_COMPENSATION,CFO_60,BCH-B300,300,300,390,0.76923076923076927,6.2,5.0605664769316325,20000,3008589,17158,0.5014315,0.8579,0.1421,0.0,0.8579,0.5412642307692307,97.43437499999996,169.0434300000001,NORMALIZED_WAVEFORM_SNR_PS_OVER_PN,Bn_EQUALS_Rs,BCH-B300 / CFO_60_NO_COMPENSATION,BCH-B300|CFO_60_NO_COMPENSATION|#9467bd|-|D,false,ZERO_OBSERVATION_ON_LOG_AXIS
MULTIPATH_MMSE,FIXED_MULTIPATH_MMSE,BCH-B300,300,300,390,0.76923076923076927,6.0,4.860566476931632,5000,36024,3235,0.024015999999999999,0.64700000000000002,0.35299999999999998,0,0.64700000000000002,0.031419999999999997,104.05491999999995,126.35885999999994,NORMALIZED_WAVEFORM_SNR_PS_OVER_PN,Bn_EQUALS_Rs,BCH-B300 / MULTIPATH_MMSE,BCH-B300|MULTIPATH_MMSE|#9467bd|--|D,false,ZERO_OBSERVATION_ON_LOG_AXIS
MULTIPATH_MMSE,FIXED_MULTIPATH_MMSE,BCH-B300,300,300,390,0.76923076923076927,6.2,5.0605664769316325,5000,30738,2833,0.020492,0.56659999999999999,0.43340000000000001,0,0.56659999999999999,0.029192820512820513,93.927800000000133,114.12075999999996,NORMALIZED_WAVEFORM_SNR_PS_OVER_PN,Bn_EQUALS_Rs,BCH-B300 / MULTIPATH_MMSE,BCH-B300|MULTIPATH_MMSE|#9467bd|--|D,false,ZERO_OBSERVATION_ON_LOG_AXIS
MULTIPATH_MMSE,FIXED_MULTIPATH_MMSE,BCH-B300,300,300,390,0.76923076923076927,6.4,5.260566476931633,5000,24848,2351,0.016565333333333335,0.47020000000000001,0.52980000000000005,0,0.47020000000000001,0.026990256410256409,99.740500000000168,121.31346000000026,NORMALIZED_WAVEFORM_SNR_PS_OVER_PN,Bn_EQUALS_Rs,BCH-B300 / MULTIPATH_MMSE,BCH-B300|MULTIPATH_MMSE|#9467bd|--|D,false,ZERO_OBSERVATION_ON_LOG_AXIS
MULTIPATH_MMSE,FIXED_MULTIPATH_MMSE,BCH-B300,300,300,390,0.76923076923076927,6.6,5.460566476931632,5000,19504,1891,0.013002666666666666,0.37819999999999998,0.62180000000000002,0,0.37819999999999998,0.024800512820512821,94.12740000000025,114.9768399999999,NORMALIZED_WAVEFORM_SNR_PS_OVER_PN,Bn_EQUALS_Rs,BCH-B300 / MULTIPATH_MMSE,BCH-B300|MULTIPATH_MMSE|#9467bd|--|D,false,ZERO_OBSERVATION_ON_LOG_AXIS
MULTIPATH_MMSE,FIXED_MULTIPATH_MMSE,BCH-B300,300,300,390,0.76923076923076927,6.8,5.660566476931632,5000,15342,1521,0.010227999999999999,0.30420000000000003,0.69579999999999997,0,0.30420000000000003,0.022958461538461539,90.53294000000011,111.64279999999999,NORMALIZED_WAVEFORM_SNR_PS_OVER_PN,Bn_EQUALS_Rs,BCH-B300 / MULTIPATH_MMSE,BCH-B300|MULTIPATH_MMSE|#9467bd|--|D,false,ZERO_OBSERVATION_ON_LOG_AXIS
MULTIPATH_MMSE,FIXED_MULTIPATH_MMSE,BCH-B300,300,300,390,0.76923076923076927,7.0,5.860566476931632,5000,11238,1143,0.0074920000000000004,0.2286,0.77139999999999997,0,0.2286,0.020984102564102564,87.428480000000022,107.92872000000011,NORMALIZED_WAVEFORM_SNR_PS_OVER_PN,Bn_EQUALS_Rs,BCH-B300 / MULTIPATH_MMSE,BCH-B300|MULTIPATH_MMSE|#9467bd|--|D,false,ZERO_OBSERVATION_ON_LOG_AXIS
MULTIPATH_MMSE,FIXED_MULTIPATH_MMSE,BCH-B300,300,300,390,0.76923076923076927,7.2,6.0605664769316325,5000,8764,894,0.005842666666666667,0.17879999999999999,0.82120000000000004,0,0.17879999999999999,0.019526153846153846,94.147300000000087,117.33707999999977,NORMALIZED_WAVEFORM_SNR_PS_OVER_PN,Bn_EQUALS_Rs,BCH-B300 / MULTIPATH_MMSE,BCH-B300|MULTIPATH_MMSE|#9467bd|--|D,false,ZERO_OBSERVATION_ON_LOG_AXIS
MULTIPATH_MMSE,FIXED_MULTIPATH_MMSE,BCH-B300,300,300,390,0.76923076923076927,7.4,6.260566476931633,5000,5976,625,0.0039839999999999997,0.125,0.875,0,0.125,0.017644615384615384,81.520859999999956,101.45563999999985,NORMALIZED_WAVEFORM_SNR_PS_OVER_PN,Bn_EQUALS_Rs,BCH-B300 / MULTIPATH_MMSE,BCH-B300|MULTIPATH_MMSE|#9467bd|--|D,false,ZERO_OBSERVATION_ON_LOG_AXIS
MULTIPATH_MMSE,FIXED_MULTIPATH_MMSE,BCH-B300,300,300,390,0.76923076923076927,7.6,6.460566476931632,5000,4437,461,0.0029580000000000001,0.092200000000000004,0.90780000000000005,0,0.092200000000000004,0.016318974358974361,81.373820000000393,101.82873999999988,NORMALIZED_WAVEFORM_SNR_PS_OVER_PN,Bn_EQUALS_Rs,BCH-B300 / MULTIPATH_MMSE,BCH-B300|MULTIPATH_MMSE|#9467bd|--|D,false,ZERO_OBSERVATION_ON_LOG_AXIS
MULTIPATH_MMSE,FIXED_MULTIPATH_MMSE,BCH-B300,300,300,390,0.76923076923076927,7.8,6.660566476931632,5000,2843,305,0.0018953333333333333,0.060999999999999999,0.93899999999999995,0,0.060999999999999999,0.014817435897435897,74.907460000000214,94.434799999999868,NORMALIZED_WAVEFORM_SNR_PS_OVER_PN,Bn_EQUALS_Rs,BCH-B300 / MULTIPATH_MMSE,BCH-B300|MULTIPATH_MMSE|#9467bd|--|D,false,ZERO_OBSERVATION_ON_LOG_AXIS
MULTIPATH_MMSE,FIXED_MULTIPATH_MMSE,BCH-B300,300,300,390,0.76923076923076927,8.0,6.860566476931632,5000,1963,210,0.0013086666666666667,0.042000000000000003,0.95799999999999996,0,0.042000000000000003,0.013623589743589744,73.474440000000129,92.77097999999998,NORMALIZED_WAVEFORM_SNR_PS_OVER_PN,Bn_EQUALS_Rs,BCH-B300 / MULTIPATH_MMSE,BCH-B300|MULTIPATH_MMSE|#9467bd|--|D,false,ZERO_OBSERVATION_ON_LOG_AXIS
MULTIPATH_MMSE,FIXED_MULTIPATH_MMSE,BCH-B300,300,300,390,0.76923076923076927,8.2,7.060566476931632,7319,1829,200,0.0008329917566152024,0.027326137450471376,0.97267386254952859,0,0.027326137450471376,0.012217586121124856,68.576280912693065,87.482880174887285,NORMALIZED_WAVEFORM_SNR_PS_OVER_PN,Bn_EQUALS_Rs,BCH-B300 / MULTIPATH_MMSE,BCH-B300|MULTIPATH_MMSE|#9467bd|--|D,false,ZERO_OBSERVATION_ON_LOG_AXIS
MULTIPATH_MMSE,FIXED_MULTIPATH_MMSE,BCH-B300,300,300,390,0.76923076923076927,8.4,7.260566476931633,11905,1831,200,0.00051266974660506791,0.016799664006719867,0.98320033599328016,0,0.016799664006719867,0.01103479468872161,67.005535489289954,86.019428811423921,NORMALIZED_WAVEFORM_SNR_PS_OVER_PN,Bn_EQUALS_Rs,BCH-B300 / MULTIPATH_MMSE,BCH-B300|MULTIPATH_MMSE|#9467bd|--|D,false,ZERO_OBSERVATION_ON_LOG_AXIS
MULTIPATH_MMSE,FIXED_MULTIPATH_MMSE,BCH-B300,300,300,390,0.76923076923076927,8.6,7.460566476931632,19451,1848,200,0.00031669322913989,0.010282247699347078,0.98971775230065295,0,0.010282247699347078,0.0099032545950442207,69.25037787260257,89.692195773995977,NORMALIZED_WAVEFORM_SNR_PS_OVER_PN,Bn_EQUALS_Rs,BCH-B300 / MULTIPATH_MMSE,BCH-B300|MULTIPATH_MMSE|#9467bd|--|D,false,ZERO_OBSERVATION_ON_LOG_AXIS
MULTIPATH_MMSE,FIXED_MULTIPATH_MMSE,BCH-B300,300,300,390,0.76923076923076927,8.8,7.660566476931633,28864,1835,200,0.00021191334072431634,0.006929046563192905,0.99307095343680707,0,0.006929046563192905,0.0089577470293933717,67.510587583148279,87.705120565410255,NORMALIZED_WAVEFORM_SNR_PS_OVER_PN,Bn_EQUALS_Rs,BCH-B300 / MULTIPATH_MMSE,BCH-B300|MULTIPATH_MMSE|#9467bd|--|D,false,ZERO_OBSERVATION_ON_LOG_AXIS
MULTIPATH_MMSE,FIXED_MULTIPATH_MMSE,BCH-B300,300,300,390,0.76923076923076927,9.0,7.860566476931632,50000,1785,198,0.00011900000000000001,0.00396,0.99604000000000004,0,0.00396,0.0080403589743589746,72.340980000000471,94.760496000000316,NORMALIZED_WAVEFORM_SNR_PS_OVER_PN,Bn_EQUALS_Rs,BCH-B300 / MULTIPATH_MMSE,BCH-B300|MULTIPATH_MMSE|#9467bd|--|D,false,ZERO_OBSERVATION_ON_LOG_AXIS
MULTIPATH_MMSE,FIXED_MULTIPATH_MMSE,BCH-B300,300,300,390,0.76923076923076927,9.2,8.060566476931632,50000,1171,127,7.8066666666666662e-05,0.0025400000000000002,0.99746000000000001,0,0.0025400000000000002,0.007264358974358974,68.716716000000019,90.31042000000032,NORMALIZED_WAVEFORM_SNR_PS_OVER_PN,Bn_EQUALS_Rs,BCH-B300 / MULTIPATH_MMSE,BCH-B300|MULTIPATH_MMSE|#9467bd|--|D,false,ZERO_OBSERVATION_ON_LOG_AXIS
MULTIPATH_MMSE,FIXED_MULTIPATH_MMSE,BCH-B300,300,300,390,0.76923076923076927,9.4,8.260566476931633,50000,696,74,4.6400000000000003e-05,0.00148,0.99851999999999996,0,0.00148,0.006416923076923077,66.354804000000215,87.788052000000164,NORMALIZED_WAVEFORM_SNR_PS_OVER_PN,Bn_EQUALS_Rs,BCH-B300 / MULTIPATH_MMSE,BCH-B300|MULTIPATH_MMSE|#9467bd|--|D,false,ZERO_OBSERVATION_ON_LOG_AXIS
MULTIPATH_MMSE,FIXED_MULTIPATH_MMSE,BCH-B300,300,300,390,0.76923076923076927,9.6,8.460566476931632,50000,358,39,2.3866666666666666e-05,0.00077999999999999999,0.99922,0,0.00077999999999999999,0.0057296410256410255,62.360569999999555,82.729053999999877,NORMALIZED_WAVEFORM_SNR_PS_OVER_PN,Bn_EQUALS_Rs,BCH-B300 / MULTIPATH_MMSE,BCH-B300|MULTIPATH_MMSE|#9467bd|--|D,false,ZERO_OBSERVATION_ON_LOG_AXIS
MULTIPATH_MMSE,FIXED_MULTIPATH_MMSE,BCH-B300,300,300,390,0.76923076923076927,9.8,8.660566476931633,50000,214,24,1.4266666666666667e-05,0.00048000000000000001,0.99951999999999996,0,0.00048000000000000001,0.005080717948717949,61.733926000000118,82.396842000000248,NORMALIZED_WAVEFORM_SNR_PS_OVER_PN,Bn_EQUALS_Rs,BCH-B300 / MULTIPATH_MMSE,BCH-B300|MULTIPATH_MMSE|#9467bd|--|D,false,ZERO_OBSERVATION_ON_LOG_AXIS
MULTIPATH_MMSE,FIXED_MULTIPATH_MMSE,BCH-B300,300,300,390,0.76923076923076927,10.0,8.860566476931632,50000,63,7,4.1999999999999996e-06,0.00013999999999999999,0.99985999999999997,0,0.00013999999999999999,0.0045098461538461542,64.423048000000321,88.736121999999739,NORMALIZED_WAVEFORM_SNR_PS_OVER_PN,Bn_EQUALS_Rs,BCH-B300 / MULTIPATH_MMSE,BCH-B300|MULTIPATH_MMSE|#9467bd|--|D,false,ZERO_OBSERVATION_ON_LOG_AXIS
AWGN,AWGN,BCH-B300-426,300,300,426,0.70422535211267601,4.0,2.4771165561694346,5000,17729,1486,0.011819333333333333,0.29720000000000002,0.70279999999999998,0,0.29720000000000002,,1982.7302400000074,1982.7302400000074,NORMALIZED_WAVEFORM_SNR_PS_OVER_PN,Bn_EQUALS_Rs,BCH-B300-426 / AWGN,BCH-B300-426|AWGN|#ff7f0e|-|v,false,ZERO_OBSERVATION_ON_LOG_AXIS
AWGN,AWGN,BCH-B300-426,300,300,426,0.70422535211267601,4.2,2.677116556169435,5000,11096,938,0.007397333333333333,0.18759999999999999,0.81240000000000001,0,0.18759999999999999,,2125.5238200000008,2125.5238200000008,NORMALIZED_WAVEFORM_SNR_PS_OVER_PN,Bn_EQUALS_Rs,BCH-B300-426 / AWGN,BCH-B300-426|AWGN|#ff7f0e|-|v,false,ZERO_OBSERVATION_ON_LOG_AXIS
AWGN,AWGN,BCH-B300-426,300,300,426,0.70422535211267601,4.4,2.877116556169435,5000,6395,565,0.0042633333333333334,0.113,0.88700000000000001,0,0.113,,2084.9256200000023,2084.9256200000023,NORMALIZED_WAVEFORM_SNR_PS_OVER_PN,Bn_EQUALS_Rs,BCH-B300-426 / AWGN,BCH-B300-426|AWGN|#ff7f0e|-|v,false,ZERO_OBSERVATION_ON_LOG_AXIS
AWGN,AWGN,BCH-B300-426,300,300,426,0.70422535211267601,4.6,3.0771165561694342,5000,2819,251,0.0018793333333333333,0.050200000000000002,0.94979999999999998,0,0.050200000000000002,,2131.1352800000059,2131.1352800000059,NORMALIZED_WAVEFORM_SNR_PS_OVER_PN,Bn_EQUALS_Rs,BCH-B300-426 / AWGN,BCH-B300-426|AWGN|#ff7f0e|-|v,false,ZERO_OBSERVATION_ON_LOG_AXIS
AWGN,AWGN,BCH-B300-426,300,300,426,0.70422535211267601,4.8,3.2771165561694344,8826,2197,200,0.00082974544905204317,0.022660321776569226,0.97733967822343082,0,0.022660321776569226,,2024.2076025379586,2024.2076025379586,NORMALIZED_WAVEFORM_SNR_PS_OVER_PN,Bn_EQUALS_Rs,BCH-B300-426 / AWGN,BCH-B300-426|AWGN|#ff7f0e|-|v,false,ZERO_OBSERVATION_ON_LOG_AXIS
AWGN,AWGN,BCH-B300-426,300,300,426,0.70422535211267601,5.0,3.4771165561694346,22843,2220,200,0.0003239504443374338,0.0087554174145252368,0.99124458258547476,0,0.0087554174145252368,,2018.0507726655903,2018.0507726655903,NORMALIZED_WAVEFORM_SNR_PS_OVER_PN,Bn_EQUALS_Rs,BCH-B300-426 / AWGN,BCH-B300-426|AWGN|#ff7f0e|-|v,false,ZERO_OBSERVATION_ON_LOG_AXIS
AWGN,AWGN,BCH-B300-426,300,300,426,0.70422535211267601,5.2,3.677116556169435,50000,1368,127,9.1199999999999994e-05,0.0025400000000000002,0.99746000000000001,0,0.0025400000000000002,,1924.8238620000009,1924.8238620000009,NORMALIZED_WAVEFORM_SNR_PS_OVER_PN,Bn_EQUALS_Rs,BCH-B300-426 / AWGN,BCH-B300-426|AWGN|#ff7f0e|-|v,false,ZERO_OBSERVATION_ON_LOG_AXIS
AWGN,AWGN,BCH-B300-426,300,300,426,0.70422535211267601,5.4,3.877116556169435,50000,436,40,2.9066666666666667e-05,0.00080000000000000004,0.99919999999999998,0,0.00080000000000000004,,1928.2009519999999,1928.2009519999999,NORMALIZED_WAVEFORM_SNR_PS_OVER_PN,Bn_EQUALS_Rs,BCH-B300-426 / AWGN,BCH-B300-426|AWGN|#ff7f0e|-|v,false,ZERO_OBSERVATION_ON_LOG_AXIS
AWGN,AWGN,BCH-B300-426,300,300,426,0.70422535211267601,5.5,3.9771165561694346,50000,361,33,2.4066666666666668e-05,0.00066,0.99934000000000001,0,0.00066,,2016.4301100000046,2016.4301100000046,NORMALIZED_WAVEFORM_SNR_PS_OVER_PN,Bn_EQUALS_Rs,BCH-B300-426 / AWGN,BCH-B300-426|AWGN|#ff7f0e|-|v,false,ZERO_OBSERVATION_ON_LOG_AXIS
BLOCKAGE_H,BLOCKAGE_H,BCH-B300-426,300,300,426,0.70422535211267601,3.4,1.8771165561694347,5000,103724,4999,0.069149333333333327,0.99980000000000002,0.00020000000000000001,0,0.99980000000000002,0.068781220657277001,129.36540000000002,163.49893999999955,NORMALIZED_WAVEFORM_SNR_PS_OVER_PN,Bn_EQUALS_Rs,BCH-B300-426 / BLOCKAGE_H,BCH-B300-426|BLOCKAGE_H|#ff7f0e|--|v,false,ZERO_OBSERVATION_ON_LOG_AXIS
BLOCKAGE_H,BLOCKAGE_H,BCH-B300-426,300,300,426,0.70422535211267601,3.6,2.077116556169435,5000,98198,4995,0.065465333333333334,0.999,0.001,0,0.999,0.06536197183098591,131.64528000000024,166.40588000000017,NORMALIZED_WAVEFORM_SNR_PS_OVER_PN,Bn_EQUALS_Rs,BCH-B300-426 / BLOCKAGE_H,BCH-B300-426|BLOCKAGE_H|#ff7f0e|--|v,false,ZERO_OBSERVATION_ON_LOG_AXIS
BLOCKAGE_H,BLOCKAGE_H,BCH-B300-426,300,300,426,0.70422535211267601,3.8,2.2771165561694344,5000,93778,4991,0.062518666666666667,0.99819999999999998,0.0018,0,0.99819999999999998,0.062334272300469486,132.16078000000013,166.59986000000021,NORMALIZED_WAVEFORM_SNR_PS_OVER_PN,Bn_EQUALS_Rs,BCH-B300-426 / BLOCKAGE_H,BCH-B300-426|BLOCKAGE_H|#ff7f0e|--|v,false,ZERO_OBSERVATION_ON_LOG_AXIS
BLOCKAGE_H,BLOCKAGE_H,BCH-B300-426,300,300,426,0.70422535211267601,4.0,2.4771165561694346,5000,89840,4979,0.059893333333333333,0.99580000000000002,0.0041999999999999997,0,0.99580000000000002,0.059834741784037561,132.06381999999996,166.55728000000028,NORMALIZED_WAVEFORM_SNR_PS_OVER_PN,Bn_EQUALS_Rs,BCH-B300-426 / BLOCKAGE_H,BCH-B300-426|BLOCKAGE_H|#ff7f0e|--|v,false,ZERO_OBSERVATION_ON_LOG_AXIS
BLOCKAGE_H,BLOCKAGE_H,BCH-B300-426,300,300,426,0.70422535211267601,4.2,2.677116556169435,5000,85388,4969,0.056925333333333335,0.99380000000000002,0.0061999999999999998,0,0.99380000000000002,0.056822535211267608,127.62108000000016,161.28072000000003,NORMALIZED_WAVEFORM_SNR_PS_OVER_PN,Bn_EQUALS_Rs,BCH-B300-426 / BLOCKAGE_H,BCH-B300-426|BLOCKAGE_H|#ff7f0e|--|v,false,ZERO_OBSERVATION_ON_LOG_AXIS
BLOCKAGE_H,BLOCKAGE_H,BCH-B300-426,300,300,426,0.70422535211267601,4.4,2.877116556169435,5000,80940,4921,0.053960000000000001,0.98419999999999996,0.015800000000000002,0,0.98419999999999996,0.054018309859154928,127.30781999999999,161.08092000000025,NORMALIZED_WAVEFORM_SNR_PS_OVER_PN,Bn_EQUALS_Rs,BCH-B300-426 / BLOCKAGE_H,BCH-B300-426|BLOCKAGE_H|#ff7f0e|--|v,false,ZERO_OBSERVATION_ON_LOG_AXIS
BLOCKAGE_H,BLOCKAGE_H,BCH-B300-426,300,300,426,0.70422535211267601,4.6,3.0771165561694342,5000,76680,4870,0.051119999999999999,0.97399999999999998,0.025999999999999999,0,0.97399999999999998,0.051625821596244133,135.00109999999978,170.36738000000005,NORMALIZED_WAVEFORM_SNR_PS_OVER_PN,Bn_EQUALS_Rs,BCH-B300-426 / BLOCKAGE_H,BCH-B300-426|BLOCKAGE_H|#ff7f0e|--|v,false,ZERO_OBSERVATION_ON_LOG_AXIS
BLOCKAGE_H,BLOCKAGE_H,BCH-B300-426,300,300,426,0.70422535211267601,4.8,3.2771165561694344,5000,73206,4793,0.048804,0.95860000000000001,0.041399999999999999,0,0.95899999999999996,0.049638967136150236,134.30249999999998,169.04477999999975,NORMALIZED_WAVEFORM_SNR_PS_OVER_PN,Bn_EQUALS_Rs,BCH-B300-426 / BLOCKAGE_H,BCH-B300-426|BLOCKAGE_H|#ff7f0e|--|v,false,ZERO_OBSERVATION_ON_LOG_AXIS
BLOCKAGE_H,BLOCKAGE_H,BCH-B300-426,300,300,426,0.70422535211267601,5.0,3.4771165561694346,5000,68151,4659,0.045434000000000002,0.93179999999999996,0.068199999999999997,0,0.93259999999999998,0.047343661971830986,127.8208199999999,161.57184000000021,NORMALIZED_WAVEFORM_SNR_PS_OVER_PN,Bn_EQUALS_Rs,BCH-B300-426 / BLOCKAGE_H,BCH-B300-426|BLOCKAGE_H|#ff7f0e|--|v,false,ZERO_OBSERVATION_ON_LOG_AXIS
BLOCKAGE_H,BLOCKAGE_H,BCH-B300-426,300,300,426,0.70422535211267601,5.2,3.677116556169435,5000,64621,4552,0.04308066666666667,0.91039999999999999,0.089599999999999999,0,0.91080000000000005,0.045436619718309861,128.44167999999996,161.98987999999994,NORMALIZED_WAVEFORM_SNR_PS_OVER_PN,Bn_EQUALS_Rs,BCH-B300-426 / BLOCKAGE_H,BCH-B300-426|BLOCKAGE_H|#ff7f0e|--|v,false,ZERO_OBSERVATION_ON_LOG_AXIS
BLOCKAGE_H,BLOCKAGE_H,BCH-B300-426,300,300,426,0.70422535211267601,5.4,3.877116556169435,5000,59934,4363,0.039955999999999998,0.87260000000000004,0.12740000000000001,0,0.87360000000000004,0.043665727699530518,128.31518000000008,162.14817999999954,NORMALIZED_WAVEFORM_SNR_PS_OVER_PN,Bn_EQUALS_Rs,BCH-B300-426 / BLOCKAGE_H,BCH-B300-426|BLOCKAGE_H|#ff7f0e|--|v,false,ZERO_OBSERVATION_ON_LOG_AXIS
BLOCKAGE_H,BLOCKAGE_H,BCH-B300-426,300,300,426,0.70422535211267601,5.6,4.077116556169434,5000,56179,4169,0.037452666666666669,0.83379999999999999,0.16619999999999999,0,0.83640000000000003,0.042006572769953052,128.04676000000009,161.75038000000018,NORMALIZED_WAVEFORM_SNR_PS_OVER_PN,Bn_EQUALS_Rs,BCH-B300-426 / BLOCKAGE_H,BCH-B300-426|BLOCKAGE_H|#ff7f0e|--|v,false,ZERO_OBSERVATION_ON_LOG_AXIS
BLOCKAGE_H,BLOCKAGE_H,BCH-B300-426,300,300,426,0.70422535211267601,5.8,4.277116556169434,5000,51174,3894,0.034116,0.77880000000000005,0.22120000000000001,0,0.78300000000000003,0.040211737089201879,128.17989999999975,161.86619999999994,NORMALIZED_WAVEFORM_SNR_PS_OVER_PN,Bn_EQUALS_Rs,BCH-B300-426 / BLOCKAGE_H,BCH-B300-426|BLOCKAGE_H|#ff7f0e|--|v,false,ZERO_OBSERVATION_ON_LOG_AXIS
BLOCKAGE_H,BLOCKAGE_H,BCH-B300-426,300,300,426,0.70422535211267601,6.0,4.477116556169435,5000,47085,3616,0.031390000000000001,0.72319999999999995,0.27679999999999999,0,0.72960000000000003,0.038891549295774645,127.79102000000013,161.64539999999997,NORMALIZED_WAVEFORM_SNR_PS_OVER_PN,Bn_EQUALS_Rs,BCH-B300-426 / BLOCKAGE_H,BCH-B300-426|BLOCKAGE_H|#ff7f0e|--|v,false,ZERO_OBSERVATION_ON_LOG_AXIS
BLOCKAGE_M,BLOCKAGE_M,BCH-B300-426,300,300,426,0.70422535211267601,3.4,1.8771165561694347,5000,73492,4743,0.048994666666666666,0.9486,0.051400000000000001,0,0.9486,0.050362910798122065,132.96791999999991,167.85621999999978,NORMALIZED_WAVEFORM_SNR_PS_OVER_PN,Bn_EQUALS_Rs,BCH-B300-426 / BLOCKAGE_M,BCH-B300-426|BLOCKAGE_M|#ff7f0e|-.|v,false,ZERO_OBSERVATION_ON_LOG_AXIS
BLOCKAGE_M,BLOCKAGE_M,BCH-B300-426,300,300,426,0.70422535211267601,3.6,2.077116556169435,5000,65984,4514,0.043989333333333332,0.90280000000000005,0.097199999999999995,0,0.90280000000000005,0.046886854460093899,135.67911999999976,170.84992000000022,NORMALIZED_WAVEFORM_SNR_PS_OVER_PN,Bn_EQUALS_Rs,BCH-B300-426 / BLOCKAGE_M,BCH-B300-426|BLOCKAGE_M|#ff7f0e|-.|v,false,ZERO_OBSERVATION_ON_LOG_AXIS
BLOCKAGE_M,BLOCKAGE_M,BCH-B300-426,300,300,426,0.70422535211267601,3.8,2.2771165561694344,5000,58792,4210,0.039194666666666669,0.84199999999999997,0.158,0,0.84199999999999997,0.043684976525821595,137.03843999999933,172.41322000000022,NORMALIZED_WAVEFORM_SNR_PS_OVER_PN,Bn_EQUALS_Rs,BCH-B300-426 / BLOCKAGE_M,BCH-B300-426|BLOCKAGE_M|#ff7f0e|-.|v,false,ZERO_OBSERVATION_ON_LOG_AXIS
BLOCKAGE_M,BLOCKAGE_M,BCH-B300-426,300,300,426,0.70422535211267601,4.0,2.4771165561694346,5000,51402,3842,0.034268,0.76839999999999997,0.2316,0,0.76839999999999997,0.041068075117370893,144.88198000000088,183.17160000000035,NORMALIZED_WAVEFORM_SNR_PS_OVER_PN,Bn_EQUALS_Rs,BCH-B300-426 / BLOCKAGE_M,BCH-B300-426|BLOCKAGE_M|#ff7f0e|-.|v,false,ZERO_OBSERVATION_ON_LOG_AXIS
BLOCKAGE_M,BLOCKAGE_M,BCH-B300-426,300,300,426,0.70422535211267601,4.2,2.677116556169435,5000,42597,3306,0.028398,0.66120000000000001,0.33879999999999999,0,0.66120000000000001,0.037912206572769953,130.01786000000027,164.30691999999976,NORMALIZED_WAVEFORM_SNR_PS_OVER_PN,Bn_EQUALS_Rs,BCH-B300-426 / BLOCKAGE_M,BCH-B300-426|BLOCKAGE_M|#ff7f0e|-.|v,false,ZERO_OBSERVATION_ON_LOG_AXIS
BLOCKAGE_M,BLOCKAGE_M,BCH-B300-426,300,300,426,0.70422535211267601,4.4,2.877116556169435,5000,33200,2648,0.022133333333333335,0.52959999999999996,0.47039999999999998,0,0.52959999999999996,0.035072300469483571,129.09490000000022,163.39959999999994,NORMALIZED_WAVEFORM_SNR_PS_OVER_PN,Bn_EQUALS_Rs,BCH-B300-426 / BLOCKAGE_M,BCH-B300-426|BLOCKAGE_M|#ff7f0e|-.|v,false,ZERO_OBSERVATION_ON_LOG_AXIS
BLOCKAGE_M,BLOCKAGE_M,BCH-B300-426,300,300,426,0.70422535211267601,4.6,3.0771165561694342,5000,24939,2041,0.016625999999999998,0.40820000000000001,0.59179999999999999,0,0.40820000000000001,0.032537089201877936,127.14686000000006,161.29523999999986,NORMALIZED_WAVEFORM_SNR_PS_OVER_PN,Bn_EQUALS_Rs,BCH-B300-426 / BLOCKAGE_M,BCH-B300-426|BLOCKAGE_M|#ff7f0e|-.|v,false,ZERO_OBSERVATION_ON_LOG_AXIS
BLOCKAGE_M,BLOCKAGE_M,BCH-B300-426,300,300,426,0.70422535211267601,4.8,3.2771165561694344,5000,18397,1540,0.012264666666666667,0.308,0.69199999999999995,0,0.308,0.030250704225352112,123.58784000000017,157.58318000000034,NORMALIZED_WAVEFORM_SNR_PS_OVER_PN,Bn_EQUALS_Rs,BCH-B300-426 / BLOCKAGE_M,BCH-B300-426|BLOCKAGE_M|#ff7f0e|-.|v,false,ZERO_OBSERVATION_ON_LOG_AXIS
BLOCKAGE_M,BLOCKAGE_M,BCH-B300-426,300,300,426,0.70422535211267601,5.0,3.4771165561694346,5000,11556,992,0.0077039999999999999,0.19839999999999999,0.80159999999999998,0,0.1986,0.027932394366197183,116.22049999999956,149.30223999999959,NORMALIZED_WAVEFORM_SNR_PS_OVER_PN,Bn_EQUALS_Rs,BCH-B300-426 / BLOCKAGE_M,BCH-B300-426|BLOCKAGE_M|#ff7f0e|-.|v,false,ZERO_OBSERVATION_ON_LOG_AXIS
BLOCKAGE_M,BLOCKAGE_M,BCH-B300-426,300,300,426,0.70422535211267601,5.2,3.677116556169435,5000,7438,640,0.0049586666666666668,0.128,0.872,0,0.128,0.025800469483568074,121.75190000000009,156.57137999999969,NORMALIZED_WAVEFORM_SNR_PS_OVER_PN,Bn_EQUALS_Rs,BCH-B300-426 / BLOCKAGE_M,BCH-B300-426|BLOCKAGE_M|#ff7f0e|-.|v,false,ZERO_OBSERVATION_ON_LOG_AXIS
BLOCKAGE_M,BLOCKAGE_M,BCH-B300-426,300,300,426,0.70422535211267601,5.4,3.877116556169435,5000,4738,408,0.0031586666666666668,0.081600000000000006,0.91839999999999999,0,0.081600000000000006,0.023905633802816902,117.43166000000038,152.35457999999974,NORMALIZED_WAVEFORM_SNR_PS_OVER_PN,Bn_EQUALS_Rs,BCH-B300-426 / BLOCKAGE_M,BCH-B300-426|BLOCKAGE_M|#ff7f0e|-.|v,false,ZERO_OBSERVATION_ON_LOG_AXIS
BLOCKAGE_M,BLOCKAGE_M,BCH-B300-426,300,300,426,0.70422535211267601,5.6,4.077116556169434,5000,2586,225,0.0017240000000000001,0.044999999999999998,0.95499999999999996,0,0.044999999999999998,0.022197652582159624,111.55458000000021,145.70630000000017,NORMALIZED_WAVEFORM_SNR_PS_OVER_PN,Bn_EQUALS_Rs,BCH-B300-426 / BLOCKAGE_M,BCH-B300-426|BLOCKAGE_M|#ff7f0e|-.|v,false,ZERO_OBSERVATION_ON_LOG_AXIS
BLOCKAGE_M,BLOCKAGE_M,BCH-B300-426,300,300,426,0.70422535211267601,5.8,4.277116556169434,9377,2174,200,0.00077281291102342608,0.021328783192918845,0.97867121680708113,0,0.021328783192918845,0.020463865987149658,108.00242081689245,142.51188013223836,NORMALIZED_WAVEFORM_SNR_PS_OVER_PN,Bn_EQUALS_Rs,BCH-B300-426 / BLOCKAGE_M,BCH-B300-426|BLOCKAGE_M|#ff7f0e|-.|v,false,ZERO_OBSERVATION_ON_LOG_AXIS
BLOCKAGE_M,BLOCKAGE_M,BCH-B300-426,300,300,426,0.70422535211267601,6.0,4.477116556169435,16845,2237,200,0.00044266350054417733,0.011872959335114277,0.98812704066488577,0,0.011872959335114277,0.018934025643919918,106.37082813891396,141.10794300979518,NORMALIZED_WAVEFORM_SNR_PS_OVER_PN,Bn_EQUALS_Rs,BCH-B300-426 / BLOCKAGE_M,BCH-B300-426|BLOCKAGE_M|#ff7f0e|-.|v,false,ZERO_OBSERVATION_ON_LOG_AXIS
CFO_30_NO_COMPENSATION,CFO_30,BCH-B300-426,300,300,426,0.70422535211267601,3.4,1.8771165561694347,20000,2629835,19549,0.43830583333333334,0.97745,0.02255,0.0,0.97745,0.461530751173709,189.9024999999998,296.8188350000001,NORMALIZED_WAVEFORM_SNR_PS_OVER_PN,Bn_EQUALS_Rs,BCH-B300-426 / CFO_30_NO_COMPENSATION,BCH-B300-426|CFO_30_NO_COMPENSATION|#ff7f0e|:|v,false,ZERO_OBSERVATION_ON_LOG_AXIS
CFO_30_NO_COMPENSATION,CFO_30,BCH-B300-426,300,300,426,0.70422535211267601,3.6,2.077116556169435,20000,2623250,19151,0.4372083333333333,0.95755,0.04245,0.0,0.95755,0.46127018779342727,200.99955000000006,310.50016500000015,NORMALIZED_WAVEFORM_SNR_PS_OVER_PN,Bn_EQUALS_Rs,BCH-B300-426 / CFO_30_NO_COMPENSATION,BCH-B300-426|CFO_30_NO_COMPENSATION|#ff7f0e|:|v,false,ZERO_OBSERVATION_ON_LOG_AXIS
CFO_30_NO_COMPENSATION,CFO_30,BCH-B300-426,300,300,426,0.70422535211267601,3.8,2.2771165561694344,20000,2617275,18627,0.4362125,0.93135,0.06865,0.0,0.93135,0.46096443661971825,162.27791000000013,257.68679499999956,NORMALIZED_WAVEFORM_SNR_PS_OVER_PN,Bn_EQUALS_Rs,BCH-B300-426 / CFO_30_NO_COMPENSATION,BCH-B300-426|CFO_30_NO_COMPENSATION|#ff7f0e|:|v,false,ZERO_OBSERVATION_ON_LOG_AXIS
CFO_30_NO_COMPENSATION,CFO_30,BCH-B300-426,300,300,426,0.70422535211267601,4.0,2.4771165561694346,20000,2610569,18017,0.4350948333333333,0.90085,0.09915,0.0,0.90085,0.4608325117370892,149.7493699999999,232.92320499999985,NORMALIZED_WAVEFORM_SNR_PS_OVER_PN,Bn_EQUALS_Rs,BCH-B300-426 / CFO_30_NO_COMPENSATION,BCH-B300-426|CFO_30_NO_COMPENSATION|#ff7f0e|:|v,false,ZERO_OBSERVATION_ON_LOG_AXIS
CFO_30_NO_COMPENSATION,CFO_30,BCH-B300-426,300,300,426,0.70422535211267601,4.2,2.677116556169435,20000,2605343,17283,0.4342238333333333,0.86415,0.13585,0.0,0.86415,0.46088638497652573,166.22793999999976,260.047755,NORMALIZED_WAVEFORM_SNR_PS_OVER_PN,Bn_EQUALS_Rs,BCH-B300-426 / CFO_30_NO_COMPENSATION,BCH-B300-426|CFO_30_NO_COMPENSATION|#ff7f0e|:|v,false,ZERO_OBSERVATION_ON_LOG_AXIS
CFO_30_NO_COMPENSATION,CFO_30,BCH-B300-426,300,300,426,0.70422535211267601,4.4,2.877116556169435,20000,2596854,16629,0.432809,0.83145,0.16855,0.0,0.83145,0.4602698356807512,144.4580900000001,225.2604149999999,NORMALIZED_WAVEFORM_SNR_PS_OVER_PN,Bn_EQUALS_Rs,BCH-B300-426 / CFO_30_NO_COMPENSATION,BCH-B300-426|CFO_30_NO_COMPENSATION|#ff7f0e|:|v,false,ZERO_OBSERVATION_ON_LOG_AXIS
CFO_30_NO_COMPENSATION,CFO_30,BCH-B300-426,300,300,426,0.70422535211267601,4.6,3.0771165561694342,20000,2592782,16011,0.43213033333333334,0.80055,0.19945,0.0,0.80055,0.4600789906103286,155.36467999999996,243.27399999999994,NORMALIZED_WAVEFORM_SNR_PS_OVER_PN,Bn_EQUALS_Rs,BCH-B300-426 / CFO_30_NO_COMPENSATION,BCH-B300-426|CFO_30_NO_COMPENSATION|#ff7f0e|:|v,false,ZERO_OBSERVATION_ON_LOG_AXIS
CFO_30_NO_COMPENSATION,CFO_30,BCH-B300-426,300,300,426,0.70422535211267601,4.8,3.2771165561694344,20000,2591482,15588,0.43191366666666664,0.7794,0.2206,0.0,0.7794,0.4601116197183099,144.96868999999973,227.8632049999997,NORMALIZED_WAVEFORM_SNR_PS_OVER_PN,Bn_EQUALS_Rs,BCH-B300-426 / CFO_30_NO_COMPENSATION,BCH-B300-426|CFO_30_NO_COMPENSATION|#ff7f0e|:|v,false,ZERO_OBSERVATION_ON_LOG_AXIS
CFO_30_NO_COMPENSATION,CFO_30,BCH-B300-426,300,300,426,0.70422535211267601,5.0,3.4771165561694346,20000,2589972,15299,0.431662,0.76495,0.23505,0.0,0.76495,0.4598793427230046,142.19939000000005,224.97332000000003,NORMALIZED_WAVEFORM_SNR_PS_OVER_PN,Bn_EQUALS_Rs,BCH-B300-426 / CFO_30_NO_COMPENSATION,BCH-B300-426|CFO_30_NO_COMPENSATION|#ff7f0e|:|v,false,ZERO_OBSERVATION_ON_LOG_AXIS
CFO_30_NO_COMPENSATION,CFO_30,BCH-B300-426,300,300,426,0.70422535211267601,5.2,3.677116556169435,23146,2591732,15200,0.3732440450473804,0.6567009418474035,0.34329905815259654,0.0,0.6567009418474035,0.40005421798917584,129.5832627667847,205.91036032143788,NORMALIZED_WAVEFORM_SNR_PS_OVER_PN,Bn_EQUALS_Rs,BCH-B300-426 / CFO_30_NO_COMPENSATION,BCH-B300-426|CFO_30_NO_COMPENSATION|#ff7f0e|:|v,false,ZERO_OBSERVATION_ON_LOG_AXIS
CFO_30_NO_COMPENSATION,CFO_30,BCH-B300-426,300,300,426,0.70422535211267601,5.4,3.877116556169435,35143,2592861,15200,0.24593432547022168,0.43251856699769514,0.5674814330023049,0.0,0.43251856699769514,0.2692830192510573,127.3379250490853,205.41478815126715,NORMALIZED_WAVEFORM_SNR_PS_OVER_PN,Bn_EQUALS_Rs,BCH-B300-426 / CFO_30_NO_COMPENSATION,BCH-B300-426|CFO_30_NO_COMPENSATION|#ff7f0e|:|v,false,ZERO_OBSERVATION_ON_LOG_AXIS
CFO_30_NO_COMPENSATION,CFO_30,BCH-B300-426,300,300,426,0.70422535211267601,5.6,4.077116556169434,65000,2594953,15180,0.13307451282051283,0.23353846153846153,0.7664615384615384,0.0,0.23353846153846153,0.15235724088118452,117.08846615384569,193.49441230769145,NORMALIZED_WAVEFORM_SNR_PS_OVER_PN,Bn_EQUALS_Rs,BCH-B300-426 / CFO_30_NO_COMPENSATION,BCH-B300-426|CFO_30_NO_COMPENSATION|#ff7f0e|:|v,false,ZERO_OBSERVATION_ON_LOG_AXIS
CFO_30_NO_COMPENSATION,CFO_30,BCH-B300-426,300,300,426,0.70422535211267601,5.8,4.277116556169434,65000,2596137,15063,0.13313523076923076,0.23173846153846153,0.7682615384615384,0.0,0.23173846153846153,0.1509957385337667,109.68928615384613,184.25605538461485,NORMALIZED_WAVEFORM_SNR_PS_OVER_PN,Bn_EQUALS_Rs,BCH-B300-426 / CFO_30_NO_COMPENSATION,BCH-B300-426|CFO_30_NO_COMPENSATION|#ff7f0e|:|v,false,ZERO_OBSERVATION_ON_LOG_AXIS
CFO_30_NO_COMPENSATION,CFO_30,BCH-B300-426,300,300,426,0.70422535211267601,6.0,4.477116556169435,65000,2595841,15012,0.1331200512820513,0.23095384615384615,0.7690461538461538,0.0,0.23095384615384615,0.14977872878295412,104.06370769230784,176.58135999999894,NORMALIZED_WAVEFORM_SNR_PS_OVER_PN,Bn_EQUALS_Rs,BCH-B300-426 / CFO_30_NO_COMPENSATION,BCH-B300-426|CFO_30_NO_COMPENSATION|#ff7f0e|:|v,false,ZERO_OBSERVATION_ON_LOG_AXIS
CFO_60_NO_COMPENSATION,CFO_60,BCH-B300-426,300,300,426,0.70422535211267601,3.4,1.8771165561694347,20000,2957965,20000,0.4929941666666667,1.0,0.0,0.0,1.0,0.5381231220657277,136.9337350000001,213.59356999999991,NORMALIZED_WAVEFORM_SNR_PS_OVER_PN,Bn_EQUALS_Rs,BCH-B300-426 / CFO_60_NO_COMPENSATION,BCH-B300-426|CFO_60_NO_COMPENSATION|#ff7f0e|-|v,false,ZERO_OBSERVATION_ON_LOG_AXIS
CFO_60_NO_COMPENSATION,CFO_60,BCH-B300-426,300,300,426,0.70422535211267601,3.6,2.077116556169435,20000,2957251,20000,0.49287516666666664,1.0,0.0,0.0,1.0,0.5384153755868545,142.03179999999986,221.44525999999968,NORMALIZED_WAVEFORM_SNR_PS_OVER_PN,Bn_EQUALS_Rs,BCH-B300-426 / CFO_60_NO_COMPENSATION,BCH-B300-426|CFO_60_NO_COMPENSATION|#ff7f0e|-|v,false,ZERO_OBSERVATION_ON_LOG_AXIS
CFO_60_NO_COMPENSATION,CFO_60,BCH-B300-426,300,300,426,0.70422535211267601,3.8,2.2771165561694344,20000,2956929,19998,0.4928215,0.9999,0.0001,0.0,0.9999,0.5386478873239436,138.74720500000018,216.47369999999967,NORMALIZED_WAVEFORM_SNR_PS_OVER_PN,Bn_EQUALS_Rs,BCH-B300-426 / CFO_60_NO_COMPENSATION,BCH-B300-426|CFO_60_NO_COMPENSATION|#ff7f0e|-|v,false,ZERO_OBSERVATION_ON_LOG_AXIS
CFO_60_NO_COMPENSATION,CFO_60,BCH-B300-426,300,300,426,0.70422535211267601,4.0,2.4771165561694346,20000,2955787,19996,0.4926311666666667,0.9998,0.0002,0.0,0.9998,0.538893309859155,138.99304000000024,217.1487549999997,NORMALIZED_WAVEFORM_SNR_PS_OVER_PN,Bn_EQUALS_Rs,BCH-B300-426 / CFO_60_NO_COMPENSATION,BCH-B300-426|CFO_60_NO_COMPENSATION|#ff7f0e|-|v,false,ZERO_OBSERVATION_ON_LOG_AXIS
CFO_60_NO_COMPENSATION,CFO_60,BCH-B300-426,300,300,426,0.70422535211267601,4.2,2.677116556169435,20000,2957703,19990,0.4929505,0.9995,0.0005,0.0,0.9995,0.5394334507042253,132.47008499999993,207.01370000000017,NORMALIZED_WAVEFORM_SNR_PS_OVER_PN,Bn_EQUALS_Rs,BCH-B300-426 / CFO_60_NO_COMPENSATION,BCH-B300-426|CFO_60_NO_COMPENSATION|#ff7f0e|-|v,false,ZERO_OBSERVATION_ON_LOG_AXIS
CFO_60_NO_COMPENSATION,CFO_60,BCH-B300-426,300,300,426,0.70422535211267601,4.4,2.877116556169435,20000,2954083,19955,0.49234716666666667,0.99775,0.00225,0.0,0.99775,0.5393160798122066,130.46732500000007,205.1112799999998,NORMALIZED_WAVEFORM_SNR_PS_OVER_PN,Bn_EQUALS_Rs,BCH-B300-426 / CFO_60_NO_COMPENSATION,BCH-B300-426|CFO_60_NO_COMPENSATION|#ff7f0e|-|v,false,ZERO_OBSERVATION_ON_LOG_AXIS
CFO_60_NO_COMPENSATION,CFO_60,BCH-B300-426,300,300,426,0.70422535211267601,4.6,3.0771165561694342,20000,2954917,19918,0.49248616666666667,0.9959,0.0041,0.0,0.9959,0.5396853286384976,145.18173999999985,225.91415499999994,NORMALIZED_WAVEFORM_SNR_PS_OVER_PN,Bn_EQUALS_Rs,BCH-B300-426 / CFO_60_NO_COMPENSATION,BCH-B300-426|CFO_60_NO_COMPENSATION|#ff7f0e|-|v,false,ZERO_OBSERVATION_ON_LOG_AXIS
CFO_60_NO_COMPENSATION,CFO_60,BCH-B300-426,300,300,426,0.70422535211267601,4.8,3.2771165561694344,20000,2954125,19805,0.49235416666666665,0.99025,0.00975,0.0,0.99025,0.5398970657276996,135.3815499999999,211.10886999999983,NORMALIZED_WAVEFORM_SNR_PS_OVER_PN,Bn_EQUALS_Rs,BCH-B300-426 / CFO_60_NO_COMPENSATION,BCH-B300-426|CFO_60_NO_COMPENSATION|#ff7f0e|-|v,false,ZERO_OBSERVATION_ON_LOG_AXIS
CFO_60_NO_COMPENSATION,CFO_60,BCH-B300-426,300,300,426,0.70422535211267601,5.0,3.4771165561694346,20000,2952467,19655,0.4920778333333333,0.98275,0.01725,0.0,0.98275,0.5399976525821596,153.26240000000013,238.23431499999947,NORMALIZED_WAVEFORM_SNR_PS_OVER_PN,Bn_EQUALS_Rs,BCH-B300-426 / CFO_60_NO_COMPENSATION,BCH-B300-426|CFO_60_NO_COMPENSATION|#ff7f0e|-|v,false,ZERO_OBSERVATION_ON_LOG_AXIS
CFO_60_NO_COMPENSATION,CFO_60,BCH-B300-426,300,300,426,0.70422535211267601,5.2,3.677116556169435,20000,2952689,19398,0.49211483333333333,0.9699,0.0301,0.0,0.96995,0.5403775821596244,166.4060750000002,260.0342350000001,NORMALIZED_WAVEFORM_SNR_PS_OVER_PN,Bn_EQUALS_Rs,BCH-B300-426 / CFO_60_NO_COMPENSATION,BCH-B300-426|CFO_60_NO_COMPENSATION|#ff7f0e|-|v,false,ZERO_OBSERVATION_ON_LOG_AXIS
CFO_60_NO_COMPENSATION,CFO_60,BCH-B300-426,300,300,426,0.70422535211267601,5.4,3.877116556169435,20000,2949050,18997,0.4915083333333333,0.94985,0.05015,0.0,0.94985,0.5404531690140846,165.9131450000001,260.6550049999996,NORMALIZED_WAVEFORM_SNR_PS_OVER_PN,Bn_EQUALS_Rs,BCH-B300-426 / CFO_60_NO_COMPENSATION,BCH-B300-426|CFO_60_NO_COMPENSATION|#ff7f0e|-|v,false,ZERO_OBSERVATION_ON_LOG_AXIS
CFO_60_NO_COMPENSATION,CFO_60,BCH-B300-426,300,300,426,0.70422535211267601,5.6,4.077116556169434,20000,2947605,18480,0.4912675,0.924,0.076,0.0,0.924,0.5407829812206574,144.47144000000003,224.09833999999998,NORMALIZED_WAVEFORM_SNR_PS_OVER_PN,Bn_EQUALS_Rs,BCH-B300-426 / CFO_60_NO_COMPENSATION,BCH-B300-426|CFO_60_NO_COMPENSATION|#ff7f0e|-|v,false,ZERO_OBSERVATION_ON_LOG_AXIS
CFO_60_NO_COMPENSATION,CFO_60,BCH-B300-426,300,300,426,0.70422535211267601,5.8,4.277116556169434,20000,2945418,17894,0.490903,0.8947,0.1053,0.0,0.89475,0.540755868544601,136.1019099999999,213.06490499999992,NORMALIZED_WAVEFORM_SNR_PS_OVER_PN,Bn_EQUALS_Rs,BCH-B300-426 / CFO_60_NO_COMPENSATION,BCH-B300-426|CFO_60_NO_COMPENSATION|#ff7f0e|-|v,false,ZERO_OBSERVATION_ON_LOG_AXIS
CFO_60_NO_COMPENSATION,CFO_60,BCH-B300-426,300,300,426,0.70422535211267601,6.0,4.477116556169435,20000,2942770,17241,0.4904616666666667,0.86205,0.13795,0.0,0.86215,0.540944014084507,132.24495500000003,207.0515250000002,NORMALIZED_WAVEFORM_SNR_PS_OVER_PN,Bn_EQUALS_Rs,BCH-B300-426 / CFO_60_NO_COMPENSATION,BCH-B300-426|CFO_60_NO_COMPENSATION|#ff7f0e|-|v,false,ZERO_OBSERVATION_ON_LOG_AXIS
MULTIPATH_MMSE,FIXED_MULTIPATH_MMSE,BCH-B300-426,300,300,426,0.70422535211267601,6.0,4.477116556169435,5000,36424,2801,0.024282666666666668,0.56020000000000003,0.43980000000000002,0,0.56020000000000003,0.036179812206572771,144.58456000000069,168.22097999999974,NORMALIZED_WAVEFORM_SNR_PS_OVER_PN,Bn_EQUALS_Rs,BCH-B300-426 / MULTIPATH_MMSE,BCH-B300-426|MULTIPATH_MMSE|#ff7f0e|--|v,false,ZERO_OBSERVATION_ON_LOG_AXIS
MULTIPATH_MMSE,FIXED_MULTIPATH_MMSE,BCH-B300-426,300,300,426,0.70422535211267601,6.2,4.677116556169435,5000,29886,2332,0.019924000000000001,0.46639999999999998,0.53359999999999996,0,0.46639999999999998,0.033760093896713618,129.65768000000023,151.61513999999994,NORMALIZED_WAVEFORM_SNR_PS_OVER_PN,Bn_EQUALS_Rs,BCH-B300-426 / MULTIPATH_MMSE,BCH-B300-426|MULTIPATH_MMSE|#ff7f0e|--|v,false,ZERO_OBSERVATION_ON_LOG_AXIS
MULTIPATH_MMSE,FIXED_MULTIPATH_MMSE,BCH-B300-426,300,300,426,0.70422535211267601,6.4,4.877116556169435,5000,22712,1817,0.015141333333333333,0.3634,0.63660000000000005,0,0.3634,0.031279342723004692,127.26435999999966,148.55160000000001,NORMALIZED_WAVEFORM_SNR_PS_OVER_PN,Bn_EQUALS_Rs,BCH-B300-426 / MULTIPATH_MMSE,BCH-B300-426|MULTIPATH_MMSE|#ff7f0e|--|v,false,ZERO_OBSERVATION_ON_LOG_AXIS
MULTIPATH_MMSE,FIXED_MULTIPATH_MMSE,BCH-B300-426,300,300,426,0.70422535211267601,6.6,5.077116556169434,5000,17027,1402,0.011351333333333333,0.28039999999999998,0.71960000000000002,0,0.28039999999999998,0.028982159624413147,126.73433999999985,148.55621999999968,NORMALIZED_WAVEFORM_SNR_PS_OVER_PN,Bn_EQUALS_Rs,BCH-B300-426 / MULTIPATH_MMSE,BCH-B300-426|MULTIPATH_MMSE|#ff7f0e|--|v,false,ZERO_OBSERVATION_ON_LOG_AXIS
MULTIPATH_MMSE,FIXED_MULTIPATH_MMSE,BCH-B300-426,300,300,426,0.70422535211267601,6.8,5.277116556169434,5000,12490,1042,0.0083266666666666662,0.2084,0.79159999999999997,0,0.2084,0.026894835680751173,124.33420000000042,147.21093999999977,NORMALIZED_WAVEFORM_SNR_PS_OVER_PN,Bn_EQUALS_Rs,BCH-B300-426 / MULTIPATH_MMSE,BCH-B300-426|MULTIPATH_MMSE|#ff7f0e|--|v,false,ZERO_OBSERVATION_ON_LOG_AXIS
MULTIPATH_MMSE,FIXED_MULTIPATH_MMSE,BCH-B300-426,300,300,426,0.70422535211267601,7.0,5.477116556169435,5000,8081,682,0.0053873333333333334,0.13639999999999999,0.86360000000000003,0,0.13639999999999999,0.024664788732394367,116.48278000000008,137.5145599999999,NORMALIZED_WAVEFORM_SNR_PS_OVER_PN,Bn_EQUALS_Rs,BCH-B300-426 / MULTIPATH_MMSE,BCH-B300-426|MULTIPATH_MMSE|#ff7f0e|--|v,false,ZERO_OBSERVATION_ON_LOG_AXIS
MULTIPATH_MMSE,FIXED_MULTIPATH_MMSE,BCH-B300-426,300,300,426,0.70422535211267601,7.2,5.677116556169435,5000,6123,525,0.0040819999999999997,0.105,0.89500000000000002,0,0.105,0.023138967136150233,121.38781999999973,144.57890000000017,NORMALIZED_WAVEFORM_SNR_PS_OVER_PN,Bn_EQUALS_Rs,BCH-B300-426 / MULTIPATH_MMSE,BCH-B300-426|MULTIPATH_MMSE|#ff7f0e|--|v,false,ZERO_OBSERVATION_ON_LOG_AXIS
MULTIPATH_MMSE,FIXED_MULTIPATH_MMSE,BCH-B300-426,300,300,426,0.70422535211267601,7.4,5.877116556169435,5000,3802,329,0.0025346666666666668,0.065799999999999997,0.93420000000000003,0,0.065799999999999997,0.020970892018779344,110.51026000000054,134.24228000000033,NORMALIZED_WAVEFORM_SNR_PS_OVER_PN,Bn_EQUALS_Rs,BCH-B300-426 / MULTIPATH_MMSE,BCH-B300-426|MULTIPATH_MMSE|#ff7f0e|--|v,false,ZERO_OBSERVATION_ON_LOG_AXIS
MULTIPATH_MMSE,FIXED_MULTIPATH_MMSE,BCH-B300-426,300,300,426,0.70422535211267601,7.6,6.077116556169434,5000,2390,206,0.0015933333333333333,0.041200000000000001,0.95879999999999999,0,0.041200000000000001,0.019306103286384976,108.82287999999996,130.60356000000024,NORMALIZED_WAVEFORM_SNR_PS_OVER_PN,Bn_EQUALS_Rs,BCH-B300-426 / MULTIPATH_MMSE,BCH-B300-426|MULTIPATH_MMSE|#ff7f0e|--|v,false,ZERO_OBSERVATION_ON_LOG_AXIS
MULTIPATH_MMSE,FIXED_MULTIPATH_MMSE,BCH-B300-426,300,300,426,0.70422535211267601,7.8,6.277116556169434,7699,2265,200,0.00098064683725159114,0.025977399662293805,0.97402260033770616,0,0.025977399662293805,0.017686279603411698,108.02514612287275,130.41671645668262,NORMALIZED_WAVEFORM_SNR_PS_OVER_PN,Bn_EQUALS_Rs,BCH-B300-426 / MULTIPATH_MMSE,BCH-B300-426|MULTIPATH_MMSE|#ff7f0e|--|v,false,ZERO_OBSERVATION_ON_LOG_AXIS
MULTIPATH_MMSE,FIXED_MULTIPATH_MMSE,BCH-B300-426,300,300,426,0.70422535211267601,8.0,6.477116556169435,12375,2246,200,0.00060498316498316495,0.016161616161616162,0.98383838383838385,0,0.016161616161616162,0.016058424621804904,101.79486060606084,127.58255353535337,NORMALIZED_WAVEFORM_SNR_PS_OVER_PN,Bn_EQUALS_Rs,BCH-B300-426 / MULTIPATH_MMSE,BCH-B300-426|MULTIPATH_MMSE|#ff7f0e|--|v,false,ZERO_OBSERVATION_ON_LOG_AXIS
MULTIPATH_MMSE,FIXED_MULTIPATH_MMSE,BCH-B300-426,300,300,426,0.70422535211267601,8.2,6.677116556169434,23577,2271,200,0.00032107562454934896,0.0084828434491241462,0.9915171565508758,0,0.0084828434491241462,0.014630316288592706,101.08593544556142,123.0892861687238,NORMALIZED_WAVEFORM_SNR_PS_OVER_PN,Bn_EQUALS_Rs,BCH-B300-426 / MULTIPATH_MMSE,BCH-B300-426|MULTIPATH_MMSE|#ff7f0e|--|v,false,ZERO_OBSERVATION_ON_LOG_AXIS
MULTIPATH_MMSE,FIXED_MULTIPATH_MMSE,BCH-B300-426,300,300,426,0.70422535211267601,8.4,6.877116556169435,38522,2309,200,0.00019979924891404046,0.0051918384299880589,0.99480816157001195,0,0.0051918384299880589,0.01333936854082284,99.38760188982944,121.42019105965369,NORMALIZED_WAVEFORM_SNR_PS_OVER_PN,Bn_EQUALS_Rs,BCH-B300-426 / MULTIPATH_MMSE,BCH-B300-426|MULTIPATH_MMSE|#ff7f0e|--|v,false,ZERO_OBSERVATION_ON_LOG_AXIS
MULTIPATH_MMSE,FIXED_MULTIPATH_MMSE,BCH-B300-426,300,300,426,0.70422535211267601,8.6,7.077116556169434,50000,1503,135,0.0001002,0.0027000000000000001,0.99729999999999996,0,0.0027000000000000001,0.012100469483568075,101.40482400000147,124.8026979999993,NORMALIZED_WAVEFORM_SNR_PS_OVER_PN,Bn_EQUALS_Rs,BCH-B300-426 / MULTIPATH_MMSE,BCH-B300-426|MULTIPATH_MMSE|#ff7f0e|--|v,false,ZERO_OBSERVATION_ON_LOG_AXIS
MULTIPATH_MMSE,FIXED_MULTIPATH_MMSE,BCH-B300-426,300,300,426,0.70422535211267601,8.8,7.277116556169435,50000,804,71,5.3600000000000002e-05,0.00142,0.99858000000000002,0,0.00142,0.010927511737089201,105.1889500000003,130.5687740000007,NORMALIZED_WAVEFORM_SNR_PS_OVER_PN,Bn_EQUALS_Rs,BCH-B300-426 / MULTIPATH_MMSE,BCH-B300-426|MULTIPATH_MMSE|#ff7f0e|--|v,false,ZERO_OBSERVATION_ON_LOG_AXIS
MULTIPATH_MMSE,FIXED_MULTIPATH_MMSE,BCH-B300-426,300,300,426,0.70422535211267601,9.0,7.477116556169435,50000,400,36,2.6666666666666667e-05,0.00072000000000000005,0.99927999999999995,0,0.00072000000000000005,0.0098538028169014077,96.7706699999991,120.45424800000097,NORMALIZED_WAVEFORM_SNR_PS_OVER_PN,Bn_EQUALS_Rs,BCH-B300-426 / MULTIPATH_MMSE,BCH-B300-426|MULTIPATH_MMSE|#ff7f0e|--|v,false,ZERO_OBSERVATION_ON_LOG_AXIS
AWGN,AWGN,BCH-S200,200,200,285,0.70175438596491224,4.5,2.9618513565547095,5000,9817,2968,0.0098169999999999993,0.59360000000000002,0.40639999999999998,0.59360000000000002,0,,14.701479999999989,14.701479999999989,NORMALIZED_WAVEFORM_SNR_PS_OVER_PN,Bn_EQUALS_Rs,BCH-S200 / AWGN,BCH-S200|AWGN|#1f77b4|-|o,true,
AWGN,AWGN,BCH-S200,200,200,285,0.70175438596491224,4.7,3.1618513565547097,5000,7842,2534,0.007842,0.50680000000000003,0.49320000000000003,0.50680000000000003,0,,15.716319999999932,15.716319999999932,NORMALIZED_WAVEFORM_SNR_PS_OVER_PN,Bn_EQUALS_Rs,BCH-S200 / AWGN,BCH-S200|AWGN|#1f77b4|-|o,true,
AWGN,AWGN,BCH-S200,200,200,285,0.70175438596491224,4.9,3.36185135655471,5000,6284,2199,0.0062839999999999997,0.43980000000000002,0.56020000000000003,0.43980000000000002,0,,15.897380000000011,15.897380000000011,NORMALIZED_WAVEFORM_SNR_PS_OVER_PN,Bn_EQUALS_Rs,BCH-S200 / AWGN,BCH-S200|AWGN|#1f77b4|-|o,true,
AWGN,AWGN,BCH-S200,200,200,285,0.70175438596491224,5.1,3.561851356554709,5000,4901,1788,0.004901,0.35759999999999997,0.64239999999999997,0.35759999999999997,0,,13.930540000000015,13.930540000000015,NORMALIZED_WAVEFORM_SNR_PS_OVER_PN,Bn_EQUALS_Rs,BCH-S200 / AWGN,BCH-S200|AWGN|#1f77b4|-|o,true,
AWGN,AWGN,BCH-S200,200,200,285,0.70175438596491224,5.3,3.7618513565547094,5000,4053,1544,0.0040530000000000002,0.30880000000000002,0.69120000000000004,0.30880000000000002,0,,14.465299999999967,14.465299999999967,NORMALIZED_WAVEFORM_SNR_PS_OVER_PN,Bn_EQUALS_Rs,BCH-S200 / AWGN,BCH-S200|AWGN|#1f77b4|-|o,true,
AWGN,AWGN,BCH-S200,200,200,285,0.70175438596491224,5.5,3.9618513565547095,5000,3109,1213,0.0031089999999999998,0.24260000000000001,0.75739999999999996,0.24260000000000001,0,,13.758560000000001,13.758560000000001,NORMALIZED_WAVEFORM_SNR_PS_OVER_PN,Bn_EQUALS_Rs,BCH-S200 / AWGN,BCH-S200|AWGN|#1f77b4|-|o,true,
AWGN,AWGN,BCH-S200,200,200,285,0.70175438596491224,5.7,4.16185135655471,5000,2475,996,0.0024750000000000002,0.19919999999999999,0.80079999999999996,0.19919999999999999,0,,13.881620000000026,13.881620000000026,NORMALIZED_WAVEFORM_SNR_PS_OVER_PN,Bn_EQUALS_Rs,BCH-S200 / AWGN,BCH-S200|AWGN|#1f77b4|-|o,true,
AWGN,AWGN,BCH-S200,200,200,285,0.70175438596491224,5.9,4.36185135655471,5000,1940,809,0.0019400000000000001,0.1618,0.83819999999999995,0.1618,0,,14.114459999999992,14.114459999999992,NORMALIZED_WAVEFORM_SNR_PS_OVER_PN,Bn_EQUALS_Rs,BCH-S200 / AWGN,BCH-S200|AWGN|#1f77b4|-|o,true,
AWGN,AWGN,BCH-S200,200,200,285,0.70175438596491224,6.1,4.561851356554709,5000,1393,591,0.0013929999999999999,0.1182,0.88180000000000003,0.1182,0,,14.084680000000025,14.084680000000025,NORMALIZED_WAVEFORM_SNR_PS_OVER_PN,Bn_EQUALS_Rs,BCH-S200 / AWGN,BCH-S200|AWGN|#1f77b4|-|o,true,
AWGN,AWGN,BCH-S200,200,200,285,0.70175438596491224,6.3,4.761851356554709,5000,976,427,0.00097599999999999998,0.085400000000000004,0.91459999999999997,0.085400000000000004,0,,14.705999999999966,14.705999999999966,NORMALIZED_WAVEFORM_SNR_PS_OVER_PN,Bn_EQUALS_Rs,BCH-S200 / AWGN,BCH-S200|AWGN|#1f77b4|-|o,true,
AWGN,AWGN,BCH-S200,200,200,285,0.70175438596491224,6.5,4.9618513565547095,5000,755,328,0.00075500000000000003,0.065600000000000006,0.93440000000000001,0.065600000000000006,0,,13.374119999999992,13.374119999999992,NORMALIZED_WAVEFORM_SNR_PS_OVER_PN,Bn_EQUALS_Rs,BCH-S200 / AWGN,BCH-S200|AWGN|#1f77b4|-|o,true,
AWGN,AWGN,BCH-S200,200,200,285,0.70175438596491224,6.7,5.16185135655471,5000,468,207,0.00046799999999999999,0.041399999999999999,0.95860000000000001,0.041399999999999999,0,,13.419199999999931,13.419199999999931,NORMALIZED_WAVEFORM_SNR_PS_OVER_PN,Bn_EQUALS_Rs,BCH-S200 / AWGN,BCH-S200|AWGN|#1f77b4|-|o,true,
AWGN,AWGN,BCH-S200,200,200,285,0.70175438596491224,6.9,5.36185135655471,5380,461,200,0.00042843866171003719,0.03717472118959108,0.96282527881040891,0.03717472118959108,0,,13.589368029739775,13.589368029739775,NORMALIZED_WAVEFORM_SNR_PS_OVER_PN,Bn_EQUALS_Rs,BCH-S200 / AWGN,BCH-S200|AWGN|#1f77b4|-|o,true,
AWGN,AWGN,BCH-S200,200,200,285,0.70175438596491224,7.1,5.561851356554709,8129,435,200,0.00026756058555787922,0.024603272235207283,0.97539672776479269,0.024603272235207283,0,,13.146844630335824,13.146844630335824,NORMALIZED_WAVEFORM_SNR_PS_OVER_PN,Bn_EQUALS_Rs,BCH-S200 / AWGN,BCH-S200|AWGN|#1f77b4|-|o,true,
AWGN,AWGN,BCH-S200,200,200,285,0.70175438596491224,7.3,5.761851356554709,11728,419,200,0.00017863233287858117,0.017053206002728513,0.98294679399727147,0.017053206002728513,0,,13.443954638472023,13.443954638472023,NORMALIZED_WAVEFORM_SNR_PS_OVER_PN,Bn_EQUALS_Rs,BCH-S200 / AWGN,BCH-S200|AWGN|#1f77b4|-|o,true,
AWGN,AWGN,BCH-S200,200,200,285,0.70175438596491224,7.5,5.9618513565547095,17566,457,200,0.00013008083798246613,0.011385631333257429,0.98861436866674257,0.011385631333257429,0,,13.140845952408064,13.140845952408064,NORMALIZED_WAVEFORM_SNR_PS_OVER_PN,Bn_EQUALS_Rs,BCH-S200 / AWGN,BCH-S200|AWGN|#1f77b4|-|o,true,
AWGN,AWGN,BCH-S200,200,200,285,0.70175438596491224,7.7,6.16185135655471,23186,446,200,9.6178728543086346e-05,0.0086258949365996714,0.99137410506340029,0.0086258949365996714,0,,13.141443112222946,13.141443112222946,NORMALIZED_WAVEFORM_SNR_PS_OVER_PN,Bn_EQUALS_Rs,BCH-S200 / AWGN,BCH-S200|AWGN|#1f77b4|-|o,true,
AWGN,AWGN,BCH-S200,200,200,285,0.70175438596491224,7.9,6.36185135655471,45446,432,200,4.7528935439862692e-05,0.0044008273555428421,0.99559917264445719,0.0044008273555428421,0,,15.513345508955645,15.513345508955645,NORMALIZED_WAVEFORM_SNR_PS_OVER_PN,Bn_EQUALS_Rs,BCH-S200 / AWGN,BCH-S200|AWGN|#1f77b4|-|o,true,
AWGN,AWGN,BCH-S200,200,200,285,0.70175438596491224,8.1,6.561851356554709,50000,367,166,3.6699999999999998e-05,0.00332,0.99668000000000001,0.00332,0,,15.772884000000051,15.772884000000051,NORMALIZED_WAVEFORM_SNR_PS_OVER_PN,Bn_EQUALS_Rs,BCH-S200 / AWGN,BCH-S200|AWGN|#1f77b4|-|o,true,
AWGN,AWGN,BCH-S200,200,200,285,0.70175438596491224,8.3,6.76185135655471,50000,228,113,2.2799999999999999e-05,0.0022599999999999999,0.99773999999999996,0.0022599999999999999,0,,15.435189999999896,15.435189999999896,NORMALIZED_WAVEFORM_SNR_PS_OVER_PN,Bn_EQUALS_Rs,BCH-S200 / AWGN,BCH-S200|AWGN|#1f77b4|-|o,true,
AWGN,AWGN,BCH-S200,200,200,285,0.70175438596491224,8.5,6.9618513565547095,50000,146,70,1.4600000000000001e-05,0.0014,0.99860000000000004,0.0014,0,,15.376423999999863,15.376423999999863,NORMALIZED_WAVEFORM_SNR_PS_OVER_PN,Bn_EQUALS_Rs,BCH-S200 / AWGN,BCH-S200|AWGN|#1f77b4|-|o,true,
BLOCKAGE_H,BLOCKAGE_H,BCH-S200,200,200,285,0.70175438596491224,5.3,3.7618513565547094,5000,54948,5000,0.054947999999999997,1,0,1,0,0.05965473684210526,17.722240000000046,41.92184000000001,NORMALIZED_WAVEFORM_SNR_PS_OVER_PN,Bn_EQUALS_Rs,BCH-S200 / BLOCKAGE_H,BCH-S200|BLOCKAGE_H|#1f77b4|--|o,true,
BLOCKAGE_H,BLOCKAGE_H,BCH-S200,200,200,285,0.70175438596491224,5.5,3.9618513565547095,5000,53428,5000,0.053428000000000003,1,0,1,0,0.057450526315789473,19.540339999999979,44.860960000000006,NORMALIZED_WAVEFORM_SNR_PS_OVER_PN,Bn_EQUALS_Rs,BCH-S200 / BLOCKAGE_H,BCH-S200|BLOCKAGE_H|#1f77b4|--|o,true,
BLOCKAGE_H,BLOCKAGE_H,BCH-S200,200,200,285,0.70175438596491224,5.7,4.16185135655471,5000,52639,5000,0.052638999999999998,1,0,1,0,0.055960701754385965,17.650800000000086,42.171820000000068,NORMALIZED_WAVEFORM_SNR_PS_OVER_PN,Bn_EQUALS_Rs,BCH-S200 / BLOCKAGE_H,BCH-S200|BLOCKAGE_H|#1f77b4|--|o,true,
BLOCKAGE_H,BLOCKAGE_H,BCH-S200,200,200,285,0.70175438596491224,5.9,4.36185135655471,5000,51924,5000,0.051923999999999998,1,0,1,0,0.05452842105263158,18.281500000000069,44.421759999999864,NORMALIZED_WAVEFORM_SNR_PS_OVER_PN,Bn_EQUALS_Rs,BCH-S200 / BLOCKAGE_H,BCH-S200|BLOCKAGE_H|#1f77b4|--|o,true,
BLOCKAGE_H,BLOCKAGE_H,BCH-S200,200,200,285,0.70175438596491224,6.1,4.561851356554709,5000,51345,4999,0.051345000000000002,0.99980000000000002,0.00020000000000000001,0.99980000000000002,0,0.052957192982456137,17.649919999999977,42.156819999999975,NORMALIZED_WAVEFORM_SNR_PS_OVER_PN,Bn_EQUALS_Rs,BCH-S200 / BLOCKAGE_H,BCH-S200|BLOCKAGE_H|#1f77b4|--|o,true,
BLOCKAGE_H,BLOCKAGE_H,BCH-S200,200,200,285,0.70175438596491224,6.3,4.761851356554709,5000,50249,5000,0.050249000000000002,1,0,1,0,0.051513684210526316,16.102420000000023,39.707020000000021,NORMALIZED_WAVEFORM_SNR_PS_OVER_PN,Bn_EQUALS_Rs,BCH-S200 / BLOCKAGE_H,BCH-S200|BLOCKAGE_H|#1f77b4|--|o,true,
BLOCKAGE_H,BLOCKAGE_H,BCH-S200,200,200,285,0.70175438596491224,6.5,4.9618513565547095,5000,50187,5000,0.050187000000000002,1,0,1,0,0.050473684210526316,17.193919999999988,41.393159999999938,NORMALIZED_WAVEFORM_SNR_PS_OVER_PN,Bn_EQUALS_Rs,BCH-S200 / BLOCKAGE_H,BCH-S200|BLOCKAGE_H|#1f77b4|--|o,true,
BLOCKAGE_H,BLOCKAGE_H,BCH-S200,200,200,285,0.70175438596491224,6.7,5.16185135655471,5000,49465,5000,0.049465000000000002,1,0,1,0,0.049319298245614034,16.665319999999955,40.337360000000004,NORMALIZED_WAVEFORM_SNR_PS_OVER_PN,Bn_EQUALS_Rs,BCH-S200 / BLOCKAGE_H,BCH-S200|BLOCKAGE_H|#1f77b4|--|o,true,
BLOCKAGE_H,BLOCKAGE_H,BCH-S200,200,200,285,0.70175438596491224,6.9,5.36185135655471,5000,49252,5000,0.049251999999999997,1,0,1,0,0.048448421052631578,18.233699999999981,43.38921999999998,NORMALIZED_WAVEFORM_SNR_PS_OVER_PN,Bn_EQUALS_Rs,BCH-S200 / BLOCKAGE_H,BCH-S200|BLOCKAGE_H|#1f77b4|--|o,true,
BLOCKAGE_H,BLOCKAGE_H,BCH-S200,200,200,285,0.70175438596491224,7.1,5.561851356554709,5000,48651,4999,0.048651,0.99980000000000002,0.00020000000000000001,0.99980000000000002,0,0.047347368421052631,16.948420000000006,41.051179999999903,NORMALIZED_WAVEFORM_SNR_PS_OVER_PN,Bn_EQUALS_Rs,BCH-S200 / BLOCKAGE_H,BCH-S200|BLOCKAGE_H|#1f77b4|--|o,true,
BLOCKAGE_H,BLOCKAGE_H,BCH-S200,200,200,285,0.70175438596491224,7.3,5.761851356554709,5000,48375,4999,0.048375000000000001,0.99980000000000002,0.00020000000000000001,0.99980000000000002,0,0.046632280701754389,15.337660000000026,38.729340000000022,NORMALIZED_WAVEFORM_SNR_PS_OVER_PN,Bn_EQUALS_Rs,BCH-S200 / BLOCKAGE_H,BCH-S200|BLOCKAGE_H|#1f77b4|--|o,true,
BLOCKAGE_H,BLOCKAGE_H,BCH-S200,200,200,285,0.70175438596491224,7.5,5.9618513565547095,5000,48039,5000,0.048038999999999998,1,0,1,0,0.046029473684210523,18.639840000000035,44.057480000000119,NORMALIZED_WAVEFORM_SNR_PS_OVER_PN,Bn_EQUALS_Rs,BCH-S200 / BLOCKAGE_H,BCH-S200|BLOCKAGE_H|#1f77b4|--|o,true,
BLOCKAGE_H,BLOCKAGE_H,BCH-S200,200,200,285,0.70175438596491224,7.7,6.16185135655471,5000,47779,5000,0.047779000000000002,1,0,1,0,0.045157192982456143,18.049719999999976,43.043860000000016,NORMALIZED_WAVEFORM_SNR_PS_OVER_PN,Bn_EQUALS_Rs,BCH-S200 / BLOCKAGE_H,BCH-S200|BLOCKAGE_H|#1f77b4|--|o,true,
BLOCKAGE_H,BLOCKAGE_H,BCH-S200,200,200,285,0.70175438596491224,7.9,6.36185135655471,5000,47128,5000,0.047128000000000003,1,0,1,0,0.044609824561403506,23.449119999999997,53.569399999999838,NORMALIZED_WAVEFORM_SNR_PS_OVER_PN,Bn_EQUALS_Rs,BCH-S200 / BLOCKAGE_H,BCH-S200|BLOCKAGE_H|#1f77b4|--|o,true,
BLOCKAGE_H,BLOCKAGE_H,BCH-S200,200,200,285,0.70175438596491224,8.1,6.561851356554709,5000,47038,5000,0.047038000000000003,1,0,1,0,0.044070877192982458,24.489100000000068,54.359439999999971,NORMALIZED_WAVEFORM_SNR_PS_OVER_PN,Bn_EQUALS_Rs,BCH-S200 / BLOCKAGE_H,BCH-S200|BLOCKAGE_H|#1f77b4|--|o,true,
BLOCKAGE_H,BLOCKAGE_H,BCH-S200,200,200,285,0.70175438596491224,8.3,6.76185135655471,5000,46761,4999,0.046760999999999997,0.99980000000000002,0.00020000000000000001,0.99980000000000002,0,0.043571929824561401,25.055660000000003,57.986579999999982,NORMALIZED_WAVEFORM_SNR_PS_OVER_PN,Bn_EQUALS_Rs,BCH-S200 / BLOCKAGE_H,BCH-S200|BLOCKAGE_H|#1f77b4|--|o,true,
BLOCKAGE_H,BLOCKAGE_H,BCH-S200,200,200,285,0.70175438596491224,8.5,6.9618513565547095,5000,46348,5000,0.046348,1,0,1,0,0.042880701754385964,21.739479999999901,50.354340000000029,NORMALIZED_WAVEFORM_SNR_PS_OVER_PN,Bn_EQUALS_Rs,BCH-S200 / BLOCKAGE_H,BCH-S200|BLOCKAGE_H|#1f77b4|--|o,true,
BLOCKAGE_M,BLOCKAGE_M,BCH-S200,200,200,285,0.70175438596491224,5.3,3.7618513565547094,5000,22830,4790,0.02283,0.95799999999999996,0.042000000000000003,0.95799999999999996,0,0.030366315789473686,28.663700000000095,63.799800000000062,NORMALIZED_WAVEFORM_SNR_PS_OVER_PN,Bn_EQUALS_Rs,BCH-S200 / BLOCKAGE_M,BCH-S200|BLOCKAGE_M|#1f77b4|-.|o,true,
BLOCKAGE_M,BLOCKAGE_M,BCH-S200,200,200,285,0.70175438596491224,5.5,3.9618513565547095,5000,21588,4736,0.021588,0.94720000000000004,0.0528,0.94720000000000004,0,0.028178947368421053,24.337239999999916,53.729379999999949,NORMALIZED_WAVEFORM_SNR_PS_OVER_PN,Bn_EQUALS_Rs,BCH-S200 / BLOCKAGE_M,BCH-S200|BLOCKAGE_M|#1f77b4|-.|o,true,
BLOCKAGE_M,BLOCKAGE_M,BCH-S200,200,200,285,0.70175438596491224,5.7,4.16185135655471,5000,20464,4696,0.020464,0.93920000000000003,0.0608,0.93920000000000003,0,0.026526315789473683,29.08574000000003,65.474220000000059,NORMALIZED_WAVEFORM_SNR_PS_OVER_PN,Bn_EQUALS_Rs,BCH-S200 / BLOCKAGE_M,BCH-S200|BLOCKAGE_M|#1f77b4|-.|o,true,
BLOCKAGE_M,BLOCKAGE_M,BCH-S200,200,200,285,0.70175438596491224,5.9,4.36185135655471,5000,19301,4627,0.019300999999999999,0.9254,0.0746,0.9254,0,0.024736140350877192,18.660020000000035,43.996880000000033,NORMALIZED_WAVEFORM_SNR_PS_OVER_PN,Bn_EQUALS_Rs,BCH-S200 / BLOCKAGE_M,BCH-S200|BLOCKAGE_M|#1f77b4|-.|o,true,
BLOCKAGE_M,BLOCKAGE_M,BCH-S200,200,200,285,0.70175438596491224,6.1,4.561851356554709,5000,18893,4626,0.018893,0.92520000000000002,0.074800000000000005,0.92520000000000002,0,0.023070877192982456,19.801660000000016,45.778060000000124,NORMALIZED_WAVEFORM_SNR_PS_OVER_PN,Bn_EQUALS_Rs,BCH-S200 / BLOCKAGE_M,BCH-S200|BLOCKAGE_M|#1f77b4|-.|o,true,
BLOCKAGE_M,BLOCKAGE_M,BCH-S200,200,200,285,0.70175438596491224,6.3,4.761851356554709,5000,18042,4586,0.018041999999999999,0.91720000000000002,0.082799999999999999,0.91720000000000002,0,0.021825263157894736,19.806399999999968,45.73652000000007,NORMALIZED_WAVEFORM_SNR_PS_OVER_PN,Bn_EQUALS_Rs,BCH-S200 / BLOCKAGE_M,BCH-S200|BLOCKAGE_M|#1f77b4|-.|o,true,
BLOCKAGE_M,BLOCKAGE_M,BCH-S200,200,200,285,0.70175438596491224,6.5,4.9618513565547095,5000,17809,4547,0.017808999999999998,0.90939999999999999,0.0906,0.90939999999999999,0,0.020667368421052632,18.677419999999977,44.102540000000083,NORMALIZED_WAVEFORM_SNR_PS_OVER_PN,Bn_EQUALS_Rs,BCH-S200 / BLOCKAGE_M,BCH-S200|BLOCKAGE_M|#1f77b4|-.|o,true,
BLOCKAGE_M,BLOCKAGE_M,BCH-S200,200,200,285,0.70175438596491224,6.7,5.16185135655471,5000,17007,4507,0.017007000000000001,0.90139999999999998,0.098599999999999993,0.90139999999999998,0,0.019498245614035088,19.510240000000024,48.204960000000014,NORMALIZED_WAVEFORM_SNR_PS_OVER_PN,Bn_EQUALS_Rs,BCH-S200 / BLOCKAGE_M,BCH-S200|BLOCKAGE_M|#1f77b4|-.|o,true,
BLOCKAGE_M,BLOCKAGE_M,BCH-S200,200,200,285,0.70175438596491224,6.9,5.36185135655471,5000,16540,4478,0.016539999999999999,0.89559999999999995,0.10440000000000001,0.89559999999999995,0,0.018476491228070175,18.047640000000008,43.672400000000074,NORMALIZED_WAVEFORM_SNR_PS_OVER_PN,Bn_EQUALS_Rs,BCH-S200 / BLOCKAGE_M,BCH-S200|BLOCKAGE_M|#1f77b4|-.|o,true,
BLOCKAGE_M,BLOCKAGE_M,BCH-S200,200,200,285,0.70175438596491224,7.1,5.561851356554709,5000,16162,4405,0.016161999999999999,0.88100000000000001,0.11899999999999999,0.88100000000000001,0,0.017537543859649122,20.079020000000053,47.459620000000015,NORMALIZED_WAVEFORM_SNR_PS_OVER_PN,Bn_EQUALS_Rs,BCH-S200 / BLOCKAGE_M,BCH-S200|BLOCKAGE_M|#1f77b4|-.|o,true,
BLOCKAGE_M,BLOCKAGE_M,BCH-S200,200,200,285,0.70175438596491224,7.3,5.761851356554709,5000,15728,4403,0.015727999999999999,0.88060000000000005,0.11940000000000001,0.88060000000000005,0,0.01663017543859649,17.136580000000016,42.24221999999989,NORMALIZED_WAVEFORM_SNR_PS_OVER_PN,Bn_EQUALS_Rs,BCH-S200 / BLOCKAGE_M,BCH-S200|BLOCKAGE_M|#1f77b4|-.|o,true,
BLOCKAGE_M,BLOCKAGE_M,BCH-S200,200,200,285,0.70175438596491224,7.5,5.9618513565547095,5000,15253,4346,0.015252999999999999,0.86919999999999997,0.1308,0.86919999999999997,0,0.015851929824561403,18.722020000000022,44.086120000000022,NORMALIZED_WAVEFORM_SNR_PS_OVER_PN,Bn_EQUALS_Rs,BCH-S200 / BLOCKAGE_M,BCH-S200|BLOCKAGE_M|#1f77b4|-.|o,true,
BLOCKAGE_M,BLOCKAGE_M,BCH-S200,200,200,285,0.70175438596491224,7.7,6.16185135655471,5000,14705,4252,0.014704999999999999,0.85040000000000004,0.14960000000000001,0.85040000000000004,0,0.015105964912280702,18.695059999999952,45.067260000000047,NORMALIZED_WAVEFORM_SNR_PS_OVER_PN,Bn_EQUALS_Rs,BCH-S200 / BLOCKAGE_M,BCH-S200|BLOCKAGE_M|#1f77b4|-.|o,true,
BLOCKAGE_M,BLOCKAGE_M,BCH-S200,200,200,285,0.70175438596491224,7.9,6.36185135655471,5000,14389,4224,0.014389000000000001,0.8448,0.1552,0.8448,0,0.01444701754385965,19.55787999999999,45.649460000000083,NORMALIZED_WAVEFORM_SNR_PS_OVER_PN,Bn_EQUALS_Rs,BCH-S200 / BLOCKAGE_M,BCH-S200|BLOCKAGE_M|#1f77b4|-.|o,true,
BLOCKAGE_M,BLOCKAGE_M,BCH-S200,200,200,285,0.70175438596491224,8.1,6.561851356554709,5000,13862,4136,0.013861999999999999,0.82720000000000005,0.17280000000000001,0.82720000000000005,0,0.013799298245614036,22.508920000000046,50.342440000000011,NORMALIZED_WAVEFORM_SNR_PS_OVER_PN,Bn_EQUALS_Rs,BCH-S200 / BLOCKAGE_M,BCH-S200|BLOCKAGE_M|#1f77b4|-.|o,true,
BLOCKAGE_M,BLOCKAGE_M,BCH-S200,200,200,285,0.70175438596491224,8.3,6.76185135655471,5000,13714,4124,0.013714,0.82479999999999998,0.17519999999999999,0.82479999999999998,0,0.013359298245614035,19.115719999999953,45.584140000000041,NORMALIZED_WAVEFORM_SNR_PS_OVER_PN,Bn_EQUALS_Rs,BCH-S200 / BLOCKAGE_M,BCH-S200|BLOCKAGE_M|#1f77b4|-.|o,true,
BLOCKAGE_M,BLOCKAGE_M,BCH-S200,200,200,285,0.70175438596491224,8.5,6.9618513565547095,5000,12965,3994,0.012965000000000001,0.79879999999999995,0.20119999999999999,0.79879999999999995,0,0.012649122807017544,16.728039999999993,40.708759999999934,NORMALIZED_WAVEFORM_SNR_PS_OVER_PN,Bn_EQUALS_Rs,BCH-S200 / BLOCKAGE_M,BCH-S200|BLOCKAGE_M|#1f77b4|-.|o,true,
CFO_30_NO_COMPENSATION,CFO_30,BCH-S200,200,200,285,0.70175438596491224,5.3,3.7618513565547094,20000,1817119,17269,0.45427975,0.86345,0.13655,0.86345,0.0,0.45992315789473687,22.621295000000014,83.8275800000001,NORMALIZED_WAVEFORM_SNR_PS_OVER_PN,Bn_EQUALS_Rs,BCH-S200 / CFO_30_NO_COMPENSATION,BCH-S200|CFO_30_NO_COMPENSATION|#1f77b4|:|o,true,
CFO_30_NO_COMPENSATION,CFO_30,BCH-S200,200,200,285,0.70175438596491224,5.5,3.9618513565547095,20000,1815486,16897,0.4538715,0.84485,0.15515,0.84485,0.0,0.45962105263157893,25.310875000000035,90.55949499999996,NORMALIZED_WAVEFORM_SNR_PS_OVER_PN,Bn_EQUALS_Rs,BCH-S200 / CFO_30_NO_COMPENSATION,BCH-S200|CFO_30_NO_COMPENSATION|#1f77b4|:|o,true,
CFO_30_NO_COMPENSATION,CFO_30,BCH-S200,200,200,285,0.70175438596491224,5.7,4.16185135655471,20000,1813209,16612,0.45330225,0.8306,0.1694,0.8306,0.0,0.45923438596491234,23.41061499999999,85.04482499999997,NORMALIZED_WAVEFORM_SNR_PS_OVER_PN,Bn_EQUALS_Rs,BCH-S200 / CFO_30_NO_COMPENSATION,BCH-S200|CFO_30_NO_COMPENSATION|#1f77b4|:|o,true,
CFO_30_NO_COMPENSATION,CFO_30,BCH-S200,200,200,285,0.70175438596491224,5.9,4.36185135655471,20000,1815220,16307,0.453805,0.81535,0.18465,0.81535,0.0,0.45951140350877195,19.471515000000032,75.35543500000009,NORMALIZED_WAVEFORM_SNR_PS_OVER_PN,Bn_EQUALS_Rs,BCH-S200 / CFO_30_NO_COMPENSATION,BCH-S200|CFO_30_NO_COMPENSATION|#1f77b4|:|o,true,
CFO_30_NO_COMPENSATION,CFO_30,BCH-S200,200,200,285,0.70175438596491224,6.1,4.561851356554709,20000,1811131,16079,0.45278275,0.80395,0.19605,0.80395,0.0,0.45913087719298246,18.95357999999998,73.85478000000002,NORMALIZED_WAVEFORM_SNR_PS_OVER_PN,Bn_EQUALS_Rs,BCH-S200 / CFO_30_NO_COMPENSATION,BCH-S200|CFO_30_NO_COMPENSATION|#1f77b4|:|o,true,
CFO_30_NO_COMPENSATION,CFO_30,BCH-S200,200,200,285,0.70175438596491224,6.3,4.761851356554709,20000,1811163,15829,0.45279075,0.79145,0.20855,0.79145,0.0,0.4592482456140351,18.375024999999994,72.20885000000006,NORMALIZED_WAVEFORM_SNR_PS_OVER_PN,Bn_EQUALS_Rs,BCH-S200 / CFO_30_NO_COMPENSATION,BCH-S200|CFO_30_NO_COMPENSATION|#1f77b4|:|o,true,
CFO_30_NO_COMPENSATION,CFO_30,BCH-S200,200,200,285,0.70175438596491224,6.5,4.9618513565547095,20000,1809740,15629,0.452435,0.78145,0.21855,0.78145,0.0,0.4590594736842106,19.433720000000026,75.54689000000003,NORMALIZED_WAVEFORM_SNR_PS_OVER_PN,Bn_EQUALS_Rs,BCH-S200 / CFO_30_NO_COMPENSATION,BCH-S200|CFO_30_NO_COMPENSATION|#1f77b4|:|o,true,
CFO_30_NO_COMPENSATION,CFO_30,BCH-S200,200,200,285,0.70175438596491224,6.7,5.16185135655471,20000,1810088,15475,0.452522,0.77375,0.22625,0.77375,0.0,0.45943385964912276,20.28081499999999,78.56088999999993,NORMALIZED_WAVEFORM_SNR_PS_OVER_PN,Bn_EQUALS_Rs,BCH-S200 / CFO_30_NO_COMPENSATION,BCH-S200|CFO_30_NO_COMPENSATION|#1f77b4|:|o,true,
CFO_30_NO_COMPENSATION,CFO_30,BCH-S200,200,200,285,0.70175438596491224,6.9,5.36185135655471,20000,1808430,15359,0.4521075,0.76795,0.23205,0.76795,0.0,0.45918245614035097,27.39280500000002,96.75968000000003,NORMALIZED_WAVEFORM_SNR_PS_OVER_PN,Bn_EQUALS_Rs,BCH-S200 / CFO_30_NO_COMPENSATION,BCH-S200|CFO_30_NO_COMPENSATION|#1f77b4|:|o,true,
CFO_30_NO_COMPENSATION,CFO_30,BCH-S200,200,200,285,0.70175438596491224,7.1,5.561851356554709,20000,1809244,15283,0.452311,0.76415,0.23585,0.76415,0.0,0.45949929824561403,25.128665000000005,90.01940000000025,NORMALIZED_WAVEFORM_SNR_PS_OVER_PN,Bn_EQUALS_Rs,BCH-S200 / CFO_30_NO_COMPENSATION,BCH-S200|CFO_30_NO_COMPENSATION|#1f77b4|:|o,true,
CFO_30_NO_COMPENSATION,CFO_30,BCH-S200,200,200,285,0.70175438596491224,7.3,5.761851356554709,20053,1808644,15200,0.4509659402583155,0.7579913229940657,0.2420086770059343,0.7579913229940657,0.0,0.4581751341401426,26.52078990674715,93.86223009026075,NORMALIZED_WAVEFORM_SNR_PS_OVER_PN,Bn_EQUALS_Rs,BCH-S200 / CFO_30_NO_COMPENSATION,BCH-S200|CFO_30_NO_COMPENSATION|#1f77b4|:|o,true,
CFO_30_NO_COMPENSATION,CFO_30,BCH-S200,200,200,285,0.70175438596491224,7.5,5.9618513565547095,21691,1806338,15200,0.41637960444423955,0.700751463740722,0.29924853625927805,0.700751463740722,0.0,0.42375097764696645,22.577751141026216,84.55599096399426,NORMALIZED_WAVEFORM_SNR_PS_OVER_PN,Bn_EQUALS_Rs,BCH-S200 / CFO_30_NO_COMPENSATION,BCH-S200|CFO_30_NO_COMPENSATION|#1f77b4|:|o,true,
CFO_30_NO_COMPENSATION,CFO_30,BCH-S200,200,200,285,0.70175438596491224,7.7,6.16185135655471,24648,1808183,15200,0.3668011603375527,0.6166828951639078,0.38331710483609216,0.6166828951639078,0.0,0.3734963016108919,24.276943362544603,86.48585280753015,NORMALIZED_WAVEFORM_SNR_PS_OVER_PN,Bn_EQUALS_Rs,BCH-S200 / CFO_30_NO_COMPENSATION,BCH-S200|CFO_30_NO_COMPENSATION|#1f77b4|:|o,true,
CFO_30_NO_COMPENSATION,CFO_30,BCH-S200,200,200,285,0.70175438596491224,7.9,6.36185135655471,29953,1806885,15199,0.3016200380596267,0.5074283043434714,0.4925716956565286,0.5074283043434714,0.0,0.30768402661245303,21.331018595800096,81.09427770173276,NORMALIZED_WAVEFORM_SNR_PS_OVER_PN,Bn_EQUALS_Rs,BCH-S200 / CFO_30_NO_COMPENSATION,BCH-S200|CFO_30_NO_COMPENSATION|#1f77b4|:|o,true,
CFO_30_NO_COMPENSATION,CFO_30,BCH-S200,200,200,285,0.70175438596491224,8.1,6.561851356554709,36079,1807782,15200,0.2505310568474736,0.4212977078078661,0.578702292192134,0.4212977078078661,0.0,0.2557387954211591,18.937309792400047,74.28643532248662,NORMALIZED_WAVEFORM_SNR_PS_OVER_PN,Bn_EQUALS_Rs,BCH-S200 / CFO_30_NO_COMPENSATION,BCH-S200|CFO_30_NO_COMPENSATION|#1f77b4|:|o,true,
CFO_30_NO_COMPENSATION,CFO_30,BCH-S200,200,200,285,0.70175438596491224,8.3,6.76185135655471,47715,1807967,15197,0.18945478361102377,0.3184952321073038,0.6815047678926962,0.3184952321073038,0.0,0.193750172350083,17.833677040762886,70.75646023263141,NORMALIZED_WAVEFORM_SNR_PS_OVER_PN,Bn_EQUALS_Rs,BCH-S200 / CFO_30_NO_COMPENSATION,BCH-S200|CFO_30_NO_COMPENSATION|#1f77b4|:|o,true,
CFO_30_NO_COMPENSATION,CFO_30,BCH-S200,200,200,285,0.70175438596491224,8.5,6.9618513565547095,65000,1807494,15188,0.139038,0.23366153846153845,0.7663384615384615,0.23366153846153845,0.0,0.14248269905533065,24.5067261538461,90.66787692307747,NORMALIZED_WAVEFORM_SNR_PS_OVER_PN,Bn_EQUALS_Rs,BCH-S200 / CFO_30_NO_COMPENSATION,BCH-S200|CFO_30_NO_COMPENSATION|#1f77b4|:|o,true,
CFO_60_NO_COMPENSATION,CFO_60,BCH-S200,200,200,285,0.70175438596491224,5.3,3.7618513565547094,20000,2129819,19729,0.53245475,0.98645,0.01355,0.98645,0.0,0.5405266666666666,30.895275,101.07496500000008,NORMALIZED_WAVEFORM_SNR_PS_OVER_PN,Bn_EQUALS_Rs,BCH-S200 / CFO_60_NO_COMPENSATION,BCH-S200|CFO_60_NO_COMPENSATION|#1f77b4|-|o,true,
CFO_60_NO_COMPENSATION,CFO_60,BCH-S200,200,200,285,0.70175438596491224,5.5,3.9618513565547095,20000,2129514,19678,0.5323785,0.9839,0.0161,0.9839,0.0,0.540577894736842,29.470004999999922,101.53542499999989,NORMALIZED_WAVEFORM_SNR_PS_OVER_PN,Bn_EQUALS_Rs,BCH-S200 / CFO_60_NO_COMPENSATION,BCH-S200|CFO_60_NO_COMPENSATION|#1f77b4|-|o,true,
CFO_60_NO_COMPENSATION,CFO_60,BCH-S200,200,200,285,0.70175438596491224,5.7,4.16185135655471,20000,2128378,19569,0.5320945,0.97845,0.02155,0.97845,0.0,0.5404842105263158,27.923515000000002,100.03590000000007,NORMALIZED_WAVEFORM_SNR_PS_OVER_PN,Bn_EQUALS_Rs,BCH-S200 / CFO_60_NO_COMPENSATION,BCH-S200|CFO_60_NO_COMPENSATION|#1f77b4|-|o,true,
CFO_60_NO_COMPENSATION,CFO_60,BCH-S200,200,200,285,0.70175438596491224,5.9,4.36185135655471,20000,2129305,19415,0.53232625,0.97075,0.02925,0.97075,0.0,0.5408057894736843,22.418714999999985,85.17172499999998,NORMALIZED_WAVEFORM_SNR_PS_OVER_PN,Bn_EQUALS_Rs,BCH-S200 / CFO_60_NO_COMPENSATION,BCH-S200|CFO_60_NO_COMPENSATION|#1f77b4|-|o,true,
CFO_60_NO_COMPENSATION,CFO_60,BCH-S200,200,200,285,0.70175438596491224,6.1,4.561851356554709,20000,2127730,19254,0.5319325,0.9627,0.0373,0.9627,0.0,0.5407529824561403,23.52597000000004,86.42133999999999,NORMALIZED_WAVEFORM_SNR_PS_OVER_PN,Bn_EQUALS_Rs,BCH-S200 / CFO_60_NO_COMPENSATION,BCH-S200|CFO_60_NO_COMPENSATION|#1f77b4|-|o,true,
CFO_60_NO_COMPENSATION,CFO_60,BCH-S200,200,200,285,0.70175438596491224,6.3,4.761851356554709,20000,2128789,19038,0.53219725,0.9519,0.0481,0.9519,0.0,0.541160350877193,19.639180000000007,76.07496999999996,NORMALIZED_WAVEFORM_SNR_PS_OVER_PN,Bn_EQUALS_Rs,BCH-S200 / CFO_60_NO_COMPENSATION,BCH-S200|CFO_60_NO_COMPENSATION|#1f77b4|-|o,true,
CFO_60_NO_COMPENSATION,CFO_60,BCH-S200,200,200,285,0.70175438596491224,6.5,4.9618513565547095,20000,2127717,18863,0.53192925,0.94315,0.05685,0.94315,0.0,0.5410698245614036,17.61232999999999,70.91647500000006,NORMALIZED_WAVEFORM_SNR_PS_OVER_PN,Bn_EQUALS_Rs,BCH-S200 / CFO_60_NO_COMPENSATION,BCH-S200|CFO_60_NO_COMPENSATION|#1f77b4|-|o,true,
CFO_60_NO_COMPENSATION,CFO_60,BCH-S200,200,200,285,0.70175438596491224,6.7,5.16185135655471,20000,2129786,18687,0.5324465,0.93435,0.06565,0.93435,0.0,0.541678947368421,18.57407000000003,73.40925499999997,NORMALIZED_WAVEFORM_SNR_PS_OVER_PN,Bn_EQUALS_Rs,BCH-S200 / CFO_60_NO_COMPENSATION,BCH-S200|CFO_60_NO_COMPENSATION|#1f77b4|-|o,true,
CFO_60_NO_COMPENSATION,CFO_60,BCH-S200,200,200,285,0.70175438596491224,6.9,5.36185135655471,20000,2128665,18377,0.53216625,0.91885,0.08115,0.91885,0.0,0.5415059649122808,17.203439999999997,69.73952999999997,NORMALIZED_WAVEFORM_SNR_PS_OVER_PN,Bn_EQUALS_Rs,BCH-S200 / CFO_60_NO_COMPENSATION,BCH-S200|CFO_60_NO_COMPENSATION|#1f77b4|-|o,true,
CFO_60_NO_COMPENSATION,CFO_60,BCH-S200,200,200,285,0.70175438596491224,7.1,5.561851356554709,20000,2128728,18101,0.532182,0.90505,0.09495,0.90505,0.0,0.5418194736842105,22.309795,83.40251500000008,NORMALIZED_WAVEFORM_SNR_PS_OVER_PN,Bn_EQUALS_Rs,BCH-S200 / CFO_60_NO_COMPENSATION,BCH-S200|CFO_60_NO_COMPENSATION|#1f77b4|-|o,true,
CFO_60_NO_COMPENSATION,CFO_60,BCH-S200,200,200,285,0.70175438596491224,7.3,5.761851356554709,20000,2128608,17843,0.532152,0.89215,0.10785,0.89215,0.0,0.5418271929824561,29.904175000000023,105.26707500000005,NORMALIZED_WAVEFORM_SNR_PS_OVER_PN,Bn_EQUALS_Rs,BCH-S200 / CFO_60_NO_COMPENSATION,BCH-S200|CFO_60_NO_COMPENSATION|#1f77b4|-|o,true,
CFO_60_NO_COMPENSATION,CFO_60,BCH-S200,200,200,285,0.70175438596491224,7.5,5.9618513565547095,20000,2127899,17570,0.53197475,0.8785,0.1215,0.8785,0.0,0.5419101754385965,32.41739999999995,108.96026000000018,NORMALIZED_WAVEFORM_SNR_PS_OVER_PN,Bn_EQUALS_Rs,BCH-S200 / CFO_60_NO_COMPENSATION,BCH-S200|CFO_60_NO_COMPENSATION|#1f77b4|-|o,true,
CFO_60_NO_COMPENSATION,CFO_60,BCH-S200,200,200,285,0.70175438596491224,7.7,6.16185135655471,20000,2128217,17365,0.53205425,0.86825,0.13175,0.86825,0.0,0.5419622807017543,25.62200500000001,95.97967999999999,NORMALIZED_WAVEFORM_SNR_PS_OVER_PN,Bn_EQUALS_Rs,BCH-S200 / CFO_60_NO_COMPENSATION,BCH-S200|CFO_60_NO_COMPENSATION|#1f77b4|-|o,true,
CFO_60_NO_COMPENSATION,CFO_60,BCH-S200,200,200,285,0.70175438596491224,7.9,6.36185135655471,20000,2127638,17088,0.5319095,0.8544,0.1456,0.8544,0.0,0.5419301754385966,24.690284999999996,90.31674000000004,NORMALIZED_WAVEFORM_SNR_PS_OVER_PN,Bn_EQUALS_Rs,BCH-S200 / CFO_60_NO_COMPENSATION,BCH-S200|CFO_60_NO_COMPENSATION|#1f77b4|-|o,true,
CFO_60_NO_COMPENSATION,CFO_60,BCH-S200,200,200,285,0.70175438596491224,8.1,6.561851356554709,20000,2127747,16756,0.53193675,0.8378,0.1622,0.8378,0.0,0.5422342105263158,33.294520000000034,115.03774000000004,NORMALIZED_WAVEFORM_SNR_PS_OVER_PN,Bn_EQUALS_Rs,BCH-S200 / CFO_60_NO_COMPENSATION,BCH-S200|CFO_60_NO_COMPENSATION|#1f77b4|-|o,true,
CFO_60_NO_COMPENSATION,CFO_60,BCH-S200,200,200,285,0.70175438596491224,8.3,6.76185135655471,20000,2128362,16579,0.5320905,0.82895,0.17105,0.82895,0.0,0.5423487719298246,31.409665000000004,117.34733999999999,NORMALIZED_WAVEFORM_SNR_PS_OVER_PN,Bn_EQUALS_Rs,BCH-S200 / CFO_60_NO_COMPENSATION,BCH-S200|CFO_60_NO_COMPENSATION|#1f77b4|-|o,true,
CFO_60_NO_COMPENSATION,CFO_60,BCH-S200,200,200,285,0.70175438596491224,8.5,6.9618513565547095,20000,2127211,16276,0.53180275,0.8138,0.1862,0.8138,0.0,0.5423001754385965,23.573445000000007,88.81938500000001,NORMALIZED_WAVEFORM_SNR_PS_OVER_PN,Bn_EQUALS_Rs,BCH-S200 / CFO_60_NO_COMPENSATION,BCH-S200|CFO_60_NO_COMPENSATION|#1f77b4|-|o,true,
MULTIPATH_MMSE,FIXED_MULTIPATH_MMSE,BCH-S200,200,200,285,0.70175438596491224,8.0,6.4618513565547095,5000,8844,2621,0.0088439999999999994,0.5242,0.4758,0.5242,0,0.015606315789473683,15.779380000000002,30.536640000000094,NORMALIZED_WAVEFORM_SNR_PS_OVER_PN,Bn_EQUALS_Rs,BCH-S200 / MULTIPATH_MMSE,BCH-S200|MULTIPATH_MMSE|#1f77b4|--|o,true,
MULTIPATH_MMSE,FIXED_MULTIPATH_MMSE,BCH-S200,200,200,285,0.70175438596491224,8.2,6.661851356554709,5000,7917,2400,0.0079170000000000004,0.47999999999999998,0.52000000000000002,0.47999999999999998,0,0.014383157894736842,16.932439999999957,32.618019999999866,NORMALIZED_WAVEFORM_SNR_PS_OVER_PN,Bn_EQUALS_Rs,BCH-S200 / MULTIPATH_MMSE,BCH-S200|MULTIPATH_MMSE|#1f77b4|--|o,true,
MULTIPATH_MMSE,FIXED_MULTIPATH_MMSE,BCH-S200,200,200,285,0.70175438596491224,8.4,6.86185135655471,5000,6716,2163,0.0067159999999999997,0.43259999999999998,0.56740000000000002,0.43259999999999998,0,0.012903859649122808,23.332440000000013,42.239359999999941,NORMALIZED_WAVEFORM_SNR_PS_OVER_PN,Bn_EQUALS_Rs,BCH-S200 / MULTIPATH_MMSE,BCH-S200|MULTIPATH_MMSE|#1f77b4|--|o,true,
MULTIPATH_MMSE,FIXED_MULTIPATH_MMSE,BCH-S200,200,200,285,0.70175438596491224,8.6,7.061851356554709,5000,6104,1970,0.0061040000000000001,0.39400000000000002,0.60599999999999998,0.39400000000000002,0,0.01168280701754386,22.428720000000087,41.379000000000005,NORMALIZED_WAVEFORM_SNR_PS_OVER_PN,Bn_EQUALS_Rs,BCH-S200 / MULTIPATH_MMSE,BCH-S200|MULTIPATH_MMSE|#1f77b4|--|o,true,
MULTIPATH_MMSE,FIXED_MULTIPATH_MMSE,BCH-S200,200,200,285,0.70175438596491224,8.8,7.26185135655471,5000,5360,1761,0.0053600000000000002,0.35220000000000001,0.64780000000000004,0.35220000000000001,0,0.010612631578947368,16.64447999999997,31.858459999999894,NORMALIZED_WAVEFORM_SNR_PS_OVER_PN,Bn_EQUALS_Rs,BCH-S200 / MULTIPATH_MMSE,BCH-S200|MULTIPATH_MMSE|#1f77b4|--|o,true,
MULTIPATH_MMSE,FIXED_MULTIPATH_MMSE,BCH-S200,200,200,285,0.70175438596491224,9.0,7.4618513565547095,5000,4557,1548,0.0045570000000000003,0.30959999999999999,0.69040000000000001,0.30959999999999999,0,0.0094491228070175438,19.654659999999982,36.970659999999995,NORMALIZED_WAVEFORM_SNR_PS_OVER_PN,Bn_EQUALS_Rs,BCH-S200 / MULTIPATH_MMSE,BCH-S200|MULTIPATH_MMSE|#1f77b4|--|o,true,
MULTIPATH_MMSE,FIXED_MULTIPATH_MMSE,BCH-S200,200,200,285,0.70175438596491224,9.2,7.661851356554709,5000,4148,1436,0.0041479999999999998,0.28720000000000001,0.71279999999999999,0.28720000000000001,0,0.0086329824561403503,17.522679999999983,33.791620000000044,NORMALIZED_WAVEFORM_SNR_PS_OVER_PN,Bn_EQUALS_Rs,BCH-S200 / MULTIPATH_MMSE,BCH-S200|MULTIPATH_MMSE|#1f77b4|--|o,true,
MULTIPATH_MMSE,FIXED_MULTIPATH_MMSE,BCH-S200,200,200,285,0.70175438596491224,9.4,7.86185135655471,5000,3388,1248,0.003388,0.24959999999999999,0.75039999999999996,0.24959999999999999,0,0.0075424561403508771,22.885420000000011,41.065320000000028,NORMALIZED_WAVEFORM_SNR_PS_OVER_PN,Bn_EQUALS_Rs,BCH-S200 / MULTIPATH_MMSE,BCH-S200|MULTIPATH_MMSE|#1f77b4|--|o,true,
MULTIPATH_MMSE,FIXED_MULTIPATH_MMSE,BCH-S200,200,200,285,0.70175438596491224,9.6,8.061851356554708,5000,3168,1147,0.0031679999999999998,0.22939999999999999,0.77059999999999995,0.22939999999999999,0,0.0068603508771929826,16.507180000000009,31.980420000000077,NORMALIZED_WAVEFORM_SNR_PS_OVER_PN,Bn_EQUALS_Rs,BCH-S200 / MULTIPATH_MMSE,BCH-S200|MULTIPATH_MMSE|#1f77b4|--|o,true,
MULTIPATH_MMSE,FIXED_MULTIPATH_MMSE,BCH-S200,200,200,285,0.70175438596491224,9.8,8.261851356554711,5000,2872,1046,0.002872,0.2092,0.79079999999999995,0.2092,0,0.0061971929824561406,16.327759999999941,31.331359999999997,NORMALIZED_WAVEFORM_SNR_PS_OVER_PN,Bn_EQUALS_Rs,BCH-S200 / MULTIPATH_MMSE,BCH-S200|MULTIPATH_MMSE|#1f77b4|--|o,true,
MULTIPATH_MMSE,FIXED_MULTIPATH_MMSE,BCH-S200,200,200,285,0.70175438596491224,10.0,8.46185135655471,5000,2580,964,0.0025799999999999998,0.1928,0.80720000000000003,0.1928,0,0.0055094736842105259,15.19540000000003,30.145660000000039,NORMALIZED_WAVEFORM_SNR_PS_OVER_PN,Bn_EQUALS_Rs,BCH-S200 / MULTIPATH_MMSE,BCH-S200|MULTIPATH_MMSE|#1f77b4|--|o,true,
MULTIPATH_MMSE,FIXED_MULTIPATH_MMSE,BCH-S200,200,200,285,0.70175438596491224,10.2,8.66185135655471,5000,2061,772,0.0020609999999999999,0.15440000000000001,0.84560000000000002,0.15440000000000001,0,0.0048098245614035086,16.771739999999973,32.340119999999899,NORMALIZED_WAVEFORM_SNR_PS_OVER_PN,Bn_EQUALS_Rs,BCH-S200 / MULTIPATH_MMSE,BCH-S200|MULTIPATH_MMSE|#1f77b4|--|o,true,
MULTIPATH_MMSE,FIXED_MULTIPATH_MMSE,BCH-S200,200,200,285,0.70175438596491224,10.4,8.861851356554709,5000,1829,705,0.0018289999999999999,0.14099999999999999,0.85899999999999999,0.14099999999999999,0,0.0043108771929824558,20.050620000000027,37.735679999999945,NORMALIZED_WAVEFORM_SNR_PS_OVER_PN,Bn_EQUALS_Rs,BCH-S200 / MULTIPATH_MMSE,BCH-S200|MULTIPATH_MMSE|#1f77b4|--|o,true,
MULTIPATH_MMSE,FIXED_MULTIPATH_MMSE,BCH-S200,200,200,285,0.70175438596491224,10.6,9.061851356554708,5000,1625,628,0.0016249999999999999,0.12559999999999999,0.87439999999999996,0.12559999999999999,0,0.0037901754385964914,14.620860000000018,29.201999999999995,NORMALIZED_WAVEFORM_SNR_PS_OVER_PN,Bn_EQUALS_Rs,BCH-S200 / MULTIPATH_MMSE,BCH-S200|MULTIPATH_MMSE|#1f77b4|--|o,true,
MULTIPATH_MMSE,FIXED_MULTIPATH_MMSE,BCH-S200,200,200,285,0.70175438596491224,10.8,9.261851356554711,5000,1350,536,0.0013500000000000001,0.1072,0.89280000000000004,0.1072,0,0.0033473684210526314,16.044099999999982,31.174519999999962,NORMALIZED_WAVEFORM_SNR_PS_OVER_PN,Bn_EQUALS_Rs,BCH-S200 / MULTIPATH_MMSE,BCH-S200|MULTIPATH_MMSE|#1f77b4|--|o,true,
MULTIPATH_MMSE,FIXED_MULTIPATH_MMSE,BCH-S200,200,200,285,0.70175438596491224,11.0,9.46185135655471,5000,1179,457,0.0011789999999999999,0.091399999999999995,0.90859999999999996,0.091399999999999995,0,0.0028849122807017543,14.219100000000006,28.443600000000018,NORMALIZED_WAVEFORM_SNR_PS_OVER_PN,Bn_EQUALS_Rs,BCH-S200 / MULTIPATH_MMSE,BCH-S200|MULTIPATH_MMSE|#1f77b4|--|o,true,
MULTIPATH_MMSE,FIXED_MULTIPATH_MMSE,BCH-S200,200,200,285,0.70175438596491224,11.2,9.66185135655471,5000,981,384,0.0009810000000000001,0.076799999999999993,0.92320000000000002,0.076799999999999993,0,0.0024280701754385964,19.492759999999983,36.849739999999912,NORMALIZED_WAVEFORM_SNR_PS_OVER_PN,Bn_EQUALS_Rs,BCH-S200 / MULTIPATH_MMSE,BCH-S200|MULTIPATH_MMSE|#1f77b4|--|o,true,
MULTIPATH_MMSE,FIXED_MULTIPATH_MMSE,BCH-S200,200,200,285,0.70175438596491224,11.4,9.861851356554709,5000,790,310,0.00079000000000000001,0.062,0.93799999999999994,0.062,0,0.0021178947368421051,15.252600000000072,30.12748000000007,NORMALIZED_WAVEFORM_SNR_PS_OVER_PN,Bn_EQUALS_Rs,BCH-S200 / MULTIPATH_MMSE,BCH-S200|MULTIPATH_MMSE|#1f77b4|--|o,true,
MULTIPATH_MMSE,FIXED_MULTIPATH_MMSE,BCH-S200,200,200,285,0.70175438596491224,11.6,10.061851356554708,5000,738,284,0.00073800000000000005,0.056800000000000003,0.94320000000000004,0.056800000000000003,0,0.0019003508771929824,13.428619999999992,27.28840000000001,NORMALIZED_WAVEFORM_SNR_PS_OVER_PN,Bn_EQUALS_Rs,BCH-S200 / MULTIPATH_MMSE,BCH-S200|MULTIPATH_MMSE|#1f77b4|--|o,true,
MULTIPATH_MMSE,FIXED_MULTIPATH_MMSE,BCH-S200,200,200,285,0.70175438596491224,11.8,10.261851356554711,5000,632,250,0.00063199999999999997,0.050000000000000003,0.94999999999999996,0.050000000000000003,0,0.0016926315789473683,16.220140000000008,32.031160000000021,NORMALIZED_WAVEFORM_SNR_PS_OVER_PN,Bn_EQUALS_Rs,BCH-S200 / MULTIPATH_MMSE,BCH-S200|MULTIPATH_MMSE|#1f77b4|--|o,true,
MULTIPATH_MMSE,FIXED_MULTIPATH_MMSE,BCH-S200,200,200,285,0.70175438596491224,12.0,10.46185135655471,5000,561,227,0.00056099999999999998,0.045400000000000003,0.9546,0.045400000000000003,0,0.0014519298245614036,14.551039999999961,28.559379999999976,NORMALIZED_WAVEFORM_SNR_PS_OVER_PN,Bn_EQUALS_Rs,BCH-S200 / MULTIPATH_MMSE,BCH-S200|MULTIPATH_MMSE|#1f77b4|--|o,true,
MULTIPATH_MMSE,FIXED_MULTIPATH_MMSE,BCH-S200,200,200,285,0.70175438596491224,12.2,10.66185135655471,6058,493,200,0.00040689996698580388,0.033014196104324857,0.96698580389567512,0.033014196104324857,0,0.0012018325774820016,14.664856388247008,29.266573126444481,NORMALIZED_WAVEFORM_SNR_PS_OVER_PN,Bn_EQUALS_Rs,BCH-S200 / MULTIPATH_MMSE,BCH-S200|MULTIPATH_MMSE|#1f77b4|--|o,true,
MULTIPATH_MMSE,FIXED_MULTIPATH_MMSE,BCH-S200,200,200,285,0.70175438596491224,12.4,10.861851356554709,6626,470,200,0.00035466344702686389,0.030184123151222458,0.96981587684877757,0.030184123151222458,0,0.00099342833388935668,17.30984002414737,33.546257168729142,NORMALIZED_WAVEFORM_SNR_PS_OVER_PN,Bn_EQUALS_Rs,BCH-S200 / MULTIPATH_MMSE,BCH-S200|MULTIPATH_MMSE|#1f77b4|--|o,true,
MULTIPATH_MMSE,FIXED_MULTIPATH_MMSE,BCH-S200,200,200,285,0.70175438596491224,12.6,11.061851356554708,7915,493,200,0.00031143398610233733,0.025268477574226154,0.97473152242577388,0.025268477574226154,0,0.0008728707428710754,13.952040429564113,28.105281111813049,NORMALIZED_WAVEFORM_SNR_PS_OVER_PN,Bn_EQUALS_Rs,BCH-S200 / MULTIPATH_MMSE,BCH-S200|MULTIPATH_MMSE|#1f77b4|--|o,true,
MULTIPATH_MMSE,FIXED_MULTIPATH_MMSE,BCH-S200,200,200,285,0.70175438596491224,12.8,11.261851356554711,9649,500,200,0.00025909420665353925,0.020727536532283139,0.9792724634677169,0.020727536532283139,0,0.0007531004940062873,13.04754896880508,26.707327184164154,NORMALIZED_WAVEFORM_SNR_PS_OVER_PN,Bn_EQUALS_Rs,BCH-S200 / MULTIPATH_MMSE,BCH-S200|MULTIPATH_MMSE|#1f77b4|--|o,true,
MULTIPATH_MMSE,FIXED_MULTIPATH_MMSE,BCH-S200,200,200,285,0.70175438596491224,13.0,11.46185135655471,10067,483,200,0.00023989271878414623,0.019866891824774014,0.98013310817522603,0.019866891824774014,0,0.00065316763648467547,14.280162908512954,28.547998410648582,NORMALIZED_WAVEFORM_SNR_PS_OVER_PN,Bn_EQUALS_Rs,BCH-S200 / MULTIPATH_MMSE,BCH-S200|MULTIPATH_MMSE|#1f77b4|--|o,true,
MULTIPATH_MMSE,FIXED_MULTIPATH_MMSE,BCH-S200,200,200,285,0.70175438596491224,13.2,11.66185135655471,13095,482,200,0.00018403970981290568,0.015273004963726614,0.98472699503627337,0.015273004963726614,0,0.00053294748899740765,13.638846888125235,27.574738449790065,NORMALIZED_WAVEFORM_SNR_PS_OVER_PN,Bn_EQUALS_Rs,BCH-S200 / MULTIPATH_MMSE,BCH-S200|MULTIPATH_MMSE|#1f77b4|--|o,true,
MULTIPATH_MMSE,FIXED_MULTIPATH_MMSE,BCH-S200,200,200,285,0.70175438596491224,13.4,11.861851356554709,16131,489,200,0.00015157150827599034,0.012398487384539086,0.98760151261546092,0.012398487384539086,0,0.00044156016474762008,13.4763250883392,27.282983076064642,NORMALIZED_WAVEFORM_SNR_PS_OVER_PN,Bn_EQUALS_Rs,BCH-S200 / MULTIPATH_MMSE,BCH-S200|MULTIPATH_MMSE|#1f77b4|--|o,true,
MULTIPATH_MMSE,FIXED_MULTIPATH_MMSE,BCH-S200,200,200,285,0.70175438596491224,13.6,12.061851356554708,21333,488,200,0.00011437678713729902,0.0093751464866638542,0.99062485351333618,0.0093751464866638542,0,0.0003718808106376662,13.583982562227501,27.596517133080166,NORMALIZED_WAVEFORM_SNR_PS_OVER_PN,Bn_EQUALS_Rs,BCH-S200 / MULTIPATH_MMSE,BCH-S200|MULTIPATH_MMSE|#1f77b4|--|o,true,
MULTIPATH_MMSE,FIXED_MULTIPATH_MMSE,BCH-S200,200,200,285,0.70175438596491224,13.8,12.261851356554711,24391,494,200,0.00010126686072731745,0.0081997458078799552,0.99180025419212003,0.0081997458078799552,0,0.00031331660297478144,14.083182321348001,28.424090853183532,NORMALIZED_WAVEFORM_SNR_PS_OVER_PN,Bn_EQUALS_Rs,BCH-S200 / MULTIPATH_MMSE,BCH-S200|MULTIPATH_MMSE|#1f77b4|--|o,true,
MULTIPATH_MMSE,FIXED_MULTIPATH_MMSE,BCH-S200,200,200,285,0.70175438596491224,14.0,12.46185135655471,29757,481,200,8.0821319353429447e-05,0.0067211076385388308,0.99327889236146116,0.0067211076385388308,0,0.00025728871697003032,13.855260947004112,27.94657727593502,NORMALIZED_WAVEFORM_SNR_PS_OVER_PN,Bn_EQUALS_Rs,BCH-S200 / MULTIPATH_MMSE,BCH-S200|MULTIPATH_MMSE|#1f77b4|--|o,true,
MULTIPATH_MMSE,FIXED_MULTIPATH_MMSE,BCH-S200,200,200,285,0.70175438596491224,14.2,12.66185135655471,36675,484,200,6.5985003408316285e-05,0.0054533060668029995,0.99454669393319695,0.0054533060668029995,0,0.00021669716212822444,16.547217450579343,32.072668029993416,NORMALIZED_WAVEFORM_SNR_PS_OVER_PN,Bn_EQUALS_Rs,BCH-S200 / MULTIPATH_MMSE,BCH-S200|MULTIPATH_MMSE|#1f77b4|--|o,true,
MULTIPATH_MMSE,FIXED_MULTIPATH_MMSE,BCH-S200,200,200,285,0.70175438596491224,14.4,12.861851356554709,48973,504,200,5.1456925244522495e-05,0.0040838829559144835,0.99591611704408556,0.0040838829559144835,0,0.00017009014276036814,17.063238927572307,32.865044003838726,NORMALIZED_WAVEFORM_SNR_PS_OVER_PN,Bn_EQUALS_Rs,BCH-S200 / MULTIPATH_MMSE,BCH-S200|MULTIPATH_MMSE|#1f77b4|--|o,true,
MULTIPATH_MMSE,FIXED_MULTIPATH_MMSE,BCH-S200,200,200,285,0.70175438596491224,14.6,13.061851356554708,50000,389,163,3.8899999999999997e-05,0.0032599999999999999,0.99673999999999996,0.0032599999999999999,0,0.00014189473684210526,17.437844000000045,33.402821999999667,NORMALIZED_WAVEFORM_SNR_PS_OVER_PN,Bn_EQUALS_Rs,BCH-S200 / MULTIPATH_MMSE,BCH-S200|MULTIPATH_MMSE|#1f77b4|--|o,true,
MULTIPATH_MMSE,FIXED_MULTIPATH_MMSE,BCH-S200,200,200,285,0.70175438596491224,14.8,13.261851356554711,50000,333,140,3.3300000000000003e-05,0.0028,0.99719999999999998,0.0028,0,0.00011382456140350878,17.905882000000009,34.193267999999556,NORMALIZED_WAVEFORM_SNR_PS_OVER_PN,Bn_EQUALS_Rs,BCH-S200 / MULTIPATH_MMSE,BCH-S200|MULTIPATH_MMSE|#1f77b4|--|o,true,
MULTIPATH_MMSE,FIXED_MULTIPATH_MMSE,BCH-S200,200,200,285,0.70175438596491224,15.0,13.46185135655471,50000,236,102,2.3600000000000001e-05,0.0020400000000000001,0.99795999999999996,0.0020400000000000001,0,8.9894736842105266e-05,16.402256000000207,31.893877999999802,NORMALIZED_WAVEFORM_SNR_PS_OVER_PN,Bn_EQUALS_Rs,BCH-S200 / MULTIPATH_MMSE,BCH-S200|MULTIPATH_MMSE|#1f77b4|--|o,true,
MULTIPATH_MMSE,FIXED_MULTIPATH_MMSE,BCH-S200,200,200,285,0.70175438596491224,15.2,13.66185135655471,50000,211,88,2.1100000000000001e-05,0.0017600000000000001,0.99824000000000002,0.0017600000000000001,0,7.7964912280701761e-05,16.485550000000032,31.879167999999815,NORMALIZED_WAVEFORM_SNR_PS_OVER_PN,Bn_EQUALS_Rs,BCH-S200 / MULTIPATH_MMSE,BCH-S200|MULTIPATH_MMSE|#1f77b4|--|o,true,
MULTIPATH_MMSE,FIXED_MULTIPATH_MMSE,BCH-S200,200,200,285,0.70175438596491224,15.4,13.861851356554709,50000,161,68,1.6099999999999998e-05,0.0013600000000000001,0.99863999999999997,0.0013600000000000001,0,5.3684210526315791e-05,14.944866000000022,29.720082000000424,NORMALIZED_WAVEFORM_SNR_PS_OVER_PN,Bn_EQUALS_Rs,BCH-S200 / MULTIPATH_MMSE,BCH-S200|MULTIPATH_MMSE|#1f77b4|--|o,true,
MULTIPATH_MMSE,FIXED_MULTIPATH_MMSE,BCH-S200,200,200,285,0.70175438596491224,15.6,14.061851356554708,50000,100,45,1.0000000000000001e-05,0.00089999999999999998,0.99909999999999999,0.00089999999999999998,0,4.4421052631578946e-05,15.264880000000174,30.247442000000277,NORMALIZED_WAVEFORM_SNR_PS_OVER_PN,Bn_EQUALS_Rs,BCH-S200 / MULTIPATH_MMSE,BCH-S200|MULTIPATH_MMSE|#1f77b4|--|o,true,
MULTIPATH_MMSE,FIXED_MULTIPATH_MMSE,BCH-S200,200,200,285,0.70175438596491224,15.8,14.261851356554711,50000,79,32,7.9000000000000006e-06,0.00064000000000000005,0.99936000000000003,0.00064000000000000005,0,3.410526315789474e-05,17.499929999999978,33.683993999999892,NORMALIZED_WAVEFORM_SNR_PS_OVER_PN,Bn_EQUALS_Rs,BCH-S200 / MULTIPATH_MMSE,BCH-S200|MULTIPATH_MMSE|#1f77b4|--|o,true,
MULTIPATH_MMSE,FIXED_MULTIPATH_MMSE,BCH-S200,200,200,285,0.70175438596491224,16.0,14.46185135655471,50000,80,37,7.9999999999999996e-06,0.00073999999999999999,0.99926000000000004,0.00073999999999999999,0,2.8280701754385965e-05,16.881726000000004,32.729923999999563,NORMALIZED_WAVEFORM_SNR_PS_OVER_PN,Bn_EQUALS_Rs,BCH-S200 / MULTIPATH_MMSE,BCH-S200|MULTIPATH_MMSE|#1f77b4|--|o,true,
AWGN,AWGN,BCH-S300,300,300,420,0.7142857142857143,5.0,3.53871964321762,5000,7920,2575,0.00528,0.51500000000000001,0.48499999999999999,0.51500000000000001,0,,18.750779999999988,18.750779999999988,NORMALIZED_WAVEFORM_SNR_PS_OVER_PN,Bn_EQUALS_Rs,BCH-S300 / AWGN,BCH-S300|AWGN|#2ca02c|-|^,true,
AWGN,AWGN,BCH-S300,300,300,420,0.7142857142857143,5.2,3.73871964321762,5000,6009,2114,0.004006,0.42280000000000001,0.57720000000000005,0.42280000000000001,0,,21.906660000000009,21.906660000000009,NORMALIZED_WAVEFORM_SNR_PS_OVER_PN,Bn_EQUALS_Rs,BCH-S300 / AWGN,BCH-S300|AWGN|#2ca02c|-|^,true,
AWGN,AWGN,BCH-S300,300,300,420,0.7142857142857143,5.4,3.9387196432176204,5000,4815,1784,0.0032100000000000002,0.35680000000000001,0.64319999999999999,0.35680000000000001,0,,19.805919999999947,19.805919999999947,NORMALIZED_WAVEFORM_SNR_PS_OVER_PN,Bn_EQUALS_Rs,BCH-S300 / AWGN,BCH-S300|AWGN|#2ca02c|-|^,true,
AWGN,AWGN,BCH-S300,300,300,420,0.7142857142857143,5.6,4.13871964321762,5000,3889,1497,0.0025926666666666667,0.2994,0.7006,0.2994,0,,19.395899999999987,19.395899999999987,NORMALIZED_WAVEFORM_SNR_PS_OVER_PN,Bn_EQUALS_Rs,BCH-S300 / AWGN,BCH-S300|AWGN|#2ca02c|-|^,true,
AWGN,AWGN,BCH-S300,300,300,420,0.7142857142857143,5.8,4.33871964321762,5000,2811,1116,0.001874,0.22320000000000001,0.77680000000000005,0.22320000000000001,0,,18.871220000000054,18.871220000000054,NORMALIZED_WAVEFORM_SNR_PS_OVER_PN,Bn_EQUALS_Rs,BCH-S300 / AWGN,BCH-S300|AWGN|#2ca02c|-|^,true,
AWGN,AWGN,BCH-S300,300,300,420,0.7142857142857143,6.0,4.53871964321762,5000,2148,888,0.0014319999999999999,0.17760000000000001,0.82240000000000002,0.17760000000000001,0,,20.253779999999985,20.253779999999985,NORMALIZED_WAVEFORM_SNR_PS_OVER_PN,Bn_EQUALS_Rs,BCH-S300 / AWGN,BCH-S300|AWGN|#2ca02c|-|^,true,
AWGN,AWGN,BCH-S300,300,300,420,0.7142857142857143,6.2,4.73871964321762,5000,1584,687,0.0010560000000000001,0.13739999999999999,0.86260000000000003,0.13739999999999999,0,,19.662420000000079,19.662420000000079,NORMALIZED_WAVEFORM_SNR_PS_OVER_PN,Bn_EQUALS_Rs,BCH-S300 / AWGN,BCH-S300|AWGN|#2ca02c|-|^,true,
AWGN,AWGN,BCH-S300,300,300,420,0.7142857142857143,6.4,4.93871964321762,5000,1198,511,0.00079866666666666671,0.1022,0.89780000000000004,0.1022,0,,18.534860000000002,18.534860000000002,NORMALIZED_WAVEFORM_SNR_PS_OVER_PN,Bn_EQUALS_Rs,BCH-S300 / AWGN,BCH-S300|AWGN|#2ca02c|-|^,true,
AWGN,AWGN,BCH-S300,300,300,420,0.7142857142857143,6.6,5.13871964321762,5000,834,374,0.00055599999999999996,0.074800000000000005,0.92520000000000002,0.074800000000000005,0,,18.232179999999989,18.232179999999989,NORMALIZED_WAVEFORM_SNR_PS_OVER_PN,Bn_EQUALS_Rs,BCH-S300 / AWGN,BCH-S300|AWGN|#2ca02c|-|^,true,
AWGN,AWGN,BCH-S300,300,300,420,0.7142857142857143,6.8,5.33871964321762,5000,660,288,0.00044000000000000002,0.057599999999999998,0.94240000000000002,0.057599999999999998,0,,17.516700000000007,17.516700000000007,NORMALIZED_WAVEFORM_SNR_PS_OVER_PN,Bn_EQUALS_Rs,BCH-S300 / AWGN,BCH-S300|AWGN|#2ca02c|-|^,true,
AWGN,AWGN,BCH-S300,300,300,420,0.7142857142857143,7.0,5.53871964321762,5000,456,201,0.00030400000000000002,0.0402,0.95979999999999999,0.0402,0,,18.622340000000001,18.622340000000001,NORMALIZED_WAVEFORM_SNR_PS_OVER_PN,Bn_EQUALS_Rs,BCH-S300 / AWGN,BCH-S300|AWGN|#2ca02c|-|^,true,
AWGN,AWGN,BCH-S300,300,300,420,0.7142857142857143,7.2,5.73871964321762,8012,433,200,0.0001801464469961724,0.024962556165751371,0.97503744383424862,0.024962556165751371,0,,18.265589116325515,18.265589116325515,NORMALIZED_WAVEFORM_SNR_PS_OVER_PN,Bn_EQUALS_Rs,BCH-S300 / AWGN,BCH-S300|AWGN|#2ca02c|-|^,true,
AWGN,AWGN,BCH-S300,300,300,420,0.7142857142857143,7.4,5.93871964321762,12028,453,200,0.00012554040571998671,0.016627868307283005,0.98337213169271698,0.016627868307283005,0,,17.773744595942794,17.773744595942794,NORMALIZED_WAVEFORM_SNR_PS_OVER_PN,Bn_EQUALS_Rs,BCH-S300 / AWGN,BCH-S300|AWGN|#2ca02c|-|^,true,
AWGN,AWGN,BCH-S300,300,300,420,0.7142857142857143,7.6,6.13871964321762,16211,432,200,8.8828573191043116e-05,0.012337301832089321,0.98766269816791064,0.012337301832089321,0,,18.015020664980504,18.015020664980504,NORMALIZED_WAVEFORM_SNR_PS_OVER_PN,Bn_EQUALS_Rs,BCH-S300 / AWGN,BCH-S300|AWGN|#2ca02c|-|^,true,
AWGN,AWGN,BCH-S300,300,300,420,0.7142857142857143,7.8,6.33871964321762,23806,418,200,5.8528662242011818e-05,0.0084012433840208352,0.99159875661597918,0.0084012433840208352,0,,18.846521885238772,18.846521885238772,NORMALIZED_WAVEFORM_SNR_PS_OVER_PN,Bn_EQUALS_Rs,BCH-S300 / AWGN,BCH-S300|AWGN|#2ca02c|-|^,true,
AWGN,AWGN,BCH-S300,300,300,420,0.7142857142857143,8.0,6.53871964321762,35919,436,200,4.0461408539584437e-05,0.0055680837439795097,0.99443191625602045,0.0055680837439795097,0,,22.159948773629608,22.159948773629608,NORMALIZED_WAVEFORM_SNR_PS_OVER_PN,Bn_EQUALS_Rs,BCH-S300 / AWGN,BCH-S300|AWGN|#2ca02c|-|^,true,
AWGN,AWGN,BCH-S300,300,300,420,0.7142857142857143,8.2,6.738719643217619,50000,335,157,2.2333333333333332e-05,0.00314,0.99685999999999997,0.00314,0,,25.734598000000013,25.734598000000013,NORMALIZED_WAVEFORM_SNR_PS_OVER_PN,Bn_EQUALS_Rs,BCH-S300 / AWGN,BCH-S300|AWGN|#2ca02c|-|^,true,
AWGN,AWGN,BCH-S300,300,300,420,0.7142857142857143,8.4,6.93871964321762,50000,225,102,1.5e-05,0.0020400000000000001,0.99795999999999996,0.0020400000000000001,0,,26.142934000000164,26.142934000000164,NORMALIZED_WAVEFORM_SNR_PS_OVER_PN,Bn_EQUALS_Rs,BCH-S300 / AWGN,BCH-S300|AWGN|#2ca02c|-|^,true,
AWGN,AWGN,BCH-S300,300,300,420,0.7142857142857143,8.6,7.13871964321762,50000,131,58,8.7333333333333333e-06,0.00116,0.99883999999999995,0.00116,0,,23.884217999999994,23.884217999999994,NORMALIZED_WAVEFORM_SNR_PS_OVER_PN,Bn_EQUALS_Rs,BCH-S300 / AWGN,BCH-S300|AWGN|#2ca02c|-|^,true,
AWGN,AWGN,BCH-S300,300,300,420,0.7142857142857143,8.8,7.338719643217621,50000,84,36,5.5999999999999997e-06,0.00072000000000000005,0.99927999999999995,0.00072000000000000005,0,,20.04102399999994,20.04102399999994,NORMALIZED_WAVEFORM_SNR_PS_OVER_PN,Bn_EQUALS_Rs,BCH-S300 / AWGN,BCH-S300|AWGN|#2ca02c|-|^,true,
AWGN,AWGN,BCH-S300,300,300,420,0.7142857142857143,9.0,7.53871964321762,50000,51,23,3.4000000000000001e-06,0.00046000000000000001,0.99953999999999998,0.00046000000000000001,0,,21.271248000000092,21.271248000000092,NORMALIZED_WAVEFORM_SNR_PS_OVER_PN,Bn_EQUALS_Rs,BCH-S300 / AWGN,BCH-S300|AWGN|#2ca02c|-|^,true,
BLOCKAGE_H,BLOCKAGE_H,BCH-S300,300,300,420,0.7142857142857143,5.4,3.9387196432176204,5000,55609,4999,0.037072666666666663,0.99980000000000002,0.00020000000000000001,0.99980000000000002,0,0.043443333333333334,26.01032,62.869580000000177,NORMALIZED_WAVEFORM_SNR_PS_OVER_PN,Bn_EQUALS_Rs,BCH-S300 / BLOCKAGE_H,BCH-S300|BLOCKAGE_H|#2ca02c|--|^,true,
BLOCKAGE_H,BLOCKAGE_H,BCH-S300,300,300,420,0.7142857142857143,5.6,4.13871964321762,5000,54574,5000,0.036382666666666667,1,0,1,0,0.041925714285714288,21.726919999999943,55.554059999999808,NORMALIZED_WAVEFORM_SNR_PS_OVER_PN,Bn_EQUALS_Rs,BCH-S300 / BLOCKAGE_H,BCH-S300|BLOCKAGE_H|#2ca02c|--|^,true,
BLOCKAGE_H,BLOCKAGE_H,BCH-S300,300,300,420,0.7142857142857143,5.8,4.33871964321762,5000,53142,5000,0.035428000000000001,1,0,1,0,0.040269523809523811,25.490240000000039,62.150700000000043,NORMALIZED_WAVEFORM_SNR_PS_OVER_PN,Bn_EQUALS_Rs,BCH-S300 / BLOCKAGE_H,BCH-S300|BLOCKAGE_H|#2ca02c|--|^,true,
BLOCKAGE_H,BLOCKAGE_H,BCH-S300,300,300,420,0.7142857142857143,6.0,4.53871964321762,5000,52098,5000,0.034731999999999999,1,0,1,0,0.038794285714285712,24.04959999999997,60.196859999999973,NORMALIZED_WAVEFORM_SNR_PS_OVER_PN,Bn_EQUALS_Rs,BCH-S300 / BLOCKAGE_H,BCH-S300|BLOCKAGE_H|#2ca02c|--|^,true,
BLOCKAGE_H,BLOCKAGE_H,BCH-S300,300,300,420,0.7142857142857143,6.2,4.73871964321762,5000,51419,5000,0.034279333333333335,1,0,1,0,0.03762095238095238,34.741059999999926,78.606919999999874,NORMALIZED_WAVEFORM_SNR_PS_OVER_PN,Bn_EQUALS_Rs,BCH-S300 / BLOCKAGE_H,BCH-S300|BLOCKAGE_H|#2ca02c|--|^,true,
BLOCKAGE_H,BLOCKAGE_H,BCH-S300,300,300,420,0.7142857142857143,6.4,4.93871964321762,5000,50603,5000,0.033735333333333332,1,0,1,0,0.036280476190476189,23.424459999999961,59.43523999999983,NORMALIZED_WAVEFORM_SNR_PS_OVER_PN,Bn_EQUALS_Rs,BCH-S300 / BLOCKAGE_H,BCH-S300|BLOCKAGE_H|#2ca02c|--|^,true,
BLOCKAGE_H,BLOCKAGE_H,BCH-S300,300,300,420,0.7142857142857143,6.6,5.13871964321762,5000,50114,4998,0.033409333333333333,0.99960000000000004,0.00040000000000000002,0.99960000000000004,0,0.035225238095238094,23.408580000000047,59.04007999999989,NORMALIZED_WAVEFORM_SNR_PS_OVER_PN,Bn_EQUALS_Rs,BCH-S300 / BLOCKAGE_H,BCH-S300|BLOCKAGE_H|#2ca02c|--|^,true,
BLOCKAGE_H,BLOCKAGE_H,BCH-S300,300,300,420,0.7142857142857143,6.8,5.33871964321762,5000,49564,5000,0.033042666666666665,1,0,1,0,0.034378571428571432,34.665459999999989,80.518840000000083,NORMALIZED_WAVEFORM_SNR_PS_OVER_PN,Bn_EQUALS_Rs,BCH-S300 / BLOCKAGE_H,BCH-S300|BLOCKAGE_H|#2ca02c|--|^,true,
BLOCKAGE_H,BLOCKAGE_H,BCH-S300,300,300,420,0.7142857142857143,7.0,5.53871964321762,5000,49230,5000,0.032820000000000002,1,0,1,0,0.033620476190476194,21.948599999999963,56.737139999999982,NORMALIZED_WAVEFORM_SNR_PS_OVER_PN,Bn_EQUALS_Rs,BCH-S300 / BLOCKAGE_H,BCH-S300|BLOCKAGE_H|#2ca02c|--|^,true,
BLOCKAGE_H,BLOCKAGE_H,BCH-S300,300,300,420,0.7142857142857143,7.2,5.73871964321762,5000,48877,5000,0.032584666666666665,1,0,1,0,0.032773333333333335,23.136780000000023,58.909839999999861,NORMALIZED_WAVEFORM_SNR_PS_OVER_PN,Bn_EQUALS_Rs,BCH-S300 / BLOCKAGE_H,BCH-S300|BLOCKAGE_H|#2ca02c|--|^,true,
BLOCKAGE_H,BLOCKAGE_H,BCH-S300,300,300,420,0.7142857142857143,7.4,5.93871964321762,5000,48418,4998,0.032278666666666664,0.99960000000000004,0.00040000000000000002,0.99960000000000004,0,0.032120476190476192,32.200160000000018,77.974580000000046,NORMALIZED_WAVEFORM_SNR_PS_OVER_PN,Bn_EQUALS_Rs,BCH-S300 / BLOCKAGE_H,BCH-S300|BLOCKAGE_H|#2ca02c|--|^,true,
BLOCKAGE_H,BLOCKAGE_H,BCH-S300,300,300,420,0.7142857142857143,7.6,6.13871964321762,5000,47699,5000,0.031799333333333332,1,0,1,0,0.03139190476190476,22.585539999999934,58.914460000000055,NORMALIZED_WAVEFORM_SNR_PS_OVER_PN,Bn_EQUALS_Rs,BCH-S300 / BLOCKAGE_H,BCH-S300|BLOCKAGE_H|#2ca02c|--|^,true,
BLOCKAGE_H,BLOCKAGE_H,BCH-S300,300,300,420,0.7142857142857143,7.8,6.33871964321762,5000,47497,5000,0.031664666666666667,1,0,1,0,0.030755714285714286,23.29554000000007,58.432020000000009,NORMALIZED_WAVEFORM_SNR_PS_OVER_PN,Bn_EQUALS_Rs,BCH-S300 / BLOCKAGE_H,BCH-S300|BLOCKAGE_H|#2ca02c|--|^,true,
BLOCKAGE_H,BLOCKAGE_H,BCH-S300,300,300,420,0.7142857142857143,8.0,6.53871964321762,5000,47410,5000,0.031606666666666665,1,0,1,0,0.030397619047619048,29.168019999999974,72.789359999999888,NORMALIZED_WAVEFORM_SNR_PS_OVER_PN,Bn_EQUALS_Rs,BCH-S300 / BLOCKAGE_H,BCH-S300|BLOCKAGE_H|#2ca02c|--|^,true,
BLOCKAGE_H,BLOCKAGE_H,BCH-S300,300,300,420,0.7142857142857143,8.2,6.738719643217619,5000,47262,5000,0.031508000000000001,1,0,1,0,0.030013809523809522,26.973359999999996,64.933119999999974,NORMALIZED_WAVEFORM_SNR_PS_OVER_PN,Bn_EQUALS_Rs,BCH-S300 / BLOCKAGE_H,BCH-S300|BLOCKAGE_H|#2ca02c|--|^,true,
BLOCKAGE_H,BLOCKAGE_H,BCH-S300,300,300,420,0.7142857142857143,8.4,6.93871964321762,5000,46514,5000,0.031009333333333333,1,0,1,0,0.029342380952380953,23.973980000000044,60.785280000000142,NORMALIZED_WAVEFORM_SNR_PS_OVER_PN,Bn_EQUALS_Rs,BCH-S300 / BLOCKAGE_H,BCH-S300|BLOCKAGE_H|#2ca02c|--|^,true,
BLOCKAGE_H,BLOCKAGE_H,BCH-S300,300,300,420,0.7142857142857143,8.6,7.13871964321762,5000,46706,5000,0.031137333333333333,1,0,1,0,0.02920952380952381,34.536040000000028,79.220200000000304,NORMALIZED_WAVEFORM_SNR_PS_OVER_PN,Bn_EQUALS_Rs,BCH-S300 / BLOCKAGE_H,BCH-S300|BLOCKAGE_H|#2ca02c|--|^,true,
BLOCKAGE_H,BLOCKAGE_H,BCH-S300,300,300,420,0.7142857142857143,8.8,7.338719643217621,5000,45915,4997,0.030609999999999998,0.99939999999999996,0.00059999999999999995,0.99939999999999996,0,0.028677142857142856,27.506140000000055,65.919800000000123,NORMALIZED_WAVEFORM_SNR_PS_OVER_PN,Bn_EQUALS_Rs,BCH-S300 / BLOCKAGE_H,BCH-S300|BLOCKAGE_H|#2ca02c|--|^,true,
BLOCKAGE_M,BLOCKAGE_M,BCH-S300,300,300,420,0.7142857142857143,5.4,3.9387196432176204,5000,23524,4796,0.015682666666666668,0.95920000000000005,0.040800000000000003,0.95920000000000005,0,0.023469047619047619,22.143820000000023,56.269319999999993,NORMALIZED_WAVEFORM_SNR_PS_OVER_PN,Bn_EQUALS_Rs,BCH-S300 / BLOCKAGE_M,BCH-S300|BLOCKAGE_M|#2ca02c|-.|^,true,
BLOCKAGE_M,BLOCKAGE_M,BCH-S300,300,300,420,0.7142857142857143,5.6,4.13871964321762,5000,22226,4738,0.014817333333333333,0.9476,0.052400000000000002,0.9476,0,0.021817142857142858,21.454540000000055,55.426460000000141,NORMALIZED_WAVEFORM_SNR_PS_OVER_PN,Bn_EQUALS_Rs,BCH-S300 / BLOCKAGE_M,BCH-S300|BLOCKAGE_M|#2ca02c|-.|^,true,
BLOCKAGE_M,BLOCKAGE_M,BCH-S300,300,300,420,0.7142857142857143,5.8,4.33871964321762,5000,21062,4711,0.014041333333333333,0.94220000000000004,0.057799999999999997,0.94220000000000004,0,0.020191428571428572,22.873300000000015,58.030239999999921,NORMALIZED_WAVEFORM_SNR_PS_OVER_PN,Bn_EQUALS_Rs,BCH-S300 / BLOCKAGE_M,BCH-S300|BLOCKAGE_M|#2ca02c|-.|^,true,
BLOCKAGE_M,BLOCKAGE_M,BCH-S300,300,300,420,0.7142857142857143,6.0,4.53871964321762,5000,19914,4663,0.013276,0.93259999999999998,0.067400000000000002,0.93259999999999998,0,0.018725238095238097,21.394400000000005,55.492200000000025,NORMALIZED_WAVEFORM_SNR_PS_OVER_PN,Bn_EQUALS_Rs,BCH-S300 / BLOCKAGE_M,BCH-S300|BLOCKAGE_M|#2ca02c|-.|^,true,
BLOCKAGE_M,BLOCKAGE_M,BCH-S300,300,300,420,0.7142857142857143,6.2,4.73871964321762,5000,19089,4642,0.012725999999999999,0.9284,0.071599999999999997,0.9284,0,0.017488095238095237,20.948520000000038,54.939819999999912,NORMALIZED_WAVEFORM_SNR_PS_OVER_PN,Bn_EQUALS_Rs,BCH-S300 / BLOCKAGE_M,BCH-S300|BLOCKAGE_M|#2ca02c|-.|^,true,
BLOCKAGE_M,BLOCKAGE_M,BCH-S300,300,300,420,0.7142857142857143,6.4,4.93871964321762,5000,18365,4619,0.012243333333333333,0.92379999999999995,0.076200000000000004,0.92379999999999995,0,0.016126666666666668,21.226659999999988,55.229140000000122,NORMALIZED_WAVEFORM_SNR_PS_OVER_PN,Bn_EQUALS_Rs,BCH-S300 / BLOCKAGE_M,BCH-S300|BLOCKAGE_M|#2ca02c|-.|^,true,
BLOCKAGE_M,BLOCKAGE_M,BCH-S300,300,300,420,0.7142857142857143,6.6,5.13871964321762,5000,17829,4565,0.011886000000000001,0.91300000000000003,0.086999999999999994,0.91300000000000003,0,0.015140000000000001,19.868460000000013,53.166699999999871,NORMALIZED_WAVEFORM_SNR_PS_OVER_PN,Bn_EQUALS_Rs,BCH-S300 / BLOCKAGE_M,BCH-S300|BLOCKAGE_M|#2ca02c|-.|^,true,
BLOCKAGE_M,BLOCKAGE_M,BCH-S300,300,300,420,0.7142857142857143,6.8,5.33871964321762,5000,17061,4522,0.011374,0.90439999999999998,0.095600000000000004,0.90439999999999998,0,0.01403047619047619,22.493020000000005,57.179740000000116,NORMALIZED_WAVEFORM_SNR_PS_OVER_PN,Bn_EQUALS_Rs,BCH-S300 / BLOCKAGE_M,BCH-S300|BLOCKAGE_M|#2ca02c|-.|^,true,
BLOCKAGE_M,BLOCKAGE_M,BCH-S300,300,300,420,0.7142857142857143,7.0,5.53871964321762,5000,16444,4459,0.010962666666666667,0.89180000000000004,0.1082,0.89180000000000004,0,0.013144285714285714,21.999160000000025,56.284800000000011,NORMALIZED_WAVEFORM_SNR_PS_OVER_PN,Bn_EQUALS_Rs,BCH-S300 / BLOCKAGE_M,BCH-S300|BLOCKAGE_M|#2ca02c|-.|^,true,
BLOCKAGE_M,BLOCKAGE_M,BCH-S300,300,300,420,0.7142857142857143,7.2,5.73871964321762,5000,15970,4424,0.010646666666666667,0.88480000000000003,0.1152,0.88480000000000003,0,0.012239999999999999,21.27999999999999,55.523460000000064,NORMALIZED_WAVEFORM_SNR_PS_OVER_PN,Bn_EQUALS_Rs,BCH-S300 / BLOCKAGE_M,BCH-S300|BLOCKAGE_M|#2ca02c|-.|^,true,
BLOCKAGE_M,BLOCKAGE_M,BCH-S300,300,300,420,0.7142857142857143,7.4,5.93871964321762,5000,15271,4341,0.010180666666666666,0.86819999999999997,0.1318,0.86819999999999997,0,0.011599047619047618,20.16482000000002,54.268559999999937,NORMALIZED_WAVEFORM_SNR_PS_OVER_PN,Bn_EQUALS_Rs,BCH-S300 / BLOCKAGE_M,BCH-S300|BLOCKAGE_M|#2ca02c|-.|^,true,
BLOCKAGE_M,BLOCKAGE_M,BCH-S300,300,300,420,0.7142857142857143,7.6,6.13871964321762,5000,15201,4327,0.010134000000000001,0.86539999999999995,0.1346,0.86539999999999995,0,0.011075714285714286,20.687019999999997,54.257959999999905,NORMALIZED_WAVEFORM_SNR_PS_OVER_PN,Bn_EQUALS_Rs,BCH-S300 / BLOCKAGE_M,BCH-S300|BLOCKAGE_M|#2ca02c|-.|^,true,
BLOCKAGE_M,BLOCKAGE_M,BCH-S300,300,300,420,0.7142857142857143,7.8,6.33871964321762,5000,14498,4247,0.0096653333333333331,0.84940000000000004,0.15060000000000001,0.84940000000000004,0,0.010323333333333334,22.144699999999979,56.82470000000005,NORMALIZED_WAVEFORM_SNR_PS_OVER_PN,Bn_EQUALS_Rs,BCH-S300 / BLOCKAGE_M,BCH-S300|BLOCKAGE_M|#2ca02c|-.|^,true,
BLOCKAGE_M,BLOCKAGE_M,BCH-S300,300,300,420,0.7142857142857143,8.0,6.53871964321762,5000,14006,4188,0.0093373333333333329,0.83760000000000001,0.16239999999999999,0.83760000000000001,0,0.009804285714285715,20.675480000000011,55.413119999999935,NORMALIZED_WAVEFORM_SNR_PS_OVER_PN,Bn_EQUALS_Rs,BCH-S300 / BLOCKAGE_M,BCH-S300|BLOCKAGE_M|#2ca02c|-.|^,true,
BLOCKAGE_M,BLOCKAGE_M,BCH-S300,300,300,420,0.7142857142857143,8.2,6.738719643217619,5000,13623,4115,0.0090819999999999998,0.82299999999999995,0.17699999999999999,0.82299999999999995,0,0.009398571428571428,21.715539999999937,56.555300000000081,NORMALIZED_WAVEFORM_SNR_PS_OVER_PN,Bn_EQUALS_Rs,BCH-S300 / BLOCKAGE_M,BCH-S300|BLOCKAGE_M|#2ca02c|-.|^,true,
BLOCKAGE_M,BLOCKAGE_M,BCH-S300,300,300,420,0.7142857142857143,8.4,6.93871964321762,5000,13356,4050,0.0089040000000000005,0.81000000000000005,0.19,0.81000000000000005,0,0.0089676190476190472,20.863379999999989,54.547980000000038,NORMALIZED_WAVEFORM_SNR_PS_OVER_PN,Bn_EQUALS_Rs,BCH-S300 / BLOCKAGE_M,BCH-S300|BLOCKAGE_M|#2ca02c|-.|^,true,
BLOCKAGE_M,BLOCKAGE_M,BCH-S300,300,300,420,0.7142857142857143,8.6,7.13871964321762,5000,12977,4028,0.0086513333333333338,0.80559999999999998,0.19439999999999999,0.80559999999999998,0,0.0085652380952380945,29.119780000000027,70.909439999999847,NORMALIZED_WAVEFORM_SNR_PS_OVER_PN,Bn_EQUALS_Rs,BCH-S300 / BLOCKAGE_M,BCH-S300|BLOCKAGE_M|#2ca02c|-.|^,true,
BLOCKAGE_M,BLOCKAGE_M,BCH-S300,300,300,420,0.7142857142857143,8.8,7.338719643217621,5000,12743,3990,0.0084953333333333339,0.79800000000000004,0.20200000000000001,0.79800000000000004,0,0.0082576190476190484,24.289980000000007,60.153339999999851,NORMALIZED_WAVEFORM_SNR_PS_OVER_PN,Bn_EQUALS_Rs,BCH-S300 / BLOCKAGE_M,BCH-S300|BLOCKAGE_M|#2ca02c|-.|^,true,
CFO_30_NO_COMPENSATION,CFO_30,BCH-S300,300,300,420,0.7142857142857143,5.4,3.9387196432176204,20000,2733812,17653,0.45563533333333334,0.88265,0.11735,0.88265,0.0,0.45960559523809524,34.185184999999926,130.00657499999997,NORMALIZED_WAVEFORM_SNR_PS_OVER_PN,Bn_EQUALS_Rs,BCH-S300 / CFO_30_NO_COMPENSATION,BCH-S300|CFO_30_NO_COMPENSATION|#2ca02c|:|^,true,
CFO_30_NO_COMPENSATION,CFO_30,BCH-S300,300,300,420,0.7142857142857143,5.6,4.13871964321762,20000,2732543,17225,0.45542383333333336,0.86125,0.13875,0.86125,0.0,0.45944809523809527,34.022210000000044,132.7234699999999,NORMALIZED_WAVEFORM_SNR_PS_OVER_PN,Bn_EQUALS_Rs,BCH-S300 / CFO_30_NO_COMPENSATION,BCH-S300|CFO_30_NO_COMPENSATION|#2ca02c|:|^,true,
CFO_30_NO_COMPENSATION,CFO_30,BCH-S300,300,300,420,0.7142857142857143,5.8,4.33871964321762,20000,2730699,16920,0.4551165,0.846,0.154,0.846,0.0,0.4594294047619047,31.240539999999978,123.78789999999995,NORMALIZED_WAVEFORM_SNR_PS_OVER_PN,Bn_EQUALS_Rs,BCH-S300 / CFO_30_NO_COMPENSATION,BCH-S300|CFO_30_NO_COMPENSATION|#2ca02c|:|^,true,
CFO_30_NO_COMPENSATION,CFO_30,BCH-S300,300,300,420,0.7142857142857143,6.0,4.53871964321762,20000,2729266,16551,0.4548776666666667,0.82755,0.17245,0.82755,0.0,0.45930666666666664,33.50317,128.2523449999999,NORMALIZED_WAVEFORM_SNR_PS_OVER_PN,Bn_EQUALS_Rs,BCH-S300 / CFO_30_NO_COMPENSATION,BCH-S300|CFO_30_NO_COMPENSATION|#2ca02c|:|^,true,
CFO_30_NO_COMPENSATION,CFO_30,BCH-S300,300,300,420,0.7142857142857143,6.2,4.73871964321762,20000,2726280,16270,0.45438,0.8135,0.1865,0.8135,0.0,0.4590557142857143,30.407380000000018,120.19805499999995,NORMALIZED_WAVEFORM_SNR_PS_OVER_PN,Bn_EQUALS_Rs,BCH-S300 / CFO_30_NO_COMPENSATION,BCH-S300|CFO_30_NO_COMPENSATION|#2ca02c|:|^,true,
CFO_30_NO_COMPENSATION,CFO_30,BCH-S300,300,300,420,0.7142857142857143,6.4,4.93871964321762,20000,2726488,16006,0.4544146666666667,0.8003,0.1997,0.8003,0.0,0.45934833333333336,27.671954999999983,112.86139999999993,NORMALIZED_WAVEFORM_SNR_PS_OVER_PN,Bn_EQUALS_Rs,BCH-S300 / CFO_30_NO_COMPENSATION,BCH-S300|CFO_30_NO_COMPENSATION|#2ca02c|:|^,true,
CFO_30_NO_COMPENSATION,CFO_30,BCH-S300,300,300,420,0.7142857142857143,6.6,5.13871964321762,20000,2726410,15726,0.45440166666666665,0.7863,0.2137,0.7863,0.0,0.4593195238095239,26.46620000000001,108.29647999999996,NORMALIZED_WAVEFORM_SNR_PS_OVER_PN,Bn_EQUALS_Rs,BCH-S300 / CFO_30_NO_COMPENSATION,BCH-S300|CFO_30_NO_COMPENSATION|#2ca02c|:|^,true,
CFO_30_NO_COMPENSATION,CFO_30,BCH-S300,300,300,420,0.7142857142857143,6.8,5.33871964321762,20000,2725076,15560,0.4541793333333333,0.778,0.222,0.778,0.0,0.45926964285714295,26.37351500000002,107.66543499999999,NORMALIZED_WAVEFORM_SNR_PS_OVER_PN,Bn_EQUALS_Rs,BCH-S300 / CFO_30_NO_COMPENSATION,BCH-S300|CFO_30_NO_COMPENSATION|#2ca02c|:|^,true,
CFO_30_NO_COMPENSATION,CFO_30,BCH-S300,300,300,420,0.7142857142857143,7.0,5.53871964321762,20000,2723636,15446,0.4539393333333333,0.7723,0.2277,0.7723,0.0,0.4593070238095239,35.6092,133.81913500000005,NORMALIZED_WAVEFORM_SNR_PS_OVER_PN,Bn_EQUALS_Rs,BCH-S300 / CFO_30_NO_COMPENSATION,BCH-S300|CFO_30_NO_COMPENSATION|#2ca02c|:|^,true,
CFO_30_NO_COMPENSATION,CFO_30,BCH-S300,300,300,420,0.7142857142857143,7.2,5.73871964321762,20000,2722267,15344,0.45371116666666667,0.7672,0.2328,0.7672,0.0,0.4592327380952382,34.19043499999999,139.25046499999982,NORMALIZED_WAVEFORM_SNR_PS_OVER_PN,Bn_EQUALS_Rs,BCH-S300 / CFO_30_NO_COMPENSATION,BCH-S300|CFO_30_NO_COMPENSATION|#2ca02c|:|^,true,
CFO_30_NO_COMPENSATION,CFO_30,BCH-S300,300,300,420,0.7142857142857143,7.4,5.93871964321762,20000,2721875,15236,0.45364583333333336,0.7618,0.2382,0.7618,0.0,0.4593070238095238,35.726549999999975,136.65970500000017,NORMALIZED_WAVEFORM_SNR_PS_OVER_PN,Bn_EQUALS_Rs,BCH-S300 / CFO_30_NO_COMPENSATION,BCH-S300|CFO_30_NO_COMPENSATION|#2ca02c|:|^,true,
CFO_30_NO_COMPENSATION,CFO_30,BCH-S300,300,300,420,0.7142857142857143,7.6,6.13871964321762,21182,2721319,15200,0.4282439492650993,0.7175904069492965,0.2824095930507034,0.7175904069492965,0.0,0.4338865883432025,36.60188839580779,137.2576763289586,NORMALIZED_WAVEFORM_SNR_PS_OVER_PN,Bn_EQUALS_Rs,BCH-S300 / CFO_30_NO_COMPENSATION,BCH-S300|CFO_30_NO_COMPENSATION|#2ca02c|:|^,true,
CFO_30_NO_COMPENSATION,CFO_30,BCH-S300,300,300,420,0.7142857142857143,7.8,6.33871964321762,23937,2721284,15200,0.37895085711102755,0.6350002088816477,0.36499979111835235,0.6350002088816477,0.0,0.38432790837854136,38.21037306262274,141.12506162008597,NORMALIZED_WAVEFORM_SNR_PS_OVER_PN,Bn_EQUALS_Rs,BCH-S300 / CFO_30_NO_COMPENSATION,BCH-S300|CFO_30_NO_COMPENSATION|#2ca02c|:|^,true,
CFO_30_NO_COMPENSATION,CFO_30,BCH-S300,300,300,420,0.7142857142857143,8.0,6.53871964321762,27181,2721276,15200,0.3337228210882602,0.559214156947868,0.44078584305213203,0.559214156947868,0.0,0.3387193610382603,29.779283322909468,119.61694566057132,NORMALIZED_WAVEFORM_SNR_PS_OVER_PN,Bn_EQUALS_Rs,BCH-S300 / CFO_30_NO_COMPENSATION,BCH-S300|CFO_30_NO_COMPENSATION|#2ca02c|:|^,true,
CFO_30_NO_COMPENSATION,CFO_30,BCH-S300,300,300,420,0.7142857142857143,8.2,6.738719643217619,30099,2721316,15200,0.30137391053966356,0.5050001661184756,0.4949998338815243,0.5050001661184756,0.0,0.30602693650635443,25.421851224293153,106.78947141101044,NORMALIZED_WAVEFORM_SNR_PS_OVER_PN,Bn_EQUALS_Rs,BCH-S300 / CFO_30_NO_COMPENSATION,BCH-S300|CFO_30_NO_COMPENSATION|#2ca02c|:|^,true,
CFO_30_NO_COMPENSATION,CFO_30,BCH-S300,300,300,420,0.7142857142857143,8.4,6.93871964321762,43873,2721503,15200,0.20677128682029192,0.34645453923825587,0.6535454607617441,0.34645453923825587,0.0,0.21039966005776414,22.027328881088582,96.24422537779482,NORMALIZED_WAVEFORM_SNR_PS_OVER_PN,Bn_EQUALS_Rs,BCH-S300 / CFO_30_NO_COMPENSATION,BCH-S300|CFO_30_NO_COMPENSATION|#2ca02c|:|^,true,
CFO_30_NO_COMPENSATION,CFO_30,BCH-S300,300,300,420,0.7142857142857143,8.6,7.13871964321762,56212,2723919,15200,0.16152654237529354,0.27040489575179677,0.7295951042482033,0.27040489575179677,0.0,0.16449029693710543,36.21131253113212,139.87041379065002,NORMALIZED_WAVEFORM_SNR_PS_OVER_PN,Bn_EQUALS_Rs,BCH-S300 / CFO_30_NO_COMPENSATION,BCH-S300|CFO_30_NO_COMPENSATION|#2ca02c|:|^,true,
CFO_30_NO_COMPENSATION,CFO_30,BCH-S300,300,300,420,0.7142857142857143,8.8,7.338719643217621,65000,2723218,15154,0.13965220512820511,0.23313846153846154,0.7668615384615385,0.23313846153846154,0.0,0.14221087912087912,34.06448000000023,136.48337076923025,NORMALIZED_WAVEFORM_SNR_PS_OVER_PN,Bn_EQUALS_Rs,BCH-S300 / CFO_30_NO_COMPENSATION,BCH-S300|CFO_30_NO_COMPENSATION|#2ca02c|:|^,true,
CFO_60_NO_COMPENSATION,CFO_60,BCH-S300,300,300,420,0.7142857142857143,5.4,3.9387196432176204,20000,3216224,19935,0.5360373333333334,0.99675,0.00325,0.99675,0.0,0.5406409523809523,37.161910000000006,139.78036000000012,NORMALIZED_WAVEFORM_SNR_PS_OVER_PN,Bn_EQUALS_Rs,BCH-S300 / CFO_60_NO_COMPENSATION,BCH-S300|CFO_60_NO_COMPENSATION|#2ca02c|-|^,true,
CFO_60_NO_COMPENSATION,CFO_60,BCH-S300,300,300,420,0.7142857142857143,5.6,4.13871964321762,20000,3214875,19911,0.5358125,0.99555,0.00445,0.99555,0.0,0.5407279761904762,30.57215000000001,120.32939000000006,NORMALIZED_WAVEFORM_SNR_PS_OVER_PN,Bn_EQUALS_Rs,BCH-S300 / CFO_60_NO_COMPENSATION,BCH-S300|CFO_60_NO_COMPENSATION|#2ca02c|-|^,true,
CFO_60_NO_COMPENSATION,CFO_60,BCH-S300,300,300,420,0.7142857142857143,5.8,4.33871964321762,20000,3214988,19855,0.5358313333333333,0.99275,0.00725,0.99275,0.0,0.5408570238095239,28.019484999999985,112.27139499999993,NORMALIZED_WAVEFORM_SNR_PS_OVER_PN,Bn_EQUALS_Rs,BCH-S300 / CFO_60_NO_COMPENSATION,BCH-S300|CFO_60_NO_COMPENSATION|#2ca02c|-|^,true,
CFO_60_NO_COMPENSATION,CFO_60,BCH-S300,300,300,420,0.7142857142857143,6.0,4.53871964321762,20000,3214216,19781,0.5357026666666667,0.98905,0.01095,0.98905,0.0,0.5409954761904762,26.510265000000018,108.10559500000002,NORMALIZED_WAVEFORM_SNR_PS_OVER_PN,Bn_EQUALS_Rs,BCH-S300 / CFO_60_NO_COMPENSATION,BCH-S300|CFO_60_NO_COMPENSATION|#2ca02c|-|^,true,
CFO_60_NO_COMPENSATION,CFO_60,BCH-S300,300,300,420,0.7142857142857143,6.2,4.73871964321762,20000,3212656,19683,0.5354426666666666,0.98415,0.01585,0.98415,0.0,0.5409815476190477,33.573549999999976,127.05254999999993,NORMALIZED_WAVEFORM_SNR_PS_OVER_PN,Bn_EQUALS_Rs,BCH-S300 / CFO_60_NO_COMPENSATION,BCH-S300|CFO_60_NO_COMPENSATION|#2ca02c|-|^,true,
CFO_60_NO_COMPENSATION,CFO_60,BCH-S300,300,300,420,0.7142857142857143,6.4,4.93871964321762,20000,3214308,19581,0.535718,0.97905,0.02095,0.97905,0.0,0.5413472619047619,28.81825,115.21870000000021,NORMALIZED_WAVEFORM_SNR_PS_OVER_PN,Bn_EQUALS_Rs,BCH-S300 / CFO_60_NO_COMPENSATION,BCH-S300|CFO_60_NO_COMPENSATION|#2ca02c|-|^,true,
CFO_60_NO_COMPENSATION,CFO_60,BCH-S300,300,300,420,0.7142857142857143,6.6,5.13871964321762,20000,3213468,19402,0.535578,0.9701,0.0299,0.9701,0.0,0.5414069047619048,24.989080000000012,103.59209000000018,NORMALIZED_WAVEFORM_SNR_PS_OVER_PN,Bn_EQUALS_Rs,BCH-S300 / CFO_60_NO_COMPENSATION,BCH-S300|CFO_60_NO_COMPENSATION|#2ca02c|-|^,true,
CFO_60_NO_COMPENSATION,CFO_60,BCH-S300,300,300,420,0.7142857142857143,6.8,5.33871964321762,20000,3213778,19265,0.5356296666666667,0.96325,0.03675,0.96325,0.0,0.5416267857142857,26.94003000000004,109.01010999999987,NORMALIZED_WAVEFORM_SNR_PS_OVER_PN,Bn_EQUALS_Rs,BCH-S300 / CFO_60_NO_COMPENSATION,BCH-S300|CFO_60_NO_COMPENSATION|#2ca02c|-|^,true,
CFO_60_NO_COMPENSATION,CFO_60,BCH-S300,300,300,420,0.7142857142857143,7.0,5.53871964321762,20000,3212740,19057,0.5354566666666667,0.95285,0.04715,0.95285,0.0,0.5416361904761905,28.902825000000036,115.73856500000011,NORMALIZED_WAVEFORM_SNR_PS_OVER_PN,Bn_EQUALS_Rs,BCH-S300 / CFO_60_NO_COMPENSATION,BCH-S300|CFO_60_NO_COMPENSATION|#2ca02c|-|^,true,
CFO_60_NO_COMPENSATION,CFO_60,BCH-S300,300,300,420,0.7142857142857143,7.2,5.73871964321762,20000,3212045,18816,0.5353408333333334,0.9408,0.0592,0.9408,0.0,0.5416985714285715,24.49969499999997,102.7414,NORMALIZED_WAVEFORM_SNR_PS_OVER_PN,Bn_EQUALS_Rs,BCH-S300 / CFO_60_NO_COMPENSATION,BCH-S300|CFO_60_NO_COMPENSATION|#2ca02c|-|^,true,
CFO_60_NO_COMPENSATION,CFO_60,BCH-S300,300,300,420,0.7142857142857143,7.4,5.93871964321762,20000,3212247,18544,0.5353745,0.9272,0.0728,0.9272,0.0,0.541854880952381,25.21503500000003,105.0058400000002,NORMALIZED_WAVEFORM_SNR_PS_OVER_PN,Bn_EQUALS_Rs,BCH-S300 / CFO_60_NO_COMPENSATION,BCH-S300|CFO_60_NO_COMPENSATION|#2ca02c|-|^,true,
CFO_60_NO_COMPENSATION,CFO_60,BCH-S300,300,300,420,0.7142857142857143,7.6,6.13871964321762,20000,3212119,18272,0.5353531666666667,0.9136,0.0864,0.9136,0.0,0.5419430952380954,27.018679999999982,109.42931999999983,NORMALIZED_WAVEFORM_SNR_PS_OVER_PN,Bn_EQUALS_Rs,BCH-S300 / CFO_60_NO_COMPENSATION,BCH-S300|CFO_60_NO_COMPENSATION|#2ca02c|-|^,true,
CFO_60_NO_COMPENSATION,CFO_60,BCH-S300,300,300,420,0.7142857142857143,7.8,6.33871964321762,20000,3212430,18002,0.535405,0.9001,0.0999,0.9001,0.0,0.5420466666666667,22.95903000000001,98.999575,NORMALIZED_WAVEFORM_SNR_PS_OVER_PN,Bn_EQUALS_Rs,BCH-S300 / CFO_60_NO_COMPENSATION,BCH-S300|CFO_60_NO_COMPENSATION|#2ca02c|-|^,true,
CFO_60_NO_COMPENSATION,CFO_60,BCH-S300,300,300,420,0.7142857142857143,8.0,6.53871964321762,20000,3211118,17648,0.5351863333333333,0.8824,0.1176,0.8824,0.0,0.5420017857142857,22.74913500000001,98.87040000000002,NORMALIZED_WAVEFORM_SNR_PS_OVER_PN,Bn_EQUALS_Rs,BCH-S300 / CFO_60_NO_COMPENSATION,BCH-S300|CFO_60_NO_COMPENSATION|#2ca02c|-|^,true,
CFO_60_NO_COMPENSATION,CFO_60,BCH-S300,300,300,420,0.7142857142857143,8.2,6.738719643217619,20000,3210853,17380,0.5351421666666667,0.869,0.131,0.869,0.0,0.5421259523809524,22.522539999999978,98.59267000000001,NORMALIZED_WAVEFORM_SNR_PS_OVER_PN,Bn_EQUALS_Rs,BCH-S300 / CFO_60_NO_COMPENSATION,BCH-S300|CFO_60_NO_COMPENSATION|#2ca02c|-|^,true,
CFO_60_NO_COMPENSATION,CFO_60,BCH-S300,300,300,420,0.7142857142857143,8.4,6.93871964321762,20000,3211837,17098,0.5353061666666666,0.8549,0.1451,0.8549,0.0,0.5422323809523809,25.085144999999983,105.78785499999984,NORMALIZED_WAVEFORM_SNR_PS_OVER_PN,Bn_EQUALS_Rs,BCH-S300 / CFO_60_NO_COMPENSATION,BCH-S300|CFO_60_NO_COMPENSATION|#2ca02c|-|^,true,
CFO_60_NO_COMPENSATION,CFO_60,BCH-S300,300,300,420,0.7142857142857143,8.6,7.13871964321762,20000,3213218,16855,0.5355363333333333,0.84275,0.15725,0.84275,0.0,0.5425986904761905,25.001334999999997,106.33184499999997,NORMALIZED_WAVEFORM_SNR_PS_OVER_PN,Bn_EQUALS_Rs,BCH-S300 / CFO_60_NO_COMPENSATION,BCH-S300|CFO_60_NO_COMPENSATION|#2ca02c|-|^,true,
CFO_60_NO_COMPENSATION,CFO_60,BCH-S300,300,300,420,0.7142857142857143,8.8,7.338719643217621,20000,3212002,16555,0.5353336666666667,0.82775,0.17225,0.82775,0.0,0.5425278571428571,24.562334999999962,104.66668499999993,NORMALIZED_WAVEFORM_SNR_PS_OVER_PN,Bn_EQUALS_Rs,BCH-S300 / CFO_60_NO_COMPENSATION,BCH-S300|CFO_60_NO_COMPENSATION|#2ca02c|-|^,true,
MULTIPATH_MMSE,FIXED_MULTIPATH_MMSE,BCH-S300,300,300,420,0.7142857142857143,8.0,6.53871964321762,5000,12449,3250,0.0082993333333333339,0.65000000000000002,0.34999999999999998,0.65000000000000002,0,0.015373809523809524,26.310979999999912,50.024820000000034,NORMALIZED_WAVEFORM_SNR_PS_OVER_PN,Bn_EQUALS_Rs,BCH-S300 / MULTIPATH_MMSE,BCH-S300|MULTIPATH_MMSE|#2ca02c|--|^,true,
MULTIPATH_MMSE,FIXED_MULTIPATH_MMSE,BCH-S300,300,300,420,0.7142857142857143,8.2,6.738719643217619,5000,11095,3021,0.0073966666666666668,0.60419999999999996,0.39579999999999999,0.60419999999999996,0,0.01400952380952381,19.916039999999985,40.367079999999966,NORMALIZED_WAVEFORM_SNR_PS_OVER_PN,Bn_EQUALS_Rs,BCH-S300 / MULTIPATH_MMSE,BCH-S300|MULTIPATH_MMSE|#2ca02c|--|^,true,
MULTIPATH_MMSE,FIXED_MULTIPATH_MMSE,BCH-S300,300,300,420,0.7142857142857143,8.4,6.93871964321762,5000,9694,2759,0.0064626666666666669,0.55179999999999996,0.44819999999999999,0.55179999999999996,0,0.012694761904761905,21.116459999999947,42.078780000000087,NORMALIZED_WAVEFORM_SNR_PS_OVER_PN,Bn_EQUALS_Rs,BCH-S300 / MULTIPATH_MMSE,BCH-S300|MULTIPATH_MMSE|#2ca02c|--|^,true,
MULTIPATH_MMSE,FIXED_MULTIPATH_MMSE,BCH-S300,300,300,420,0.7142857142857143,8.6,7.13871964321762,5000,8565,2560,0.0057099999999999998,0.51200000000000001,0.48799999999999999,0.51200000000000001,0,0.011401904761904762,20.627979999999955,41.667800000000106,NORMALIZED_WAVEFORM_SNR_PS_OVER_PN,Bn_EQUALS_Rs,BCH-S300 / MULTIPATH_MMSE,BCH-S300|MULTIPATH_MMSE|#2ca02c|--|^,true,
MULTIPATH_MMSE,FIXED_MULTIPATH_MMSE,BCH-S300,300,300,420,0.7142857142857143,8.8,7.338719643217621,5000,7506,2326,0.0050039999999999998,0.4652,0.53480000000000005,0.4652,0,0.010231904761904762,23.663819999999998,46.369440000000047,NORMALIZED_WAVEFORM_SNR_PS_OVER_PN,Bn_EQUALS_Rs,BCH-S300 / MULTIPATH_MMSE,BCH-S300|MULTIPATH_MMSE|#2ca02c|--|^,true,
MULTIPATH_MMSE,FIXED_MULTIPATH_MMSE,BCH-S300,300,300,420,0.7142857142857143,9.0,7.53871964321762,5000,6844,2166,0.0045626666666666663,0.43319999999999997,0.56679999999999997,0.43319999999999997,0,0.009395714285714285,19.033399999999919,38.89789999999995,NORMALIZED_WAVEFORM_SNR_PS_OVER_PN,Bn_EQUALS_Rs,BCH-S300 / MULTIPATH_MMSE,BCH-S300|MULTIPATH_MMSE|#2ca02c|--|^,true,
MULTIPATH_MMSE,FIXED_MULTIPATH_MMSE,BCH-S300,300,300,420,0.7142857142857143,9.2,7.738719643217619,5000,5940,1949,0.00396,0.38979999999999998,0.61019999999999996,0.38979999999999998,0,0.0083171428571428563,20.501619999999999,41.172719999999863,NORMALIZED_WAVEFORM_SNR_PS_OVER_PN,Bn_EQUALS_Rs,BCH-S300 / MULTIPATH_MMSE,BCH-S300|MULTIPATH_MMSE|#2ca02c|--|^,true,
MULTIPATH_MMSE,FIXED_MULTIPATH_MMSE,BCH-S300,300,300,420,0.7142857142857143,9.4,7.93871964321762,5000,5197,1740,0.0034646666666666667,0.34799999999999998,0.65200000000000002,0.34799999999999998,0,0.0075561904761904759,19.443900000000021,39.687220000000103,NORMALIZED_WAVEFORM_SNR_PS_OVER_PN,Bn_EQUALS_Rs,BCH-S300 / MULTIPATH_MMSE,BCH-S300|MULTIPATH_MMSE|#2ca02c|--|^,true,
MULTIPATH_MMSE,FIXED_MULTIPATH_MMSE,BCH-S300,300,300,420,0.7142857142857143,9.6,8.13871964321762,5000,4690,1589,0.0031266666666666665,0.31780000000000003,0.68220000000000003,0.31780000000000003,0,0.0067914285714285715,25.669579999999961,49.468859999999935,NORMALIZED_WAVEFORM_SNR_PS_OVER_PN,Bn_EQUALS_Rs,BCH-S300 / MULTIPATH_MMSE,BCH-S300|MULTIPATH_MMSE|#2ca02c|--|^,true,
MULTIPATH_MMSE,FIXED_MULTIPATH_MMSE,BCH-S300,300,300,420,0.7142857142857143,9.8,8.33871964321762,5000,4134,1458,0.0027560000000000002,0.29160000000000003,0.70840000000000003,0.29160000000000003,0,0.0060342857142857143,20.863199999999924,41.691860000000098,NORMALIZED_WAVEFORM_SNR_PS_OVER_PN,Bn_EQUALS_Rs,BCH-S300 / MULTIPATH_MMSE,BCH-S300|MULTIPATH_MMSE|#2ca02c|--|^,true,
MULTIPATH_MMSE,FIXED_MULTIPATH_MMSE,BCH-S300,300,300,420,0.7142857142857143,10.0,8.53871964321762,5000,3526,1246,0.0023506666666666667,0.2492,0.75080000000000002,0.2492,0,0.0053857142857142853,20.695680000000014,41.454159999999931,NORMALIZED_WAVEFORM_SNR_PS_OVER_PN,Bn_EQUALS_Rs,BCH-S300 / MULTIPATH_MMSE,BCH-S300|MULTIPATH_MMSE|#2ca02c|--|^,true,
MULTIPATH_MMSE,FIXED_MULTIPATH_MMSE,BCH-S300,300,300,420,0.7142857142857143,10.2,8.73871964321762,5000,3012,1090,0.0020079999999999998,0.218,0.78200000000000003,0.218,0,0.0047299999999999998,18.027119999999989,37.411679999999897,NORMALIZED_WAVEFORM_SNR_PS_OVER_PN,Bn_EQUALS_Rs,BCH-S300 / MULTIPATH_MMSE,BCH-S300|MULTIPATH_MMSE|#2ca02c|--|^,true,
MULTIPATH_MMSE,FIXED_MULTIPATH_MMSE,BCH-S300,300,300,420,0.7142857142857143,10.4,8.93871964321762,5000,2501,929,0.0016673333333333334,0.18579999999999999,0.81420000000000003,0.18579999999999999,0,0.0041404761904761901,20.37270000000013,41.079260000000012,NORMALIZED_WAVEFORM_SNR_PS_OVER_PN,Bn_EQUALS_Rs,BCH-S300 / MULTIPATH_MMSE,BCH-S300|MULTIPATH_MMSE|#2ca02c|--|^,true,
MULTIPATH_MMSE,FIXED_MULTIPATH_MMSE,BCH-S300,300,300,420,0.7142857142857143,10.6,9.13871964321762,5000,2232,853,0.001488,0.1706,0.82940000000000003,0.1706,0,0.0036728571428571431,23.668620000000011,46.429919999999854,NORMALIZED_WAVEFORM_SNR_PS_OVER_PN,Bn_EQUALS_Rs,BCH-S300 / MULTIPATH_MMSE,BCH-S300|MULTIPATH_MMSE|#2ca02c|--|^,true,
MULTIPATH_MMSE,FIXED_MULTIPATH_MMSE,BCH-S300,300,300,420,0.7142857142857143,10.8,9.33871964321762,5000,1925,739,0.0012833333333333334,0.14779999999999999,0.85219999999999996,0.14779999999999999,0,0.0032376190476190478,19.680640000000004,40.391899999999922,NORMALIZED_WAVEFORM_SNR_PS_OVER_PN,Bn_EQUALS_Rs,BCH-S300 / MULTIPATH_MMSE,BCH-S300|MULTIPATH_MMSE|#2ca02c|--|^,true,
MULTIPATH_MMSE,FIXED_MULTIPATH_MMSE,BCH-S300,300,300,420,0.7142857142857143,11.0,9.53871964321762,5000,1613,641,0.0010753333333333333,0.12820000000000001,0.87180000000000002,0.12820000000000001,0,0.0028233333333333335,21.385539999999978,42.187860000000065,NORMALIZED_WAVEFORM_SNR_PS_OVER_PN,Bn_EQUALS_Rs,BCH-S300 / MULTIPATH_MMSE,BCH-S300|MULTIPATH_MMSE|#2ca02c|--|^,true,
MULTIPATH_MMSE,FIXED_MULTIPATH_MMSE,BCH-S300,300,300,420,0.7142857142857143,11.2,9.73871964321762,5000,1400,556,0.00093333333333333332,0.11119999999999999,0.88880000000000003,0.11119999999999999,0,0.0024552380952380954,19.476779999999994,39.489119999999929,NORMALIZED_WAVEFORM_SNR_PS_OVER_PN,Bn_EQUALS_Rs,BCH-S300 / MULTIPATH_MMSE,BCH-S300|MULTIPATH_MMSE|#2ca02c|--|^,true,
MULTIPATH_MMSE,FIXED_MULTIPATH_MMSE,BCH-S300,300,300,420,0.7142857142857143,11.4,9.93871964321762,5000,1228,489,0.00081866666666666665,0.097799999999999998,0.9022,0.097799999999999998,0,0.0021504761904761905,18.436759999999989,37.894440000000081,NORMALIZED_WAVEFORM_SNR_PS_OVER_PN,Bn_EQUALS_Rs,BCH-S300 / MULTIPATH_MMSE,BCH-S300|MULTIPATH_MMSE|#2ca02c|--|^,true,
MULTIPATH_MMSE,FIXED_MULTIPATH_MMSE,BCH-S300,300,300,420,0.7142857142857143,11.6,10.13871964321762,5000,966,391,0.00064400000000000004,0.078200000000000006,0.92179999999999995,0.078200000000000006,0,0.0018461904761904761,27.265919999999927,52.286739999999938,NORMALIZED_WAVEFORM_SNR_PS_OVER_PN,Bn_EQUALS_Rs,BCH-S300 / MULTIPATH_MMSE,BCH-S300|MULTIPATH_MMSE|#2ca02c|--|^,true,
MULTIPATH_MMSE,FIXED_MULTIPATH_MMSE,BCH-S300,300,300,420,0.7142857142857143,11.8,10.33871964321762,5000,844,333,0.00056266666666666672,0.066600000000000006,0.93340000000000001,0.066600000000000006,0,0.0015695238095238095,19.865660000000005,40.469599999999986,NORMALIZED_WAVEFORM_SNR_PS_OVER_PN,Bn_EQUALS_Rs,BCH-S300 / MULTIPATH_MMSE,BCH-S300|MULTIPATH_MMSE|#2ca02c|--|^,true,
MULTIPATH_MMSE,FIXED_MULTIPATH_MMSE,BCH-S300,300,300,420,0.7142857142857143,12.0,10.53871964321762,5000,773,306,0.00051533333333333336,0.061199999999999997,0.93879999999999997,0.061199999999999997,0,0.0013885714285714285,19.627259999999943,39.990799999999922,NORMALIZED_WAVEFORM_SNR_PS_OVER_PN,Bn_EQUALS_Rs,BCH-S300 / MULTIPATH_MMSE,BCH-S300|MULTIPATH_MMSE|#2ca02c|--|^,true,
MULTIPATH_MMSE,FIXED_MULTIPATH_MMSE,BCH-S300,300,300,420,0.7142857142857143,12.2,10.73871964321762,5000,590,242,0.00039333333333333332,0.048399999999999999,0.9516,0.048399999999999999,0,0.0011157142857142856,18.744260000000008,38.69954000000002,NORMALIZED_WAVEFORM_SNR_PS_OVER_PN,Bn_EQUALS_Rs,BCH-S300 / MULTIPATH_MMSE,BCH-S300|MULTIPATH_MMSE|#2ca02c|--|^,true,
MULTIPATH_MMSE,FIXED_MULTIPATH_MMSE,BCH-S300,300,300,420,0.7142857142857143,12.4,10.93871964321762,5000,493,207,0.00032866666666666667,0.041399999999999999,0.95860000000000001,0.041399999999999999,0,0.0010085714285714286,19.115380000000041,39.217120000000001,NORMALIZED_WAVEFORM_SNR_PS_OVER_PN,Bn_EQUALS_Rs,BCH-S300 / MULTIPATH_MMSE,BCH-S300|MULTIPATH_MMSE|#2ca02c|--|^,true,
MULTIPATH_MMSE,FIXED_MULTIPATH_MMSE,BCH-S300,300,300,420,0.7142857142857143,12.6,11.13871964321762,5575,491,200,0.00029357249626307922,0.035874439461883408,0.9641255605381166,0.035874439461883408,0,0.0008571428571428571,20.735982062780383,41.683533632287038,NORMALIZED_WAVEFORM_SNR_PS_OVER_PN,Bn_EQUALS_Rs,BCH-S300 / MULTIPATH_MMSE,BCH-S300|MULTIPATH_MMSE|#2ca02c|--|^,true,
MULTIPATH_MMSE,FIXED_MULTIPATH_MMSE,BCH-S300,300,300,420,0.7142857142857143,12.8,11.33871964321762,6428,503,200,0.00026083800041485169,0.031113876789047916,0.96888612321095213,0.031113876789047916,0,0.00074006578362521109,20.94660858742996,42.106782825140101,NORMALIZED_WAVEFORM_SNR_PS_OVER_PN,Bn_EQUALS_Rs,BCH-S300 / MULTIPATH_MMSE,BCH-S300|MULTIPATH_MMSE|#2ca02c|--|^,true,
MULTIPATH_MMSE,FIXED_MULTIPATH_MMSE,BCH-S300,300,300,420,0.7142857142857143,13.0,11.53871964321762,7816,496,200,0.00021153190037529853,0.025588536335721598,0.97441146366427844,0.025588536335721598,0,0.00061930350441097629,19.477853121801473,40.082548618218965,NORMALIZED_WAVEFORM_SNR_PS_OVER_PN,Bn_EQUALS_Rs,BCH-S300 / MULTIPATH_MMSE,BCH-S300|MULTIPATH_MMSE|#2ca02c|--|^,true,
MULTIPATH_MMSE,FIXED_MULTIPATH_MMSE,BCH-S300,300,300,420,0.7142857142857143,13.2,11.73871964321762,10174,485,200,0.00015890177576829829,0.019657951641438961,0.98034204835856109,0.019657951641438961,0,0.00050829846387149321,21.442815018675031,43.245311578533411,NORMALIZED_WAVEFORM_SNR_PS_OVER_PN,Bn_EQUALS_Rs,BCH-S300 / MULTIPATH_MMSE,BCH-S300|MULTIPATH_MMSE|#2ca02c|--|^,true,
MULTIPATH_MMSE,FIXED_MULTIPATH_MMSE,BCH-S300,300,300,420,0.7142857142857143,13.4,11.93871964321762,12551,477,200,0.00012668313281810213,0.015934985260138635,0.98406501473986141,0.015934985260138635,0,0.00041772425646220565,18.531551270815161,38.346012269938555,NORMALIZED_WAVEFORM_SNR_PS_OVER_PN,Bn_EQUALS_Rs,BCH-S300 / MULTIPATH_MMSE,BCH-S300|MULTIPATH_MMSE|#2ca02c|--|^,true,
MULTIPATH_MMSE,FIXED_MULTIPATH_MMSE,BCH-S300,300,300,420,0.7142857142857143,13.6,12.13871964321762,14610,498,200,0.0001136208076659822,0.013689253935660506,0.98631074606433944,0.013689253935660506,0,0.00036341709853003487,19.11496919917867,39.241382614647698,NORMALIZED_WAVEFORM_SNR_PS_OVER_PN,Bn_EQUALS_Rs,BCH-S300 / MULTIPATH_MMSE,BCH-S300|MULTIPATH_MMSE|#2ca02c|--|^,true,
MULTIPATH_MMSE,FIXED_MULTIPATH_MMSE,BCH-S300,300,300,420,0.7142857142857143,13.8,12.33871964321762,16895,504,200,9.943770346256289e-05,0.011837821840781295,0.9881621781592187,0.011837821840781295,0,0.00029411350216322103,18.259852027227041,37.931056525599558,NORMALIZED_WAVEFORM_SNR_PS_OVER_PN,Bn_EQUALS_Rs,BCH-S300 / MULTIPATH_MMSE,BCH-S300|MULTIPATH_MMSE|#2ca02c|--|^,true,
MULTIPATH_MMSE,FIXED_MULTIPATH_MMSE,BCH-S300,300,300,420,0.7142857142857143,14.0,12.53871964321762,22791,495,200,7.2396998815321836e-05,0.008775393795796586,0.99122460620420338,0.008775393795796586,0,0.00024654677807238028,19.113772980562587,38.880751173708823,NORMALIZED_WAVEFORM_SNR_PS_OVER_PN,Bn_EQUALS_Rs,BCH-S300 / MULTIPATH_MMSE,BCH-S300|MULTIPATH_MMSE|#2ca02c|--|^,true,
MULTIPATH_MMSE,FIXED_MULTIPATH_MMSE,BCH-S300,300,300,420,0.7142857142857143,14.2,12.73871964321762,26972,487,200,6.0185871768253499e-05,0.007415097137772505,0.99258490286222745,0.007415097137772505,0,0.00019464629986652826,20.774269612931896,41.578136586089315,NORMALIZED_WAVEFORM_SNR_PS_OVER_PN,Bn_EQUALS_Rs,BCH-S300 / MULTIPATH_MMSE,BCH-S300|MULTIPATH_MMSE|#2ca02c|--|^,true,
MULTIPATH_MMSE,FIXED_MULTIPATH_MMSE,BCH-S300,300,300,420,0.7142857142857143,14.4,12.93871964321762,34190,488,200,4.7577264307302331e-05,0.0058496636443404505,0.99415033635565953,0.0058496636443404505,0,0.00016225852727753869,21.972073705761929,43.907823925124639,NORMALIZED_WAVEFORM_SNR_PS_OVER_PN,Bn_EQUALS_Rs,BCH-S300 / MULTIPATH_MMSE,BCH-S300|MULTIPATH_MMSE|#2ca02c|--|^,true,
MULTIPATH_MMSE,FIXED_MULTIPATH_MMSE,BCH-S300,300,300,420,0.7142857142857143,14.6,13.13871964321762,41920,472,200,3.7531806615776082e-05,0.0047709923664122139,0.99522900763358779,0.0047709923664122139,0,0.00013801799345692476,23.756600667939189,46.647607347328162,NORMALIZED_WAVEFORM_SNR_PS_OVER_PN,Bn_EQUALS_Rs,BCH-S300 / MULTIPATH_MMSE,BCH-S300|MULTIPATH_MMSE|#2ca02c|--|^,true,
MULTIPATH_MMSE,FIXED_MULTIPATH_MMSE,BCH-S300,300,300,420,0.7142857142857143,14.8,13.33871964321762,47591,481,200,3.3689843317714132e-05,0.0042024752579269192,0.99579752474207306,0.0042024752579269192,0,0.00010791356108748052,24.347717005316394,47.72139480153816,NORMALIZED_WAVEFORM_SNR_PS_OVER_PN,Bn_EQUALS_Rs,BCH-S300 / MULTIPATH_MMSE,BCH-S300|MULTIPATH_MMSE|#2ca02c|--|^,true,
MULTIPATH_MMSE,FIXED_MULTIPATH_MMSE,BCH-S300,300,300,420,0.7142857142857143,15.0,13.53871964321762,50000,414,170,2.76e-05,0.0033999999999999998,0.99660000000000004,0.0033999999999999998,0,9.0857142857142851e-05,25.106094000000098,48.809762000000163,NORMALIZED_WAVEFORM_SNR_PS_OVER_PN,Bn_EQUALS_Rs,BCH-S300 / MULTIPATH_MMSE,BCH-S300|MULTIPATH_MMSE|#2ca02c|--|^,true,
MULTIPATH_MMSE,FIXED_MULTIPATH_MMSE,BCH-S300,300,300,420,0.7142857142857143,15.2,13.73871964321762,50000,298,137,1.9866666666666667e-05,0.0027399999999999998,0.99726000000000004,0.0027399999999999998,0,7.0190476190476188e-05,23.952597999999814,46.833995999999765,NORMALIZED_WAVEFORM_SNR_PS_OVER_PN,Bn_EQUALS_Rs,BCH-S300 / MULTIPATH_MMSE,BCH-S300|MULTIPATH_MMSE|#2ca02c|--|^,true,
MULTIPATH_MMSE,FIXED_MULTIPATH_MMSE,BCH-S300,300,300,420,0.7142857142857143,15.4,13.93871964321762,50000,239,96,1.5933333333333332e-05,0.00192,0.99807999999999997,0.00192,0,5.5761904761904764e-05,22.042100000000101,43.805659999999925,NORMALIZED_WAVEFORM_SNR_PS_OVER_PN,Bn_EQUALS_Rs,BCH-S300 / MULTIPATH_MMSE,BCH-S300|MULTIPATH_MMSE|#2ca02c|--|^,true,
MULTIPATH_MMSE,FIXED_MULTIPATH_MMSE,BCH-S300,300,300,420,0.7142857142857143,15.6,14.13871964321762,50000,188,80,1.2533333333333334e-05,0.0016000000000000001,0.99839999999999995,0.0016000000000000001,0,4.5428571428571425e-05,22.874001999999894,45.183571999999693,NORMALIZED_WAVEFORM_SNR_PS_OVER_PN,Bn_EQUALS_Rs,BCH-S300 / MULTIPATH_MMSE,BCH-S300|MULTIPATH_MMSE|#2ca02c|--|^,true,
MULTIPATH_MMSE,FIXED_MULTIPATH_MMSE,BCH-S300,300,300,420,0.7142857142857143,15.8,14.33871964321762,50000,146,59,9.7333333333333339e-06,0.0011800000000000001,0.99882000000000004,0.0011800000000000001,0,3.5190476190476191e-05,25.018096000000128,48.558863999999964,NORMALIZED_WAVEFORM_SNR_PS_OVER_PN,Bn_EQUALS_Rs,BCH-S300 / MULTIPATH_MMSE,BCH-S300|MULTIPATH_MMSE|#2ca02c|--|^,true,
MULTIPATH_MMSE,FIXED_MULTIPATH_MMSE,BCH-S300,300,300,420,0.7142857142857143,16.0,14.53871964321762,50000,124,53,8.2666666666666666e-06,0.00106,0.99894000000000005,0.00106,0,2.738095238095238e-05,23.981407999999789,46.994032000000246,NORMALIZED_WAVEFORM_SNR_PS_OVER_PN,Bn_EQUALS_Rs,BCH-S300 / MULTIPATH_MMSE,BCH-S300|MULTIPATH_MMSE|#2ca02c|--|^,true,
MULTIPATH_MMSE,FIXED_MULTIPATH_MMSE,BCH-S300,300,300,420,0.7142857142857143,16.2,14.73871964321762,50000,94,43,6.2666666666666671e-06,0.00085999999999999998,0.99914000000000003,0.00085999999999999998,0,2.2285714285714287e-05,22.854993999999959,45.213643999999768,NORMALIZED_WAVEFORM_SNR_PS_OVER_PN,Bn_EQUALS_Rs,BCH-S300 / MULTIPATH_MMSE,BCH-S300|MULTIPATH_MMSE|#2ca02c|--|^,true,
MULTIPATH_MMSE,FIXED_MULTIPATH_MMSE,BCH-S300,300,300,420,0.7142857142857143,16.4,14.938719643217619,50000,51,21,3.4000000000000001e-06,0.00042000000000000002,0.99958000000000002,0.00042000000000000002,0,1.5523809523809525e-05,20.682707999999987,41.902971999999863,NORMALIZED_WAVEFORM_SNR_PS_OVER_PN,Bn_EQUALS_Rs,BCH-S300 / MULTIPATH_MMSE,BCH-S300|MULTIPATH_MMSE|#2ca02c|--|^,true,
